1.403638519527829409e+09 4.411484810700000203e+00 -1.638299318999999921e+00 5.566335472000000228e-01 5.168054265000000536e-01 7.809012394000000024e-01 -2.896911447000000139e-01 1.979506153210000008e-01
1.403638519577829361e+09 4.411722343000000102e+00 -1.638349735800000095e+00 5.565030976999999490e-01 5.168002678999999988e-01 7.809096436000000363e-01 -2.896862708999999869e-01 1.979380613429999880e-01
1.403638519627829552e+09 4.411938105099999952e+00 -1.638401669100000069e+00 5.564142754999999996e-01 5.167891426999999815e-01 7.809082410000000030e-01 -2.897143265000000079e-01 1.979315795069999939e-01
1.403638519677829266e+09 4.412085817200000371e+00 -1.638469449100000030e+00 5.563356162000000493e-01 5.167515536000000242e-01 7.809305733000000416e-01 -2.897342002000000138e-01 1.979125180469999967e-01
1.403638519727829456e+09 4.412181114500000056e+00 -1.638515761799999915e+00 5.562781838000000478e-01 5.167334657000000053e-01 7.809494261999999631e-01 -2.897339123000000072e-01 1.978857729819999967e-01
1.403638519777829409e+09 4.412226762799999591e+00 -1.638531894700000047e+00 5.562435635000000378e-01 5.167254954000000122e-01 7.809495921000000340e-01 -2.897742155999999958e-01 1.978469131710000051e-01
1.403638519827829599e+09 4.412186389300000400e+00 -1.638534375199999893e+00 5.562542470000000350e-01 5.167106432000000416e-01 7.809406892000000378e-01 -2.898228566000000117e-01 1.978495968239999958e-01
1.403638519877829313e+09 4.412200158400000127e+00 -1.638556289799999899e+00 5.562100696999999760e-01 5.166669416000000403e-01 7.809634586000000489e-01 -2.898573342999999913e-01 1.978233393580000055e-01
1.403638519927829504e+09 4.412163667699999792e+00 -1.638526672700000075e+00 5.562220406000000228e-01 5.166864442999999918e-01 7.809345941999999985e-01 -2.899032464999999892e-01 1.978190726319999926e-01
1.403638519977829456e+09 4.412129601200000195e+00 -1.638493893899999998e+00 5.562095639999999896e-01 5.166655216000000106e-01 7.809550159000000491e-01 -2.899085874999999812e-01 1.977852694630000130e-01
1.403638520027829409e+09 4.412076149099999789e+00 -1.638461665999999983e+00 5.561955235000000108e-01 5.166655796000000356e-01 7.809462002000000513e-01 -2.899559475999999858e-01 1.977504986439999890e-01
1.403638520077829361e+09 4.412032580900000056e+00 -1.638442120499999932e+00 5.561908290999999505e-01 5.166615517000000546e-01 7.809350070999999671e-01 -2.899870763999999879e-01 1.977595792379999995e-01
1.403638520127829552e+09 4.412003966500000374e+00 -1.638434578400000063e+00 5.561990169999999623e-01 5.166657331999999769e-01 7.809292264999999622e-01 -2.900106022999999755e-01 1.977369817840000099e-01
1.403638520177829266e+09 4.411968947100000094e+00 -1.638429992799999901e+00 5.562079992999999778e-01 5.166398689000000211e-01 7.809374057000000313e-01 -2.900462576999999764e-01 1.977199599220000048e-01
1.403638520227829456e+09 4.411925524099999940e+00 -1.638428829199999992e+00 5.562099064000000093e-01 5.166215626000000283e-01 7.809423638000000389e-01 -2.900673861999999992e-01 1.977172142829999868e-01
1.403638520277829409e+09 4.411902241399999980e+00 -1.638429297100000070e+00 5.562381933000000167e-01 5.166083002000000368e-01 7.809436023000000393e-01 -2.900896915000000242e-01 1.977142513379999966e-01
1.403638520327829599e+09 4.411844046399999719e+00 -1.638446286500000015e+00 5.563290931000000050e-01 5.166186210000000001e-01 7.809457101000000234e-01 -2.900665342000000035e-01 1.977129334190000087e-01
1.403638520377829313e+09 4.411922065899999801e+00 -1.638477956000000013e+00 5.562922493999999940e-01 5.166337326000000063e-01 7.809269140000000275e-01 -2.901249375000000130e-01 1.976619891159999975e-01
1.403638520427829504e+09 4.411946636899999774e+00 -1.638495299199999922e+00 5.563160634999999576e-01 5.166374179999999594e-01 7.809213101999999962e-01 -2.901194646999999960e-01 1.976825274850000091e-01
1.403638520477829456e+09 4.411949660500000370e+00 -1.638478540199999944e+00 5.563516989000000246e-01 5.166455531000000434e-01 7.809006032999999958e-01 -2.901931292000000107e-01 1.976349362400000031e-01
1.403638520527829409e+09 4.411955206300000043e+00 -1.638479372399999967e+00 5.563777481999999663e-01 5.166240299000000036e-01 7.808948820000000124e-01 -2.902333710000000178e-01 1.976547127040000074e-01
1.403638520577829361e+09 4.411890647299999912e+00 -1.638458041999999892e+00 5.564528330000000356e-01 5.166168047000000429e-01 7.808853694999999817e-01 -2.902926413999999955e-01 1.976241361839999877e-01
1.403638520627829552e+09 4.411949858599999885e+00 -1.638463146100000101e+00 5.564164152999999668e-01 5.166037640999999736e-01 7.808807508999999758e-01 -2.903215639999999764e-01 1.976339879790000031e-01
1.403638520677829266e+09 4.411935556299999561e+00 -1.638447592399999930e+00 5.564024116000000353e-01 5.165691967000000107e-01 7.809006311999999728e-01 -2.903444492999999738e-01 1.976121704390000067e-01
1.403638520727829456e+09 4.411915421999999865e+00 -1.638440120400000088e+00 5.563646056000000062e-01 5.165462027999999650e-01 7.809090497999999769e-01 -2.903858255000000277e-01 1.975782089189999924e-01
1.403638520777829409e+09 4.411924501599999715e+00 -1.638430746999999910e+00 5.563398153999999929e-01 5.165201483000000371e-01 7.809166064000000462e-01 -2.904100243000000137e-01 1.975808900980000060e-01
1.403638520827829599e+09 4.411913272599999658e+00 -1.638431463100000096e+00 5.563145850999999809e-01 5.165217261000000226e-01 7.809077819999999948e-01 -2.904635297000000005e-01 1.975329855650000133e-01
1.403638520877829313e+09 4.411918658800000337e+00 -1.638452763299999893e+00 5.562584721000000121e-01 5.165403830000000474e-01 7.809048008000000207e-01 -2.904191366000000163e-01 1.975612560370000048e-01
1.403638520927829504e+09 4.411921010700000423e+00 -1.638506075100000015e+00 5.561678937999999794e-01 5.165583116999999946e-01 7.809075443999999866e-01 -2.903774671000000085e-01 1.975647852530000026e-01
1.403638520977829456e+09 4.411949219100000263e+00 -1.638537857800000053e+00 5.561556667999999481e-01 5.165662851000000222e-01 7.809104270000000181e-01 -2.903924935000000151e-01 1.975104500079999936e-01
1.403638521027829409e+09 4.411964832799999847e+00 -1.638557226799999933e+00 5.561848557999999887e-01 5.165775532999999919e-01 7.808958221999999783e-01 -2.903800203999999940e-01 1.975570552049999984e-01
1.403638521077829361e+09 4.411984195099999617e+00 -1.638584939200000035e+00 5.560895965000000052e-01 5.165817087999999835e-01 7.809013932999999685e-01 -2.904047549000000061e-01 1.974877981270000138e-01
1.403638521127829552e+09 4.412036133299999996e+00 -1.638587401499999929e+00 5.561659150000000107e-01 5.165546237999999457e-01 7.808577792999999989e-01 -2.905520837000000189e-01 1.975143938199999949e-01
1.403638521177829266e+09 4.412048761200000335e+00 -1.638602281000000049e+00 5.562408357000000469e-01 5.165952768999999556e-01 7.808235059999999450e-01 -2.906695181000000239e-01 1.973707263039999882e-01
1.403638521227829456e+09 4.412124372900000147e+00 -1.638743171300000023e+00 5.561870151000000151e-01 5.165048263999999500e-01 7.808922554999999655e-01 -2.904884852999999878e-01 1.976018456410000013e-01
1.403638521277829409e+09 4.412223117699999975e+00 -1.638772259300000034e+00 5.562380209999999714e-01 5.165106519000000063e-01 7.809184304999999826e-01 -2.903796204999999908e-01 1.976431819389999900e-01
1.403638521327829599e+09 4.412282713299999770e+00 -1.638797378400000060e+00 5.563526704000000267e-01 5.164545181999999901e-01 7.809963408000000218e-01 -2.902471637999999854e-01 1.976765799219999953e-01
1.403638521377829313e+09 4.412271231800000137e+00 -1.638712310600000110e+00 5.563281572999999591e-01 5.165502852000000145e-01 7.809016963999999561e-01 -2.905058808000000048e-01 1.974200514199999923e-01
1.403638521427829504e+09 4.412292865400000430e+00 -1.638670274799999937e+00 5.563792875999999943e-01 5.165153693999999795e-01 7.809064242000000045e-01 -2.905745861999999846e-01 1.973915895679999866e-01
1.403638521477829456e+09 4.412298149499999766e+00 -1.638564366100000003e+00 5.564629160999999824e-01 5.164948572999999987e-01 7.809154184000000054e-01 -2.906410213999999770e-01 1.973118555239999905e-01
1.403638521527829409e+09 4.412298276799999641e+00 -1.638439658000000021e+00 5.565210533000000126e-01 5.165158644999999771e-01 7.807360392000000093e-01 -2.911766384999999735e-01 1.971769865449999881e-01
1.403638521577829361e+09 4.412203140399999945e+00 -1.638223805400000010e+00 5.566523115999999494e-01 5.168511199999999972e-01 7.804114087000000310e-01 -2.918507177999999924e-01 1.965861427850000009e-01
1.403638521627829552e+09 4.412421788399999656e+00 -1.638461964700000051e+00 5.564786215999999452e-01 5.165175163999999874e-01 7.807761251000000513e-01 -2.909099244000000195e-01 1.974074811659999873e-01
1.403638521677829266e+09 4.412357821099999633e+00 -1.638550562899999896e+00 5.563708622999999909e-01 5.165006959000000286e-01 7.808675468000000341e-01 -2.908261126999999724e-01 1.972132797989999964e-01
1.403638521727829456e+09 4.412297971100000105e+00 -1.638483827800000014e+00 5.564812974999999717e-01 5.166906273000000382e-01 7.806866992000000005e-01 -2.911572628999999912e-01 1.969429400690000109e-01
1.403638521777829409e+09 4.412474478200000050e+00 -1.638535984900000075e+00 5.562855533999999658e-01 5.165303680999999703e-01 7.807662655999999535e-01 -2.909777055000000168e-01 1.973129296910000052e-01
1.403638521827829599e+09 4.412509506800000203e+00 -1.638542392800000025e+00 5.562095059999999647e-01 5.165942312000000314e-01 7.808384010000000153e-01 -2.907951293000000104e-01 1.971293599689999954e-01
1.403638521877829313e+09 4.412608952200000267e+00 -1.638551657899999903e+00 5.561137703999999848e-01 5.167285978000000224e-01 7.807610098999999693e-01 -2.909039319999999762e-01 1.969230913039999864e-01
1.403638521927829504e+09 4.412500267200000437e+00 -1.638361417000000042e+00 5.559204944000000204e-01 5.168979081000000253e-01 7.808192675999999777e-01 -2.909127496999999729e-01 1.962335242999999896e-01
1.403638521977829456e+09 4.412618191600000017e+00 -1.637973042400000079e+00 5.557556451999999814e-01 5.177264588000000112e-01 7.809053765000000258e-01 -2.893055505000000083e-01 1.960826488179999993e-01
1.403638522027829409e+09 4.412315509499999955e+00 -1.637336703699999951e+00 5.550988441999999967e-01 5.169677580000000550e-01 7.821224561999999825e-01 -2.883135373999999862e-01 1.946897657699999951e-01
1.403638522077829361e+09 4.412233466900000067e+00 -1.637160726500000107e+00 5.556865978999999678e-01 5.148497996999999993e-01 7.836617787999999862e-01 -2.877034820000000104e-01 1.950143753180000050e-01
1.403638522127829552e+09 4.411351065299999874e+00 -1.636838371100000078e+00 5.584266492999999665e-01 5.130823855999999683e-01 7.853494935000000510e-01 -2.874097429999999953e-01 1.933087640149999953e-01
1.403638522177829266e+09 4.410400367800000332e+00 -1.635980625099999974e+00 5.643406503000000241e-01 5.143343232999999515e-01 7.852013617999999973e-01 -2.872134159999999992e-01 1.908598413560000095e-01
1.403638522227829456e+09 4.410047186899999971e+00 -1.635078711900000092e+00 5.732505875000000195e-01 5.177547853999999727e-01 7.836373779999999956e-01 -2.861796710000000243e-01 1.895880740570000111e-01
1.403638522277829409e+09 4.410069364599999986e+00 -1.633625258399999947e+00 5.855414445000000079e-01 5.228860975000000355e-01 7.812507884999999597e-01 -2.844066559999999799e-01 1.880164580529999907e-01
1.403638522327829599e+09 4.410747544200000370e+00 -1.632190468199999911e+00 6.011339311000000185e-01 5.282202892999999788e-01 7.787144959999999783e-01 -2.825743949000000255e-01 1.863833978309999972e-01
1.403638522377829313e+09 4.411558143499999751e+00 -1.631167314400000068e+00 6.192995611999999594e-01 5.317213030999999868e-01 7.773917891999999608e-01 -2.810022884000000221e-01 1.843154246639999994e-01
1.403638522427829504e+09 4.412226830399999855e+00 -1.630173523699999905e+00 6.395899302999999980e-01 5.333967130000000223e-01 7.776291388999999610e-01 -2.798598332000000188e-01 1.801647655660000014e-01
1.403638522477829456e+09 4.412855396900000393e+00 -1.629123865900000023e+00 6.611511714000000151e-01 5.334150040999999787e-01 7.788685803999999546e-01 -2.799540893999999946e-01 1.745218488040000127e-01
1.403638522527829409e+09 4.413540165599999732e+00 -1.628193425100000091e+00 6.836360210999999909e-01 5.321156740000000385e-01 7.805349929999999548e-01 -2.812440165999999797e-01 1.688781727529999888e-01
1.403638522577829361e+09 4.414191350800000357e+00 -1.626836243200000087e+00 7.066318335000000284e-01 5.320090084999999913e-01 7.814749183000000432e-01 -2.826570778999999978e-01 1.623833221010000105e-01
1.403638522627829552e+09 4.415662816800000279e+00 -1.625065174499999987e+00 7.297998191000000245e-01 5.335469938000000356e-01 7.813486687999999791e-01 -2.820364235000000219e-01 1.589884240649999947e-01
1.403638522677829266e+09 4.417750754300000082e+00 -1.622342145800000024e+00 7.530075071999999814e-01 5.366564178999999601e-01 7.804862269000000241e-01 -2.784414060000000024e-01 1.590959527830000109e-01
1.403638522727829456e+09 4.419335152300000402e+00 -1.618913438299999896e+00 7.769180399999999764e-01 5.406337549999999936e-01 7.793387063000000170e-01 -2.733612000000000264e-01 1.600624196690000056e-01
1.403638522777829409e+09 4.420686288699999800e+00 -1.615645894000000027e+00 8.021182617000000015e-01 5.456155065000000137e-01 7.774910476999999931e-01 -2.694318029000000170e-01 1.588014274569999884e-01
1.403638522827829599e+09 4.421849184800000110e+00 -1.612717864900000020e+00 8.281605437000000292e-01 5.511093056000000434e-01 7.750111559000000261e-01 -2.678271615999999744e-01 1.546119432870000088e-01
1.403638522877829313e+09 4.423164807400000065e+00 -1.609801044899999978e+00 8.554633908000000009e-01 5.567199957999999782e-01 7.716706465999999542e-01 -2.689573945000000021e-01 1.491615880730000065e-01
1.403638522927829504e+09 4.425014270900000213e+00 -1.608310144899999905e+00 8.823569592000000128e-01 5.618346642999999530e-01 7.680957067000000471e-01 -2.709192073000000200e-01 1.448225757259999913e-01
1.403638522977829456e+09 4.427650551000000156e+00 -1.607764469199999935e+00 9.073487157999999830e-01 5.657447671999999983e-01 7.651843857000000249e-01 -2.717545142000000191e-01 1.434405740609999980e-01
1.403638523027829409e+09 4.430208130199999594e+00 -1.607994413399999933e+00 9.288833348999999684e-01 5.682443095000000444e-01 7.632037497000000448e-01 -2.724962214000000160e-01 1.427033651859999919e-01
1.403638523077829361e+09 4.432787716500000030e+00 -1.608608054100000073e+00 9.460457288000000409e-01 5.693206013999999593e-01 7.623118867000000520e-01 -2.722680871000000002e-01 1.436131225760000074e-01
1.403638523127829552e+09 4.434676673200000252e+00 -1.609287865300000009e+00 9.590825175999999619e-01 5.700618049000000243e-01 7.619883774000000276e-01 -2.716245680000000107e-01 1.436083053870000070e-01
1.403638523177829266e+09 4.436551190200000327e+00 -1.611216963299999971e+00 9.665658510000000314e-01 5.704627627999999673e-01 7.614973927999999503e-01 -2.715590576999999950e-01 1.447398879690000029e-01
1.403638523227829456e+09 4.438908621500000429e+00 -1.613985304500000106e+00 9.677394822999999535e-01 5.710190016999999729e-01 7.604628677000000447e-01 -2.713247468000000162e-01 1.483792717669999983e-01
1.403638523277829409e+09 4.442054606700000186e+00 -1.616558763300000034e+00 9.618095177000000051e-01 5.712573010999999479e-01 7.591404149999999573e-01 -2.708783532999999855e-01 1.549059197840000068e-01
1.403638523327829599e+09 4.444483649000000369e+00 -1.618104804799999963e+00 9.503027067999999522e-01 5.716323644999999898e-01 7.580272568999999461e-01 -2.711322628000000234e-01 1.584878976369999970e-01
1.403638523377829313e+09 4.446243463000000062e+00 -1.619532700599999986e+00 9.343074814999999811e-01 5.714341894000000144e-01 7.578226724000000081e-01 -2.713876574999999902e-01 1.597388611780000134e-01
1.403638523427829504e+09 4.448353551200000311e+00 -1.621761076699999915e+00 9.148699282000000155e-01 5.695465731000000087e-01 7.591469032000000006e-01 -2.708294120999999999e-01 1.611338260959999935e-01
1.403638523477829456e+09 4.450181362700000420e+00 -1.625014325400000015e+00 8.932691744999999850e-01 5.654338518000000535e-01 7.622159159000000406e-01 -2.700996283000000053e-01 1.623503853359999916e-01
1.403638523527829409e+09 4.451414160299999700e+00 -1.629041930699999918e+00 8.702124731999999474e-01 5.590577951999999851e-01 7.668647600000000342e-01 -2.694672034000000216e-01 1.635855977819999918e-01
1.403638523577829361e+09 4.452396344600000333e+00 -1.633582256800000021e+00 8.463260538000000333e-01 5.513674277000000234e-01 7.724327625000000364e-01 -2.689047030999999754e-01 1.644136483089999878e-01
1.403638523627829552e+09 4.453324643400000227e+00 -1.638494799300000082e+00 8.223830968999999991e-01 5.431514722000000406e-01 7.779162942999999775e-01 -2.690638235999999739e-01 1.656423141879999894e-01
1.403638523677829266e+09 4.454002821999999640e+00 -1.643474877799999900e+00 7.989339720999999450e-01 5.366251635000000020e-01 7.823357611000000267e-01 -2.690135388000000072e-01 1.661803438649999964e-01
1.403638523727829456e+09 4.454548594000000250e+00 -1.648229871899999921e+00 7.763366487999999732e-01 5.320039152000000104e-01 7.855429317000000022e-01 -2.685149439000000249e-01 1.667149110139999890e-01
1.403638523777829409e+09 4.454656855799999704e+00 -1.650919505100000073e+00 7.447254120999999838e-01 5.291589357000000549e-01 7.876534672999999653e-01 -2.676293708999999965e-01 1.672344342139999995e-01
1.403638523827829599e+09 4.454180707399999939e+00 -1.655247200200000046e+00 7.222559067999999582e-01 5.278828960000000459e-01 7.887306888999999765e-01 -2.667362110000000008e-01 1.676166525299999932e-01
1.403638523877829313e+09 4.453738721899999753e+00 -1.660214949700000053e+00 6.998797933000000526e-01 5.272624497000000243e-01 7.891910935000000515e-01 -2.650241991000000241e-01 1.700996795589999888e-01
1.403638523927829504e+09 4.453265056000000222e+00 -1.665057397200000011e+00 6.796844234000000151e-01 5.261259609999999753e-01 7.897544966999999749e-01 -2.625320969000000115e-01 1.748033356639999980e-01
1.403638523977829456e+09 4.452204743500000284e+00 -1.669324241400000020e+00 6.628441632999999555e-01 5.241278379999999570e-01 7.912341558000000052e-01 -2.592934758000000062e-01 1.789005689170000135e-01
1.403638524027829409e+09 4.450985852399999665e+00 -1.672758912799999997e+00 6.505451721999999659e-01 5.209138097000000078e-01 7.936843158999999925e-01 -2.557962632999999930e-01 1.824343203069999919e-01
1.403638524077829361e+09 4.449652744199999788e+00 -1.675321747599999966e+00 6.445400966000000009e-01 5.170558047000000101e-01 7.969501855999999718e-01 -2.523955685000000004e-01 1.839026195229999938e-01
1.403638524127829552e+09 4.448586774899999874e+00 -1.677284661100000074e+00 6.458254089999999614e-01 5.130816548000000088e-01 8.003005431999999919e-01 -2.500561501999999936e-01 1.836795518290000040e-01
1.403638524177829266e+09 4.447707924999999562e+00 -1.678481607699999989e+00 6.547398554000000148e-01 5.104488874000000509e-01 8.028703722000000154e-01 -2.492486194999999904e-01 1.808762686239999973e-01
1.403638524227829456e+09 4.447668408400000217e+00 -1.678854034300000020e+00 6.707557232999999952e-01 5.096541848000000208e-01 8.042641479000000038e-01 -2.487896712000000066e-01 1.775260316139999905e-01
1.403638524277829409e+09 4.448628396000000151e+00 -1.678658800000000006e+00 6.919347487000000463e-01 5.108137213000000232e-01 8.041686839999999670e-01 -2.488009114999999993e-01 1.745857271800000110e-01
1.403638524327829599e+09 4.449714771100000021e+00 -1.677825689999999925e+00 7.168703222000000208e-01 5.136877676000000115e-01 8.030863217000000498e-01 -2.491300753000000034e-01 1.706207577899999939e-01
1.403638524377829313e+09 4.451366613700000308e+00 -1.676165418200000090e+00 7.439288729999999905e-01 5.176317475999999695e-01 8.010674764999999864e-01 -2.496961517999999880e-01 1.673323150380000013e-01
1.403638524427829504e+09 4.453475456899999685e+00 -1.674048646499999959e+00 7.723768907000000405e-01 5.229365155999999848e-01 7.979995209000000367e-01 -2.500207734000000070e-01 1.649962972129999927e-01
1.403638524477829456e+09 4.455783655600000337e+00 -1.671754713599999942e+00 8.013973041999999936e-01 5.290135652999999882e-01 7.942743418000000055e-01 -2.495234437000000138e-01 1.643501405299999940e-01
1.403638524527829409e+09 4.458188771699999720e+00 -1.668776674599999899e+00 8.303069052999999533e-01 5.358231502000000424e-01 7.899976576999999667e-01 -2.484438717999999935e-01 1.645384305929999957e-01
1.403638524577829361e+09 4.460701201000000005e+00 -1.665294097699999920e+00 8.582414977000000222e-01 5.420450307999999939e-01 7.854937159999999530e-01 -2.481881223999999886e-01 1.661007604489999900e-01
1.403638524627829552e+09 4.463251593499999892e+00 -1.661282061599999915e+00 8.849540243000000306e-01 5.468440950999999828e-01 7.812151320000000343e-01 -2.495004579000000000e-01 1.685644526879999938e-01
1.403638524677829266e+09 4.466027798199999843e+00 -1.657084779100000071e+00 9.200214586999999611e-01 5.496703743999999947e-01 7.775066449999999962e-01 -2.514398796000000269e-01 1.735623327580000097e-01
1.403638524727829456e+09 4.467801309999999582e+00 -1.652613179200000060e+00 9.425007601999999540e-01 5.508391339000000553e-01 7.746914250999999974e-01 -2.529354321999999766e-01 1.801474717830000016e-01
1.403638524777829409e+09 4.469617799999999974e+00 -1.648290891100000044e+00 9.622916484000000326e-01 5.508739460999999560e-01 7.721216466000000445e-01 -2.550807642999999847e-01 1.878825749989999905e-01
1.403638524827829599e+09 4.470891864100000390e+00 -1.644385212400000018e+00 9.785281457000000183e-01 5.503962532999999713e-01 7.704652936000000452e-01 -2.568881613999999813e-01 1.935346692749999875e-01
1.403638524877829313e+09 4.471137635499999874e+00 -1.640837378599999896e+00 9.920688816999999604e-01 5.515643076999999783e-01 7.697753510999999493e-01 -2.572861095000000264e-01 1.924229227410000076e-01
1.403638524927829504e+09 4.471196301099999992e+00 -1.638097933400000095e+00 1.001768848099999998e+00 5.530660474999999909e-01 7.694327362999999753e-01 -2.566629162999999880e-01 1.903033337139999892e-01
1.403638524977829456e+09 4.470782357100000048e+00 -1.636571723599999917e+00 1.006690091699999900e+00 5.553894799999999909e-01 7.691769837999999915e-01 -2.548080334999999752e-01 1.870351816449999927e-01
1.403638525027829409e+09 4.470720063699999969e+00 -1.635653513899999911e+00 1.005835274999999918e+00 5.571367431000000536e-01 7.685435698000000482e-01 -2.527834883000000255e-01 1.871895798800000121e-01
1.403638525077829361e+09 4.471064790099999797e+00 -1.634833623100000022e+00 9.985693213999999873e-01 5.578867553999999895e-01 7.678533787000000332e-01 -2.507662494999999825e-01 1.904726884019999900e-01
1.403638525127829552e+09 4.471106744300000102e+00 -1.633657565999999894e+00 9.858051089999999572e-01 5.585978235999999875e-01 7.676446502999999533e-01 -2.483543870000000098e-01 1.923805101219999980e-01
1.403638525177829266e+09 4.471149858100000429e+00 -1.632930627199999929e+00 9.687220767999999982e-01 5.586781487999999962e-01 7.680938066000000397e-01 -2.460590641000000023e-01 1.933017521879999978e-01
1.403638525227829456e+09 4.471009786999999847e+00 -1.632829829200000082e+00 9.484123639000000550e-01 5.575668628000000071e-01 7.695928996999999994e-01 -2.437828334999999902e-01 1.934318801079999983e-01
1.403638525277829409e+09 4.471271379300000071e+00 -1.632615982799999976e+00 9.242771911999999590e-01 5.549237890999999534e-01 7.723548210999999775e-01 -2.423124419999999890e-01 1.918653147190000074e-01
1.403638525327829599e+09 4.470367872199999759e+00 -1.633283092999999964e+00 8.989564572999999559e-01 5.500075381000000263e-01 7.768141954999999710e-01 -2.410798084000000119e-01 1.895572199510000000e-01
1.403638525377829313e+09 4.468554030900000029e+00 -1.634253246499999923e+00 8.731932059000000468e-01 5.436736871999999776e-01 7.825107516999999513e-01 -2.405796225999999871e-01 1.849791623029999887e-01
1.403638525427829504e+09 4.466057775900000415e+00 -1.635613345099999894e+00 8.477235629999999578e-01 5.363563769000000425e-01 7.886719380000000168e-01 -2.414816435000000094e-01 1.788994888309999864e-01
1.403638525477829456e+09 4.463058593000000407e+00 -1.637201442300000087e+00 8.233509296000000033e-01 5.293674033999999917e-01 7.947891000000000261e-01 -2.428385463000000133e-01 1.706161748530000133e-01
1.403638525527829409e+09 4.460511315099999763e+00 -1.638858982499999950e+00 8.004020584000000049e-01 5.230407194999999732e-01 7.997921830999999981e-01 -2.445322034999999894e-01 1.642098385140000061e-01
1.403638525577829361e+09 4.458577574699999602e+00 -1.640580540400000009e+00 7.789471757000000496e-01 5.182595214999999866e-01 8.032370733999999457e-01 -2.462852600999999864e-01 1.598775874339999903e-01
1.403638525627829552e+09 4.457400742899999990e+00 -1.641895193499999905e+00 7.594437193999999947e-01 5.155911926999999784e-01 8.047806935000000328e-01 -2.481815141000000002e-01 1.577963669670000013e-01
1.403638525677829266e+09 4.457537601400000327e+00 -1.642335140399999949e+00 7.331848296999999848e-01 5.144003846000000379e-01 8.049903123999999632e-01 -2.501205504999999829e-01 1.575517422830000069e-01
1.403638525727829456e+09 4.457484860300000129e+00 -1.642739716299999930e+00 7.159195914000000549e-01 5.145471888000000549e-01 8.038394248000000353e-01 -2.524522161000000153e-01 1.592207532990000118e-01
1.403638525777829409e+09 4.457320811299999797e+00 -1.642557139500000041e+00 7.007038920999999476e-01 5.161271791999999525e-01 8.015135786999999512e-01 -2.552313365000000167e-01 1.613867493629999872e-01
1.403638525827829599e+09 4.457327967600000385e+00 -1.642298528800000046e+00 6.875943163000000080e-01 5.178835665000000033e-01 7.989933529999999617e-01 -2.570784118000000174e-01 1.652783215979999887e-01
1.403638525877829313e+09 4.457749216899999922e+00 -1.642537678000000056e+00 6.765874406999999868e-01 5.194046531999999550e-01 7.965811801000000081e-01 -2.582338624000000138e-01 1.702718473660000120e-01
1.403638525927829504e+09 4.459220125799999934e+00 -1.644752329599999952e+00 6.679688015000000423e-01 5.195913524999999922e-01 7.951244602999999467e-01 -2.587581580000000159e-01 1.756306767390000134e-01
1.403638525977829456e+09 4.461983679300000283e+00 -1.649283901200000013e+00 6.621169519999999808e-01 5.187108435999999712e-01 7.948584436000000197e-01 -2.589476745000000024e-01 1.791234693050000049e-01
1.403638526027829409e+09 4.467030734599999775e+00 -1.655696906700000026e+00 6.589096252999999681e-01 5.171869421000000466e-01 7.952435280999999856e-01 -2.591921636000000251e-01 1.814519778070000089e-01
1.403638526077829361e+09 4.474363139000000267e+00 -1.663717255699999953e+00 6.579462829000000124e-01 5.149807623000000056e-01 7.956401416999999698e-01 -2.615705429999999887e-01 1.825717131679999994e-01
1.403638526127829552e+09 4.483412931400000190e+00 -1.673249361799999946e+00 6.596977322000000532e-01 5.127630619999999917e-01 7.955087283999999759e-01 -2.660881060999999992e-01 1.828579367890000029e-01
1.403638526177829266e+09 4.494114759000000348e+00 -1.684209176299999999e+00 6.635076047000000310e-01 5.112035563000000282e-01 7.947723682999999761e-01 -2.709660114999999925e-01 1.832627275210000073e-01
1.403638526227829456e+09 4.505954273300000423e+00 -1.696416192100000053e+00 6.687690080000000536e-01 5.107133785999999898e-01 7.932569274999999864e-01 -2.753604941000000195e-01 1.846398932530000092e-01
1.403638526277829409e+09 4.517545836600000086e+00 -1.709545780400000048e+00 6.759946185999999857e-01 5.114915329000000455e-01 7.907962304000000220e-01 -2.792258919999999756e-01 1.872181478130000021e-01
1.403638526327829599e+09 4.530177385600000051e+00 -1.723790822000000000e+00 6.829061116000000320e-01 5.137683057999999914e-01 7.876438851000000518e-01 -2.825604149000000009e-01 1.892586860369999957e-01
1.403638526377829313e+09 4.542674992200000261e+00 -1.739221569899999986e+00 6.903947374000000137e-01 5.165733978000000004e-01 7.839310078000000237e-01 -2.860750528000000070e-01 1.917424412859999872e-01
1.403638526427829504e+09 4.556081883700000112e+00 -1.755871230399999927e+00 6.972476139000000073e-01 5.197497160999999810e-01 7.797546458999999874e-01 -2.900609207000000023e-01 1.941844154509999865e-01
1.403638526477829456e+09 4.569888418099999683e+00 -1.773384585899999921e+00 7.037418922999999493e-01 5.230958962999999740e-01 7.753322732999999856e-01 -2.948520934000000149e-01 1.956854424360000011e-01
1.403638526527829409e+09 4.585075123000000197e+00 -1.792440381400000060e+00 7.091226784999999921e-01 5.262494436000000331e-01 7.709286499999999931e-01 -2.994263258000000039e-01 1.976724947719999959e-01
1.403638526577829361e+09 4.601634622499999772e+00 -1.813047058800000055e+00 7.136265134000000510e-01 5.296176187000000146e-01 7.665037511000000192e-01 -3.035022680000000195e-01 1.996585855770000029e-01
1.403638526627829552e+09 4.619578973500000352e+00 -1.835241023500000068e+00 7.174836076999999701e-01 5.325858219000000338e-01 7.623408388000000313e-01 -3.067223613999999765e-01 2.027564571359999901e-01
1.403638526677829266e+09 4.638351462300000172e+00 -1.859126477700000057e+00 7.207163722999999633e-01 5.346307486000000386e-01 7.587481519000000008e-01 -3.096785625999999847e-01 2.063259374059999984e-01
1.403638526727829456e+09 4.657599625499999618e+00 -1.884448738299999926e+00 7.234077694999999641e-01 5.357171413000000326e-01 7.559689305000000248e-01 -3.121921521000000088e-01 2.098908781640000110e-01
1.403638526777829409e+09 4.677874603500000283e+00 -1.911128829499999959e+00 7.252675211000000344e-01 5.353672335000000393e-01 7.539423830999999465e-01 -3.137326188999999821e-01 2.156957396049999920e-01
1.403638526827829599e+09 4.698070796899999735e+00 -1.938163131000000039e+00 7.264578388000000331e-01 5.345196322999999916e-01 7.525953665000000292e-01 -3.148626096000000096e-01 2.207951858649999932e-01
1.403638526877829313e+09 4.717561919799999615e+00 -1.965316016500000096e+00 7.274472113000000073e-01 5.331395045000000277e-01 7.521406411000000070e-01 -3.164090500999999778e-01 2.234547781410000100e-01
1.403638526927829504e+09 4.736445299399999698e+00 -1.992082515399999920e+00 7.283129761000000091e-01 5.308753882000000202e-01 7.523193971999999619e-01 -3.190382923999999787e-01 2.245025939299999940e-01
1.403638526977829456e+09 4.755323049000000246e+00 -2.018253787799999976e+00 7.289338032000000078e-01 5.269494165000000452e-01 7.528362027999999651e-01 -3.233316385000000182e-01 2.258730079269999913e-01
1.403638527027829409e+09 4.774056751799999887e+00 -2.043130287699999936e+00 7.298041305000000367e-01 5.220508342999999885e-01 7.529778357999999949e-01 -3.295757849000000017e-01 2.277435121849999966e-01
1.403638527077829361e+09 4.792411532200000046e+00 -2.066664792800000150e+00 7.309944131000000178e-01 5.167774323999999586e-01 7.524876069000000500e-01 -3.370045465000000018e-01 2.305025435249999921e-01
1.403638527127829552e+09 4.810646913800000313e+00 -2.089099122499999961e+00 7.327416071000000253e-01 5.125133764000000536e-01 7.511347197000000087e-01 -3.446913110000000002e-01 2.330548690739999984e-01
1.403638527177829266e+09 4.827927652999999708e+00 -2.109357961200000187e+00 7.350386441999999798e-01 5.095710197999999691e-01 7.488291833000000342e-01 -3.517172101000000106e-01 2.364048098779999996e-01
1.403638527227829456e+09 4.844219489600000372e+00 -2.127010637200000165e+00 7.375693534999999690e-01 5.079902040999999535e-01 7.453956478000000052e-01 -3.581819618000000038e-01 2.409086195629999982e-01
1.403638527277829409e+09 4.859350416799999905e+00 -2.141610273499999995e+00 7.401407567000000132e-01 5.068919492000000249e-01 7.412136744999999749e-01 -3.635485466999999749e-01 2.479824485329999995e-01
1.403638527327829599e+09 4.872383755799999605e+00 -2.152461059999999815e+00 7.423750037999999885e-01 5.062146226000000526e-01 7.370121407999999930e-01 -3.674238280000000079e-01 2.560460717220000015e-01
1.403638527377829313e+09 4.882382237299999872e+00 -2.159361425400000201e+00 7.442781767999999687e-01 5.056524256000000106e-01 7.332385805000000145e-01 -3.699302913999999998e-01 2.642506160279999849e-01
1.403638527427829504e+09 4.889789665300000365e+00 -2.162357795800000204e+00 7.454741595999999637e-01 5.053101234000000330e-01 7.301877185999999798e-01 -3.716663403000000088e-01 2.708352013859999796e-01
1.403638527477829456e+09 4.893472235599999998e+00 -2.161235548500000103e+00 7.463935607999999666e-01 5.049947872000000171e-01 7.282008384999999473e-01 -3.727746929999999903e-01 2.752141566030000264e-01
1.403638527527829409e+09 4.894077353900000205e+00 -2.155545528399999800e+00 7.466480317000000477e-01 5.046092442999999816e-01 7.272160653999999447e-01 -3.734452151000000053e-01 2.776057926239999807e-01
1.403638527577829361e+09 4.891247183199999959e+00 -2.145701374000000161e+00 7.465038893000000009e-01 5.042748956000000504e-01 7.270650244999999900e-01 -3.736627328000000081e-01 2.783153640059999878e-01
1.403638527627829552e+09 4.885244227700000330e+00 -2.132009619499999786e+00 7.458702881000000007e-01 5.043064001000000518e-01 7.275512360000000456e-01 -3.729240933999999896e-01 2.779781903369999974e-01
1.403638527677829266e+09 4.876489268500000307e+00 -2.114947407999999918e+00 7.446778095999999625e-01 5.049621976999999484e-01 7.286938066000000491e-01 -3.705793419000000255e-01 2.769286307030000005e-01
1.403638527727829456e+09 4.865936936199999785e+00 -2.094939710599999838e+00 7.434322008000000537e-01 5.058327045999999605e-01 7.303912702999999507e-01 -3.672404967999999825e-01 2.753112506529999948e-01
1.403638527777829409e+09 4.854066190500000211e+00 -2.072705496999999841e+00 7.426587144999999834e-01 5.066490819000000201e-01 7.324242345999999459e-01 -3.645072782000000067e-01 2.720218602360000015e-01
1.403638527827829599e+09 4.840502620299999670e+00 -2.049234133300000149e+00 7.430622647000000303e-01 5.076861879999999827e-01 7.347412832999999921e-01 -3.628866070000000277e-01 2.659385109549999848e-01
1.403638527877829313e+09 4.825127982099999713e+00 -2.024010134900000146e+00 7.444432806999999874e-01 5.093130933999999721e-01 7.370241172000000507e-01 -3.613583014000000260e-01 2.584875269599999914e-01
1.403638527927829504e+09 4.809036037800000329e+00 -1.998433155300000097e+00 7.463778580000000051e-01 5.111556694000000123e-01 7.385648817000000088e-01 -3.598231264000000262e-01 2.525254737479999956e-01
1.403638527977829456e+09 4.792498125799999897e+00 -1.972609751100000031e+00 7.484060429000000125e-01 5.130397518000000545e-01 7.394069993999999868e-01 -3.574669286000000112e-01 2.495694237559999973e-01
1.403638528027829409e+09 4.775520880700000248e+00 -1.946352392100000106e+00 7.499383643999999460e-01 5.152978030999999515e-01 7.399728497999999988e-01 -3.541514327999999989e-01 2.479619291469999931e-01
1.403638528077829361e+09 4.758041007600000150e+00 -1.920221539599999971e+00 7.505979872000000386e-01 5.182429441000000470e-01 7.406170658999999823e-01 -3.505663925999999986e-01 2.449771765500000087e-01
1.403638528127829552e+09 4.740028249099999869e+00 -1.894114448699999897e+00 7.503353966000000375e-01 5.207624843000000503e-01 7.419146516000000302e-01 -3.467628620000000050e-01 2.410904440670000037e-01
1.403638528177829266e+09 4.723552363599999637e+00 -1.868593691400000090e+00 7.489899693999999553e-01 5.224309402000000269e-01 7.439008637999999785e-01 -3.428576649000000254e-01 2.369093480089999870e-01
1.403638528227829456e+09 4.709170135499999965e+00 -1.842808860099999890e+00 7.470074142000000528e-01 5.242100446999999885e-01 7.463634255000000106e-01 -3.385773224999999997e-01 2.313241511720000032e-01
1.403638528277829409e+09 4.698022051699999757e+00 -1.816813884299999904e+00 7.443646971999999806e-01 5.261946924000000525e-01 7.488404754999999913e-01 -3.338711395999999776e-01 2.255818033939999967e-01
1.403638528327829599e+09 4.690371912099999818e+00 -1.791346203200000042e+00 7.411526907000000053e-01 5.279308799999999913e-01 7.506828221000000356e-01 -3.296370726000000251e-01 2.215935174289999920e-01
1.403638528377829313e+09 4.686127711300000165e+00 -1.766900843900000018e+00 7.376605523999999470e-01 5.298628744000000168e-01 7.511943081999999938e-01 -3.265268473999999865e-01 2.198469092650000012e-01
1.403638528427829504e+09 4.685202783300000284e+00 -1.743351555500000094e+00 7.339962477000000485e-01 5.307407578999999709e-01 7.511833636000000425e-01 -3.243397427999999971e-01 2.210012067050000084e-01
1.403638528477829456e+09 4.686696405800000242e+00 -1.720499196000000008e+00 7.305421114000000271e-01 5.304537776000000093e-01 7.514403753999999713e-01 -3.233833394999999777e-01 2.222146886709999991e-01
1.403638528527829409e+09 4.690055815700000075e+00 -1.698630381000000078e+00 7.275332289000000507e-01 5.289672278000000505e-01 7.516139251000000243e-01 -3.248981053000000174e-01 2.229605362300000060e-01
1.403638528577829361e+09 4.694682862399999657e+00 -1.677572446299999909e+00 7.251070774000000219e-01 5.269986062000000526e-01 7.515023119000000529e-01 -3.283753509999999820e-01 2.229044036379999871e-01
1.403638528627829552e+09 4.701335170700000177e+00 -1.657115704600000017e+00 7.228707367000000161e-01 5.256402169999999652e-01 7.508558494999999500e-01 -3.327948687999999766e-01 2.217327916930000031e-01
1.403638528677829266e+09 4.708657002799999880e+00 -1.638194186900000071e+00 7.216835213000000193e-01 5.250757020999999858e-01 7.498724555000000347e-01 -3.361181113999999748e-01 2.213852360259999930e-01
1.403638528727829456e+09 4.716614683799999597e+00 -1.621455044800000023e+00 7.210808211000000467e-01 5.243224847999999882e-01 7.486859676999999547e-01 -3.383501257000000040e-01 2.237732025760000021e-01
1.403638528777829409e+09 4.724189168099999669e+00 -1.607484048999999970e+00 7.215754332999999576e-01 5.238557031999999669e-01 7.470446306000000369e-01 -3.407394316999999839e-01 2.267072159659999919e-01
1.403638528827829599e+09 4.729608489900000379e+00 -1.596937270199999981e+00 7.235102660000000130e-01 5.244976768000000344e-01 7.453090781000000220e-01 -3.438215967000000095e-01 2.262814063970000067e-01
1.403638528877829313e+09 4.732662548300000438e+00 -1.589610126499999998e+00 7.268987945999999534e-01 5.258922829000000077e-01 7.433283786000000060e-01 -3.475770621000000005e-01 2.238088789050000083e-01
1.403638528927829504e+09 4.733013709099999744e+00 -1.585700895100000007e+00 7.320626608000000424e-01 5.271307025000000479e-01 7.416159065999999855e-01 -3.510898868999999811e-01 2.210768211930000116e-01
1.403638528977829456e+09 4.730068803400000021e+00 -1.584965567400000053e+00 7.392560478999999907e-01 5.279990224999999704e-01 7.406800931000000476e-01 -3.538849834000000194e-01 2.176590234050000128e-01
1.403638529027829409e+09 4.723596235699999646e+00 -1.587198012300000016e+00 7.470924412999999653e-01 5.277561340999999961e-01 7.405657020000000479e-01 -3.555635483999999846e-01 2.158945738789999902e-01
1.403638529077829361e+09 4.714088455399999766e+00 -1.591281993700000008e+00 7.542943800000000421e-01 5.261843247999999917e-01 7.409000356999999592e-01 -3.555201190000000233e-01 2.186381448820000073e-01
1.403638529127829552e+09 4.701896079600000000e+00 -1.596344608399999920e+00 7.595067833999999962e-01 5.230891048000000376e-01 7.422264976000000347e-01 -3.527464853999999761e-01 2.259370082319999973e-01
1.403638529177829266e+09 4.686924945500000383e+00 -1.602134679800000017e+00 7.623220177999999736e-01 5.192410978999999482e-01 7.439290683000000515e-01 -3.493259702000000022e-01 2.343706255749999912e-01
1.403638529227829456e+09 4.669611591999999867e+00 -1.608504437199999915e+00 7.628723845999999531e-01 5.160262227999999896e-01 7.456991627000000289e-01 -3.463880408000000188e-01 2.401354229300000087e-01
1.403638529277829409e+09 4.650915090699999865e+00 -1.615355063600000030e+00 7.614800202000000517e-01 5.125434817999999781e-01 7.476351249999999560e-01 -3.443167851999999751e-01 2.445134977639999985e-01
1.403638529327829599e+09 4.631394798199999663e+00 -1.622590986999999929e+00 7.580364309999999550e-01 5.088403311000000429e-01 7.503852495999999705e-01 -3.427886179999999894e-01 2.459663756940000112e-01
1.403638529377829313e+09 4.611629800800000289e+00 -1.630561033100000001e+00 7.521989975999999745e-01 5.040377730999999750e-01 7.540088721000000049e-01 -3.420156373000000083e-01 2.458492383139999904e-01
1.403638529427829504e+09 4.592859456500000270e+00 -1.637682078999999957e+00 7.438496905000000492e-01 4.977892032999999827e-01 7.588021983999999609e-01 -3.419793836000000198e-01 2.438754476470000043e-01
1.403638529477829456e+09 4.575493634199999882e+00 -1.643959908300000050e+00 7.338064453999999515e-01 4.906726772000000181e-01 7.642891451000000114e-01 -3.431614492000000238e-01 2.394632462279999985e-01
1.403638529527829409e+09 4.559829427100000387e+00 -1.649845106699999953e+00 7.225884843000000002e-01 4.834735756999999912e-01 7.699189922000000408e-01 -3.441700871000000217e-01 2.345740781460000091e-01
1.403638529577829361e+09 4.546444487499999632e+00 -1.655141497500000058e+00 7.105767779999999645e-01 4.769426124000000211e-01 7.748393006999999555e-01 -3.440002570999999842e-01 2.319776403849999891e-01
1.403638529627829552e+09 4.534940977699999820e+00 -1.659170728000000095e+00 6.982229866000000396e-01 4.723245341999999791e-01 7.780395731000000481e-01 -3.435276409999999947e-01 2.314145996159999996e-01
1.403638529677829266e+09 4.524899415500000188e+00 -1.661871573500000032e+00 6.862140104999999712e-01 4.706987428000000140e-01 7.794546922999999738e-01 -3.426303404000000108e-01 2.312953220060000037e-01
1.403638529727829456e+09 4.516202500400000375e+00 -1.663169590699999922e+00 6.746514985999999547e-01 4.724210489999999818e-01 7.788030415000000151e-01 -3.416599253000000003e-01 2.314144991930000006e-01
1.403638529777829409e+09 4.509179463799999787e+00 -1.663442193999999930e+00 6.635521962999999523e-01 4.763032569999999799e-01 7.763059143999999634e-01 -3.408614001999999976e-01 2.330189701120000123e-01
1.403638529827829599e+09 4.503055630899999606e+00 -1.662789050500000032e+00 6.530576098999999468e-01 4.818371582000000042e-01 7.728542117000000156e-01 -3.403774034000000004e-01 2.338216063970000036e-01
1.403638529877829313e+09 4.498242385400000209e+00 -1.661947884299999956e+00 6.434374015999999585e-01 4.861350784999999841e-01 7.698810793999999458e-01 -3.397642976999999953e-01 2.356184013250000042e-01
1.403638529927829504e+09 4.495116434899999902e+00 -1.660490672799999956e+00 6.351529366999999482e-01 4.889701711000000173e-01 7.680668169000000045e-01 -3.390990615000000208e-01 2.366291676310000036e-01
1.403638529977829456e+09 4.494103353299999881e+00 -1.658392545199999901e+00 6.280298912999999761e-01 4.900248300999999751e-01 7.673370963000000211e-01 -3.390732187000000120e-01 2.368518500829999984e-01
1.403638530027829409e+09 4.495139862800000330e+00 -1.655242956499999973e+00 6.216521227000000316e-01 4.892134140000000131e-01 7.676083962999999954e-01 -3.392668629000000213e-01 2.373722420340000083e-01
1.403638530077829361e+09 4.497172911299999853e+00 -1.651506688600000050e+00 6.159169441999999828e-01 4.876826314000000107e-01 7.683978701000000466e-01 -3.400846484999999753e-01 2.367969512360000028e-01
1.403638530127829552e+09 4.500726584099999705e+00 -1.647140526999999910e+00 6.104479233999999810e-01 4.858229018999999926e-01 7.687651290000000470e-01 -3.421200670999999804e-01 2.364955478780000064e-01
1.403638530177829266e+09 4.505241246299999780e+00 -1.642368482700000021e+00 6.052799117999999590e-01 4.844261798000000230e-01 7.683084354000000449e-01 -3.448627911000000101e-01 2.368608869380000037e-01
1.403638530227829456e+09 4.510651728400000060e+00 -1.637148515600000076e+00 6.000218151999999749e-01 4.836478896999999999e-01 7.670516156000000141e-01 -3.477934764000000234e-01 2.382356724190000108e-01
1.403638530277829409e+09 4.516411443400000003e+00 -1.632180679500000009e+00 5.948185468000000142e-01 4.835857136999999750e-01 7.656261433000000061e-01 -3.504238539000000263e-01 2.390911724279999873e-01
1.403638530327829599e+09 4.521844734800000154e+00 -1.628019909899999895e+00 5.896162178999999615e-01 4.835532203999999834e-01 7.641850358999999759e-01 -3.532434865999999896e-01 2.396175141989999868e-01
1.403638530377829313e+09 4.528011076500000343e+00 -1.624180035800000033e+00 5.845631955000000213e-01 4.828790105999999915e-01 7.630508757999999725e-01 -3.551520408000000129e-01 2.417607289339999965e-01
1.403638530427829504e+09 4.533845284399999898e+00 -1.620524523700000108e+00 5.802426659999999625e-01 4.824818600999999929e-01 7.621212192999999857e-01 -3.568727506000000105e-01 2.429492574279999983e-01
1.403638530477829456e+09 4.539073079499999608e+00 -1.617379244299999907e+00 5.767125776000000537e-01 4.826301572999999734e-01 7.613630547999999942e-01 -3.588081785000000190e-01 2.421799353200000116e-01
1.403638530527829409e+09 4.543798557399999716e+00 -1.615124392800000086e+00 5.737373530999999582e-01 4.832823394999999911e-01 7.605382871000000433e-01 -3.605667332999999974e-01 2.408554026309999985e-01
1.403638530577829361e+09 4.548233886600000275e+00 -1.613840997600000104e+00 5.707810660000000036e-01 4.825224932000000133e-01 7.601142817999999579e-01 -3.620294090999999770e-01 2.415223158239999945e-01
1.403638530627829552e+09 4.551728311799999815e+00 -1.612953918499999917e+00 5.678866228000000183e-01 4.804297209999999763e-01 7.607487260999999945e-01 -3.633942419999999784e-01 2.416470232240000016e-01
1.403638530677829266e+09 4.554665032099999955e+00 -1.612450097400000004e+00 5.649033247000000424e-01 4.773864796000000243e-01 7.620445365000000360e-01 -3.651783002999999805e-01 2.409047164620000125e-01
1.403638530727829456e+09 4.557036474500000267e+00 -1.611797064699999948e+00 5.618075707999999890e-01 4.743930781999999846e-01 7.635140885000000210e-01 -3.668185471000000031e-01 2.396697678299999912e-01
1.403638530777829409e+09 4.559231035799999887e+00 -1.611375704200000092e+00 5.586694317000000520e-01 4.720824001999999742e-01 7.646336068000000319e-01 -3.678736101999999786e-01 2.390453131109999962e-01
1.403638530827829599e+09 4.561156532300000066e+00 -1.610897695800000085e+00 5.557766476000000067e-01 4.712454199000000177e-01 7.652050204000000466e-01 -3.681478716000000095e-01 2.384453302629999938e-01
1.403638530877829313e+09 4.562439531299999906e+00 -1.610373045000000003e+00 5.536226376999999754e-01 4.719866716000000184e-01 7.654457783000000459e-01 -3.676045579000000174e-01 2.370405687330000011e-01
1.403638530927829504e+09 4.563583166799999979e+00 -1.609858894800000106e+00 5.519151047999999449e-01 4.736450852999999905e-01 7.646432559000000406e-01 -3.672823497000000104e-01 2.368220849169999920e-01
1.403638530977829456e+09 4.564436874200000105e+00 -1.609284880199999934e+00 5.504745697999999798e-01 4.757899331000000065e-01 7.633694422000000257e-01 -3.669112563999999965e-01 2.372070071590000051e-01
1.403638531027829409e+09 4.564890029699999907e+00 -1.608685345899999897e+00 5.490347179000000244e-01 4.782679213000000096e-01 7.622462624000000408e-01 -3.661451287999999971e-01 2.370193569100000064e-01
1.403638531077829361e+09 4.565082349099999881e+00 -1.608508625100000033e+00 5.481117827000000498e-01 4.807093241000000017e-01 7.606171858000000396e-01 -3.644628965999999748e-01 2.398892233400000129e-01
1.403638531127829552e+09 4.564423071900000295e+00 -1.607911524599999975e+00 5.483304261000000457e-01 4.828060326999999985e-01 7.593201135999999574e-01 -3.635290030000000172e-01 2.412010862060000038e-01
1.403638531177829266e+09 4.564152725499999619e+00 -1.607111581000000067e+00 5.483411567999999514e-01 4.838445217999999826e-01 7.593071733999999795e-01 -3.617789436000000136e-01 2.417914206429999935e-01
1.403638531227829456e+09 4.564031560300000123e+00 -1.606611726899999981e+00 5.471954732999999571e-01 4.827405316999999751e-01 7.599933617999999891e-01 -3.607735598999999849e-01 2.433394903230000073e-01
1.403638531277829409e+09 4.563727512399999853e+00 -1.605948324299999896e+00 5.465113947999999944e-01 4.845946336999999993e-01 7.586367124999999767e-01 -3.600424046999999850e-01 2.449649899230000039e-01
1.403638531327829599e+09 4.563228837599999643e+00 -1.605312959099999937e+00 5.461085194000000476e-01 4.876636878000000230e-01 7.564730290000000190e-01 -3.597200648000000167e-01 2.460369058090000061e-01
1.403638531377829313e+09 4.562840836100000352e+00 -1.605339156399999911e+00 5.457392789999999660e-01 4.865218142000000134e-01 7.573323437000000213e-01 -3.597817678999999935e-01 2.455632811160000095e-01
1.403638531427829504e+09 4.562949225799999731e+00 -1.605655929100000101e+00 5.454695643000000427e-01 4.863938997000000208e-01 7.573855248999999956e-01 -3.594090588000000142e-01 2.461976226750000052e-01
1.403638531477829456e+09 4.562780094599999892e+00 -1.605834838700000100e+00 5.455391018999999897e-01 4.879959488000000234e-01 7.562082936999999783e-01 -3.597330568000000062e-01 2.461729031919999977e-01
1.403638531527829409e+09 4.562503432099999756e+00 -1.606031364199999922e+00 5.452535559000000198e-01 4.877705449999999998e-01 7.564613801999999776e-01 -3.595540221999999897e-01 2.461035977369999961e-01
1.403638531577829361e+09 4.562432108600000369e+00 -1.606236087599999918e+00 5.450512674999999918e-01 4.874447619999999759e-01 7.568911514999999701e-01 -3.587925338999999880e-01 2.465386507850000075e-01
1.403638531627829552e+09 4.562295647300000034e+00 -1.606253487100000044e+00 5.449884121000000414e-01 4.874892182000000185e-01 7.569653946000000078e-01 -3.586200380999999826e-01 2.464737750819999962e-01
1.403638531677829266e+09 4.561991072199999664e+00 -1.606091673799999953e+00 5.450307775999999604e-01 4.875899043999999960e-01 7.567751166999999723e-01 -3.593766694000000150e-01 2.457558082500000129e-01
1.403638531727829456e+09 4.562145963999999942e+00 -1.606226372300000094e+00 5.450229184999999532e-01 4.873327954000000184e-01 7.568931048999999467e-01 -3.591061631999999948e-01 2.462972551010000066e-01
1.403638531777829409e+09 4.562152747299999866e+00 -1.606060183399999897e+00 5.451192298999999464e-01 4.875512424999999816e-01 7.567097125999999729e-01 -3.594084971000000017e-01 2.459872538389999974e-01
1.403638531827829599e+09 4.562170968700000273e+00 -1.606231004599999901e+00 5.450678584999999465e-01 4.873831896999999969e-01 7.568364347999999575e-01 -3.592279425000000082e-01 2.461940751270000061e-01
1.403638531877829313e+09 4.562091320100000402e+00 -1.606223008900000027e+00 5.450827798999999807e-01 4.874634127999999955e-01 7.567745352000000425e-01 -3.593218750000000128e-01 2.460884276779999880e-01
1.403638531927829504e+09 4.562160975700000343e+00 -1.606250149899999924e+00 5.451163803999999891e-01 4.874918375000000248e-01 7.567269072000000207e-01 -3.593928844000000011e-01 2.460748888879999985e-01
1.403638531977829456e+09 4.562258799300000334e+00 -1.606285114100000078e+00 5.451359602999999998e-01 4.873814324999999892e-01 7.567694389000000355e-01 -3.593425050999999870e-01 2.462363084689999926e-01
1.403638532027829409e+09 4.562139516300000253e+00 -1.606226184000000057e+00 5.450891114000000481e-01 4.875577495000000261e-01 7.566550979999999704e-01 -3.595201881000000266e-01 2.459791411249999948e-01
1.403638532077829361e+09 4.562306323499999650e+00 -1.606278247099999890e+00 5.450500263999999984e-01 4.873292270999999842e-01 7.568074030000000452e-01 -3.592426156999999898e-01 2.463686715229999880e-01
1.403638532127829552e+09 4.562259711100000281e+00 -1.606137667799999891e+00 5.451141487999999757e-01 4.875543327999999899e-01 7.566304723000000232e-01 -3.596047413999999831e-01 2.459380630590000116e-01
1.403638532177829266e+09 4.562319198900000039e+00 -1.606284524399999913e+00 5.449933587999999940e-01 4.873667662000000234e-01 7.567721456999999541e-01 -3.593048543999999844e-01 2.463119491709999942e-01
1.403638532227829456e+09 4.562220153400000200e+00 -1.606235894499999928e+00 5.449855041000000178e-01 4.874517335999999923e-01 7.566904532999999544e-01 -3.595070172000000008e-01 2.460997153339999910e-01
1.403638532277829409e+09 4.562303494700000073e+00 -1.606213078499999947e+00 5.450100061999999523e-01 4.874062950999999977e-01 7.567020770000000285e-01 -3.594793938999999994e-01 2.461943044109999867e-01
1.403638532327829599e+09 4.562305695900000124e+00 -1.606188944599999946e+00 5.450223312999999958e-01 4.874068462999999740e-01 7.566957358000000466e-01 -3.594886408999999894e-01 2.461992011530000080e-01
1.403638532377829313e+09 4.562277198900000386e+00 -1.606117964899999917e+00 5.450532753000000286e-01 4.874518293999999807e-01 7.566905604000000451e-01 -3.595056662000000181e-01 2.461011696840000040e-01
1.403638532427829504e+09 4.562320684900000423e+00 -1.606212114999999940e+00 5.450602370999999557e-01 4.873861058999999774e-01 7.567206838000000158e-01 -3.594457582000000206e-01 2.462261915020000080e-01
1.403638532477829456e+09 4.562288372900000333e+00 -1.606069261000000026e+00 5.451605976000000187e-01 4.874884929000000144e-01 7.566464883000000308e-01 -3.595899640999999924e-01 2.460408881699999994e-01
1.403638532527829409e+09 4.562272420400000250e+00 -1.606199044500000062e+00 5.451184019999999464e-01 4.873734130999999858e-01 7.567053890999999588e-01 -3.594909473999999827e-01 2.462323478150000022e-01
1.403638532577829361e+09 4.562191473999999580e+00 -1.606146777600000020e+00 5.451318861999999710e-01 4.874474891000000198e-01 7.566447618999999625e-01 -3.596410906999999990e-01 2.460527089600000050e-01
1.403638532627829552e+09 4.562284073899999903e+00 -1.606164700199999906e+00 5.451317060999999464e-01 4.873495388999999900e-01 7.567104397999999676e-01 -3.595471312999999891e-01 2.461820416509999943e-01
1.403638532677829266e+09 4.562307060000000192e+00 -1.606092896400000081e+00 5.451565417000000524e-01 4.874233311999999763e-01 7.566454570999999740e-01 -3.596472405999999733e-01 2.460894364250000022e-01
1.403638532727829456e+09 4.562286656300000409e+00 -1.606142670599999933e+00 5.451002482000000260e-01 4.873825565000000082e-01 7.566814478000000177e-01 -3.595832519000000116e-01 2.461530317919999877e-01
1.403638532777829409e+09 4.562278424599999660e+00 -1.606140819399999975e+00 5.450846996000000555e-01 4.873594525000000122e-01 7.567044133000000450e-01 -3.595579729999999752e-01 2.461651049589999862e-01
1.403638532827829599e+09 4.562290546599999885e+00 -1.606003847600000034e+00 5.451314307000000303e-01 4.873802172999999738e-01 7.566731771000000384e-01 -3.596265666999999833e-01 2.461198067840000003e-01
1.403638532877829313e+09 4.562240082699999810e+00 -1.606097333799999971e+00 5.450604440999999856e-01 4.873164403999999950e-01 7.567020286000000207e-01 -3.595807730000000202e-01 2.462242768579999963e-01
1.403638532927829504e+09 4.562212633899999759e+00 -1.606099104000000111e+00 5.450530249999999688e-01 4.873711667999999775e-01 7.566807167000000334e-01 -3.595866940999999928e-01 2.461728012889999873e-01
1.403638532977829456e+09 4.562270328100000327e+00 -1.606122615699999923e+00 5.450720048999999623e-01 4.873426155999999732e-01 7.566915999000000115e-01 -3.595861147000000146e-01 2.461967177499999881e-01
1.403638533027829409e+09 4.562265213699999933e+00 -1.606154708100000050e+00 5.450617639999999486e-01 4.873720952999999745e-01 7.566639750000000442e-01 -3.596207651000000172e-01 2.461726527439999923e-01
1.403638533077829361e+09 4.562248322000000300e+00 -1.606155374499999899e+00 5.450730404000000417e-01 4.873181147999999796e-01 7.566928009000000177e-01 -3.596275132999999791e-01 2.461810549389999991e-01
1.403638533127829552e+09 4.562246742000000133e+00 -1.606211943699999978e+00 5.450678616999999893e-01 4.873497144000000225e-01 7.566648416000000266e-01 -3.596508185000000246e-01 2.461703924480000139e-01
1.403638533177829266e+09 4.562269425800000278e+00 -1.606225442900000022e+00 5.450495224000000416e-01 4.873434647000000064e-01 7.566540251000000161e-01 -3.596754180999999773e-01 2.461800707419999901e-01
1.403638533227829456e+09 4.562257217900000050e+00 -1.606261750300000068e+00 5.450283523000000185e-01 4.873408050999999963e-01 7.566532462999999709e-01 -3.596883262000000192e-01 2.461688700130000018e-01
1.403638533277829409e+09 4.562270848199999840e+00 -1.606256359300000103e+00 5.450509960999999626e-01 4.873481497000000107e-01 7.566336354999999569e-01 -3.597182683999999853e-01 2.461708551790000032e-01
1.403638533327829599e+09 4.562298874999999754e+00 -1.606250581000000066e+00 5.450492825999999624e-01 4.873111786000000056e-01 7.566446559999999710e-01 -3.597191047000000141e-01 2.462089467280000055e-01
1.403638533377829313e+09 4.562251190199999584e+00 -1.606262062999999962e+00 5.450249832000000350e-01 4.873094728999999847e-01 7.566445094000000537e-01 -3.597053881000000231e-01 2.462328121969999950e-01
1.403638533427829504e+09 4.562198260899999802e+00 -1.606222249200000007e+00 5.450422974999999948e-01 4.873172751000000025e-01 7.566353356999999669e-01 -3.597532204000000178e-01 2.461756740859999959e-01
1.403638533477829456e+09 4.562240158899999898e+00 -1.606192842000000010e+00 5.450806282000000280e-01 4.872914164000000103e-01 7.566482974999999556e-01 -3.597340495999999943e-01 2.462150340669999882e-01
1.403638533527829409e+09 4.562209972999999863e+00 -1.606096808400000020e+00 5.451011237999999759e-01 4.872971879999999922e-01 7.566378472000000466e-01 -3.597819609999999835e-01 2.461657150469999944e-01
1.403638533577829361e+09 4.562175340399999612e+00 -1.606179935099999900e+00 5.450664847999999729e-01 4.872843989000000264e-01 7.566412158999999971e-01 -3.597796435999999765e-01 2.461840630709999922e-01
1.403638533627829552e+09 4.562222579900000241e+00 -1.606189188100000109e+00 5.450795337999999601e-01 4.872852326000000067e-01 7.566412492999999850e-01 -3.597740582000000242e-01 2.461904730180000112e-01
1.403638533677829266e+09 4.562185169400000184e+00 -1.606186925600000093e+00 5.450974742999999956e-01 4.872999081000000121e-01 7.566055018999999771e-01 -3.598565918000000141e-01 2.461506598980000016e-01
1.403638533727829456e+09 4.562142016600000183e+00 -1.606242930599999896e+00 5.450844273999999601e-01 4.872289596000000111e-01 7.566390639000000196e-01 -3.598318974999999975e-01 2.462240308989999960e-01
1.403638533777829409e+09 4.562146293099999639e+00 -1.606199863100000069e+00 5.451157472000000004e-01 4.872916278000000156e-01 7.565770101000000025e-01 -3.599144571999999820e-01 2.461700238969999899e-01
1.403638533827829599e+09 4.562219165400000165e+00 -1.606141037600000043e+00 5.451768649999999550e-01 4.872705227999999944e-01 7.565850927999999698e-01 -3.599192241999999986e-01 2.461799891410000052e-01
1.403638533877829313e+09 4.562127368799999694e+00 -1.606160612100000051e+00 5.451201397999999587e-01 4.873412884000000167e-01 7.567263734000000408e-01 -3.596918322000000057e-01 2.459378990490000139e-01
1.403638533927829504e+09 4.562195281600000207e+00 -1.606116434999999898e+00 5.450684559999999790e-01 4.872473727000000143e-01 7.566667012000000136e-01 -3.598177978000000055e-01 2.461232486209999903e-01
1.403638533977829456e+09 4.562201972499999592e+00 -1.606083324499999909e+00 5.449883676000000232e-01 4.872437679000000132e-01 7.566430103000000296e-01 -3.599199498000000275e-01 2.460538463140000132e-01
1.403638534027829409e+09 4.562282557999999710e+00 -1.606089904599999896e+00 5.449417710999999720e-01 4.872650089000000184e-01 7.565671000999999452e-01 -3.599631674000000059e-01 2.461819493840000095e-01
1.403638534077829361e+09 4.562436122700000318e+00 -1.606137395099999976e+00 5.449329572000000121e-01 4.871136744999999824e-01 7.564050530000000494e-01 -3.603416607000000105e-01 2.464255496839999893e-01
1.403638534127829552e+09 4.562472560199999805e+00 -1.606193063699999923e+00 5.449731226999999789e-01 4.871455375000000032e-01 7.565297756000000096e-01 -3.601807984000000018e-01 2.462147767439999968e-01
1.403638534177829266e+09 4.562507602100000170e+00 -1.606206542000000015e+00 5.450539963999999626e-01 4.872475857999999937e-01 7.564725360999999815e-01 -3.602189177999999825e-01 2.461329388119999906e-01
1.403638534227829456e+09 4.562496648499999807e+00 -1.606219282899999934e+00 5.451430738000000442e-01 4.872169014000000131e-01 7.564901617999999495e-01 -3.602316797999999820e-01 2.461208299079999939e-01
1.403638534277829409e+09 4.562397974199999595e+00 -1.606124752099999942e+00 5.452557091999999939e-01 4.872338534999999804e-01 7.566053735000000113e-01 -3.601362104999999980e-01 2.458727124389999963e-01
1.403638534327829599e+09 4.562409955199999700e+00 -1.606106868899999984e+00 5.453010388000000264e-01 4.872361458000000201e-01 7.565621823000000523e-01 -3.601773562999999734e-01 2.459407949159999884e-01
1.403638534377829313e+09 4.562287028900000152e+00 -1.606105104100000069e+00 5.452200154999999882e-01 4.872349948999999958e-01 7.565686131000000092e-01 -3.601653417999999829e-01 2.459408871690000054e-01
1.403638534427829504e+09 4.562202876399999774e+00 -1.606061565699999916e+00 5.451743717000000489e-01 4.871958048999999735e-01 7.565916929999999541e-01 -3.602205453999999807e-01 2.458666639659999875e-01
1.403638534477829456e+09 4.562255109299999667e+00 -1.606071717999999926e+00 5.451822884999999452e-01 4.871062362999999951e-01 7.564762838999999905e-01 -3.604461043000000142e-01 2.460685928559999958e-01
1.403638534527829409e+09 4.562121650399999950e+00 -1.606086955299999897e+00 5.451424879999999806e-01 4.870216043000000217e-01 7.564791645999999758e-01 -3.605362918000000194e-01 2.460951296259999976e-01
1.403638534577829361e+09 4.561956832499999948e+00 -1.606152186200000109e+00 5.450986076999999597e-01 4.870819558000000216e-01 7.566567404999999802e-01 -3.602200057000000122e-01 2.458928482859999987e-01
1.403638534627829552e+09 4.562009838999999900e+00 -1.606186701199999955e+00 5.451061594999999649e-01 4.870378625999999822e-01 7.566704047000000211e-01 -3.602413085000000237e-01 2.459069310479999881e-01
1.403638534677829266e+09 4.561977506099999857e+00 -1.606141405200000039e+00 5.451491885999999454e-01 4.871431861000000141e-01 7.567684456000000059e-01 -3.600534546999999974e-01 2.456716215189999886e-01
1.403638534727829456e+09 4.561972160199999848e+00 -1.606185921100000025e+00 5.451277044000000238e-01 4.870952935000000261e-01 7.568012974000000170e-01 -3.600057859999999943e-01 2.457352343989999965e-01
1.403638534777829409e+09 4.561987171600000224e+00 -1.606163090599999954e+00 5.451576792000000227e-01 4.871042928000000050e-01 7.568099526999999549e-01 -3.599598799000000016e-01 2.457579874359999972e-01
1.403638534827829599e+09 4.562107649699999712e+00 -1.606081725099999913e+00 5.451836630999999933e-01 4.870701675999999924e-01 7.567665352000000345e-01 -3.600850741000000133e-01 2.457759193700000122e-01
1.403638534877829313e+09 4.562213903600000009e+00 -1.606117598600000029e+00 5.451295560000000151e-01 4.870071214000000204e-01 7.566958716999999668e-01 -3.601492666000000176e-01 2.460242409979999934e-01
1.403638534927829504e+09 4.562305632100000174e+00 -1.606126142499999965e+00 5.450888511999999464e-01 4.869276732000000218e-01 7.566626148999999746e-01 -3.603245686000000059e-01 2.460270991730000023e-01
1.403638534977829456e+09 4.562376849099999632e+00 -1.606178005100000084e+00 5.450885243999999963e-01 4.869165065000000125e-01 7.566781523000000176e-01 -3.602674839000000184e-01 2.460850050260000033e-01
1.403638535027829409e+09 4.562346514699999744e+00 -1.606190569300000037e+00 5.450619547999999703e-01 4.869338400000000067e-01 7.566725952999999727e-01 -3.603240730000000225e-01 2.459849209820000049e-01
1.403638535077829361e+09 4.562305440600000317e+00 -1.606250163799999964e+00 5.450258477999999629e-01 4.868839987999999952e-01 7.567227183000000412e-01 -3.603010358000000024e-01 2.459631331469999960e-01
1.403638535127829552e+09 4.562297020900000000e+00 -1.606235722799999932e+00 5.450079957000000253e-01 4.868927880000000208e-01 7.567268656000000204e-01 -3.602813457999999858e-01 2.459618176699999992e-01
1.403638535177829266e+09 4.562260029399999972e+00 -1.606171222800000020e+00 5.449792919000000513e-01 4.869314559999999847e-01 7.566968270999999691e-01 -3.603302990999999733e-01 2.459059669139999904e-01
1.403638535227829456e+09 4.562151027799999703e+00 -1.606150215700000050e+00 5.449415318000000452e-01 4.869286306000000231e-01 7.567134187999999817e-01 -3.602793402999999728e-01 2.459351692960000113e-01
1.403638535277829409e+09 4.562052174899999812e+00 -1.606123766400000097e+00 5.449281668000000023e-01 4.869720785000000163e-01 7.566955644999999731e-01 -3.603180141999999808e-01 2.458474041279999911e-01
1.403638535327829599e+09 4.562026944800000372e+00 -1.606130281500000034e+00 5.449906558999999540e-01 4.869118139999999983e-01 7.567128762000000508e-01 -3.603385060000000029e-01 2.458834469010000023e-01
1.403638535377829313e+09 4.561970851199999899e+00 -1.606203813999999896e+00 5.449616272999999733e-01 4.869525337000000231e-01 7.567048132000000482e-01 -3.603306868999999746e-01 2.458390768800000070e-01
1.403638535427829504e+09 4.562026752200000423e+00 -1.606243018900000097e+00 5.450040269999999465e-01 4.868893895999999999e-01 7.567307216999999975e-01 -3.603331989999999929e-01 2.458807086239999939e-01
1.403638535477829456e+09 4.562061897799999599e+00 -1.606284520300000018e+00 5.450398037000000473e-01 4.868618839000000142e-01 7.567143052999999453e-01 -3.603998465000000095e-01 2.458880166899999886e-01
1.403638535527829409e+09 4.562118311099999879e+00 -1.606298935200000111e+00 5.450978031000000001e-01 4.868641825000000201e-01 7.567143560000000324e-01 -3.604163253000000067e-01 2.458591542799999918e-01
1.403638535577829361e+09 4.562135458400000232e+00 -1.606288123099999909e+00 5.450834438999999643e-01 4.868131611000000025e-01 7.567612872000000213e-01 -3.603928102999999772e-01 2.458502036940000135e-01
1.403638535627829552e+09 4.562179844000000095e+00 -1.606236822400000097e+00 5.450768083000000486e-01 4.868039812000000133e-01 7.567582421999999864e-01 -3.604091601000000145e-01 2.458537860660000018e-01
1.403638535677829266e+09 4.562221922200000002e+00 -1.606181764400000045e+00 5.451113137999999969e-01 4.868032636999999885e-01 7.567447163999999615e-01 -3.604685552999999931e-01 2.458097583159999933e-01
1.403638535727829456e+09 4.562240548200000134e+00 -1.606171341000000030e+00 5.451127090999999814e-01 4.867762398000000101e-01 7.567375444999999701e-01 -3.604870810999999953e-01 2.458581818039999867e-01
1.403638535777829409e+09 4.562232794399999847e+00 -1.606143393700000033e+00 5.451136934000000434e-01 4.867969007999999875e-01 7.567196542999999886e-01 -3.604961931999999813e-01 2.458589774349999868e-01
1.403638535827829599e+09 4.562187068900000142e+00 -1.606096914100000106e+00 5.451504763000000198e-01 4.868006355999999757e-01 7.567479844000000178e-01 -3.604728849000000124e-01 2.457985527540000048e-01
1.403638535877829313e+09 4.562132108200000147e+00 -1.606065009299999957e+00 5.451462856000000023e-01 4.868051029000000085e-01 7.567553750000000079e-01 -3.604715110000000222e-01 2.457689646170000131e-01
1.403638535927829504e+09 4.562036850500000185e+00 -1.606094736400000000e+00 5.451143619999999634e-01 4.867958150999999734e-01 7.567416678999999702e-01 -3.605293757999999960e-01 2.457446880339999862e-01
1.403638535977829456e+09 4.562011977800000118e+00 -1.606152567399999898e+00 5.450707442000000125e-01 4.867467900999999930e-01 7.567941724000000203e-01 -3.605333692000000090e-01 2.456742406269999957e-01
1.403638536027829409e+09 4.562086583100000148e+00 -1.606147589899999950e+00 5.450618282000000425e-01 4.867887168999999736e-01 7.567494070000000406e-01 -3.606016063999999965e-01 2.456289103959999887e-01
1.403638536077829361e+09 4.562022404600000414e+00 -1.606220470200000028e+00 5.449736267000000467e-01 4.867792408000000126e-01 7.567251646999999526e-01 -3.606481747999999987e-01 2.456540044149999880e-01
1.403638536127829552e+09 4.562005797000000307e+00 -1.606271223000000026e+00 5.449259489000000123e-01 4.867386828999999970e-01 7.567449510000000545e-01 -3.606850032000000206e-01 2.456193441979999947e-01
1.403638536177829266e+09 4.561987441000000310e+00 -1.606294623499999963e+00 5.449176870999999922e-01 4.867532414999999890e-01 7.567142892999999537e-01 -3.607167310000000127e-01 2.456383647929999969e-01
1.403638536227829456e+09 4.561925446900000125e+00 -1.606333743700000039e+00 5.448961080999999984e-01 4.867079024000000032e-01 7.567486726000000052e-01 -3.607356098000000233e-01 2.455945522400000136e-01
1.403638536277829409e+09 4.561948971999999713e+00 -1.606343343700000093e+00 5.448983053999999493e-01 4.866925598999999880e-01 7.567559248999999877e-01 -3.607064134999999894e-01 2.456454876099999907e-01
1.403638536327829599e+09 4.562059174999999911e+00 -1.606244092300000093e+00 5.449853987999999649e-01 4.867566472000000033e-01 7.567421259000000067e-01 -3.607180472000000027e-01 2.455439101340000096e-01
1.403638536377829313e+09 4.562059954000000417e+00 -1.606270891200000106e+00 5.449594855999999599e-01 4.866837649999999904e-01 7.567424055999999455e-01 -3.607447523000000267e-01 2.456482610959999924e-01
1.403638536427829504e+09 4.562062815500000035e+00 -1.606231903000000072e+00 5.449809237999999612e-01 4.867125225999999749e-01 7.567310963000000168e-01 -3.607811973000000227e-01 2.455725877469999985e-01
1.403638536477829456e+09 4.562090096700000430e+00 -1.606245354099999911e+00 5.449979889999999605e-01 4.866707000000000116e-01 7.567512564999999691e-01 -3.607506461000000164e-01 2.456382234989999969e-01
1.403638536527829409e+09 4.562092961900000354e+00 -1.606220264100000072e+00 5.450505369999999461e-01 4.866719795000000182e-01 7.567764006999999626e-01 -3.607811188000000224e-01 2.455134375009999925e-01
1.403638536577829361e+09 4.562107285999999817e+00 -1.606217551200000093e+00 5.450654098999999642e-01 4.866580300000000192e-01 7.567703429000000037e-01 -3.607949805999999815e-01 2.455393896460000003e-01
1.403638536627829552e+09 4.562137444500000250e+00 -1.606201321799999970e+00 5.450851398999999597e-01 4.866896989999999756e-01 7.567156430999999461e-01 -3.608815577000000219e-01 2.455179701350000132e-01
1.403638536677829266e+09 4.562158130700000314e+00 -1.606195724600000041e+00 5.450710495999999683e-01 4.866284096999999864e-01 7.567859456000000096e-01 -3.608165732999999986e-01 2.455182759860000119e-01
1.403638536727829456e+09 4.562170341699999909e+00 -1.606195518100000053e+00 5.450468067000000527e-01 4.866573904000000006e-01 7.567262792000000182e-01 -3.608602000000000198e-01 2.455806157069999884e-01
1.403638536777829409e+09 4.562142012099999810e+00 -1.606239356999999979e+00 5.450025151999999817e-01 4.866337002000000189e-01 7.567260604000000113e-01 -3.608960252000000257e-01 2.455755900749999887e-01
1.403638536827829599e+09 4.562214514699999945e+00 -1.606160198300000008e+00 5.450441777000000210e-01 4.866603268999999954e-01 7.566923397000000495e-01 -3.609414148000000266e-01 2.455600219250000105e-01
1.403638536877829313e+09 4.562112806400000053e+00 -1.606117828399999947e+00 5.450921945000000157e-01 4.866947784000000277e-01 7.566462471999999551e-01 -3.610100466000000230e-01 2.455328806980000000e-01
1.403638536927829504e+09 4.562081241299999590e+00 -1.606138195700000049e+00 5.451508478000000046e-01 4.866585569999999916e-01 7.566777765000000100e-01 -3.609705502000000177e-01 2.455655785080000097e-01
1.403638536977829456e+09 4.562013206599999648e+00 -1.606134289000000104e+00 5.451788212999999494e-01 4.866650992000000064e-01 7.566433872000000171e-01 -3.611180881000000120e-01 2.454416268880000029e-01
1.403638537027829409e+09 4.561942616599999667e+00 -1.606201434099999936e+00 5.451359045000000458e-01 4.866150785999999728e-01 7.567023889999999753e-01 -3.610079065999999837e-01 2.455209789349999949e-01
1.403638537077829361e+09 4.561895244599999621e+00 -1.606177946699999914e+00 5.450941027000000272e-01 4.866453428999999997e-01 7.566823977000000090e-01 -3.610815244000000201e-01 2.454143273740000131e-01
1.403638537127829552e+09 4.561826513299999775e+00 -1.606264219500000090e+00 5.450067097999999888e-01 4.865864017000000041e-01 7.567081624000000506e-01 -3.609846064000000188e-01 2.455942681340000100e-01
1.403638537177829266e+09 4.561819936700000078e+00 -1.606281730999999935e+00 5.449877625000000281e-01 4.866052436000000148e-01 7.566633135000000454e-01 -3.610985345000000124e-01 2.455276263689999960e-01
1.403638537227829456e+09 4.561838246799999830e+00 -1.606311983299999913e+00 5.449904667999999619e-01 4.865106806000000228e-01 7.566988122000000150e-01 -3.611309891000000216e-01 2.455578832170000059e-01
1.403638537277829409e+09 4.561888102000000167e+00 -1.606314738000000020e+00 5.450217532000000142e-01 4.864709924999999768e-01 7.567164976000000376e-01 -3.611118730999999804e-01 2.456101197040000128e-01
1.403638537327829599e+09 4.561926936699999935e+00 -1.606267648600000042e+00 5.450397903999999460e-01 4.865031337999999872e-01 7.566842040000000269e-01 -3.611891228999999925e-01 2.455323476090000012e-01
1.403638537377829313e+09 4.561991383499999664e+00 -1.606209158199999987e+00 5.450502393999999695e-01 4.864439120999999866e-01 7.567276162999999611e-01 -3.611404557999999820e-01 2.455874718870000029e-01
1.403638537427829504e+09 4.562132302600000244e+00 -1.606058425599999895e+00 5.451003985000000274e-01 4.865000372000000128e-01 7.567075321999999771e-01 -3.611889665999999943e-01 2.454668102500000004e-01
1.403638537477829456e+09 4.562163402800000434e+00 -1.605972908700000090e+00 5.450686970000000464e-01 4.864355559999999912e-01 7.567379502000000091e-01 -3.611722612000000110e-01 2.455254006840000003e-01
1.403638537527829409e+09 4.562274004399999860e+00 -1.605963585500000068e+00 5.451080409999999876e-01 4.864528927999999808e-01 7.567377047000000134e-01 -3.611925248000000255e-01 2.454619919580000031e-01
1.403638537577829361e+09 4.562310784500000160e+00 -1.606093909900000005e+00 5.450738573000000198e-01 4.863900043000000117e-01 7.567991836999999888e-01 -3.611261494999999933e-01 2.454947320529999866e-01
1.403638537627829552e+09 4.562231873200000010e+00 -1.606201684600000013e+00 5.450032368999999655e-01 4.864586592999999848e-01 7.567560903000000172e-01 -3.611004659000000006e-01 2.455293182699999910e-01
1.403638537677829266e+09 4.562146031500000198e+00 -1.606354910300000105e+00 5.449412067000000137e-01 4.863448255000000220e-01 7.568125619000000137e-01 -3.611336774000000194e-01 2.455319204049999926e-01
1.403638537727829456e+09 4.562007821299999932e+00 -1.606450705200000106e+00 5.448780114000000285e-01 4.863634271000000231e-01 7.568042200000000275e-01 -3.611270092000000154e-01 2.455305940170000034e-01
1.403638537777829409e+09 4.561794677700000022e+00 -1.606579791199999940e+00 5.449390887999999711e-01 4.863942541999999869e-01 7.567865848999999479e-01 -3.611436641999999919e-01 2.454993852160000101e-01
1.403638537827829599e+09 4.561918885999999951e+00 -1.606539735399999946e+00 5.449568456000000172e-01 4.863577696999999977e-01 7.568017820000000340e-01 -3.611646667000000255e-01 2.454939229110000010e-01
1.403638537877829313e+09 4.562048256999999829e+00 -1.606415448799999979e+00 5.448804154999999927e-01 4.862562823000000090e-01 7.568853944000000222e-01 -3.611030038999999969e-01 2.455278969809999989e-01
1.403638537927829504e+09 4.562217649399999964e+00 -1.606238187900000058e+00 5.449306872000000412e-01 4.863076438999999751e-01 7.568201598999999558e-01 -3.611976363000000134e-01 2.454880621699999932e-01
1.403638537977829456e+09 4.562117397299999766e+00 -1.606309974800000040e+00 5.449925985000000361e-01 4.862350843000000089e-01 7.568221501999999878e-01 -3.612304195000000107e-01 2.455774007310000118e-01
1.403638538027829409e+09 4.561945211600000327e+00 -1.606352088800000022e+00 5.450849749999999716e-01 4.862255144000000029e-01 7.568418073999999551e-01 -3.612557860000000232e-01 2.454984415579999912e-01
1.403638538077829361e+09 4.561871604200000263e+00 -1.606410558699999935e+00 5.452291354999999617e-01 4.863015191000000237e-01 7.567867658000000386e-01 -3.612314843000000164e-01 2.455533311330000135e-01
1.403638538127829552e+09 4.561574517400000417e+00 -1.606644319099999940e+00 5.453744485999999503e-01 4.863229188000000036e-01 7.567745437999999769e-01 -3.611907972999999772e-01 2.456084616679999888e-01
1.403638538177829266e+09 4.561540113599999557e+00 -1.606659003799999930e+00 5.454974353999999526e-01 4.862993988000000045e-01 7.567848297000000501e-01 -3.612379008000000113e-01 2.455540578289999998e-01
1.403638538227829456e+09 4.561835346599999674e+00 -1.606465307599999948e+00 5.454143828999999943e-01 4.862320479000000195e-01 7.568145404999999659e-01 -3.612715930000000020e-01 2.455462949190000133e-01
1.403638538277829409e+09 4.562046107999999656e+00 -1.606268308600000028e+00 5.452449633999999490e-01 4.862321817999999962e-01 7.568643700999999613e-01 -3.611993049000000178e-01 2.454987836860000050e-01
1.403638538327829599e+09 4.562073963899999640e+00 -1.606234919800000105e+00 5.451513594000000351e-01 4.862272954999999897e-01 7.568510804000000425e-01 -3.612146896000000273e-01 2.455267950739999927e-01
1.403638538377829313e+09 4.562133962599999926e+00 -1.606107930799999917e+00 5.451901506999999869e-01 4.862306949999999905e-01 7.568147959000000036e-01 -3.611807129999999866e-01 2.456818439169999868e-01
1.403638538427829504e+09 4.562165686700000222e+00 -1.605988608399999906e+00 5.453427955999999854e-01 4.863817223999999939e-01 7.567165935999999871e-01 -3.612245233999999972e-01 2.456209698880000014e-01
1.403638538477829456e+09 4.562069503800000092e+00 -1.606066680899999932e+00 5.455788978000000178e-01 4.862348381000000108e-01 7.568293003999999602e-01 -3.611844510000000175e-01 2.456234609359999876e-01
1.403638538527829409e+09 4.561950781300000202e+00 -1.606199635300000095e+00 5.457661921999999999e-01 4.864433630000000175e-01 7.566589728999999487e-01 -3.612930677999999785e-01 2.455755943709999889e-01
1.403638538577829361e+09 4.561945363000000420e+00 -1.606373376599999903e+00 5.459610543999999788e-01 4.862170621999999942e-01 7.567571892000000133e-01 -3.612331417999999905e-01 2.458091582949999965e-01
1.403638538627829552e+09 4.561761501000000329e+00 -1.606357807900000045e+00 5.461411910000000258e-01 4.866295737999999926e-01 7.564480262999999649e-01 -3.613305196000000108e-01 2.458013363590000055e-01
1.403638538677829266e+09 4.561741568999999608e+00 -1.606314551799999935e+00 5.460504191999999701e-01 4.865307148999999942e-01 7.565585347000000072e-01 -3.612770445999999858e-01 2.457355164330000119e-01
1.403638538727829456e+09 4.561860132799999690e+00 -1.606384191200000089e+00 5.459862051999999633e-01 4.870901861999999971e-01 7.561650346999999606e-01 -3.611451371000000132e-01 2.460320727039999877e-01
1.403638538777829409e+09 4.561969476199999818e+00 -1.606154987500000075e+00 5.457285130000000262e-01 4.877520211999999966e-01 7.558996121000000068e-01 -3.608535905999999960e-01 2.459642827229999995e-01
1.403638538827829599e+09 4.562432624200000397e+00 -1.605449068700000037e+00 5.450435840999999781e-01 4.881801736999999974e-01 7.558395553000000211e-01 -3.604611385000000001e-01 2.458748711529999964e-01
1.403638538877829313e+09 4.563238306699999747e+00 -1.604441712499999895e+00 5.448827518000000092e-01 4.895793223000000083e-01 7.551706875999999458e-01 -3.600215453999999760e-01 2.457922020199999891e-01
1.403638538927829504e+09 4.564710992500000231e+00 -1.603239051100000090e+00 5.453280966000000340e-01 4.923800168999999949e-01 7.534036398000000245e-01 -3.587598348000000104e-01 2.474596035380000059e-01
1.403638538977829456e+09 4.566184708699999817e+00 -1.601711986900000051e+00 5.465480799999999917e-01 4.960544235000000080e-01 7.509384342999999573e-01 -3.577342835000000276e-01 2.490936754599999969e-01
1.403638539027829409e+09 4.567942205899999664e+00 -1.600124950599999929e+00 5.467459438999999755e-01 4.983358173999999918e-01 7.487691400000000552e-01 -3.577694600999999919e-01 2.510123533190000145e-01
1.403638539077829361e+09 4.570202923100000092e+00 -1.598101939299999996e+00 5.482791926000000204e-01 5.029355007000000377e-01 7.451295403000000039e-01 -3.572126259000000248e-01 2.534501733010000035e-01
1.403638539127829552e+09 4.572920945499999945e+00 -1.595334158400000035e+00 5.508909436000000159e-01 5.073722377999999589e-01 7.420331197999999739e-01 -3.567360835000000230e-01 2.543612159540000195e-01
1.403638539177829266e+09 4.575984173200000171e+00 -1.592174235599999932e+00 5.546357115000000171e-01 5.103338268999999539e-01 7.400275216999999683e-01 -3.558217281000000121e-01 2.555573322690000149e-01
1.403638539227829456e+09 4.579306792799999748e+00 -1.588773076400000095e+00 5.605620881999999749e-01 5.139540644000000214e-01 7.377715242000000284e-01 -3.544500326999999729e-01 2.567285962649999975e-01
1.403638539277829409e+09 4.582757740499999954e+00 -1.585350481899999942e+00 5.683585217000000078e-01 5.154082932000000339e-01 7.368531777000000282e-01 -3.538419358000000070e-01 2.572888848809999907e-01
1.403638539327829599e+09 4.585839111300000326e+00 -1.582089935499999989e+00 5.783410874000000090e-01 5.154789977000000523e-01 7.369905521999999820e-01 -3.538364639000000089e-01 2.567607558409999990e-01
1.403638539377829313e+09 4.589106161800000194e+00 -1.578895702899999920e+00 5.901031066999999908e-01 5.144099645999999915e-01 7.379364652000000024e-01 -3.536472124000000217e-01 2.564484564260000043e-01
1.403638539427829504e+09 4.592524307799999761e+00 -1.575640838800000054e+00 6.036762963999999787e-01 5.135500458999999740e-01 7.388630438000000078e-01 -3.533762313000000099e-01 2.558769079980000027e-01
1.403638539477829456e+09 4.596089090499999585e+00 -1.572295290200000029e+00 6.189608275000000326e-01 5.119463244999999940e-01 7.402463176000000367e-01 -3.533786977000000218e-01 2.550879185009999883e-01
1.403638539527829409e+09 4.599703778400000331e+00 -1.568980601999999891e+00 6.352359186999999574e-01 5.111943227999999895e-01 7.411349647999999624e-01 -3.529959395999999749e-01 2.545450743179999975e-01
1.403638539577829361e+09 4.603543293799999603e+00 -1.565568901300000038e+00 6.520476317000000188e-01 5.109410702000000137e-01 7.416246356000000262e-01 -3.524674613000000067e-01 2.543596101610000049e-01
1.403638539627829552e+09 4.607448515299999769e+00 -1.562042427099999964e+00 6.678077064999999868e-01 5.107420977000000084e-01 7.421238240999999958e-01 -3.523680992000000067e-01 2.534392667829999946e-01
1.403638539677829266e+09 4.611377540700000388e+00 -1.558534819599999954e+00 6.812039463000000294e-01 5.108743311000000231e-01 7.423537927000000147e-01 -3.523147502999999792e-01 2.525719323200000255e-01
1.403638539727829456e+09 4.615368375700000136e+00 -1.554813522999999975e+00 6.916303710000000216e-01 5.102268878000000285e-01 7.430949619000000173e-01 -3.516849157999999975e-01 2.525789391950000184e-01
1.403638539777829409e+09 4.619301779599999769e+00 -1.550975969500000051e+00 6.990164415999999825e-01 5.091557139000000287e-01 7.441923629000000151e-01 -3.510869748000000068e-01 2.523412812120000015e-01
1.403638539827829599e+09 4.623427266100000210e+00 -1.546845102800000094e+00 7.049840939999999501e-01 5.082439986000000243e-01 7.450984188000000508e-01 -3.510091714999999946e-01 2.516126899869999822e-01
1.403638539877829313e+09 4.627662427799999811e+00 -1.542347377900000094e+00 7.101145929000000079e-01 5.061072543000000312e-01 7.468243139000000363e-01 -3.514359832000000239e-01 2.502031993759999962e-01
1.403638539927829504e+09 4.632105016199999703e+00 -1.537435987400000093e+00 7.149591657999999628e-01 5.036020874000000092e-01 7.489735611000000182e-01 -3.517392388999999731e-01 2.484009866430000046e-01
1.403638539977829456e+09 4.637090062200000418e+00 -1.532078329900000035e+00 7.198425608999999836e-01 5.005940558999999457e-01 7.512455402000000060e-01 -3.527508949000000005e-01 2.461758225919999932e-01
1.403638540027829409e+09 4.642968149699999714e+00 -1.526245848899999924e+00 7.246166329000000017e-01 4.966235391000000110e-01 7.538952413999999713e-01 -3.540585138999999826e-01 2.442326639100000085e-01
1.403638540077829361e+09 4.649170026500000219e+00 -1.519883112000000036e+00 7.288235181000000118e-01 4.924043268000000140e-01 7.568705758999999533e-01 -3.546212181000000241e-01 2.427523469929999955e-01
1.403638540127829552e+09 4.656493278200000141e+00 -1.512259382299999899e+00 7.328031083999999584e-01 4.884765795000000077e-01 7.594523412999999445e-01 -3.559223737000000165e-01 2.407115211920000108e-01
1.403638540177829266e+09 4.665288764699999646e+00 -1.503294364799999894e+00 7.369134359000000245e-01 4.868615485000000187e-01 7.606850723000000425e-01 -3.557634554999999921e-01 2.403256481340000084e-01
1.403638540227829456e+09 4.675776828900000126e+00 -1.492857819499999961e+00 7.417277784000000374e-01 4.884989832000000143e-01 7.598490801999999711e-01 -3.547041099000000086e-01 2.412117601490000041e-01
1.403638540277829409e+09 4.687582127799999832e+00 -1.481110503700000081e+00 7.472218810999999850e-01 4.926924322999999828e-01 7.572420845999999761e-01 -3.531304532999999801e-01 2.431819799980000085e-01
1.403638540327829599e+09 4.700464636499999571e+00 -1.468367387700000082e+00 7.526775886000000026e-01 4.970381596999999818e-01 7.544200249000000413e-01 -3.516157171000000026e-01 2.452954979889999942e-01
1.403638540377829313e+09 4.713806939999999557e+00 -1.455030892299999934e+00 7.572388195000000488e-01 5.010333580000000397e-01 7.522488550000000496e-01 -3.492341596999999909e-01 2.472301277010000020e-01
1.403638540427829504e+09 4.727317378000000403e+00 -1.440900563900000098e+00 7.613789537999999801e-01 5.039904626000000221e-01 7.515482381000000434e-01 -3.464344964000000138e-01 2.472893026490000090e-01
1.403638540477829456e+09 4.740661057699999681e+00 -1.426151594700000080e+00 7.651757755000000438e-01 5.060461805999999507e-01 7.522716963000000145e-01 -3.429297362000000016e-01 2.457717518820000113e-01
1.403638540527829409e+09 4.754017174800000411e+00 -1.410799924300000008e+00 7.684601491000000451e-01 5.075733772999999616e-01 7.542340012999999566e-01 -3.383769098000000142e-01 2.429020477540000111e-01
1.403638540577829361e+09 4.767535797399999886e+00 -1.394716554800000008e+00 7.717913115000000213e-01 5.095601727999999886e-01 7.566732679000000017e-01 -3.324171605999999835e-01 2.393592012569999983e-01
1.403638540627829552e+09 4.781083714200000223e+00 -1.378016778499999928e+00 7.750103051000000187e-01 5.117254108000000024e-01 7.595022794000000355e-01 -3.255781350999999990e-01 2.351430829210000018e-01
1.403638540677829266e+09 4.794919496200000353e+00 -1.360802926799999923e+00 7.779626670000000521e-01 5.135555992000000458e-01 7.630393218000000033e-01 -3.165701298999999969e-01 2.319805870899999956e-01
1.403638540727829456e+09 4.808877342299999746e+00 -1.342913497200000084e+00 7.812118743999999504e-01 5.163495741000000416e-01 7.664850859999999821e-01 -3.054153452999999740e-01 2.293582288749999865e-01
1.403638540777829409e+09 4.822347954899999678e+00 -1.324312765399999980e+00 7.840946882999999534e-01 5.182291466999999763e-01 7.708765474000000006e-01 -2.940126131999999948e-01 2.252653624660000131e-01
1.403638540827829599e+09 4.835471785300000214e+00 -1.304973758500000081e+00 7.868491769000000025e-01 5.204892756000000231e-01 7.754195193999999791e-01 -2.807328735999999880e-01 2.213696832589999997e-01
1.403638540877829313e+09 4.847794224000000263e+00 -1.284747517900000080e+00 7.890439727000000403e-01 5.223258764000000554e-01 7.803306214999999879e-01 -2.677858833000000272e-01 2.157556969259999957e-01
1.403638540927829504e+09 4.859693963099999792e+00 -1.263492444399999970e+00 7.910036346000000052e-01 5.247307597000000490e-01 7.846817335000000337e-01 -2.542864220000000119e-01 2.104058517840000087e-01
1.403638540977829456e+09 4.870724513199999883e+00 -1.241259247299999924e+00 7.927603250000000434e-01 5.275062824999999789e-01 7.883806874000000020e-01 -2.428749467999999911e-01 2.029895904429999953e-01
1.403638541027829409e+09 4.881342927500000428e+00 -1.218202102300000034e+00 7.939954563000000132e-01 5.301972694000000041e-01 7.912641206999999621e-01 -2.327873950999999886e-01 1.964738545599999942e-01
1.403638541077829361e+09 4.891362028599999690e+00 -1.194309669599999957e+00 7.946744323000000110e-01 5.330069500999999876e-01 7.933909542999999509e-01 -2.240810976000000010e-01 1.903209039200000063e-01
1.403638541127829552e+09 4.901058794199999902e+00 -1.169618583799999945e+00 7.943435358999999529e-01 5.353328238000000239e-01 7.950079397999999520e-01 -2.169096034000000117e-01 1.852872564259999966e-01
1.403638541177829266e+09 4.910364990099999716e+00 -1.144120895699999974e+00 7.926713471999999872e-01 5.367034963000000269e-01 7.965521800999999513e-01 -2.111795676999999871e-01 1.812654725979999937e-01
1.403638541227829456e+09 4.919224667900000014e+00 -1.117988261300000064e+00 7.901833807000000487e-01 5.373322837999999768e-01 7.981310631000000377e-01 -2.064318351999999968e-01 1.778952510419999911e-01
1.403638541277829409e+09 4.927615105800000173e+00 -1.090965200200000096e+00 7.884390693999999700e-01 5.380612441000000024e-01 7.989566460000000481e-01 -2.027524619999999944e-01 1.762095757230000004e-01
1.403638541327829599e+09 4.935234257300000316e+00 -1.062965740199999898e+00 7.887121221999999765e-01 5.384129880000000368e-01 7.996895050000000227e-01 -2.007758262000000071e-01 1.740609592880000001e-01
1.403638541377829313e+09 4.942106788300000275e+00 -1.034182176000000064e+00 7.903793221999999563e-01 5.386415600999999720e-01 8.000929237999999666e-01 -1.993441941999999911e-01 1.731429332049999881e-01
1.403638541427829504e+09 4.948177872399999622e+00 -1.004885671000000036e+00 7.931127072000000444e-01 5.388389730999999516e-01 8.002032006000000530e-01 -1.997257423000000087e-01 1.715722198730000037e-01
1.403638541477829456e+09 4.953205290199999666e+00 -9.750998664000000149e-01 7.970465145999999779e-01 5.392561033999999642e-01 7.999957547999999585e-01 -1.990460049999999981e-01 1.720184151999999966e-01
1.403638541527829409e+09 4.957649629599999663e+00 -9.443597974999999867e-01 8.026478406000000509e-01 5.398994374000000152e-01 7.993830160999999546e-01 -1.986318783999999893e-01 1.733227279060000070e-01
1.403638541577829361e+09 4.961030069199999559e+00 -9.123095010999999754e-01 8.101887884999999789e-01 5.408838802000000001e-01 7.988721004000000070e-01 -1.979998849999999866e-01 1.733321690630000023e-01
1.403638541627829552e+09 4.963481053399999787e+00 -8.785399173000000284e-01 8.195993190999999456e-01 5.419145606999999920e-01 7.987627116000000083e-01 -1.959935876999999993e-01 1.728966544780000114e-01
1.403638541677829266e+09 4.964282935700000010e+00 -8.440039808999999504e-01 8.311256126999999605e-01 5.439179299999999939e-01 7.983907839999999645e-01 -1.946201213000000041e-01 1.698483142159999959e-01
1.403638541727829456e+09 4.963704968400000084e+00 -8.089430641000000533e-01 8.445459913999999735e-01 5.456222259999999880e-01 7.986803225999999922e-01 -1.914306960999999918e-01 1.666145771120000063e-01
1.403638541777829409e+09 4.961768548300000248e+00 -7.735031924999999919e-01 8.598532872999999910e-01 5.474669879000000350e-01 7.992358175999999537e-01 -1.890159047999999953e-01 1.605459209510000096e-01
1.403638541827829599e+09 4.958837414299999580e+00 -7.379377041000000359e-01 8.766033071000000065e-01 5.491611142000000223e-01 8.001227148999999761e-01 -1.851893735000000041e-01 1.546952088100000122e-01
1.403638541877829313e+09 4.954428890400000007e+00 -7.023943316999999853e-01 8.940663947000000444e-01 5.508018248999999589e-01 8.012145432999999706e-01 -1.802832272999999874e-01 1.488978282460000080e-01
1.403638541927829504e+09 4.949402248400000204e+00 -6.666204767000000198e-01 9.104743110999999889e-01 5.513064562999999696e-01 8.033490254999999802e-01 -1.741049557000000081e-01 1.427550310969999958e-01
1.403638541977829456e+09 4.943688711300000094e+00 -6.307196834999999613e-01 9.253490916000000066e-01 5.521343224000000438e-01 8.054165987000000415e-01 -1.666341614000000082e-01 1.366925336529999924e-01
1.403638542027829409e+09 4.937240528500000281e+00 -5.948615549000000335e-01 9.388372868000000038e-01 5.532339068999999609e-01 8.074238637999999746e-01 -1.590102540999999980e-01 1.292852948550000103e-01
1.403638542077829361e+09 4.930507451299999566e+00 -5.589175541999999997e-01 9.508206254000000079e-01 5.540612027000000328e-01 8.096204148000000211e-01 -1.501465047999999969e-01 1.224213816869999943e-01
1.403638542127829552e+09 4.923260707699999905e+00 -5.229841846999999655e-01 9.613118327999999879e-01 5.551643856000000321e-01 8.116708007999999808e-01 -1.402246329000000069e-01 1.154126006729999931e-01
1.403638542177829266e+09 4.915583900299999698e+00 -4.867196423999999855e-01 9.707370639000000301e-01 5.569540191999999834e-01 8.132297225000000296e-01 -1.303971871999999865e-01 1.070336979250000042e-01
1.403638542227829456e+09 4.907698736300000419e+00 -4.506078211999999805e-01 9.782785590000000475e-01 5.573574297000000177e-01 8.156679347999999941e-01 -1.194346867000000006e-01 9.886289155669999995e-02
1.403638542277829409e+09 4.899769149499999976e+00 -4.142953617999999838e-01 9.844945693000000109e-01 5.577568575000000362e-01 8.179354694999999564e-01 -1.074283332000000035e-01 9.136743864870000564e-02
1.403638542327829599e+09 4.891611522799999889e+00 -3.776027934000000252e-01 9.898045221000000282e-01 5.589177963000000471e-01 8.194121012999999731e-01 -9.574707790000000496e-02 8.370903322629999477e-02
1.403638542377829313e+09 4.883883208500000350e+00 -3.402571437999999948e-01 9.944833066999999582e-01 5.626961198000000053e-01 8.185667703000000239e-01 -8.457743859999999891e-02 7.853773765740000579e-02
1.403638542427829504e+09 4.876319350100000172e+00 -3.026085513999999810e-01 9.982069425999999801e-01 5.678830311000000464e-01 8.163508806000000506e-01 -7.274522939999999993e-02 7.608044683780000594e-02
1.403638542477829456e+09 4.868667207599999713e+00 -2.650032133999999928e-01 1.000866810900000070e+00 5.739525763999999697e-01 8.130505890000000457e-01 -6.105416460000000212e-02 7.615489972720000666e-02
1.403638542527829409e+09 4.860928783900000383e+00 -2.276343647999999886e-01 1.002228259400000043e+00 5.780685542000000288e-01 8.106136255000000457e-01 -5.008287079999999836e-02 7.895570119170000623e-02
1.403638542577829361e+09 4.851925658599999913e+00 -1.904597913999999947e-01 1.003831952200000099e+00 5.816680322999999708e-01 8.082004714999999617e-01 -3.958480999999999805e-02 8.311041332830000627e-02
1.403638542627829552e+09 4.840837944399999593e+00 -1.540750887000000013e-01 1.005958389199999914e+00 5.823089951000000042e-01 8.080092824000000284e-01 -3.341178250000000072e-02 8.319186628989999610e-02
1.403638542677829266e+09 4.827605979700000383e+00 -1.181874789999999981e-01 1.009923494199999938e+00 5.823200508000000442e-01 8.082259508000000370e-01 -2.954626720000000026e-02 8.246932127490000375e-02
1.403638542727829456e+09 4.811815183300000243e+00 -8.336297980000000052e-02 1.015980829699999921e+00 5.805885057999999876e-01 8.099143933000000350e-01 -2.947700519999999977e-02 7.801774521010000629e-02
1.403638542777829409e+09 4.793702495199999802e+00 -4.875365210000000282e-02 1.024459376300000057e+00 5.789140122999999472e-01 8.116486799000000030e-01 -3.182639620000000252e-02 7.121844734389999598e-02
1.403638542827829599e+09 4.773963619899999955e+00 -1.507848049999999974e-02 1.034859762500000002e+00 5.772054436000000344e-01 8.131888503999999962e-01 -3.373714230000000175e-02 6.647988153320000260e-02
1.403638542877829313e+09 4.752923132600000322e+00 1.762303570000000111e-02 1.046325173100000061e+00 5.742778653000000233e-01 8.155105283000000371e-01 -3.636936620000000286e-02 6.184481225809999871e-02
1.403638542927829504e+09 4.730915100699999876e+00 5.040169149999999820e-02 1.060069248700000077e+00 5.721846304000000050e-01 8.171632272000000086e-01 -3.870841839999999978e-02 5.788494821609999758e-02
1.403638542977829456e+09 4.708239958400000091e+00 8.228584579999999316e-02 1.075631160799999986e+00 5.701906344999999598e-01 8.186265644000000341e-01 -4.067794439999999900e-02 5.548417132970000221e-02
1.403638543027829409e+09 4.684860266100000281e+00 1.137468553000000049e-01 1.091818319699999984e+00 5.683998194999999587e-01 8.199377319999999747e-01 -4.262097320000000217e-02 5.298314230349999987e-02
1.403638543077829361e+09 4.661107325699999748e+00 1.457642296999999976e-01 1.107666234499999902e+00 5.671470953999999676e-01 8.208199320000000299e-01 -4.460902039999999763e-02 5.107686956400000339e-02
1.403638543127829552e+09 4.637138436099999872e+00 1.782156126999999979e-01 1.122209044699999936e+00 5.669164279999999723e-01 8.209370114999999801e-01 -4.634162829999999983e-02 5.020597825749999882e-02
1.403638543177829266e+09 4.612888315100000192e+00 2.109743742999999894e-01 1.135232887399999946e+00 5.666615070999999615e-01 8.210502615000000448e-01 -4.717927040000000072e-02 5.045117283790000184e-02
1.403638543227829456e+09 4.588355399400000145e+00 2.436496306000000001e-01 1.146618050899999908e+00 5.664301363000000533e-01 8.211492555999999610e-01 -4.807342579999999976e-02 5.059393660090000244e-02
1.403638543277829409e+09 4.563675934299999959e+00 2.765627451000000070e-01 1.156713013599999895e+00 5.673288060000000188e-01 8.204668349000000527e-01 -4.941593379999999897e-02 5.030173121840000178e-02
1.403638543327829599e+09 4.539163646899999627e+00 3.094385438999999738e-01 1.164911548100000083e+00 5.666034611000000387e-01 8.208991411999999599e-01 -5.040444239999999909e-02 5.044313644359999654e-02
1.403638543377829313e+09 4.514113158099999801e+00 3.425174523999999776e-01 1.172212460699999959e+00 5.662172199999999656e-01 8.211658833999999629e-01 -5.056543320000000258e-02 5.027711927979999773e-02
1.403638543427829504e+09 4.488784552500000302e+00 3.757444570999999844e-01 1.178405138200000035e+00 5.661203478999999872e-01 8.214083290999999454e-01 -4.900282780000000254e-02 4.893701522610000021e-02
1.403638543477829456e+09 4.463316094499999664e+00 4.090124124000000250e-01 1.183276509599999970e+00 5.659417543000000439e-01 8.217922270999999945e-01 -4.594755600000000051e-02 4.750040317809999663e-02
1.403638543527829409e+09 4.437319229499999906e+00 4.422036611999999867e-01 1.186974111000000054e+00 5.656843014000000336e-01 8.223770874000000397e-01 -4.159760829999999826e-02 4.434902735940000201e-02
1.403638543577829361e+09 4.411049331400000106e+00 4.752149273999999868e-01 1.189580907400000109e+00 5.655026376999999771e-01 8.229837223999999507e-01 -3.440637950000000056e-02 4.148204897430000232e-02
1.403638543627829552e+09 4.384012753000000373e+00 5.080423593999999765e-01 1.190665888600000111e+00 5.650456270999999475e-01 8.237744477999999759e-01 -2.546691350000000048e-02 3.834755225570000287e-02
1.403638543677829266e+09 4.356414543599999689e+00 5.408870089999999742e-01 1.191497391900000036e+00 5.653529762000000236e-01 8.240115822000000367e-01 -1.581196060000000098e-02 3.362895575520000180e-02
1.403638543727829456e+09 4.328201181899999916e+00 5.740182319000000088e-01 1.192699019900000046e+00 5.653618307000000121e-01 8.243455982999999820e-01 -4.890683699999999641e-03 2.822084477829999924e-02
1.403638543777829409e+09 4.299455846099999867e+00 6.073382357000000065e-01 1.195172516099999971e+00 5.659091531000000064e-01 8.241284265999999636e-01 6.964545600000000142e-03 2.259783278409999846e-02
1.403638543827829599e+09 4.270305867500000296e+00 6.408636625000000420e-01 1.199420354299999936e+00 5.666661829000000372e-01 8.235072343999999545e-01 2.011426830000000165e-02 1.790777215030000050e-02
1.403638543877829313e+09 4.240165237300000278e+00 6.748780021000000406e-01 1.206194959000000066e+00 5.673931984000000206e-01 8.227797887000000143e-01 3.144560279999999985e-02 1.046669363619999980e-02
1.403638543927829504e+09 4.209374157800000127e+00 7.094369472999999537e-01 1.215242009600000062e+00 5.676468886000000102e-01 8.221623080000000083e-01 4.264346940000000169e-02 2.771929758619999951e-03
1.403638543977829456e+09 4.178344915900000345e+00 7.446288020000000341e-01 1.226237645000000098e+00 5.679442243000000223e-01 8.214422852999999636e-01 5.149006980000000316e-02 -4.550027859169999793e-03
1.403638544027829409e+09 4.146910138099999976e+00 7.793828632999999506e-01 1.238830365599999928e+00 5.672374282000000045e-01 8.213785255000000118e-01 5.834130600000000250e-02 -1.324046424990000040e-02
1.403638544077829361e+09 4.115327819500000039e+00 8.144173258000000359e-01 1.251673794000000006e+00 5.657761519999999766e-01 8.218350290999999475e-01 6.342516739999999598e-02 -2.148904055749999847e-02
1.403638544127829552e+09 4.084006865800000163e+00 8.502655585999999710e-01 1.265330677099999912e+00 5.654146692999999502e-01 8.215523436999999651e-01 6.820859149999999871e-02 -2.656287419830000163e-02
1.403638544177829266e+09 4.052385844999999875e+00 8.865237629000000119e-01 1.278125326400000095e+00 5.651064811999999549e-01 8.213268516999999713e-01 7.062032229999999633e-02 -3.300966042109999832e-02
1.403638544227829456e+09 4.021132037100000112e+00 9.233137921999999831e-01 1.289091127100000067e+00 5.656661320000000437e-01 8.205573334000000330e-01 7.323661119999999580e-02 -3.665908348480000079e-02
1.403638544277829409e+09 3.990150197699999790e+00 9.603985196000000002e-01 1.298522169499999990e+00 5.657891819000000488e-01 8.201746373999999618e-01 7.472238359999999746e-02 -4.015882472480000048e-02
1.403638544327829599e+09 3.959608976300000194e+00 9.975449973000000137e-01 1.306073215799999909e+00 5.654736200000000101e-01 8.201383387999999774e-01 7.679645200000000116e-02 -4.141250291549999907e-02
1.403638544377829313e+09 3.929354795400000100e+00 1.035046765399999957e+00 1.312886468499999904e+00 5.647620483999999941e-01 8.205218497999999805e-01 7.741695040000000361e-02 -4.235963245820000000e-02
1.403638544427829504e+09 3.899247604999999783e+00 1.072902437800000053e+00 1.318484206699999994e+00 5.636944776000000212e-01 8.211805273000000183e-01 7.770967609999999970e-02 -4.326989327240000210e-02
1.403638544477829456e+09 3.869586156800000065e+00 1.111587355599999993e+00 1.323177745199999977e+00 5.632770781999999476e-01 8.214707181000000524e-01 7.831635509999999856e-02 -4.208730164289999770e-02
1.403638544527829409e+09 3.839893929400000072e+00 1.150518258399999993e+00 1.327450453199999991e+00 5.647026483000000541e-01 8.205250291000000251e-01 7.805437580000000597e-02 -4.191789620320000159e-02
1.403638544577829361e+09 3.810076920200000217e+00 1.189407259800000061e+00 1.332403546000000105e+00 5.672367782999999664e-01 8.187110972000000153e-01 7.837748840000000050e-02 -4.256226073339999805e-02
1.403638544627829552e+09 3.780115461099999852e+00 1.228750420099999907e+00 1.338744874000000085e+00 5.718212485000000456e-01 8.153736848000000537e-01 7.919140299999999355e-02 -4.375997743240000321e-02
1.403638544677829266e+09 3.750249836700000117e+00 1.268577190800000087e+00 1.346949563599999955e+00 5.757706723000000082e-01 8.124635193999999450e-01 7.993725100000000083e-02 -4.473475715929999680e-02
1.403638544727829456e+09 3.720732443899999797e+00 1.307357105899999983e+00 1.356189147700000097e+00 5.772854432999999785e-01 8.112670695999999460e-01 8.077376059999999414e-02 -4.541870151849999870e-02
1.403638544777829409e+09 3.691771079700000069e+00 1.345579670400000039e+00 1.365717498900000049e+00 5.760432291000000538e-01 8.120881978999999751e-01 8.106142030000000609e-02 -4.600003582030000315e-02
1.403638544827829599e+09 3.663092740500000222e+00 1.383291039299999969e+00 1.374347497200000046e+00 5.737036304000000531e-01 8.136603742000000361e-01 8.204362730000000492e-02 -4.571414679199999748e-02
1.403638544877829313e+09 3.634603425799999954e+00 1.420869886099999979e+00 1.381661382599999932e+00 5.702869146000000278e-01 8.160217238000000428e-01 8.214957750000000114e-02 -4.618255366039999976e-02
1.403638544927829504e+09 3.606271617200000001e+00 1.458741703000000056e+00 1.387825875999999958e+00 5.688953460000000240e-01 8.169547522000000228e-01 8.241378150000000513e-02 -4.637873271899999733e-02
1.403638544977829456e+09 3.577873306799999931e+00 1.496684296099999978e+00 1.392818739600000022e+00 5.686039648999999807e-01 8.171162923000000466e-01 8.248129009999999317e-02 -4.698226034099999698e-02
1.403638545027829409e+09 3.549543366199999994e+00 1.534698547200000096e+00 1.396423942199999990e+00 5.693554425000000307e-01 8.165302372999999614e-01 8.274534899999999582e-02 -4.760208913950000204e-02
1.403638545077829361e+09 3.521462623600000175e+00 1.572782729500000087e+00 1.398603690599999894e+00 5.700963915000000215e-01 8.159879799000000489e-01 8.277270379999999983e-02 -4.798333757539999939e-02
1.403638545127829552e+09 3.493693568999999943e+00 1.610879308299999924e+00 1.399250201000000082e+00 5.704628698999999470e-01 8.156735594999999783e-01 8.326187540000000442e-02 -4.812710645820000160e-02
1.403638545177829266e+09 3.466321626200000061e+00 1.648663363000000048e+00 1.397898155900000106e+00 5.698152065999999571e-01 8.160895814999999942e-01 8.383409740000000165e-02 -4.775216681669999796e-02
1.403638545227829456e+09 3.439051619199999799e+00 1.686337955800000010e+00 1.394908490399999978e+00 5.690231305999999822e-01 8.165780182999999859e-01 8.470243019999999790e-02 -4.731294981860000026e-02
1.403638545277829409e+09 3.411730310299999847e+00 1.724200747800000100e+00 1.390742300000000098e+00 5.695620896999999960e-01 8.161301758000000239e-01 8.552911850000000094e-02 -4.706731394009999736e-02
1.403638545327829599e+09 3.384446930200000203e+00 1.762180061400000053e+00 1.385335966299999999e+00 5.714061757999999713e-01 8.148177059000000222e-01 8.576870150000000248e-02 -4.701933877859999777e-02
1.403638545377829313e+09 3.357098707700000073e+00 1.799830943599999955e+00 1.378584268200000018e+00 5.734854445999999495e-01 8.133548020999999961e-01 8.553851269999999951e-02 -4.745074895000000320e-02
1.403638545427829504e+09 3.329759802599999929e+00 1.836832698600000091e+00 1.370356302600000076e+00 5.730738250000000367e-01 8.136057512000000047e-01 8.534214599999999373e-02 -4.846432456409999895e-02
1.403638545477829456e+09 3.302297136700000024e+00 1.873401004600000030e+00 1.361624040499999966e+00 5.727464665000000510e-01 8.136415878999999629e-01 8.631532479999999563e-02 -4.998516020399999815e-02
1.403638545527829409e+09 3.274498385299999814e+00 1.909451271800000072e+00 1.354189124599999960e+00 5.720761592999999978e-01 8.136744625999999814e-01 8.909685230000000122e-02 -5.219662531949999934e-02
1.403638545577829361e+09 3.246502746300000020e+00 1.945312272200000026e+00 1.347601530900000011e+00 5.706666017000000535e-01 8.139828592000000196e-01 9.330532040000000249e-02 -5.536832811660000186e-02
1.403638545627829552e+09 3.218134062099999859e+00 1.980718167100000038e+00 1.342708944299999985e+00 5.697412517000000065e-01 8.136235988000000141e-01 9.857021200000000427e-02 -6.079028670839999732e-02
1.403638545677829266e+09 3.190034649099999786e+00 2.016245774000000157e+00 1.339435034200000096e+00 5.688490070999999704e-01 8.129490953000000353e-01 1.059085783999999947e-01 -6.563496523079999367e-02
1.403638545727829456e+09 3.162082685200000132e+00 2.051416283000000007e+00 1.337793413099999995e+00 5.666530607999999969e-01 8.129374595999999675e-01 1.139925915999999984e-01 -7.101186228589999316e-02
1.403638545777829409e+09 3.134383381000000135e+00 2.086484603300000185e+00 1.337971446699999900e+00 5.656715856999999792e-01 8.116462692999999451e-01 1.240286559000000066e-01 -7.656946674160000632e-02
1.403638545827829599e+09 3.106576538300000134e+00 2.121325799600000117e+00 1.340022906199999975e+00 5.648579768999999473e-01 8.098505067000000279e-01 1.349324271000000020e-01 -8.289066819170000378e-02
1.403638545877829313e+09 3.078722475100000189e+00 2.155684007700000127e+00 1.343995663500000104e+00 5.626591384000000362e-01 8.087205198000000372e-01 1.460252788999999995e-01 -8.979105045540000662e-02
1.403638545927829504e+09 3.051026617399999807e+00 2.190130710700000094e+00 1.349713398800000075e+00 5.611347747999999580e-01 8.066777846999999557e-01 1.588668168000000047e-01 -9.570815327680000373e-02
1.403638545977829456e+09 3.023328192700000194e+00 2.224323730400000088e+00 1.357392838500000032e+00 5.588796732999999906e-01 8.049677276000000159e-01 1.709970279999999954e-01 -1.021786903870000041e-01
1.403638546027829409e+09 2.996005688399999922e+00 2.258579279200000123e+00 1.366455545100000002e+00 5.576454350999999754e-01 8.027361132000000454e-01 1.824938241999999877e-01 -1.065002596460000034e-01
1.403638546077829361e+09 2.968564970600000130e+00 2.292915187499999785e+00 1.375421270399999951e+00 5.565055707999999601e-01 8.005560855000000142e-01 1.929397468999999865e-01 -1.103891193510000007e-01
1.403638546127829552e+09 2.940739308599999990e+00 2.327514605100000189e+00 1.383337325799999906e+00 5.555395717000000122e-01 7.985919247999999637e-01 2.013731428999999962e-01 -1.143484994850000047e-01
1.403638546177829266e+09 2.912231989999999993e+00 2.362221488399999902e+00 1.390012314500000068e+00 5.546471706000000168e-01 7.968638233000000515e-01 2.075401262999999885e-01 -1.195895445429999981e-01
1.403638546227829456e+09 2.883331302799999829e+00 2.397236661700000049e+00 1.394710373099999901e+00 5.532622353999999687e-01 7.960101746000000089e-01 2.123870046000000122e-01 -1.231278242400000028e-01
1.403638546277829409e+09 2.854310394500000125e+00 2.432219702199999833e+00 1.398066508799999941e+00 5.522782092000000365e-01 7.951805330000000227e-01 2.162977514999999962e-01 -1.260634054900000023e-01
1.403638546327829599e+09 2.824688953299999916e+00 2.467376541800000211e+00 1.400204467300000033e+00 5.511275772999999489e-01 7.947945418999999845e-01 2.179818048999999924e-01 -1.305525279189999888e-01
1.403638546377829313e+09 2.794821906100000142e+00 2.502808363100000211e+00 1.400739686499999914e+00 5.503292485999999872e-01 7.945790668000000112e-01 2.188789339999999972e-01 -1.336930701959999912e-01
1.403638546427829504e+09 2.764641949100000051e+00 2.538432226999999930e+00 1.399730596299999963e+00 5.490304287999999699e-01 7.949086373999999511e-01 2.191618241999999939e-01 -1.365794321300000114e-01
1.403638546477829456e+09 2.734808731000000215e+00 2.574027068599999968e+00 1.397099674399999936e+00 5.486764052000000502e-01 7.947337853999999480e-01 2.202133145000000070e-01 -1.373262857969999862e-01
1.403638546527829409e+09 2.704597639500000206e+00 2.609809218800000163e+00 1.393885020299999944e+00 5.482069051000000304e-01 7.946101932000000367e-01 2.212667970999999956e-01 -1.382202393610000024e-01
1.403638546577829361e+09 2.673895883400000173e+00 2.645928134500000084e+00 1.392052730799999916e+00 5.478719856000000554e-01 7.939995557000000259e-01 2.239315155999999918e-01 -1.387647982390000090e-01
1.403638546627829552e+09 2.643464661699999940e+00 2.681248114499999780e+00 1.390944164199999999e+00 5.474636805999999467e-01 7.929766245999999574e-01 2.272770782000000100e-01 -1.407718757299999957e-01
1.403638546677829266e+09 2.612631646200000102e+00 2.716732737900000139e+00 1.391588440999999898e+00 5.471950527000000175e-01 7.916619866999999866e-01 2.311113585000000026e-01 -1.429559828159999990e-01
1.403638546727829456e+09 2.581406394500000090e+00 2.752442407200000218e+00 1.394695076200000106e+00 5.468070131000000167e-01 7.905562685000000478e-01 2.344601792999999879e-01 -1.450906650849999868e-01
1.403638546777829409e+09 2.549462863900000098e+00 2.788974261599999949e+00 1.400802469500000091e+00 5.465758492000000190e-01 7.895201160000000495e-01 2.380021193000000090e-01 -1.458349021869999873e-01
1.403638546827829599e+09 2.517269127500000092e+00 2.825402114700000133e+00 1.408643845899999913e+00 5.462852823999999607e-01 7.886277028000000522e-01 2.413831697000000109e-01 -1.461947402269999918e-01
1.403638546877829313e+09 2.484466586299999946e+00 2.862422199200000072e+00 1.418188906299999941e+00 5.460086929999999894e-01 7.879679625000000076e-01 2.438281909999999997e-01 -1.467269935199999875e-01
1.403638546927829504e+09 2.451611274999999868e+00 2.899020560099999866e+00 1.426976791099999975e+00 5.458344145000000314e-01 7.873650123000000001e-01 2.463071993000000015e-01 -1.464714747089999880e-01
1.403638546977829456e+09 2.418428012100000135e+00 2.935411260700000025e+00 1.434180436999999975e+00 5.461342898000000057e-01 7.865302868000000336e-01 2.490306874999999864e-01 -1.452279658429999898e-01
1.403638547027829409e+09 2.384601018800000194e+00 2.971713006899999954e+00 1.439806692399999921e+00 5.463183078000000137e-01 7.858970960000000172e-01 2.509333691999999782e-01 -1.446876127199999973e-01
1.403638547077829361e+09 2.350327385299999960e+00 3.007863061900000190e+00 1.443886337599999958e+00 5.465687138999999473e-01 7.853942490999999970e-01 2.529644737999999782e-01 -1.429247682660000074e-01
1.403638547127829552e+09 2.315114015099999811e+00 3.044047976299999902e+00 1.446351873500000051e+00 5.467718159000000133e-01 7.848908408000000447e-01 2.554196812999999788e-01 -1.405266369169999863e-01
1.403638547177829266e+09 2.278990127800000209e+00 3.079804552400000173e+00 1.447692405600000010e+00 5.467344627000000346e-01 7.846999110000000277e-01 2.566172780000000042e-01 -1.395530352169999933e-01
1.403638547227829456e+09 2.241998953399999994e+00 3.115290250600000199e+00 1.448088111899999975e+00 5.468872729999999516e-01 7.844385677999999862e-01 2.577508425000000214e-01 -1.383291259220000013e-01
1.403638547277829409e+09 2.203987911500000063e+00 3.150420594099999860e+00 1.447799852900000017e+00 5.475420550999999802e-01 7.839583648000000293e-01 2.584568327999999804e-01 -1.371387828750000037e-01
1.403638547327829599e+09 2.164817136799999986e+00 3.185090940099999823e+00 1.446867085799999897e+00 5.475927884000000301e-01 7.839818778999999571e-01 2.586300646999999953e-01 -1.364735976620000124e-01
1.403638547377829313e+09 2.124199245999999874e+00 3.218765214499999860e+00 1.445639714999999992e+00 5.469675375000000450e-01 7.846660618999999892e-01 2.557060185999999735e-01 -1.404995238410000069e-01
1.403638547427829504e+09 2.082867311399999810e+00 3.252308558400000216e+00 1.443196646699999919e+00 5.456239204999999703e-01 7.858373728999999974e-01 2.537603760000000097e-01 -1.426878841969999867e-01
1.403638547477829456e+09 2.040622884099999812e+00 3.285695160399999981e+00 1.440486324100000104e+00 5.452038116999999851e-01 7.863791629999999921e-01 2.510582596000000000e-01 -1.460491902340000092e-01
1.403638547527829409e+09 1.997884901099999944e+00 3.318941644400000168e+00 1.436382053400000025e+00 5.439030725000000288e-01 7.875874937000000298e-01 2.487317473000000001e-01 -1.483506162590000066e-01
1.403638547577829361e+09 1.954694841900000091e+00 3.352390623499999833e+00 1.431118333699999967e+00 5.431038009999999971e-01 7.884835299000000353e-01 2.465975984999999870e-01 -1.500720123029999908e-01
1.403638547627829552e+09 1.911188819599999977e+00 3.385991979699999987e+00 1.424207928299999981e+00 5.428367413000000363e-01 7.889079690000000422e-01 2.453366543999999927e-01 -1.508721801569999910e-01
1.403638547677829266e+09 1.867499067200000029e+00 3.419900881299999806e+00 1.416027912599999938e+00 5.429100733999999706e-01 7.891724611999999528e-01 2.445173441000000059e-01 -1.505547978909999862e-01
1.403638547727829456e+09 1.823451078700000005e+00 3.453837226000000094e+00 1.406584878899999946e+00 5.432282730999999920e-01 7.891219897000000261e-01 2.448282438000000116e-01 -1.491598461370000073e-01
1.403638547777829409e+09 1.778940533799999946e+00 3.487746601800000068e+00 1.396105154500000056e+00 5.438409974000000258e-01 7.888250786999999598e-01 2.451975777000000023e-01 -1.478854716959999982e-01
1.403638547827829599e+09 1.734113575799999918e+00 3.521867773399999901e+00 1.384270000599999939e+00 5.450821353999999452e-01 7.879792731000000439e-01 2.476215901000000108e-01 -1.437277947379999865e-01
1.403638547877829313e+09 1.688523592799999973e+00 3.555670057399999973e+00 1.372172264800000097e+00 5.466130275999999677e-01 7.869549708999999948e-01 2.480404417000000028e-01 -1.428005990479999932e-01
1.403638547927829504e+09 1.642133859899999937e+00 3.589065505199999784e+00 1.360396325800000028e+00 5.454816568999999449e-01 7.878096694999999761e-01 2.476434886999999974e-01 -1.431027226500000138e-01
1.403638547977829456e+09 1.594869049199999944e+00 3.622738027700000085e+00 1.350539227799999908e+00 5.462913370999999962e-01 7.870203359999999870e-01 2.483959712000000097e-01 -1.430531623790000095e-01
1.403638548027829409e+09 1.547005188600000025e+00 3.655802365400000031e+00 1.342397065699999947e+00 5.445506868999999694e-01 7.877498806999999603e-01 2.488445629999999908e-01 -1.448829122970000105e-01
1.403638548077829361e+09 1.497844017800000094e+00 3.689262603400000007e+00 1.336368182099999968e+00 5.434044488999999478e-01 7.875766314000000046e-01 2.506697587999999755e-01 -1.469670934010000041e-01
1.403638548127829552e+09 1.448149316899999928e+00 3.722567891200000201e+00 1.332338337599999978e+00 5.426996915999999782e-01 7.867284575999999863e-01 2.534840870999999773e-01 -1.492688726970000102e-01
1.403638548177829266e+09 1.397319764899999983e+00 3.755884123399999996e+00 1.330406856600000021e+00 5.409077085000000285e-01 7.861211357999999816e-01 2.570950196999999826e-01 -1.527565434690000001e-01
1.403638548227829456e+09 1.346060488800000066e+00 3.788795813900000198e+00 1.330854149100000106e+00 5.400845610000000185e-01 7.843834088000000149e-01 2.616403769999999795e-01 -1.568299975930000090e-01
1.403638548277829409e+09 1.294632347000000072e+00 3.820968952099999871e+00 1.332703358100000068e+00 5.374421969999999549e-01 7.833690027999999916e-01 2.673464199000000208e-01 -1.612909856430000122e-01
1.403638548327829599e+09 1.242550115600000060e+00 3.853239992699999839e+00 1.337351321499999912e+00 5.364979994999999890e-01 7.807066663999999712e-01 2.737331625000000157e-01 -1.665447489920000024e-01
1.403638548377829313e+09 1.189841050999999927e+00 3.885331136400000052e+00 1.343871604400000086e+00 5.337712364000000154e-01 7.788277668999999959e-01 2.814763963999999952e-01 -1.711333251809999956e-01
1.403638548427829504e+09 1.136299539399999947e+00 3.917322058699999943e+00 1.352655301600000026e+00 5.317633419999999722e-01 7.763783976999999448e-01 2.888083727999999906e-01 -1.762216091280000008e-01
1.403638548477829456e+09 1.082549527500000108e+00 3.949536750300000065e+00 1.361886392900000020e+00 5.303846411000000538e-01 7.738441102999999988e-01 2.948983184999999785e-01 -1.813626402880000044e-01
1.403638548527829409e+09 1.028179651999999944e+00 3.981719299299999903e+00 1.370520285500000046e+00 5.290222809000000304e-01 7.717370092999999986e-01 3.000382591999999904e-01 -1.858344905000000047e-01
1.403638548577829361e+09 9.734650256000000335e-01 4.014333486800000017e+00 1.377698695799999928e+00 5.282442317000000109e-01 7.694220438000000106e-01 3.051444589000000263e-01 -1.893003155159999895e-01
1.403638548627829552e+09 9.184173705000000520e-01 4.047410936000000348e+00 1.383473560000000102e+00 5.273818365000000341e-01 7.676507106000000080e-01 3.092708982999999856e-01 -1.921777732590000121e-01
1.403638548677829266e+09 8.629863540000000111e-01 4.080783567700000170e+00 1.388311062499999915e+00 5.263957622999999586e-01 7.663514760999999842e-01 3.122216573000000106e-01 -1.952704614430000041e-01
1.403638548727829456e+09 8.074083507000000548e-01 4.114620362300000167e+00 1.392023347599999905e+00 5.256516120999999986e-01 7.652012080000000216e-01 3.152570156000000234e-01 -1.969022807019999988e-01
1.403638548777829409e+09 7.516110926000000303e-01 4.148621913799999561e+00 1.396066619600000003e+00 5.250937253999999887e-01 7.642331704000000503e-01 3.173592571000000140e-01 -1.987645412290000024e-01
1.403638548827829599e+09 6.954563096000000444e-01 4.182848983699999579e+00 1.401587605100000022e+00 5.242370524999999670e-01 7.636909292000000349e-01 3.192716279000000212e-01 -2.000432581959999956e-01
1.403638548877829313e+09 6.383930530000000436e-01 4.218156717400000311e+00 1.409154836999999993e+00 5.238192534000000178e-01 7.632353333000000406e-01 3.206361121999999897e-01 -2.006930477470000029e-01
1.403638548927829504e+09 5.807934746999999787e-01 4.253404244300000414e+00 1.418415717900000095e+00 5.236992811999999775e-01 7.626792157999999766e-01 3.211244822000000054e-01 -2.023327544350000118e-01
1.403638548977829456e+09 5.231146355000000359e-01 4.288699765199999625e+00 1.429104614699999942e+00 5.232580450999999577e-01 7.626496457000000451e-01 3.218751307000000117e-01 -2.023930246020000101e-01
1.403638549027829409e+09 4.654450757999999966e-01 4.323791146199999602e+00 1.441162589800000005e+00 5.226475752000000474e-01 7.627191210000000554e-01 3.230741824000000206e-01 -2.017972428960000120e-01
1.403638549077829361e+09 4.075487347999999788e-01 4.358758958500000169e+00 1.454971462500000090e+00 5.227547609999999567e-01 7.625843262000000511e-01 3.223727794999999841e-01 -2.031462436229999891e-01
1.403638549127829552e+09 3.498153849999999787e-01 4.393631671099999636e+00 1.470143297899999979e+00 5.227308268000000480e-01 7.626678818000000026e-01 3.215604377999999874e-01 -2.041790138510000130e-01
1.403638549177829266e+09 2.916311066000000229e-01 4.428962207899999726e+00 1.487490966500000011e+00 5.234543662999999736e-01 7.622066441000000525e-01 3.215010421999999757e-01 -2.041412207580000082e-01
1.403638549227829456e+09 2.327449145000000108e-01 4.464844500499999924e+00 1.505864970199999986e+00 5.230519157999999891e-01 7.625676831000000044e-01 3.210845996000000202e-01 -2.044795881170000107e-01
1.403638549277829409e+09 1.728748837999999899e-01 4.501603299800000180e+00 1.525811046100000068e+00 5.231524819999999742e-01 7.627034706999999969e-01 3.202701486000000264e-01 -2.049925076649999900e-01
1.403638549327829599e+09 1.128968577000000056e-01 4.538337963500000072e+00 1.547259965499999890e+00 5.229690782999999454e-01 7.630553193000000345e-01 3.189467183999999955e-01 -2.062108475730000112e-01
1.403638549377829313e+09 5.283307649999999939e-02 4.575057619399999886e+00 1.569579607999999959e+00 5.229856153999999924e-01 7.632885726999999454e-01 3.175398963000000130e-01 -2.074729263420000136e-01
1.403638549427829504e+09 -7.436756400000000232e-03 4.612268652100000033e+00 1.591255568700000067e+00 5.232568909000000490e-01 7.633541294000000255e-01 3.161286449999999859e-01 -2.086992552889999908e-01
1.403638549477829456e+09 -6.789173369999999819e-02 4.649797427300000230e+00 1.611379761000000022e+00 5.227895698000000202e-01 7.639167811000000530e-01 3.150190199999999829e-01 -2.094880291900000080e-01
1.403638549527829409e+09 -1.282467374000000049e-01 4.687839605699999801e+00 1.629900758100000013e+00 5.229725002999999761e-01 7.640025785999999819e-01 3.143670257999999773e-01 -2.096978705110000007e-01
1.403638549577829361e+09 -1.885747537999999945e-01 4.726051492499999895e+00 1.647321865099999894e+00 5.242051940999999937e-01 7.633545257999999611e-01 3.134042680999999941e-01 -2.104199306639999989e-01
1.403638549627829552e+09 -2.486065405000000006e-01 4.764834548699999672e+00 1.663428064999999956e+00 5.255013169000000151e-01 7.625949059000000085e-01 3.128297290000000008e-01 -2.107959583490000011e-01
1.403638549677829266e+09 -3.080857607999999970e-01 4.803663399200000406e+00 1.678578391300000083e+00 5.261607507000000128e-01 7.623498066999999656e-01 3.121335890999999974e-01 -2.110693234009999864e-01
1.403638549727829456e+09 -3.665963832999999950e-01 4.842531792800000012e+00 1.692943642999999998e+00 5.269462244000000517e-01 7.620017748999999840e-01 3.130335920999999799e-01 -2.090237829880000064e-01
1.403638549777829409e+09 -4.250366796999999752e-01 4.881250626499999967e+00 1.708042205599999974e+00 5.260498473000000397e-01 7.626882521000000192e-01 3.125997757000000266e-01 -2.094267614479999873e-01
1.403638549827829599e+09 -4.838163111000000072e-01 4.920680505400000015e+00 1.724720255100000044e+00 5.251398063000000116e-01 7.633804629999999536e-01 3.121284465999999980e-01 -2.098911276469999920e-01
1.403638549877829313e+09 -5.423622978000000039e-01 4.960554077000000284e+00 1.743317553000000020e+00 5.242624261999999646e-01 7.641792919000000017e-01 3.122204044999999928e-01 -2.090390806280000013e-01
1.403638549927829504e+09 -6.010584967000000001e-01 5.000869048900000280e+00 1.763456638799999920e+00 5.239664645999999593e-01 7.644484120000000216e-01 3.125903280999999811e-01 -2.082427819680000014e-01
1.403638549977829456e+09 -6.600984640999999487e-01 5.041361303499999558e+00 1.785144021400000058e+00 5.230944773000000270e-01 7.650378887000000017e-01 3.120089167000000274e-01 -2.091402223690000117e-01
1.403638550027829409e+09 -7.191357554999999735e-01 5.082351728799999968e+00 1.809025394500000106e+00 5.230728346999999889e-01 7.651323714000000109e-01 3.117182282000000026e-01 -2.092821302589999988e-01
1.403638550077829361e+09 -7.786634903000000385e-01 5.124343672900000257e+00 1.834898952200000100e+00 5.227487361000000554e-01 7.653089229999999743e-01 3.116565834999999729e-01 -2.095380283440000102e-01
1.403638550127829552e+09 -8.370309718999999760e-01 5.164929203099999810e+00 1.861709438799999949e+00 5.218299307999999526e-01 7.658586817000000435e-01 3.109245110000000145e-01 -2.109027059880000110e-01
1.403638550177829266e+09 -8.950485527999999524e-01 5.206221323100000298e+00 1.890324946900000080e+00 5.217608277999999933e-01 7.657689649000000154e-01 3.114088810999999790e-01 -2.106846925989999952e-01
1.403638550227829456e+09 -9.524911130000000004e-01 5.247043832000000130e+00 1.920637918800000010e+00 5.211905408000000461e-01 7.659600704000000260e-01 3.117626213999999951e-01 -2.108783030170000017e-01
1.403638550277829409e+09 -1.009727825999999995e+00 5.288133650499999838e+00 1.952861650100000013e+00 5.214623394999999828e-01 7.657038013000000420e-01 3.123743391000000091e-01 -2.102308002930000086e-01
1.403638550327829599e+09 -1.066866934499999919e+00 5.329643392300000393e+00 1.986268980800000028e+00 5.216664792999999856e-01 7.654744662000000366e-01 3.128082641000000108e-01 -2.099140679619999894e-01
1.403638550377829313e+09 -1.123333428300000048e+00 5.370431008399999762e+00 2.018368250900000049e+00 5.222162082000000316e-01 7.649656833000000322e-01 3.131395921999999832e-01 -2.099079111290000077e-01
1.403638550427829504e+09 -1.179930901399999899e+00 5.411793220299999874e+00 2.048930782799999850e+00 5.222271801000000213e-01 7.647991138999999938e-01 3.121938840999999853e-01 -2.118869192089999909e-01
1.403638550477829456e+09 -1.236344725599999972e+00 5.453795174299999715e+00 2.077271522100000212e+00 5.219071475000000015e-01 7.650174281999999604e-01 3.114917180999999813e-01 -2.129182317349999909e-01
1.403638550527829409e+09 -1.292736667700000064e+00 5.496510698199999823e+00 2.104247401999999934e+00 5.210366556000000093e-01 7.654942777000000032e-01 3.103119773999999942e-01 -2.150483458630000067e-01
1.403638550577829361e+09 -1.349058647299999913e+00 5.540647245299999746e+00 2.130161006699999859e+00 5.218688088999999808e-01 7.648835741999999716e-01 3.090824757000000256e-01 -2.169656365769999928e-01
1.403638550627829552e+09 -1.404756772200000059e+00 5.585306263299999685e+00 2.154571304500000117e+00 5.234559907000000401e-01 7.638125746999999688e-01 3.076858452999999827e-01 -2.188917477210000073e-01
1.403638550677829266e+09 -1.459760587199999904e+00 5.630387913999999938e+00 2.177992675700000103e+00 5.257445669000000432e-01 7.622444063000000103e-01 3.064815814999999888e-01 -2.205564680850000125e-01
1.403638550727829456e+09 -1.514802307599999898e+00 5.678178854999999636e+00 2.200450253600000128e+00 5.264734260000000221e-01 7.617105672999999744e-01 3.053582309999999800e-01 -2.222140727949999950e-01
1.403638550777829409e+09 -1.568527513899999892e+00 5.725303222700000028e+00 2.221555197999999898e+00 5.278527787000000249e-01 7.608525372000000120e-01 3.047134013999999724e-01 -2.227658043369999952e-01
1.403638550827829599e+09 -1.621507076599999930e+00 5.773042902800000320e+00 2.242025200300000076e+00 5.310907929000000527e-01 7.586981019999999853e-01 3.035761318999999903e-01 -2.239671667389999954e-01
1.403638550877829313e+09 -1.673670483500000028e+00 5.821053291900000204e+00 2.261808792200000084e+00 5.350420884000000044e-01 7.558866197000000398e-01 3.020231186999999817e-01 -2.261579481529999991e-01
1.403638550927829504e+09 -1.724764554100000069e+00 5.869269759199999825e+00 2.280489685700000102e+00 5.396582169000000428e-01 7.528494866999999591e-01 3.006238658000000008e-01 -2.271826371769999908e-01
1.403638550977829456e+09 -1.774693924299999948e+00 5.916814855300000175e+00 2.297865793999999795e+00 5.429808295000000395e-01 7.504303252999999785e-01 2.992680593000000000e-01 -2.290519029860000055e-01
1.403638551027829409e+09 -1.823240655200000004e+00 5.963903419100000214e+00 2.314076801700000185e+00 5.455047612000000212e-01 7.486658985999999905e-01 2.981140090000000131e-01 -2.303301227660000117e-01
1.403638551077829361e+09 -1.869909261699999936e+00 6.010479106500000057e+00 2.329841229299999927e+00 5.476658811000000293e-01 7.471122869999999860e-01 2.974221389999999743e-01 -2.311393183919999983e-01
1.403638551127829552e+09 -1.914942139299999901e+00 6.056464770899999905e+00 2.346178936799999892e+00 5.477147153000000435e-01 7.470306867999999545e-01 2.961737429999999893e-01 -2.328837854190000112e-01
1.403638551177829266e+09 -1.957992387800000067e+00 6.101906844000000163e+00 2.363996889700000104e+00 5.478689925999999932e-01 7.465943297999999562e-01 2.946592054000000127e-01 -2.358228704850000024e-01
1.403638551227829456e+09 -1.998781090100000046e+00 6.147132745000000398e+00 2.382927565600000186e+00 5.473973573999999509e-01 7.467594079999999579e-01 2.941366259000000039e-01 -2.370446478319999939e-01
1.403638551277829409e+09 -2.037394349099999946e+00 6.192280164599999637e+00 2.403082497599999812e+00 5.464841957999999611e-01 7.478385139000000015e-01 2.930248134999999809e-01 -2.371266318019999986e-01
1.403638551327829599e+09 -2.073349197100000207e+00 6.236969044600000345e+00 2.423994006800000101e+00 5.442347427999999487e-01 7.505302031999999679e-01 2.917412570999999843e-01 -2.353720411649999900e-01
1.403638551377829313e+09 -2.107418265699999793e+00 6.281415999700000086e+00 2.444977498300000107e+00 5.426208930000000485e-01 7.538884980000000180e-01 2.875318798000000009e-01 -2.335382562059999945e-01
1.403638551427829504e+09 -2.139006195699999946e+00 6.326265904699999609e+00 2.464562600099999834e+00 5.415858731999999565e-01 7.578096802999999548e-01 2.818775075000000130e-01 -2.301180157219999967e-01
1.403638551477829456e+09 -2.168677371199999815e+00 6.370874591699999812e+00 2.483088647399999793e+00 5.410127362000000106e-01 7.621695357000000115e-01 2.743996427000000016e-01 -2.260700206830000003e-01
1.403638551527829409e+09 -2.196655163199999983e+00 6.415920679900000145e+00 2.500519005900000202e+00 5.409515740000000461e-01 7.667016721999999618e-01 2.647070149999999900e-01 -2.224188317259999936e-01
1.403638551577829361e+09 -2.222456833399999887e+00 6.461023357600000239e+00 2.516382313499999857e+00 5.426192263000000349e-01 7.703135024999999692e-01 2.537968212999999751e-01 -2.185604187300000112e-01
1.403638551627829552e+09 -2.246290958499999935e+00 6.506389732699999762e+00 2.530741791900000148e+00 5.421762571999999558e-01 7.753412863999999960e-01 2.420427653999999984e-01 -2.151885112880000117e-01
1.403638551677829266e+09 -2.267981171899999815e+00 6.552450887300000026e+00 2.543793856499999784e+00 5.430298586999999788e-01 7.794381007999999778e-01 2.305263009000000085e-01 -2.108374827489999936e-01
1.403638551727829456e+09 -2.287296865400000101e+00 6.599375058799999749e+00 2.555810961000000159e+00 5.451903706999999821e-01 7.826515511999999619e-01 2.193331669999999956e-01 -2.052241970919999881e-01
1.403638551777829409e+09 -2.304288885800000131e+00 6.646980104099999842e+00 2.565805791299999861e+00 5.472304568000000424e-01 7.858520708999999771e-01 2.082053859000000118e-01 -1.990624701110000061e-01
1.403638551827829599e+09 -2.319131183300000121e+00 6.695589157499999722e+00 2.574828298699999962e+00 5.495746878999999696e-01 7.884370861999999702e-01 1.978032063000000063e-01 -1.928950881619999891e-01
1.403638551877829313e+09 -2.331126062000000054e+00 6.744059476200000347e+00 2.583210727900000059e+00 5.525588483000000162e-01 7.899849722999999768e-01 1.898774715000000057e-01 -1.858736361470000042e-01
1.403638551927829504e+09 -2.340508226899999933e+00 6.792887250299999735e+00 2.592208484599999974e+00 5.561510815000000330e-01 7.905784259999999453e-01 1.852130337000000015e-01 -1.771379661849999954e-01
1.403638551977829456e+09 -2.347797713999999925e+00 6.842029126499999947e+00 2.602928008600000176e+00 5.601570528999999521e-01 7.902004422999999722e-01 1.814667360999999979e-01 -1.699328125769999920e-01
1.403638552027829409e+09 -2.352717579900000189e+00 6.891212887500000051e+00 2.615982283200000147e+00 5.638555197000000296e-01 7.897713911000000531e-01 1.786967356999999978e-01 -1.624671638530000017e-01
1.403638552077829361e+09 -2.355705051799999783e+00 6.939575269899999732e+00 2.630727773099999833e+00 5.662605274999999994e-01 7.896912266000000180e-01 1.761986265000000107e-01 -1.571331461669999985e-01
1.403638552127829552e+09 -2.356955737999999911e+00 6.987383498199999821e+00 2.646775336100000153e+00 5.660872391000000281e-01 7.910747861000000380e-01 1.740374403999999930e-01 -1.531564231280000132e-01
1.403638552177829266e+09 -2.356563711100000180e+00 7.034603248899999883e+00 2.664466444799999945e+00 5.644399519999999670e-01 7.931184986999999520e-01 1.715896426000000086e-01 -1.514185658399999912e-01
1.403638552227829456e+09 -2.354556717299999935e+00 7.081745431299999893e+00 2.683583478100000086e+00 5.628123273999999787e-01 7.949210248000000423e-01 1.704117282000000011e-01 -1.493408565269999932e-01
1.403638552277829409e+09 -2.351095038299999995e+00 7.128806537400000032e+00 2.703288987000000088e+00 5.612732557999999816e-01 7.964754281000000491e-01 1.692991212999999939e-01 -1.481115533110000104e-01
1.403638552327829599e+09 -2.346067683599999842e+00 7.175458209400000342e+00 2.723209906900000199e+00 5.609161645000000362e-01 7.969795617999999582e-01 1.683825355000000135e-01 -1.477970103119999878e-01
1.403638552377829313e+09 -2.340130311599999846e+00 7.222232167199999608e+00 2.742473052999999883e+00 5.616123255999999619e-01 7.965172271999999554e-01 1.662752493999999914e-01 -1.500148123280000134e-01
1.403638552427829504e+09 -2.332801647600000194e+00 7.269453230099999885e+00 2.760707551399999904e+00 5.654748044999999834e-01 7.938104151999999525e-01 1.641854130000000023e-01 -1.521394766180000080e-01
1.403638552477829456e+09 -2.323821867799999996e+00 7.316766605899999831e+00 2.777890695099999974e+00 5.688598147000000216e-01 7.912453569999999825e-01 1.623283614999999902e-01 -1.548508937729999868e-01
1.403638552527829409e+09 -2.313073040299999938e+00 7.363876299300000206e+00 2.793548176899999902e+00 5.719162410999999446e-01 7.889362802999999591e-01 1.609391111000000041e-01 -1.568118661929999991e-01
1.403638552577829361e+09 -2.300495271299999978e+00 7.410345978199999628e+00 2.807746192799999818e+00 5.747897500999999965e-01 7.866625143000000042e-01 1.603297281000000130e-01 -1.583452245289999893e-01
1.403638552627829552e+09 -2.285938508000000091e+00 7.456615434099999717e+00 2.820573561099999793e+00 5.765083857999999672e-01 7.852466598999999770e-01 1.607851849999999971e-01 -1.586628139110000113e-01
1.403638552677829266e+09 -2.269128260100000016e+00 7.501692198799999822e+00 2.831243490299999888e+00 5.764763465000000142e-01 7.850576749000000021e-01 1.622532137000000096e-01 -1.582193530319999930e-01
1.403638552727829456e+09 -2.250213554500000157e+00 7.546093001000000022e+00 2.840743054299999848e+00 5.759243796999999887e-01 7.852621162999999793e-01 1.628282510000000072e-01 -1.586237002820000130e-01
1.403638552777829409e+09 -2.229097255700000169e+00 7.589760474400000234e+00 2.848763965799999909e+00 5.755424224999999838e-01 7.853390060999999589e-01 1.645599955000000003e-01 -1.578403408709999900e-01
1.403638552827829599e+09 -2.206189886699999825e+00 7.632825278800000390e+00 2.855654351200000107e+00 5.752005046000000510e-01 7.853175228000000008e-01 1.661533882000000018e-01 -1.575240282079999887e-01
1.403638552877829313e+09 -2.181209582200000163e+00 7.675084515800000062e+00 2.861130566399999964e+00 5.746263945999999789e-01 7.855060498000000502e-01 1.687598999000000100e-01 -1.559001234300000094e-01
1.403638552927829504e+09 -2.154438256200000179e+00 7.716437775700000223e+00 2.865039487599999823e+00 5.734845476000000053e-01 7.860031536999999568e-01 1.720528812000000074e-01 -1.539880585439999949e-01
1.403638552977829456e+09 -2.125983676300000180e+00 7.757010658399999592e+00 2.867650132500000115e+00 5.738539002000000444e-01 7.855076377999999915e-01 1.752570149000000077e-01 -1.515071974870000060e-01
1.403638553027829409e+09 -2.096143090300000011e+00 7.796690053799999909e+00 2.868890227900000145e+00 5.728247318000000421e-01 7.859699181999999507e-01 1.785638562000000096e-01 -1.491243227400000093e-01
1.403638553077829361e+09 -2.065382115399999829e+00 7.835548718500000120e+00 2.868952152399999900e+00 5.732162748000000363e-01 7.853348086000000450e-01 1.811394283999999966e-01 -1.478541449349999870e-01
1.403638553127829552e+09 -2.033994680300000191e+00 7.873813246200000115e+00 2.868712878200000205e+00 5.743597151999999539e-01 7.840994927000000114e-01 1.818783303000000018e-01 -1.490609810440000071e-01
1.403638553177829266e+09 -2.001662876700000204e+00 7.911525669000000427e+00 2.868037291699999880e+00 5.774896993999999451e-01 7.813830497999999514e-01 1.812291384999999977e-01 -1.519939997599999981e-01
1.403638553227829456e+09 -1.968083120600000013e+00 7.948371277899999754e+00 2.867163731000000215e+00 5.814230659000000356e-01 7.780816580999999621e-01 1.802269203000000097e-01 -1.550948384209999975e-01
1.403638553277829409e+09 -1.932839003200000016e+00 7.983954939200000211e+00 2.866863133099999850e+00 5.851321059999999852e-01 7.749642799000000526e-01 1.801752527000000104e-01 -1.568045335240000060e-01
1.403638553327829599e+09 -1.896140113299999985e+00 8.018460883899999558e+00 2.867936469800000054e+00 5.884645795999999818e-01 7.721183216000000460e-01 1.808959064000000005e-01 -1.575417630000000013e-01
1.403638553377829313e+09 -1.857355405899999923e+00 8.050991583600000112e+00 2.869577079499999961e+00 5.903323756999999672e-01 7.704507177999999623e-01 1.827851800999999998e-01 -1.565341992719999908e-01
1.403638553427829504e+09 -1.816856528099999979e+00 8.081946393999999145e+00 2.872704677899999837e+00 5.932618170000000246e-01 7.681951567000000480e-01 1.854254469000000127e-01 -1.534080224259999903e-01
1.403638553477829456e+09 -1.775095216199999992e+00 8.111095177399999301e+00 2.877190650300000208e+00 5.951516125000000379e-01 7.665955182999999451e-01 1.880368493000000030e-01 -1.508907315269999994e-01
1.403638553527829409e+09 -1.732127050299999915e+00 8.138409949999999782e+00 2.883705389500000216e+00 5.968615080000000406e-01 7.651749031000000256e-01 1.902110129000000038e-01 -1.486051093469999973e-01
1.403638553577829361e+09 -1.687386007700000023e+00 8.162666397800000695e+00 2.891744270099999792e+00 5.987828319000000343e-01 7.636097067999999544e-01 1.923236104000000113e-01 -1.461881143619999934e-01
1.403638553627829552e+09 -1.640958895999999889e+00 8.183570136300000186e+00 2.900236014099999871e+00 5.991023091999999606e-01 7.633284527000000486e-01 1.936749342000000096e-01 -1.445548903699999943e-01
1.403638553677829266e+09 -1.593511891999999985e+00 8.201530302900000180e+00 2.910722346600000066e+00 5.986936523000000454e-01 7.635153376000000103e-01 1.947466112000000027e-01 -1.438193217959999881e-01
1.403638553727829456e+09 -1.545166587199999997e+00 8.217315253400000685e+00 2.924126477899999799e+00 5.983688158000000090e-01 7.636982652999999566e-01 1.955463256999999955e-01 -1.431130821399999864e-01
1.403638553777829409e+09 -1.495510093800000107e+00 8.229686971699999631e+00 2.938108398799999854e+00 5.971038869000000471e-01 7.646367490000000045e-01 1.962669307000000085e-01 -1.423969179629999970e-01
1.403638553827829599e+09 -1.445892450399999918e+00 8.240932385200000709e+00 2.954433208499999797e+00 5.958110607000000059e-01 7.656497402999999924e-01 1.967719249000000059e-01 -1.416702677710000025e-01
1.403638553877829313e+09 -1.395288110499999901e+00 8.249417450399999296e+00 2.972264039100000144e+00 5.943033658999999913e-01 7.668677797999999823e-01 1.970407842999999937e-01 -1.410398770079999975e-01
1.403638553927829504e+09 -1.344096275999999923e+00 8.255809172299999332e+00 2.990414069899999916e+00 5.931381261999999488e-01 7.678296287000000442e-01 1.973019970999999873e-01 -1.403450973910000121e-01
1.403638553977829456e+09 -1.292666684999999926e+00 8.260197357299999155e+00 3.007649811099999848e+00 5.904861804000000047e-01 7.698810412000000047e-01 1.962942115999999904e-01 -1.416962792600000021e-01
1.403638554027829409e+09 -1.240565697899999931e+00 8.262930343900000807e+00 3.023655263100000212e+00 5.876890980000000209e-01 7.720455833999999573e-01 1.953660339999999940e-01 -1.428259569670000118e-01
1.403638554077829361e+09 -1.187738495799999905e+00 8.264174607499999325e+00 3.038598292000000090e+00 5.860859272999999758e-01 7.732978629000000215e-01 1.960058682999999968e-01 -1.417582471219999973e-01
1.403638554127829552e+09 -1.134432801500000032e+00 8.263761750300000486e+00 3.052249238299999945e+00 5.846717876000000480e-01 7.743383539999999510e-01 1.963399553999999880e-01 -1.414554216249999941e-01
1.403638554177829266e+09 -1.080642628299999908e+00 8.262070087099999682e+00 3.063424682499999996e+00 5.807323336999999919e-01 7.772921099999999806e-01 1.983918550000000058e-01 -1.385915010859999907e-01
1.403638554227829456e+09 -1.026810775800000020e+00 8.259290008300000707e+00 3.072961336000000099e+00 5.753473210999999754e-01 7.812215576000000050e-01 2.003169827999999875e-01 -1.361669729159999953e-01
1.403638554277829409e+09 -9.729440040000000289e-01 8.255648364800000749e+00 3.081331287099999816e+00 5.703848167999999719e-01 7.848092481999999759e-01 2.018458770999999874e-01 -1.341411446340000091e-01
1.403638554327829599e+09 -9.191690247999999563e-01 8.251387165700000637e+00 3.088577430399999990e+00 5.667447023999999667e-01 7.873303963000000127e-01 2.037323386000000069e-01 -1.319258263920000118e-01
1.403638554377829313e+09 -8.656078738000000383e-01 8.246248339099999214e+00 3.094637904399999861e+00 5.637087178999999892e-01 7.894294080999999519e-01 2.050040931999999871e-01 -1.304109381409999935e-01
1.403638554427829504e+09 -8.128058939000000205e-01 8.241250349199999548e+00 3.100359479200000212e+00 5.619426856000000470e-01 7.906184875999999750e-01 2.056450589999999912e-01 -1.298188545400000005e-01
1.403638554477829456e+09 -7.606800652999999857e-01 8.235981772400000622e+00 3.105134329499999790e+00 5.606020867000000019e-01 7.915044028000000065e-01 2.065501197999999872e-01 -1.287754972869999959e-01
1.403638554527829409e+09 -7.094359797000000523e-01 8.230762190100000097e+00 3.109330597700000087e+00 5.601604194999999509e-01 7.917930395000000177e-01 2.065960115999999902e-01 -1.288494276790000115e-01
1.403638554577829361e+09 -6.588247828000000084e-01 8.225239087700000340e+00 3.112676276799999808e+00 5.594546753000000372e-01 7.921989493000000104e-01 2.059401486000000114e-01 -1.304605163279999869e-01
1.403638554627829552e+09 -6.088583772000000227e-01 8.219356559699999565e+00 3.116592210799999929e+00 5.583906856999999446e-01 7.929522895999999710e-01 2.045627995000000032e-01 -1.325917399310000133e-01
1.403638554677829266e+09 -5.595240254000000135e-01 8.213491357600000597e+00 3.122568751799999820e+00 5.582697184999999562e-01 7.930178776999999846e-01 2.015606547000000082e-01 -1.372256153879999885e-01
1.403638554727829456e+09 -5.097077233000000263e-01 8.207263437800000005e+00 3.129430605100000040e+00 5.590132008000000541e-01 7.925038491000000462e-01 2.007191180000000019e-01 -1.383969874519999921e-01
1.403638554777829409e+09 -4.602038397000000058e-01 8.200676913200000584e+00 3.137636371800000212e+00 5.589224542999999823e-01 7.924951868999999816e-01 1.982725555000000028e-01 -1.422851455609999982e-01
1.403638554827829599e+09 -4.108472169999999868e-01 8.195182459199999769e+00 3.146698601199999779e+00 5.590554336999999929e-01 7.923218463000000211e-01 1.978959760000000012e-01 -1.432490720669999940e-01
1.403638554877829313e+09 -3.616241819000000079e-01 8.190263790699999547e+00 3.157327804999999987e+00 5.595677934999999659e-01 7.919710226999999714e-01 1.963471562000000115e-01 -1.453051200409999910e-01
1.403638554927829504e+09 -3.122512544000000112e-01 8.185626695599999891e+00 3.168357586800000014e+00 5.600190304000000063e-01 7.916849977000000038e-01 1.953732545999999903e-01 -1.464337442080000107e-01
1.403638554977829456e+09 -2.625904709999999920e-01 8.181453665999999458e+00 3.178772569699999995e+00 5.607664865000000498e-01 7.915164302999999624e-01 1.930759274999999942e-01 -1.475275377980000135e-01
1.403638555027829409e+09 -2.124369235000000133e-01 8.177468258899999398e+00 3.187555421499999930e+00 5.615925078000000292e-01 7.917728531000000070e-01 1.906909803000000070e-01 -1.461046001920000004e-01
1.403638555077829361e+09 -1.615748394000000032e-01 8.173649511200000717e+00 3.194182894099999892e+00 5.617102015999999587e-01 7.928811606000000234e-01 1.879198421000000119e-01 -1.432035181540000091e-01
1.403638555127829552e+09 -1.101312878000000051e-01 8.170221191399999583e+00 3.200139344800000174e+00 5.620240225000000533e-01 7.941942772000000206e-01 1.844535421000000064e-01 -1.391450284200000109e-01
1.403638555177829266e+09 -5.832861730000000328e-02 8.166961048299999248e+00 3.204389477799999941e+00 5.617440612999999860e-01 7.960811376999999966e-01 1.795322696999999967e-01 -1.358918535099999936e-01
1.403638555227829456e+09 -6.242676100000000422e-03 8.164043537299999542e+00 3.207093184100000105e+00 5.622401092000000045e-01 7.974930449999999560e-01 1.742487309000000095e-01 -1.323944203469999970e-01
1.403638555277829409e+09 4.615668590000000099e-02 8.160839431299999447e+00 3.208455055299999970e+00 5.624448131999999489e-01 7.988858824000000247e-01 1.697602763000000126e-01 -1.289132560930000004e-01
1.403638555327829599e+09 9.873403880000000687e-02 8.157842431000000616e+00 3.208905067099999897e+00 5.630297872999999731e-01 7.998201356999999900e-01 1.659028093000000093e-01 -1.255446811450000033e-01
1.403638555377829313e+09 1.515971911000000005e-01 8.155290156999999596e+00 3.208522525999999875e+00 5.642841551999999705e-01 8.000803792999999775e-01 1.641695488999999897e-01 -1.204289750419999944e-01
1.403638555427829504e+09 2.044227603999999865e-01 8.153041801100000541e+00 3.206969298599999796e+00 5.647301581000000459e-01 8.007325570000000114e-01 1.623514558999999968e-01 -1.164011402520000044e-01
1.403638555477829456e+09 2.571737403000000088e-01 8.150873409300000816e+00 3.204278111199999834e+00 5.656421638999999946e-01 8.008689046000000422e-01 1.605090419000000102e-01 -1.135552181149999951e-01
1.403638555527829409e+09 3.095493249999999863e-01 8.148754911099999276e+00 3.200809433499999912e+00 5.658182425000000126e-01 8.013324011000000358e-01 1.581599130999999936e-01 -1.127011150849999976e-01
1.403638555577829361e+09 3.619961858999999893e-01 8.146655171999999112e+00 3.197059062800000184e+00 5.667022846000000502e-01 8.011432135999999593e-01 1.574937208999999949e-01 -1.105160616810000052e-01
1.403638555627829552e+09 4.141071841999999781e-01 8.144481223499999700e+00 3.194147800000000093e+00 5.662635079000000182e-01 8.017588944000000328e-01 1.563438917999999955e-01 -1.099313529799999939e-01
1.403638555677829266e+09 4.662690946999999975e-01 8.142168080499999405e+00 3.194027505199999784e+00 5.659140779000000343e-01 8.021868712999999929e-01 1.552933193999999906e-01 -1.100975245929999985e-01
1.403638555727829456e+09 5.186968560000000394e-01 8.139288408500000571e+00 3.195481036799999952e+00 5.653280040999999478e-01 8.026786884000000066e-01 1.545314043999999887e-01 -1.105948279269999973e-01
1.403638555777829409e+09 5.713714162999999902e-01 8.136287786500000507e+00 3.199636227700000113e+00 5.643849647999999997e-01 8.033746875999999704e-01 1.550349021000000105e-01 -1.096489941530000012e-01
1.403638555827829599e+09 6.239376366000000118e-01 8.133101564100000402e+00 3.206748488600000169e+00 5.642517295000000210e-01 8.034124229000000339e-01 1.554879740000000010e-01 -1.094164271299999935e-01
1.403638555877829313e+09 6.766628076999999797e-01 8.129565261399999798e+00 3.214573794400000128e+00 5.636999688999999591e-01 8.037342536999999565e-01 1.559595057000000007e-01 -1.092255784010000008e-01
1.403638555927829504e+09 7.290888246000000183e-01 8.126967611399999569e+00 3.223083651300000074e+00 5.637040551999999982e-01 8.036644588000000367e-01 1.570325009999999910e-01 -1.081756416140000066e-01
1.403638555977829456e+09 7.808092910999999692e-01 8.125569855900000249e+00 3.233770122800000202e+00 5.643044793999999476e-01 8.031301574000000443e-01 1.579793871999999877e-01 -1.076332573299999956e-01
1.403638556027829409e+09 8.322057992000000404e-01 8.124521823500000295e+00 3.246022415200000122e+00 5.643409324999999477e-01 8.030548471999999771e-01 1.587024582000000072e-01 -1.069380855159999949e-01
1.403638556077829361e+09 8.835263724999999901e-01 8.123657203500000534e+00 3.257985912100000103e+00 5.633837103000000068e-01 8.036959193999999584e-01 1.592135045999999998e-01 -1.064082890690000033e-01
1.403638556127829552e+09 9.345043868000000309e-01 8.122434010799999271e+00 3.269568711499999836e+00 5.610404110000000166e-01 8.052967506999999525e-01 1.590337978999999957e-01 -1.069535018899999967e-01
1.403638556177829266e+09 9.855010063000000375e-01 8.121333181300000703e+00 3.279135844099999808e+00 5.572459439000000403e-01 8.079612500999999725e-01 1.582279813999999951e-01 -1.078864323790000024e-01
1.403638556227829456e+09 1.036378502300000060e+00 8.120597768599999711e+00 3.286909476599999991e+00 5.542461120999999657e-01 8.100065043999999936e-01 1.586179873000000129e-01 -1.074292517449999956e-01
1.403638556277829409e+09 1.086850109200000025e+00 8.120476261700000364e+00 3.293638190899999874e+00 5.522255704999999848e-01 8.113678104999999530e-01 1.580873368999999862e-01 -1.083401556230000062e-01
1.403638556327829599e+09 1.136860741700000066e+00 8.120869900400000674e+00 3.299560949299999990e+00 5.503437150000000111e-01 8.126522037000000198e-01 1.582923410000000031e-01 -1.079894717989999947e-01
1.403638556377829313e+09 1.186382791500000033e+00 8.122213091200000790e+00 3.304816942800000046e+00 5.489178044000000423e-01 8.135991350000000288e-01 1.580942264000000097e-01 -1.084062129989999956e-01
1.403638556427829504e+09 1.235519187700000021e+00 8.124853525700000745e+00 3.309640970099999802e+00 5.472540271000000400e-01 8.147096306000000121e-01 1.582969116999999870e-01 -1.081819544470000033e-01
1.403638556477829456e+09 1.284009762199999960e+00 8.128847502599999331e+00 3.314081800299999880e+00 5.440297841000000245e-01 8.169302134000000493e-01 1.582397637999999884e-01 -1.077812487350000015e-01
1.403638556527829409e+09 1.332064492800000055e+00 8.134289012500000027e+00 3.318530662900000205e+00 5.417600231000000433e-01 8.184751037999999923e-01 1.583067310999999866e-01 -1.073944169269999971e-01
1.403638556577829361e+09 1.379486213400000105e+00 8.141226378800000774e+00 3.323526635099999904e+00 5.402975697999999882e-01 8.195292709000000508e-01 1.568894480999999952e-01 -1.087934340229999991e-01
1.403638556627829552e+09 1.425908792800000047e+00 8.149840479499999901e+00 3.328780902300000122e+00 5.396298719000000021e-01 8.200228417999999575e-01 1.537020672999999948e-01 -1.128619278770000012e-01
1.403638556677829266e+09 1.472406676499999900e+00 8.159989962799999219e+00 3.335004240299999978e+00 5.401483072999999635e-01 8.197485617999999974e-01 1.502778493999999965e-01 -1.169130855890000015e-01
1.403638556727829456e+09 1.519208938700000067e+00 8.171905508000000040e+00 3.343347800400000125e+00 5.436445388999999739e-01 8.174623711999999820e-01 1.481596383000000072e-01 -1.193926651599999944e-01
1.403638556777829409e+09 1.566976492200000015e+00 8.184128957800000492e+00 3.353298973599999844e+00 5.471214457999999947e-01 8.150963879999999495e-01 1.468559059000000000e-01 -1.212820870820000008e-01
1.403638556827829599e+09 1.615357995799999946e+00 8.197465876000000762e+00 3.364878005200000022e+00 5.498537261000000509e-01 8.132324978999999621e-01 1.449907776999999898e-01 -1.236586373369999992e-01
1.403638556877829313e+09 1.663884247499999969e+00 8.212945909100000108e+00 3.378153027699999811e+00 5.513605390000000384e-01 8.121625166000000506e-01 1.433319982000000048e-01 -1.258949599039999867e-01
1.403638556927829504e+09 1.713246128800000045e+00 8.229669659700000750e+00 3.392735558800000106e+00 5.533899983000000189e-01 8.107567647000000211e-01 1.422106020999999998e-01 -1.273150535889999990e-01
1.403638556977829456e+09 1.763248918099999951e+00 8.247221114600000291e+00 3.406711308899999846e+00 5.546678632000000553e-01 8.098597436000000149e-01 1.413940783000000034e-01 -1.283685002069999970e-01
1.403638557027829409e+09 1.814205537899999943e+00 8.265636149100000551e+00 3.419024270300000001e+00 5.554172630000000499e-01 8.093167039999999979e-01 1.420745079000000077e-01 -1.278005115589999907e-01
1.403638557077829361e+09 1.866003258099999895e+00 8.284813300299999739e+00 3.429504624299999804e+00 5.559594866999999496e-01 8.089441579999999687e-01 1.432823776000000104e-01 -1.264458724420000069e-01
1.403638557127829552e+09 1.918473997600000036e+00 8.304706897100000873e+00 3.438160794499999895e+00 5.567360433000000386e-01 8.084152224999999747e-01 1.447739127000000070e-01 -1.247009234600000016e-01
1.403638557177829266e+09 1.971422190199999980e+00 8.325246999000000869e+00 3.445282964800000070e+00 5.573451504999999973e-01 8.079606555999999662e-01 1.453398626000000082e-01 -1.242669972560000030e-01
1.403638557227829456e+09 2.024814030799999998e+00 8.346840366300000369e+00 3.450585909299999976e+00 5.580130636000000255e-01 8.075117053999999461e-01 1.462212670999999964e-01 -1.231487211030000001e-01
1.403638557277829409e+09 2.079016675800000158e+00 8.368563141399999239e+00 3.454521952099999904e+00 5.582189641999999452e-01 8.073143766000000499e-01 1.467466288000000008e-01 -1.228841419369999938e-01
1.403638557327829599e+09 2.133991385799999918e+00 8.391081267000000565e+00 3.457366313400000113e+00 5.585206311999999507e-01 8.071222357999999764e-01 1.476489249999999864e-01 -1.216889311800000012e-01
1.403638557377829313e+09 2.189595520300000153e+00 8.414099243000000783e+00 3.460069601299999853e+00 5.588123246999999738e-01 8.068759890000000157e-01 1.491895419000000000e-01 -1.200933169519999982e-01
1.403638557427829504e+09 2.245694974300000091e+00 8.437569822400000419e+00 3.463667466800000039e+00 5.597338437000000111e-01 8.062395414999999899e-01 1.511387727000000070e-01 -1.176133380800000044e-01
1.403638557477829456e+09 2.302364047899999822e+00 8.461972082999999145e+00 3.468230155300000117e+00 5.606836340999999946e-01 8.055409997000000377e-01 1.543772351999999903e-01 -1.136011861740000017e-01
1.403638557527829409e+09 2.358900744800000115e+00 8.486521480900000469e+00 3.474930128300000032e+00 5.613140428999999765e-01 8.051376901000000252e-01 1.561686294999999891e-01 -1.108657041520000053e-01
1.403638557577829361e+09 2.415785853400000072e+00 8.510241050399999452e+00 3.483266125600000152e+00 5.624245635000000298e-01 8.043405892999999640e-01 1.581259167999999882e-01 -1.082174716079999932e-01
1.403638557627829552e+09 2.472140213599999914e+00 8.534556891899999442e+00 3.492618583900000129e+00 5.630428705000000145e-01 8.038985636000000046e-01 1.592329748999999905e-01 -1.066521690150000062e-01
1.403638557677829266e+09 2.527948720900000001e+00 8.559042726199999507e+00 3.503440077900000116e+00 5.630130429999999908e-01 8.038836669000000157e-01 1.602599073000000041e-01 -1.053761155379999981e-01
1.403638557727829456e+09 2.583073109599999917e+00 8.583454885300000115e+00 3.515536219499999948e+00 5.636592670000000194e-01 8.034894172000000001e-01 1.600657892000000027e-01 -1.052232402550000029e-01
1.403638557777829409e+09 2.637695322099999906e+00 8.607673857800000050e+00 3.527134918099999794e+00 5.637263310000000249e-01 8.034641012000000027e-01 1.600196157999999869e-01 -1.051274673850000063e-01
1.403638557827829599e+09 2.691965144300000112e+00 8.631737325499999613e+00 3.537029678600000171e+00 5.638342482999999516e-01 8.034979979999999911e-01 1.608266486000000106e-01 -1.030373560190000065e-01
1.403638557877829313e+09 2.745459473900000003e+00 8.655421966400000500e+00 3.545414613999999798e+00 5.632562227999999838e-01 8.039107533999999555e-01 1.613197537000000126e-01 -1.022050151009999963e-01
1.403638557927829504e+09 2.798591689999999854e+00 8.678837086999999784e+00 3.551972264299999793e+00 5.626503524000000533e-01 8.043521928000000321e-01 1.623087728000000007e-01 -1.004887711250000010e-01
1.403638557977829456e+09 2.851013391800000019e+00 8.702018832900000334e+00 3.556753507199999831e+00 5.608182214000000387e-01 8.056550094000000106e-01 1.624013732000000043e-01 -1.001435087079999980e-01
1.403638558027829409e+09 2.902803106299999936e+00 8.725123835299999797e+00 3.559833287800000079e+00 5.584957118000000165e-01 8.072477840999999765e-01 1.623457627000000070e-01 -1.003862955480000069e-01
1.403638558077829361e+09 2.953890062700000207e+00 8.748044611099999202e+00 3.561235750199999828e+00 5.552715731999999793e-01 8.094792191999999886e-01 1.618027072999999871e-01 -1.011768627319999947e-01
1.403638558127829552e+09 3.004668539299999885e+00 8.771129269799999406e+00 3.561189423000000076e+00 5.511533132000000501e-01 8.123729090000000319e-01 1.614268021999999969e-01 -1.011022727010000011e-01
1.403638558177829266e+09 3.054591456899999891e+00 8.794619165200000310e+00 3.561312966700000082e+00 5.465647355999999624e-01 8.154797123000000481e-01 1.611995400000000023e-01 -1.013633909020000001e-01
1.403638558227829456e+09 3.103749126099999867e+00 8.819181979999999754e+00 3.562501323199999792e+00 5.419016394000000236e-01 8.187014188000000248e-01 1.604763046000000082e-01 -1.015773385250000049e-01
1.403638558277829409e+09 3.152222283199999975e+00 8.845290956699999541e+00 3.565099647199999833e+00 5.400277245000000281e-01 8.199652447999999927e-01 1.613427074000000072e-01 -9.997792231200000601e-02
1.403638558327829599e+09 3.199507223999999983e+00 8.872947305500000326e+00 3.569810872100000143e+00 5.382913950000000058e-01 8.211498825999999918e-01 1.620486116000000032e-01 -9.846568852070000655e-02
1.403638558377829313e+09 3.245598638200000163e+00 8.902368600899999151e+00 3.577563997499999981e+00 5.367219279999999593e-01 8.221898894000000402e-01 1.634136831999999928e-01 -9.606938052140000239e-02
1.403638558427829504e+09 3.290885379000000110e+00 8.932042103300000591e+00 3.587060400900000001e+00 5.328986411999999673e-01 8.246876504000000274e-01 1.645554482999999901e-01 -9.397245333029999315e-02
1.403638558477829456e+09 3.334521569900000149e+00 8.963483255999999955e+00 3.597839294499999951e+00 5.294886681999999567e-01 8.269061732000000386e-01 1.655485307000000017e-01 -9.198703683320000324e-02
1.403638558527829409e+09 3.376365520499999828e+00 8.996742844199999922e+00 3.611199965399999989e+00 5.275305511000000225e-01 8.282434409000000164e-01 1.648892039000000032e-01 -9.238977592369999881e-02
1.403638558577829361e+09 3.416447752599999887e+00 9.031983624400000465e+00 3.626479667999999990e+00 5.266606190999999493e-01 8.288723658000000105e-01 1.634085697999999864e-01 -9.432302340159999521e-02
1.403638558627829552e+09 3.455107717100000198e+00 9.069600495399999573e+00 3.644157557799999836e+00 5.282466961999999766e-01 8.280579217000000325e-01 1.606923047999999909e-01 -9.722905654480000492e-02
1.403638558677829266e+09 3.492103241700000194e+00 9.108856770499999200e+00 3.663084956900000133e+00 5.296486013000000215e-01 8.273069397000000214e-01 1.569790289000000116e-01 -1.019469036709999971e-01
1.403638558727829456e+09 3.528376199799999835e+00 9.150195714500000577e+00 3.681995017399999792e+00 5.321334514000000127e-01 8.258414560000000293e-01 1.530401037999999936e-01 -1.067642546830000067e-01
1.403638558777829409e+09 3.564604522000000220e+00 9.193119782600000178e+00 3.698887525600000004e+00 5.337259291000000516e-01 8.248890855999999605e-01 1.512724775000000021e-01 -1.086796513319999991e-01
1.403638558827829599e+09 3.600668624499999915e+00 9.237208319000000500e+00 3.714225309300000166e+00 5.353768053999999887e-01 8.238696910999999679e-01 1.491289601000000131e-01 -1.112248245239999961e-01
1.403638558877829313e+09 3.636354740399999841e+00 9.283206104899999644e+00 3.728645981500000151e+00 5.368388579999999743e-01 8.229615990999999964e-01 1.496387445000000038e-01 -1.102111300779999997e-01
1.403638558927829504e+09 3.672164872100000199e+00 9.330358596599999998e+00 3.740852834100000024e+00 5.402933421000000180e-01 8.207328690999999843e-01 1.495858006000000129e-01 -1.100215904399999972e-01
1.403638558977829456e+09 3.707946262400000137e+00 9.378893694200000297e+00 3.751501539699999999e+00 5.443830125999999936e-01 8.180402073000000440e-01 1.501136118999999991e-01 -1.091936736030000021e-01
1.403638559027829409e+09 3.743717766700000116e+00 9.428474139700000478e+00 3.760192503399999886e+00 5.476043569999999860e-01 8.158806486999999885e-01 1.512224326000000119e-01 -1.077033475329999962e-01
1.403638559077829361e+09 3.779149121800000177e+00 9.479058050000000790e+00 3.767620243300000116e+00 5.506783386000000391e-01 8.138006597000000397e-01 1.514698901000000042e-01 -1.074184623159999963e-01
1.403638559127829552e+09 3.814301697599999930e+00 9.530281950699999172e+00 3.773174766999999985e+00 5.529245711000000396e-01 8.122275033000000422e-01 1.522615082000000064e-01 -1.066645895220000029e-01
1.403638559177829266e+09 3.849332887700000150e+00 9.581778783500000785e+00 3.777301977000000033e+00 5.549998879999999968e-01 8.107477015999999814e-01 1.530133100999999940e-01 -1.060670335429999972e-01
1.403638559227829456e+09 3.884324723899999832e+00 9.633480262400000882e+00 3.779749137700000094e+00 5.563721293000000179e-01 8.096966086000000340e-01 1.548514113999999997e-01 -1.042232995109999977e-01
1.403638559277829409e+09 3.918893140799999841e+00 9.685294702900000274e+00 3.780882777099999981e+00 5.573655715999999982e-01 8.089207916999999748e-01 1.561774182000000011e-01 -1.029533211959999944e-01
1.403638559327829599e+09 3.953242797999999780e+00 9.737146975299999951e+00 3.780374759299999887e+00 5.582367534000000076e-01 8.082205743999999470e-01 1.575957158000000080e-01 -1.015619059689999992e-01
1.403638559377829313e+09 3.987426664100000018e+00 9.788680175299999675e+00 3.778010276699999892e+00 5.585323123000000001e-01 8.079044363999999812e-01 1.600117198999999879e-01 -9.863228260709999695e-02
1.403638559427829504e+09 4.020752511300000442e+00 9.839816687300000808e+00 3.774631717000000108e+00 5.595864685000000449e-01 8.070361705999999913e-01 1.619545266999999900e-01 -9.657295111789999942e-02
1.403638559477829456e+09 4.053192785000000242e+00 9.890499620800000002e+00 3.769854178800000177e+00 5.602442910999999581e-01 8.064945157999999781e-01 1.628707429000000040e-01 -9.573949684539999339e-02
1.403638559527829409e+09 4.084854060299999645e+00 9.941082407399999710e+00 3.763650229200000030e+00 5.611570684000000142e-01 8.057797555000000278e-01 1.639882051999999868e-01 -9.449655397169999527e-02
1.403638559577829361e+09 4.115605236999999583e+00 9.991360424699999854e+00 3.756360755599999823e+00 5.620589501999999626e-01 8.050011569999999672e-01 1.650532567999999922e-01 -9.391643173890000529e-02
1.403638559627829552e+09 4.145493713999999663e+00 1.004147289830000034e+01 3.748082060499999812e+00 5.628725883999999846e-01 8.043873151000000554e-01 1.651379870000000138e-01 -9.415381969830000086e-02
1.403638559677829266e+09 4.174616763400000430e+00 1.009095261350000072e+01 3.739785210199999987e+00 5.631770980000000426e-01 8.040810956999999703e-01 1.655829799999999907e-01 -9.416700309610000208e-02
1.403638559727829456e+09 4.207505103399999946e+00 1.015790884709999986e+01 3.739686217800000101e+00 5.634842226999999815e-01 8.037642444999999469e-01 1.659583095000000119e-01 -9.437377607630000054e-02
1.403638559777829409e+09 4.235335509599999604e+00 1.020807936289999951e+01 3.734519669099999994e+00 5.636165477000000257e-01 8.035600201000000498e-01 1.664626932999999920e-01 -9.443438475960000411e-02
1.403638559827829599e+09 4.262040050100000421e+00 1.025811486299999942e+01 3.730827611100000052e+00 5.624482602000000497e-01 8.043223141999999992e-01 1.657664886999999920e-01 -9.611992853749999621e-02
1.403638559877829313e+09 4.287896303500000172e+00 1.030859343200000033e+01 3.728552550599999904e+00 5.629624440999999591e-01 8.040274416999999563e-01 1.654700533000000029e-01 -9.608756958200000142e-02
1.403638559927829504e+09 4.313169157899999995e+00 1.035922404649999962e+01 3.726708560400000092e+00 5.631691872999999848e-01 8.044028776999999630e-01 1.629689517000000032e-01 -9.600832019509999982e-02
1.403638559977829456e+09 4.338469356000000055e+00 1.041012440939999983e+01 3.723567464099999835e+00 5.635554864999999802e-01 8.051717368999999902e-01 1.586346107999999921e-01 -9.454495210459999688e-02
1.403638560027829409e+09 4.363262210100000260e+00 1.046083781709999982e+01 3.718839745099999927e+00 5.640404415999999976e-01 8.063993270000000546e-01 1.519649554999999985e-01 -9.211491695579999972e-02
1.403638560077829361e+09 4.387747624800000246e+00 1.051164665669999998e+01 3.712421771999999898e+00 5.648732297999999874e-01 8.077725288999999531e-01 1.437860320999999886e-01 -8.801904801010000667e-02
1.403638560127829552e+09 4.411956997499999922e+00 1.056212012239999964e+01 3.704106793999999869e+00 5.663032558999999688e-01 8.090008144000000456e-01 1.339262193000000101e-01 -8.295825725380000237e-02
1.403638560177829266e+09 4.436025393699999597e+00 1.061268505229999981e+01 3.693974567000000153e+00 5.680492263999999958e-01 8.101352086999999980e-01 1.233902288999999958e-01 -7.599915368850000685e-02
1.403638560227829456e+09 4.459931969900000404e+00 1.066289073909999985e+01 3.682244416900000150e+00 5.692523560000000149e-01 8.116161805999999590e-01 1.117361102000000023e-01 -6.889101702229999402e-02
1.403638560277829409e+09 4.483748417000000153e+00 1.071229834570000072e+01 3.670058971600000053e+00 5.713372574999999731e-01 8.123419076000000238e-01 9.968449740000000225e-02 -6.113398743919999656e-02
1.403638560327829599e+09 4.507138213900000245e+00 1.076148296340000066e+01 3.657213618400000144e+00 5.752805547999999547e-01 8.115639358999999775e-01 8.702928790000000192e-02 -5.331195204969999685e-02
1.403638560377829313e+09 4.530194134500000303e+00 1.080969326359999982e+01 3.643576089000000184e+00 5.790454854000000040e-01 8.106345794999999521e-01 7.411628110000000047e-02 -4.565830957539999957e-02
1.403638560427829504e+09 4.553085381999999903e+00 1.085679376530000084e+01 3.628859118199999845e+00 5.821269052999999971e-01 8.099433486999999543e-01 6.100132159999999831e-02 -3.740156054830000298e-02
1.403638560477829456e+09 4.575800300200000059e+00 1.090323502670000089e+01 3.613003846499999838e+00 5.854424743999999681e-01 8.087861805999999598e-01 4.768545949999999922e-02 -2.912250400170000170e-02
1.403638560527829409e+09 4.598595060000000068e+00 1.094842307380000079e+01 3.596040550300000138e+00 5.877915264999999945e-01 8.080124542000000076e-01 3.416005810000000142e-02 -2.121522129970000031e-02
1.403638560577829361e+09 4.621324945699999631e+00 1.099241000550000003e+01 3.578225499200000215e+00 5.894157456999999933e-01 8.074598951000000469e-01 1.926224749999999944e-02 -1.505199152169999985e-02
1.403638560627829552e+09 4.644265344299999931e+00 1.103591210589999960e+01 3.559063407600000062e+00 5.900822121000000031e-01 8.072817550999999980e-01 4.316858899999999680e-03 -8.973046338470000438e-03
1.403638560677829266e+09 4.667519730699999592e+00 1.107752764740000018e+01 3.539812847199999890e+00 5.905050049000000190e-01 8.069546976999999455e-01 -1.063053199999999983e-02 -3.866123124049999828e-03
1.403638560727829456e+09 4.691226272799999819e+00 1.111876615119999911e+01 3.521399868700000102e+00 5.904828763999999675e-01 8.066604206999999915e-01 -2.506913469999999880e-02 -6.906151178770000452e-04
1.403638560777829409e+09 4.715955890400000072e+00 1.115790348970000068e+01 3.504531186999999992e+00 5.910309146000000124e-01 8.057576319999999459e-01 -3.765440939999999820e-02 4.386565546149999613e-03
1.403638560827829599e+09 4.741947762599999727e+00 1.119513676340000075e+01 3.489477556699999816e+00 5.911900729000000299e-01 8.049493133999999772e-01 -4.926391539999999680e-02 1.113405724790000016e-02
1.403638560877829313e+09 4.768786793200000318e+00 1.123063660749999926e+01 3.476405629999999913e+00 5.921480408000000528e-01 8.033223268000000417e-01 -6.129048530000000272e-02 1.665573081100000033e-02
1.403638560927829504e+09 4.796953642600000123e+00 1.126549799180000022e+01 3.464806496400000047e+00 5.927242595999999697e-01 8.017950032999999754e-01 -7.255749420000000283e-02 2.319773399790000037e-02
1.403638560977829456e+09 4.826354492800000173e+00 1.129848595900000063e+01 3.455628113099999954e+00 5.941758977000000108e-01 7.995014256000000374e-01 -8.243610319999999936e-02 3.093156963720000013e-02
1.403638561027829409e+09 4.857061775700000084e+00 1.132994340359999974e+01 3.448461277799999891e+00 5.961949502000000178e-01 7.966013769999999994e-01 -9.201220690000000424e-02 3.887905872849999750e-02
1.403638561077829361e+09 4.888650756399999686e+00 1.135892157029999971e+01 3.443312395500000012e+00 5.970174955999999478e-01 7.944167073000000245e-01 -1.019980676000000058e-01 4.548185806749999865e-02
1.403638561127829552e+09 4.921020458600000147e+00 1.138489941249999937e+01 3.439444769500000110e+00 5.986074944000000508e-01 7.915685264999999804e-01 -1.109649912000000016e-01 5.267927682109999760e-02
1.403638561177829266e+09 4.954076677399999795e+00 1.140889371729999979e+01 3.437443674999999921e+00 5.998348727000000213e-01 7.890410241999999963e-01 -1.190826724000000059e-01 5.858075347810000333e-02
1.403638561227829456e+09 4.987767831100000215e+00 1.143049972290000049e+01 3.437367750099999952e+00 6.010168608000000523e-01 7.866649255000000007e-01 -1.259872372999999990e-01 6.375142378999999748e-02
1.403638561277829409e+09 5.021686775600000097e+00 1.144929412810000002e+01 3.439092853200000022e+00 6.025524281999999898e-01 7.842494111000000157e-01 -1.317635725999999896e-01 6.724428098010000465e-02
1.403638561327829599e+09 5.056398565600000339e+00 1.146538508020000080e+01 3.441770628900000073e+00 6.011691687000000339e-01 7.842942199000000336e-01 -1.359163787999999873e-01 7.074563796140000138e-02
1.403638561377829313e+09 5.091597312000000208e+00 1.147901033279999972e+01 3.443527568699999986e+00 5.971245241000000537e-01 7.866477240999999454e-01 -1.378879167000000017e-01 7.493052378270000091e-02
1.403638561427829504e+09 5.127331692400000307e+00 1.149060595999999990e+01 3.443879929499999992e+00 5.921023973000000273e-01 7.899453267999999584e-01 -1.377520939999999916e-01 8.015916873929999908e-02
1.403638561477829456e+09 5.163450613300000214e+00 1.150048109719999978e+01 3.443031103700000095e+00 5.871760966000000304e-01 7.932488871999999747e-01 -1.365655416000000066e-01 8.561709792720000045e-02
1.403638561527829409e+09 5.199646535100000300e+00 1.150898422709999913e+01 3.441046202599999937e+00 5.834346992000000176e-01 7.958000107999999573e-01 -1.347504039999999903e-01 9.026972513070000148e-02
1.403638561577829361e+09 5.235752285500000269e+00 1.151658039620000018e+01 3.437587941699999927e+00 5.802119060999999522e-01 7.980352775000000287e-01 -1.333964958999999950e-01 9.326958115239999958e-02
1.403638561627829552e+09 5.271741240799999950e+00 1.152326377960000059e+01 3.433105567700000194e+00 5.778890904000000273e-01 7.996549321999999460e-01 -1.322604672999999897e-01 9.541151597130000106e-02
1.403638561677829266e+09 5.307344901999999642e+00 1.152909909339999928e+01 3.427774218899999781e+00 5.767847339999999656e-01 8.005301527999999500e-01 -1.313284285999999912e-01 9.604003771260000155e-02
1.403638561727829456e+09 5.342593978500000063e+00 1.153417953589999989e+01 3.421212356699999901e+00 5.759095324999999876e-01 8.012964366999999477e-01 -1.303067907000000081e-01 9.629315209569999645e-02
1.403638561777829409e+09 5.377660003999999994e+00 1.153856592680000048e+01 3.413333975600000070e+00 5.758720386000000246e-01 8.014569668000000036e-01 -1.292081523999999981e-01 9.666115528579999339e-02
1.403638561827829599e+09 5.412741407300000418e+00 1.154242250729999952e+01 3.404070631799999802e+00 5.758210069000000431e-01 8.014950520000000411e-01 -1.283322603000000006e-01 9.780940962280000595e-02
1.403638561877829313e+09 5.447827963499999981e+00 1.154565240940000059e+01 3.393325331899999853e+00 5.761448313999999460e-01 8.010503459000000159e-01 -1.283811088000000045e-01 9.946741917729999549e-02
1.403638561927829504e+09 5.482897020000000232e+00 1.154843375869999988e+01 3.380876771100000067e+00 5.755592458999999605e-01 8.009326034000000538e-01 -1.294342907999999903e-01 1.023976740810000063e-01
1.403638561977829456e+09 5.517517415700000427e+00 1.155081486599999963e+01 3.367770869100000120e+00 5.753198631999999479e-01 8.002530479999999669e-01 -1.327489618000000093e-01 1.047846711420000049e-01
1.403638562027829409e+09 5.552088614199999661e+00 1.155296639690000049e+01 3.355256136299999969e+00 5.749113302999999675e-01 7.993942941999999663e-01 -1.368958342999999911e-01 1.081908281659999943e-01
1.403638562077829361e+09 5.586459236599999656e+00 1.155398117780000078e+01 3.344242346800000210e+00 5.740839465999999502e-01 7.986287704000000209e-01 -1.414838895999999957e-01 1.122587114039999973e-01
1.403638562127829552e+09 5.619926936699999764e+00 1.155334774399999986e+01 3.335247561300000108e+00 5.736033601000000148e-01 7.975107392000000406e-01 -1.467276849999999966e-01 1.158740380959999983e-01
1.403638562177829266e+09 5.652430308599999620e+00 1.155160686830000039e+01 3.327156700499999786e+00 5.727669670999999685e-01 7.966831831999999780e-01 -1.511207112999999880e-01 1.199851553549999977e-01
1.403638562227829456e+09 5.684231135700000159e+00 1.155029076529999976e+01 3.319973672700000211e+00 5.726061770999999467e-01 7.955935267999999505e-01 -1.548303619999999992e-01 1.232098416619999970e-01
1.403638562277829409e+09 5.715492908099999880e+00 1.154891070420000077e+01 3.314382587199999897e+00 5.721401739999999458e-01 7.945368006999999899e-01 -1.590647239999999907e-01 1.267489927179999976e-01
1.403638562327829599e+09 5.745859089599999692e+00 1.154650981300000012e+01 3.310891666399999878e+00 5.721937442000000207e-01 7.929370451999999680e-01 -1.643683244999999959e-01 1.297236118289999962e-01
1.403638562377829313e+09 5.775488085700000163e+00 1.154298513850000063e+01 3.308346585399999817e+00 5.723621227999999839e-01 7.909296680999999829e-01 -1.704046814000000076e-01 1.333945465659999996e-01
1.403638562427829504e+09 5.804659409100000111e+00 1.153852826039999968e+01 3.306498346900000218e+00 5.718719611000000480e-01 7.890101341999999907e-01 -1.777356522999999910e-01 1.372425089400000076e-01
1.403638562477829456e+09 5.833870649499999672e+00 1.153420657809999916e+01 3.306438291100000093e+00 5.707677891000000336e-01 7.871631593000000260e-01 -1.860534178999999899e-01 1.413591781940000125e-01
1.403638562527829409e+09 5.862695065899999669e+00 1.152941666549999944e+01 3.308506554600000094e+00 5.693659064999999631e-01 7.850685887999999668e-01 -1.953118601000000121e-01 1.460926166529999959e-01
1.403638562577829361e+09 5.891553575899999728e+00 1.152444632949999992e+01 3.312506805499999984e+00 5.688746879999999617e-01 7.819180530999999545e-01 -2.054483475999999975e-01 1.509195945419999907e-01
1.403638562627829552e+09 5.920058740400000019e+00 1.151862526600000081e+01 3.317536787399999909e+00 5.681555631000000384e-01 7.785317965000000395e-01 -2.168642991999999992e-01 1.551043960329999971e-01
1.403638562677829266e+09 5.948821892499999819e+00 1.151203636370000005e+01 3.323343129099999960e+00 5.662191571000000367e-01 7.756965059000000551e-01 -2.287805313999999868e-01 1.592176664050000134e-01
1.403638562727829456e+09 5.977941928099999913e+00 1.150492451889999934e+01 3.329756368600000016e+00 5.656123186000000524e-01 7.715324478999999736e-01 -2.408002003999999974e-01 1.638159040549999890e-01
1.403638562777829409e+09 6.007139203899999558e+00 1.149669134650000046e+01 3.335777295799999820e+00 5.642094707999999459e-01 7.675896719999999451e-01 -2.535904070000000177e-01 1.678263206310000033e-01
1.403638562827829599e+09 6.036761518499999646e+00 1.148696734860000035e+01 3.340285254399999904e+00 5.623451015000000552e-01 7.635586268999999815e-01 -2.649995573999999743e-01 1.747038771499999921e-01
1.403638562877829313e+09 6.066454880600000266e+00 1.147599703050000031e+01 3.343330590299999905e+00 5.601071408000000140e-01 7.596717103000000249e-01 -2.767107773999999965e-01 1.805824716870000068e-01
1.403638562927829504e+09 6.092282786200000189e+00 1.146043195320000052e+01 3.346960521599999794e+00 5.574351471999999807e-01 7.559334782000000086e-01 -2.875609431999999743e-01 1.874548936869999960e-01
1.403638562977829456e+09 6.121356477199999979e+00 1.144634133899999995e+01 3.347741200999999833e+00 5.550559899000000463e-01 7.520894206999999554e-01 -2.977687378000000162e-01 1.939281570009999955e-01
1.403638563027829409e+09 6.150299202500000284e+00 1.143120443980000012e+01 3.347500352800000023e+00 5.534408969999999872e-01 7.476168147999999736e-01 -3.086300621999999994e-01 1.987957658439999942e-01
1.403638563077829361e+09 6.179262747800000177e+00 1.141489563160000031e+01 3.345943114799999840e+00 5.517312823000000144e-01 7.432838789000000279e-01 -3.198434602999999932e-01 2.020441250180000092e-01
1.403638563127829552e+09 6.208522181900000270e+00 1.139706803189999995e+01 3.343074341299999919e+00 5.497939791999999493e-01 7.390986170000000133e-01 -3.309248431999999851e-01 2.048134835029999934e-01
1.403638563177829266e+09 6.238559424500000006e+00 1.137752452289999994e+01 3.338583883100000094e+00 5.467589083999999655e-01 7.360767205999999563e-01 -3.377525807000000269e-01 2.125298843560000095e-01
1.403638563227829456e+09 6.268658912600000299e+00 1.135689200560000067e+01 3.333520421999999872e+00 5.463675846000000114e-01 7.316482663000000164e-01 -3.447142555000000108e-01 2.175898869629999954e-01
1.403638563277829409e+09 6.298905970199999871e+00 1.133473087780000021e+01 3.326785592199999808e+00 5.454680498999999738e-01 7.282721868999999515e-01 -3.491186486000000255e-01 2.240544521120000077e-01
1.403638563327829599e+09 6.328917919900000300e+00 1.131126847110000000e+01 3.319376030299999947e+00 5.476311498000000499e-01 7.234121036999999754e-01 -3.529194763999999873e-01 2.285232922579999992e-01
1.403638563377829313e+09 6.358946772700000416e+00 1.128613858069999942e+01 3.311133431300000041e+00 5.517739163999999530e-01 7.176789095000000174e-01 -3.550438891000000097e-01 2.332945881700000113e-01
1.403638563427829504e+09 6.388316961800000193e+00 1.125922469320000019e+01 3.301621143899999833e+00 5.560018338000000115e-01 7.124236592999999562e-01 -3.573087675000000130e-01 2.358917871170000125e-01
1.403638563477829456e+09 6.416602955200000125e+00 1.123035385919999918e+01 3.290016527400000168e+00 5.579272887999999764e-01 7.096824106000000354e-01 -3.591356564000000029e-01 2.368324233369999976e-01
1.403638563527829409e+09 6.444316833700000302e+00 1.119879690349999990e+01 3.278053102199999902e+00 5.570100049999999747e-01 7.094741052999999908e-01 -3.588517787000000125e-01 2.400244761030000118e-01
1.403638563577829361e+09 6.471085681099999931e+00 1.116490910969999995e+01 3.266909195799999832e+00 5.551099045999999815e-01 7.104378604000000097e-01 -3.588509033999999764e-01 2.415720792890000135e-01
1.403638563627829552e+09 6.496994942499999759e+00 1.112892377920000087e+01 3.257374814599999890e+00 5.524297684000000208e-01 7.123252314000000363e-01 -3.589472624000000223e-01 2.420144179479999935e-01
1.403638563677829266e+09 6.521717390900000133e+00 1.109063549130000048e+01 3.250144337800000116e+00 5.506920006000000090e-01 7.138047536999999609e-01 -3.600579293000000236e-01 2.399570412160000055e-01
1.403638563727829456e+09 6.546145417199999983e+00 1.105020493680000016e+01 3.244376272799999850e+00 5.497476899000000028e-01 7.148601989999999740e-01 -3.604977296999999914e-01 2.383144147169999894e-01
1.403638563777829409e+09 6.570466482499999650e+00 1.100834728220000081e+01 3.240436339499999985e+00 5.489664687999999959e-01 7.158930328000000509e-01 -3.611379231999999884e-01 2.360347053340000056e-01
1.403638563827829599e+09 6.594516095700000413e+00 1.096435068020000081e+01 3.238840767700000178e+00 5.494273308999999550e-01 7.162044663000000089e-01 -3.610215227999999943e-01 2.341884508729999981e-01
1.403638563877829313e+09 6.618459477100000043e+00 1.091870915960000055e+01 3.239616367300000022e+00 5.506824069000000321e-01 7.159254907000000001e-01 -3.601947886999999904e-01 2.333651489540000123e-01
1.403638563927829504e+09 6.642464607099999974e+00 1.087215561790000073e+01 3.242442370600000068e+00 5.515037337999999512e-01 7.161128794000000131e-01 -3.597992206000000248e-01 2.314530111510000043e-01
1.403638563977829456e+09 6.666486767400000346e+00 1.082313074760000049e+01 3.245859699599999981e+00 5.534519677000000470e-01 7.156094928999999771e-01 -3.582892424999999936e-01 2.307006541330000049e-01
1.403638564027829409e+09 6.689980452200000371e+00 1.077190303409999927e+01 3.247972388099999996e+00 5.536140961000000082e-01 7.166015030000000285e-01 -3.576294825999999927e-01 2.282430101540000034e-01
1.403638564077829361e+09 6.713406444600000356e+00 1.071870825070000066e+01 3.248979181600000210e+00 5.544645177000000480e-01 7.171206278999999739e-01 -3.564822538999999901e-01 2.263349427570000016e-01
1.403638564127829552e+09 6.736928946199999935e+00 1.066353363860000059e+01 3.248623459400000080e+00 5.553208706000000161e-01 7.177328127000000002e-01 -3.544907389999999991e-01 2.254210640500000085e-01
1.403638564177829266e+09 6.761178590800000165e+00 1.060849209979999941e+01 3.248957036100000195e+00 5.556243837000000019e-01 7.188155236000000059e-01 -3.521415922999999726e-01 2.249046158380000049e-01
1.403638564227829456e+09 6.785082074299999988e+00 1.055012815070000087e+01 3.247328131300000198e+00 5.568787779999999632e-01 7.190581571999999921e-01 -3.492126698999999945e-01 2.255923412209999979e-01
1.403638564277829409e+09 6.808744355600000020e+00 1.048968250759999954e+01 3.245730230399999972e+00 5.578338514999999775e-01 7.193176991999999936e-01 -3.464394221000000051e-01 2.266785575670000052e-01
1.403638564327829599e+09 6.832425282600000038e+00 1.042772421059999921e+01 3.245809205900000105e+00 5.580106083000000439e-01 7.204081799999999536e-01 -3.428677366999999809e-01 2.282058947850000019e-01
1.403638564377829313e+09 6.855536660400000315e+00 1.036385836240000025e+01 3.247979761699999912e+00 5.599918455000000295e-01 7.198934589000000051e-01 -3.412495608000000180e-01 2.274011392739999915e-01
1.403638564427829504e+09 6.878789936699999608e+00 1.029794854650000069e+01 3.251927499399999810e+00 5.608321332000000270e-01 7.200241160000000473e-01 -3.385435461999999895e-01 2.289560179550000074e-01
1.403638564477829456e+09 6.901285964100000392e+00 1.023010008189999986e+01 3.257434567999999864e+00 5.616313281000000490e-01 7.202960808999999687e-01 -3.367686536999999758e-01 2.287590019919999995e-01
1.403638564527829409e+09 6.922853155600000363e+00 1.015993058719999986e+01 3.264135010399999981e+00 5.614038681999999891e-01 7.209130219999999589e-01 -3.363815504000000067e-01 2.279420190379999878e-01
1.403638564577829361e+09 6.943349653700000346e+00 1.008773351840000032e+01 3.271206924399999938e+00 5.604549863000000132e-01 7.222161487999999574e-01 -3.369286737000000143e-01 2.253288965709999980e-01
1.403638564627829552e+09 6.963829471300000407e+00 1.001390580390000018e+01 3.277913227400000018e+00 5.601834430000000031e-01 7.226704441000000312e-01 -3.379687815999999900e-01 2.229776715669999909e-01
1.403638564677829266e+09 6.983788763499999774e+00 9.938157004600000732e+00 3.283165666299999952e+00 5.599015167999999987e-01 7.228888461000000376e-01 -3.401791315000000093e-01 2.195909065420000028e-01
1.403638564727829456e+09 7.003498422299999859e+00 9.860138367899999423e+00 3.286566346799999927e+00 5.599680016000000427e-01 7.228456363999999912e-01 -3.414334212999999840e-01 2.176080008309999869e-01
1.403638564777829409e+09 7.020829505300000051e+00 9.778570842500000637e+00 3.293320270500000202e+00 5.601755139999999855e-01 7.224144342999999635e-01 -3.432754509000000009e-01 2.155985702400000092e-01
1.403638564827829599e+09 7.040256821299999856e+00 9.696936108499999207e+00 3.294786108299999849e+00 5.604227928999999664e-01 7.219531123000000328e-01 -3.444054612999999931e-01 2.146971705550000109e-01
1.403638564877829313e+09 7.059803790100000143e+00 9.613712142300000707e+00 3.292925352400000172e+00 5.612785098000000472e-01 7.211004544000000349e-01 -3.454036394000000176e-01 2.137215360309999979e-01
1.403638564927829504e+09 7.079430265400000089e+00 9.528842879999999127e+00 3.286590640400000041e+00 5.619794463999999712e-01 7.203220125000000529e-01 -3.463504613999999759e-01 2.129710264709999967e-01
1.403638564977829456e+09 7.098638064300000217e+00 9.441547349600000416e+00 3.275152511900000007e+00 5.623484179000000083e-01 7.200274614999999656e-01 -3.468364064000000191e-01 2.122008925130000057e-01
1.403638565027829409e+09 7.118061290600000035e+00 9.352660319700000002e+00 3.259555864699999805e+00 5.623610360999999891e-01 7.199760696000000459e-01 -3.472119142000000269e-01 2.117272087709999862e-01
1.403638565077829361e+09 7.138042883899999858e+00 9.262653761999999347e+00 3.240337907399999828e+00 5.621790970000000165e-01 7.201498571000000126e-01 -3.476478598000000142e-01 2.109023752630000137e-01
1.403638565127829552e+09 7.158711607099999874e+00 9.171332514199999508e+00 3.216879186199999907e+00 5.617909185999999666e-01 7.203991065999999499e-01 -3.479739035000000147e-01 2.105475090770000113e-01
1.403638565177829266e+09 7.179852333700000422e+00 9.078684990899999363e+00 3.190441506800000049e+00 5.613433883999999763e-01 7.208078624000000545e-01 -3.480988335999999905e-01 2.101352608229999919e-01
1.403638565227829456e+09 7.201782298100000368e+00 8.984453604000000482e+00 3.162653896200000148e+00 5.606418364999999904e-01 7.213630670999999772e-01 -3.478451109999999846e-01 2.105227668300000132e-01
1.403638565277829409e+09 7.224049457799999630e+00 8.888317606199999332e+00 3.133970731999999870e+00 5.596392739000000116e-01 7.220109810000000516e-01 -3.476583046000000232e-01 2.112764294779999885e-01
1.403638565327829599e+09 7.246788361200000139e+00 8.790748333399999837e+00 3.104497667900000035e+00 5.588076916999999977e-01 7.225069863999999953e-01 -3.473263051000000101e-01 2.123253543799999976e-01
1.403638565377829313e+09 7.269572015199999626e+00 8.692021503199999444e+00 3.074647353700000085e+00 5.575315629000000550e-01 7.234078484999999503e-01 -3.468092179999999747e-01 2.134549306859999940e-01
1.403638565427829504e+09 7.292379335399999718e+00 8.591842298399999578e+00 3.044600338600000011e+00 5.570370357999999689e-01 7.237806817999999920e-01 -3.464088448000000042e-01 2.141312158689999967e-01
1.403638565477829456e+09 7.315900313900000285e+00 8.489963245700000272e+00 3.015469560000000104e+00 5.574192975999999744e-01 7.230898506999999809e-01 -3.456549004999999730e-01 2.166736815289999896e-01
1.403638565527829409e+09 7.339875648599999636e+00 8.386724701500000378e+00 2.987704748000000077e+00 5.578011495000000375e-01 7.224081923999999821e-01 -3.440977224999999806e-01 2.204110672940000071e-01
1.403638565577829361e+09 7.364261564000000426e+00 8.282396384300000136e+00 2.962366195400000013e+00 5.579533531999999463e-01 7.218234926000000051e-01 -3.427324210000000093e-01 2.240388107550000119e-01
1.403638565627829552e+09 7.388056623799999834e+00 8.176378390800000062e+00 2.939162462700000145e+00 5.569727805999999948e-01 7.221188504000000119e-01 -3.402526773999999810e-01 2.292461627440000038e-01
1.403638565677829266e+09 7.411333155900000413e+00 8.069351546600000091e+00 2.917553124699999945e+00 5.545300757000000136e-01 7.235676984000000145e-01 -3.369498660999999951e-01 2.353953456120000121e-01
1.403638565727829456e+09 7.434304154900000405e+00 7.962136464200000319e+00 2.897992352100000168e+00 5.515528476000000069e-01 7.253379843999999688e-01 -3.346581586999999858e-01 2.401628228600000137e-01
1.403638565777829409e+09 7.455703359300000166e+00 7.854019758599999790e+00 2.880351960800000111e+00 5.481107611000000102e-01 7.275503151000000113e-01 -3.337309532000000134e-01 2.426289005739999949e-01
1.403638565827829599e+09 7.475472840200000135e+00 7.745411772099999759e+00 2.865084859400000017e+00 5.456400111000000441e-01 7.289620999000000490e-01 -3.333106062000000258e-01 2.445307242059999997e-01
1.403638565877829313e+09 7.494091221599999741e+00 7.636197768399999752e+00 2.851300041700000065e+00 5.428178612999999819e-01 7.306612093000000030e-01 -3.313659366000000217e-01 2.483537453569999998e-01
1.403638565927829504e+09 7.511274742900000412e+00 7.526919246300000310e+00 2.839174601499999895e+00 5.404450573000000313e-01 7.318165037999999623e-01 -3.322689543999999828e-01 2.489198400189999993e-01
1.403638565977829456e+09 7.527379693000000316e+00 7.418059431599999698e+00 2.826904400700000153e+00 5.395520400000000105e-01 7.320835398999999688e-01 -3.325153298999999896e-01 2.497415504299999867e-01
1.403638566027829409e+09 7.542361490500000265e+00 7.309748188100000377e+00 2.812948554100000109e+00 5.386095135999999783e-01 7.325212801999999579e-01 -3.336269736999999957e-01 2.490088520260000104e-01
1.403638566077829361e+09 7.556354615300000077e+00 7.201684282699999606e+00 2.797130182700000134e+00 5.376623534000000149e-01 7.328282723000000276e-01 -3.332259583000000136e-01 2.506838203749999772e-01
1.403638566127829552e+09 7.573116614999999996e+00 7.081391076500000104e+00 2.768054935699999941e+00 5.382012417999999521e-01 7.325010744000000074e-01 -3.342205746999999949e-01 2.491549855380000011e-01
1.403638566177829266e+09 7.585759732499999686e+00 6.973230629499999722e+00 2.746824601900000218e+00 5.381660576000000251e-01 7.324762330999999849e-01 -3.347731278000000144e-01 2.485614919970000058e-01
1.403638566227829456e+09 7.597084399699999935e+00 6.864834652299999895e+00 2.723536589500000105e+00 5.385047242999999595e-01 7.322127190999999646e-01 -3.339802202000000109e-01 2.496685972340000059e-01
1.403638566277829409e+09 7.608131954300000110e+00 6.757456348499999876e+00 2.698717100200000107e+00 5.385332054999999452e-01 7.323440283000000051e-01 -3.338655031000000162e-01 2.493752928890000109e-01
1.403638566327829599e+09 7.618435548499999932e+00 6.650741715299999690e+00 2.671599379299999910e+00 5.375146704000000053e-01 7.331371950999999720e-01 -3.343316872000000051e-01 2.486164822470000035e-01
1.403638566377829313e+09 7.626632721900000078e+00 6.543028665699999635e+00 2.641177729899999882e+00 5.372989138999999525e-01 7.336026682999999826e-01 -3.332511465999999922e-01 2.491599394919999932e-01
1.403638566427829504e+09 7.635078540800000368e+00 6.436751736299999749e+00 2.610689451999999910e+00 5.379589191000000437e-01 7.334140447000000451e-01 -3.331958891999999839e-01 2.483637250379999994e-01
1.403638566477829456e+09 7.642112544799999796e+00 6.330393292800000182e+00 2.578138041199999897e+00 5.383443210999999673e-01 7.335656767999999550e-01 -3.340142640000000052e-01 2.459700411859999936e-01
1.403638566527829409e+09 7.648800792800000359e+00 6.224256438100000288e+00 2.544660553900000011e+00 5.384774640999999695e-01 7.339191148000000497e-01 -3.327496419000000039e-01 2.463380390300000111e-01
1.403638566577829361e+09 7.654616557399999799e+00 6.118527579500000257e+00 2.508751890200000112e+00 5.348209591999999457e-01 7.371337248999999536e-01 -3.334100259000000177e-01 2.437994419470000118e-01
1.403638566627829552e+09 7.658799619799999903e+00 6.012546231299999988e+00 2.470990595600000006e+00 5.309423594000000080e-01 7.405141371000000250e-01 -3.340056822999999953e-01 2.412037064189999913e-01
1.403638566677829266e+09 7.662632866300000067e+00 5.907003539299999773e+00 2.431175848500000125e+00 5.232151736000000275e-01 7.465172664000000458e-01 -3.348903514000000081e-01 2.383407343260000033e-01
1.403638566727829456e+09 7.666419285899999991e+00 5.802650032599999896e+00 2.390354846800000210e+00 5.152923474999999698e-01 7.524000472999999856e-01 -3.373139193999999952e-01 2.336392202550000019e-01
1.403638566777829409e+09 7.671071493000000352e+00 5.699706262300000326e+00 2.348684994900000156e+00 5.079020949000000451e-01 7.581344516000000366e-01 -3.371658030999999944e-01 2.314883077709999903e-01
1.403638566827829599e+09 7.676262886499999993e+00 5.598386821100000077e+00 2.306149031599999955e+00 5.020631127000000360e-01 7.625818987000000382e-01 -3.377791616999999968e-01 2.287066168770000019e-01
1.403638566877829313e+09 7.682293459600000318e+00 5.498653620899999872e+00 2.262928558600000084e+00 4.974362593000000166e-01 7.661208399000000169e-01 -3.387343063000000098e-01 2.255550848850000067e-01
1.403638566927829504e+09 7.689870837500000000e+00 5.400930596900000324e+00 2.219116709700000190e+00 4.935841541000000054e-01 7.693198973999999524e-01 -3.375166297000000148e-01 2.249535575730000070e-01
1.403638566977829456e+09 7.698747686899999998e+00 5.305584480200000286e+00 2.174695797800000108e+00 4.920650158000000052e-01 7.708199273000000407e-01 -3.373490114000000095e-01 2.233927134310000062e-01
1.403638567027829409e+09 7.709520276100000125e+00 5.212953553100000192e+00 2.130933007899999954e+00 4.944371351999999886e-01 7.696197446000000442e-01 -3.362251701999999787e-01 2.239866134819999965e-01
1.403638567077829361e+09 7.722092773399999999e+00 5.123093831300000289e+00 2.088954353900000172e+00 5.039185903999999772e-01 7.637071480999999551e-01 -3.331038446999999847e-01 2.277263157559999973e-01
1.403638567127829552e+09 7.735614777700000388e+00 5.034823334100000380e+00 2.045397979500000130e+00 5.115797927999999883e-01 7.586727681999999584e-01 -3.294534170000000262e-01 2.327277216130000104e-01
1.403638567177829266e+09 7.749959783499999588e+00 4.948687104500000267e+00 2.000776753799999863e+00 5.202746065000000142e-01 7.527981934999999902e-01 -3.267969647999999783e-01 2.362476614169999878e-01
1.403638567227829456e+09 7.764969875500000285e+00 4.863952648899999787e+00 1.955080774500000063e+00 5.261761813999999982e-01 7.485975507000000029e-01 -3.239905309000000178e-01 2.403548815060000121e-01
1.403638567277829409e+09 7.779644016799999839e+00 4.779995330500000250e+00 1.907716652199999974e+00 5.306344303000000151e-01 7.452479708000000480e-01 -3.220418789999999754e-01 2.435602422779999943e-01
1.403638567327829599e+09 7.793587089599999906e+00 4.696523336400000304e+00 1.858475818600000107e+00 5.323079038000000374e-01 7.437130346000000447e-01 -3.208042651999999939e-01 2.462190917229999942e-01
1.403638567377829313e+09 7.806604814599999997e+00 4.613635427500000219e+00 1.809265332999999920e+00 5.320378114999999575e-01 7.436349969000000115e-01 -3.207177253999999866e-01 2.471495479140000118e-01
1.403638567427829504e+09 7.818913916599999681e+00 4.531521450699999676e+00 1.761351356500000076e+00 5.320045385999999654e-01 7.431328441000000229e-01 -3.208652566999999900e-01 2.485361824800000063e-01
1.403638567477829456e+09 7.830148688599999574e+00 4.449830180600000240e+00 1.714366016200000065e+00 5.302377421999999729e-01 7.440479140000000324e-01 -3.217410876999999836e-01 2.484417657319999972e-01
1.403638567527829409e+09 7.840826453800000095e+00 4.368920081899999808e+00 1.668783270100000049e+00 5.280232933999999823e-01 7.450691503999999910e-01 -3.227948811999999945e-01 2.487304311859999950e-01
1.403638567577829361e+09 7.850046507700000120e+00 4.288337265500000051e+00 1.625601094799999924e+00 5.250460523000000101e-01 7.467361515999999533e-01 -3.244917950000000273e-01 2.478242075029999936e-01
1.403638567627829552e+09 7.858789833700000393e+00 4.208522369999999846e+00 1.584056206999999938e+00 5.221067518999999990e-01 7.482335454999999858e-01 -3.251740114000000181e-01 2.486221296799999980e-01
1.403638567677829266e+09 7.867017650100000203e+00 4.130070224199999807e+00 1.545207396999999983e+00 5.193511009000000289e-01 7.495793755999999863e-01 -3.260543001999999801e-01 2.491862495319999982e-01
1.403638567727829456e+09 7.874365540700000388e+00 4.053017986999999600e+00 1.508533494899999994e+00 5.168356561000000404e-01 7.509070459000000142e-01 -3.268914901000000151e-01 2.493220141180000071e-01
1.403638567777829409e+09 7.880967924400000157e+00 3.977215505299999787e+00 1.474168337999999912e+00 5.141218748000000449e-01 7.524113329999999600e-01 -3.276989726000000269e-01 2.493376570389999880e-01
1.403638567827829599e+09 7.887292753499999698e+00 3.903135648500000165e+00 1.442127426299999904e+00 5.106607464000000318e-01 7.544497146999999959e-01 -3.287075664999999924e-01 2.489629808219999962e-01
1.403638567877829313e+09 7.893619225100000136e+00 3.831257517000000057e+00 1.411953622099999972e+00 5.097168074000000271e-01 7.547797178999999801e-01 -3.310173412999999898e-01 2.468276190439999962e-01
1.403638567927829504e+09 7.900438078199999659e+00 3.761639022599999826e+00 1.383600852999999908e+00 5.094584379000000052e-01 7.548879064000000305e-01 -3.317535428000000230e-01 2.460405161960000087e-01
1.403638567977829456e+09 7.907141310200000106e+00 3.693040080799999902e+00 1.356723953900000001e+00 5.083966662000000136e-01 7.552433184000000299e-01 -3.323348769999999730e-01 2.463612983110000099e-01
1.403638568027829409e+09 7.913883530899999741e+00 3.626258582599999780e+00 1.331782339100000101e+00 5.080552055000000511e-01 7.553933895000000120e-01 -3.321698713999999830e-01 2.468276963949999903e-01
1.403638568077829361e+09 7.920940517900000089e+00 3.561191138799999933e+00 1.309030803199999982e+00 5.074464546000000409e-01 7.556322433000000061e-01 -3.306715181000000059e-01 2.493478608430000076e-01
1.403638568127829552e+09 7.927268360900000310e+00 3.497647509000000099e+00 1.289313228799999989e+00 5.080877007999999861e-01 7.550504783000000497e-01 -3.305775067000000234e-01 2.499283407590000006e-01
1.403638568177829266e+09 7.933348058900000055e+00 3.435325108899999869e+00 1.271217123600000054e+00 5.076142572999999825e-01 7.553242948999999706e-01 -3.293108730000000040e-01 2.517286718280000168e-01
1.403638568227829456e+09 7.938647621500000362e+00 3.374362251400000012e+00 1.255675759600000108e+00 5.081443906999999482e-01 7.547044425000000167e-01 -3.294279441999999891e-01 2.523642452700000094e-01
1.403638568277829409e+09 7.943762767900000021e+00 3.314871169399999928e+00 1.241030777900000048e+00 5.073474814999999749e-01 7.550037345000000233e-01 -3.296166106999999790e-01 2.528255998339999921e-01
1.403638568327829599e+09 7.948669612899999848e+00 3.256988055199999899e+00 1.226706665100000038e+00 5.075405334000000490e-01 7.547741946999999563e-01 -3.295853188000000267e-01 2.531640564520000192e-01
1.403638568377829313e+09 7.953110289199999627e+00 3.200555053700000041e+00 1.211808774899999941e+00 5.066311977999999883e-01 7.552439077999999473e-01 -3.302059386000000263e-01 2.527756067240000126e-01
1.403638568427829504e+09 7.957419468000000329e+00 3.145519765500000009e+00 1.195343591499999913e+00 5.057298056000000264e-01 7.557835952000000468e-01 -3.304685635999999871e-01 2.526243248400000252e-01
1.403638568477829456e+09 7.961517340200000348e+00 3.091971662899999806e+00 1.177759911799999948e+00 5.052560849999999659e-01 7.560431186999999609e-01 -3.304552771000000000e-01 2.528129766750000229e-01
1.403638568527829409e+09 7.965360384700000296e+00 3.039971015299999912e+00 1.159306954300000081e+00 5.043176423999999880e-01 7.566373410000000188e-01 -3.303789744999999778e-01 2.530086618690000067e-01
1.403638568577829361e+09 7.969178314699999710e+00 2.989961707800000035e+00 1.140264022700000046e+00 5.029895902000000030e-01 7.574840126999999868e-01 -3.304219507999999750e-01 2.530627926999999833e-01
1.403638568627829552e+09 7.973043015200000028e+00 2.941695428600000106e+00 1.120441560199999964e+00 5.018011662000000372e-01 7.582807979000000254e-01 -3.306509904000000111e-01 2.527365104389999728e-01
1.403638568677829266e+09 7.976953655600000026e+00 2.895067716299999816e+00 1.100173819899999961e+00 5.000041090000000299e-01 7.596360949999999557e-01 -3.297876515000000008e-01 2.533554796240000129e-01
1.403638568727829456e+09 7.980851863899999898e+00 2.850394262200000028e+00 1.080595663800000050e+00 4.992136575000000187e-01 7.601380521999999695e-01 -3.296636236000000109e-01 2.535700318199999859e-01
1.403638568777829409e+09 7.984530943400000247e+00 2.807525521100000088e+00 1.062379199300000021e+00 4.983024315999999843e-01 7.608330530000000369e-01 -3.303401596000000162e-01 2.523947920480000273e-01
1.403638568827829599e+09 7.987782266900000039e+00 2.766682037999999899e+00 1.046986177099999971e+00 5.000372073000000084e-01 7.597204238000000442e-01 -3.306838814999999987e-01 2.518647244450000211e-01
1.403638568877829313e+09 7.990864649599999758e+00 2.727255479900000168e+00 1.032389555900000033e+00 4.999262656999999832e-01 7.596302578000000416e-01 -3.316915256999999895e-01 2.510305402349999881e-01
1.403638568927829504e+09 7.994671974500000111e+00 2.690076246099999846e+00 1.019704849800000090e+00 4.996310536999999941e-01 7.598968466000000088e-01 -3.301154986000000013e-01 2.528820876769999892e-01
1.403638568977829456e+09 7.998254346200000420e+00 2.654691225900000173e+00 1.009296117799999948e+00 4.999293274000000120e-01 7.596985899000000542e-01 -3.299324911000000027e-01 2.531269867140000240e-01
1.403638569027829409e+09 8.002138153600000692e+00 2.621441901499999894e+00 1.001195239599999898e+00 5.007442207000000201e-01 7.590756814000000352e-01 -3.298959244999999929e-01 2.534324652089999796e-01
1.403638569077829361e+09 8.006316778500000453e+00 2.589730137700000157e+00 9.944321017999999679e-01 4.995888129000000122e-01 7.598251843000000116e-01 -3.289324120000000073e-01 2.547158722580000201e-01
1.403638569127829552e+09 8.010156672600000860e+00 2.559794237899999825e+00 9.900444500999999731e-01 4.998903420999999958e-01 7.596065843999999512e-01 -3.288564096000000103e-01 2.548743703219999990e-01
1.403638569177829266e+09 8.013743179900000513e+00 2.531403969299999890e+00 9.867702280000000270e-01 4.981943202999999931e-01 7.605831706000000247e-01 -3.292035412000000050e-01 2.548346293209999835e-01
1.403638569227829456e+09 8.016932378899999989e+00 2.504627212199999953e+00 9.835429953000000003e-01 4.968916796999999774e-01 7.613528971999999895e-01 -3.285826063000000241e-01 2.558786731439999795e-01
1.403638569277829409e+09 8.020048507000000271e+00 2.479646428700000182e+00 9.796368706000000426e-01 4.955637505000000109e-01 7.620782604000000404e-01 -3.287088985000000130e-01 2.561322984239999823e-01
1.403638569327829599e+09 8.023029210700000746e+00 2.456169977900000134e+00 9.744666539999999877e-01 4.953654591000000162e-01 7.620827226999999926e-01 -3.286780865999999746e-01 2.565418114760000257e-01
1.403638569377829313e+09 8.026112451499999523e+00 2.434527264499999788e+00 9.679766976000000467e-01 4.952988843999999724e-01 7.620646148999999925e-01 -3.284649438000000199e-01 2.569967285359999742e-01
1.403638569427829504e+09 8.029486814700000252e+00 2.414853369399999838e+00 9.604669230000000280e-01 4.962320409000000043e-01 7.613479202999999806e-01 -3.278933611000000026e-01 2.580485411460000100e-01
1.403638569477829456e+09 8.032752807499999648e+00 2.397065649399999998e+00 9.516644587999999461e-01 4.970366211999999728e-01 7.608423502000000171e-01 -3.276000036000000226e-01 2.583636062610000228e-01
1.403638569527829409e+09 8.035955046999999851e+00 2.381027513099999826e+00 9.417434678999999642e-01 4.978814952999999766e-01 7.602923137999999526e-01 -3.272262235000000241e-01 2.588293122190000184e-01
1.403638569577829361e+09 8.039070652799999550e+00 2.366599829400000132e+00 9.319365306000000349e-01 4.985028126000000115e-01 7.597487994999999605e-01 -3.268343026000000151e-01 2.597230182310000246e-01
1.403638569627829552e+09 8.041821799799999226e+00 2.353975968399999896e+00 9.238421879999999531e-01 4.999648324000000033e-01 7.587406071000000196e-01 -3.273354828999999744e-01 2.592283530849999740e-01
1.403638569677829266e+09 8.044364269900000863e+00 2.342964483099999828e+00 9.174522072999999889e-01 5.004201169999999976e-01 7.583370771999999871e-01 -3.273353206999999876e-01 2.595306757729999858e-01
1.403638569727829456e+09 8.045971407899999761e+00 2.333146721299999893e+00 9.123942945999999887e-01 5.008459991000000500e-01 7.579689907000000115e-01 -3.266971128000000224e-01 2.605864364839999836e-01
1.403638569777829409e+09 8.047382293700000133e+00 2.325352566599999893e+00 9.090688287000000534e-01 5.011928089999999614e-01 7.577398484999999795e-01 -3.264614942999999880e-01 2.608811661450000097e-01
1.403638569827829599e+09 8.048195197500000120e+00 2.319112056299999836e+00 9.075620438999999484e-01 5.017504501999999755e-01 7.575071598000000517e-01 -3.260770830999999981e-01 2.609657532449999873e-01
1.403638569877829313e+09 8.048748192499999732e+00 2.314254429700000060e+00 9.072831917000000468e-01 5.025239228000000224e-01 7.568861883999999929e-01 -3.250016123999999729e-01 2.626156065460000244e-01
1.403638569927829504e+09 8.048724956199999170e+00 2.310875064699999815e+00 9.083814419000000306e-01 5.037912894999999613e-01 7.559746492000000151e-01 -3.248315026999999966e-01 2.630231193220000097e-01
1.403638569977829456e+09 8.048037345299999146e+00 2.308844254799999884e+00 9.098551551000000348e-01 5.051345952000000361e-01 7.551217118999999922e-01 -3.252729455000000214e-01 2.623504370670000085e-01
1.403638570027829409e+09 8.046835598899999553e+00 2.308148818699999882e+00 9.106545152999999670e-01 5.063465580999999549e-01 7.543855467000000203e-01 -3.255823996000000164e-01 2.617474186040000261e-01
1.403638570077829361e+09 8.044991944499999548e+00 2.308757831299999896e+00 9.100714895000000526e-01 5.069249582999999504e-01 7.539922661000000303e-01 -3.265136012000000032e-01 2.605985754999999848e-01
1.403638570127829552e+09 8.042463343999999736e+00 2.310548808300000090e+00 9.081298640999999616e-01 5.076288060000000435e-01 7.536664495999999547e-01 -3.278340545000000272e-01 2.585047596639999945e-01
1.403638570177829266e+09 8.039446591500000849e+00 2.313341755000000166e+00 9.049158380999999807e-01 5.087702093999999509e-01 7.531378951999999627e-01 -3.292116178999999754e-01 2.560388554970000063e-01
1.403638570227829456e+09 8.035932789200000315e+00 2.317009157899999838e+00 9.005924440000000475e-01 5.107194709000000277e-01 7.520454876000000066e-01 -3.308477952000000166e-01 2.532448281060000195e-01
1.403638570277829409e+09 8.031897400700000134e+00 2.321406873099999935e+00 8.950294116000000466e-01 5.124828007999999713e-01 7.510061882999999883e-01 -3.333992680999999791e-01 2.493912830299999939e-01
1.403638570327829599e+09 8.027909210600000733e+00 2.326455275299999848e+00 8.887561428000000374e-01 5.144677986000000258e-01 7.495234884000000486e-01 -3.366913029999999973e-01 2.453087667530000071e-01
1.403638570377829313e+09 8.024360738400000415e+00 2.331528406499999928e+00 8.810248628000000304e-01 5.150152688000000367e-01 7.481278960999999672e-01 -3.401647810000000272e-01 2.436223426219999988e-01
1.403638570427829504e+09 8.021535000000000082e+00 2.336966300199999846e+00 8.719724706000000491e-01 5.156776746000000244e-01 7.455428003999999831e-01 -3.460359360999999967e-01 2.418710392200000003e-01
1.403638570477829456e+09 8.019046249800000581e+00 2.342597917600000024e+00 8.618952375999999749e-01 5.161556017999999746e-01 7.420037457999999475e-01 -3.544671071000000118e-01 2.395138950140000000e-01
1.403638570527829409e+09 8.017651533100000449e+00 2.348015263499999783e+00 8.506230991000000019e-01 5.176981446999999736e-01 7.364454810999999657e-01 -3.660032377999999920e-01 2.359625270659999885e-01
1.403638570577829361e+09 8.017671556499999852e+00 2.352418877999999935e+00 8.378181814999999810e-01 5.192842737999999736e-01 7.297510744999999854e-01 -3.787143045999999957e-01 2.332009600989999876e-01
1.403638570627829552e+09 8.018574203900000086e+00 2.355605243299999874e+00 8.238472711000000004e-01 5.201516845000000444e-01 7.224186121000000238e-01 -3.918005307999999909e-01 2.324777797039999927e-01
1.403638570677829266e+09 8.021740801700000034e+00 2.357235433100000055e+00 8.085181991000000012e-01 5.210863570999999528e-01 7.142616820999999616e-01 -4.039722857999999972e-01 2.347459269380000046e-01
1.403638570727829456e+09 8.026562584800000621e+00 2.356995665799999973e+00 7.924608722000000549e-01 5.233165985000000076e-01 7.049224002999999739e-01 -4.144947265999999741e-01 2.396210945149999938e-01
1.403638570777829409e+09 8.032977356199999974e+00 2.354533555600000216e+00 7.763777966999999558e-01 5.269443136000000472e-01 6.937393549000000492e-01 -4.256028325999999806e-01 2.447807726710000131e-01
1.403638570827829599e+09 8.040218196599999700e+00 2.348956663100000064e+00 7.594030418999999643e-01 5.294024449999999993e-01 6.832828369000000235e-01 -4.350772981000000095e-01 2.521217179879999826e-01
1.403638570877829313e+09 8.048244184199999651e+00 2.340629011599999920e+00 7.415526762999999910e-01 5.305305029000000339e-01 6.737452927999999508e-01 -4.440759135999999829e-01 2.596175048189999779e-01
1.403638570927829504e+09 8.056871525900000108e+00 2.328808792399999827e+00 7.226822966000000514e-01 5.296701057999999573e-01 6.656725033000000513e-01 -4.526560478000000165e-01 2.672680297610000033e-01
1.403638570977829456e+09 8.066125866000000144e+00 2.313502892299999836e+00 7.028631509999999638e-01 5.279675992000000262e-01 6.581471916000000144e-01 -4.609029069000000201e-01 2.750654446790000152e-01
1.403638571027829409e+09 8.075738405499999217e+00 2.294836543100000181e+00 6.821027745000000087e-01 5.249957106999999512e-01 6.515488949000000085e-01 -4.696914427000000170e-01 2.815199635489999963e-01
1.403638571077829361e+09 8.085235113499999571e+00 2.272639672099999952e+00 6.595787293000000551e-01 5.176604195999999769e-01 6.484625650999999991e-01 -4.775148637000000140e-01 2.889698021780000015e-01
1.403638571127829552e+09 8.094948666800000581e+00 2.247204140000000017e+00 6.369148301999999484e-01 5.088487176999999528e-01 6.466371037000000488e-01 -4.847200482999999838e-01 2.966140816400000269e-01
1.403638571177829266e+09 8.104214094999999674e+00 2.218522687900000179e+00 6.164313399999999943e-01 4.996481722000000181e-01 6.461962157999999734e-01 -4.897768467999999986e-01 3.047963170949999911e-01
1.403638571227829456e+09 8.113593824200000526e+00 2.187158953900000036e+00 5.978650823000000170e-01 4.918309222999999730e-01 6.455599932000000152e-01 -4.934800168999999848e-01 3.127812526759999878e-01
1.403638571277829409e+09 8.123237612200000513e+00 2.153652539799999932e+00 5.821492206999999697e-01 4.851257668999999773e-01 6.447615452999999608e-01 -4.960964669999999854e-01 3.206615590010000183e-01
1.403638571327829599e+09 8.132918350800000695e+00 2.118251902699999967e+00 5.689113083000000293e-01 4.795615019000000201e-01 6.440066113000000314e-01 -4.980318078000000037e-01 3.274760587019999725e-01
1.403638571377829313e+09 8.142389535499999553e+00 2.081740659899999901e+00 5.585957123000000468e-01 4.769679438000000160e-01 6.420287772999999643e-01 -5.007768178999999487e-01 3.309429081670000050e-01
1.403638571427829504e+09 8.151519606900000881e+00 2.043811700200000026e+00 5.509338893999999875e-01 4.756057006000000142e-01 6.397372153000000505e-01 -5.028057714000000455e-01 3.342482149839999805e-01
1.403638571477829456e+09 8.160326915700000683e+00 2.004219920800000221e+00 5.457652765999999600e-01 4.753675507999999827e-01 6.375806547000000268e-01 -5.041515667000000533e-01 3.366716474029999850e-01
1.403638571527829409e+09 8.168944717600000516e+00 1.963208516599999953e+00 5.414616893000000486e-01 4.747783329999999968e-01 6.355933214000000220e-01 -5.047917565999999745e-01 3.402821574450000108e-01
1.403638571577829361e+09 8.177260098299999669e+00 1.920867594499999997e+00 5.365296294000000410e-01 4.727736278999999930e-01 6.336932614000000408e-01 -5.071770718000000455e-01 3.430588362599999996e-01
1.403638571627829552e+09 8.185514978800000563e+00 1.877030810900000013e+00 5.311986499999999944e-01 4.698592676000000190e-01 6.317828018000000156e-01 -5.106792155999999583e-01 3.453831189559999904e-01
1.403638571677829266e+09 8.193513426399999133e+00 1.832208845900000105e+00 5.240574151000000347e-01 4.657361735000000169e-01 6.298891287000000228e-01 -5.157190078000000177e-01 3.469342981210000176e-01
1.403638571727829456e+09 8.201696322700000152e+00 1.786113334199999958e+00 5.157950365000000259e-01 4.609980760999999871e-01 6.273755607000000012e-01 -5.214085548000000347e-01 3.493047361350000157e-01
1.403638571777829409e+09 8.209891324899999177e+00 1.738735031999999903e+00 5.062502949999999613e-01 4.558896660999999795e-01 6.243558938000000058e-01 -5.278593973999999855e-01 3.517225992049999861e-01
1.403638571827829599e+09 8.218170834400000402e+00 1.690579438299999904e+00 4.956196140999999944e-01 4.510671581999999846e-01 6.203768965999999496e-01 -5.350208290000000311e-01 3.541519976070000020e-01
1.403638571877829313e+09 8.227399450000000058e+00 1.641495512599999929e+00 4.848780377999999947e-01 4.471919419000000007e-01 6.150003923000000317e-01 -5.430841870999999488e-01 3.561649199570000035e-01
1.403638571927829504e+09 8.236956795199999348e+00 1.591079927300000030e+00 4.747532371000000029e-01 4.436600839000000018e-01 6.087495863999999868e-01 -5.510786733000000437e-01 3.590292005749999849e-01
1.403638571977829456e+09 8.246978947000000559e+00 1.539378570700000060e+00 4.662683389999999761e-01 4.404136905000000102e-01 6.019504625999999581e-01 -5.592939257000000275e-01 3.617757958430000143e-01
1.403638572027829409e+09 8.257207263399999775e+00 1.486157373700000006e+00 4.595559274000000083e-01 4.365490032000000076e-01 5.954638190000000053e-01 -5.667053202999999817e-01 3.656403806619999974e-01
1.403638572077829361e+09 8.267839548699999597e+00 1.431597760300000077e+00 4.553636152000000159e-01 4.334289070999999827e-01 5.883646963999999979e-01 -5.744275120999999817e-01 3.687809646190000068e-01
1.403638572127829552e+09 8.278719036500000072e+00 1.375173225599999993e+00 4.528138863999999764e-01 4.291484812999999954e-01 5.818766871999999646e-01 -5.805855028999999945e-01 3.743949462439999931e-01
1.403638572177829266e+09 8.289109216900000021e+00 1.317018539200000005e+00 4.520864018999999900e-01 4.232576290000000241e-01 5.762541160999999912e-01 -5.857912910000000473e-01 3.816185747540000173e-01
1.403638572227829456e+09 8.299457211500000042e+00 1.257722423099999931e+00 4.524347349999999768e-01 4.164372801999999818e-01 5.711106637999999736e-01 -5.921253493999999451e-01 3.870402717640000212e-01
1.403638572277829409e+09 8.309732400499999727e+00 1.197326265100000064e+00 4.528076816000000115e-01 4.091351953999999846e-01 5.660053135000000513e-01 -5.993753866000000041e-01 3.911464213929999878e-01
1.403638572327829599e+09 8.320437412600000471e+00 1.135890196799999918e+00 4.523765182000000218e-01 4.016568570999999865e-01 5.604560713999999777e-01 -6.068905730000000442e-01 3.952778688790000161e-01
1.403638572377829313e+09 8.331758355299999863e+00 1.073567494299999980e+00 4.509516617000000061e-01 3.943112583000000226e-01 5.546258635999999909e-01 -6.143699568999999583e-01 3.993223497400000266e-01
1.403638572427829504e+09 8.343448974699999354e+00 1.010442852900000021e+00 4.485739268999999751e-01 3.869509047999999951e-01 5.497041177999999473e-01 -6.204491874999999990e-01 4.039024460549999751e-01
1.403638572477829456e+09 8.355441196599999287e+00 9.468650188999999662e-01 4.454171406999999916e-01 3.801292542999999968e-01 5.459502015999999625e-01 -6.248279590999999966e-01 4.086932209690000151e-01
1.403638572527829409e+09 8.367951480100000339e+00 8.830456224999999604e-01 4.418521986999999762e-01 3.744836638999999856e-01 5.424398310000000389e-01 -6.288279037999999765e-01 4.124275483459999836e-01
1.403638572577829361e+09 8.381329022999999268e+00 8.191644089999999823e-01 4.385002481999999979e-01 3.705402127999999906e-01 5.390755952000000351e-01 -6.312831281999999877e-01 4.166282100379999909e-01
1.403638572627829552e+09 8.395218187699999390e+00 7.549610950999999792e-01 4.348915852999999943e-01 3.673226656999999951e-01 5.368927771999999488e-01 -6.336482398999999655e-01 4.187005052989999920e-01
1.403638572677829266e+09 8.409808374800000763e+00 6.904843137999999714e-01 4.326131482000000195e-01 3.643155766999999767e-01 5.353252841000000206e-01 -6.355144970999999643e-01 4.205024671079999887e-01
1.403638572727829456e+09 8.425594438099999195e+00 6.256648580000000459e-01 4.320850768999999758e-01 3.600260035999999775e-01 5.355658143999999510e-01 -6.358208580999999970e-01 4.234174908889999922e-01
1.403638572777829409e+09 8.442219197300000033e+00 5.607947617999999856e-01 4.339460090999999742e-01 3.560803197999999892e-01 5.366070080999999492e-01 -6.356532559999999998e-01 4.256814100870000006e-01
1.403638572827829599e+09 8.459568527400000093e+00 4.963742590999999926e-01 4.378926523000000182e-01 3.528359106000000245e-01 5.378051232999999653e-01 -6.357056822000000107e-01 4.267912314730000212e-01
1.403638572877829313e+09 8.478404176099999745e+00 4.322504480000000093e-01 4.440144346000000075e-01 3.501868153000000095e-01 5.390881033000000100e-01 -6.357663805000000057e-01 4.272637600540000191e-01
1.403638572927829504e+09 8.498522788700000774e+00 3.688288947000000206e-01 4.519962222000000196e-01 3.494586460999999922e-01 5.397636915000000313e-01 -6.358139800000000008e-01 4.269360547230000025e-01
1.403638572977829456e+09 8.519676088700000705e+00 3.058109072999999900e-01 4.598957542000000065e-01 3.473893761999999885e-01 5.414717447000000350e-01 -6.355392873999999859e-01 4.268709232730000247e-01
1.403638573027829409e+09 8.541083132000000688e+00 2.435127348999999997e-01 4.671616983999999917e-01 3.464926204000000065e-01 5.424791492999999631e-01 -6.356240616999999649e-01 4.261939568409999768e-01
1.403638573077829361e+09 8.563974657899999343e+00 1.817709740000000018e-01 4.729435244999999899e-01 3.459527947000000103e-01 5.438494622999999750e-01 -6.351375354999999612e-01 4.256110163799999846e-01
1.403638573127829552e+09 8.587154534499999770e+00 1.206873871000000015e-01 4.770920068999999764e-01 3.455732237999999956e-01 5.451297437000000023e-01 -6.349706669000000359e-01 4.245291058480000213e-01
1.403638573177829266e+09 8.611922603700000067e+00 6.005668930000000044e-02 4.804034197000000006e-01 3.460839131999999818e-01 5.457943591999999677e-01 -6.346031373999999614e-01 4.238080940489999948e-01
1.403638573227829456e+09 8.637902976199999472e+00 -6.527040000000000446e-05 4.833537158999999805e-01 3.468293858000000007e-01 5.466298083999999724e-01 -6.337273673000000107e-01 4.234322303770000073e-01
1.403638573277829409e+09 8.665111613700000603e+00 -5.960485489999999692e-02 4.862161798999999895e-01 3.469340949999999979e-01 5.478325985999999981e-01 -6.332957083000000376e-01 4.224366503309999743e-01
1.403638573327829599e+09 8.694256837299999319e+00 -1.186948240000000043e-01 4.895562931999999923e-01 3.480609654999999858e-01 5.483469154000000234e-01 -6.322601753000000047e-01 4.223935313869999764e-01
1.403638573377829313e+09 8.724694263099999958e+00 -1.776467798999999959e-01 4.927821809999999858e-01 3.471134059000000049e-01 5.488820065999999720e-01 -6.327632831999999707e-01 4.217243812900000055e-01
1.403638573427829504e+09 8.756416262200000133e+00 -2.362358391999999918e-01 4.968298635999999768e-01 3.453374968999999850e-01 5.491732038000000093e-01 -6.330147127999999901e-01 4.224253529409999763e-01
1.403638573477829456e+09 8.791121997999999493e+00 -2.941968746999999995e-01 5.019385593999999839e-01 3.441923989999999822e-01 5.488926223000000215e-01 -6.329015225999999883e-01 4.238916658610000221e-01
1.403638573527829409e+09 8.827597814800000720e+00 -3.516095248000000173e-01 5.098481571999999851e-01 3.429364919999999817e-01 5.489346252000000259e-01 -6.330034177000000151e-01 4.247022638090000024e-01
1.403638573577829361e+09 8.866172120999999962e+00 -4.084809343999999953e-01 5.202264724999999812e-01 3.426135612999999802e-01 5.486663924000000359e-01 -6.331388712000000085e-01 4.251074067519999833e-01
1.403638573627829552e+09 8.906064834100000382e+00 -4.646025288999999781e-01 5.325988189000000483e-01 3.419827945000000202e-01 5.484019166000000389e-01 -6.333092819000000206e-01 4.257023133430000161e-01
1.403638573677829266e+09 8.946772889100000015e+00 -5.201601537000000164e-01 5.458238624000000261e-01 3.391682475000000196e-01 5.487278531999999487e-01 -6.337849007000000423e-01 4.268247212629999732e-01
1.403638573727829456e+09 8.989178401400000240e+00 -5.749213006000000181e-01 5.599255181000000192e-01 3.376302877999999841e-01 5.470173377000000503e-01 -6.348608851000000497e-01 4.286367665479999811e-01
1.403638573777829409e+09 9.034683886299999855e+00 -6.293715454999999626e-01 5.755589325000000089e-01 3.357424853000000042e-01 5.439942547999999656e-01 -6.356244875000000016e-01 4.328149087290000252e-01
1.403638573827829599e+09 9.081034397899999888e+00 -6.830591208999999830e-01 5.906903691999999539e-01 3.350662667000000039e-01 5.387057361000000544e-01 -6.360599429000000082e-01 4.392658373050000176e-01
1.403638573877829313e+09 9.129487595500000552e+00 -7.362639201999999772e-01 6.050386464000000464e-01 3.339348183999999997e-01 5.321251585999999811e-01 -6.370719733999999912e-01 4.466202563280000093e-01
1.403638573927829504e+09 9.179105100699999298e+00 -7.884093536999999818e-01 6.182916697000000461e-01 3.330241232999999745e-01 5.236266742999999835e-01 -6.395960913999999553e-01 4.536814732409999995e-01
1.403638573977829456e+09 9.229340416199999453e+00 -8.394479408999999670e-01 6.302746662000000555e-01 3.341308828999999814e-01 5.125833315000000168e-01 -6.440550173000000322e-01 4.591383409079999867e-01
1.403638574027829409e+09 9.280498789499999290e+00 -8.896688391000000529e-01 6.409873419999999600e-01 3.364467143000000049e-01 4.997080153999999830e-01 -6.499551065999999988e-01 4.633075297770000156e-01
1.403638574077829361e+09 9.330995337099999176e+00 -9.392494214000000063e-01 6.502595032000000330e-01 3.387642591999999730e-01 4.856407502999999792e-01 -6.568004474999999953e-01 4.669100668250000252e-01
1.403638574127829552e+09 9.380936195200000327e+00 -9.887290624000000250e-01 6.583289048999999560e-01 3.406809839000000117e-01 4.710566857999999857e-01 -6.634996966999999746e-01 4.709673221160000089e-01
1.403638574177829266e+09 9.429819523999999120e+00 -1.038219620300000035e+00 6.647343564000000038e-01 3.417302938999999817e-01 4.560684510999999941e-01 -6.710969224999999705e-01 4.741844522440000209e-01
1.403638574227829456e+09 9.477089740000000262e+00 -1.088162051000000075e+00 6.698457871999999869e-01 3.403047920999999754e-01 4.425541143000000233e-01 -6.777916652000000042e-01 4.784735760400000149e-01
1.403638574277829409e+09 9.521994274200000774e+00 -1.138464016299999937e+00 6.736458372000000416e-01 3.366302069000000063e-01 4.304719781999999939e-01 -6.849376427000000156e-01 4.819070505170000018e-01
1.403638574327829599e+09 9.564920466400000265e+00 -1.189244887699999920e+00 6.756969735000000199e-01 3.303019667000000048e-01 4.200361912999999725e-01 -6.917338525999999765e-01 4.857720513689999797e-01
1.403638574377829313e+09 9.605924315399999358e+00 -1.240490622999999903e+00 6.765546946999999589e-01 3.225148895000000127e-01 4.107496304000000098e-01 -6.984247180000000554e-01 4.893585601720000233e-01
1.403638574427829504e+09 9.645410269099999212e+00 -1.292336090999999909e+00 6.761341960000000206e-01 3.137356358999999761e-01 4.021438627999999738e-01 -7.042900547999999539e-01 4.937871839870000001e-01
1.403638574477829456e+09 9.683194938799999818e+00 -1.344490672699999889e+00 6.748918580999999639e-01 3.054805690999999879e-01 3.933038393000000132e-01 -7.107385136999999631e-01 4.968344562900000039e-01
1.403638574527829409e+09 9.719404906899999474e+00 -1.396943264899999981e+00 6.746705668000000378e-01 2.984653073999999906e-01 3.853569973000000037e-01 -7.158471557000000152e-01 4.999812943099999907e-01
1.403638574577829361e+09 9.754599284899999390e+00 -1.449219040100000022e+00 6.754610987000000399e-01 2.930828112000000152e-01 3.781903602999999725e-01 -7.198474225000000004e-01 5.028858771880000411e-01
1.403638574627829552e+09 9.788727382499999408e+00 -1.502217297899999915e+00 6.785513323999999846e-01 2.878224115999999944e-01 3.724801053999999834e-01 -7.220618560999999547e-01 5.069945821300000377e-01
1.403638574677829266e+09 9.821259315100000720e+00 -1.555552569600000101e+00 6.830195932000000525e-01 2.805474003000000272e-01 3.696394592000000201e-01 -7.239207149999999924e-01 5.104886137149999836e-01
1.403638574727829456e+09 9.853028576399999849e+00 -1.608632450700000049e+00 6.891213771999999960e-01 2.736079274000000061e-01 3.681503689000000246e-01 -7.246554865000000012e-01 5.142746677330000127e-01
1.403638574777829409e+09 9.883714753499999617e+00 -1.661190000399999978e+00 6.967125966999999642e-01 2.659187966000000070e-01 3.685413530000000160e-01 -7.259726337999999890e-01 5.161668332230000544e-01
1.403638574827829599e+09 9.913627181400000765e+00 -1.712841224800000006e+00 7.057053787000000522e-01 2.603192342000000270e-01 3.690861743000000139e-01 -7.278698931999999511e-01 5.159599895580000428e-01
1.403638574877829313e+09 9.943132733500000597e+00 -1.764082410599999928e+00 7.145621049000000502e-01 2.566875648999999981e-01 3.689752317000000170e-01 -7.306626067999999474e-01 5.139075087209999948e-01
1.403638574927829504e+09 9.972446928200000116e+00 -1.814988934200000070e+00 7.225346061999999847e-01 2.535688434999999741e-01 3.695287244000000082e-01 -7.329665887999999851e-01 5.117727455889999888e-01
1.403638574977829456e+09 1.000145799839999938e+01 -1.865646225799999947e+00 7.292319379999999684e-01 2.513777573000000043e-01 3.701460215999999859e-01 -7.344654927999999527e-01 5.102563921489999821e-01
1.403638575027829409e+09 1.003050982699999949e+01 -1.915856600499999951e+00 7.348622581999999515e-01 2.526881867999999920e-01 3.690198922999999853e-01 -7.367137723000000138e-01 5.071743458380000291e-01
1.403638575077829361e+09 1.005943084049999925e+01 -1.965921553100000052e+00 7.392631980999999630e-01 2.556251992999999945e-01 3.670716560000000239e-01 -7.389961727999999619e-01 5.037844911319999675e-01
1.403638575127829552e+09 1.008826177659999956e+01 -2.016225723699999861e+00 7.424138032000000553e-01 2.588837855000000188e-01 3.650311309000000004e-01 -7.402410377999999458e-01 5.017715267429999626e-01
1.403638575177829266e+09 1.011677813460000053e+01 -2.066901984499999845e+00 7.443616815000000386e-01 2.618806502000000092e-01 3.634760462000000136e-01 -7.411888353000000151e-01 4.999427960189999909e-01
1.403638575227829456e+09 1.014484920149999958e+01 -2.118336048100000202e+00 7.454454400000000147e-01 2.643809227999999734e-01 3.623868993000000094e-01 -7.412454781999999742e-01 4.993331592629999816e-01
1.403638575277829409e+09 1.017246242020000047e+01 -2.170327359299999870e+00 7.453102715999999628e-01 2.664211705999999791e-01 3.619751551000000012e-01 -7.415538375000000348e-01 4.980879972200000227e-01
1.403638575327829599e+09 1.019960497779999997e+01 -2.223223687599999998e+00 7.437541112000000121e-01 2.668433266999999942e-01 3.627758192000000159e-01 -7.420350592000000134e-01 4.965604846059999966e-01
1.403638575377829313e+09 1.022635592720000020e+01 -2.276994045799999977e+00 7.406350377000000540e-01 2.655649948000000093e-01 3.651850211000000068e-01 -7.427629398999999744e-01 4.943868414179999893e-01
1.403638575427829504e+09 1.025314562430000009e+01 -2.331423696999999962e+00 7.363359538000000537e-01 2.643627731000000036e-01 3.677017812000000219e-01 -7.435849266999999818e-01 4.919239586790000174e-01
1.403638575477829456e+09 1.028027882279999972e+01 -2.386923090899999877e+00 7.309998884999999724e-01 2.622617204000000091e-01 3.709461311000000205e-01 -7.431825390999999836e-01 4.912203899300000010e-01
1.403638575527829409e+09 1.030766278589999985e+01 -2.443126370099999889e+00 7.256564454999999692e-01 2.621222257999999972e-01 3.728794284999999986e-01 -7.433407208000000210e-01 4.895890556120000014e-01
1.403638575577829361e+09 1.033489353290000068e+01 -2.500330583899999848e+00 7.208669107999999826e-01 2.594038586999999896e-01 3.765858435000000171e-01 -7.426313436999999462e-01 4.892764330080000001e-01
1.403638575627829552e+09 1.036258534579999946e+01 -2.558568654000000109e+00 7.173845814000000543e-01 2.558022080999999837e-01 3.808243635999999932e-01 -7.415628573000000445e-01 4.895125770140000276e-01
1.403638575677829266e+09 1.039122414949999929e+01 -2.618477613700000095e+00 7.152560935999999758e-01 2.530106691999999824e-01 3.843947716000000181e-01 -7.399211354000000407e-01 4.906556575509999907e-01
1.403638575727829456e+09 1.041989965910000038e+01 -2.678566584099999925e+00 7.153026058000000464e-01 2.497519655000000061e-01 3.882536238000000028e-01 -7.395677401000000373e-01 4.898189840459999944e-01
1.403638575777829409e+09 1.044915121780000078e+01 -2.738828574799999860e+00 7.172951829000000501e-01 2.462393411999999893e-01 3.916295674999999976e-01 -7.393630715000000242e-01 4.892184759639999769e-01
1.403638575827829599e+09 1.047982074779999984e+01 -2.799793810400000194e+00 7.212523008000000235e-01 2.435222841000000138e-01 3.946796081000000234e-01 -7.392689910999999947e-01 4.882686380560000150e-01
1.403638575877829313e+09 1.051230166809999922e+01 -2.860613219699999821e+00 7.285325273999999629e-01 2.427652026000000074e-01 3.963398324999999889e-01 -7.388842892000000440e-01 4.878829785300000110e-01
1.403638575927829504e+09 1.054632799480000038e+01 -2.921388442400000063e+00 7.380105649000000545e-01 2.431954332000000052e-01 3.968021855000000153e-01 -7.389193321000000481e-01 4.872393944230000162e-01
1.403638575977829456e+09 1.058227205450000064e+01 -2.982620049499999926e+00 7.504529077999999576e-01 2.437157318000000017e-01 3.969401215999999732e-01 -7.383066498000000477e-01 4.877955235179999849e-01
1.403638576027829409e+09 1.061873341259999926e+01 -3.043390539199999800e+00 7.642571625999999840e-01 2.438642718000000043e-01 3.975940063999999774e-01 -7.379153443000000534e-01 4.877808602690000273e-01
1.403638576077829361e+09 1.065641490099999977e+01 -3.104305235800000062e+00 7.798239177000000355e-01 2.437216386999999929e-01 3.979946027999999858e-01 -7.372199979000000347e-01 4.885762310749999782e-01
1.403638576127829552e+09 1.069532946990000077e+01 -3.165293992400000089e+00 7.969469695999999992e-01 2.440808329999999970e-01 3.975403048999999744e-01 -7.371903235000000221e-01 4.888114972590000273e-01
1.403638576177829266e+09 1.073585328949999962e+01 -3.226285237299999942e+00 8.150928826000000127e-01 2.455101540000000082e-01 3.966208748000000228e-01 -7.362591813000000096e-01 4.902438819889999855e-01
1.403638576227829456e+09 1.077720723590000063e+01 -3.287420873599999904e+00 8.317358394999999627e-01 2.444701753000000088e-01 3.972402776999999774e-01 -7.353054190000000157e-01 4.916914032279999791e-01
1.403638576277829409e+09 1.081969238179999948e+01 -3.348487704100000073e+00 8.469474994000000256e-01 2.430962342000000109e-01 3.979666183000000190e-01 -7.340080248000000473e-01 4.937195673770000126e-01
1.403638576327829599e+09 1.085720084339999936e+01 -3.413602939400000036e+00 8.585166246000000001e-01 2.411886827999999983e-01 3.992172493000000211e-01 -7.326603016999999607e-01 4.956435105129999852e-01
1.403638576377829313e+09 1.089957776219999985e+01 -3.474761214900000006e+00 8.709989356999999766e-01 2.391427815999999928e-01 4.003575140000000254e-01 -7.316739574999999718e-01 4.971698009339999835e-01
1.403638576427829504e+09 1.094273585660000059e+01 -3.535329024300000178e+00 8.819918379000000197e-01 2.366472976000000006e-01 4.018631764000000217e-01 -7.313952227000000139e-01 4.975591142349999885e-01
1.403638576477829456e+09 1.098730868430000029e+01 -3.595687097399999921e+00 8.917556155000000429e-01 2.338325227999999978e-01 4.036687402999999952e-01 -7.301603857999999780e-01 4.992391315029999777e-01
1.403638576527829409e+09 1.103331491860000035e+01 -3.655707092700000160e+00 9.001084175000000354e-01 2.290441608999999878e-01 4.066768270000000185e-01 -7.292381820000000126e-01 5.003642719440000164e-01
1.403638576577829361e+09 1.108151124289999956e+01 -3.714995866000000202e+00 9.077566470000000276e-01 2.258017864999999902e-01 4.085256416999999973e-01 -7.287852821000000425e-01 5.009913830079999464e-01
1.403638576627829552e+09 1.113133971449999926e+01 -3.773277646900000004e+00 9.145278205000000327e-01 2.232797727999999982e-01 4.100715368999999777e-01 -7.280226331000000384e-01 5.019666556049999784e-01
1.403638576677829266e+09 1.118312927090000031e+01 -3.830211776100000076e+00 9.205167414999999576e-01 2.223844714000000056e-01 4.106698576999999739e-01 -7.272081540000000510e-01 5.030543862980000336e-01
1.403638576727829456e+09 1.123708955859999925e+01 -3.885835637400000042e+00 9.258917904000000254e-01 2.233035030999999948e-01 4.102587040999999823e-01 -7.254530326999999446e-01 5.055108688199999589e-01
1.403638576777829409e+09 1.129279360600000004e+01 -3.940463319800000086e+00 9.301831480000000152e-01 2.243332104000000105e-01 4.096946922999999963e-01 -7.229310515000000326e-01 5.091125264600000477e-01
1.403638576827829599e+09 1.134992684780000083e+01 -3.993554522100000170e+00 9.335470062999999818e-01 2.273555476999999936e-01 4.076336329999999952e-01 -7.207844828999999676e-01 5.124587841550000133e-01
1.403638576877829313e+09 1.140795202259999996e+01 -4.045021109000000337e+00 9.354716732000000201e-01 2.304177540000000024e-01 4.055664394999999867e-01 -7.195638586000000503e-01 5.144427811999999767e-01
1.403638576927829504e+09 1.146726390419999930e+01 -4.094922089699999823e+00 9.364874541000000052e-01 2.349948010000000032e-01 4.022404835999999761e-01 -7.190255631999999952e-01 5.157346957130000131e-01
1.403638576977829456e+09 1.152734575939999928e+01 -4.143138805599999586e+00 9.365804340000000172e-01 2.398461610000000022e-01 3.989069197999999816e-01 -7.190599878000000222e-01 5.160424618369999772e-01
1.403638577027829409e+09 1.158763723140000046e+01 -4.189959466300000379e+00 9.360096296000000038e-01 2.431122693999999973e-01 3.966913403999999810e-01 -7.201546085000000152e-01 5.146938360120000278e-01
1.403638577077829361e+09 1.164810549719999955e+01 -4.235727847599999762e+00 9.367005318000000136e-01 2.462997651999999926e-01 3.941506383999999752e-01 -7.209674448999999763e-01 5.139918708599999775e-01
1.403638577127829552e+09 1.170890723519999987e+01 -4.280598264500000028e+00 9.393100585000000446e-01 2.489434222999999946e-01 3.922561963000000262e-01 -7.213581466999999803e-01 5.136191907839999793e-01
1.403638577177829266e+09 1.179135008599999956e+01 -4.333755015400000410e+00 9.404070293999999830e-01 2.510972417999999817e-01 3.907245650999999764e-01 -7.219670724000000206e-01 5.128820876070000478e-01
1.403638577227829456e+09 1.185500762010000031e+01 -4.377883912499999752e+00 9.452256420000000325e-01 2.517936031999999935e-01 3.900263328999999946e-01 -7.224551729999999505e-01 5.123845860450000345e-01
1.403638577277829409e+09 1.191914188269999997e+01 -4.421691002200000220e+00 9.511638702000000389e-01 2.502060964000000221e-01 3.913053201000000203e-01 -7.219272013999999960e-01 5.129309618540000004e-01
1.403638577327829599e+09 1.198354022520000051e+01 -4.464892757700000381e+00 9.592407216999999653e-01 2.471777369000000002e-01 3.932404760000000055e-01 -7.206758048000000416e-01 5.146760911779999503e-01
1.403638577377829313e+09 1.204770595169999936e+01 -4.507251230099999617e+00 9.689385373000000135e-01 2.421231578999999967e-01 3.969660886999999971e-01 -7.187667859999999909e-01 5.168835537439999683e-01
1.403638577427829504e+09 1.211191357480000086e+01 -4.548029212300000346e+00 9.804475687999999467e-01 2.389827395000000132e-01 3.993342619999999954e-01 -7.177352647000000418e-01 5.179531709000000372e-01
1.403638577477829456e+09 1.217710163459999961e+01 -4.587587568900000079e+00 9.929581011000000457e-01 2.371498324000000102e-01 4.004102783999999859e-01 -7.165497684999999617e-01 5.196036905730000433e-01
1.403638577527829409e+09 1.224304922409999996e+01 -4.625299316000000438e+00 1.004870077000000084e+00 2.382204494000000061e-01 4.001210888000000243e-01 -7.174687602999999525e-01 5.180663178700000149e-01
1.403638577577829361e+09 1.230922325310000076e+01 -4.661602747599999930e+00 1.015494922300000047e+00 2.386735759999999984e-01 3.997874908999999866e-01 -7.182363991000000336e-01 5.170506369409999525e-01
1.403638577627829552e+09 1.237557437699999952e+01 -4.696502168400000343e+00 1.024680735300000034e+00 2.406517823000000056e-01 3.986008066999999766e-01 -7.189917945999999560e-01 5.159989494290000422e-01
1.403638577677829266e+09 1.244178661639999994e+01 -4.730194028099999670e+00 1.032213888600000073e+00 2.417524763999999993e-01 3.980886209999999759e-01 -7.198838720000000357e-01 5.146342399100000131e-01
1.403638577727829456e+09 1.250798330389999968e+01 -4.762929704000000264e+00 1.037812011900000053e+00 2.421482785000000082e-01 3.979016023999999985e-01 -7.202900505999999536e-01 5.140240937279999534e-01
1.403638577777829409e+09 1.257500409390000051e+01 -4.794832606199999958e+00 1.041466829099999991e+00 2.439041919999999919e-01 3.971401412000000186e-01 -7.211874776000000153e-01 5.125222683510000099e-01
1.403638577827829599e+09 1.264126905420000035e+01 -4.825512240500000161e+00 1.043239102100000038e+00 2.440462300000000029e-01 3.972589832000000265e-01 -7.213033556000000290e-01 5.121993821879999853e-01
1.403638577877829313e+09 1.270849516690000058e+01 -4.855609182100000254e+00 1.043763067300000014e+00 2.443448692000000089e-01 3.974296507999999784e-01 -7.210070789000000424e-01 5.123417314029999892e-01
1.403638577927829504e+09 1.277620400920000066e+01 -4.884749119200000322e+00 1.043433374499999955e+00 2.446456184999999950e-01 3.977578153999999921e-01 -7.207131901000000118e-01 5.123570427289999563e-01
1.403638577977829456e+09 1.284433190989999929e+01 -4.912931876800000097e+00 1.043915685199999999e+00 2.442699705999999971e-01 3.984879262000000089e-01 -7.198950366999999906e-01 5.131185927960000281e-01
1.403638578027829409e+09 1.291335293530000072e+01 -4.940033368799999991e+00 1.045349825800000021e+00 2.448905973000000125e-01 3.984875716999999873e-01 -7.194732708000000088e-01 5.134145140389999584e-01
1.403638578077829361e+09 1.298313203050000020e+01 -4.966052436300000039e+00 1.049258780499999988e+00 2.466904715000000081e-01 3.977963320999999830e-01 -7.195995856000000357e-01 5.129116160529999524e-01
1.403638578127829552e+09 1.305343097979999989e+01 -4.991138997200000205e+00 1.054903730299999953e+00 2.490899729000000118e-01 3.968190300000000170e-01 -7.197007671999999801e-01 5.123667128429999496e-01
1.403638578177829266e+09 1.312443736420000029e+01 -5.015486424199999682e+00 1.062532380499999984e+00 2.534788829999999882e-01 3.942141277999999804e-01 -7.208705117999999468e-01 5.105774990150000470e-01
1.403638578227829456e+09 1.319603353739999996e+01 -5.039488720199999605e+00 1.071955824300000026e+00 2.596010402999999744e-01 3.902459561000000132e-01 -7.226807768999999881e-01 5.079841418339999803e-01
1.403638578277829409e+09 1.326770660420000070e+01 -5.063784619099999773e+00 1.082265851200000073e+00 2.635262250000000028e-01 3.877954093000000046e-01 -7.244116018999999795e-01 5.053676683509999989e-01
1.403638578327829599e+09 1.333872608939999971e+01 -5.087833620499999654e+00 1.092386620999999947e+00 2.664902444000000203e-01 3.856819264999999941e-01 -7.252276252999999562e-01 5.042591523610000515e-01
1.403638578377829313e+09 1.340901970340000027e+01 -5.112239338500000230e+00 1.100822649599999981e+00 2.671503988000000218e-01 3.850629339000000151e-01 -7.251317562000000327e-01 5.045207007759999751e-01
1.403638578427829504e+09 1.347839335549999973e+01 -5.136723331699999839e+00 1.107542855599999987e+00 2.669521630000000201e-01 3.849577837000000002e-01 -7.254642476999999534e-01 5.042277985190000145e-01
1.403638578477829456e+09 1.354687155150000066e+01 -5.161254327800000041e+00 1.112753471900000068e+00 2.670680709000000097e-01 3.845873785000000211e-01 -7.253716008999999687e-01 5.045822375620000466e-01
1.403638578527829409e+09 1.361442914809999927e+01 -5.185661174299999843e+00 1.116492582500000053e+00 2.670858903000000173e-01 3.842589589000000028e-01 -7.257842665000000526e-01 5.042294896590000519e-01
1.403638578577829361e+09 1.368137573069999924e+01 -5.210136118600000366e+00 1.119474929699999954e+00 2.670514928000000121e-01 3.838541929000000019e-01 -7.258231595999999897e-01 5.044999501920000018e-01
1.403638578627829552e+09 1.374780038599999976e+01 -5.234874524200000323e+00 1.121489039400000109e+00 2.670702141999999890e-01 3.834905055000000229e-01 -7.253544645999999707e-01 5.054398417350000061e-01
1.403638578677829266e+09 1.381358838060000060e+01 -5.259917199200000226e+00 1.122296514999999939e+00 2.657766884000000163e-01 3.841379489999999786e-01 -7.246829066000000097e-01 5.065920182419999529e-01
1.403638578727829456e+09 1.387866128469999971e+01 -5.285259503799999869e+00 1.121888012499999920e+00 2.632207348999999752e-01 3.857860497000000222e-01 -7.237211250999999734e-01 5.080469482549999638e-01
1.403638578777829409e+09 1.394322520469999915e+01 -5.310472334600000011e+00 1.120433451000000025e+00 2.601969760999999770e-01 3.877535631999999843e-01 -7.223694921000000102e-01 5.100264942059999917e-01
1.403638578827829599e+09 1.400753544139999995e+01 -5.335178395699999854e+00 1.117674101199999992e+00 2.564101413000000051e-01 3.905255846999999836e-01 -7.216185957999999845e-01 5.108915826790000336e-01
1.403638578877829313e+09 1.407229595879999984e+01 -5.359782509399999562e+00 1.114589724900000078e+00 2.546639332000000255e-01 3.916542547999999901e-01 -7.199132543999999800e-01 5.133012098460000283e-01
1.403638578927829504e+09 1.413685193789999950e+01 -5.383634494699999884e+00 1.110727057200000090e+00 2.530982125999999832e-01 3.926895182999999845e-01 -7.194127040000000139e-01 5.139859903560000109e-01
1.403638578977829456e+09 1.420102539500000027e+01 -5.406699971500000146e+00 1.107849476900000019e+00 2.523598765000000244e-01 3.937312659000000159e-01 -7.184155208000000403e-01 5.149459412239999478e-01
1.403638579027829409e+09 1.426577970850000021e+01 -5.429199858099999609e+00 1.107136532800000017e+00 2.517912938999999906e-01 3.944853342999999901e-01 -7.178730916000000128e-01 5.154034242070000271e-01
1.403638579077829361e+09 1.432951846609999969e+01 -5.450516996500000211e+00 1.108848847800000037e+00 2.520556814000000090e-01 3.947460286999999735e-01 -7.177130009000000088e-01 5.152975399600000506e-01
1.403638579127829552e+09 1.439387099920000068e+01 -5.471374984299999689e+00 1.113561710299999952e+00 2.520562304999999781e-01 3.951415137000000022e-01 -7.170814134999999867e-01 5.158731309139999999e-01
1.403638579177829266e+09 1.445747131319999923e+01 -5.490949633299999633e+00 1.119841158200000075e+00 2.522949986999999950e-01 3.951453797999999740e-01 -7.169697639000000011e-01 5.159086354859999668e-01
1.403638579227829456e+09 1.452004304219999931e+01 -5.509070314999999773e+00 1.127234017799999988e+00 2.526154527999999733e-01 3.951874698000000241e-01 -7.168469384000000222e-01 5.158902631359999491e-01
1.403638579277829409e+09 1.458257698170000083e+01 -5.526098249500000392e+00 1.136142571699999992e+00 2.549783629999999857e-01 3.938874735999999821e-01 -7.176618953000000189e-01 5.145873071069999583e-01
1.403638579327829599e+09 1.464454405500000078e+01 -5.542452116499999804e+00 1.146157825099999972e+00 2.565791915000000256e-01 3.931287702999999856e-01 -7.178913453999999916e-01 5.140514610130000328e-01
1.403638579377829313e+09 1.470699031070000018e+01 -5.558251790399999948e+00 1.156130773599999939e+00 2.617155713000000050e-01 3.896516144000000126e-01 -7.201049164999999697e-01 5.110043918109999916e-01
1.403638579427829504e+09 1.476900229920000029e+01 -5.574013219500000282e+00 1.164799114300000049e+00 2.656309043000000258e-01 3.869842057999999807e-01 -7.211913095999999967e-01 5.094767336390000345e-01
1.403638579477829456e+09 1.483044496499999987e+01 -5.589604493000000396e+00 1.171889737699999934e+00 2.695069764999999951e-01 3.843398887999999736e-01 -7.223051127999999821e-01 5.078623471259999800e-01
1.403638579527829409e+09 1.489153166230000025e+01 -5.605075234800000139e+00 1.178061046799999900e+00 2.728033414000000101e-01 3.832143107000000049e-01 -7.222790278999999813e-01 5.069892848139999630e-01
1.403638579577829361e+09 1.495200260260000036e+01 -5.620709233400000393e+00 1.183152545500000041e+00 2.770988325000000030e-01 3.829995555999999857e-01 -7.190052600999999877e-01 5.094693449299999566e-01
1.403638579627829552e+09 1.501200655719999943e+01 -5.636343084800000014e+00 1.187583254900000052e+00 2.822801542999999747e-01 3.839454130000000132e-01 -7.140400461999999449e-01 5.128846329689999983e-01
1.403638579677829266e+09 1.507058725459999948e+01 -5.651382159599999788e+00 1.190288173799999960e+00 2.868013450999999936e-01 3.879374541999999759e-01 -7.080892518000000413e-01 5.156152942060000521e-01
1.403638579727829456e+09 1.512801852660000002e+01 -5.665780588899999692e+00 1.191686085700000008e+00 2.901781690999999941e-01 3.952064786999999746e-01 -7.012948750999999925e-01 5.174881327260000274e-01
1.403638579777829409e+09 1.518401867520000081e+01 -5.679016030799999726e+00 1.191671833000000014e+00 2.945025519000000203e-01 4.046203535999999823e-01 -6.943840607000000276e-01 5.170893467810000477e-01
1.403638579827829599e+09 1.523824799670000019e+01 -5.691149818100000424e+00 1.189651988999999910e+00 2.972575154000000053e-01 4.169396337999999869e-01 -6.885168847999999509e-01 5.135599387050000519e-01
1.403638579877829313e+09 1.529174287510000063e+01 -5.702137187599999990e+00 1.186630297100000009e+00 3.007042214000000269e-01 4.311216720000000113e-01 -6.821149360999999578e-01 5.083603928709999886e-01
1.403638579927829504e+09 1.534422094449999996e+01 -5.711777195999999890e+00 1.182570903800000073e+00 3.069295450000000258e-01 4.449020332999999994e-01 -6.749768081000000475e-01 5.022576467089999719e-01
1.403638579977829456e+09 1.539598253209999967e+01 -5.720390797400000338e+00 1.177613124100000075e+00 3.149320570999999958e-01 4.590823775000000273e-01 -6.664161529000000028e-01 4.959341501160000054e-01
1.403638580027829409e+09 1.544696342369999975e+01 -5.727993511600000254e+00 1.172415721699999969e+00 3.259734212000000020e-01 4.722779201999999787e-01 -6.541326781999999840e-01 4.927528122629999952e-01
1.403638580077829361e+09 1.549647665060000001e+01 -5.734382982399999662e+00 1.167141018699999977e+00 3.386445726999999795e-01 4.852154347000000034e-01 -6.400296722999999632e-01 4.901508480499999765e-01
1.403638580127829552e+09 1.554347187780000006e+01 -5.738890287500000298e+00 1.161409751899999954e+00 3.529366210000000059e-01 4.978879223000000076e-01 -6.255785993000000378e-01 4.859987392949999818e-01
1.403638580177829266e+09 1.558854503060000063e+01 -5.742064809100000389e+00 1.154312688200000103e+00 3.657892429999999862e-01 5.120380064999999759e-01 -6.113530040000000332e-01 4.798570766640000151e-01
1.403638580227829456e+09 1.563137573909999922e+01 -5.743847653199999570e+00 1.146129297100000111e+00 3.785764016000000010e-01 5.262776664999999632e-01 -5.978124234999999675e-01 4.715209775049999941e-01
1.403638580277829409e+09 1.567165549409999947e+01 -5.744732023200000093e+00 1.136410050200000077e+00 3.897388441999999897e-01 5.407190258999999832e-01 -5.855780301999999882e-01 4.613295339510000148e-01
1.403638580327829599e+09 1.570989950699999937e+01 -5.744864561700000039e+00 1.125414662100000074e+00 3.996189269000000044e-01 5.544364005999999900e-01 -5.754096011999999538e-01 4.492313233329999766e-01
1.403638580377829313e+09 1.574622371359999917e+01 -5.744878762799999983e+00 1.113595486699999970e+00 4.091152077999999914e-01 5.656686721999999445e-01 -5.673818605999999543e-01 4.367167552399999764e-01
1.403638580427829504e+09 1.578087403239999986e+01 -5.745199769200000084e+00 1.100716475800000094e+00 4.170405524999999947e-01 5.750075007999999599e-01 -5.618141123000000015e-01 4.240382705779999761e-01
1.403638580477829456e+09 1.581433333280000042e+01 -5.746050929299999943e+00 1.087013510000000016e+00 4.230858028000000215e-01 5.827357934000000350e-01 -5.565467789000000387e-01 4.143345043109999959e-01
1.403638580527829409e+09 1.584695055499999938e+01 -5.747320104799999996e+00 1.072946753100000095e+00 4.290249532000000032e-01 5.884866219000000065e-01 -5.518899980000000483e-01 4.062493268860000173e-01
1.403638580577829361e+09 1.587833751370000002e+01 -5.748873869299999662e+00 1.057826675899999902e+00 4.331687242000000215e-01 5.945716275000000328e-01 -5.469639969999999796e-01 3.995995772270000135e-01
1.403638580627829552e+09 1.590820343110000046e+01 -5.750670698499999567e+00 1.042440609300000043e+00 4.364665309999999909e-01 6.014127106000000111e-01 -5.423282595999999733e-01 3.920201241240000023e-01
1.403638580677829266e+09 1.593694541290000011e+01 -5.752993399900000249e+00 1.027428728300000094e+00 4.378887269000000249e-01 6.095104172999999959e-01 -5.371168427000000412e-01 3.850402724509999763e-01
1.403638580727829456e+09 1.596515932830000040e+01 -5.755635795799999954e+00 1.014075987700000070e+00 4.388420711000000085e-01 6.175441967999999449e-01 -5.318639988000000152e-01 3.783880130530000163e-01
1.403638580777829409e+09 1.599250464990000076e+01 -5.759183071599999870e+00 1.002946446399999969e+00 4.385332263999999758e-01 6.245864181000000404e-01 -5.268459548999999686e-01 3.741841197770000016e-01
1.403638580827829599e+09 1.601941700009999892e+01 -5.763103970699999579e+00 9.937583815999999626e-01 4.385760961999999874e-01 6.299774606000000388e-01 -5.228727324999999926e-01 3.706528194809999843e-01
1.403638580877829313e+09 1.604549043000000097e+01 -5.767478918500000162e+00 9.865577415999999822e-01 4.373509536999999892e-01 6.351272391000000184e-01 -5.191575287999999899e-01 3.685281451599999869e-01
1.403638580927829504e+09 1.607219369219999905e+01 -5.771589255800000373e+00 9.826813356000000388e-01 4.390531368999999740e-01 6.370385431999999737e-01 -5.168466898000000365e-01 3.664474543019999864e-01
1.403638580977829456e+09 1.609915697879999996e+01 -5.775706049900000139e+00 9.812960729999999909e-01 4.408371191000000078e-01 6.379012023000000253e-01 -5.163556987999999848e-01 3.634851893180000015e-01
1.403638581027829409e+09 1.612572679009999987e+01 -5.780308235199999700e+00 9.815884153999999695e-01 4.411584324000000223e-01 6.389451562000000306e-01 -5.153890053999999887e-01 3.626327314839999927e-01
1.403638581077829361e+09 1.615336231910000109e+01 -5.784750097899999943e+00 9.845943706999999989e-01 4.411439253000000171e-01 6.396066998999999642e-01 -5.149095557999999739e-01 3.621649568779999884e-01
1.403638581127829552e+09 1.618127170160000006e+01 -5.789357635500000043e+00 9.894545437999999749e-01 4.406938337999999900e-01 6.400635877000000473e-01 -5.138129524000000226e-01 3.634608622809999967e-01
1.403638581177829266e+09 1.620936698579999913e+01 -5.793752422299999871e+00 9.957995753999999700e-01 4.402468547000000232e-01 6.401207813999999496e-01 -5.133882101000000198e-01 3.645005321979999935e-01
1.403638581227829456e+09 1.623643150039999838e+01 -5.798194113900000168e+00 1.001954976299999966e+00 4.389959701999999742e-01 6.404411767000000033e-01 -5.132761988999999803e-01 3.656024904060000136e-01
1.403638581277829409e+09 1.626289064050000022e+01 -5.802746190899999768e+00 1.007509194200000069e+00 4.376081105999999887e-01 6.403089101000000172e-01 -5.130897125000000170e-01 3.677534339740000102e-01
1.403638581327829599e+09 1.628935760679999945e+01 -5.806854092400000056e+00 1.012907007399999948e+00 4.367274800000000012e-01 6.398387032000000252e-01 -5.136722170999999948e-01 3.688040069949999888e-01
1.403638581377829313e+09 1.632162925989999991e+01 -5.811396623700000319e+00 1.023624493000000024e+00 4.366818417000000174e-01 6.387661359999999844e-01 -5.136009840999999909e-01 3.708110324430000104e-01
1.403638581427829504e+09 1.634934823789999925e+01 -5.815126174799999603e+00 1.031754656399999970e+00 4.365935254000000154e-01 6.377142456000000070e-01 -5.139005768000000085e-01 3.723074425210000094e-01
1.403638581477829456e+09 1.637683720820000133e+01 -5.818465131399999990e+00 1.041576595300000019e+00 4.369861429999999936e-01 6.361297390000000274e-01 -5.144102762000000162e-01 3.738504163679999825e-01
1.403638581527829409e+09 1.640409793879999967e+01 -5.821539727600000269e+00 1.053307644700000045e+00 4.356609658999999746e-01 6.356353287999999546e-01 -5.155550011999999738e-01 3.746602358639999908e-01
1.403638581577829361e+09 1.643125713399999910e+01 -5.824155482400000139e+00 1.066316722200000067e+00 4.348418393999999854e-01 6.349481693999999843e-01 -5.160066830999999743e-01 3.761522295499999946e-01
1.403638581627829552e+09 1.645866405550000167e+01 -5.826119372900000037e+00 1.079293806499999953e+00 4.357123802999999795e-01 6.330041128000000183e-01 -5.156833962000000326e-01 3.788550511620000227e-01
1.403638581677829266e+09 1.648558069059999909e+01 -5.827665083700000359e+00 1.090968637500000060e+00 4.368443182999999785e-01 6.310478030999999710e-01 -5.144990957999999726e-01 3.824086716830000232e-01
1.403638581727829456e+09 1.651178499479999928e+01 -5.828641692299999733e+00 1.101422138200000012e+00 4.387661753000000053e-01 6.286551382999999715e-01 -5.138341731000000134e-01 3.850342880340000273e-01
1.403638581777829409e+09 1.653681039230000138e+01 -5.829235064699999747e+00 1.109724348100000091e+00 4.394543434000000026e-01 6.271581309999999521e-01 -5.146651169999999498e-01 3.855805701300000221e-01
1.403638581827829599e+09 1.656084301730000163e+01 -5.829570350600000062e+00 1.116031160599999961e+00 4.392418625000000243e-01 6.265736485999999772e-01 -5.144821359000000260e-01 3.870144453830000053e-01
1.403638581877829313e+09 1.658417905030000128e+01 -5.829299690900000108e+00 1.121308687299999995e+00 4.414568182999999979e-01 6.242959632000000259e-01 -5.135047821999999540e-01 3.894653600229999735e-01
1.403638581927829504e+09 1.660665697299999977e+01 -5.828564776900000410e+00 1.125682110799999913e+00 4.458935178000000277e-01 6.204373949000000499e-01 -5.115286016000000213e-01 3.931601448520000153e-01
1.403638581977829456e+09 1.662743715170000058e+01 -5.827604600999999995e+00 1.128458920399999954e+00 4.490908672000000212e-01 6.177212163999999950e-01 -5.093041137999999579e-01 3.966701544719999917e-01
1.403638582027829409e+09 1.664598458609999909e+01 -5.826512229999999626e+00 1.130020183100000075e+00 4.490532300000000254e-01 6.174168064999999705e-01 -5.095461784999999466e-01 3.968757684529999885e-01
1.403638582077829361e+09 1.666281542249999958e+01 -5.825132078300000238e+00 1.132114048300000064e+00 4.470191146999999976e-01 6.187776110999999579e-01 -5.115276391999999950e-01 3.944967091089999767e-01
1.403638582127829552e+09 1.667800739970000024e+01 -5.823723319800000020e+00 1.135059936900000066e+00 4.416019943999999753e-01 6.225035876000000190e-01 -5.139042290999999985e-01 3.916368283300000197e-01
1.403638582177829266e+09 1.669202391030000143e+01 -5.821544245500000159e+00 1.141168597000000062e+00 4.390219144999999989e-01 6.245589233999999657e-01 -5.171239861999999965e-01 3.869996029789999903e-01
1.403638582227829456e+09 1.670571178209999985e+01 -5.819402030100000012e+00 1.148597637499999990e+00 4.347704768999999803e-01 6.272923707999999987e-01 -5.182897935000000400e-01 3.858168009260000142e-01
1.403638582277829409e+09 1.671884981090000011e+01 -5.816530715799999918e+00 1.159163780699999924e+00 4.348059673999999930e-01 6.273501407999999557e-01 -5.181788968999999634e-01 3.858318317950000242e-01
1.403638582327829599e+09 1.673126212969999926e+01 -5.813509789300000286e+00 1.172138945900000007e+00 4.360042117999999856e-01 6.264891646000000369e-01 -5.160902941999999660e-01 3.886675471769999723e-01
1.403638582377829313e+09 1.674329272649999822e+01 -5.809821561999999773e+00 1.186477440500000036e+00 4.382710853999999823e-01 6.250452914999999887e-01 -5.149398527999999864e-01 3.899663925230000272e-01
1.403638582427829504e+09 1.675457463109999878e+01 -5.805924426299999830e+00 1.201800969600000046e+00 4.387022736000000256e-01 6.246660935000000192e-01 -5.137845465999999472e-01 3.916095331710000016e-01
1.403638582477829456e+09 1.676422524330000030e+01 -5.801664188500000208e+00 1.219146223799999929e+00 4.390069594000000075e-01 6.244666854999999517e-01 -5.130454700000000035e-01 3.925539376270000269e-01
1.403638582527829409e+09 1.677301602240000022e+01 -5.796855732300000064e+00 1.239188212199999972e+00 4.398438565000000189e-01 6.239459442000000466e-01 -5.124578166000000046e-01 3.932121906270000244e-01
1.403638582577829361e+09 1.678087413920000159e+01 -5.791642650400000036e+00 1.261567895100000003e+00 4.395014305000000121e-01 6.242634420999999545e-01 -5.118435474000000429e-01 3.938906325539999753e-01
1.403638582627829552e+09 1.678713221490000151e+01 -5.785948582599999668e+00 1.284651479899999948e+00 4.398073955999999840e-01 6.239750183000000172e-01 -5.119317225999999721e-01 3.938915366579999744e-01
1.403638582677829266e+09 1.679235698609999972e+01 -5.779864957300000050e+00 1.309981543199999932e+00 4.381555851999999751e-01 6.251540784000000350e-01 -5.124603538999999985e-01 3.931748302370000059e-01
1.403638582727829456e+09 1.679641629709999862e+01 -5.773069138100000330e+00 1.335935095800000028e+00 4.367368640000000024e-01 6.260323930000000203e-01 -5.137254381000000425e-01 3.917020920070000134e-01
1.403638582777829409e+09 1.680009798400000065e+01 -5.765759784200000126e+00 1.364406851700000090e+00 4.366226928999999979e-01 6.259752039999999518e-01 -5.146713253000000377e-01 3.906777378840000092e-01
1.403638582827829599e+09 1.680288156680000000e+01 -5.758161436199999983e+00 1.392794644200000098e+00 4.349910168000000188e-01 6.269078286000000499e-01 -5.150945962999999850e-01 3.904445500409999825e-01
1.403638582877829313e+09 1.680491710000000083e+01 -5.749912355500000238e+00 1.420731490699999933e+00 4.343700702000000136e-01 6.269967965999999615e-01 -5.156512273000000146e-01 3.902582105240000043e-01
1.403638582927829504e+09 1.680618871529999936e+01 -5.741180887299999647e+00 1.446807666800000058e+00 4.330866809000000206e-01 6.276690127999999813e-01 -5.166088961999999452e-01 3.893363398860000268e-01
1.403638582977829456e+09 1.680672951069999854e+01 -5.731972882200000008e+00 1.470994389999999985e+00 4.315989028000000172e-01 6.284885035999999703e-01 -5.179264648000000415e-01 3.879133473229999796e-01
1.403638583027829409e+09 1.680676345519999870e+01 -5.722594016600000444e+00 1.493275628399999944e+00 4.294890796999999982e-01 6.296434749999999525e-01 -5.190681087999999832e-01 3.868546537909999805e-01
1.403638583077829361e+09 1.680638131230000099e+01 -5.712806782300000386e+00 1.513848783300000056e+00 4.282034410000000180e-01 6.302281322999999658e-01 -5.203874883000000340e-01 3.855530785969999985e-01
1.403638583127829552e+09 1.680566983630000166e+01 -5.702591549400000126e+00 1.532423506300000016e+00 4.266511369000000053e-01 6.311330895000000218e-01 -5.208919973000000203e-01 3.851121367159999753e-01
1.403638583177829266e+09 1.680492467670000067e+01 -5.691765247100000202e+00 1.549357229099999955e+00 4.257859620000000178e-01 6.314524826999999840e-01 -5.216272080999999616e-01 3.845505588779999928e-01
1.403638583227829456e+09 1.680426907180000029e+01 -5.680252704799999997e+00 1.564762180400000036e+00 4.253341970999999777e-01 6.315487148999999745e-01 -5.226073090999999726e-01 3.835604800840000106e-01
1.403638583277829409e+09 1.680380387820000010e+01 -5.668234860800000163e+00 1.578982817900000057e+00 4.253041940000000243e-01 6.315432746000000375e-01 -5.230434254000000394e-01 3.830078458869999869e-01
1.403638583327829599e+09 1.680346816730000015e+01 -5.655912432000000045e+00 1.591760174300000052e+00 4.252422985000000044e-01 6.314863230999999688e-01 -5.224286506999999968e-01 3.840082242280000169e-01
1.403638583377829313e+09 1.680293191290000010e+01 -5.642913599399999924e+00 1.603039359200000069e+00 4.256132160000000164e-01 6.313928759000000390e-01 -5.225300326999999800e-01 3.836128147080000161e-01
1.403638583427829504e+09 1.680264827250000081e+01 -5.629607069100000416e+00 1.613590099500000097e+00 4.249426554999999883e-01 6.316927478999999623e-01 -5.227685265999999498e-01 3.835375854070000035e-01
1.403638583477829456e+09 1.680269595980000119e+01 -5.615632140399999805e+00 1.624509494100000007e+00 4.245488948999999734e-01 6.319963250000000254e-01 -5.228534836999999547e-01 3.833576862759999759e-01
1.403638583527829409e+09 1.680306822969999914e+01 -5.601019086300000005e+00 1.637255555599999912e+00 4.243583062999999878e-01 6.321994309999999784e-01 -5.230478989000000301e-01 3.829684096550000083e-01
1.403638583577829361e+09 1.680350878619999833e+01 -5.585930940899999975e+00 1.652326479000000070e+00 4.245469843999999937e-01 6.319972203000000510e-01 -5.227519706000000044e-01 3.834967389569999829e-01
1.403638583627829552e+09 1.680370067200000150e+01 -5.570426271799999718e+00 1.668913877200000062e+00 4.241915729999999884e-01 6.322997837999999593e-01 -5.224776564999999984e-01 3.837650208619999836e-01
1.403638583677829266e+09 1.680329491719999879e+01 -5.554466777100000030e+00 1.686882686799999975e+00 4.235159736999999924e-01 6.326960905999999829e-01 -5.217081022999999762e-01 3.849032774109999999e-01
1.403638583727829456e+09 1.680264850709999891e+01 -5.537740436600000038e+00 1.705223751199999915e+00 4.237974956000000182e-01 6.324754043000000436e-01 -5.217156555999999945e-01 3.849458668429999730e-01
1.403638583777829409e+09 1.680332001760000082e+01 -5.520410140700000134e+00 1.722237520199999983e+00 4.241353347999999857e-01 6.323861920000000136e-01 -5.216135156000000217e-01 3.848587563060000272e-01
1.403638583827829599e+09 1.680342726270000142e+01 -5.502746094899999996e+00 1.737668753099999908e+00 4.238992337999999971e-01 6.325061880000000247e-01 -5.211254678000000196e-01 3.855821683119999843e-01
1.403638583877829313e+09 1.680413696369999954e+01 -5.484231230399999824e+00 1.751919359600000003e+00 4.249695130000000209e-01 6.318021319000000080e-01 -5.208639086999999890e-01 3.859116061719999879e-01
1.403638583927829504e+09 1.680452108920000143e+01 -5.465117672299999896e+00 1.764231025499999994e+00 4.252332495999999740e-01 6.317282032000000047e-01 -5.208051903000000538e-01 3.858213504079999745e-01
1.403638583977829456e+09 1.680487612530000163e+01 -5.445563262700000351e+00 1.774862959500000059e+00 4.248323890999999852e-01 6.319129748999999796e-01 -5.205623595999999687e-01 3.862877981710000075e-01
1.403638584027829409e+09 1.680510254700000061e+01 -5.425420999700000024e+00 1.784508947900000031e+00 4.257516726000000196e-01 6.313496499999999845e-01 -5.198202422000000045e-01 3.871951039880000001e-01
1.403638584077829361e+09 1.680543275859999852e+01 -5.404809324700000417e+00 1.793699316000000099e+00 4.283477760000000134e-01 6.294390415999999711e-01 -5.172854829999999904e-01 3.908201693250000219e-01
1.403638584127829552e+09 1.680563230959999999e+01 -5.383354798600000102e+00 1.802371938400000095e+00 4.332004348999999865e-01 6.260121128000000201e-01 -5.142073857000000192e-01 3.950151671780000040e-01
1.403638584177829266e+09 1.680533029620000107e+01 -5.361487402299999872e+00 1.810063147799999994e+00 4.385553940999999956e-01 6.222307554999999546e-01 -5.109401068000000157e-01 3.992972083360000202e-01
1.403638584227829456e+09 1.680442863140000043e+01 -5.339164079899999749e+00 1.816551322200000040e+00 4.440235818000000112e-01 6.182524407999999694e-01 -5.072571636999999578e-01 4.041004184700000001e-01
1.403638584277829409e+09 1.680187901389999894e+01 -5.316383933400000039e+00 1.821176021499999909e+00 4.493210998000000123e-01 6.145236461999999955e-01 -5.056442370999999492e-01 4.059496803839999779e-01
1.403638584327829599e+09 1.679754304129999909e+01 -5.293718556700000022e+00 1.823212415099999983e+00 4.507844905999999763e-01 6.132171660999999885e-01 -5.039211099000000527e-01 4.084379575579999977e-01
1.403638584377829313e+09 1.679101604159999894e+01 -5.270699902099999612e+00 1.823675611799999929e+00 4.520976201999999944e-01 6.123440312000000274e-01 -5.035136502999999486e-01 4.087988909659999726e-01
1.403638584427829504e+09 1.678229847620000115e+01 -5.247637645600000234e+00 1.822527029199999982e+00 4.520731741999999831e-01 6.123364959999999524e-01 -5.035174782000000349e-01 4.088324962900000137e-01
1.403638584477829456e+09 1.677146992500000167e+01 -5.224391851000000031e+00 1.820613110400000068e+00 4.519222528999999877e-01 6.125017264000000017e-01 -5.028507518000000509e-01 4.095717688039999804e-01
1.403638584527829409e+09 1.675841693570000146e+01 -5.200674323100000329e+00 1.819191200999999980e+00 4.529639607000000012e-01 6.117526021000000425e-01 -5.035934076000000426e-01 4.086270719560000098e-01
1.403638584577829361e+09 1.674317546629999853e+01 -5.177084452399999925e+00 1.818682621900000074e+00 4.518978235000000176e-01 6.126420042000000343e-01 -5.030042491999999754e-01 4.092002653669999934e-01
1.403638584627829552e+09 1.672581701909999907e+01 -5.153083337099999994e+00 1.820613762800000091e+00 4.518225708999999979e-01 6.129398481000000176e-01 -5.038498754000000357e-01 4.077945683920000119e-01
1.403638584677829266e+09 1.670647142460000012e+01 -5.128760933499999730e+00 1.824786684800000058e+00 4.507582721999999764e-01 6.138611334000000364e-01 -5.048927262000000304e-01 4.062940118200000228e-01
1.403638584727829456e+09 1.668483487199999971e+01 -5.104358108899999635e+00 1.830087638199999978e+00 4.483929231000000071e-01 6.159434225000000040e-01 -5.062603667999999724e-01 4.040518874580000253e-01
1.403638584777829409e+09 1.666103737479999936e+01 -5.079896258799999842e+00 1.837022248500000066e+00 4.438941161000000135e-01 6.194940581000000224e-01 -5.093973003999999749e-01 3.996242185169999739e-01
1.403638584827829599e+09 1.663620657930000135e+01 -5.055143167999999854e+00 1.845452240199999983e+00 4.401966789999999796e-01 6.223281746000000059e-01 -5.121466464999999690e-01 3.957781440850000054e-01
1.403638584877829313e+09 1.661009863920000029e+01 -5.030050945000000162e+00 1.854439288100000027e+00 4.365590686999999970e-01 6.250922695999999723e-01 -5.163909062999999522e-01 3.898926337410000276e-01
1.403638584927829504e+09 1.658412826700000053e+01 -5.004963396900000028e+00 1.863379375300000085e+00 4.342250235999999819e-01 6.265331586000000286e-01 -5.181939148999999967e-01 3.877884688570000238e-01
1.403638584977829456e+09 1.655784646489999901e+01 -4.979728305700000135e+00 1.871214791499999919e+00 4.323363983999999882e-01 6.277793072999999779e-01 -5.194661794999999582e-01 3.861777678130000058e-01
1.403638585027829409e+09 1.653165500449999925e+01 -4.954168563899999711e+00 1.877711834200000096e+00 4.312414352000000228e-01 6.286014721999999555e-01 -5.204452589000000406e-01 3.847437409069999759e-01
1.403638585077829361e+09 1.650574921810000006e+01 -4.928645916099999802e+00 1.882820174799999968e+00 4.306046048000000126e-01 6.287368765999999942e-01 -5.205241849999999726e-01 3.851287929459999981e-01
1.403638585127829552e+09 1.647947106009999985e+01 -4.902749295399999596e+00 1.886567750200000004e+00 4.313290764000000110e-01 6.283264774000000275e-01 -5.216789018999999916e-01 3.834216855989999728e-01
1.403638585177829266e+09 1.645318687159999982e+01 -4.876992994800000147e+00 1.888721562600000015e+00 4.317580731999999810e-01 6.280045186999999585e-01 -5.220010895000000151e-01 3.830276140910000016e-01
1.403638585227829456e+09 1.642704854260000147e+01 -4.851207328100000105e+00 1.889933665000000040e+00 4.326885670000000239e-01 6.272019846999999926e-01 -5.215122143999999516e-01 3.839573994250000122e-01
1.403638585277829409e+09 1.640094750640000143e+01 -4.825172586099999883e+00 1.890048418199999913e+00 4.337514243999999741e-01 6.265134020999999498e-01 -5.206673756999999902e-01 3.850274570680000119e-01
1.403638585327829599e+09 1.637420573589999861e+01 -4.799163361399999772e+00 1.888861239599999964e+00 4.353558316000000206e-01 6.253649006000000510e-01 -5.197462871000000373e-01 3.863260774419999821e-01
1.403638585377829313e+09 1.634725315780000088e+01 -4.773055559000000336e+00 1.886230704199999941e+00 4.363576655999999998e-01 6.247978732000000202e-01 -5.193116959000000366e-01 3.866975146509999961e-01
1.403638585427829504e+09 1.631918893830000172e+01 -4.747171787600000137e+00 1.882271141799999992e+00 4.362638377999999983e-01 6.248791828999999964e-01 -5.194221827999999652e-01 3.865235653729999776e-01
1.403638585477829456e+09 1.629112834840000090e+01 -4.721201978799999921e+00 1.879205191000000053e+00 4.359385222000000115e-01 6.249752429999999581e-01 -5.196251200000000514e-01 3.864625275760000256e-01
1.403638585527829409e+09 1.626289140940000166e+01 -4.694869892399999856e+00 1.877145769299999989e+00 4.348238113999999821e-01 6.258388907999999917e-01 -5.197181712999999759e-01 3.861954921490000081e-01
1.403638585577829361e+09 1.623501440229999915e+01 -4.668148297500000155e+00 1.877508269000000007e+00 4.340375980999999772e-01 6.266453951999999550e-01 -5.204411809000000222e-01 3.847959061610000120e-01
1.403638585627829552e+09 1.620656784270000017e+01 -4.641751419100000220e+00 1.879403631900000038e+00 4.326105618000000153e-01 6.277225973000000181e-01 -5.206179711999999737e-01 3.844078182769999907e-01
1.403638585677829266e+09 1.617797321689999990e+01 -4.615405219000000336e+00 1.882915757899999987e+00 4.306744518000000244e-01 6.290893106999999596e-01 -5.213711101000000347e-01 3.833253465679999916e-01
1.403638585727829456e+09 1.614805812839999888e+01 -4.589028880599999916e+00 1.887728765399999897e+00 4.278787588999999891e-01 6.311536277000000528e-01 -5.228822036000000395e-01 3.809974633270000188e-01
1.403638585777829409e+09 1.611888700949999986e+01 -4.562148798900000024e+00 1.895440428899999974e+00 4.251465095999999999e-01 6.330801926000000357e-01 -5.251593162000000037e-01 3.777136583590000041e-01
1.403638585827829599e+09 1.609162534949999923e+01 -4.534864344099999833e+00 1.905296392299999919e+00 4.225434567999999946e-01 6.347981474999999651e-01 -5.265818541000000241e-01 3.757657380639999878e-01
1.403638585877829313e+09 1.606480442530000019e+01 -4.507167789600000418e+00 1.916562930600000048e+00 4.206919109999999740e-01 6.360532628999999716e-01 -5.283434347000000031e-01 3.732395715330000252e-01
1.403638585927829504e+09 1.603948931020000046e+01 -4.479146153400000330e+00 1.929988820399999971e+00 4.202357358000000098e-01 6.360745303000000517e-01 -5.298972947000000211e-01 3.715103974630000194e-01
1.403638585977829456e+09 1.601437813009999900e+01 -4.451106407800000220e+00 1.945675981700000001e+00 4.210414294000000002e-01 6.352731041000000412e-01 -5.302436740000000537e-01 3.714752267209999737e-01
1.403638586027829409e+09 1.599065113240000002e+01 -4.422799751000000334e+00 1.962051610899999909e+00 4.235707154999999724e-01 6.333878554999999855e-01 -5.293177197999999750e-01 3.731359336949999772e-01
1.403638586077829361e+09 1.596785526989999937e+01 -4.394627536399999812e+00 1.977135882000000011e+00 4.255509887000000213e-01 6.315997676000000283e-01 -5.282280939000000286e-01 3.754506231349999945e-01
1.403638586127829552e+09 1.594496048719999948e+01 -4.366452813699999602e+00 1.990976087800000016e+00 4.270935061000000199e-01 6.299832564999999773e-01 -5.277236166000000006e-01 3.771206942509999771e-01
1.403638586177829266e+09 1.592229351980000018e+01 -4.338156991099999971e+00 2.002813058800000157e+00 4.282595001000000234e-01 6.291364112999999758e-01 -5.267951881000000336e-01 3.785076040340000225e-01
1.403638586227829456e+09 1.590012306769999917e+01 -4.310003060599999714e+00 2.013817111599999876e+00 4.293377668999999730e-01 6.281639853999999579e-01 -5.259388549000000301e-01 3.800886873079999950e-01
1.403638586277829409e+09 1.587834701409999916e+01 -4.282029460500000440e+00 2.023480504100000132e+00 4.305650763000000159e-01 6.271230734999999612e-01 -5.248626413000000435e-01 3.819025708059999857e-01
1.403638586327829599e+09 1.585690377310000088e+01 -4.254089041100000301e+00 2.032014404499999927e+00 4.319771627999999808e-01 6.258107537999999526e-01 -5.231336419000000015e-01 3.848218080149999887e-01
1.403638586377829313e+09 1.583552437130000001e+01 -4.226257426600000144e+00 2.039108403799999802e+00 4.321437016999999936e-01 6.255171253000000320e-01 -5.204049638000000089e-01 3.887914874030000134e-01
1.403638586427829504e+09 1.581414650590000015e+01 -4.198419058899999889e+00 2.045227047200000037e+00 4.319899334999999785e-01 6.251319035000000301e-01 -5.176577628999999847e-01 3.932241613060000196e-01
1.403638586477829456e+09 1.579228065939999937e+01 -4.170300794600000138e+00 2.050134365599999953e+00 4.307359406999999862e-01 6.257122389000000506e-01 -5.151916753999999932e-01 3.968983258020000182e-01
1.403638586527829409e+09 1.576978270060000042e+01 -4.141587673100000089e+00 2.054059603599999839e+00 4.303200075999999985e-01 6.256806918999999745e-01 -5.134088376000000009e-01 3.996995475119999863e-01
1.403638586577829361e+09 1.574650176419999958e+01 -4.112019251699999600e+00 2.056621936400000017e+00 4.305709449999999827e-01 6.254524940000000255e-01 -5.138492972000000547e-01 3.992201632879999740e-01
1.403638586627829552e+09 1.572289021089999927e+01 -4.081808831300000051e+00 2.057714978499999958e+00 4.305818529000000061e-01 6.255320200999999747e-01 -5.153846115000000339e-01 3.970990581050000134e-01
1.403638586677829266e+09 1.569880375870000044e+01 -4.051359078199999963e+00 2.057438030300000165e+00 4.304790585000000114e-01 6.255162681999999474e-01 -5.162566616999999525e-01 3.961012973190000119e-01
1.403638586727829456e+09 1.567486491340000043e+01 -4.020476889300000245e+00 2.055760755100000114e+00 4.319664422000000226e-01 6.245969674000000360e-01 -5.178087578000000191e-01 3.939006366310000007e-01
1.403638586777829409e+09 1.565051740450000040e+01 -3.989358895600000121e+00 2.052204698000000160e+00 4.326235211000000191e-01 6.242338955999999772e-01 -5.187083624999999643e-01 3.925691879200000067e-01
1.403638586827829599e+09 1.562601521220000045e+01 -3.957997156099999803e+00 2.047503674100000115e+00 4.343503608000000016e-01 6.231139756000000363e-01 -5.193883549000000155e-01 3.915411526609999804e-01
1.403638586877829313e+09 1.560095649760000036e+01 -3.926510684300000165e+00 2.040994878099999799e+00 4.351502027999999966e-01 6.228837297999999523e-01 -5.192288330000000007e-01 3.912308514660000069e-01
1.403638586927829504e+09 1.557534645129999973e+01 -3.894980012100000000e+00 2.033147409300000152e+00 4.353291752999999820e-01 6.227086283999999639e-01 -5.187702669999999516e-01 3.919182099230000271e-01
1.403638586977829456e+09 1.554911829409999946e+01 -3.863292389500000201e+00 2.024132366899999980e+00 4.354178696000000071e-01 6.227328692000000387e-01 -5.188973694999999831e-01 3.916127838169999875e-01
1.403638587027829409e+09 1.552255099379999947e+01 -3.831540122299999851e+00 2.014477912299999840e+00 4.359746198000000184e-01 6.224384415999999476e-01 -5.189998876000000427e-01 3.913254833359999796e-01
1.403638587077829361e+09 1.549538128140000026e+01 -3.799778237199999964e+00 2.004857842799999901e+00 4.359576895999999757e-01 6.223685115999999518e-01 -5.193289383000000425e-01 3.910189029350000234e-01
1.403638587127829552e+09 1.546693493909999972e+01 -3.768118512700000089e+00 1.994137339799999964e+00 4.360295831000000066e-01 6.223785209000000096e-01 -5.196376369999999856e-01 3.905123628209999920e-01
1.403638587177829266e+09 1.543840502549999982e+01 -3.736340278500000167e+00 1.987194695099999908e+00 4.347265940000000217e-01 6.235082322999999649e-01 -5.197350632999999664e-01 3.900329944220000122e-01
1.403638587227829456e+09 1.540922957319999931e+01 -3.704475914700000150e+00 1.982198929700000001e+00 4.334667363999999967e-01 6.246985881000000074e-01 -5.199845039999999585e-01 3.891970940830000170e-01
1.403638587277829409e+09 1.537997509140000041e+01 -3.672265029900000144e+00 1.979767369599999993e+00 4.329867016000000235e-01 6.250450030999999962e-01 -5.204742378000000169e-01 3.885200485979999896e-01
1.403638587327829599e+09 1.535029189389999971e+01 -3.639903433799999810e+00 1.978543795400000027e+00 4.314200150999999983e-01 6.259778790000000148e-01 -5.210541510999999737e-01 3.879832951489999848e-01
1.403638587377829313e+09 1.531959329400000058e+01 -3.607426220999999877e+00 1.978538403599999995e+00 4.311406148999999965e-01 6.264149053999999994e-01 -5.213761931999999488e-01 3.871550098209999846e-01
1.403638587427829504e+09 1.528880086580000075e+01 -3.574978520400000193e+00 1.979799400999999959e+00 4.311876975000000223e-01 6.262033066000000092e-01 -5.221886790999999972e-01 3.863490284439999867e-01
1.403638587477829456e+09 1.525849059759999982e+01 -3.542196588399999957e+00 1.981105241200000089e+00 4.315479754000000057e-01 6.258331288999999797e-01 -5.230721632000000509e-01 3.853501677869999864e-01
1.403638587527829409e+09 1.522840264020000056e+01 -3.509462590700000106e+00 1.981589271400000074e+00 4.319485391999999813e-01 6.255774339999999878e-01 -5.230784383000000037e-01 3.853080339020000245e-01
1.403638587577829361e+09 1.519835699559999931e+01 -3.476879549299999983e+00 1.980801445100000002e+00 4.315901294999999749e-01 6.255295939999999666e-01 -5.240155900999999838e-01 3.845131318230000095e-01
1.403638587627829552e+09 1.516867235119999968e+01 -3.444420201099999801e+00 1.978800423100000039e+00 4.321449728999999795e-01 6.250599023999999782e-01 -5.242318057000000531e-01 3.843590179529999817e-01
1.403638587677829266e+09 1.513896723889999940e+01 -3.412159467800000012e+00 1.975535758399999953e+00 4.320644495000000029e-01 6.249054766999999622e-01 -5.243984311999999592e-01 3.844733306299999986e-01
1.403638587727829456e+09 1.510934983099999940e+01 -3.379899323000000066e+00 1.971230158300000035e+00 4.321354107000000000e-01 6.248945222999999771e-01 -5.241917243999999476e-01 3.846932009430000243e-01
1.403638587777829409e+09 1.507975320349999926e+01 -3.347736066900000029e+00 1.965711434899999999e+00 4.324059071999999948e-01 6.243983209000000256e-01 -5.246531235000000404e-01 3.845659479190000063e-01
1.403638587827829599e+09 1.505032883259999998e+01 -3.315532637300000030e+00 1.958994764899999907e+00 4.327377989999999786e-01 6.239923944999999916e-01 -5.251508723000000156e-01 3.841719018540000197e-01
1.403638587877829313e+09 1.502076773930000009e+01 -3.283391354199999945e+00 1.951115527300000041e+00 4.331306341999999754e-01 6.236842358999999947e-01 -5.253436554999999508e-01 3.839659766999999890e-01
1.403638587927829504e+09 1.499112096250000015e+01 -3.251520791499999952e+00 1.942054030500000028e+00 4.332563442999999848e-01 6.234084478000000429e-01 -5.255222495000000382e-01 3.840276195730000230e-01
1.403638587977829456e+09 1.496137881309999962e+01 -3.219873453199999958e+00 1.932042610799999949e+00 4.335701240000000012e-01 6.231322770999999650e-01 -5.256650394999999865e-01 3.839262677859999751e-01
1.403638588027829409e+09 1.493155127680000049e+01 -3.188413313699999918e+00 1.921293670999999925e+00 4.342043868000000084e-01 6.227645331000000173e-01 -5.253381860000000403e-01 3.842534021260000099e-01
1.403638588077829361e+09 1.490183889579999921e+01 -3.157240446599999917e+00 1.909518965199999974e+00 4.339302002000000047e-01 6.230600912999999519e-01 -5.244530348999999481e-01 3.852917312690000151e-01
1.403638588127829552e+09 1.487212273539999963e+01 -3.126569397099999925e+00 1.896447563800000014e+00 4.324699842999999988e-01 6.238497992999999520e-01 -5.233941434000000115e-01 3.870913474680000022e-01
1.403638588177829266e+09 1.484225262160000014e+01 -3.096033394500000036e+00 1.882390050499999967e+00 4.301878212999999951e-01 6.253676929000000495e-01 -5.206113608000000337e-01 3.909187870770000073e-01
1.403638588227829456e+09 1.481197571170000060e+01 -3.064978935100000079e+00 1.868596680400000043e+00 4.288193026000000074e-01 6.263752430000000260e-01 -5.193709242999999809e-01 3.924562443169999915e-01
1.403638588277829409e+09 1.478126564299999934e+01 -3.033338595400000059e+00 1.855822541400000025e+00 4.282489604999999977e-01 6.269338782000000165e-01 -5.186096357999999684e-01 3.931930643589999774e-01
1.403638588327829599e+09 1.475062526480000002e+01 -3.001181055500000028e+00 1.844366396699999910e+00 4.278804158000000246e-01 6.272657494000000167e-01 -5.187453009000000392e-01 3.928859148969999771e-01
1.403638588377829313e+09 1.471992217250000046e+01 -2.968426525499999968e+00 1.835216728800000086e+00 4.276110685999999772e-01 6.275236027999999688e-01 -5.180866795999999885e-01 3.936357381480000139e-01
1.403638588427829504e+09 1.468910589490000085e+01 -2.934931379700000065e+00 1.828135115000000033e+00 4.281659962000000097e-01 6.271947214999999964e-01 -5.186325950000000296e-01 3.928369794389999781e-01
1.403638588477829456e+09 1.465822557159999917e+01 -2.900882125099999875e+00 1.823444899000000063e+00 4.284938582000000218e-01 6.270753200999999999e-01 -5.190165277999999605e-01 3.921624667060000236e-01
1.403638588527829409e+09 1.462593143680000018e+01 -2.866494770200000097e+00 1.820671486199999967e+00 4.294301091000000126e-01 6.264063089000000417e-01 -5.198949790000000348e-01 3.910423613890000039e-01
1.403638588577829361e+09 1.459309086879999917e+01 -2.831954204500000127e+00 1.820361895300000032e+00 4.304177048999999755e-01 6.258208194000000057e-01 -5.203161379999999836e-01 3.903332138030000120e-01
1.403638588627829552e+09 1.455946163740000010e+01 -2.797148715600000113e+00 1.821970104500000076e+00 4.313727017000000274e-01 6.253471311999999616e-01 -5.208038041000000451e-01 3.893866399590000249e-01
1.403638588677829266e+09 1.452482337460000039e+01 -2.762310052500000168e+00 1.825287958799999943e+00 4.325531709000000058e-01 6.245840402000000235e-01 -5.212662663999999557e-01 3.886824032380000182e-01
1.403638588727829456e+09 1.449027898039999940e+01 -2.727118589499999857e+00 1.830780697400000046e+00 4.346227073999999746e-01 6.230147089999999999e-01 -5.220303614000000314e-01 3.878660546900000172e-01
1.403638588777829409e+09 1.445561327369999916e+01 -2.692087358799999830e+00 1.835879100899999949e+00 4.349798118000000047e-01 6.226803304000000372e-01 -5.220346641999999981e-01 3.879968798599999769e-01
1.403638588827829599e+09 1.442058341269999922e+01 -2.657014418700000213e+00 1.840023578300000073e+00 4.357033094000000162e-01 6.221059316999999478e-01 -5.225222653000000106e-01 3.874497622570000077e-01
1.403638588877829313e+09 1.438541964540000073e+01 -2.622120761500000174e+00 1.842445295799999938e+00 4.364714100000000041e-01 6.212876225000000252e-01 -5.239561146000000225e-01 3.859590500630000198e-01
1.403638588927829504e+09 1.435304184189999965e+01 -2.587532956200000012e+00 1.845150134400000086e+00 4.363009997000000251e-01 6.212922843000000528e-01 -5.238369388000000404e-01 3.863058330920000061e-01
1.403638588977829456e+09 1.431907380470000035e+01 -2.553344043400000096e+00 1.844623137099999921e+00 4.362623176000000047e-01 6.210952775000000425e-01 -5.241995981999999499e-01 3.861743489680000141e-01
1.403638589027829409e+09 1.428512654140000038e+01 -2.519437705200000099e+00 1.842302805699999935e+00 4.361165960000000230e-01 6.209851995999999819e-01 -5.244885688000000545e-01 3.861236044090000097e-01
1.403638589077829361e+09 1.425107037499999940e+01 -2.485734527600000021e+00 1.838206046300000063e+00 4.356037835000000080e-01 6.211515423000000258e-01 -5.245117872000000236e-01 3.864032742860000202e-01
1.403638589127829552e+09 1.421701800479999989e+01 -2.452153910199999842e+00 1.832762289800000000e+00 4.351041270000000072e-01 6.212695710000000204e-01 -5.241276725000000303e-01 3.872966585979999987e-01
1.403638589177829266e+09 1.418306950570000069e+01 -2.418765382100000139e+00 1.826427671800000097e+00 4.351227736000000124e-01 6.211621449999999989e-01 -5.237623759999999740e-01 3.879416645179999956e-01
1.403638589227829456e+09 1.414869275360000067e+01 -2.385423909500000050e+00 1.818835390700000110e+00 4.354958328999999906e-01 6.209500888000000218e-01 -5.239526222999999483e-01 3.876054904380000221e-01
1.403638589277829409e+09 1.411446658670000076e+01 -2.352397221799999993e+00 1.810725326700000082e+00 4.366667374000000046e-01 6.201135871999999827e-01 -5.234856375999999978e-01 3.882577580109999871e-01
1.403638589327829599e+09 1.407985091509999975e+01 -2.319754296500000201e+00 1.801358393299999916e+00 4.362570371000000224e-01 6.202195123999999504e-01 -5.237986339000000324e-01 3.881269703399999882e-01
1.403638589377829313e+09 1.404524923259999980e+01 -2.287171448100000060e+00 1.793395154699999994e+00 4.368803077000000257e-01 6.199965591999999637e-01 -5.232318924000000093e-01 3.885463294970000203e-01
1.403638589427829504e+09 1.400989160660000010e+01 -2.254773292099999882e+00 1.786188484700000023e+00 4.365330903999999901e-01 6.201732714000000035e-01 -5.240319694999999722e-01 3.875751144590000030e-01
1.403638589477829456e+09 1.397479503629999975e+01 -2.222752144100000216e+00 1.779870930700000020e+00 4.358239320000000250e-01 6.205165678999999823e-01 -5.240850604000000246e-01 3.877519034840000156e-01
1.403638589527829409e+09 1.393962524720000040e+01 -2.190813166199999884e+00 1.775283382300000046e+00 4.362568916999999824e-01 6.204466897999999508e-01 -5.241910882000000438e-01 3.872331760370000264e-01
1.403638589577829361e+09 1.390382940149999946e+01 -2.159299655699999931e+00 1.772226840499999900e+00 4.361712343999999963e-01 6.203357084999999715e-01 -5.244392043000000170e-01 3.871715176739999875e-01
1.403638589627829552e+09 1.386768137580000015e+01 -2.127751367100000124e+00 1.771481765999999958e+00 4.363375633000000087e-01 6.203480783000000498e-01 -5.239090572000000279e-01 3.876816895240000060e-01
1.403638589677829266e+09 1.383181284099999964e+01 -2.096086010900000129e+00 1.773036576199999992e+00 4.357428669999999782e-01 6.208107029999999638e-01 -5.246809099999999448e-01 3.865645711649999816e-01
1.403638589727829456e+09 1.379520606430000029e+01 -2.064927344100000006e+00 1.776604078799999931e+00 4.342670921999999822e-01 6.216314873999999602e-01 -5.252760453999999468e-01 3.860977371470000197e-01
1.403638589777829409e+09 1.375850531510000074e+01 -2.034060413899999809e+00 1.781056781500000019e+00 4.333231626999999864e-01 6.221038813000000500e-01 -5.255733354999999607e-01 3.859928322610000073e-01
1.403638589827829599e+09 1.372164864530000017e+01 -2.003416233199999841e+00 1.785190004099999950e+00 4.330626200000000092e-01 6.220385653000000126e-01 -5.264428054999999995e-01 3.852048323949999742e-01
1.403638589877829313e+09 1.368491372509999948e+01 -1.973005003399999957e+00 1.787898808700000064e+00 4.322591839000000102e-01 6.221812230000000055e-01 -5.266806314999999961e-01 3.855515997939999995e-01
1.403638589927829504e+09 1.364820506100000053e+01 -1.942642318999999951e+00 1.788986379300000040e+00 4.316544525000000077e-01 6.224202116000000506e-01 -5.266358033000000383e-01 3.859044500189999782e-01
1.403638589977829456e+09 1.361152244790000054e+01 -1.912438593999999936e+00 1.789588510399999999e+00 4.318182367000000244e-01 6.219953097000000541e-01 -5.270887944000000047e-01 3.857878276450000254e-01
1.403638590027829409e+09 1.357479590490000021e+01 -1.882206656599999972e+00 1.788643455999999965e+00 4.322986315999999829e-01 6.214549099999999715e-01 -5.278004007000000053e-01 3.851472770409999913e-01
1.403638590077829361e+09 1.353797094259999945e+01 -1.852204429499999971e+00 1.786251593400000059e+00 4.318315133000000250e-01 6.216183287000000002e-01 -5.278457573999999486e-01 3.853453696210000223e-01
1.403638590127829552e+09 1.350112916069999969e+01 -1.822375320099999918e+00 1.783169233199999981e+00 4.324526472999999926e-01 6.207996446000000335e-01 -5.278745030000000504e-01 3.859287734299999828e-01
1.403638590177829266e+09 1.346429262310000041e+01 -1.792688060899999991e+00 1.778676370999999978e+00 4.326664351999999769e-01 6.205016196999999512e-01 -5.277415979999999784e-01 3.863499728500000008e-01
1.403638590227829456e+09 1.342731737040000084e+01 -1.763133258899999944e+00 1.773103744499999967e+00 4.331535851000000159e-01 6.198768256000000143e-01 -5.278401126999999748e-01 3.866723525810000228e-01
1.403638590277829409e+09 1.339016235020000067e+01 -1.733749681299999956e+00 1.766654219799999925e+00 4.336241819000000164e-01 6.195504429999999507e-01 -5.280529630000000418e-01 3.863772582380000098e-01
1.403638590327829599e+09 1.335234101130000006e+01 -1.704773525300000037e+00 1.759147728300000102e+00 4.334624031000000044e-01 6.194840892999999848e-01 -5.279380714000000419e-01 3.868219241070000036e-01
1.403638590377829313e+09 1.331426575519999922e+01 -1.675816688100000063e+00 1.750538445699999945e+00 4.328654277000000272e-01 6.196679043999999692e-01 -5.285739660999999590e-01 3.863272863680000113e-01
1.403638590427829504e+09 1.327607211519999986e+01 -1.647029233200000053e+00 1.741194540800000023e+00 4.317393857999999862e-01 6.203304666000000189e-01 -5.285347695000000012e-01 3.865775632199999756e-01
1.403638590477829456e+09 1.323702884359999921e+01 -1.618299954000000040e+00 1.731230286099999960e+00 4.319449334000000085e-01 6.201081499999999691e-01 -5.290121602999999784e-01 3.860512804910000151e-01
1.403638590527829409e+09 1.319781374419999942e+01 -1.589816988499999972e+00 1.721785419900000003e+00 4.320917183999999911e-01 6.200431251000000366e-01 -5.293461199000000228e-01 3.855333387100000064e-01
1.403638590577829361e+09 1.315862105859999964e+01 -1.561646413899999919e+00 1.713084829500000072e+00 4.309244863999999731e-01 6.208711421000000508e-01 -5.300456134000000041e-01 3.845448734370000010e-01
1.403638590627829552e+09 1.311989640500000043e+01 -1.533579027999999900e+00 1.706285891200000071e+00 4.297850481000000111e-01 6.217708438000000282e-01 -5.305615555999999566e-01 3.836538360269999837e-01
1.403638590677829266e+09 1.308200591229999965e+01 -1.505527169100000062e+00 1.701642635900000089e+00 4.295173882000000165e-01 6.220992413000000498e-01 -5.316097706000000311e-01 3.819664894020000090e-01
1.403638590727829456e+09 1.304452006280000020e+01 -1.477810690200000110e+00 1.699257181399999928e+00 4.292944228999999723e-01 6.221896974999999719e-01 -5.322860043999999569e-01 3.811271288809999769e-01
1.403638590777829409e+09 1.300710349769999929e+01 -1.450290287000000067e+00 1.698691418499999939e+00 4.287126434999999902e-01 6.227041678000000413e-01 -5.323488988000000255e-01 3.808538285449999949e-01
1.403638590827829599e+09 1.297063009839999914e+01 -1.423032643500000027e+00 1.699307733799999998e+00 4.278671216000000110e-01 6.232598322000000302e-01 -5.324753237999999556e-01 3.807189743839999863e-01
1.403638590877829313e+09 1.293568924909999929e+01 -1.395889804899999920e+00 1.701806427399999988e+00 4.274214975000000249e-01 6.234875144000000535e-01 -5.326621043000000499e-01 3.805854247129999979e-01
1.403638590927829504e+09 1.290119786360000020e+01 -1.368788967400000001e+00 1.706581216600000062e+00 4.274204204000000007e-01 6.234977483000000431e-01 -5.333716541999999894e-01 3.795747891019999876e-01
1.403638590977829456e+09 1.286641600699999977e+01 -1.342030896999999889e+00 1.713413809900000029e+00 4.270501844999999852e-01 6.237300578000000151e-01 -5.337441401000000418e-01 3.790859372870000188e-01
1.403638591027829409e+09 1.283137756680000052e+01 -1.315668773100000077e+00 1.720792532499999972e+00 4.266303287000000055e-01 6.237666306000000382e-01 -5.347928947000000210e-01 3.780189321269999958e-01
1.403638591077829361e+09 1.279722272120000071e+01 -1.289596559800000097e+00 1.727890790600000059e+00 4.261382985000000123e-01 6.240514875999999544e-01 -5.353977722999999633e-01 3.772467582929999730e-01
1.403638591127829552e+09 1.276337923230000015e+01 -1.264016825599999949e+00 1.733348199899999997e+00 4.231956727000000251e-01 6.259598510999999643e-01 -5.364810453999999673e-01 3.758560565629999739e-01
1.403638591177829266e+09 1.273020845990000005e+01 -1.238613268599999984e+00 1.737311583199999898e+00 4.205157943000000231e-01 6.275903391999999581e-01 -5.379814857000000394e-01 3.739956602389999940e-01
1.403638591227829456e+09 1.270145897449999950e+01 -1.214264063199999910e+00 1.740896609200000000e+00 4.168109151000000123e-01 6.299765277000000108e-01 -5.398456510000000375e-01 3.714362781230000077e-01
1.403638591277829409e+09 1.267168799340000085e+01 -1.189002080799999916e+00 1.742058707300000009e+00 4.130914990999999814e-01 6.323193970999999580e-01 -5.420947680000000046e-01 3.683216745060000075e-01
1.403638591327829599e+09 1.264354941190000048e+01 -1.163701884600000014e+00 1.742389997599999907e+00 4.100150235999999726e-01 6.343102041000000524e-01 -5.443744419999999584e-01 3.649585076340000067e-01
1.403638591377829313e+09 1.261725984629999964e+01 -1.138461536199999902e+00 1.741766297899999927e+00 4.080438202000000181e-01 6.354577237999999850e-01 -5.460063721000000259e-01 3.627268445219999915e-01
1.403638591427829504e+09 1.259277641929999980e+01 -1.113181393999999935e+00 1.740342052199999934e+00 4.061504183999999906e-01 6.364933208999999925e-01 -5.475785489000000172e-01 3.606602596260000126e-01
1.403638591477829456e+09 1.257005855799999949e+01 -1.087894715500000054e+00 1.737381973400000001e+00 4.049099266999999780e-01 6.372687353999999527e-01 -5.489766902999999587e-01 3.585541851240000022e-01
1.403638591527829409e+09 1.254951387520000061e+01 -1.062538335700000003e+00 1.732837915099999959e+00 4.033534934999999932e-01 6.380125946000000381e-01 -5.507221555000000324e-01 3.563018324319999763e-01
1.403638591577829361e+09 1.253035067449999929e+01 -1.037351734700000083e+00 1.726940592799999896e+00 4.016408665999999794e-01 6.390218211999999509e-01 -5.520934732000000178e-01 3.543000468559999727e-01
1.403638591627829552e+09 1.251388285440000026e+01 -1.012137372600000029e+00 1.719934571900000098e+00 4.010783693000000150e-01 6.393732245000000036e-01 -5.528482542999999527e-01 3.531243819970000253e-01
1.403638591677829266e+09 1.249978794959999995e+01 -9.868532445000000042e-01 1.712552078299999891e+00 4.015708954000000164e-01 6.388693357000000406e-01 -5.532530807000000106e-01 3.528424812379999942e-01
1.403638591727829456e+09 1.248821554859999949e+01 -9.617422999000000416e-01 1.704921796500000086e+00 4.025360684000000022e-01 6.380145189000000494e-01 -5.530912166000000463e-01 3.535424916320000222e-01
1.403638591777829409e+09 1.247905200810000004e+01 -9.369236426000000506e-01 1.697258961900000029e+00 4.036098773999999834e-01 6.374643556000000322e-01 -5.516490388000000467e-01 3.555581529969999988e-01
1.403638591827829599e+09 1.247203671589999985e+01 -9.121718966999999845e-01 1.690070127800000099e+00 4.056032077999999763e-01 6.361336440000000536e-01 -5.511450854999999649e-01 3.564535307300000233e-01
1.403638591877829313e+09 1.246575809770000021e+01 -8.880465613000000369e-01 1.682971154699999916e+00 4.067158482000000075e-01 6.355564522000000105e-01 -5.500594122999999946e-01 3.578894491480000273e-01
1.403638591927829504e+09 1.246284382360000009e+01 -8.636433847000000164e-01 1.678293467899999891e+00 4.092012897000000260e-01 6.341091651000000384e-01 -5.489122963000000466e-01 3.593816386840000265e-01
1.403638591977829456e+09 1.246155596020000011e+01 -8.395980401000000537e-01 1.675226727499999901e+00 4.103199327000000007e-01 6.333063413999999725e-01 -5.484696246000000386e-01 3.601967540129999978e-01
1.403638592027829409e+09 1.246278248139999967e+01 -8.155049440999999621e-01 1.675241106799999935e+00 4.128504182000000133e-01 6.317864907000000363e-01 -5.474244806000000407e-01 3.615616135340000148e-01
1.403638592077829361e+09 1.246626814440000075e+01 -7.915366584999999899e-01 1.676841097300000083e+00 4.141352381999999777e-01 6.312257190000000184e-01 -5.466138686999999496e-01 3.622973567500000214e-01
1.403638592127829552e+09 1.247121095059999973e+01 -7.676807327000000347e-01 1.680211870499999982e+00 4.155929931999999827e-01 6.307690053000000185e-01 -5.456428349999999927e-01 3.628867903840000131e-01
1.403638592177829266e+09 1.247832250529999953e+01 -7.434662481999999573e-01 1.686663697299999987e+00 4.202748974000000137e-01 6.292209504000000342e-01 -5.439492174000000180e-01 3.627247647940000097e-01
1.403638592227829456e+09 1.248620978990000019e+01 -7.197427161999999656e-01 1.696357280199999984e+00 4.261334520000000237e-01 6.276713296999999470e-01 -5.409141305000000344e-01 3.631127736829999897e-01
1.403638592277829409e+09 1.249494684369999931e+01 -6.963539653000000440e-01 1.708547076399999920e+00 4.335242905000000202e-01 6.260115917999999890e-01 -5.371928065000000085e-01 3.627534494729999781e-01
1.403638592327829599e+09 1.250394106229999913e+01 -6.738119468000000056e-01 1.722352597700000043e+00 4.399436460999999743e-01 6.257990947999999554e-01 -5.331008983999999673e-01 3.614256679180000154e-01
1.403638592377829313e+09 1.251317831609999942e+01 -6.519073474000000035e-01 1.737857811400000063e+00 4.466494308000000246e-01 6.268828072000000029e-01 -5.282313170000000335e-01 3.584604689670000122e-01
1.403638592427829504e+09 1.252242279100000033e+01 -6.309419718000000010e-01 1.755398250500000090e+00 4.523064641000000274e-01 6.299098144000000454e-01 -5.223028964000000496e-01 3.547283082320000225e-01
1.403638592477829456e+09 1.253132458680000028e+01 -6.113140112999999598e-01 1.774454945300000031e+00 4.565165353000000259e-01 6.343702713000000104e-01 -5.164747038000000456e-01 3.498869707799999729e-01
1.403638592527829409e+09 1.254076130139999989e+01 -5.933236192999999936e-01 1.794673053199999924e+00 4.575711194000000037e-01 6.403536399000000490e-01 -5.109589829999999777e-01 3.456830980219999794e-01
1.403638592577829361e+09 1.255039113980000032e+01 -5.768272115999999450e-01 1.816458455100000036e+00 4.571943478000000116e-01 6.465324329999999620e-01 -5.060610917000000208e-01 3.418644656979999974e-01
1.403638592627829552e+09 1.256059534929999977e+01 -5.613315729000000198e-01 1.839877707799999929e+00 4.566910120000000073e-01 6.522892699000000238e-01 -5.016458285999999545e-01 3.380879924329999731e-01
1.403638592677829266e+09 1.257154830120000000e+01 -5.467683522999999823e-01 1.864271411100000053e+00 4.554046904999999867e-01 6.576977725999999524e-01 -4.983888920999999805e-01 3.341387737020000137e-01
1.403638592727829456e+09 1.258328616540000056e+01 -5.329262931999999564e-01 1.888055488300000029e+00 4.536986478000000211e-01 6.626365603999999632e-01 -4.956779743999999988e-01 3.307169054079999726e-01
1.403638592777829409e+09 1.259608686530000021e+01 -5.196213566999999811e-01 1.910522717399999904e+00 4.515765277000000077e-01 6.671285285000000398e-01 -4.939925452999999744e-01 3.270925423330000026e-01
1.403638592827829599e+09 1.261036446740000017e+01 -5.063623404999999522e-01 1.933675015299999966e+00 4.499061332000000024e-01 6.706927620999999506e-01 -4.930285615000000177e-01 3.235406120579999989e-01
1.403638592877829313e+09 1.262513405259999999e+01 -4.940063834000000265e-01 1.954046235899999928e+00 4.486350218999999862e-01 6.735738542000000439e-01 -4.915738565000000171e-01 3.215276404890000106e-01
1.403638592927829504e+09 1.264108296979999935e+01 -4.821449344000000026e-01 1.973339903400000095e+00 4.476077500000000264e-01 6.755911283000000100e-01 -4.903768651000000034e-01 3.205533647070000214e-01
1.403638592977829456e+09 1.265842903469999925e+01 -4.704451867000000176e-01 1.991296526900000030e+00 4.467856659000000175e-01 6.773120113999999692e-01 -4.890785129999999925e-01 3.200518958219999988e-01
1.403638593027829409e+09 1.267699586700000047e+01 -4.590713134000000140e-01 2.008345013900000087e+00 4.470359438000000019e-01 6.778970117000000517e-01 -4.885658782999999783e-01 3.192458127869999829e-01
1.403638593077829361e+09 1.269701197120000025e+01 -4.478876148000000001e-01 2.023844788899999969e+00 4.467761204999999847e-01 6.785155002999999629e-01 -4.881391216000000033e-01 3.189482904090000237e-01
1.403638593127829552e+09 1.271850311989999938e+01 -4.366628780999999848e-01 2.039617517699999993e+00 4.475368807999999810e-01 6.783706815000000168e-01 -4.876039627000000043e-01 3.190083608470000165e-01
1.403638593177829266e+09 1.274207041370000049e+01 -4.254462802999999793e-01 2.057095009300000221e+00 4.493982370999999865e-01 6.772996063999999761e-01 -4.866694978000000171e-01 3.200925919870000191e-01
1.403638593227829456e+09 1.276741365009999996e+01 -4.144747301000000217e-01 2.075886094499999945e+00 4.512069718999999757e-01 6.758934321999999773e-01 -4.845179779000000075e-01 3.237632869159999816e-01
1.403638593277829409e+09 1.279382306659999990e+01 -4.037180684000000186e-01 2.095867185699999968e+00 4.513064551000000035e-01 6.755640724999999458e-01 -4.819316182000000226e-01 3.281426258330000234e-01
1.403638593327829599e+09 1.282162208739999976e+01 -3.926378829000000126e-01 2.117682352300000126e+00 4.515432070000000020e-01 6.751681167999999955e-01 -4.791387999999999758e-01 3.326901810519999891e-01
1.403638593377829313e+09 1.284953199199999929e+01 -3.818172033000000187e-01 2.140312676399999781e+00 4.522861260000000105e-01 6.742417394999999924e-01 -4.758778048000000260e-01 3.381946952780000015e-01
1.403638593427829504e+09 1.287762598900000022e+01 -3.709144577999999859e-01 2.162540544000000065e+00 4.534091322000000090e-01 6.728792329999999655e-01 -4.722498709999999877e-01 3.444325128690000071e-01
1.403638593477829456e+09 1.290542144259999979e+01 -3.593410746999999850e-01 2.183572603800000067e+00 4.548068263999999750e-01 6.713448333000000545e-01 -4.704589553999999896e-01 3.480161442949999961e-01
1.403638593527829409e+09 1.293307276620000046e+01 -3.472732688999999873e-01 2.202984591299999906e+00 4.556662991000000051e-01 6.700789851999999769e-01 -4.690886910000000021e-01 3.511668797370000039e-01
1.403638593577829361e+09 1.296040652259999959e+01 -3.346523908999999852e-01 2.220672757800000063e+00 4.561816568000000016e-01 6.691641433999999666e-01 -4.681596768999999880e-01 3.534744149449999817e-01
1.403638593627829552e+09 1.298730332080000061e+01 -3.215247348999999977e-01 2.236762064900000180e+00 4.563868943000000122e-01 6.683498283000000040e-01 -4.681338550999999959e-01 3.547819095270000056e-01
1.403638593677829266e+09 1.301358941830000049e+01 -3.078983540999999935e-01 2.251202345899999901e+00 4.562241456999999722e-01 6.681609787000000189e-01 -4.673713002000000061e-01 3.563488503789999928e-01
1.403638593727829456e+09 1.303917384260000034e+01 -2.935824415000000132e-01 2.264447187700000086e+00 4.577966931999999933e-01 6.666820948999999663e-01 -4.671215448000000103e-01 3.574278030029999775e-01
1.403638593777829409e+09 1.306431209900000034e+01 -2.784820062000000207e-01 2.276449791800000177e+00 4.596851068999999734e-01 6.649522971000000338e-01 -4.664351483999999992e-01 3.591187790759999832e-01
1.403638593827829599e+09 1.308838588499999922e+01 -2.623620662999999742e-01 2.289438240800000024e+00 4.662830950999999891e-01 6.604240552000000264e-01 -4.657468600999999930e-01 3.598610909359999943e-01
1.403638593877829313e+09 1.311121497299999916e+01 -2.457234178000000102e-01 2.303898461500000217e+00 4.756138883000000095e-01 6.551963477000000147e-01 -4.628364998000000230e-01 3.609592076750000045e-01
1.403638593927829504e+09 1.313182657219999960e+01 -2.294006124999999896e-01 2.318786469099999970e+00 4.818689023000000127e-01 6.527154394999999942e-01 -4.604145034000000081e-01 3.602546336340000099e-01
1.403638593977829456e+09 1.315030248330000084e+01 -2.134196747000000061e-01 2.334012668999999818e+00 4.846759770999999883e-01 6.532352014000000207e-01 -4.588202619000000260e-01 3.575708826530000217e-01
1.403638594027829409e+09 1.316667464460000048e+01 -1.980220984000000128e-01 2.349501089399999909e+00 4.842688822999999809e-01 6.561337787000000032e-01 -4.588232588999999750e-01 3.527794370640000010e-01
1.403638594077829361e+09 1.318127887340000015e+01 -1.833142184000000063e-01 2.366782664100000044e+00 4.831777997999999741e-01 6.592788227000000445e-01 -4.590274880999999918e-01 3.481155165989999745e-01
1.403638594127829552e+09 1.319430594630000009e+01 -1.694770855999999937e-01 2.384910204900000164e+00 4.808772129000000173e-01 6.628499217000000110e-01 -4.583286400000000094e-01 3.454300871550000096e-01
1.403638594177829266e+09 1.320611715020000076e+01 -1.563177367999999956e-01 2.402884040800000065e+00 4.780113448000000154e-01 6.667119083000000446e-01 -4.569837704999999972e-01 3.437531368169999824e-01
1.403638594227829456e+09 1.321749179809999930e+01 -1.435674828000000069e-01 2.420229506500000127e+00 4.761850896000000000e-01 6.692271195000000228e-01 -4.555220000999999908e-01 3.433402544020000002e-01
1.403638594277829409e+09 1.322798978309999995e+01 -1.306994425999999931e-01 2.437118313600000086e+00 4.759877046000000056e-01 6.707317194999999899e-01 -4.534556840000000255e-01 3.434131740370000019e-01
1.403638594327829599e+09 1.323777599239999958e+01 -1.179201691999999940e-01 2.453304572199999978e+00 4.768414242999999830e-01 6.710768872000000274e-01 -4.516547290999999853e-01 3.439274243089999739e-01
1.403638594377829313e+09 1.324655605529999924e+01 -1.053950728000000031e-01 2.469902393599999968e+00 4.771206485999999747e-01 6.716109536000000046e-01 -4.485549426000000062e-01 3.465444807090000134e-01
1.403638594427829504e+09 1.325432558289999996e+01 -9.253202139999999742e-02 2.487120328700000105e+00 4.776595502000000049e-01 6.721146568000000432e-01 -4.452720551000000082e-01 3.490501957489999807e-01
1.403638594477829456e+09 1.326063596930000088e+01 -7.939327840000000303e-02 2.505924707300000165e+00 4.780108882999999920e-01 6.723581220000000025e-01 -4.430450337999999877e-01 3.509291159580000263e-01
1.403638594527829409e+09 1.326469738529999987e+01 -6.601297529999999858e-02 2.526680347900000179e+00 4.792251082999999801e-01 6.723070939999999940e-01 -4.440421774000000155e-01 3.480991404389999766e-01
1.403638594577829361e+09 1.326677282220000009e+01 -5.294368769999999863e-02 2.549700445100000046e+00 4.804202477000000249e-01 6.719853421000000493e-01 -4.449612539999999727e-01 3.458924226619999875e-01
1.403638594627829552e+09 1.326806171700000014e+01 -3.947483549999999952e-02 2.574410919900000039e+00 4.812637511999999784e-01 6.719333302000000119e-01 -4.465826277000000122e-01 3.427167318239999760e-01
1.403638594677829266e+09 1.326851197150000061e+01 -2.626049130000000092e-02 2.599175098299999931e+00 4.820593398999999946e-01 6.714172360000000284e-01 -4.482167349999999773e-01 3.404694499700000043e-01
1.403638594727829456e+09 1.326821143849999984e+01 -1.334073839999999969e-02 2.623437813699999843e+00 4.819726125000000083e-01 6.713641035999999840e-01 -4.495446902999999939e-01 3.389427866909999754e-01
1.403638594777829409e+09 1.326756174880000039e+01 -6.597404999999999763e-04 2.645986942199999969e+00 4.818017782999999832e-01 6.713798495999999671e-01 -4.503666105999999947e-01 3.380622132500000210e-01
1.403638594827829599e+09 1.326625953239999944e+01 1.181327830000000051e-02 2.666717636700000060e+00 4.819350794999999743e-01 6.710511504999999710e-01 -4.513066492000000207e-01 3.372702787860000218e-01
1.403638594877829313e+09 1.326372849520000052e+01 2.405591799999999905e-02 2.686369477099999958e+00 4.819615757999999861e-01 6.708528123000000454e-01 -4.519860437000000064e-01 3.367167356469999984e-01
1.403638594927829504e+09 1.326049786369999950e+01 3.552008759999999987e-02 2.703634040199999866e+00 4.806389844000000244e-01 6.714831857999999931e-01 -4.525621888999999953e-01 3.365768307449999996e-01
1.403638594977829456e+09 1.325617773419999956e+01 4.663928490000000121e-02 2.719199393699999856e+00 4.788337394000000136e-01 6.723887603999999518e-01 -4.530900164000000174e-01 3.366319084889999869e-01
1.403638595027829409e+09 1.325129426760000051e+01 5.753723930000000097e-02 2.733203103400000167e+00 4.786616436000000196e-01 6.723227351999999657e-01 -4.546062559999999864e-01 3.349601806799999970e-01
1.403638595077829361e+09 1.324580034899999958e+01 6.820951769999999970e-02 2.745473133499999996e+00 4.775890187999999870e-01 6.728656595999999990e-01 -4.551721369000000239e-01 3.346324237500000187e-01
1.403638595127829552e+09 1.324000783219999988e+01 7.860278599999999394e-02 2.755959018400000016e+00 4.772647395999999875e-01 6.727669563999999491e-01 -4.560111606000000206e-01 3.341508823429999997e-01
1.403638595177829266e+09 1.323392372540000039e+01 8.866981039999999314e-02 2.764668395300000192e+00 4.767044898000000197e-01 6.728857041000000372e-01 -4.564742647999999736e-01 3.340791884889999785e-01
1.403638595227829456e+09 1.322749913710000058e+01 9.830668419999999408e-02 2.771473954799999806e+00 4.761294507000000120e-01 6.730793484000000548e-01 -4.564800642999999880e-01 3.345009533659999978e-01
1.403638595277829409e+09 1.322059581070000078e+01 1.077518023000000047e-01 2.776521287300000029e+00 4.757531353000000185e-01 6.732085102000000543e-01 -4.568685901000000271e-01 3.342459386059999926e-01
1.403638595327829599e+09 1.321342991849999926e+01 1.169226327999999954e-01 2.780198965399999889e+00 4.757349837000000026e-01 6.730857990999999929e-01 -4.567119942999999793e-01 3.347325597690000154e-01
1.403638595377829313e+09 1.320583744770000045e+01 1.260365816000000028e-01 2.782352966499999969e+00 4.760761419000000272e-01 6.726671879000000187e-01 -4.574293896000000137e-01 3.341088370279999831e-01
1.403638595427829504e+09 1.319801001989999989e+01 1.346790599000000088e-01 2.783226752600000076e+00 4.759383244000000013e-01 6.726359633999999810e-01 -4.574358123999999748e-01 3.343591626240000059e-01
1.403638595477829456e+09 1.318997957540000066e+01 1.429946162999999881e-01 2.782571541699999873e+00 4.755357420999999918e-01 6.729132005000000305e-01 -4.577406901000000139e-01 3.339566485950000163e-01
1.403638595527829409e+09 1.318173205329999931e+01 1.509333321000000117e-01 2.781044908500000190e+00 4.751884587999999909e-01 6.732016586000000302e-01 -4.576440552000000106e-01 3.340020571289999962e-01
1.403638595577829361e+09 1.317321887770000011e+01 1.585983777999999955e-01 2.779574938300000131e+00 4.745753611999999899e-01 6.737855313999999707e-01 -4.577299068999999831e-01 3.335785013959999823e-01
1.403638595627829552e+09 1.316488845489999981e+01 1.662673725999999907e-01 2.779819097699999908e+00 4.742759214999999751e-01 6.740612531999999879e-01 -4.571962371000000136e-01 3.341786617779999857e-01
1.403638595677829266e+09 1.315622151200000012e+01 1.736161799000000006e-01 2.782561545200000097e+00 4.736223486999999732e-01 6.744552998999999716e-01 -4.561664378999999991e-01 3.357143133439999816e-01
1.403638595727829456e+09 1.314713023450000051e+01 1.806392035000000118e-01 2.786059063999999807e+00 4.720215405000000031e-01 6.756632248999999701e-01 -4.545635316000000148e-01 3.377082579719999922e-01
1.403638595777829409e+09 1.313709492459999950e+01 1.874941277999999933e-01 2.790196336000000166e+00 4.707263085000000236e-01 6.764347653000000182e-01 -4.537234658000000032e-01 3.390984626460000206e-01
1.403638595827829599e+09 1.312676255380000079e+01 1.943652093000000081e-01 2.793972217399999902e+00 4.698104737000000086e-01 6.770036754999999573e-01 -4.533506393999999773e-01 3.397312759150000194e-01
1.403638595877829313e+09 1.311613062810000052e+01 2.014513165000000050e-01 2.795003729999999909e+00 4.696597156000000273e-01 6.770550986000000160e-01 -4.532305944000000197e-01 3.399973135739999819e-01
1.403638595927829504e+09 1.310533954299999948e+01 2.086398406999999955e-01 2.792023893500000131e+00 4.695988556999999841e-01 6.769669345000000060e-01 -4.527178767000000215e-01 3.409387164420000227e-01
1.403638595977829456e+09 1.309434034769999933e+01 2.161449232000000054e-01 2.785219263200000128e+00 4.690408063000000016e-01 6.773102922999999498e-01 -4.517612174999999786e-01 3.422912391349999806e-01
1.403638596027829409e+09 1.308347001109999930e+01 2.238976913999999874e-01 2.776559309000000031e+00 4.682626040000000267e-01 6.777193919999999761e-01 -4.501331801999999827e-01 3.446834482960000057e-01
1.403638596077829361e+09 1.307225762799999913e+01 2.317959294999999975e-01 2.765633164100000041e+00 4.649765594999999974e-01 6.797359657000000555e-01 -4.474326324999999827e-01 3.486543495189999842e-01
1.403638596127829552e+09 1.306046630620000037e+01 2.403853923000000004e-01 2.754989518399999948e+00 4.624284947999999784e-01 6.812667474000000389e-01 -4.440921250000000042e-01 3.532954721870000259e-01
1.403638596177829266e+09 1.304729426069999931e+01 2.496119457000000041e-01 2.744454808099999976e+00 4.582807495999999814e-01 6.838965259999999491e-01 -4.405182021999999864e-01 3.580614609600000220e-01
1.403638596227829456e+09 1.303272046530000061e+01 2.600736935999999888e-01 2.735749469900000008e+00 4.546582059000000009e-01 6.862663606000000138e-01 -4.366732274999999830e-01 3.628234977670000139e-01
1.403638596277829409e+09 1.301734149279999997e+01 2.722876892000000160e-01 2.728935124199999951e+00 4.508030758000000082e-01 6.886106490000000191e-01 -4.329518271000000196e-01 3.676202882929999749e-01
1.403638596327829599e+09 1.300218077489999935e+01 2.854473627999999930e-01 2.724880545600000037e+00 4.481827037000000180e-01 6.902885775999999529e-01 -4.293711981000000177e-01 3.718525487609999902e-01
1.403638596377829313e+09 1.298515034949999958e+01 3.019870718000000065e-01 2.723069637400000076e+00 4.463406252000000074e-01 6.914966359999999979e-01 -4.258561491999999782e-01 3.758443678719999848e-01
1.403638596427829504e+09 1.296606725990000086e+01 3.211053870999999726e-01 2.723922501500000148e+00 4.451764744999999746e-01 6.922264870000000014e-01 -4.241461555000000105e-01 3.778100529439999966e-01
1.403638596477829456e+09 1.294555383580000019e+01 3.428149148999999896e-01 2.726351488500000197e+00 4.442386658999999960e-01 6.929126529000000367e-01 -4.212044805999999864e-01 3.809341788960000086e-01
1.403638596527829409e+09 1.292361967000000078e+01 3.676463998000000233e-01 2.731066917999999788e+00 4.423687318000000257e-01 6.940643817999999632e-01 -4.187272666999999893e-01 3.837343027910000148e-01
1.403638596577829361e+09 1.290027600560000032e+01 3.955333898000000237e-01 2.738411436699999868e+00 4.398920704000000015e-01 6.955926613999999786e-01 -4.162654377000000183e-01 3.864827305910000232e-01
1.403638596627829552e+09 1.287526867020000054e+01 4.270845911000000217e-01 2.747588876300000038e+00 4.380575536999999908e-01 6.966125228999999752e-01 -4.134337053000000095e-01 3.897552358690000163e-01
1.403638596677829266e+09 1.284784543409999991e+01 4.619954191999999793e-01 2.758456682399999860e+00 4.355854332999999912e-01 6.979793716000000092e-01 -4.106976924999999889e-01 3.929599629389999849e-01
1.403638596727829456e+09 1.281850946449999995e+01 5.009170881000000186e-01 2.771243766200000014e+00 4.339255501000000015e-01 6.989487925999999796e-01 -4.090441799999999795e-01 3.947936943309999780e-01
1.403638596777829409e+09 1.278733202479999953e+01 5.439724881999999928e-01 2.786136448200000171e+00 4.334229016999999740e-01 6.992791645000000500e-01 -4.075493087000000014e-01 3.963039228660000246e-01
1.403638596827829599e+09 1.275364113250000031e+01 5.905806278999999881e-01 2.802606490600000111e+00 4.322914683999999896e-01 6.998404668000000051e-01 -4.056109211000000214e-01 3.985312886199999793e-01
1.403638596877829313e+09 1.271768413799999919e+01 6.411900242000000416e-01 2.820812290700000169e+00 4.323823676999999921e-01 6.997152138000000132e-01 -4.045208277999999824e-01 3.997586866019999796e-01
1.403638596927829504e+09 1.267968809849999978e+01 6.956092137999999592e-01 2.839388199300000082e+00 4.323725876000000246e-01 6.995849156000000235e-01 -4.034284067000000196e-01 4.010990052999999778e-01
1.403638596977829456e+09 1.263966068809999932e+01 7.534497765000000014e-01 2.857251585999999843e+00 4.330027901999999873e-01 6.988273708000000140e-01 -4.032230379000000253e-01 4.019453583479999925e-01
1.403638597027829409e+09 1.259754086829999942e+01 8.146365182000000482e-01 2.873419672099999822e+00 4.325687661000000017e-01 6.986127574999999590e-01 -4.029998537000000214e-01 4.030081829100000124e-01
1.403638597077829361e+09 1.255351843460000083e+01 8.792988830000000311e-01 2.888022374799999792e+00 4.323792658000000233e-01 6.983991313999999839e-01 -4.018520138000000186e-01 4.047243292850000174e-01
1.403638597127829552e+09 1.250778304099999971e+01 9.475836614000000546e-01 2.901344717000000184e+00 4.329743352000000045e-01 6.974859495999999881e-01 -4.014321895999999890e-01 4.060772985339999863e-01
1.403638597177829266e+09 1.245985068869999957e+01 1.019263374299999914e+00 2.913208255899999877e+00 4.331427528999999832e-01 6.967976693999999860e-01 -4.009342860999999814e-01 4.075684749590000044e-01
1.403638597227829456e+09 1.240946285789999948e+01 1.094788754599999914e+00 2.923530851899999838e+00 4.352300241000000014e-01 6.950174113000000542e-01 -4.018203642000000020e-01 4.075119863489999883e-01
1.403638597277829409e+09 1.235685946979999983e+01 1.173866898100000000e+00 2.932451053899999938e+00 4.377463347000000171e-01 6.932258668999999873e-01 -4.028583184999999789e-01 4.068429906919999728e-01
1.403638597327829599e+09 1.230159981709999961e+01 1.255778349799999916e+00 2.939801126899999950e+00 4.397640744999999907e-01 6.917560458999999495e-01 -4.045490871999999904e-01 4.054888010029999990e-01
1.403638597377829313e+09 1.224405046250000062e+01 1.340675239899999927e+00 2.945796593999999935e+00 4.423375026999999959e-01 6.898553639000000182e-01 -4.068735112999999903e-01 4.035976416220000140e-01
1.403638597427829504e+09 1.218421321810000002e+01 1.428374871499999976e+00 2.950539451300000060e+00 4.455561787999999801e-01 6.877569949999999821e-01 -4.091577523000000105e-01 4.013227392700000062e-01
1.403638597477829456e+09 1.212216951199999926e+01 1.518718154999999959e+00 2.954648639100000196e+00 4.510040940999999748e-01 6.843445848000000442e-01 -4.123167359000000087e-01 3.978224548589999743e-01
1.403638597527829409e+09 1.205798224119999951e+01 1.611213007299999944e+00 2.957648771500000162e+00 4.575267282000000102e-01 6.803538859000000105e-01 -4.159984869000000196e-01 3.933613375860000039e-01
1.403638597577829361e+09 1.199178540499999990e+01 1.705062357100000092e+00 2.959212693900000080e+00 4.632706441000000175e-01 6.766948511000000499e-01 -4.196318538000000098e-01 3.890674699560000005e-01
1.403638597627829552e+09 1.192395288029999989e+01 1.799603690000000089e+00 2.959439326900000111e+00 4.661970436000000273e-01 6.745588451999999791e-01 -4.217209371000000262e-01 3.870169661719999876e-01
1.403638597677829266e+09 1.185445195429999998e+01 1.894822333800000091e+00 2.958123452800000219e+00 4.680952151000000172e-01 6.731152885000000197e-01 -4.226016224999999960e-01 3.862778100839999729e-01
1.403638597727829456e+09 1.178332972569999981e+01 1.990358231100000097e+00 2.954930553400000104e+00 4.673174410000000001e-01 6.735974593000000343e-01 -4.220008906000000115e-01 3.870350377210000081e-01
1.403638597777829409e+09 1.171021430440000088e+01 2.086371718000000097e+00 2.950111959000000006e+00 4.642564773999999783e-01 6.766629490000000136e-01 -4.184483335999999998e-01 3.892225182669999950e-01
1.403638597827829599e+09 1.163537994200000014e+01 2.183738927599999879e+00 2.944440501599999926e+00 4.627068806999999895e-01 6.796644307000000440e-01 -4.138551442000000247e-01 3.907461115570000088e-01
1.403638597877829313e+09 1.155820966729999988e+01 2.282085680499999825e+00 2.937419985100000019e+00 4.606105408999999762e-01 6.832764068000000135e-01 -4.087895729000000089e-01 3.922529370339999932e-01
1.403638597927829504e+09 1.147898423820000069e+01 2.381666540699999945e+00 2.929646612099999992e+00 4.588759324999999722e-01 6.863736912000000245e-01 -4.042816859999999735e-01 3.935484125140000233e-01
1.403638597977829456e+09 1.139755300889999923e+01 2.483003171200000025e+00 2.922489870999999795e+00 4.595936161999999992e-01 6.882063323999999538e-01 -4.008391172999999919e-01 3.930314924539999866e-01
1.403638598027829409e+09 1.131438132070000080e+01 2.586604381999999980e+00 2.916541210900000181e+00 4.603786467000000049e-01 6.897669372000000410e-01 -3.986096378999999801e-01 3.916419673729999995e-01
1.403638598077829361e+09 1.122899027250000081e+01 2.692725269199999882e+00 2.913416049899999916e+00 4.643411755999999890e-01 6.894062960000000295e-01 -3.986381833000000041e-01 3.875484879150000173e-01
1.403638598127829552e+09 1.114060421219999952e+01 2.800590071099999800e+00 2.912327076199999976e+00 4.691092900000000121e-01 6.889114819999999639e-01 -4.026086088999999979e-01 3.784755632580000251e-01
1.403638598177829266e+09 1.104948662490000011e+01 2.908957421299999790e+00 2.912663052700000144e+00 4.743905217000000119e-01 6.876694812000000434e-01 -4.079348834000000035e-01 3.683116187109999884e-01
1.403638598227829456e+09 1.095697680580000011e+01 3.017765230300000212e+00 2.914248730899999806e+00 4.789433746999999797e-01 6.864268441999999970e-01 -4.121012908000000197e-01 3.600054965100000226e-01
1.403638598277829409e+09 1.086324204850000008e+01 3.126459205499999783e+00 2.915618367400000022e+00 4.807691696999999986e-01 6.865337719999999866e-01 -4.166241707000000183e-01 3.520748296630000218e-01
1.403638598327829599e+09 1.076930003170000028e+01 3.234720653100000121e+00 2.916741578399999923e+00 4.828007347000000116e-01 6.861751831000000301e-01 -4.199280268000000205e-01 3.460166483530000003e-01
1.403638598377829313e+09 1.067516673589999954e+01 3.342365173400000167e+00 2.915891616700000188e+00 4.836988341999999830e-01 6.863620785999999807e-01 -4.222948114999999780e-01 3.414815178050000233e-01
1.403638598427829504e+09 1.058116015010000055e+01 3.449362690900000139e+00 2.913658556700000180e+00 4.836614169999999824e-01 6.867521628999999628e-01 -4.239912752000000173e-01 3.386362339230000185e-01
1.403638598477829456e+09 1.048651362690000077e+01 3.555462764300000078e+00 2.910041362699999912e+00 4.828162677999999763e-01 6.878653298000000360e-01 -4.248032981000000041e-01 3.365589065310000128e-01
1.403638598527829409e+09 1.039151422930000024e+01 3.660935190400000039e+00 2.904893259000000061e+00 4.838360596999999874e-01 6.883366571000000267e-01 -4.244679572999999762e-01 3.345478547929999769e-01
1.403638598577829361e+09 1.029636338319999922e+01 3.765570488099999835e+00 2.897089328799999919e+00 4.835358590000000123e-01 6.904838022000000519e-01 -4.237035234000000039e-01 3.315124677380000273e-01
1.403638598627829552e+09 1.020100995890000029e+01 3.869204066500000039e+00 2.887502595299999975e+00 4.834766705999999914e-01 6.932406321999999843e-01 -4.209987530000000033e-01 3.292837452319999914e-01
1.403638598677829266e+09 1.010594937659999992e+01 3.972316811899999855e+00 2.877600903799999887e+00 4.848610952999999890e-01 6.958180253000000315e-01 -4.166438310000000200e-01 3.273452490720000219e-01
1.403638598727829456e+09 1.001116623589999932e+01 4.074958697799999641e+00 2.868406041100000081e+00 4.866394729999999891e-01 6.987924366000000109e-01 -4.122100330999999840e-01 3.239661130809999845e-01
1.403638598777829409e+09 9.915943244999999351e+00 4.176643473799999562e+00 2.859642201499999814e+00 4.888046533000000027e-01 7.019337971000000342e-01 -4.074771189999999987e-01 3.198770902670000083e-01
1.403638598827829599e+09 9.820870536899999337e+00 4.277919925700000015e+00 2.853464002399999977e+00 4.923071803999999885e-01 7.046322650999999881e-01 -4.009877977999999898e-01 3.167582629740000044e-01
1.403638598877829313e+09 9.679408182399999561e+00 4.392159089499999780e+00 2.871112212999999969e+00 4.948147305999999745e-01 7.084163905999999455e-01 -3.945274094999999814e-01 3.124943568920000025e-01
1.403638598927829504e+09 9.583458092300000786e+00 4.493245436699999651e+00 2.865914011900000169e+00 4.962736226000000195e-01 7.129691800999999884e-01 -3.875636635999999968e-01 3.085155530090000209e-01
1.403638598977829456e+09 9.487572605700000494e+00 4.594040324699999900e+00 2.861780528600000206e+00 4.992178876000000209e-01 7.168998295999999826e-01 -3.803347766999999879e-01 3.036142167240000189e-01
1.403638599027829409e+09 9.391621336400000075e+00 4.694237053100000168e+00 2.859175387700000126e+00 5.024526658000000312e-01 7.206161716000000217e-01 -3.738626733000000035e-01 2.974564730200000007e-01
1.403638599077829361e+09 9.296736304499999548e+00 4.795068380900000093e+00 2.857322726200000051e+00 5.055029898999999771e-01 7.245152322000000256e-01 -3.655008213000000006e-01 2.931783674710000120e-01
1.403638599127829552e+09 9.201115988099999754e+00 4.894584358900000431e+00 2.857997445600000130e+00 5.081411277999999809e-01 7.286202056999999677e-01 -3.575907649999999771e-01 2.881562681450000052e-01
1.403638599177829266e+09 9.104552916799999451e+00 4.993131526099999995e+00 2.859987559699999959e+00 5.112780733999999772e-01 7.323962921000000126e-01 -3.497190499999999758e-01 2.826428649900000201e-01
1.403638599227829456e+09 9.007948941700000489e+00 5.090662715399999705e+00 2.862016149900000084e+00 5.129877324999999599e-01 7.370771329999999955e-01 -3.411438531000000052e-01 2.778160503229999967e-01
1.403638599277829409e+09 8.911220639599999771e+00 5.187899395799999702e+00 2.865918705499999941e+00 5.150997188999999477e-01 7.413692072999999993e-01 -3.328916685000000153e-01 2.724465361530000185e-01
1.403638599327829599e+09 8.814020587499999948e+00 5.284525279100000361e+00 2.872219129199999887e+00 5.171670065000000260e-01 7.458500692999999737e-01 -3.253100722000000222e-01 2.653663853170000198e-01
1.403638599377829313e+09 8.716718527699999441e+00 5.379838811199999959e+00 2.879667033600000092e+00 5.171283225999999678e-01 7.508972140999999878e-01 -3.180999896000000216e-01 2.598924169890000080e-01
1.403638599427829504e+09 8.619871957100000870e+00 5.474691654399999940e+00 2.888786572699999944e+00 5.178238630999999481e-01 7.547382735000000009e-01 -3.112561275999999877e-01 2.556329561710000142e-01
1.403638599477829456e+09 8.523591763300000679e+00 5.569523799799999786e+00 2.898338158500000095e+00 5.183808203999999975e-01 7.579344778000000060e-01 -3.065456032000000164e-01 2.506919333729999977e-01
1.403638599527829409e+09 8.427992712800000064e+00 5.663926383699999789e+00 2.907535247999999850e+00 5.178650218000000471e-01 7.609914591999999978e-01 -3.018487868999999990e-01 2.481836581040000045e-01
1.403638599577829361e+09 8.332973701200000249e+00 5.758204732500000311e+00 2.915582183000000160e+00 5.175862438999999648e-01 7.633120013999999953e-01 -2.994803283999999954e-01 2.444806772120000082e-01
1.403638599627829552e+09 8.238536235599999813e+00 5.851926845800000443e+00 2.921680886699999924e+00 5.180118728000000505e-01 7.645862691999999461e-01 -2.976015937000000000e-01 2.418777129870000042e-01
1.403638599677829266e+09 8.144269198399999965e+00 5.944857297399999574e+00 2.925510498600000009e+00 5.170632289000000048e-01 7.664518645000000241e-01 -2.956925926000000260e-01 2.403394419609999888e-01
1.403638599727829456e+09 8.050434654400000056e+00 6.037662721300000257e+00 2.927573891199999778e+00 5.172411970000000414e-01 7.669332470999999929e-01 -2.950836414999999935e-01 2.391664339590000021e-01
1.403638599777829409e+09 7.957697300200000434e+00 6.130894959199999938e+00 2.927909597499999794e+00 5.174207375999999581e-01 7.669908141000000290e-01 -2.946902322000000130e-01 2.390785192340000032e-01
1.403638599827829599e+09 7.865971175800000381e+00 6.224169967299999939e+00 2.926478600699999877e+00 5.168678240999999840e-01 7.672288022000000041e-01 -2.960941543999999759e-01 2.377727260979999868e-01
1.403638599877829313e+09 7.774837082600000393e+00 6.317203264599999812e+00 2.924259851299999990e+00 5.164960175999999681e-01 7.673685808000000330e-01 -2.973601297999999837e-01 2.365465667899999958e-01
1.403638599927829504e+09 7.684285314300000280e+00 6.410155072700000289e+00 2.921206261400000059e+00 5.164440702999999466e-01 7.670007597000000343e-01 -3.000257279999999915e-01 2.344779720790000077e-01
1.403638599977829456e+09 7.594620658300000215e+00 6.503380731800000092e+00 2.917122653399999876e+00 5.177885692000000484e-01 7.655644659000000463e-01 -3.025808910000000185e-01 2.329181195620000089e-01
1.403638600027829409e+09 7.506174681400000104e+00 6.596798843400000223e+00 2.912418541100000091e+00 5.193426275000000425e-01 7.640260284000000013e-01 -3.058732366999999952e-01 2.301934540089999870e-01
1.403638600077829361e+09 7.419006734699999939e+00 6.690244861900000117e+00 2.906834573699999869e+00 5.187085188000000180e-01 7.638668776999999466e-01 -3.101992055000000192e-01 2.263301097529999972e-01
1.403638600127829552e+09 7.333329325100000240e+00 6.783278589000000025e+00 2.901004230799999917e+00 5.196877465000000473e-01 7.625427571999999765e-01 -3.153953604999999993e-01 2.213118978999999986e-01
1.403638600177829266e+09 7.248769383399999988e+00 6.875622514899999871e+00 2.894307452900000133e+00 5.206368064999999934e-01 7.613172973999999815e-01 -3.217375068000000171e-01 2.140520148080000129e-01
1.403638600227829456e+09 7.165929398700000341e+00 6.966453665499999559e+00 2.886175739100000026e+00 5.200239956000000108e-01 7.609238940000000451e-01 -3.272421003000000050e-01 2.085245293090000063e-01
1.403638600277829409e+09 7.084961516399999937e+00 7.056014289800000228e+00 2.876858975299999788e+00 5.208808451999999978e-01 7.595047620999999527e-01 -3.323751629999999735e-01 2.033775122950000069e-01
1.403638600327829599e+09 7.006872129299999585e+00 7.144530695900000339e+00 2.866968654499999936e+00 5.204375280999999909e-01 7.590283379000000163e-01 -3.367348625000000095e-01 1.990738404490000057e-01
1.403638600377829313e+09 6.931712124199999714e+00 7.231804994600000036e+00 2.857742931000000208e+00 5.210386152000000548e-01 7.577784549999999619e-01 -3.408371781000000267e-01 1.952449555059999897e-01
1.403638600427829504e+09 6.859399765400000071e+00 7.317416490100000281e+00 2.849285314499999888e+00 5.209355723999999910e-01 7.571609178999999523e-01 -3.448950377000000178e-01 1.907377433319999982e-01
1.403638600477829456e+09 6.790684032299999728e+00 7.401099982799999921e+00 2.843138619399999900e+00 5.210341450000000041e-01 7.565684204999999496e-01 -3.472484821999999860e-01 1.885368305900000097e-01
1.403638600527829409e+09 6.725762783799999589e+00 7.482730663099999902e+00 2.839100484799999879e+00 5.201658839999999673e-01 7.568072582999999520e-01 -3.477323405000000145e-01 1.890831729889999868e-01
1.403638600577829361e+09 6.664548826999999953e+00 7.562764097499999671e+00 2.837508168099999839e+00 5.195555294999999463e-01 7.568437372999999857e-01 -3.479885404999999987e-01 1.901409603320000086e-01
1.403638600627829552e+09 6.606144818199999769e+00 7.640786892000000385e+00 2.837693300999999835e+00 5.180903409999999543e-01 7.575622140000000115e-01 -3.494308580000000108e-01 1.886265248900000080e-01
1.403638600677829266e+09 6.551107769999999775e+00 7.717132766999999838e+00 2.840161979899999967e+00 5.181804635000000214e-01 7.571706080000000227e-01 -3.512712767000000236e-01 1.865212260690000123e-01
1.403638600727829456e+09 6.500046481200000059e+00 7.792062877700000278e+00 2.844013933599999877e+00 5.151476162000000469e-01 7.591693661999999732e-01 -3.512838200999999771e-01 1.867738867150000037e-01
1.403638600777829409e+09 6.452093323999999797e+00 7.865486470399999597e+00 2.849435565399999870e+00 5.128347892000000297e-01 7.607298959999999610e-01 -3.523846922000000159e-01 1.847039060160000079e-01
1.403638600827829599e+09 6.408228687300000281e+00 7.937325360200000013e+00 2.855567438600000063e+00 5.085644231000000515e-01 7.640396989000000083e-01 -3.497507068999999857e-01 1.878297344569999916e-01
1.403638600877829313e+09 6.367680281300000189e+00 8.007866212099999714e+00 2.862489639000000086e+00 5.044072690999999997e-01 7.674279970999999811e-01 -3.454355546000000277e-01 1.931368785679999922e-01
1.403638600927829504e+09 6.330082299899999931e+00 8.077478684800000863e+00 2.868028310600000186e+00 4.993217388999999784e-01 7.715055350999999728e-01 -3.392727214999999852e-01 2.008756599079999927e-01
1.403638600977829456e+09 6.295154469399999897e+00 8.147132396599999993e+00 2.872335872999999928e+00 4.961468812000000006e-01 7.741906143000000240e-01 -3.335333800999999987e-01 2.079005756350000012e-01
1.403638601027829409e+09 6.262526768499999896e+00 8.217098765299999386e+00 2.875559505500000057e+00 4.935046131999999974e-01 7.763388047000000514e-01 -3.291533508000000219e-01 2.130946472670000036e-01
1.403638601077829361e+09 6.231838049600000318e+00 8.287927320399999687e+00 2.877769568100000175e+00 4.923954683999999804e-01 7.774040678000000426e-01 -3.261870477000000101e-01 2.163137259229999942e-01
1.403638601127829552e+09 6.203181828099999962e+00 8.359349488499999481e+00 2.879021883800000126e+00 4.928085614000000114e-01 7.772678936000000371e-01 -3.234043202999999922e-01 2.200090656979999948e-01
1.403638601177829266e+09 6.176070677500000272e+00 8.431136308299999271e+00 2.878509940599999872e+00 4.914640074000000136e-01 7.783562878999999990e-01 -3.197149878000000167e-01 2.245149105020000091e-01
1.403638601227829456e+09 6.150635712599999749e+00 8.504107653800000222e+00 2.877668062200000154e+00 4.937232437999999890e-01 7.770717119000000173e-01 -3.155281220999999747e-01 2.298671730209999875e-01
1.403638601277829409e+09 6.126872955799999687e+00 8.578295087600000812e+00 2.875790153500000113e+00 4.969255583000000143e-01 7.749642280999999855e-01 -3.104437632000000002e-01 2.368968225649999981e-01
1.403638601327829599e+09 6.103433860099999997e+00 8.653796026000000197e+00 2.874063637899999968e+00 5.015740216999999834e-01 7.724859696000000442e-01 -3.067964168999999797e-01 2.399268349179999871e-01
1.403638601377829313e+09 6.079677873699999680e+00 8.730342121699999680e+00 2.872927004000000117e+00 5.051609458000000386e-01 7.716148856000000222e-01 -3.051475875999999920e-01 2.372927241730000136e-01
1.403638601427829504e+09 6.056164873300000195e+00 8.808416099500000485e+00 2.873564545299999828e+00 5.118780385000000210e-01 7.693690384000000382e-01 -3.030329191000000200e-01 2.328587691450000052e-01
1.403638601477829456e+09 6.032515631699999936e+00 8.886557901799999826e+00 2.875143906199999932e+00 5.163960442999999678e-01 7.692983477999999486e-01 -2.993994725999999940e-01 2.277611320329999967e-01
1.403638601527829409e+09 6.008956273699999961e+00 8.964811661500000639e+00 2.878280917000000105e+00 5.219834217000000054e-01 7.691080416000000142e-01 -2.927601535000000088e-01 2.242713097969999958e-01
1.403638601577829361e+09 5.985126881400000265e+00 9.042680431899999149e+00 2.882612148399999796e+00 5.266589315999999910e-01 7.701721691999999786e-01 -2.845240714000000226e-01 2.202527010750000014e-01
1.403638601627829552e+09 5.961446268499999590e+00 9.120535405100000048e+00 2.887693388899999825e+00 5.298659583999999478e-01 7.724550820000000151e-01 -2.759242729999999977e-01 2.154553504329999869e-01
1.403638601677829266e+09 5.937433930200000098e+00 9.198227435399999763e+00 2.894174715000000120e+00 5.331621018000000101e-01 7.752749907999999524e-01 -2.650409298999999996e-01 2.108083662230000044e-01
1.403638601727829456e+09 5.912775926600000176e+00 9.275468254199999762e+00 2.902052394600000085e+00 5.358380069999999495e-01 7.788328112000000303e-01 -2.537397533999999899e-01 2.047271842210000026e-01
1.403638601777829409e+09 5.887581462300000013e+00 9.352265573000000387e+00 2.911789912100000155e+00 5.390962561000000042e-01 7.821272414000000062e-01 -2.404283767000000016e-01 1.996156321950000034e-01
1.403638601827829599e+09 5.861314165799999643e+00 9.428886727700000137e+00 2.923431210800000013e+00 5.428797680000000403e-01 7.853077555999999904e-01 -2.265957654000000099e-01 1.929446697620000040e-01
1.403638601877829313e+09 5.834402565699999599e+00 9.505089870799999119e+00 2.936454610300000212e+00 5.463571252000000156e-01 7.883345575000000327e-01 -2.117364086000000090e-01 1.875905396030000116e-01
1.403638601927829504e+09 5.806573838500000306e+00 9.580898334600000510e+00 2.949932393400000130e+00 5.488173831999999530e-01 7.915806342000000217e-01 -1.994453505999999876e-01 1.800586893799999977e-01
1.403638601977829456e+09 5.778531191899999975e+00 9.656653385900000330e+00 2.962671601999999904e+00 5.508448594000000531e-01 7.942270769000000508e-01 -1.889526562000000132e-01 1.734075689050000035e-01
1.403638602027829409e+09 5.750158950200000341e+00 9.732152598700000823e+00 2.974010093800000032e+00 5.516697641000000152e-01 7.970843356000000268e-01 -1.799975188000000059e-01 1.670865838649999990e-01
1.403638602077829361e+09 5.721502812299999796e+00 9.807308260199999239e+00 2.983524491099999842e+00 5.526765518999999793e-01 7.991072541999999501e-01 -1.726942221999999971e-01 1.617186782070000051e-01
1.403638602127829552e+09 5.692563548599999912e+00 9.882320951600000569e+00 2.991404004100000069e+00 5.544113001999999568e-01 8.000834455999999983e-01 -1.647136405000000081e-01 1.592608143049999980e-01
1.403638602177829266e+09 5.662747119999999690e+00 9.956858413799999141e+00 2.997576077999999811e+00 5.567190540999999993e-01 8.005847348000000308e-01 -1.565247691999999968e-01 1.569330235829999864e-01
1.403638602227829456e+09 5.632003190899999900e+00 1.005677013000000031e+01 3.025115297200000164e+00 5.598444847000000335e-01 8.005325077999999595e-01 -1.469347944000000128e-01 1.553448522860000069e-01
1.403638602277829409e+09 5.601402925900000440e+00 1.013372831310000066e+01 3.029994519000000164e+00 5.632343551999999809e-01 8.005503221999999974e-01 -1.378671083999999936e-01 1.512577374359999893e-01
1.403638602327829599e+09 5.569165758699999635e+00 1.021049667069999956e+01 3.035371405099999809e+00 5.696112992999999847e-01 7.987200575999999774e-01 -1.289624601999999898e-01 1.447685089730000041e-01
1.403638602377829313e+09 5.534830164899999794e+00 1.028653765730000025e+01 3.042764716200000219e+00 5.788377624999999638e-01 7.951194995000000487e-01 -1.223990065000000044e-01 1.332302872599999966e-01
1.403638602427829504e+09 5.498702987399999742e+00 1.036190502260000024e+01 3.054013762199999871e+00 5.935971165000000216e-01 7.872674668000000375e-01 -1.162340235999999999e-01 1.197583013730000034e-01
1.403638602477829456e+09 5.461692517500000399e+00 1.043505471469999968e+01 3.067632565199999828e+00 6.101575756999999545e-01 7.772922439999999655e-01 -1.087791936000000043e-01 1.081276431509999997e-01
1.403638602527829409e+09 5.423570979900000033e+00 1.050477365829999954e+01 3.083172590499999810e+00 6.255320996000000022e-01 7.676104163000000424e-01 -1.029951323999999946e-01 9.421169717020000389e-02
1.403638602577829361e+09 5.385194991999999736e+00 1.056994551620000067e+01 3.100439169199999956e+00 6.383315025000000364e-01 7.593184955999999763e-01 -9.664566970000000590e-02 8.141209764930000536e-02
1.403638602627829552e+09 5.346319794100000244e+00 1.062951589819999931e+01 3.118799823499999846e+00 6.455600575000000063e-01 7.551576757000000306e-01 -8.944659620000000588e-02 7.062862987649999591e-02
1.403638602677829266e+09 5.307992665299999580e+00 1.068320435290000070e+01 3.137031129099999927e+00 6.477555659999999493e-01 7.549649936000000228e-01 -8.060198350000000178e-02 6.280052001850000565e-02
1.403638602727829456e+09 5.269896086700000204e+00 1.073050153890000047e+01 3.156687164500000087e+00 6.483808873999999944e-01 7.559302758999999483e-01 -7.154480940000000622e-02 5.525380577700000212e-02
1.403638602777829409e+09 5.232300711599999765e+00 1.077224419650000087e+01 3.177528256800000062e+00 6.469770593000000458e-01 7.584004027999999842e-01 -6.082558379999999931e-02 5.049516998939999890e-02
1.403638602827829599e+09 5.194801940999999701e+00 1.080811493779999921e+01 3.199432846900000182e+00 6.457440539000000035e-01 7.605458689999999855e-01 -5.049564470000000166e-02 4.510862301480000197e-02
1.403638602877829313e+09 5.157280788999999643e+00 1.083829928679999988e+01 3.222276529100000175e+00 6.442931543000000039e-01 7.627440076999999485e-01 -4.141273759999999915e-02 3.732150996499999929e-02
1.403638602927829504e+09 5.119843869300000350e+00 1.086318683350000036e+01 3.246195119799999862e+00 6.412976459000000462e-01 7.660716591999999769e-01 -3.312584150000000283e-02 2.782482495819999999e-02
1.403638602977829456e+09 5.082243536500000047e+00 1.088359314650000087e+01 3.270433827400000215e+00 6.385959271000000159e-01 7.689365878999999682e-01 -2.724833230000000064e-02 1.375841736439999997e-02
1.403638603027829409e+09 5.045845515599999942e+00 1.090010313820000043e+01 3.293503144999999854e+00 6.374357265000000217e-01 7.702402837999999807e-01 -1.999634479999999950e-02 2.397090249029999905e-03
1.403638603077829361e+09 5.010828126099999835e+00 1.091281775660000086e+01 3.315203346100000115e+00 6.378341347999999522e-01 7.700506045999999660e-01 -1.188857379999999977e-02 -6.953030068209999949e-03
1.403638603127829552e+09 4.977415458100000301e+00 1.092184310150000037e+01 3.335270122599999887e+00 6.396976207000000247e-01 7.684664516000000445e-01 -4.165612499999999697e-03 -1.512992351709999996e-02
1.403638603177829266e+09 4.945871843699999992e+00 1.092705899010000081e+01 3.352434275599999847e+00 6.392330319000000260e-01 7.687508742999999978e-01 4.015565500000000190e-03 -1.967484178439999828e-02
1.403638603227829456e+09 4.916108659999999908e+00 1.092799159660000008e+01 3.365982691900000212e+00 6.327005907999999623e-01 7.739749971999999589e-01 1.091593859999999937e-02 -2.309779925580000143e-02
1.403638603277829409e+09 4.888072880200000192e+00 1.092522229669999945e+01 3.376728332399999921e+00 6.224609915000000049e-01 7.820690312000000421e-01 1.735784159999999993e-02 -2.467893503900000021e-02
1.403638603327829599e+09 4.861407515599999840e+00 1.091923941389999975e+01 3.385134634199999937e+00 6.103955437000000428e-01 7.913608297999999985e-01 2.225874770000000127e-02 -2.588176051179999840e-02
1.403638603377829313e+09 4.835871123099999558e+00 1.091158433840000086e+01 3.391701992099999785e+00 5.997237811000000196e-01 7.993306558999999645e-01 2.629261230000000046e-02 -2.665684532800000062e-02
1.403638603427829504e+09 4.811324194100000007e+00 1.090268568860000009e+01 3.396992766399999919e+00 5.909628590000000070e-01 8.057020362000000269e-01 2.883400040000000039e-02 -2.785190378839999883e-02
1.403638603477829456e+09 4.788006430400000291e+00 1.089315063969999997e+01 3.401266371599999783e+00 5.851879417999999999e-01 8.098215416999999805e-01 3.012198030000000012e-02 -2.892766328120000008e-02
1.403638603527829409e+09 4.765464321299999639e+00 1.088344244419999995e+01 3.404755051300000002e+00 5.833878807000000277e-01 8.110166926999999859e-01 3.263488020000000073e-02 -2.907695631499999933e-02
1.403638603577829361e+09 4.743467071999999618e+00 1.087365746829999935e+01 3.407375230900000052e+00 5.854350618000000450e-01 8.093871101999999818e-01 3.507830740000000141e-02 -3.045991671599999895e-02
1.403638603627829552e+09 4.722321517900000210e+00 1.086333390689999945e+01 3.408582322900000072e+00 5.895429907000000469e-01 8.062675854999999947e-01 3.713826259999999935e-02 -3.150225734499999958e-02
1.403638603677829266e+09 4.702199781800000089e+00 1.085243655150000031e+01 3.407494703099999800e+00 5.938076840999999551e-01 8.030455348999999687e-01 4.036131409999999670e-02 -2.968614993990000006e-02
1.403638603727829456e+09 4.683199834299999864e+00 1.084034488120000006e+01 3.404042147100000193e+00 5.974641765999999521e-01 8.002336405000000097e-01 4.498412499999999981e-02 -2.528056253610000068e-02
1.403638603777829409e+09 4.640157040500000107e+00 1.081798474650000053e+01 3.424162863999999917e+00 6.015287658000000315e-01 7.970595390000000391e-01 4.955317139999999843e-02 -2.009274713810000126e-02
1.403638603827829599e+09 4.620673563100000436e+00 1.080214616289999974e+01 3.418917723699999911e+00 6.045811459000000054e-01 7.946059246000000131e-01 5.318947529999999702e-02 -1.593557138380000127e-02
1.403638603877829313e+09 4.601211946100000283e+00 1.078446815160000050e+01 3.412093176299999975e+00 6.082878520000000178e-01 7.915861500999999967e-01 5.715755589999999692e-02 -1.050095026369999955e-02
1.403638603927829504e+09 4.580938274100000207e+00 1.076502215480000046e+01 3.403711139699999944e+00 6.108619410000000194e-01 7.894201620999999891e-01 6.021131410000000322e-02 -6.172068893890000386e-03
1.403638603977829456e+09 4.559821715600000047e+00 1.074367891820000054e+01 3.394551707899999826e+00 6.148499656000000479e-01 7.861654653999999853e-01 6.241805980000000170e-02 -2.714143051349999797e-03
1.403638604027829409e+09 4.537875424200000118e+00 1.071975208529999968e+01 3.383371598100000099e+00 6.154317498000000386e-01 7.855380636000000028e-01 6.458985709999999492e-02 1.364649605910000021e-03
1.403638604077829361e+09 4.514415384600000358e+00 1.069421145719999977e+01 3.372767713700000058e+00 6.174329549000000528e-01 7.838118478000000167e-01 6.628805570000000091e-02 4.628944389130000212e-03
1.403638604127829552e+09 4.489112960099999938e+00 1.066635061729999912e+01 3.363361783299999797e+00 6.180473035000000337e-01 7.832254291000000368e-01 6.736003379999999652e-02 6.171197169620000131e-03
1.403638604177829266e+09 4.465616035400000072e+00 1.063661784429999990e+01 3.355834160700000179e+00 6.176702889999999835e-01 7.835206308000000064e-01 6.741519340000000360e-02 5.833264040930000172e-03
1.403638604227829456e+09 4.438121274700000285e+00 1.060437673570000072e+01 3.351509888699999884e+00 6.173175427000000548e-01 7.839856255999999579e-01 6.541531270000000564e-02 2.535175264239999861e-03
1.403638604277829409e+09 4.409274969900000229e+00 1.056937389510000003e+01 3.348822258999999857e+00 6.151250487999999628e-01 7.859529798000000067e-01 6.241194180000000230e-02 -1.958926490480000088e-03
1.403638604327829599e+09 4.379260822900000072e+00 1.053152301599999952e+01 3.347394056300000198e+00 6.119108562999999723e-01 7.886690105000000450e-01 5.932524709999999896e-02 -6.841853575439999641e-03
1.403638604377829313e+09 4.349263123400000097e+00 1.049128258110000012e+01 3.347086237600000125e+00 6.076436239000000405e-01 7.921101185000000156e-01 5.672111970000000281e-02 -1.065368502949999921e-02
1.403638604427829504e+09 4.318752752299999997e+00 1.044907451819999977e+01 3.348086460399999797e+00 6.028127944000000182e-01 7.958743911000000226e-01 5.509479839999999878e-02 -1.285502143079999930e-02
1.403638604477829456e+09 4.288014688699999688e+00 1.040603461389999929e+01 3.350622270400000158e+00 5.971855792000000385e-01 8.000951600000000274e-01 5.535796569999999750e-02 -1.235372387590000058e-02
1.403638604527829409e+09 4.256737801999999959e+00 1.036238468790000056e+01 3.355099960900000067e+00 5.927117489000000017e-01 8.034685019999999733e-01 5.427484059999999888e-02 -1.361582259510000018e-02
1.403638604577829361e+09 4.225515921500000438e+00 1.031793165809999913e+01 3.359168812500000101e+00 5.906494411999999583e-01 8.049644139999999615e-01 5.481862769999999718e-02 -1.266680031169999977e-02
1.403638604627829552e+09 4.193830851200000431e+00 1.027289968140000020e+01 3.361986768399999992e+00 5.882616660999999691e-01 8.067521440999999571e-01 5.383284650000000338e-02 -1.418501981529999949e-02
1.403638604677829266e+09 4.161955790500000418e+00 1.022759376549999999e+01 3.363726112300000182e+00 5.873313492999999719e-01 8.074989615000000009e-01 5.205207010000000023e-02 -1.667019308249999970e-02
1.403638604727829456e+09 4.130075221300000266e+00 1.018191999469999942e+01 3.364074638099999959e+00 5.862849908999999693e-01 8.083156524000000287e-01 5.024193279999999984e-02 -1.927339478020000108e-02
1.403638604777829409e+09 4.096879284399999932e+00 1.012524956939999932e+01 3.360999759199999826e+00 5.861428075000000293e-01 8.084610338000000063e-01 4.869892480000000134e-02 -2.134902313979999966e-02
1.403638604827829599e+09 4.064708938199999899e+00 1.007587251560000041e+01 3.359899674399999814e+00 5.845140397000000432e-01 8.096757527000000287e-01 4.713592290000000185e-02 -2.338199284069999995e-02
1.403638604877829313e+09 4.033015200000000355e+00 1.002595149819999953e+01 3.359236012799999838e+00 5.822984482999999933e-01 8.112795580999999645e-01 4.678171629999999803e-02 -2.377954574090000023e-02
1.403638604927829504e+09 4.001801845900000210e+00 9.975762853199999114e+00 3.359344935499999796e+00 5.785624172000000121e-01 8.139571177000000102e-01 4.650985039999999682e-02 -2.400362081189999844e-02
1.403638604977829456e+09 3.970474407899999836e+00 9.924969857500000714e+00 3.360426959899999844e+00 5.734276337000000501e-01 8.175876066999999692e-01 4.617284669999999897e-02 -2.448106429289999969e-02
1.403638605027829409e+09 3.939731157199999778e+00 9.874836193800000217e+00 3.363538415899999912e+00 5.678449389999999930e-01 8.214758609000000211e-01 4.577446999999999766e-02 -2.518398397649999898e-02
1.403638605077829361e+09 3.909522811500000028e+00 9.824984370499999287e+00 3.369102354499999841e+00 5.636275413000000345e-01 8.243746466000000384e-01 4.563416110000000081e-02 -2.545506100159999896e-02
1.403638605127829552e+09 3.879920972599999907e+00 9.776164943299999521e+00 3.376466382999999905e+00 5.593536924999999993e-01 8.272760914000000243e-01 4.566321529999999712e-02 -2.554576595160000171e-02
1.403638605177829266e+09 3.851121132799999902e+00 9.730218548499999898e+00 3.386096826500000212e+00 5.570028502999999631e-01 8.288467462999999924e-01 4.607006169999999790e-02 -2.526747412349999999e-02
1.403638605227829456e+09 3.822989991300000057e+00 9.686789651899999853e+00 3.396595999000000088e+00 5.555618213999999888e-01 8.298054881999999965e-01 4.700113739999999679e-02 -2.376567840810000012e-02
1.403638605277829409e+09 3.795008075700000205e+00 9.644975174900000781e+00 3.405934342900000189e+00 5.543225099999999905e-01 8.306032059000000300e-01 4.832251309999999883e-02 -2.213151545119999841e-02
1.403638605327829599e+09 3.767923673399999895e+00 9.605797126500000616e+00 3.414555885900000032e+00 5.550760215000000164e-01 8.300490919999999884e-01 5.054493370000000263e-02 -1.882352064580000012e-02
1.403638605377829313e+09 3.740784289800000106e+00 9.567969706799999585e+00 3.421838994399999834e+00 5.583477525000000163e-01 8.277282115999999856e-01 5.403175439999999968e-02 -1.394146893749999977e-02
1.403638605427829504e+09 3.713363036500000103e+00 9.531309238700000463e+00 3.427913799100000158e+00 5.625075215999999489e-01 8.247036813000000466e-01 5.811399040000000266e-02 -8.478817350350000351e-03
1.403638605477829456e+09 3.685570948500000110e+00 9.496015151799999998e+00 3.432836572999999891e+00 5.685725900000000443e-01 8.202298768000000351e-01 6.280108619999999475e-02 -2.045151869610000155e-03
1.403638605527829409e+09 3.656617812699999970e+00 9.460392550999999983e+00 3.436210649299999975e+00 5.731949091000000385e-01 8.167460227999999711e-01 6.608754679999999382e-02 2.442641591329999893e-03
1.403638605577829361e+09 3.626735598899999857e+00 9.424979273399999968e+00 3.438037929500000089e+00 5.767867002000000021e-01 8.138799060000000418e-01 6.974832960000000581e-02 7.195245667960000098e-03
1.403638605627829552e+09 3.595496601099999801e+00 9.389282252699999276e+00 3.438391725099999796e+00 5.798439355000000184e-01 8.113669019000000482e-01 7.297294579999999420e-02 1.181990529100000048e-02
1.403638605677829266e+09 3.562305185800000107e+00 9.353013989400000838e+00 3.438240859300000007e+00 5.819818907999999569e-01 8.096229592999999447e-01 7.488890859999999816e-02 1.412068976079999989e-02
1.403638605727829456e+09 3.527305640099999806e+00 9.315875889699999135e+00 3.438807410799999964e+00 5.825754722000000552e-01 8.090436589999999706e-01 7.616121979999999902e-02 1.592625803780000140e-02
1.403638605777829409e+09 3.490062447800000189e+00 9.278216434400000878e+00 3.441432829000000027e+00 5.824050069999999746e-01 8.091551108000000214e-01 7.627391969999999799e-02 1.595943649589999860e-02
1.403638605827829599e+09 3.450523198800000024e+00 9.239691337700000062e+00 3.446792668200000076e+00 5.813197697999999969e-01 8.098666333999999800e-01 7.677823749999999892e-02 1.698421899979999858e-02
1.403638605877829313e+09 3.408877462800000036e+00 9.201339709100000874e+00 3.453803638200000137e+00 5.813832089999999564e-01 8.096859979999999624e-01 7.782934800000000652e-02 1.856721777080000066e-02
1.403638605927829504e+09 3.365013782700000178e+00 9.163648560600000437e+00 3.462781339500000222e+00 5.810040221000000171e-01 8.098673750999999532e-01 7.843160870000000229e-02 1.994100885200000145e-02
1.403638605977829456e+09 3.319164132600000094e+00 9.126436308800000674e+00 3.472982155399999993e+00 5.809814494999999690e-01 8.096658614999999726e-01 7.988860970000000172e-02 2.279381631890000162e-02
1.403638606027829409e+09 3.271305519299999798e+00 9.088979738100000816e+00 3.482818596300000014e+00 5.806627643999999755e-01 8.098142475999999812e-01 8.028701539999999470e-02 2.419986922339999874e-02
1.403638606077829361e+09 3.221410924699999789e+00 9.051641449299999920e+00 3.491544158499999995e+00 5.802622336999999630e-01 8.100421773000000547e-01 8.052598099999999648e-02 2.535700097919999993e-02
1.403638606127829552e+09 3.169423133400000037e+00 9.014449154299999378e+00 3.498959419499999779e+00 5.799097788999999503e-01 8.101835935000000211e-01 8.108933000000000113e-02 2.705020855509999989e-02
1.403638606177829266e+09 3.115423888300000055e+00 8.976960772300000002e+00 3.504708234999999839e+00 5.794118152999999660e-01 8.103844475000000491e-01 8.204542509999999955e-02 2.876706046329999961e-02
1.403638606227829456e+09 3.058989449899999880e+00 8.938898471899999976e+00 3.508714652200000117e+00 5.786470412999999979e-01 8.108565110000000020e-01 8.236872970000000405e-02 2.991174599910000065e-02
1.403638606277829409e+09 3.000338520000000120e+00 8.901057119600000789e+00 3.511444746100000014e+00 5.775854349000000276e-01 8.116388163000000100e-01 8.194995500000000488e-02 3.035954620990000130e-02
1.403638606327829599e+09 2.938760782000000127e+00 8.862500423200000199e+00 3.512234582700000107e+00 5.750381259000000300e-01 8.138408201000000286e-01 7.910734739999999987e-02 2.713486414160000068e-02
1.403638606377829313e+09 2.874954617799999834e+00 8.823782296599999242e+00 3.511169525400000158e+00 5.700443389999999555e-01 8.179583661999999533e-01 7.440023910000000129e-02 2.140483860440000122e-02
1.403638606427829504e+09 2.809519680000000186e+00 8.785485916300000753e+00 3.508751038999999849e+00 5.658717865000000291e-01 8.213647777000000483e-01 6.997543459999999715e-02 1.588904371800000173e-02
1.403638606477829456e+09 2.741832107600000068e+00 8.745985450799999228e+00 3.504534985399999858e+00 5.610211290000000073e-01 8.252348453000000195e-01 6.449816869999999702e-02 9.095553347079999434e-03
1.403638606527829409e+09 2.673528122000000007e+00 8.708113248900000158e+00 3.498618554000000103e+00 5.563387193000000064e-01 8.288031621000000460e-01 5.970789189999999719e-02 2.741457084159999811e-03
1.403638606577829361e+09 2.604656698399999915e+00 8.671384140800000750e+00 3.491091339700000074e+00 5.522804899000000045e-01 8.317005422000000037e-01 5.707062529999999689e-02 -1.847242507919999921e-03
1.403638606627829552e+09 2.535087570800000023e+00 8.636216791900000800e+00 3.481999687300000090e+00 5.487534571000000083e-01 8.340683872999999915e-01 5.620760460000000236e-02 -6.346163868830000283e-03
1.403638606677829266e+09 2.465082482300000155e+00 8.602714846999999665e+00 3.471786096299999791e+00 5.462374973000000411e-01 8.355650659000000147e-01 5.789475360000000126e-02 -1.018894988730000006e-02
1.403638606727829456e+09 2.394435445900000126e+00 8.570261264499999143e+00 3.459091588500000203e+00 5.420349552000000015e-01 8.379769953000000271e-01 6.171611939999999824e-02 -1.355666890540000065e-02
1.403638606777829409e+09 2.323400280300000009e+00 8.539443650400000863e+00 3.445837849400000152e+00 5.397159563000000215e-01 8.390194265000000540e-01 6.652611499999999678e-02 -1.809321959129999921e-02
1.403638606827829599e+09 2.252052516400000037e+00 8.510515346100000045e+00 3.431592114399999893e+00 5.372287339000000328e-01 8.399633050999999462e-01 7.298887610000000248e-02 -2.279380322759999924e-02
1.403638606877829313e+09 2.179925166699999917e+00 8.483428350600000556e+00 3.417322645500000089e+00 5.351583103999999480e-01 8.404752107999999833e-01 7.967960609999999444e-02 -2.929442217310000013e-02
1.403638606927829504e+09 2.107758463200000154e+00 8.459626573799999605e+00 3.404805342199999973e+00 5.342372142000000323e-01 8.399713211999999540e-01 8.851642540000000114e-02 -3.469324010100000022e-02
1.403638606977829456e+09 2.034757717599999793e+00 8.438879950100000471e+00 3.393342992300000027e+00 5.327947257999999797e-01 8.396377059999999837e-01 9.673627849999999473e-02 -4.219472868279999789e-02
1.403638607027829409e+09 1.961934117500000019e+00 8.421227917899999582e+00 3.384950534900000196e+00 5.327092173999999902e-01 8.382201163000000399e-01 1.054437995999999989e-01 -4.989520543630000110e-02
1.403638607077829361e+09 1.889249410299999932e+00 8.405978166700000642e+00 3.379041008200000196e+00 5.321654366000000413e-01 8.370364650999999601e-01 1.133031763999999969e-01 -5.772602863310000165e-02
1.403638607127829552e+09 1.816510927499999983e+00 8.393738329799999676e+00 3.375690237899999779e+00 5.331585952999999822e-01 8.350999228000000052e-01 1.171216976999999992e-01 -6.806275814090000098e-02
1.403638607177829266e+09 1.744353893600000038e+00 8.385097596699999656e+00 3.373860024199999863e+00 5.377659232999999483e-01 8.308008258000000312e-01 1.232998153000000041e-01 -7.331408560650000406e-02
1.403638607227829456e+09 1.672447397800000068e+00 8.378400267600000006e+00 3.372396524200000023e+00 5.434836828000000342e-01 8.258499226000000082e-01 1.275111670000000086e-01 -7.961340442910000426e-02
1.403638607277829409e+09 1.601571378799999890e+00 8.373683107899999811e+00 3.369919111599999795e+00 5.507614181000000109e-01 8.199325168000000108e-01 1.321737678000000082e-01 -8.308202791379999674e-02
1.403638607327829599e+09 1.531153985500000037e+00 8.370119966500000785e+00 3.365631076400000143e+00 5.556137368000000354e-01 8.158069677999999492e-01 1.337343646999999969e-01 -8.869885257819999647e-02
1.403638607377829313e+09 1.461418948099999948e+00 8.367576124199999299e+00 3.359543042299999893e+00 5.597715694999999547e-01 8.122004181999999961e-01 1.352121581000000072e-01 -9.329492492240000490e-02
1.403638607427829504e+09 1.392626198100000101e+00 8.365852049700000848e+00 3.351272718000000150e+00 5.620592299000000125e-01 8.100257575000000543e-01 1.367421977000000122e-01 -9.617310274300000517e-02
1.403638607477829456e+09 1.324826391700000050e+00 8.364637829999999497e+00 3.341026927600000196e+00 5.617450360000000309e-01 8.098065022999999529e-01 1.373990301000000136e-01 -9.888098834200000076e-02
1.403638607527829409e+09 1.258239354899999940e+00 8.363740000199999969e+00 3.329168264599999816e+00 5.618221013999999958e-01 8.094462569000000496e-01 1.376454991000000128e-01 -1.010267299270000002e-01
1.403638607577829361e+09 1.193220466499999910e+00 8.363181915500000230e+00 3.315641452499999975e+00 5.616040641999999750e-01 8.093508127999999857e-01 1.390129481000000056e-01 -1.011312870069999981e-01
1.403638607627829552e+09 1.129235453900000019e+00 8.362950754099999884e+00 3.301456112599999937e+00 5.622047492999999729e-01 8.087531771000000536e-01 1.392786746000000131e-01 -1.022035671309999977e-01
1.403638607677829266e+09 1.066392215300000057e+00 8.363295204699999985e+00 3.286501985200000142e+00 5.635616528000000347e-01 8.077600055000000445e-01 1.395898477999999998e-01 -1.021602240060000000e-01
1.403638607727829456e+09 1.004651423100000107e+00 8.364270041999999350e+00 3.271343522300000028e+00 5.651849372999999677e-01 8.066611063999999942e-01 1.404847361000000072e-01 -1.006373936230000044e-01
1.403638607777829409e+09 9.442629259000000497e-01 8.365501139699999200e+00 3.254509956899999779e+00 5.655171629999999894e-01 8.065412861999999850e-01 1.405084154000000030e-01 -9.969391789869999632e-02
1.403638607827829599e+09 8.848901176000000257e-01 8.366787988100000462e+00 3.236760834900000106e+00 5.648139079999999757e-01 8.070915656999999577e-01 1.399324996999999904e-01 -1.000367405280000038e-01
1.403638607877829313e+09 8.263308982999999497e-01 8.368400794399999398e+00 3.218234013400000038e+00 5.639550943000000149e-01 8.078737195999999843e-01 1.377575856000000099e-01 -1.015753528440000025e-01
1.403638607927829504e+09 7.688401551000000334e-01 8.370447621000000282e+00 3.198181873299999811e+00 5.613694649999999564e-01 8.097961840999999827e-01 1.352247950000000087e-01 -1.039649884999999940e-01
1.403638607977829456e+09 7.126598523999999601e-01 8.373339540499999956e+00 3.177102927099999974e+00 5.601404859999999930e-01 8.108188482000000530e-01 1.330390349999999999e-01 -1.054326632809999970e-01
1.403638608027829409e+09 6.578676981000000090e-01 8.377389570500000104e+00 3.155064682299999923e+00 5.615139556999999559e-01 8.100582455000000515e-01 1.312064377000000115e-01 -1.062665851090000002e-01
1.403638608077829361e+09 6.047150115999999631e-01 8.382148614100000117e+00 3.131860869300000072e+00 5.637538484999999877e-01 8.087208368999999619e-01 1.310729493999999995e-01 -1.047477353889999935e-01
1.403638608127829552e+09 5.530386400000000258e-01 8.387514532000000855e+00 3.107160344600000013e+00 5.662864380000000031e-01 8.072045462000000393e-01 1.312180042999999963e-01 -1.025783900840000068e-01
1.403638608177829266e+09 5.026828054999999962e-01 8.393200009599999234e+00 3.080877663599999927e+00 5.684205633000000146e-01 8.059834757999999599e-01 1.324675678999999995e-01 -9.869672470389999341e-02
1.403638608227829456e+09 4.533079760000000014e-01 8.398974921900000723e+00 3.053871827200000055e+00 5.719550231000000151e-01 8.036426570000000380e-01 1.331636968000000087e-01 -9.640208078449999385e-02
1.403638608277829409e+09 4.050623870999999765e-01 8.404526736199999348e+00 3.025761161600000193e+00 5.753122352999999745e-01 8.014291954000000162e-01 1.334196407000000084e-01 -9.447897221760000186e-02
1.403638608327829599e+09 3.577108767000000134e-01 8.409877018599999587e+00 2.996868516800000215e+00 5.796755828999999860e-01 7.984185330999999941e-01 1.335019385000000003e-01 -9.317347818030000117e-02
1.403638608377829313e+09 3.112234712999999986e-01 8.414568593800000329e+00 2.966622379799999987e+00 5.836821185999999662e-01 7.955693320000000179e-01 1.342861911000000075e-01 -9.138840884309999690e-02
1.403638608427829504e+09 2.655331928999999924e-01 8.418310541300000338e+00 2.934761616999999934e+00 5.847437836000000111e-01 7.948022468000000007e-01 1.340281654999999905e-01 -9.165449764689999335e-02
1.403638608477829456e+09 2.209527534999999876e-01 8.421035982599999414e+00 2.901142110299999910e+00 5.840710231000000308e-01 7.953446014999999703e-01 1.339494944999999881e-01 -9.135391547149999958e-02
1.403638608527829409e+09 1.772516289000000134e-01 8.423150353300000504e+00 2.865883521899999842e+00 5.821315285000000506e-01 7.968061306999999482e-01 1.339840605000000018e-01 -9.094583654420000662e-02
1.403638608577829361e+09 1.345603458999999891e-01 8.424711303500000525e+00 2.829855980500000090e+00 5.819274702000000188e-01 7.970229424000000451e-01 1.340412779000000054e-01 -9.026507920109999583e-02
1.403638608627829552e+09 9.243450220000000439e-02 8.425716611900000430e+00 2.794895984900000130e+00 5.845418463999999537e-01 7.952063995000000496e-01 1.320515802999999988e-01 -9.230380363850000658e-02
1.403638608677829266e+09 5.134910759999999907e-02 8.425487870899999621e+00 2.761647798699999878e+00 5.873348422999999929e-01 7.930661250999999634e-01 1.313157413999999912e-01 -9.402170134960000092e-02
1.403638608727829456e+09 1.150916670000000017e-02 8.423895492799999829e+00 2.728802112299999916e+00 5.890102481000000223e-01 7.917955440999999706e-01 1.309574933000000052e-01 -9.474639237870000064e-02
1.403638608777829409e+09 -2.699299499999999880e-02 8.420763971999999598e+00 2.696331465600000143e+00 5.872910407000000443e-01 7.930904935999999461e-01 1.309769155000000129e-01 -9.456082738359999906e-02
1.403638608827829599e+09 -6.453363830000000134e-02 8.416638105300000561e+00 2.665257867899999855e+00 5.848752960999999972e-01 7.948107017000000107e-01 1.312659238999999978e-01 -9.468945941079999484e-02
1.403638608877829313e+09 -1.010937972999999962e-01 8.411863305300000704e+00 2.636402139999999950e+00 5.821669167999999894e-01 7.967772191999999976e-01 1.309791613999999882e-01 -9.524811370369999641e-02
1.403638608927829504e+09 -1.364019616999999907e-01 8.406082502800000356e+00 2.609518320799999902e+00 5.791483015999999706e-01 7.989448096000000277e-01 1.311034238999999879e-01 -9.532223337429999999e-02
1.403638608977829456e+09 -1.704649205999999861e-01 8.399180456899999925e+00 2.584598208300000088e+00 5.763639376000000425e-01 8.009188846000000472e-01 1.303747443000000117e-01 -9.662286337809999903e-02
1.403638609027829409e+09 -2.036970000999999975e-01 8.392670202999999773e+00 2.561275181000000067e+00 5.741574623999999849e-01 8.024567889000000509e-01 1.298936433000000001e-01 -9.764195754299999364e-02
1.403638609077829361e+09 -2.358594750000000129e-01 8.386505238099999815e+00 2.540042231999999789e+00 5.724971476000000337e-01 8.036573201000000166e-01 1.298690473000000123e-01 -9.754977412349999377e-02
1.403638609127829552e+09 -2.667818820999999785e-01 8.380099494499999579e+00 2.520330900499999860e+00 5.718530112999999915e-01 8.041138145999999765e-01 1.299821767999999877e-01 -9.741529875340000644e-02
1.403638609177829266e+09 -2.967772108999999769e-01 8.374003734500000462e+00 2.502386029899999809e+00 5.725828693000000191e-01 8.035850898999999936e-01 1.283995454999999897e-01 -9.956614806119999661e-02
1.403638609227829456e+09 -3.257589210999999874e-01 8.367701085600000255e+00 2.484989173299999798e+00 5.741913902999999930e-01 8.023700274999999715e-01 1.254080578000000001e-01 -1.038239144060000008e-01
1.403638609277829409e+09 -3.532878687000000073e-01 8.361119858200000365e+00 2.466183746900000084e+00 5.750952607000000549e-01 8.016615416000000272e-01 1.229745225999999969e-01 -1.071516711360000068e-01
1.403638609327829599e+09 -3.789746406000000234e-01 8.354520423400000340e+00 2.445194430599999968e+00 5.751442967000000017e-01 8.016487847000000055e-01 1.224454328000000036e-01 -1.075889398040000000e-01
1.403638609377829313e+09 -4.029447512000000065e-01 8.348044846600000568e+00 2.422285826800000041e+00 5.746959431000000507e-01 8.020287944999999752e-01 1.233628900000000028e-01 -1.060942184600000004e-01
1.403638609427829504e+09 -4.255423146999999795e-01 8.341467991000000026e+00 2.397861630800000032e+00 5.744291537000000281e-01 8.022806845000000076e-01 1.242970812000000064e-01 -1.045327044499999997e-01
1.403638609477829456e+09 -4.466563885000000012e-01 8.334545440699999475e+00 2.371706016200000100e+00 5.738266316000000256e-01 8.028055483999999575e-01 1.253557163000000030e-01 -1.025289846889999995e-01
1.403638609527829409e+09 -4.665881575999999975e-01 8.327683774900000557e+00 2.344247001399999863e+00 5.735126509000000317e-01 8.030892233999999963e-01 1.262851779999999979e-01 -1.009108136719999993e-01
1.403638609577829361e+09 -4.854037768999999725e-01 8.320606260399999954e+00 2.314933465300000215e+00 5.730965138000000403e-01 8.034632341999999872e-01 1.272182601999999885e-01 -9.910969386430000527e-02
1.403638609627829552e+09 -5.033676138999999550e-01 8.313538314500000581e+00 2.284508758999999944e+00 5.731983286999999816e-01 8.034162686000000386e-01 1.271873111999999861e-01 -9.894121057450000478e-02
1.403638609677829266e+09 -5.203543420999999780e-01 8.306572763200000153e+00 2.252390733499999964e+00 5.736909237999999744e-01 8.030459247000000245e-01 1.290090956000000122e-01 -9.670894491940000559e-02
1.403638609727829456e+09 -5.364524835999999741e-01 8.299459692199999239e+00 2.220218943799999956e+00 5.736803121000000338e-01 8.030934481999999486e-01 1.296606053000000092e-01 -9.549837872810000572e-02
1.403638609777829409e+09 -5.518812953999999715e-01 8.291963570100000069e+00 2.188927270499999800e+00 5.732362557000000303e-01 8.034004156999999813e-01 1.296649726000000113e-01 -9.557699536930000517e-02
1.403638609827829599e+09 -5.667860046999999568e-01 8.284799337400000852e+00 2.159334561700000155e+00 5.724711617000000086e-01 8.039318197999999471e-01 1.290793845000000051e-01 -9.648269601799999706e-02
1.403638609877829313e+09 -5.805144697999999881e-01 8.277744122799999715e+00 2.131855946299999971e+00 5.730851047999999670e-01 8.034881312999999636e-01 1.293452409999999997e-01 -9.617740979800000478e-02
1.403638609927829504e+09 -5.931022040000000217e-01 8.270192446499999406e+00 2.106413789999999953e+00 5.731657014000000050e-01 8.034585332000000468e-01 1.289936084999999955e-01 -9.641635288699999806e-02
1.403638609977829456e+09 -6.047596546000000295e-01 8.262594434500000418e+00 2.082201224899999925e+00 5.741662008000000261e-01 8.027510747999999641e-01 1.287279728000000067e-01 -9.671088232529999329e-02
1.403638610027829409e+09 -6.157314537000000421e-01 8.255395478200000525e+00 2.060471704099999801e+00 5.754758308999999850e-01 8.018005719999999892e-01 1.278975974999999876e-01 -9.790615609090000393e-02
1.403638610077829361e+09 -6.256425240999999859e-01 8.247830267799999504e+00 2.041010892600000126e+00 5.783448088999999515e-01 7.997639013999999769e-01 1.271608492999999895e-01 -9.861593440039999325e-02
1.403638610127829552e+09 -6.343300170000000238e-01 8.239721635100000441e+00 2.022572796099999959e+00 5.803379717000000104e-01 7.983026933000000325e-01 1.267751031000000084e-01 -9.924072561739999410e-02
1.403638610177829266e+09 -6.418937423999999670e-01 8.231259815299999616e+00 2.003813254499999807e+00 5.827924850000000268e-01 7.965649774999999932e-01 1.274197159999999884e-01 -9.798659089660000099e-02
1.403638610227829456e+09 -6.486415570000000352e-01 8.222059663099999582e+00 1.984216202100000048e+00 5.844199963999999747e-01 7.953448266000000544e-01 1.268326257000000068e-01 -9.896140463579999880e-02
1.403638610277829409e+09 -6.542887958999999976e-01 8.212428730299999202e+00 1.963032028300000009e+00 5.854590106000000516e-01 7.946507029999999583e-01 1.259892092000000074e-01 -9.947223882319999877e-02
1.403638610327829599e+09 -6.589438564999999803e-01 8.202260749000000573e+00 1.940245726099999901e+00 5.862501819000000003e-01 7.940618081000000439e-01 1.259950552999999918e-01 -9.950786465789999979e-02
1.403638610377829313e+09 -6.626918336999999548e-01 8.191599906000000431e+00 1.915957371399999998e+00 5.862421798000000406e-01 7.940767672999999860e-01 1.254977103000000094e-01 -1.000625749329999981e-01
1.403638610427829504e+09 -6.652681231999999500e-01 8.180333166200000505e+00 1.890654130399999966e+00 5.873372635000000397e-01 7.933021448000000531e-01 1.249991022999999979e-01 -1.004085173629999939e-01
1.403638610477829456e+09 -6.666772181000000241e-01 8.168434982300000868e+00 1.863801508699999943e+00 5.886192492999999804e-01 7.923941155999999486e-01 1.256606635999999999e-01 -9.923881566330000625e-02
1.403638610527829409e+09 -6.670568526000000276e-01 8.155705775599999541e+00 1.836167455100000012e+00 5.912320661000000088e-01 7.905007777000000457e-01 1.260041081999999923e-01 -9.836731771140000413e-02
1.403638610577829361e+09 -6.665526307000000372e-01 8.141960927199999531e+00 1.808171838200000048e+00 5.962419558999999536e-01 7.867127031999999742e-01 1.254378556000000089e-01 -9.921691867970000578e-02
1.403638610627829552e+09 -6.648837313000000027e-01 8.126770438499999472e+00 1.779991875899999965e+00 6.019439555000000164e-01 7.823580959999999473e-01 1.248588065000000025e-01 -9.994779882630000500e-02
1.403638610677829266e+09 -6.619053598999999899e-01 8.109242260300000282e+00 1.751788321700000095e+00 6.038748948000000061e-01 7.808409681000000324e-01 1.242247444999999978e-01 -1.009490305619999972e-01
1.403638610727829456e+09 -6.575034737999999601e-01 8.089169480300000714e+00 1.723877527199999982e+00 6.008386822000000294e-01 7.831076651999999694e-01 1.248673265000000004e-01 -1.007145143679999966e-01
1.403638610777829409e+09 -6.516378023000000130e-01 8.066692347500000082e+00 1.696928800300000040e+00 5.958562032999999980e-01 7.867889443000000149e-01 1.248779126000000017e-01 -1.016073278789999951e-01
1.403638610827829599e+09 -6.447146616000000163e-01 8.043501954399999931e+00 1.671477024999999950e+00 5.898489675000000432e-01 7.911810873000000299e-01 1.254329261999999889e-01 -1.018688550299999968e-01
1.403638610877829313e+09 -6.367006487999999909e-01 8.019762963499999842e+00 1.649164130299999975e+00 5.856602775000000483e-01 7.941627909999999790e-01 1.263491163999999889e-01 -1.017025148570000065e-01
1.403638610927829504e+09 -6.278650440999999915e-01 7.996713220800000244e+00 1.629257726799999917e+00 5.844789015000000365e-01 7.948804891999999844e-01 1.267657778000000068e-01 -1.023711836010000042e-01
1.403638610977829456e+09 -6.179108322999999903e-01 7.973033314800000326e+00 1.610347412499999908e+00 5.847632947999999997e-01 7.946518943000000501e-01 1.265687278000000027e-01 -1.027648432160000042e-01
1.403638611027829409e+09 -6.068966584999999636e-01 7.948646415899999873e+00 1.591252566699999926e+00 5.865254586000000492e-01 7.932904846999999648e-01 1.255304053999999891e-01 -1.044998113959999947e-01
1.403638611077829361e+09 -5.944135333000000188e-01 7.923520239700000189e+00 1.571024565899999947e+00 5.890503484000000345e-01 7.913579643999999469e-01 1.259198273999999895e-01 -1.044818469780000036e-01
1.403638611127829552e+09 -5.808049403999999694e-01 7.897570137399999801e+00 1.549102465200000056e+00 5.901049599000000034e-01 7.904527515999999476e-01 1.255971381000000053e-01 -1.057636170179999946e-01
1.403638611177829266e+09 -5.660502981999999683e-01 7.871177302899999617e+00 1.525369809100000085e+00 5.898410036000000245e-01 7.905318931000000493e-01 1.264145053999999879e-01 -1.056706638160000017e-01
1.403638611227829456e+09 -5.500376887000000270e-01 7.844363329000000107e+00 1.501795644099999993e+00 5.901065881999999485e-01 7.902976728999999700e-01 1.267045183000000130e-01 -1.055924608449999996e-01
1.403638611277829409e+09 -5.328822897999999642e-01 7.817025699100000224e+00 1.479083968200000099e+00 5.897133565000000077e-01 7.905219830999999919e-01 1.274701028000000125e-01 -1.051880422539999971e-01
1.403638611327829599e+09 -5.139437937999999928e-01 7.788502394400000028e+00 1.457613148899999933e+00 5.897306812999999481e-01 7.905432665999999609e-01 1.291484649000000096e-01 -1.028578686709999968e-01
1.403638611377829313e+09 -4.935813776999999902e-01 7.758929801699999906e+00 1.436670569799999964e+00 5.907589093999999763e-01 7.898425506999999790e-01 1.325228052000000101e-01 -9.793039441799999967e-02
1.403638611427829504e+09 -4.724240929999999894e-01 7.729103951899999991e+00 1.417364751900000108e+00 5.922791628000000363e-01 7.887672034999999582e-01 1.374872067000000031e-01 -9.027159052769999359e-02
1.403638611477829456e+09 -4.511738290000000262e-01 7.698463994799999988e+00 1.400368087900000003e+00 5.924129795999999448e-01 7.886292858000000239e-01 1.415213991000000004e-01 -8.415702427129999330e-02
1.403638611527829409e+09 -4.299234234000000043e-01 7.666312327300000007e+00 1.385251272599999917e+00 5.924002063000000096e-01 7.885645200999999993e-01 1.450536809999999899e-01 -7.866017381020000421e-02
1.403638611577829361e+09 -4.092001091999999951e-01 7.632419596100000092e+00 1.372076955400000076e+00 5.904500642000000132e-01 7.900523912000000371e-01 1.466012415000000069e-01 -7.545870971929999338e-02
1.403638611627829552e+09 -3.893080651999999975e-01 7.597164662700000015e+00 1.360788043499999933e+00 5.889426495999999789e-01 7.912351037000000531e-01 1.467898517000000014e-01 -7.447352218899999654e-02
1.403638611677829266e+09 -3.703492118000000222e-01 7.560996575199999903e+00 1.350423175099999984e+00 5.874394755999999829e-01 7.924337084999999448e-01 1.461405144000000045e-01 -7.487743468570000338e-02
1.403638611727829456e+09 -3.520390905999999931e-01 7.522729848500000038e+00 1.339876254300000014e+00 5.848600629000000328e-01 7.944728225999999616e-01 1.436222551999999930e-01 -7.825783536260000339e-02
1.403638611777829409e+09 -3.342991834999999856e-01 7.484355450799999865e+00 1.328041309999999919e+00 5.825200067000000370e-01 7.963357803999999707e-01 1.401160164999999957e-01 -8.298956915699999548e-02
1.403638611827829599e+09 -3.165638901000000227e-01 7.445044625999999610e+00 1.314567344899999934e+00 5.802635435999999869e-01 7.981228981000000333e-01 1.367968183999999920e-01 -8.706715748450000181e-02
1.403638611877829313e+09 -2.987079228000000253e-01 7.405546300000000137e+00 1.299681313900000079e+00 5.777277785000000110e-01 8.000479719999999961e-01 1.340123763000000134e-01 -9.052369544600000206e-02
1.403638611927829504e+09 -2.804656750999999781e-01 7.365138946000000075e+00 1.283389334300000018e+00 5.761189381000000331e-01 8.013244275999999999e-01 1.317755137999999937e-01 -9.274343582850000378e-02
1.403638611977829456e+09 -2.621287076000000105e-01 7.325120053800000086e+00 1.266154380699999971e+00 5.747943560999999590e-01 8.022863698000000099e-01 1.303831461000000136e-01 -9.459526608370000256e-02
1.403638612027829409e+09 -2.434372982000000130e-01 7.285319649699999900e+00 1.249072938599999905e+00 5.735352653999999939e-01 8.032522965999999709e-01 1.292433879000000063e-01 -9.559913174770000299e-02
1.403638612077829361e+09 -2.242928838999999896e-01 7.245707216199999579e+00 1.233339266900000064e+00 5.725481318999999791e-01 8.040079432000000192e-01 1.294668324000000093e-01 -9.485885954019999955e-02
1.403638612127829552e+09 -2.049667276999999899e-01 7.205941100599999594e+00 1.219758404500000060e+00 5.720033958000000363e-01 8.044339633000000545e-01 1.270590961999999990e-01 -9.774507683600000552e-02
1.403638612177829266e+09 -1.846444118999999995e-01 7.166478467300000155e+00 1.207390257599999961e+00 5.718291465000000517e-01 8.046123669000000422e-01 1.275529089000000116e-01 -9.664689144360000261e-02
1.403638612227829456e+09 -1.642968263000000040e-01 7.128543952200000255e+00 1.197535191100000063e+00 5.713423023000000489e-01 8.049915563999999746e-01 1.269988808999999996e-01 -9.709712631559999640e-02
1.403638612277829409e+09 -1.435231627999999926e-01 7.091738908800000019e+00 1.189740590300000012e+00 5.722282470999999759e-01 8.043768159999999945e-01 1.269561422000000106e-01 -9.703045414460000073e-02
1.403638612327829599e+09 -1.218695895000000001e-01 7.054916926299999780e+00 1.183337489399999942e+00 5.716994520999999496e-01 8.047701691999999962e-01 1.273745776000000107e-01 -9.633497911110000533e-02
1.403638612377829313e+09 -9.985183250000000121e-02 7.018574587499999851e+00 1.177504983499999991e+00 5.726939185999999626e-01 8.041692975999999993e-01 1.276575574999999907e-01 -9.506294982479999989e-02
1.403638612427829504e+09 -7.745388579999999690e-02 6.982215188299999653e+00 1.171009115800000000e+00 5.734135393999999497e-01 8.037222725999999540e-01 1.275234016000000026e-01 -9.468475753749999724e-02
1.403638612477829456e+09 -5.451199340000000004e-02 6.946227541499999880e+00 1.162987075199999998e+00 5.749713412000000412e-01 8.027729345999999877e-01 1.274372125999999883e-01 -9.339876376779999989e-02
1.403638612527829409e+09 -3.106000630000000165e-02 6.910202522099999634e+00 1.153119676700000040e+00 5.765439654999999775e-01 8.017832669000000134e-01 1.281543021000000060e-01 -9.119826570689999745e-02
1.403638612577829361e+09 -7.185010300000000023e-03 6.874097463300000044e+00 1.141545856600000075e+00 5.779466282999999871e-01 8.009197069000000280e-01 1.287336605000000134e-01 -8.906718036529999438e-02
1.403638612627829552e+09 1.674226960000000167e-02 6.837980228300000185e+00 1.128212159100000056e+00 5.781995948000000496e-01 8.008601091000000505e-01 1.305004512000000061e-01 -8.531088143869999807e-02
1.403638612677829266e+09 4.026738140000000327e-02 6.802138416000000021e+00 1.113712132999999938e+00 5.796352962999999914e-01 7.999594262000000455e-01 1.317035067000000004e-01 -8.210984178050000082e-02
1.403638612727829456e+09 6.362356839999999680e-02 6.766108609899999848e+00 1.097722439700000052e+00 5.803877215999999617e-01 7.995746397999999866e-01 1.321644958000000036e-01 -7.976862858869999962e-02
1.403638612777829409e+09 8.673746540000000504e-02 6.729586576600000036e+00 1.080655501599999901e+00 5.814324772000000197e-01 7.990111607000000005e-01 1.318903060999999932e-01 -7.824568105420000308e-02
1.403638612827829599e+09 1.095340773000000045e-01 6.692363232199999956e+00 1.063704478800000075e+00 5.830040192000000010e-01 7.980753294000000331e-01 1.309852820999999889e-01 -7.762047410710000428e-02
1.403638612877829313e+09 1.320141871999999938e-01 6.654433738399999854e+00 1.047454976700000095e+00 5.845721210000000001e-01 7.971087829999999874e-01 1.301504943000000025e-01 -7.716133913740000350e-02
1.403638612927829504e+09 1.538413197000000066e-01 6.615947178899999948e+00 1.032293103099999998e+00 5.852373591999999736e-01 7.967757142000000403e-01 1.288647397000000083e-01 -7.771469301229999571e-02
1.403638612977829456e+09 1.753153034999999915e-01 6.576961152199999994e+00 1.017975978900000023e+00 5.851875676000000137e-01 7.969380003999999573e-01 1.279972390000000126e-01 -7.785910988270000610e-02
1.403638613027829409e+09 1.961591183999999988e-01 6.537899223300000173e+00 1.005700537600000111e+00 5.828763553000000375e-01 7.987165702999999839e-01 1.270418245999999918e-01 -7.853260201749999447e-02
1.403638613077829361e+09 2.168101743999999997e-01 6.498057079599999675e+00 9.959675113999999496e-01 5.823840874000000278e-01 7.991453925000000513e-01 1.259233285999999952e-01 -7.961615170810000530e-02
1.403638613127829552e+09 2.374233484999999921e-01 6.458049512299999684e+00 9.878613481000000363e-01 5.815658369999999744e-01 7.998109053999999940e-01 1.256763492000000093e-01 -7.930414988599999992e-02
1.403638613177829266e+09 2.577434735999999948e-01 6.417593923000000089e+00 9.810763812999999667e-01 5.795254721000000497e-01 8.013300609000000296e-01 1.248210631999999987e-01 -8.025000247560000466e-02
1.403638613227829456e+09 2.777431053000000150e-01 6.377835023100000278e+00 9.764150817000000204e-01 5.795647980999999449e-01 8.013301524999999481e-01 1.247494276999999985e-01 -8.007628790460000201e-02
1.403638613277829409e+09 2.978376860999999987e-01 6.338009747200000099e+00 9.736107840000000069e-01 5.788855161999999499e-01 8.018543135000000266e-01 1.248543488999999951e-01 -7.957770150930000563e-02
1.403638613327829599e+09 3.175647831000000254e-01 6.297874750000000077e+00 9.726255081000000358e-01 5.785803317000000057e-01 8.020688565000000381e-01 1.250201005999999893e-01 -7.937457810520000268e-02
1.403638613377829313e+09 3.371477206999999865e-01 6.257606979000000180e+00 9.729302153000000120e-01 5.791875489000000155e-01 8.016299521999999955e-01 1.254821514999999998e-01 -7.864752103329999966e-02
1.403638613427829504e+09 3.565705772000000162e-01 6.216857275399999772e+00 9.725436737999999526e-01 5.791984260000000440e-01 8.016189501999999578e-01 1.257038859999999869e-01 -7.832480518730000618e-02
1.403638613477829456e+09 3.757580931999999763e-01 6.176049195200000064e+00 9.713958133000000217e-01 5.805582393999999535e-01 8.007640420999999620e-01 1.246318326000000060e-01 -7.871458500240000045e-02
1.403638613527829409e+09 3.947865421999999791e-01 6.135439027600000372e+00 9.686411454000000143e-01 5.817712975000000064e-01 8.002433625000000550e-01 1.224885210000000030e-01 -7.841734757309999637e-02
1.403638613577829361e+09 4.139435154000000172e-01 6.094602897499999727e+00 9.644725738999999631e-01 5.822639153999999984e-01 8.003719384999999908e-01 1.201003893999999933e-01 -7.713228491659999964e-02
1.403638613627829552e+09 4.324365350000000108e-01 6.053523645500000328e+00 9.594338243000000155e-01 5.840520879999999693e-01 7.994351299999999938e-01 1.161091494000000002e-01 -7.940589889299999593e-02
1.403638613677829266e+09 4.511231953000000017e-01 6.011861985500000394e+00 9.523129469000000125e-01 5.856575605999999601e-01 7.985804893000000293e-01 1.135494811000000021e-01 -7.988078107859999943e-02
1.403638613727829456e+09 4.697057800000000172e-01 5.969516811400000122e+00 9.438115904999999639e-01 5.894657741000000062e-01 7.960954189000000181e-01 1.101832548999999994e-01 -8.137466135830000169e-02
1.403638613777829409e+09 4.889706064000000074e-01 5.926294491500000206e+00 9.332849251999999485e-01 5.921058865999999643e-01 7.946074133999999622e-01 1.067758302999999992e-01 -8.129329436319999991e-02
1.403638613827829599e+09 5.090342355000000429e-01 5.882514187700000008e+00 9.206779961000000068e-01 5.941474984000000292e-01 7.937850255999999716e-01 1.031076211000000048e-01 -7.913849703879999309e-02
1.403638613877829313e+09 5.298388056999999707e-01 5.837196774599999749e+00 9.063389705000000074e-01 5.955029526999999767e-01 7.936272396000000340e-01 9.839440409999999915e-02 -7.648907877570000624e-02
1.403638613927829504e+09 5.513339669000000276e-01 5.791507707800000126e+00 8.906775778000000088e-01 5.959040639999999556e-01 7.943152869999999810e-01 9.328831360000000572e-02 -7.251801049290000634e-02
1.403638613977829456e+09 5.736466159999999981e-01 5.744733487999999610e+00 8.741074720999999492e-01 5.958453401000000094e-01 7.954942459999999604e-01 8.690361929999999846e-02 -6.786012238609999414e-02
1.403638614027829409e+09 5.967789263999999649e-01 5.697245907600000159e+00 8.559323024999999641e-01 5.957744899000000371e-01 7.967581433999999518e-01 8.071204939999999939e-02 -6.094902132039999726e-02
1.403638614077829361e+09 6.201444331000000032e-01 5.649289453999999822e+00 8.370650627000000288e-01 5.950641206000000238e-01 7.984714443999999522e-01 7.287607020000000380e-02 -5.505563733979999819e-02
1.403638614127829552e+09 6.442596447999999754e-01 5.600817259000000270e+00 8.177661895000000181e-01 5.938462315000000435e-01 8.005351030999999784e-01 6.506802899999999945e-02 -4.750109182790000079e-02
1.403638614177829266e+09 6.686420184000000377e-01 5.551865784300000328e+00 7.992642406000000088e-01 5.917721465999999930e-01 8.030716113000000433e-01 5.706454429999999883e-02 -4.031564779150000055e-02
1.403638614227829456e+09 6.932332664999999450e-01 5.502529332699999998e+00 7.827150572000000084e-01 5.907562510999999628e-01 8.046502031000000166e-01 4.895107070000000171e-02 -3.389535444649999923e-02
1.403638614277829409e+09 7.176981215000000081e-01 5.452331336500000347e+00 7.671734286000000402e-01 5.894185359000000402e-01 8.062494810000000456e-01 4.118272910000000259e-02 -2.918127488569999956e-02
1.403638614327829599e+09 7.419995632000000452e-01 5.401994296699999865e+00 7.528719605999999454e-01 5.880589117000000199e-01 8.076779638000000094e-01 3.549927070000000184e-02 -2.414176547259999986e-02
1.403638614377829313e+09 7.661465618999999672e-01 5.350854487300000351e+00 7.408469342000000291e-01 5.868078718000000471e-01 8.089069195000000434e-01 2.989566499999999835e-02 -2.079342139609999945e-02
1.403638614427829504e+09 7.899560907999999548e-01 5.299534574599999992e+00 7.313920639000000001e-01 5.863968909000000229e-01 8.094365194999999513e-01 2.429691640000000014e-02 -1.899650205130000089e-02
1.403638614477829456e+09 8.138688899999999560e-01 5.247433604000000251e+00 7.242219762999999588e-01 5.858585105000000404e-01 8.099859216999999445e-01 1.981498190000000048e-02 -1.731989694990000023e-02
1.403638614527829409e+09 8.379868350000000410e-01 5.194898009100000102e+00 7.193848686999999575e-01 5.852733699000000067e-01 8.105358088999999877e-01 1.504411590000000014e-02 -1.613875907370000001e-02
1.403638614577829361e+09 8.625986058000000289e-01 5.142086121700000234e+00 7.158150597000000337e-01 5.847361982000000014e-01 8.110460699000000551e-01 1.037156160000000070e-02 -1.342690265560000061e-02
1.403638614627829552e+09 8.873763627999999848e-01 5.089530794499999899e+00 7.140581271000000507e-01 5.849719076999999601e-01 8.109506370000000297e-01 4.026621499999999930e-03 -1.227671928680000059e-02
1.403638614677829266e+09 9.128093364999999570e-01 5.037550518399999788e+00 7.148880529000000150e-01 5.843217734000000219e-01 8.114541095999999731e-01 -2.730416099999999867e-03 -1.014090504540000014e-02
1.403638614727829456e+09 9.388810418999999907e-01 4.985521168700000061e+00 7.187195646999999799e-01 5.825643029999999500e-01 8.126287193000000242e-01 -1.196599540000000024e-02 -1.049821382860000041e-02
1.403638614777829409e+09 9.659918173999999524e-01 4.932601761099999926e+00 7.245583911999999849e-01 5.795712087000000068e-01 8.145706678999999895e-01 -2.176289639999999873e-02 -9.910469219809999938e-03
1.403638614827829599e+09 9.943824771000000506e-01 4.879326302099999957e+00 7.321304226000000526e-01 5.769376134000000489e-01 8.161428241000000527e-01 -3.168573639999999747e-02 -7.063644369789999836e-03
1.403638614877829313e+09 1.023988237299999993e+00 4.826080203900000143e+00 7.415496206999999673e-01 5.730862152000000265e-01 8.184013184999999746e-01 -4.212056379999999656e-02 -4.162925034010000157e-03
1.403638614927829504e+09 1.055515395300000048e+00 4.774493641800000354e+00 7.523722451000000033e-01 5.713958788999999872e-01 8.190340177999999582e-01 -5.180947250000000198e-02 2.409512518429999823e-03
1.403638614977829456e+09 1.089617397700000101e+00 4.726930628099999865e+00 7.648138295999999947e-01 5.691158585000000159e-01 8.197788357999999942e-01 -6.321722550000000163e-02 8.566349011699999488e-03
1.403638615027829409e+09 1.125121825399999942e+00 4.678122177499999701e+00 7.776736480999999479e-01 5.680050883999999689e-01 8.194953704999999866e-01 -7.423111720000000191e-02 1.694988430680000047e-02
1.403638615077829361e+09 1.162403962700000015e+00 4.629884772899999668e+00 7.911388027000000323e-01 5.671721363999999710e-01 8.187211385999999536e-01 -8.519106410000000518e-02 2.745810380219999847e-02
1.403638615127829552e+09 1.202288986999999976e+00 4.585278759000000370e+00 8.065091814999999498e-01 5.669523637000000171e-01 8.171738937000000425e-01 -9.631898789999999988e-02 3.891654242700000321e-02
1.403638615177829266e+09 1.243198938199999937e+00 4.538873549299999866e+00 8.232476964999999591e-01 5.693993717999999982e-01 8.134282771999999939e-01 -1.069918257000000011e-01 5.168696637069999933e-02
1.403638615227829456e+09 1.285278139199999892e+00 4.492221426499999559e+00 8.411817915999999506e-01 5.697640137999999688e-01 8.107900352000000366e-01 -1.164892552000000026e-01 6.647360924829999462e-02
1.403638615277829409e+09 1.327726844400000106e+00 4.445799125199999757e+00 8.596837348000000434e-01 5.706273280000000447e-01 8.073271345000000432e-01 -1.277075094000000022e-01 7.936083730569999661e-02
1.403638615327829599e+09 1.370235985899999953e+00 4.398842998700000173e+00 8.772414237000000226e-01 5.704716327000000087e-01 8.041990910999999853e-01 -1.398951971000000072e-01 9.085852716270000073e-02
1.403638615377829313e+09 1.412822721700000006e+00 4.351431201599999632e+00 8.934915855999999712e-01 5.697651256000000330e-01 8.010251602000000304e-01 -1.525798441000000005e-01 1.022046263270000033e-01
1.403638615427829504e+09 1.455412830300000016e+00 4.304184206699999571e+00 9.085882785000000128e-01 5.693721259999999784e-01 7.973552632000000528e-01 -1.651248284999999871e-01 1.130210482659999988e-01
1.403638615477829456e+09 1.497978977100000053e+00 4.257104533399999724e+00 9.221267253999999580e-01 5.680571168000000393e-01 7.940278733000000200e-01 -1.776743393000000115e-01 1.235422101340000051e-01
1.403638615527829409e+09 1.540136985600000008e+00 4.209820022299999742e+00 9.340839508999999596e-01 5.659289017999999949e-01 7.911686954000000105e-01 -1.900720851000000100e-01 1.328502010419999879e-01
1.403638615577829361e+09 1.581875183099999971e+00 4.162526588200000432e+00 9.447291458000000031e-01 5.646449016000000265e-01 7.879043398999999726e-01 -2.014108075999999914e-01 1.407713492479999995e-01
1.403638615627829552e+09 1.623045957800000050e+00 4.115102152200000418e+00 9.541519220999999940e-01 5.630304198000000149e-01 7.853476719999999967e-01 -2.103889287000000052e-01 1.481967583590000082e-01
1.403638615677829266e+09 1.663497683699999952e+00 4.067835539299999859e+00 9.634683415999999445e-01 5.613994862000000197e-01 7.832905528000000395e-01 -2.181914795000000074e-01 1.538798399440000075e-01
1.403638615727829456e+09 1.703357734999999984e+00 4.020798767599999657e+00 9.741361471999999688e-01 5.603311333999999588e-01 7.813793797000000430e-01 -2.247072055000000068e-01 1.580568178049999994e-01
1.403638615777829409e+09 1.742700300799999935e+00 3.973876144800000176e+00 9.867814115999999913e-01 5.593382701000000345e-01 7.797967638999999673e-01 -2.301951151999999945e-01 1.614556149259999962e-01
1.403638615827829599e+09 1.781659776299999942e+00 3.926586297200000075e+00 1.001519046000000079e+00 5.583398511999999592e-01 7.783517747999999514e-01 -2.351952918999999920e-01 1.646459835280000006e-01
1.403638615877829313e+09 1.820184643800000002e+00 3.879007642499999964e+00 1.017433041200000110e+00 5.576322538000000328e-01 7.765280594000000258e-01 -2.415507299000000108e-01 1.664442472659999894e-01
1.403638615927829504e+09 1.858724148499999895e+00 3.831402312999999893e+00 1.032813562300000099e+00 5.570038491000000036e-01 7.744767581999999484e-01 -2.472310440000000109e-01 1.697329486580000102e-01
1.403638615977829456e+09 1.897056739900000011e+00 3.783605074300000037e+00 1.046813846100000056e+00 5.546922077000000506e-01 7.734946200000000216e-01 -2.531073882000000053e-01 1.730874854889999925e-01
1.403638616027829409e+09 1.935379511000000052e+00 3.735587947299999989e+00 1.059760056100000014e+00 5.536874647999999732e-01 7.714138405999999559e-01 -2.587494798000000151e-01 1.771992792740000044e-01
1.403638616077829361e+09 1.973554587700000029e+00 3.687218168199999813e+00 1.070701998699999935e+00 5.522011397999999627e-01 7.694143722999999824e-01 -2.646480955000000135e-01 1.817603105779999895e-01
1.403638616127829552e+09 2.011626208100000035e+00 3.638712050200000103e+00 1.079426148200000046e+00 5.504650370000000459e-01 7.674178339999999654e-01 -2.707112528999999768e-01 1.864766169979999999e-01
1.403638616177829266e+09 2.049478441499999803e+00 3.589976986499999967e+00 1.084142212299999963e+00 5.483741101000000340e-01 7.651969980999999699e-01 -2.780897319000000256e-01 1.908546318849999868e-01
1.403638616227829456e+09 2.087345822100000081e+00 3.540901800399999910e+00 1.084561157800000064e+00 5.463134615000000416e-01 7.624790810999999557e-01 -2.863599178999999828e-01 1.953592846539999872e-01
1.403638616277829409e+09 2.125547811600000170e+00 3.491717422899999868e+00 1.080755790700000052e+00 5.441239567000000221e-01 7.592598730999999823e-01 -2.952610746000000064e-01 2.006849835650000025e-01
1.403638616327829599e+09 2.163475094499999862e+00 3.441874300999999914e+00 1.072637860499999984e+00 5.413160126999999600e-01 7.560957999999999846e-01 -3.042065377000000015e-01 2.067716084590000003e-01
1.403638616377829313e+09 2.201590549600000113e+00 3.391925235600000033e+00 1.061830279300000068e+00 5.386296429000000385e-01 7.525975635999999636e-01 -3.133317747000000097e-01 2.128337709089999918e-01
1.403638616427829504e+09 2.239444604600000055e+00 3.341759845599999945e+00 1.048903963999999966e+00 5.357356421000000202e-01 7.494458671000000516e-01 -3.218717074999999928e-01 2.184417954310000076e-01
1.403638616477829456e+09 2.276912261400000137e+00 3.292273169600000049e+00 1.034420550099999891e+00 5.335668873000000145e-01 7.463002906000000269e-01 -3.300657558000000269e-01 2.222585201629999896e-01
1.403638616527829409e+09 2.314069681299999903e+00 3.242495184400000063e+00 1.019249937999999966e+00 5.305935117000000201e-01 7.442338685999999592e-01 -3.365194787999999937e-01 2.265857776290000070e-01
1.403638616577829361e+09 2.350985717799999986e+00 3.192678289299999861e+00 1.003273440300000097e+00 5.271430119000000136e-01 7.430956802999999500e-01 -3.422120475000000051e-01 2.298259546230000117e-01
1.403638616627829552e+09 2.388483368700000220e+00 3.144254925599999861e+00 9.850436924000000039e-01 5.230759928999999531e-01 7.427717457000000412e-01 -3.476390013999999806e-01 2.320102672500000129e-01
1.403638616677829266e+09 2.425272014099999929e+00 3.094862749799999868e+00 9.667722997000000040e-01 5.179999986000000112e-01 7.437623223999999533e-01 -3.527719831000000195e-01 2.324769606360000129e-01
1.403638616727829456e+09 2.461892867099999993e+00 3.046036342699999899e+00 9.464702940000000453e-01 5.120141831000000199e-01 7.458462139000000546e-01 -3.591173235999999824e-01 2.293243322709999921e-01
1.403638616777829409e+09 2.498889726499999853e+00 2.997606865099999851e+00 9.254146924999999690e-01 5.066860022000000408e-01 7.478808622000000517e-01 -3.653061670000000150e-01 2.247107374010000047e-01
1.403638616827829599e+09 2.536981678300000098e+00 2.949765010900000206e+00 9.038822961000000378e-01 5.024707472999999647e-01 7.495335994999999807e-01 -3.703707652000000072e-01 2.203361695040000068e-01
1.403638616877829313e+09 2.576738002699999974e+00 2.902439928500000210e+00 8.827474486999999925e-01 4.993812115999999857e-01 7.507804179000000522e-01 -3.736167630000000184e-01 2.176182069819999898e-01
1.403638616927829504e+09 2.618543102199999861e+00 2.855340599099999821e+00 8.632542318999999464e-01 4.993578823000000000e-01 7.504320142000000526e-01 -3.736827018000000167e-01 2.187572531760000050e-01
1.403638616977829456e+09 2.662693033500000084e+00 2.808547872900000186e+00 8.459637697999999872e-01 5.001729568999999653e-01 7.499369976999999965e-01 -3.706967158000000206e-01 2.236190010219999968e-01
1.403638617027829409e+09 2.708811967099999940e+00 2.762780853100000211e+00 8.310547647999999565e-01 5.017179099999999892e-01 7.491482611999999985e-01 -3.679022330000000229e-01 2.273850664640000019e-01
1.403638617077829361e+09 2.756180660900000134e+00 2.717558402599999923e+00 8.187008261999999537e-01 5.035952293000000024e-01 7.483453766000000007e-01 -3.646374137000000237e-01 2.311073318769999996e-01
1.403638617127829552e+09 2.804596987200000058e+00 2.672500752899999998e+00 8.081297108999999645e-01 5.049284053999999466e-01 7.480174461999999913e-01 -3.601025716999999848e-01 2.363119621230000134e-01
1.403638617177829266e+09 2.853521885999999785e+00 2.628465578300000161e+00 7.998945315000000056e-01 5.057706830000000542e-01 7.481850906000000467e-01 -3.571135583999999752e-01 2.385057500059999946e-01
1.403638617227829456e+09 2.903192250300000055e+00 2.585310294000000120e+00 7.930761499999999797e-01 5.042038008000000460e-01 7.499566673999999988e-01 -3.547296032000000210e-01 2.398133292129999983e-01
1.403638617277829409e+09 2.953108147700000075e+00 2.543126169099999778e+00 7.879963840999999469e-01 5.021613674999999555e-01 7.521605072999999475e-01 -3.535770198000000031e-01 2.388970977559999875e-01
1.403638617327829599e+09 3.003854035599999861e+00 2.502034922900000069e+00 7.845690467000000501e-01 5.002918492000000272e-01 7.540592192999999721e-01 -3.531442443999999736e-01 2.374697917689999882e-01
1.403638617377829313e+09 3.055184696900000052e+00 2.461964590200000025e+00 7.825396714000000253e-01 4.968219327999999768e-01 7.570390390000000247e-01 -3.523522748999999843e-01 2.364481651320000100e-01
1.403638617427829504e+09 3.106962900000000083e+00 2.423419194900000129e+00 7.827493699999999999e-01 4.944022456000000121e-01 7.593254702999999717e-01 -3.512385326999999946e-01 2.358447431709999875e-01
1.403638617477829456e+09 3.159064810099999843e+00 2.386286927800000068e+00 7.850472258999999786e-01 4.931964909000000064e-01 7.608406319999999612e-01 -3.503785037000000102e-01 2.347629829900000076e-01
1.403638617527829409e+09 3.212080060899999978e+00 2.350772246100000018e+00 7.889931511000000119e-01 4.921459002999999943e-01 7.622224796000000024e-01 -3.488411102999999791e-01 2.347747518759999985e-01
1.403638617577829361e+09 3.264882205200000165e+00 2.315033530600000056e+00 7.972971737999999808e-01 4.923316201999999864e-01 7.626486986999999607e-01 -3.479302874999999906e-01 2.343524123350000099e-01
1.403638617627829552e+09 3.318813466599999984e+00 2.282107194099999958e+00 8.059640265999999942e-01 4.928963418000000263e-01 7.628717534000000189e-01 -3.460949029000000010e-01 2.351556979099999889e-01
1.403638617677829266e+09 3.373396770799999889e+00 2.250894466900000168e+00 8.168435251000000230e-01 4.940208099000000241e-01 7.628232031999999663e-01 -3.438324226000000206e-01 2.362698991480000066e-01
1.403638617727829456e+09 3.427313956099999892e+00 2.220007328699999949e+00 8.312090283999999940e-01 4.948229446999999892e-01 7.628245227000000073e-01 -3.415744197000000204e-01 2.378569251700000109e-01
1.403638617777829409e+09 3.482242437400000057e+00 2.191655067200000140e+00 8.469541045999999795e-01 4.962995994000000133e-01 7.623570701999999866e-01 -3.407576895000000161e-01 2.374502098479999990e-01
1.403638617827829599e+09 3.537827528599999827e+00 2.164539133199999910e+00 8.637956384999999626e-01 4.949677755999999929e-01 7.637419121999999838e-01 -3.390433950999999779e-01 2.382325941329999919e-01
1.403638617877829313e+09 3.594024989399999814e+00 2.139260489999999848e+00 8.832571435999999609e-01 4.959590602000000237e-01 7.636435394999999682e-01 -3.376853996999999996e-01 2.384150287869999940e-01
1.403638617927829504e+09 3.650579105099999833e+00 2.115959430399999786e+00 9.043070292999999538e-01 4.972504147999999846e-01 7.630836911999999694e-01 -3.376463397000000199e-01 2.375715775059999979e-01
1.403638617977829456e+09 3.707587301999999863e+00 2.094288092799999834e+00 9.249261445999999998e-01 4.982007399999999753e-01 7.629033825000000046e-01 -3.369515357000000266e-01 2.371457656510000123e-01
1.403638618027829409e+09 3.765044602400000162e+00 2.074103063299999938e+00 9.441659395000000510e-01 4.983711020000000103e-01 7.631090896000000123e-01 -3.364045113999999947e-01 2.369024416290000101e-01
1.403638618077829361e+09 3.823082490300000025e+00 2.055493197000000105e+00 9.620683110000000093e-01 4.990319081999999851e-01 7.630690333999999853e-01 -3.356746844999999868e-01 2.366755398400000043e-01
1.403638618127829552e+09 3.881604359599999832e+00 2.038398145399999972e+00 9.781624372999999650e-01 4.990339059000000188e-01 7.634187534999999913e-01 -3.360516583000000002e-01 2.350026605130000057e-01
1.403638618177829266e+09 3.940954654900000076e+00 2.022606784100000166e+00 9.929471262000000298e-01 4.997672508000000069e-01 7.632964746999999495e-01 -3.356728287999999893e-01 2.343820355950000101e-01
1.403638618227829456e+09 4.000684133400000064e+00 2.007910279699999911e+00 1.005827266300000078e+00 4.996571996999999987e-01 7.636405541999999880e-01 -3.348850868000000092e-01 2.346226018479999897e-01
1.403638618277829409e+09 4.060433995100000359e+00 1.994539247300000095e+00 1.017374042799999989e+00 4.996400579999999980e-01 7.638924951000000130e-01 -3.342127771999999775e-01 2.347975465240000059e-01
1.403638618327829599e+09 4.120067107399999706e+00 1.982188492099999921e+00 1.027847144599999929e+00 5.005303963999999661e-01 7.635708874000000090e-01 -3.332396699999999878e-01 2.353298630929999968e-01
1.403638618377829313e+09 4.179810937700000117e+00 1.971261747200000025e+00 1.037493508100000073e+00 5.008067988000000081e-01 7.636097870000000398e-01 -3.329721931999999884e-01 2.349939616939999976e-01
1.403638618427829504e+09 4.239786240099999937e+00 1.961419115500000032e+00 1.046396608300000031e+00 5.008122924000000253e-01 7.638755346000000168e-01 -3.321877731999999805e-01 2.352286096410000082e-01
1.403638618477829456e+09 4.299700814800000437e+00 1.952823495200000092e+00 1.054576317300000010e+00 5.008012284999999730e-01 7.642164541000000533e-01 -3.317963226999999793e-01 2.346967000519999957e-01
1.403638618527829409e+09 4.359659637700000090e+00 1.945615097399999938e+00 1.062445599499999949e+00 5.018797117000000085e-01 7.638074004999999556e-01 -3.309110429000000075e-01 2.349742361240000077e-01
1.403638618577829361e+09 4.419742541299999772e+00 1.939253926299999931e+00 1.069727246000000020e+00 5.017933816999999852e-01 7.635604593999999468e-01 -3.306680783000000012e-01 2.362994899660000037e-01
1.403638618627829552e+09 4.479777120599999662e+00 1.933920955600000102e+00 1.076664692600000084e+00 5.012541243000000479e-01 7.627380540999999514e-01 -3.324638024000000081e-01 2.375769008580000119e-01
1.403638618677829266e+09 4.539914037199999974e+00 1.929578219099999936e+00 1.083362935500000068e+00 5.002790108000000346e-01 7.622489062999999732e-01 -3.334213281999999778e-01 2.398493989080000000e-01
1.403638618727829456e+09 4.599752904099999817e+00 1.926467489199999994e+00 1.091413101799999952e+00 4.998209909999999923e-01 7.616135644000000537e-01 -3.344105842000000273e-01 2.414400892140000088e-01
1.403638618777829409e+09 4.659933864000000092e+00 1.925011801799999978e+00 1.101147577599999927e+00 5.000725966000000300e-01 7.603707830000000500e-01 -3.360878411000000066e-01 2.425049145060000078e-01
1.403638618827829599e+09 4.720081992299999918e+00 1.924892927599999970e+00 1.112498052100000079e+00 5.007654607999999508e-01 7.590064588999999584e-01 -3.376338157000000062e-01 2.432006480639999912e-01
1.403638618877829313e+09 4.780617107600000359e+00 1.925723343300000057e+00 1.125610435000000020e+00 5.010866497999999503e-01 7.574471327999999781e-01 -3.385099098000000084e-01 2.461646834629999947e-01
1.403638618927829504e+09 4.841431399700000249e+00 1.927876204099999935e+00 1.139854456699999963e+00 5.021520026000000358e-01 7.544569658999999984e-01 -3.415763252999999833e-01 2.489250226939999922e-01
1.403638618977829456e+09 4.902435010199999610e+00 1.930834734899999905e+00 1.153195699799999918e+00 5.036437513000000532e-01 7.501988172000000343e-01 -3.452660010999999973e-01 2.536456091720000194e-01
1.403638619027829409e+09 4.963430892299999897e+00 1.934456509699999938e+00 1.164646545999999949e+00 5.037238089000000141e-01 7.459453368999999778e-01 -3.503917214000000224e-01 2.589469449979999727e-01
1.403638619077829361e+09 5.024272501899999632e+00 1.938461841899999927e+00 1.173792671800000020e+00 5.021670647999999515e-01 7.416169575000000069e-01 -3.565798723999999975e-01 2.658633522459999954e-01
1.403638619127829552e+09 5.085019144100000332e+00 1.943054511900000003e+00 1.182100192100000058e+00 5.009113881000000212e-01 7.364334301999999610e-01 -3.636928034999999948e-01 2.729123097360000028e-01
1.403638619177829266e+09 5.145631345400000001e+00 1.948422187800000094e+00 1.188244686600000044e+00 4.986672251000000000e-01 7.311199890999999784e-01 -3.727048593999999770e-01 2.790800027840000253e-01
1.403638619227829456e+09 5.206111791999999738e+00 1.954723358599999905e+00 1.192841386900000078e+00 4.967226101000000171e-01 7.247205423999999452e-01 -3.824067183000000036e-01 2.860277709710000171e-01
1.403638619277829409e+09 5.266046184200000368e+00 1.961409253400000052e+00 1.195270424400000087e+00 4.937114162999999833e-01 7.183615503000000402e-01 -3.935270885000000107e-01 2.921337897799999861e-01
1.403638619327829599e+09 5.325439390799999728e+00 1.968031785099999986e+00 1.194733177400000068e+00 4.900353592000000202e-01 7.118089909000000493e-01 -4.040113376999999728e-01 2.999469057090000113e-01
1.403638619377829313e+09 5.383055020499999621e+00 1.974528988100000104e+00 1.191880211700000025e+00 4.869978939999999867e-01 7.049143713000000089e-01 -4.144788791999999833e-01 3.068159693879999872e-01
1.403638619427829504e+09 5.439387865799999666e+00 1.981541089100000042e+00 1.187972126000000017e+00 4.846780394999999908e-01 6.986002881999999747e-01 -4.238774081000000193e-01 3.120461156870000252e-01
1.403638619477829456e+09 5.494329011699999654e+00 1.989016056299999891e+00 1.183370115800000066e+00 4.824046028000000264e-01 6.929574862999999807e-01 -4.324915102999999927e-01 3.163017782190000182e-01
1.403638619527829409e+09 5.548024150299999846e+00 1.997259471800000075e+00 1.178379698000000086e+00 4.812798910000000152e-01 6.879072083999999698e-01 -4.393537573999999890e-01 3.195647275169999912e-01
1.403638619577829361e+09 5.600974713300000296e+00 2.005793165800000111e+00 1.172382346400000053e+00 4.797340460999999778e-01 6.836535279000000020e-01 -4.456907655999999829e-01 3.222310356659999764e-01
1.403638619627829552e+09 5.651544274899999998e+00 2.014147013600000147e+00 1.165266200300000055e+00 4.797126646000000050e-01 6.792983205999999496e-01 -4.525701812999999851e-01 3.218847340759999898e-01
1.403638619677829266e+09 5.701983221299999904e+00 2.022875706399999807e+00 1.157862106200000074e+00 4.818153295000000003e-01 6.743515469999999956e-01 -4.596724523999999867e-01 3.190692961980000075e-01
1.403638619727829456e+09 5.751652175300000280e+00 2.030789698199999993e+00 1.149204432799999953e+00 4.819980045000000213e-01 6.713098138999999964e-01 -4.653954066000000056e-01 3.169040438480000277e-01
1.403638619777829409e+09 5.800918121499999636e+00 2.037991239200000138e+00 1.140297936000000067e+00 4.834939239000000111e-01 6.678441900999999570e-01 -4.695195623999999790e-01 3.158625393710000062e-01
1.403638619827829599e+09 5.849894804199999854e+00 2.044270830999999955e+00 1.130519682899999934e+00 4.841984294000000189e-01 6.653389779999999698e-01 -4.726885397000000211e-01 3.153434157459999998e-01
1.403638619877829313e+09 5.898431692299999973e+00 2.049323956899999910e+00 1.119905944799999942e+00 4.843859484999999965e-01 6.634869727000000106e-01 -4.747235570000000182e-01 3.159000386160000229e-01
1.403638619927829504e+09 5.946874138300000112e+00 2.053174994899999994e+00 1.108585198599999933e+00 4.843337345000000016e-01 6.619985487999999751e-01 -4.767689386999999779e-01 3.160223632399999927e-01
1.403638619977829456e+09 5.995474278599999707e+00 2.055709613399999913e+00 1.096413380400000026e+00 4.835825719999999883e-01 6.613104445999999914e-01 -4.778064707999999938e-01 3.170447419929999788e-01
1.403638620027829409e+09 6.043970405299999626e+00 2.056790729699999876e+00 1.084412938899999901e+00 4.838639614999999949e-01 6.600759679000000046e-01 -4.781368995999999982e-01 3.186855638300000182e-01
1.403638620077829361e+09 6.092634491700000154e+00 2.056697021999999819e+00 1.073409139800000078e+00 4.851498273000000028e-01 6.583710176999999497e-01 -4.783263381000000258e-01 3.199705648569999838e-01
1.403638620127829552e+09 6.140556360599999763e+00 2.054823922899999822e+00 1.063960183899999912e+00 4.855193742999999729e-01 6.574115758999999892e-01 -4.771759414999999782e-01 3.230852486299999882e-01
1.403638620177829266e+09 6.188163686700000277e+00 2.051718025600000050e+00 1.056632676300000018e+00 4.868499411000000165e-01 6.558726508000000122e-01 -4.761860318999999730e-01 3.256609644080000199e-01
1.403638620227829456e+09 6.235068595999999630e+00 2.047173202000000192e+00 1.050866983199999938e+00 4.869936619999999938e-01 6.554985930000000183e-01 -4.758434986000000255e-01 3.266982287119999939e-01
1.403638620277829409e+09 6.281053383599999762e+00 2.040971542499999902e+00 1.046642748700000070e+00 4.849434216999999880e-01 6.568577557000000455e-01 -4.752833982999999929e-01 3.278314473630000170e-01
1.403638620327829599e+09 6.326415624300000040e+00 2.033504884000000068e+00 1.044699961699999902e+00 4.834008255999999726e-01 6.579530954000000209e-01 -4.741168567999999861e-01 3.295975912810000241e-01
1.403638620377829313e+09 6.370901647300000192e+00 2.024946246099999847e+00 1.045054079600000074e+00 4.822906008999999772e-01 6.589426054000000477e-01 -4.737877348000000266e-01 3.297204897650000133e-01
1.403638620427829504e+09 6.414704776199999792e+00 2.015312124599999866e+00 1.047293742499999958e+00 4.817534401999999938e-01 6.596359228999999491e-01 -4.729311149000000047e-01 3.303486530179999825e-01
1.403638620477829456e+09 6.457764275099999729e+00 2.004724515399999962e+00 1.050376737599999943e+00 4.808733541999999916e-01 6.608118080999999533e-01 -4.722257033000000215e-01 3.302899584180000181e-01
1.403638620527829409e+09 6.500481687999999814e+00 1.993401869099999946e+00 1.053161754500000047e+00 4.804213479000000175e-01 6.616415957000000292e-01 -4.713889473999999802e-01 3.304817507860000059e-01
1.403638620577829361e+09 6.542495281699999943e+00 1.981271295800000054e+00 1.055246536500000110e+00 4.798146381999999766e-01 6.626933474999999740e-01 -4.712649060999999917e-01 3.294310677639999962e-01
1.403638620627829552e+09 6.584206825399999907e+00 1.968594019299999998e+00 1.055918220399999941e+00 4.789007500999999944e-01 6.640027663999999996e-01 -4.714905299000000105e-01 3.277973124079999745e-01
1.403638620677829266e+09 6.625539350999999577e+00 1.955165926799999898e+00 1.055345909299999940e+00 4.781823530000000044e-01 6.651551786999999605e-01 -4.720865718000000211e-01 3.256447361600000034e-01
1.403638620727829456e+09 6.666159559399999601e+00 1.940925443000000028e+00 1.053112641800000082e+00 4.766857472000000095e-01 6.668097644999999574e-01 -4.732713297999999735e-01 3.227223028869999899e-01
1.403638620777829409e+09 6.706495534900000166e+00 1.926056811600000085e+00 1.049693022300000056e+00 4.756343523000000073e-01 6.682423902999999887e-01 -4.736614639000000238e-01 3.207318011399999946e-01
1.403638620827829599e+09 6.746907679499999588e+00 1.910454441099999956e+00 1.045097246999999951e+00 4.738528184999999948e-01 6.702294712999999904e-01 -4.730412418000000119e-01 3.201373856740000190e-01
1.403638620877829313e+09 6.787035148700000242e+00 1.893662146400000079e+00 1.039345976999999976e+00 4.710257471000000029e-01 6.728721707999999468e-01 -4.706067230000000046e-01 3.223462418570000043e-01
1.403638620927829504e+09 6.827340242400000037e+00 1.876951883100000051e+00 1.033142913600000101e+00 4.703853373999999921e-01 6.742115268999999689e-01 -4.681296474000000152e-01 3.240849958059999758e-01
1.403638620977829456e+09 6.867677454899999923e+00 1.859977306200000013e+00 1.025707785100000047e+00 4.694528380999999917e-01 6.756091789999999486e-01 -4.652914456000000198e-01 3.266039509179999856e-01
1.403638621027829409e+09 6.907984523999999737e+00 1.842785109999999893e+00 1.017940485500000047e+00 4.704713569999999789e-01 6.756500020000000273e-01 -4.623843846999999840e-01 3.291723830250000149e-01
1.403638621077829361e+09 6.947754604900000075e+00 1.825414845500000105e+00 1.010424470800000085e+00 4.709363247000000197e-01 6.759777626999999844e-01 -4.600229841999999847e-01 3.311372772310000046e-01
1.403638621127829552e+09 6.986478627000000330e+00 1.808325757600000028e+00 1.004376178200000025e+00 4.724522722999999758e-01 6.757090535999999981e-01 -4.592191172000000265e-01 3.306416908259999787e-01
1.403638621177829266e+09 7.024849456700000161e+00 1.791407002899999990e+00 1.000068642000000008e+00 4.737903768000000237e-01 6.755243811000000154e-01 -4.579295360999999787e-01 3.308927762489999869e-01
1.403638621227829456e+09 7.062988739799999749e+00 1.774837703600000038e+00 9.974910728000000448e-01 4.752989005000000100e-01 6.751588852000000029e-01 -4.564901940000000158e-01 3.314636294469999744e-01
1.403638621277829409e+09 7.101122993899999791e+00 1.758579717799999997e+00 9.968571148999999521e-01 4.758792501999999924e-01 6.753744770999999814e-01 -4.551617215000000050e-01 3.320181654969999729e-01
1.403638621327829599e+09 7.138303288200000374e+00 1.742113602399999905e+00 9.975823523000000304e-01 4.745979845000000141e-01 6.766790605000000403e-01 -4.539672961999999812e-01 3.328301311160000164e-01
1.403638621377829313e+09 7.175094148200000355e+00 1.726151615200000045e+00 9.980991490999999716e-01 4.745824732000000212e-01 6.773150817999999962e-01 -4.526742583999999736e-01 3.333193242320000027e-01
1.403638621427829504e+09 7.210986773800000194e+00 1.710279639599999957e+00 9.975445981999999656e-01 4.767247110999999760e-01 6.763616765000000086e-01 -4.516348786000000115e-01 3.336081067419999768e-01
1.403638621477829456e+09 7.246005544399999998e+00 1.694288780499999980e+00 9.952821590999999524e-01 4.771811778999999754e-01 6.763598654000000376e-01 -4.501357802000000019e-01 3.349824402589999806e-01
1.403638621527829409e+09 7.280266336500000435e+00 1.678769891700000016e+00 9.919191404999999628e-01 4.794455463999999778e-01 6.753954321999999788e-01 -4.486510141000000229e-01 3.356862309990000237e-01
1.403638621577829361e+09 7.313260678899999867e+00 1.663398120399999902e+00 9.872528637999999912e-01 4.805378261000000095e-01 6.751072663999999612e-01 -4.474617537999999728e-01 3.362908792190000273e-01
1.403638621627829552e+09 7.345610770200000417e+00 1.648467672300000020e+00 9.817268058000000464e-01 4.819930834000000219e-01 6.743854791000000182e-01 -4.467598315999999903e-01 3.365895810319999848e-01
1.403638621677829266e+09 7.376761587899999917e+00 1.633422951800000078e+00 9.746882678999999605e-01 4.822491948000000028e-01 6.745989024999999861e-01 -4.461929121000000054e-01 3.365470548410000040e-01
1.403638621727829456e+09 7.406916986699999761e+00 1.618516403899999956e+00 9.668646798000000153e-01 4.832092479000000274e-01 6.739960325999999613e-01 -4.454850951000000059e-01 3.373146909959999773e-01
1.403638621777829409e+09 7.436082838699999975e+00 1.603536411699999942e+00 9.580291912999999715e-01 4.841569555999999941e-01 6.735178406999999812e-01 -4.444557257999999789e-01 3.382674509220000014e-01
1.403638621827829599e+09 7.464233918799999756e+00 1.588345643600000079e+00 9.484785288000000536e-01 4.857078783000000066e-01 6.724384663000000373e-01 -4.431784646999999966e-01 3.398635232569999776e-01
1.403638621877829313e+09 7.490845147599999976e+00 1.573107919599999960e+00 9.381644419000000346e-01 4.879108957000000135e-01 6.709803645999999899e-01 -4.415237893000000247e-01 3.417382796080000174e-01
1.403638621927829504e+09 7.515783638900000341e+00 1.557837747600000045e+00 9.269410188000000161e-01 4.895846420000000143e-01 6.698350247000000035e-01 -4.404584516999999755e-01 3.429639490240000144e-01
1.403638621977829456e+09 7.539211673699999672e+00 1.542702053299999987e+00 9.150618726000000480e-01 4.910178727999999770e-01 6.688567606999999970e-01 -4.400243497999999920e-01 3.433812078319999905e-01
1.403638622027829409e+09 7.561114960700000331e+00 1.527524824899999967e+00 9.022227095000000530e-01 4.919245467000000205e-01 6.683946254999999503e-01 -4.399885480999999876e-01 3.430290694350000003e-01
1.403638622077829361e+09 7.581524637500000274e+00 1.512352383599999905e+00 8.883376196000000169e-01 4.921156729000000229e-01 6.680788539999999998e-01 -4.409328872000000121e-01 3.421563946250000265e-01
1.403638622127829552e+09 7.600376878399999647e+00 1.497154719200000095e+00 8.735908585999999643e-01 4.920689086000000212e-01 6.682049066999999898e-01 -4.422601657999999936e-01 3.402592212330000088e-01
1.403638622177829266e+09 7.617210481099999875e+00 1.481702000799999919e+00 8.586438156000000266e-01 4.922035892000000135e-01 6.683264926999999966e-01 -4.430815791000000115e-01 3.387536570240000100e-01
1.403638622227829456e+09 7.632866378500000160e+00 1.465866301499999969e+00 8.449435287000000017e-01 4.925603740000000230e-01 6.678969031000000500e-01 -4.440156152999999994e-01 3.378581628380000201e-01
1.403638622277829409e+09 7.647051990399999610e+00 1.449941073800000035e+00 8.328459818000000237e-01 4.939794084999999946e-01 6.668733850000000407e-01 -4.450957437999999988e-01 3.363837261390000277e-01
1.403638622327829599e+09 7.659528788400000288e+00 1.433114578100000092e+00 8.217505863999999827e-01 4.933401749999999919e-01 6.671528328000000396e-01 -4.458949103000000025e-01 3.357086510389999945e-01
1.403638622377829313e+09 7.670431248399999902e+00 1.415753244000000022e+00 8.128419899000000060e-01 4.922770674999999985e-01 6.676074573000000401e-01 -4.459292691999999780e-01 3.363192809100000180e-01
1.403638622427829504e+09 7.679294329100000205e+00 1.397501581800000059e+00 8.063782256000000537e-01 4.910422702000000195e-01 6.681784160999999500e-01 -4.456369888000000223e-01 3.373762992659999904e-01
1.403638622477829456e+09 7.686879140300000302e+00 1.378671670299999930e+00 8.018286906999999575e-01 4.897183609999999909e-01 6.689110590000000300e-01 -4.447122144999999804e-01 3.390648436870000171e-01
1.403638622527829409e+09 7.693066961799999603e+00 1.359504404700000002e+00 7.985582037999999772e-01 4.896535838000000140e-01 6.686400046999999569e-01 -4.445363292000000244e-01 3.399225853439999945e-01
1.403638622577829361e+09 7.697993714499999918e+00 1.340094049600000004e+00 7.962899612999999599e-01 4.883871088999999777e-01 6.691749195999999733e-01 -4.433804940000000139e-01 3.421939456809999780e-01
1.403638622627829552e+09 7.701481707600000171e+00 1.320750440100000089e+00 7.962803738999999492e-01 4.894016756999999829e-01 6.681050009000000234e-01 -4.415967239999999960e-01 3.451290207400000143e-01
1.403638622677829266e+09 7.703151766899999586e+00 1.301231984900000027e+00 7.989060769000000395e-01 4.917204908999999735e-01 6.659694196000000010e-01 -4.403035660999999878e-01 3.476038848260000202e-01
1.403638622727829456e+09 7.702951802400000325e+00 1.281466024500000023e+00 8.052531885000000500e-01 4.977498479999999947e-01 6.612161626000000458e-01 -4.371895094000000093e-01 3.519994431680000258e-01
1.403638622777829409e+09 7.701203911800000412e+00 1.261909246199999890e+00 8.143333762000000142e-01 5.040611029999999548e-01 6.559948165000000220e-01 -4.349980842999999764e-01 3.554854031410000226e-01
1.403638622827829599e+09 7.697664323399999731e+00 1.242318212000000033e+00 8.245476395999999930e-01 5.082505881000000114e-01 6.523661131000000335e-01 -4.332448103000000050e-01 3.583276831639999882e-01
1.403638622877829313e+09 7.691340912400000285e+00 1.222273650400000022e+00 8.345133511000000226e-01 5.089212427000000538e-01 6.516335514000000106e-01 -4.328869999000000135e-01 3.591402633410000211e-01
1.403638622927829504e+09 7.681699824499999885e+00 1.201580123999999916e+00 8.445579454999999625e-01 5.081899755000000019e-01 6.519495120999999616e-01 -4.344162645999999905e-01 3.577531153169999922e-01
1.403638622977829456e+09 7.669130697900000015e+00 1.180060090300000031e+00 8.531991845999999935e-01 5.047452868999999787e-01 6.543134378999999612e-01 -4.364935335999999833e-01 3.557801504840000240e-01
1.403638623027829409e+09 7.653840788900000192e+00 1.158164743299999966e+00 8.604858133999999659e-01 5.017255172000000263e-01 6.565730844999999594e-01 -4.394773437000000227e-01 3.521973232300000256e-01
1.403638623077829361e+09 7.636347026400000182e+00 1.135558496300000053e+00 8.662845489999999593e-01 4.981297500999999905e-01 6.591672470999999645e-01 -4.421127336999999824e-01 3.491441294429999953e-01
1.403638623127829552e+09 7.616880445399999644e+00 1.112464054299999949e+00 8.709222605999999978e-01 4.961648294000000070e-01 6.606391541999999673e-01 -4.449064435000000262e-01 3.455931518370000122e-01
1.403638623177829266e+09 7.595411172200000394e+00 1.088787344700000048e+00 8.746542131000000220e-01 4.952189404999999822e-01 6.615121741999999694e-01 -4.470595598000000059e-01 3.424873636860000237e-01
1.403638623227829456e+09 7.572434310000000224e+00 1.064478772399999995e+00 8.769735855000000413e-01 4.939356688000000051e-01 6.624356326000000461e-01 -4.487595725999999896e-01 3.403254821650000261e-01
1.403638623277829409e+09 7.548218692499999882e+00 1.039498007599999996e+00 8.778626824999999911e-01 4.921889717999999858e-01 6.638007816000000005e-01 -4.505198039000000154e-01 3.378615762539999845e-01
1.403638623327829599e+09 7.523057437300000316e+00 1.014156949500000016e+00 8.777993453000000335e-01 4.905602176000000147e-01 6.649711862999999612e-01 -4.517493179000000025e-01 3.362834341009999783e-01
1.403638623377829313e+09 7.497093037600000009e+00 9.883341689000000319e-01 8.764818024999999624e-01 4.897384181000000170e-01 6.656299807000000124e-01 -4.530956808000000113e-01 3.343610543020000270e-01
1.403638623427829504e+09 7.470471472499999877e+00 9.618323476000000261e-01 8.737544871000000324e-01 4.869923288999999933e-01 6.675165651000000144e-01 -4.528465527000000157e-01 3.349479162549999778e-01
1.403638623477829456e+09 7.443046728599999717e+00 9.354306277999999697e-01 8.709876997000000065e-01 4.872933904999999788e-01 6.672459664000000013e-01 -4.535715204999999917e-01 3.340671305019999870e-01
1.403638623527829409e+09 7.414940745800000066e+00 9.087206306999999761e-01 8.684607191000000004e-01 4.868311250999999840e-01 6.676893101999999969e-01 -4.538505053999999928e-01 3.334758752420000083e-01
1.403638623577829361e+09 7.386287716700000061e+00 8.814705988000000048e-01 8.675683989000000373e-01 4.865497487000000065e-01 6.676196636000000240e-01 -4.529753440000000020e-01 3.352113729549999754e-01
1.403638623627829552e+09 7.357401510599999916e+00 8.539288181999999949e-01 8.685698794999999750e-01 4.863096232999999935e-01 6.675749805999999786e-01 -4.524598477999999813e-01 3.363431011179999763e-01
1.403638623677829266e+09 7.327914354499999838e+00 8.259959218000000325e-01 8.717093267000000090e-01 4.852487003000000021e-01 6.682214948000000376e-01 -4.526986418999999762e-01 3.362702373190000205e-01
1.403638623727829456e+09 7.298177102500000402e+00 7.977722493000000137e-01 8.770352357999999793e-01 4.845077042000000000e-01 6.683275479000000407e-01 -4.523984668000000098e-01 3.375295550619999974e-01
1.403638623777829409e+09 7.267500866399999815e+00 7.692053219000000164e-01 8.833606773000000079e-01 4.827481838000000081e-01 6.692431648000000122e-01 -4.528338140000000012e-01 3.376526534340000274e-01
1.403638623827829599e+09 7.236105347599999682e+00 7.403920348000000429e-01 8.917342360000000134e-01 4.825286418999999993e-01 6.692101336000000344e-01 -4.524469166999999792e-01 3.385493971719999995e-01
1.403638623877829313e+09 7.203257563800000263e+00 7.110716648999999556e-01 9.005379543999999514e-01 4.804681706000000219e-01 6.702585436000000341e-01 -4.533155504999999974e-01 3.382437485870000149e-01
1.403638623927829504e+09 7.170044821000000290e+00 6.819020604000000096e-01 9.092654691999999539e-01 4.792291663000000090e-01 6.705524961000000062e-01 -4.536744031000000121e-01 3.389370030239999831e-01
1.403638623977829456e+09 7.136516454899999751e+00 6.528881117000000511e-01 9.168652921000000067e-01 4.779463668000000220e-01 6.710738193999999934e-01 -4.542118572000000132e-01 3.389967376199999882e-01
1.403638624027829409e+09 7.102738549399999712e+00 6.241378720000000380e-01 9.234157578999999672e-01 4.778959480000000148e-01 6.706654759000000299e-01 -4.550943967000000145e-01 3.386921499750000231e-01
1.403638624077829361e+09 7.068296938499999627e+00 5.955860667000000275e-01 9.283453119000000253e-01 4.777105577999999908e-01 6.703356349000000325e-01 -4.569218577999999975e-01 3.371426632869999884e-01
1.403638624127829552e+09 7.033968102700000280e+00 5.671365232999999728e-01 9.325981026999999868e-01 4.777541162000000230e-01 6.700169277999999951e-01 -4.579721091000000244e-01 3.362883707070000172e-01
1.403638624177829266e+09 6.999105469599999907e+00 5.386055938999999571e-01 9.355113680000000098e-01 4.784806764000000268e-01 6.692541825000000166e-01 -4.593170410999999898e-01 3.349372140369999973e-01
1.403638624227829456e+09 6.964023479399999772e+00 5.098489655000000287e-01 9.370242634000000015e-01 4.784190747000000021e-01 6.688525176999999822e-01 -4.607034644999999928e-01 3.339218717279999749e-01
1.403638624277829409e+09 6.928583703400000182e+00 4.810335044999999865e-01 9.377260920000000111e-01 4.792770469000000033e-01 6.679662574000000408e-01 -4.616859128999999951e-01 3.331076539839999962e-01
1.403638624327829599e+09 6.893368105999999607e+00 4.521162355000000188e-01 9.373313049999999480e-01 4.793750370000000038e-01 6.674040560999999760e-01 -4.623154465000000046e-01 3.332203890159999848e-01
1.403638624377829313e+09 6.858169646300000366e+00 4.231041338000000041e-01 9.354861411999999543e-01 4.795913701999999779e-01 6.668411667000000431e-01 -4.631626439000000039e-01 3.328593415950000245e-01
1.403638624427829504e+09 6.822756887399999748e+00 3.936565620999999959e-01 9.323166384000000084e-01 4.793439998999999840e-01 6.666462620999999977e-01 -4.634620083000000057e-01 3.331892221910000007e-01
1.403638624477829456e+09 6.787841128400000201e+00 3.636595096999999943e-01 9.275239843000000484e-01 4.789351941000000168e-01 6.664565169999999705e-01 -4.634189858000000162e-01 3.342149522810000106e-01
1.403638624527829409e+09 6.752620949699999819e+00 3.339442067000000236e-01 9.233094331000000210e-01 4.832838839999999969e-01 6.627960456000000500e-01 -4.645353448999999801e-01 3.336839863039999798e-01
1.403638624577829361e+09 6.718396903000000364e+00 3.039849027000000037e-01 9.184265949000000040e-01 4.906238991999999910e-01 6.568991074000000152e-01 -4.649576067999999784e-01 3.340451707650000102e-01
1.403638624627829552e+09 6.683012525499999690e+00 2.732018413000000256e-01 9.124408626000000133e-01 4.960342012000000245e-01 6.527869445999999742e-01 -4.633462803999999768e-01 3.363472917340000201e-01
1.403638624677829266e+09 6.647750761800000241e+00 2.411460918999999981e-01 9.048226244000000529e-01 4.956265537999999804e-01 6.537003827999999794e-01 -4.613416785000000186e-01 3.379260041909999956e-01
1.403638624727829456e+09 6.610850755000000412e+00 2.079771525000000121e-01 8.977671635999999733e-01 4.924646081999999869e-01 6.575517445999999877e-01 -4.579861716999999999e-01 3.396365400290000114e-01
1.403638624777829409e+09 6.572681028699999928e+00 1.742079994000000076e-01 8.918394900999999653e-01 4.883360070000000164e-01 6.628057711999999491e-01 -4.543550751000000054e-01 3.402615459650000229e-01
1.403638624827829599e+09 6.534090018399999700e+00 1.405767735000000018e-01 8.882718247999999983e-01 4.845497814999999986e-01 6.676505002999999494e-01 -4.516434491999999912e-01 3.398124681340000119e-01
1.403638624877829313e+09 6.493919625100000204e+00 1.066035845999999954e-01 8.873808265000000528e-01 4.820996449000000128e-01 6.715266288000000250e-01 -4.489145521999999833e-01 3.392751745659999818e-01
1.403638624927829504e+09 6.453001724299999964e+00 7.303041620000000345e-02 8.881840388999999725e-01 4.817745461999999868e-01 6.738763261000000337e-01 -4.483166999000000041e-01 3.358513367300000052e-01
1.403638624977829456e+09 6.411197131499999813e+00 3.977996990000000344e-02 8.908259056999999759e-01 4.826441255000000208e-01 6.753181406999999581e-01 -4.482540201999999918e-01 3.317655652279999923e-01
1.403638625027829409e+09 6.369464248099999892e+00 6.629066500000000035e-03 8.938505812000000494e-01 4.842834361999999726e-01 6.760056965999999834e-01 -4.473923519999999932e-01 3.291290551969999756e-01
1.403638625077829361e+09 6.327606081699999940e+00 -2.643060820000000047e-02 8.958871679000000032e-01 4.858203833999999999e-01 6.766295898999999947e-01 -4.478526824999999878e-01 3.249291121360000090e-01
1.403638625127829552e+09 6.285573337099999769e+00 -5.970182479999999736e-02 8.972061190000000241e-01 4.873068300000000241e-01 6.768072105000000338e-01 -4.484017174000000105e-01 3.215586309640000029e-01
1.403638625177829266e+09 6.243469617099999702e+00 -9.322671420000000486e-02 8.970908479000000435e-01 4.880401411999999994e-01 6.774365326000000298e-01 -4.484478356000000110e-01 3.190471809189999730e-01
1.403638625227829456e+09 6.201305597700000227e+00 -1.270300134000000025e-01 8.956914871000000167e-01 4.882454895000000183e-01 6.782253434999999664e-01 -4.480832556000000078e-01 3.175659325199999827e-01
1.403638625277829409e+09 6.159181223800000105e+00 -1.612035216000000104e-01 8.936194894000000222e-01 4.884372130999999895e-01 6.788093221000000010e-01 -4.473282500999999911e-01 3.170874166059999832e-01
1.403638625327829599e+09 6.117372200400000182e+00 -1.955953524000000054e-01 8.913547577000000555e-01 4.888752295000000081e-01 6.790677223000000096e-01 -4.468849368999999738e-01 3.164836356369999937e-01
1.403638625377829313e+09 6.075838661299999721e+00 -2.303020860999999975e-01 8.896667207999999771e-01 4.891013472999999889e-01 6.793221420999999705e-01 -4.464659094999999800e-01 3.161795233310000230e-01
1.403638625427829504e+09 6.034770993000000416e+00 -2.653664702999999903e-01 8.895590724999999921e-01 4.896164916999999894e-01 6.793720655999999636e-01 -4.457252834000000052e-01 3.163198686590000253e-01
1.403638625477829456e+09 5.993637218399999966e+00 -3.007281969000000221e-01 8.913583363999999509e-01 4.904226617999999926e-01 6.789387279999999913e-01 -4.459534611000000037e-01 3.156791519600000151e-01
1.403638625527829409e+09 5.952849209800000096e+00 -3.364431622999999871e-01 8.941452939999999794e-01 4.899865691999999995e-01 6.793709486000000242e-01 -4.452175094999999971e-01 3.164642876529999982e-01
1.403638625577829361e+09 5.911925190599999880e+00 -3.726114314000000260e-01 8.983637815999999665e-01 4.895119750999999964e-01 6.797102214000000364e-01 -4.455095001000000110e-01 3.160590554080000003e-01
1.403638625627829552e+09 5.871640550100000411e+00 -4.089232579000000034e-01 9.044520681000000062e-01 4.878301811999999904e-01 6.808241062000000010e-01 -4.455642014000000262e-01 3.161847453319999723e-01
1.403638625677829266e+09 5.831912338200000434e+00 -4.450910074000000161e-01 9.127552223999999548e-01 4.873313354000000097e-01 6.812563970999999663e-01 -4.460478950999999803e-01 3.153397630099999960e-01
1.403638625727829456e+09 5.792168418300000177e+00 -4.817668505000000101e-01 9.210455906000000192e-01 4.844098772000000053e-01 6.832911542999999810e-01 -4.473560454000000131e-01 3.135806721609999959e-01
1.403638625777829409e+09 5.752736447700000255e+00 -5.186472651000000322e-01 9.286939874999999844e-01 4.817412182999999959e-01 6.850979332000000088e-01 -4.487220840999999738e-01 3.117927384549999958e-01
1.403638625827829599e+09 5.714002595500000226e+00 -5.555010223999999885e-01 9.351261968999999841e-01 4.788051770000000262e-01 6.869897311999999534e-01 -4.498772965000000235e-01 3.104853134760000022e-01
1.403638625877829313e+09 5.676317106700000004e+00 -5.921313458000000418e-01 9.407951280999999888e-01 4.780112087999999759e-01 6.874104130999999507e-01 -4.500403511000000134e-01 3.105412865480000062e-01
1.403638625927829504e+09 5.639388724999999880e+00 -6.287462633000000523e-01 9.453224179000000449e-01 4.768354596000000112e-01 6.880322294999999810e-01 -4.500283056000000115e-01 3.109889384360000064e-01
1.403638625977829456e+09 5.603193242799999751e+00 -6.651193888999999970e-01 9.488987865000000355e-01 4.768150453000000177e-01 6.877401113000000121e-01 -4.503324209999999828e-01 3.112260632409999950e-01
1.403638626027829409e+09 5.567438870400000184e+00 -7.014665541000000282e-01 9.508292230999999539e-01 4.755888927999999960e-01 6.883468887999999453e-01 -4.512683184999999875e-01 3.104040439440000076e-01
1.403638626077829361e+09 5.532399252100000275e+00 -7.376703476000000537e-01 9.518001534000000152e-01 4.754370638000000038e-01 6.882785217000000344e-01 -4.524795732999999931e-01 3.090218612319999836e-01
1.403638626127829552e+09 5.498678795500000049e+00 -7.734507393999999758e-01 9.515844703000000404e-01 4.754304688000000056e-01 6.880360747000000554e-01 -4.532037346000000189e-01 3.085102981939999989e-01
1.403638626177829266e+09 5.465769399200000045e+00 -8.091368959000000416e-01 9.499479057999999920e-01 4.746583659999999982e-01 6.884908566999999868e-01 -4.530093237999999745e-01 3.089697855710000218e-01
1.403638626227829456e+09 5.433619561399999576e+00 -8.447432233999999651e-01 9.471513767000000472e-01 4.749140741000000276e-01 6.881345921000000532e-01 -4.525737901999999924e-01 3.100070480170000198e-01
1.403638626277829409e+09 5.402146291400000244e+00 -8.803363108999999742e-01 9.431701091999999953e-01 4.753862323999999973e-01 6.876033474999999617e-01 -4.511814773999999750e-01 3.124817451079999753e-01
1.403638626327829599e+09 5.371401934399999689e+00 -9.159167075999999907e-01 9.380193167000000498e-01 4.750251825999999844e-01 6.877395597000000027e-01 -4.482502923000000195e-01 3.169180482449999725e-01
1.403638626377829313e+09 5.340949446899999842e+00 -9.508349778000000363e-01 9.321839492000000282e-01 4.749311963999999775e-01 6.877232460000000103e-01 -4.455894848999999991e-01 3.208225467290000132e-01
1.403638626427829504e+09 5.310650688900000027e+00 -9.849658963999999850e-01 9.257766371000000216e-01 4.757974852999999893e-01 6.872298635000000377e-01 -4.436140993000000088e-01 3.233239840550000133e-01
1.403638626477829456e+09 5.280266055200000253e+00 -1.018640960499999970e+00 9.181543246000000158e-01 4.757623606999999977e-01 6.873534070000000273e-01 -4.431060359999999809e-01 3.238093742900000072e-01
1.403638626527829409e+09 5.250060730599999559e+00 -1.051931765500000004e+00 9.099786869999999528e-01 4.736375680000000088e-01 6.889568979000000315e-01 -4.427861589000000042e-01 3.239541087480000137e-01
1.403638626577829361e+09 5.219895235700000136e+00 -1.084496390300000002e+00 9.015622609000000232e-01 4.725073249999999780e-01 6.898642208999999914e-01 -4.431230784999999894e-01 3.232121932659999808e-01
1.403638626627829552e+09 5.189876872500000182e+00 -1.116447523299999967e+00 8.932737840000000151e-01 4.713437144000000023e-01 6.906439062000000462e-01 -4.442466170000000103e-01 3.217002346699999737e-01
1.403638626677829266e+09 5.160270741999999800e+00 -1.147741713600000102e+00 8.853058149000000432e-01 4.705219134999999997e-01 6.915069791000000299e-01 -4.442063526999999734e-01 3.211042555990000213e-01
1.403638626727829456e+09 5.131147035099999698e+00 -1.178254261299999994e+00 8.780800112000000102e-01 4.682975449999999817e-01 6.930361060999999934e-01 -4.459761213999999807e-01 3.185963968469999741e-01
1.403638626777829409e+09 5.103119429800000439e+00 -1.207860589300000065e+00 8.723098642000000069e-01 4.662528000000000228e-01 6.945243096000000005e-01 -4.472482987999999993e-01 3.165647943739999803e-01
1.403638626827829599e+09 5.076707356900000079e+00 -1.236341414299999997e+00 8.690658652999999623e-01 4.646468970000000032e-01 6.956726282999999844e-01 -4.480844721000000197e-01 3.152192271740000273e-01
1.403638626877829313e+09 5.051400527000000196e+00 -1.264218810400000059e+00 8.675025382000000063e-01 4.628745347000000065e-01 6.971230453000000216e-01 -4.480727469999999935e-01 3.146385835569999734e-01
1.403638626927829504e+09 5.027364723299999838e+00 -1.290891381800000071e+00 8.681856426999999821e-01 4.616532717999999869e-01 6.979816839000000384e-01 -4.484598003999999971e-01 3.139771216850000268e-01
1.403638626977829456e+09 5.004213696599999928e+00 -1.316529573399999986e+00 8.696622928999999669e-01 4.619755179000000211e-01 6.979027531000000506e-01 -4.485381815000000216e-01 3.135663690959999972e-01
1.403638627027829409e+09 4.981931077699999655e+00 -1.341435110699999989e+00 8.705478922999999591e-01 4.619515243999999798e-01 6.981114813000000030e-01 -4.483402382000000186e-01 3.134201327700000261e-01
1.403638627077829361e+09 4.960443879899999686e+00 -1.365462926800000032e+00 8.703275289999999886e-01 4.622798311999999910e-01 6.981506576999999547e-01 -4.482373691000000049e-01 3.129956513330000023e-01
1.403638627127829552e+09 4.939964271600000068e+00 -1.388653058899999904e+00 8.693449335999999805e-01 4.626854288999999731e-01 6.979874235999999899e-01 -4.481224203999999989e-01 3.129249857070000029e-01
1.403638627177829266e+09 4.920222072099999622e+00 -1.411203515199999980e+00 8.673111627999999795e-01 4.628299141000000172e-01 6.980960421999999888e-01 -4.481323291000000042e-01 3.124544801249999892e-01
1.403638627227829456e+09 4.901573800699999595e+00 -1.433102099999999934e+00 8.646154972999999799e-01 4.632055177000000135e-01 6.979706109000000103e-01 -4.479095083999999893e-01 3.124975951580000189e-01
1.403638627277829409e+09 4.883773260999999977e+00 -1.454321490999999966e+00 8.609132269000000504e-01 4.624070158999999958e-01 6.986019471000000092e-01 -4.468989187999999890e-01 3.137139262249999949e-01
1.403638627327829599e+09 4.866950001000000192e+00 -1.474635497700000020e+00 8.568238240000000117e-01 4.622702417999999813e-01 6.988334529999999933e-01 -4.458032744000000047e-01 3.149562970940000262e-01
1.403638627377829313e+09 4.850829791199999796e+00 -1.494209986600000040e+00 8.520735646999999524e-01 4.625467065000000155e-01 6.987336942999999856e-01 -4.449409272000000026e-01 3.159894619460000276e-01
1.403638627427829504e+09 4.835628263400000293e+00 -1.512851020700000104e+00 8.462946516999999558e-01 4.620239845999999928e-01 6.991138348000000002e-01 -4.447885851000000224e-01 3.161278193490000277e-01
1.403638627477829456e+09 4.821302148700000068e+00 -1.530459475900000088e+00 8.402370944000000508e-01 4.619572574999999959e-01 6.992157742000000287e-01 -4.448035653999999894e-01 3.159787676190000116e-01
1.403638627527829409e+09 4.807849604800000343e+00 -1.547234647200000035e+00 8.339208031999999493e-01 4.625800248999999975e-01 6.987034117000000544e-01 -4.449290545999999846e-01 3.160243652820000082e-01
1.403638627577829361e+09 4.795078905999999641e+00 -1.563071292000000057e+00 8.271356505000000414e-01 4.629369483999999924e-01 6.982779214000000012e-01 -4.440057204999999785e-01 3.177361271060000214e-01
1.403638627627829552e+09 4.782921735500000437e+00 -1.578171608899999967e+00 8.203993440000000303e-01 4.639259074000000038e-01 6.973320930999999945e-01 -4.427601487000000224e-01 3.201002264869999836e-01
1.403638627677829266e+09 4.771430663700000352e+00 -1.592330488800000055e+00 8.136063435999999482e-01 4.661032769999999825e-01 6.957215134999999995e-01 -4.421712824999999847e-01 3.212535878059999961e-01
1.403638627727829456e+09 4.760388264400000402e+00 -1.605709931500000076e+00 8.064807325999999721e-01 4.676127816999999798e-01 6.945592294000000333e-01 -4.414140400000000075e-01 3.226134042459999907e-01
1.403638627777829409e+09 4.749428624000000099e+00 -1.618411870399999897e+00 7.987281008000000071e-01 4.678546995999999791e-01 6.942875485999999707e-01 -4.406667329999999771e-01 3.238666552089999873e-01
1.403638627827829599e+09 4.738701994100000370e+00 -1.630297158200000096e+00 7.911118280000000169e-01 4.688242751999999736e-01 6.934196274999999687e-01 -4.406260617000000157e-01 3.243789342710000079e-01
1.403638627877829313e+09 4.728245384000000051e+00 -1.641348409699999955e+00 7.829304674000000519e-01 4.682144752999999882e-01 6.936552271000000491e-01 -4.404265081000000026e-01 3.250263404240000265e-01
1.403638627927829504e+09 4.717803105699999833e+00 -1.651690714199999910e+00 7.746544112000000037e-01 4.668269923000000210e-01 6.945106513000000037e-01 -4.410022444000000208e-01 3.244141410940000192e-01
1.403638627977829456e+09 4.707611710500000157e+00 -1.661333087000000042e+00 7.662675423000000485e-01 4.653407225000000258e-01 6.954303414000000405e-01 -4.412235626000000077e-01 3.242783065550000066e-01
1.403638628027829409e+09 4.697765675000000307e+00 -1.670098695499999897e+00 7.583402412999999953e-01 4.640509131000000176e-01 6.959803317999999628e-01 -4.414983916999999924e-01 3.245724848320000189e-01
1.403638628077829361e+09 4.687970411900000300e+00 -1.677906734500000052e+00 7.508854015000000492e-01 4.632577608999999819e-01 6.963445762000000094e-01 -4.418288952000000158e-01 3.244745068839999802e-01
1.403638628127829552e+09 4.678484829800000355e+00 -1.684762355900000008e+00 7.438271727999999916e-01 4.623024907000000128e-01 6.966595000999999954e-01 -4.423344208000000166e-01 3.244721995709999862e-01
1.403638628177829266e+09 4.669562140100000036e+00 -1.690572076300000059e+00 7.371984834999999459e-01 4.617243233000000169e-01 6.966777906000000131e-01 -4.425055848000000180e-01 3.250223266019999779e-01
1.403638628227829456e+09 4.660881160899999820e+00 -1.695229881699999996e+00 7.311067121000000002e-01 4.617705449000000240e-01 6.964768466999999852e-01 -4.430400798999999945e-01 3.246589802550000070e-01
1.403638628277829409e+09 4.652798530600000149e+00 -1.699103284600000041e+00 7.255802339000000378e-01 4.611650172000000270e-01 6.966169329000000410e-01 -4.432272212999999739e-01 3.249635455920000249e-01
1.403638628327829599e+09 4.645389548199999830e+00 -1.701508534000000017e+00 7.207714403999999631e-01 4.608119627999999746e-01 6.966602913999999647e-01 -4.443420185999999994e-01 3.238470994650000101e-01
1.403638628377829313e+09 4.638359825700000272e+00 -1.703018600700000107e+00 7.168032546999999477e-01 4.607987912000000019e-01 6.965590412000000065e-01 -4.448491761000000211e-01 3.233870540920000258e-01
1.403638628427829504e+09 4.631824220000000381e+00 -1.703151649799999889e+00 7.134928592000000513e-01 4.623034856000000081e-01 6.955035580999999745e-01 -4.461247568000000219e-01 3.217498861540000199e-01
1.403638628477829456e+09 4.625858701100000303e+00 -1.702185191999999958e+00 7.115053625999999687e-01 4.667422717999999970e-01 6.922621257000000083e-01 -4.482029466999999934e-01 3.194353135219999973e-01
1.403638628527829409e+09 4.620400886299999677e+00 -1.700550483000000002e+00 7.109936517999999595e-01 4.731971929000000077e-01 6.877495235999999679e-01 -4.499177186000000161e-01 3.172681134859999807e-01
1.403638628577829361e+09 4.615124429499999792e+00 -1.698939008299999998e+00 7.109245298999999907e-01 4.792466664999999737e-01 6.834973575999999662e-01 -4.509669989999999795e-01 3.158840936230000174e-01
1.403638628627829552e+09 4.610022657200000040e+00 -1.697471038700000046e+00 7.115373742999999696e-01 4.843438098999999775e-01 6.796908720000000015e-01 -4.518322325999999944e-01 3.150857436860000083e-01
1.403638628677829266e+09 4.604647054700000020e+00 -1.696673832000000104e+00 7.115044177999999553e-01 4.864479212999999747e-01 6.782550765999999509e-01 -4.532662015999999738e-01 3.128709341790000265e-01
1.403638628727829456e+09 4.599364622200000419e+00 -1.696935308300000056e+00 7.105950562999999720e-01 4.858685187999999822e-01 6.785946657000000437e-01 -4.532888330000000021e-01 3.130020703420000050e-01
1.403638628777829409e+09 4.594200141199999976e+00 -1.698097594500000085e+00 7.081360592000000009e-01 4.842025663999999785e-01 6.795685845000000169e-01 -4.530298414000000218e-01 3.138445099480000056e-01
1.403638628827829599e+09 4.589413855200000114e+00 -1.700005321599999952e+00 7.042317415000000080e-01 4.825893179999999894e-01 6.806528779999999612e-01 -4.519502369999999769e-01 3.155316040580000148e-01
1.403638628877829313e+09 4.585104715199999958e+00 -1.702474408000000050e+00 6.989439343000000138e-01 4.817624260999999741e-01 6.811110379999999465e-01 -4.506670421000000260e-01 3.176349096519999748e-01
1.403638628927829504e+09 4.581067530400000365e+00 -1.705339944799999952e+00 6.929306149999999720e-01 4.807068218000000170e-01 6.815918680000000451e-01 -4.497416041000000253e-01 3.195089457270000044e-01
1.403638628977829456e+09 4.576982283799999607e+00 -1.708388073200000079e+00 6.870002526999999803e-01 4.789851145999999837e-01 6.827786691999999658e-01 -4.481710530999999942e-01 3.217596246880000121e-01
1.403638629027829409e+09 4.572966599999999993e+00 -1.711340739599999994e+00 6.817583214000000336e-01 4.775233596999999830e-01 6.837804377999999739e-01 -4.469150923999999914e-01 3.235469888629999846e-01
1.403638629077829361e+09 4.568822725699999587e+00 -1.714286386399999973e+00 6.772334334999999816e-01 4.757156386999999986e-01 6.850896051999999514e-01 -4.453904398999999903e-01 3.255368181369999725e-01
1.403638629127829552e+09 4.564631281699999654e+00 -1.716862912300000099e+00 6.734774895999999789e-01 4.745498295000000200e-01 6.860186041000000401e-01 -4.448421600999999947e-01 3.260312664989999942e-01
1.403638629177829266e+09 4.560342404900000091e+00 -1.719212962200000083e+00 6.703102957000000028e-01 4.733177883999999946e-01 6.869291660999999882e-01 -4.439763283000000005e-01 3.270834936029999862e-01
1.403638629227829456e+09 4.555687499200000268e+00 -1.721209193600000020e+00 6.679307425999999603e-01 4.726172759000000223e-01 6.875363391000000046e-01 -4.438152949999999985e-01 3.270392588320000238e-01
1.403638629277829409e+09 4.550962073700000055e+00 -1.722829279099999944e+00 6.665793437999999460e-01 4.727482811000000007e-01 6.875192825000000507e-01 -4.433756318000000030e-01 3.274818284400000112e-01
1.403638629327829599e+09 4.546005392699999703e+00 -1.724242311300000052e+00 6.654800375999999629e-01 4.709546944999999929e-01 6.885262683999999744e-01 -4.435479547999999772e-01 3.277170505959999813e-01
1.403638629377829313e+09 4.540576276300000380e+00 -1.724979810200000019e+00 6.645785400999999482e-01 4.681153322000000117e-01 6.903606783000000302e-01 -4.446133842000000169e-01 3.264798741500000157e-01
1.403638629427829504e+09 4.535407662499999937e+00 -1.725038110999999930e+00 6.639629075999999852e-01 4.655081326000000130e-01 6.920140723000000049e-01 -4.459078119000000062e-01 3.249383411840000013e-01
1.403638629477829456e+09 4.530292762900000270e+00 -1.724362079600000097e+00 6.633523352000000317e-01 4.624175808000000054e-01 6.938926066999999698e-01 -4.478733429000000266e-01 3.226336932669999769e-01
1.403638629527829409e+09 4.525594181299999796e+00 -1.722857584100000006e+00 6.630796077999999705e-01 4.601182974999999953e-01 6.953820602000000406e-01 -4.500497860000000072e-01 3.196719143869999891e-01
1.403638629577829361e+09 4.521981088200000443e+00 -1.720160918799999994e+00 6.634980955999999486e-01 4.595626328999999899e-01 6.956729898000000301e-01 -4.516033116000000014e-01 3.176408769340000049e-01
1.403638629627829552e+09 4.519085527199999675e+00 -1.716509273700000060e+00 6.648174432000000245e-01 4.622484904999999977e-01 6.936474486000000494e-01 -4.552764082999999906e-01 3.128944585280000190e-01
1.403638629677829266e+09 4.517108397300000355e+00 -1.712447717999999952e+00 6.668648459999999556e-01 4.662399824999999831e-01 6.906787223000000475e-01 -4.586713360999999933e-01 3.085511087089999882e-01
1.403638629727829456e+09 4.516453878300000113e+00 -1.708300193699999969e+00 6.695085340999999968e-01 4.711566360000000175e-01 6.870357303999999887e-01 -4.610519972000000077e-01 3.056540287150000257e-01
1.403638629777829409e+09 4.517075559400000273e+00 -1.704459777100000073e+00 6.720410710999999981e-01 4.759271548999999824e-01 6.834836542000000126e-01 -4.616746764999999919e-01 3.052866368950000187e-01
1.403638629827829599e+09 4.518656144899999560e+00 -1.701006853500000027e+00 6.735766733000000395e-01 4.803764300999999737e-01 6.802108774999999774e-01 -4.619118537999999941e-01 3.052688763759999757e-01
1.403638629877829313e+09 4.521258223500000284e+00 -1.698269062100000060e+00 6.734969345000000329e-01 4.847777541000000134e-01 6.768629129000000022e-01 -4.609607568999999905e-01 3.071844834729999807e-01
1.403638629927829504e+09 4.524707950299999837e+00 -1.696717768699999906e+00 6.705542341000000350e-01 4.864547365999999928e-01 6.754065272999999481e-01 -4.571773993000000091e-01 3.133315141849999930e-01
1.403638629977829456e+09 4.528480751300000051e+00 -1.696177627500000007e+00 6.652038831000000041e-01 4.880110009999999998e-01 6.740791874999999544e-01 -4.526088139000000177e-01 3.203244815499999842e-01
1.403638630027829409e+09 4.531756117899999659e+00 -1.696634058599999939e+00 6.577126853000000439e-01 4.900208802000000086e-01 6.725137399999999710e-01 -4.483223991999999991e-01 3.265146748750000216e-01
1.403638630077829361e+09 4.534537896599999840e+00 -1.697445561999999963e+00 6.471226385999999664e-01 4.892580039000000158e-01 6.728982007999999571e-01 -4.456116635999999853e-01 3.305523593229999779e-01
1.403638630127829552e+09 4.536304511099999992e+00 -1.698437130200000089e+00 6.338697769000000148e-01 4.871095134999999798e-01 6.745466954000000070e-01 -4.441057709999999825e-01 3.323870359730000112e-01
1.403638630177829266e+09 4.537123746599999841e+00 -1.699480305200000041e+00 6.191479730000000181e-01 4.841927383999999890e-01 6.767155670000000178e-01 -4.433934364000000072e-01 3.331901769819999859e-01
1.403638630227829456e+09 4.536714705099999634e+00 -1.700823631100000011e+00 6.027432500999999609e-01 4.809526121000000098e-01 6.791118543999999924e-01 -4.436622141000000075e-01 3.326492354869999835e-01
1.403638630277829409e+09 4.536308229500000344e+00 -1.702026651800000012e+00 5.847651650999999839e-01 4.780085032999999983e-01 6.812212501000000087e-01 -4.443801458000000149e-01 3.316199108319999866e-01
1.403638630327829599e+09 4.535502855799999899e+00 -1.703347646699999940e+00 5.652803057999999936e-01 4.710317062000000110e-01 6.854731338999999757e-01 -4.456598927000000043e-01 3.311238055440000050e-01
1.403638630377829313e+09 4.535749361999999785e+00 -1.700053538799999986e+00 5.588233861000000413e-01 4.538180722999999861e-01 6.991028231999999454e-01 -4.522099169000000085e-01 3.175068359309999866e-01
1.403638630427829504e+09 4.540513893800000034e+00 -1.694383123900000010e+00 5.650889335000000013e-01 4.693237918000000009e-01 6.889837948000000489e-01 -4.539886423000000226e-01 3.145327034479999950e-01
1.403638630477829456e+09 4.546468494299999996e+00 -1.690227140800000027e+00 5.709906549000000053e-01 4.788344185000000253e-01 6.828182091000000176e-01 -4.442994108000000164e-01 3.272230531729999892e-01
1.403638630527829409e+09 4.550894960299999958e+00 -1.686315434499999988e+00 5.725110996000000174e-01 4.788095742999999849e-01 6.826836727999999743e-01 -4.437154655000000170e-01 3.283305957550000098e-01
