1.403636859551666498e+09 4.600725133000000078e+00 -1.899226613499999994e+00 7.254218941000000198e-01 4.553496981999999860e-01 6.652088523000000420e-01 4.806972608999999785e-01 -3.450854655260000015e-01
1.403636859601666451e+09 4.598613240899999788e+00 -1.895784585099999919e+00 7.476130289000000317e-01 4.578604365999999759e-01 6.661437955000000244e-01 4.802166833000000024e-01 -3.405997671780000013e-01
1.403636859651666403e+09 4.596079006700000136e+00 -1.892607320700000040e+00 7.705000108999999764e-01 4.624068450000000108e-01 6.658715874999999729e-01 4.786942507999999985e-01 -3.371153405699999772e-01
1.403636859701666594e+09 4.593262812199999878e+00 -1.890326771600000066e+00 7.940387527000000167e-01 4.673689068999999918e-01 6.646096999999999699e-01 4.756961561999999977e-01 -3.370065555149999725e-01
1.403636859751666546e+09 4.590573981300000383e+00 -1.887986465700000061e+00 8.175848138000000320e-01 4.738624301000000094e-01 6.620928672000000459e-01 4.732541966000000100e-01 -3.363300431299999782e-01
1.403636859801666498e+09 4.588386980800000181e+00 -1.886057751899999912e+00 8.402761439000000498e-01 4.802112544000000094e-01 6.594949047000000508e-01 4.715534337000000242e-01 -3.348148458499999869e-01
1.403636859851666451e+09 4.586763662500000116e+00 -1.884491535500000037e+00 8.622409400999999640e-01 4.858023463999999736e-01 6.571830668999999459e-01 4.706510207999999862e-01 -3.325569327419999888e-01
1.403636859901666641e+09 4.586056512699999921e+00 -1.883924125699999896e+00 8.831788283999999489e-01 4.889187906999999944e-01 6.559270013000000343e-01 4.698856202999999732e-01 -3.315504319600000027e-01
1.403636859951666355e+09 4.586046714600000129e+00 -1.883614129299999940e+00 9.021344939000000007e-01 4.907032983999999876e-01 6.555303129999999756e-01 4.687546958000000097e-01 -3.312994368680000079e-01
1.403636860001666546e+09 4.586760550500000200e+00 -1.882738684300000020e+00 9.170741101999999589e-01 4.917685231999999740e-01 6.558961233000000224e-01 4.678833601999999869e-01 -3.302259170249999820e-01
1.403636860051666498e+09 4.587396741800000122e+00 -1.881018025799999993e+00 9.263528689000000149e-01 4.918892337999999920e-01 6.571993132000000237e-01 4.671897297000000004e-01 -3.284323381959999844e-01
1.403636860101666451e+09 4.588229225700000136e+00 -1.878787835800000083e+00 9.278415537999999962e-01 4.904044645999999785e-01 6.598095819999999501e-01 4.659323709000000036e-01 -3.272029986730000117e-01
1.403636860151666403e+09 4.589175584200000380e+00 -1.876462346300000084e+00 9.211182081000000021e-01 4.880116279000000223e-01 6.621457514999999905e-01 4.658908619000000084e-01 -3.261186281339999993e-01
1.403636860201666594e+09 4.590777686400000057e+00 -1.874579188100000016e+00 9.060767797000000012e-01 4.846225920000000187e-01 6.647731418000000225e-01 4.664992159999999943e-01 -3.249555272999999911e-01
1.403636860251666546e+09 4.592880106299999987e+00 -1.873948416399999983e+00 8.847568273999999455e-01 4.791198407999999742e-01 6.681090845999999583e-01 4.675566709000000265e-01 -3.247540434780000207e-01
1.403636860301666498e+09 4.595305314500000016e+00 -1.873876054899999977e+00 8.587300053999999960e-01 4.722389992000000092e-01 6.726900330999999733e-01 4.689491325999999849e-01 -3.233653632280000245e-01
1.403636860351666451e+09 4.597956112400000350e+00 -1.873419783099999902e+00 8.294532968000000173e-01 4.646976572000000028e-01 6.783317812000000391e-01 4.709599193999999822e-01 -3.195603799289999936e-01
1.403636860401666641e+09 4.600903229300000064e+00 -1.873610976199999945e+00 7.999149085000000214e-01 4.561419063000000107e-01 6.848722254000000342e-01 4.727842984000000248e-01 -3.152135838740000029e-01
1.403636860451666355e+09 4.604169680400000075e+00 -1.874207293600000046e+00 7.707819997999999506e-01 4.474409662000000121e-01 6.912571226000000513e-01 4.749813310000000066e-01 -3.104076470839999824e-01
1.403636860501666546e+09 4.607254569500000230e+00 -1.875077076299999979e+00 7.434868878000000514e-01 4.380260767999999971e-01 6.975416710999999825e-01 4.770071397999999796e-01 -3.066479442269999800e-01
1.403636860551666498e+09 4.610055272200000331e+00 -1.876216539899999924e+00 7.195651896000000436e-01 4.291716998999999810e-01 7.023640488000000293e-01 4.793990699999999827e-01 -3.044222834259999733e-01
1.403636860601666451e+09 4.612997564899999681e+00 -1.877000472800000042e+00 6.991733467999999840e-01 4.222902498000000171e-01 7.063530274000000553e-01 4.813475006999999861e-01 -3.017298945010000177e-01
1.403636860651666403e+09 4.615772941500000393e+00 -1.877957191299999939e+00 6.826182664000000067e-01 4.171681132999999764e-01 7.080534120000000486e-01 4.834497068999999980e-01 -3.015087261020000242e-01
1.403636860701666594e+09 4.617992435899999748e+00 -1.878433420999999992e+00 6.685783309999999702e-01 4.146381378999999812e-01 7.078010246000000505e-01 4.860098444000000018e-01 -3.014752980329999943e-01
1.403636860751666546e+09 4.620183676399999939e+00 -1.878669357499999970e+00 6.611674105000000523e-01 4.152340194999999956e-01 7.063254235000000492e-01 4.885342180999999728e-01 -3.000323697760000075e-01
1.403636860801666498e+09 4.621934731399999663e+00 -1.878636217199999958e+00 6.597550725999999921e-01 4.168594272999999739e-01 7.039402595999999512e-01 4.914868647999999784e-01 -2.985581861669999726e-01
1.403636860851666451e+09 4.622996762699999707e+00 -1.878376572100000086e+00 6.651911615000000166e-01 4.182496399999999781e-01 7.017227153999999745e-01 4.942209593999999928e-01 -2.973182009959999816e-01
1.403636860901666641e+09 4.623312115900000130e+00 -1.877802730800000042e+00 6.775860960999999794e-01 4.188659597000000123e-01 6.997897781999999900e-01 4.965897028999999852e-01 -2.970593227100000178e-01
1.403636860951666355e+09 4.623075693499999694e+00 -1.876984646899999998e+00 6.963656487999999589e-01 4.193750600999999745e-01 6.978553397000000214e-01 4.985029024000000031e-01 -2.976866474729999990e-01
1.403636861001666546e+09 4.621872766600000126e+00 -1.875594100600000091e+00 7.202896893000000356e-01 4.218198496000000186e-01 6.954813115000000323e-01 4.990660433999999923e-01 -2.988425072179999864e-01
1.403636861051666498e+09 4.619779747099999945e+00 -1.873875123599999970e+00 7.478137832000000262e-01 4.257000317999999894e-01 6.928182829000000265e-01 4.976826447000000098e-01 -3.018183144869999723e-01
1.403636861101666451e+09 4.616782814799999635e+00 -1.871743208700000105e+00 7.775421884000000006e-01 4.317269699999999877e-01 6.893374233000000295e-01 4.949858022999999996e-01 -3.056383413970000240e-01
1.403636861151666403e+09 4.613309298799999958e+00 -1.869239593100000096e+00 8.080543504999999627e-01 4.392490649999999941e-01 6.850481123999999644e-01 4.913280599000000026e-01 -3.104288649099999908e-01
1.403636861201666594e+09 4.609523719000000241e+00 -1.866450927000000037e+00 8.393565886999999615e-01 4.477734366000000188e-01 6.795519628999999728e-01 4.878967505999999843e-01 -3.156973867119999833e-01
1.403636861251666546e+09 4.606138673100000247e+00 -1.863704754400000052e+00 8.704068235999999903e-01 4.564913912999999934e-01 6.738085646999999456e-01 4.840230039999999789e-01 -3.214332891419999783e-01
1.403636861301666498e+09 4.603102428199999707e+00 -1.861183173799999979e+00 9.009661132999999822e-01 4.642180278999999965e-01 6.686707403999999633e-01 4.795039649000000237e-01 -3.278063622269999922e-01
1.403636861351666451e+09 4.607735725799999571e+00 -1.861631607999999938e+00 9.331627598999999718e-01 4.713334527999999968e-01 6.644234482999999969e-01 4.750385865000000263e-01 -3.327530599460000182e-01
1.403636861401666641e+09 4.606244406900000143e+00 -1.859369156000000078e+00 9.571163231999999521e-01 4.769946455999999890e-01 6.614985834000000064e-01 4.700324423000000196e-01 -3.375873744180000191e-01
1.403636861451666355e+09 4.605133474999999699e+00 -1.857031107300000095e+00 9.741852060000000257e-01 4.822384764000000046e-01 6.586561200999999643e-01 4.666316456999999862e-01 -3.404013433220000051e-01
1.403636861501666546e+09 4.604209648300000346e+00 -1.855182227000000017e+00 9.830963842000000064e-01 4.855708053000000191e-01 6.572228517999999520e-01 4.637325399000000181e-01 -3.423904898189999990e-01
1.403636861551666498e+09 4.603498920899999902e+00 -1.853316135100000039e+00 9.830590641999999990e-01 4.873767661000000251e-01 6.571633930000000401e-01 4.625637646999999908e-01 -3.415185593699999744e-01
1.403636861601666451e+09 4.603161778899999668e+00 -1.852076541900000040e+00 9.745049975999999781e-01 4.858029561000000163e-01 6.584391782999999831e-01 4.632666480000000031e-01 -3.403488638700000180e-01
1.403636861651666403e+09 4.603137631600000113e+00 -1.851655682499999900e+00 9.584918129999999703e-01 4.818493409999999866e-01 6.608222259999999570e-01 4.649882841999999905e-01 -3.390001383419999903e-01
1.403636861701666594e+09 4.603277856700000115e+00 -1.851870324799999912e+00 9.365410985000000021e-01 4.775263088999999739e-01 6.632593450999999529e-01 4.675277426000000180e-01 -3.368582420860000148e-01
1.403636861751666546e+09 4.603812494799999655e+00 -1.852512120100000104e+00 9.110132842000000508e-01 4.733446022000000197e-01 6.654518902999999597e-01 4.705064829000000226e-01 -3.342788040379999770e-01
1.403636861801666498e+09 4.604736518800000233e+00 -1.853631137200000056e+00 8.835868833000000144e-01 4.697508806999999842e-01 6.674682305000000371e-01 4.735087436000000038e-01 -3.310736187539999875e-01
1.403636861851666451e+09 4.606047525100000151e+00 -1.855753726299999906e+00 8.554024216000000180e-01 4.647905089000000101e-01 6.697266649999999988e-01 4.761673343999999752e-01 -3.296978111139999834e-01
1.403636861901666641e+09 4.607525759199999627e+00 -1.858657980800000109e+00 8.267914316000000152e-01 4.581952472999999970e-01 6.728868043000000299e-01 4.794124363000000222e-01 -3.277867902159999902e-01
1.403636861951666355e+09 4.609095002800000174e+00 -1.861892517000000025e+00 7.980015928999999453e-01 4.501117016999999776e-01 6.775435471999999848e-01 4.825424943000000133e-01 -3.247875288220000156e-01
1.403636862001666546e+09 4.610581003900000141e+00 -1.865461949600000002e+00 7.695507434999999674e-01 4.413105569999999922e-01 6.826352330999999607e-01 4.855388788000000178e-01 -3.217236827839999869e-01
1.403636862051666498e+09 4.611995117600000249e+00 -1.869328434899999891e+00 7.429237139000000045e-01 4.332730879999999729e-01 6.875698011999999970e-01 4.875018915000000064e-01 -3.191615665120000056e-01
1.403636862101666451e+09 4.614482933399999709e+00 -1.872193456700000036e+00 7.155465185999999589e-01 4.272987510999999849e-01 6.913625638000000517e-01 4.888715352999999930e-01 -3.169198710880000158e-01
1.403636862151666403e+09 4.615480337300000180e+00 -1.875195364699999923e+00 6.944550620999999646e-01 4.220300027000000176e-01 6.940244316000000468e-01 4.897533258999999806e-01 -3.168003233209999991e-01
1.403636862201666594e+09 4.616986754000000026e+00 -1.877228062899999994e+00 6.776676886000000399e-01 4.190724282000000134e-01 6.946189527999999669e-01 4.923527314000000210e-01 -3.153911827759999786e-01
1.403636862251666546e+09 4.618412883699999583e+00 -1.877995378000000049e+00 6.672518362999999564e-01 4.181567944999999842e-01 6.944725972999999941e-01 4.958284949000000275e-01 -3.114591633309999885e-01
1.403636862301666498e+09 4.619614319100000088e+00 -1.878410447700000097e+00 6.641775134999999830e-01 4.169055298000000076e-01 6.944860532000000086e-01 4.991105505999999803e-01 -3.078434007399999950e-01
1.403636862351666451e+09 4.620143988799999768e+00 -1.878027638999999915e+00 6.695560814000000027e-01 4.149744403999999776e-01 6.947221134000000076e-01 5.022835600999999706e-01 -3.047435383159999844e-01
1.403636862401666641e+09 4.620079358399999947e+00 -1.877488249500000039e+00 6.837827021000000283e-01 4.132492349999999925e-01 6.950986885000000060e-01 5.036570196999999860e-01 -3.039613290920000210e-01
1.403636862451666355e+09 4.619560186700000237e+00 -1.876577795700000051e+00 7.049616053999999687e-01 4.135075890000000087e-01 6.945451336000000309e-01 5.037784180000000056e-01 -3.046733280030000102e-01
1.403636862501666546e+09 4.618212432099999987e+00 -1.874644152299999922e+00 7.306395870999999875e-01 4.167667004000000230e-01 6.930499320999999879e-01 5.029454121999999971e-01 -3.050134773439999725e-01
1.403636862551666498e+09 4.615557961100000384e+00 -1.871355321700000074e+00 7.596185636000000185e-01 4.227409000999999833e-01 6.915330871999999518e-01 5.005217050000000389e-01 -3.042205508410000259e-01
1.403636862601666451e+09 4.612187057899999942e+00 -1.867020905399999986e+00 7.907733127999999612e-01 4.315275035999999731e-01 6.889792998999999529e-01 4.981414344000000272e-01 -3.015736215450000035e-01
1.403636862651666403e+09 4.608770115599999606e+00 -1.863371365799999957e+00 8.235490458999999985e-01 4.395552417999999961e-01 6.865649088999999927e-01 4.946406206999999777e-01 -3.012481895349999883e-01
1.403636862701666594e+09 4.605415611599999792e+00 -1.860454151299999914e+00 8.574274173000000498e-01 4.467628632000000266e-01 6.838331507999999559e-01 4.916302072000000023e-01 -3.017861914339999840e-01
1.403636862751666546e+09 4.602017831600000441e+00 -1.858881868000000104e+00 8.918010379999999904e-01 4.499755865999999771e-01 6.836111396999999812e-01 4.863475882000000139e-01 -3.060454289380000192e-01
1.403636862801666498e+09 4.598997572600000083e+00 -1.856776224000000086e+00 9.261958768000000397e-01 4.525228627999999809e-01 6.837250026000000203e-01 4.829582069000000200e-01 -3.073996581110000070e-01
1.403636862851666451e+09 4.596353414900000267e+00 -1.855281409799999892e+00 9.598407326000000239e-01 4.535619001000000261e-01 6.854364220999999979e-01 4.777748645000000072e-01 -3.101446323359999813e-01
1.403636862901666641e+09 4.594674815800000367e+00 -1.853960999899999962e+00 9.910915599999999825e-01 4.551999577999999991e-01 6.859042825000000176e-01 4.738763912000000245e-01 -3.126811147060000184e-01
1.403636862951666355e+09 4.593662284899999726e+00 -1.853379483799999949e+00 1.017592098199999961e+00 4.567245994999999947e-01 6.858315848999999575e-01 4.695055422000000145e-01 -3.171785351509999740e-01
1.403636863001666546e+09 4.598677169600000170e+00 -1.857403908700000050e+00 1.037294023500000106e+00 4.595558310000000257e-01 6.834106687000000013e-01 4.676459553000000269e-01 -3.210382479430000102e-01
1.403636863051666498e+09 4.599368869800000148e+00 -1.856503088800000034e+00 1.046328355800000054e+00 4.645850563999999738e-01 6.795983619000000031e-01 4.674563266999999800e-01 -3.221666874760000243e-01
1.403636863101666451e+09 4.599885706200000257e+00 -1.855083182400000030e+00 1.045957032300000034e+00 4.702874605999999846e-01 6.759457805999999902e-01 4.679087654999999901e-01 -3.209180476069999899e-01
1.403636863151666403e+09 4.600307733000000177e+00 -1.854055353399999939e+00 1.037048810699999990e+00 4.750632127000000149e-01 6.726024496000000408e-01 4.692419428999999864e-01 -3.189559337000000272e-01
1.403636863201666594e+09 4.600731607300000192e+00 -1.853747384600000103e+00 1.019969305899999901e+00 4.776842971999999965e-01 6.708214238999999912e-01 4.710373392000000159e-01 -3.161331278210000040e-01
1.403636863251666546e+09 4.600899740200000032e+00 -1.854350286200000086e+00 9.964592281999999912e-01 4.780714938000000247e-01 6.703119606999999869e-01 4.727500812000000052e-01 -3.140650932749999846e-01
1.403636863301666498e+09 4.601152305900000350e+00 -1.854684671600000057e+00 9.678042049999999730e-01 4.791518280000000019e-01 6.699282465000000464e-01 4.747451744000000251e-01 -3.102042709710000068e-01
1.403636863351666451e+09 4.601591063899999945e+00 -1.855416773399999997e+00 9.362818715999999819e-01 4.790965549000000268e-01 6.706145723999999975e-01 4.754250930999999736e-01 -3.077556938930000041e-01
1.403636863401666641e+09 4.601693343400000025e+00 -1.855520861400000054e+00 9.036997321999999944e-01 4.797514466000000199e-01 6.719267730000000327e-01 4.756174054000000262e-01 -3.035474343769999916e-01
1.403636863451666355e+09 4.602412196599999561e+00 -1.856544460100000071e+00 8.702294426000000138e-01 4.784338737000000119e-01 6.740969895999999739e-01 4.752569132000000196e-01 -3.013721015349999921e-01
1.403636863501666546e+09 4.603607217999999612e+00 -1.857994337200000068e+00 8.356191279000000360e-01 4.739294748999999807e-01 6.784074808000000179e-01 4.744137184000000174e-01 -3.001429103800000164e-01
1.403636863551666498e+09 4.605774503000000131e+00 -1.860870108200000095e+00 8.018806550000000533e-01 4.660129986000000057e-01 6.822275225999999693e-01 4.753033774000000045e-01 -3.024635381060000183e-01
1.403636863601666451e+09 4.608770712300000127e+00 -1.863488535699999948e+00 7.696588864000000196e-01 4.575196366000000014e-01 6.865844831999999842e-01 4.765366728000000052e-01 -3.036286036529999843e-01
1.403636863651666403e+09 4.611966155500000220e+00 -1.866178549800000086e+00 7.394207873000000486e-01 4.489926458999999870e-01 6.908923949999999925e-01 4.780410307999999886e-01 -3.042204385969999869e-01
1.403636863701666594e+09 4.615480200999999560e+00 -1.866793898300000087e+00 7.103942970000000079e-01 4.409229411000000209e-01 6.950934211000000529e-01 4.792491265000000111e-01 -3.045527387949999998e-01
1.403636863751666546e+09 4.617484361899999890e+00 -1.868079915500000077e+00 6.882941742999999502e-01 4.341365174999999854e-01 6.997062461999999927e-01 4.793820404999999951e-01 -3.035284375549999747e-01
1.403636863801666498e+09 4.619501950400000112e+00 -1.868842476900000049e+00 6.726648753999999730e-01 4.280777608999999928e-01 7.032738759000000117e-01 4.811403093000000131e-01 -3.010968097000000232e-01
1.403636863851666451e+09 4.621559767799999996e+00 -1.869276079700000093e+00 6.654059852999999469e-01 4.235692582000000206e-01 7.058081948000000105e-01 4.832636160000000070e-01 -2.981277464389999743e-01
1.403636863901666641e+09 4.623337345899999562e+00 -1.869319801999999919e+00 6.673085009000000456e-01 4.200181662999999954e-01 7.071055475999999951e-01 4.854387349000000018e-01 -2.965395743509999793e-01
1.403636863951666355e+09 4.624564526200000358e+00 -1.868996676599999907e+00 6.787760339999999726e-01 4.172509403999999922e-01 7.073661363000000035e-01 4.872435549999999949e-01 -2.968644810139999812e-01
1.403636864001666546e+09 4.625038626300000288e+00 -1.868223527600000100e+00 6.989575322000000090e-01 4.170752233000000198e-01 7.062784153000000176e-01 4.884910545999999743e-01 -2.976500424060000149e-01
1.403636864051666498e+09 4.625104004699999827e+00 -1.867557050799999896e+00 7.256468432999999552e-01 4.186719201999999918e-01 7.039610499999999771e-01 4.891252663999999806e-01 -2.998485235889999934e-01
1.403636864101666451e+09 4.624496206699999945e+00 -1.865941327300000063e+00 7.573005591000000480e-01 4.229968054000000088e-01 7.004905981000000281e-01 4.906243263000000243e-01 -2.994568331729999811e-01
1.403636864151666403e+09 4.623085840099999899e+00 -1.863872110600000020e+00 7.919484386999999792e-01 4.286783760000000276e-01 6.976143997999999513e-01 4.906465460000000167e-01 -2.980519520159999880e-01
1.403636864201666594e+09 4.620780706499999724e+00 -1.861768167399999951e+00 8.282647683999999622e-01 4.340882281999999814e-01 6.954946496999999672e-01 4.896426644999999911e-01 -2.968242973379999761e-01
1.403636864251666546e+09 4.618236486899999882e+00 -1.860546101399999985e+00 8.636726223999999785e-01 4.376463472000000077e-01 6.941709528999999712e-01 4.884199915999999919e-01 -2.967124443449999927e-01
1.403636864301666498e+09 4.615667132099999570e+00 -1.860174252700000030e+00 8.976967208999999670e-01 4.390144744999999737e-01 6.930696447999999954e-01 4.876973197000000204e-01 -2.984494647850000071e-01
1.403636864351666451e+09 4.613331496499999851e+00 -1.860223550700000006e+00 9.294722133999999691e-01 4.403643713000000015e-01 6.922698613000000112e-01 4.863190372999999789e-01 -3.005585694280000220e-01
1.403636864401666641e+09 4.610754125299999728e+00 -1.860169814600000082e+00 9.590796834000000493e-01 4.433457812000000109e-01 6.912573750999999600e-01 4.832725798999999989e-01 -3.034062841160000135e-01
1.403636864451666355e+09 4.610264617000000342e+00 -1.861345870400000102e+00 9.883650269000000543e-01 4.486352807000000276e-01 6.897373740000000142e-01 4.780933009000000178e-01 -3.072711106800000147e-01
1.403636864501666546e+09 4.607356057099999624e+00 -1.861133847300000088e+00 1.012672621599999934e+00 4.554033423000000136e-01 6.874101400000000028e-01 4.711870777000000121e-01 -3.131418735470000159e-01
1.403636864551666498e+09 4.604412531400000397e+00 -1.861576058999999894e+00 1.031799006199999980e+00 4.608107711000000162e-01 6.845809245999999737e-01 4.642904355999999955e-01 -3.216158925090000231e-01
1.403636864601666451e+09 4.602092174200000052e+00 -1.861444752399999958e+00 1.043339359199999983e+00 4.673694878999999913e-01 6.811406625999999465e-01 4.597171796000000255e-01 -3.259958194249999996e-01
1.403636864651666403e+09 4.600782946399999851e+00 -1.861063902199999953e+00 1.046217693300000029e+00 4.729466333999999827e-01 6.777672697000000079e-01 4.577123975999999872e-01 -3.277992848640000068e-01
1.403636864701666594e+09 4.600613607599999710e+00 -1.860546179199999983e+00 1.039816165700000017e+00 4.771092876999999954e-01 6.749334076999999876e-01 4.591788902000000228e-01 -3.255554782730000207e-01
1.403636864751666546e+09 4.600914196299999759e+00 -1.860043003399999950e+00 1.025497022799999991e+00 4.786789898000000099e-01 6.737737827999999984e-01 4.619672846000000277e-01 -3.216854712200000188e-01
1.403636864801666498e+09 4.601458408800000122e+00 -1.860420739500000087e+00 1.004579406199999969e+00 4.770841787999999806e-01 6.742334460000000140e-01 4.649869122999999993e-01 -3.187273411689999780e-01
1.403636864851666451e+09 4.601969452099999636e+00 -1.861400030300000008e+00 9.788185956999999604e-01 4.743795336000000140e-01 6.758045818000000260e-01 4.673132669999999766e-01 -3.160229988539999813e-01
1.403636864901666641e+09 4.602066884000000080e+00 -1.862309170500000111e+00 9.502380907999999904e-01 4.716856866999999953e-01 6.782182410999999522e-01 4.684912153999999940e-01 -3.131271489949999931e-01
1.403636864951666355e+09 4.602231519000000048e+00 -1.862422595600000008e+00 9.202050304000000125e-01 4.696744380000000274e-01 6.806755763999999820e-01 4.701876768000000095e-01 -3.082372959290000103e-01
1.403636865001666546e+09 4.602489621600000191e+00 -1.862473320599999926e+00 8.889463026999999684e-01 4.677547384999999891e-01 6.836834550000000510e-01 4.714060559000000095e-01 -3.025867948109999817e-01
1.403636865051666498e+09 4.602855102300000389e+00 -1.862971367000000100e+00 8.579407473000000284e-01 4.637943775000000213e-01 6.863577038999999491e-01 4.737499707999999754e-01 -2.989462208540000221e-01
1.403636865101666451e+09 4.602428700199999945e+00 -1.861889958799999967e+00 8.269197610999999837e-01 4.590908843000000017e-01 6.899103198999999575e-01 4.749157196000000081e-01 -2.961661185019999754e-01
1.403636865151666403e+09 4.602147672300000103e+00 -1.863078057200000082e+00 7.988339532999999548e-01 4.516057655999999865e-01 6.950300916999999634e-01 4.727538540999999817e-01 -2.991474511589999885e-01
1.403636865201666594e+09 4.602153567300000248e+00 -1.864712501699999914e+00 7.736766357000000038e-01 4.438953585000000035e-01 6.991923614999999703e-01 4.706949337999999927e-01 -3.041927539800000080e-01
1.403636865251666546e+09 4.602667986900000230e+00 -1.866297400199999901e+00 7.516140346999999888e-01 4.369393258000000002e-01 7.026605249999999803e-01 4.683982964999999776e-01 -3.097664410809999880e-01
1.403636865301666498e+09 4.603152260199999901e+00 -1.867303622299999910e+00 7.323388248000000100e-01 4.329717244999999881e-01 7.043907799999999941e-01 4.671990552999999990e-01 -3.131998683830000130e-01
1.403636865351666451e+09 4.603405378599999764e+00 -1.867566903599999995e+00 7.168912801000000279e-01 4.322565029000000059e-01 7.054426231999999519e-01 4.660260346999999803e-01 -3.135677852900000118e-01
1.403636865401666641e+09 4.603632778399999737e+00 -1.867777719600000053e+00 7.049569619000000120e-01 4.321339477000000207e-01 7.054104097000000184e-01 4.674771281999999806e-01 -3.116432891400000016e-01
1.403636865451666355e+09 4.603900286400000041e+00 -1.867828789899999897e+00 6.980747045999999845e-01 4.316561886999999986e-01 7.051880539999999531e-01 4.709399745000000248e-01 -3.075683398679999736e-01
1.403636865501666546e+09 4.604113346700000164e+00 -1.867704589499999956e+00 6.971970521000000476e-01 4.302445102999999937e-01 7.057337377000000300e-01 4.752217850000000077e-01 -3.016517990809999827e-01
1.403636865551666498e+09 4.604189170699999778e+00 -1.867679121799999953e+00 7.039513666000000169e-01 4.272273068999999923e-01 7.063248417999999917e-01 4.800466311000000097e-01 -2.968792314709999824e-01
1.403636865601666451e+09 4.603900213400000219e+00 -1.868312123099999944e+00 7.181467813999999894e-01 4.243769042000000158e-01 7.069287193000000080e-01 4.832867713999999815e-01 -2.942616618480000112e-01
1.403636865651666403e+09 4.603468972800000003e+00 -1.869971934000000058e+00 7.387578850999999558e-01 4.222607255999999976e-01 7.066385267000000470e-01 4.850260126000000005e-01 -2.951400331849999836e-01
1.403636865701666594e+09 4.602748907699999670e+00 -1.871850674100000056e+00 7.644667068999999593e-01 4.227515884999999973e-01 7.048576449000000244e-01 4.854053606000000021e-01 -2.980577642650000247e-01
1.403636865751666546e+09 4.601327730000000393e+00 -1.873318868499999956e+00 7.935373579000000177e-01 4.258001222000000197e-01 7.026374991999999597e-01 4.836672818000000151e-01 -3.017627563379999822e-01
1.403636865801666498e+09 4.599310708700000028e+00 -1.874026145700000034e+00 8.252349964999999843e-01 4.304004574999999999e-01 6.997478918999999742e-01 4.809957888999999986e-01 -3.061884794549999955e-01
1.403636865851666451e+09 4.597033041199999559e+00 -1.874037955899999996e+00 8.584234818999999517e-01 4.356613210999999986e-01 6.969826126000000510e-01 4.770992322000000008e-01 -3.111121561540000080e-01
1.403636865901666641e+09 4.594905092900000376e+00 -1.873720932299999919e+00 8.926101641000000475e-01 4.420836269000000263e-01 6.931392915999999849e-01 4.730412118000000277e-01 -3.167838398760000063e-01
1.403636865951666355e+09 4.593121764500000204e+00 -1.873625239699999945e+00 9.270066687000000361e-01 4.492073658999999886e-01 6.887684779999999618e-01 4.677508284999999932e-01 -3.240677220550000071e-01
1.403636866001666546e+09 4.591563153800000130e+00 -1.873267591599999893e+00 9.608775817000000385e-01 4.578036844000000216e-01 6.836263219999999530e-01 4.621269071999999922e-01 -3.309222870479999745e-01
1.403636866051666498e+09 4.590402588999999978e+00 -1.873080859199999892e+00 9.930424367000000307e-01 4.677131227999999918e-01 6.783340007000000504e-01 4.553565379999999774e-01 -3.372800640620000068e-01
1.403636866101666451e+09 4.590151333699999725e+00 -1.873564189399999913e+00 1.027347923400000029e+00 4.774954547999999965e-01 6.727722933999999988e-01 4.500708333999999811e-01 -3.417773789299999865e-01
1.403636866151666403e+09 4.590443457400000149e+00 -1.873475940300000087e+00 1.052613616099999927e+00 4.858408966000000162e-01 6.676313271999999577e-01 4.465366474999999946e-01 -3.447202584669999958e-01
1.403636866201666594e+09 4.591470972499999803e+00 -1.873650781500000084e+00 1.070909545999999990e+00 4.913836920999999913e-01 6.639849066999999883e-01 4.449046642999999746e-01 -3.460143788760000061e-01
1.403636866251666546e+09 4.592348827100000364e+00 -1.873673647299999967e+00 1.081907060000000032e+00 4.946192784999999814e-01 6.623942051000000220e-01 4.443855143000000063e-01 -3.451191114100000124e-01
1.403636866301666498e+09 4.593393127399999720e+00 -1.873731127599999935e+00 1.084112256300000077e+00 4.957429354999999815e-01 6.624976244000000403e-01 4.458926570000000256e-01 -3.413437827590000140e-01
1.403636866351666451e+09 4.593822069899999860e+00 -1.873670757399999998e+00 1.078445665600000103e+00 4.953760010000000102e-01 6.645123626000000172e-01 4.474379219999999879e-01 -3.358946911590000028e-01
1.403636866401666641e+09 4.594068238500000234e+00 -1.873346280400000063e+00 1.065414115100000059e+00 4.934520512000000192e-01 6.667654923000000400e-01 4.504649347999999942e-01 -3.301669182370000066e-01
1.403636866451666355e+09 4.593771443099999630e+00 -1.873106104299999908e+00 1.046179666800000074e+00 4.906306645999999883e-01 6.694745087000000261e-01 4.525894964000000131e-01 -3.259573298389999985e-01
1.403636866501666546e+09 4.594044891900000316e+00 -1.873058713200000058e+00 1.021587689099999974e+00 4.876354675999999833e-01 6.714458917000000193e-01 4.554436701999999837e-01 -3.224021222969999934e-01
1.403636866551666498e+09 4.594267521899999984e+00 -1.872217692800000055e+00 9.936692700000000489e-01 4.848155443000000120e-01 6.737349356999999817e-01 4.575753022999999864e-01 -3.188416019140000168e-01
1.403636866601666451e+09 4.594649423499999941e+00 -1.870747869499999938e+00 9.649446973999999955e-01 4.816283655999999969e-01 6.766043229000000547e-01 4.592965793000000074e-01 -3.150989684619999731e-01
1.403636866651666403e+09 4.595859120000000075e+00 -1.868725610899999889e+00 9.370524878999999530e-01 4.789084718000000129e-01 6.795805518999999961e-01 4.613515563000000208e-01 -3.097929802819999745e-01
1.403636866701666594e+09 4.597892224699999808e+00 -1.866880435499999935e+00 9.117119458000000343e-01 4.753250039999999954e-01 6.824895153000000159e-01 4.634831294999999796e-01 -3.057083426070000276e-01
1.403636866751666546e+09 4.601515885300000441e+00 -1.866092468199999965e+00 8.895830837000000546e-01 4.709397711000000153e-01 6.839581582000000548e-01 4.669325114000000276e-01 -3.039588781420000108e-01
1.403636866801666498e+09 4.603342327600000061e+00 -1.863266582000000060e+00 8.690730324000000007e-01 4.661705698999999981e-01 6.852476843000000484e-01 4.699662787000000175e-01 -3.037306501900000066e-01
1.403636866851666451e+09 4.607404763199999920e+00 -1.864117819699999901e+00 8.512700491000000369e-01 4.594071566999999856e-01 6.866047767999999829e-01 4.730247792999999756e-01 -3.062131659419999874e-01
1.403636866901666641e+09 4.611184126999999577e+00 -1.865332123700000011e+00 8.349255347999999799e-01 4.513618832999999886e-01 6.894195331000000371e-01 4.754878278999999930e-01 -3.080332500519999961e-01
1.403636866951666355e+09 4.614971112200000114e+00 -1.867114865100000021e+00 8.203436098999999926e-01 4.420679918000000042e-01 6.930775352000000389e-01 4.779602565000000136e-01 -3.094728001179999910e-01
1.403636867001666546e+09 4.618650063399999617e+00 -1.868531581000000052e+00 8.080771036999999657e-01 4.348771142999999784e-01 6.967425366999999703e-01 4.800791251000000037e-01 -3.081489357910000004e-01
1.403636867051666498e+09 4.621833747600000208e+00 -1.869530919100000022e+00 7.982844983000000338e-01 4.300093127999999876e-01 7.002314424000000148e-01 4.812318046999999877e-01 -3.052603283549999991e-01
1.403636867101666451e+09 4.625202013200000017e+00 -1.870840598200000038e+00 7.909811085000000297e-01 4.262056437000000253e-01 7.019312716000000174e-01 4.834752346999999784e-01 -3.031384776280000026e-01
1.403636867151666403e+09 4.629191546300000404e+00 -1.872611900999999968e+00 7.863605468000000043e-01 4.220533660999999936e-01 7.034250745000000249e-01 4.846817292999999749e-01 -3.035584654660000159e-01
1.403636867201666594e+09 4.634160949400000007e+00 -1.875234532299999923e+00 7.836058241000000146e-01 4.176737434000000193e-01 7.033281044000000426e-01 4.872277521000000222e-01 -3.057569937499999835e-01
1.403636867251666546e+09 4.639698196500000371e+00 -1.878607202900000051e+00 7.822552228000000385e-01 4.127417127999999935e-01 7.023302317999999822e-01 4.908673362000000040e-01 -3.089106381969999870e-01
1.403636867301666498e+09 4.644419334900000251e+00 -1.880774073700000049e+00 7.826198013999999814e-01 4.089471706999999734e-01 7.017714018999999803e-01 4.936582301999999922e-01 -3.107742954800000179e-01
1.403636867351666451e+09 4.648581447399999789e+00 -1.882432613099999985e+00 7.839531886999999699e-01 4.057187447000000224e-01 7.023748094999999747e-01 4.956589297999999810e-01 -3.104579723249999978e-01
1.403636867401666641e+09 4.651962779399999803e+00 -1.883358191699999962e+00 7.859830077999999665e-01 4.038588200000000072e-01 7.033612186000000044e-01 4.975804223999999998e-01 -3.075626325060000221e-01
1.403636867451666355e+09 4.655497986900000384e+00 -1.884899788800000087e+00 7.886318976999999730e-01 4.008279334000000027e-01 7.054298784000000433e-01 4.994560701999999908e-01 -3.037256793900000029e-01
1.403636867501666546e+09 4.659131678699999668e+00 -1.886230159399999939e+00 7.911233635000000097e-01 3.965688821000000197e-01 7.085861409999999472e-01 5.019780503999999866e-01 -2.977529840099999991e-01
1.403636867551666498e+09 4.663943062699999587e+00 -1.887655899999999942e+00 7.920193816999999692e-01 3.890932501000000099e-01 7.127257265999999980e-01 5.072288216000000460e-01 -2.886995045319999953e-01
1.403636867601666451e+09 4.669275252000000265e+00 -1.889045455099999993e+00 7.916886599000000357e-01 3.766868469999999913e-01 7.190832960999999912e-01 5.136083389000000166e-01 -2.779077307089999893e-01
1.403636867651666403e+09 4.675220124500000018e+00 -1.890832335700000089e+00 7.900856899999999516e-01 3.588475163000000023e-01 7.277994679000000522e-01 5.206778823000000056e-01 -2.653882767990000113e-01
1.403636867701666594e+09 4.681448829299999836e+00 -1.892870693699999940e+00 7.878380379999999628e-01 3.365457290000000157e-01 7.384865019999999891e-01 5.276455837000000315e-01 -2.509278713559999763e-01
1.403636867751666546e+09 4.687883940599999910e+00 -1.894610203100000057e+00 7.848777057000000390e-01 3.130332754999999856e-01 7.493642023000000041e-01 5.343561380000000360e-01 -2.343650540439999874e-01
1.403636867801666498e+09 4.693470823400000214e+00 -1.895536438800000001e+00 7.823180831999999585e-01 2.919964031000000237e-01 7.591988595999999978e-01 5.394973454999999474e-01 -2.174805885099999891e-01
1.403636867851666451e+09 4.697336341499999790e+00 -1.895965632800000078e+00 7.805743707000000198e-01 2.753882138000000035e-01 7.676747154999999934e-01 5.413291663999999503e-01 -2.044494963640000051e-01
1.403636867901666641e+09 4.699188899900000216e+00 -1.896120946199999935e+00 7.804776357999999581e-01 2.655086407000000204e-01 7.726732638000000097e-01 5.419972759000000195e-01 -1.967743428439999998e-01
1.403636867951666355e+09 4.699075933399999627e+00 -1.896298282100000065e+00 7.817667502999999796e-01 2.622644915999999826e-01 7.757448383999999697e-01 5.400016896999999538e-01 -1.945133857609999961e-01
1.403636868001666546e+09 4.698403846299999742e+00 -1.896625562899999951e+00 7.839051416000000216e-01 2.643808443999999813e-01 7.757511446999999505e-01 5.383538544999999509e-01 -1.961837353579999887e-01
1.403636868051666498e+09 4.697311362399999801e+00 -1.896836337499999914e+00 7.867013793999999560e-01 2.700139669000000131e-01 7.744610019000000012e-01 5.359291333000000268e-01 -2.002063392929999963e-01
1.403636868101666451e+09 4.696958608400000124e+00 -1.897276922899999940e+00 7.891071170000000246e-01 2.764521503999999852e-01 7.720694072999999547e-01 5.343701441999999524e-01 -2.047720388029999894e-01
1.403636868151666403e+09 4.697083890400000072e+00 -1.897920738700000109e+00 7.909805578999999920e-01 2.816996712000000014e-01 7.700375873999999454e-01 5.329554275000000230e-01 -2.089160631570000093e-01
1.403636868201666594e+09 4.698298735299999862e+00 -1.899201909899999929e+00 7.922385978999999523e-01 2.838364955000000078e-01 7.688919534000000500e-01 5.321691722000000402e-01 -2.122215350059999950e-01
1.403636868251666546e+09 4.700044949599999633e+00 -1.900680441500000040e+00 7.929331204999999771e-01 2.843325942000000106e-01 7.683498987000000335e-01 5.322866066000000451e-01 -2.132237732960000076e-01
1.403636868301666498e+09 4.702220498500000012e+00 -1.903328615900000020e+00 7.934165752999999821e-01 2.828702217999999879e-01 7.697160148999999674e-01 5.307839661000000042e-01 -2.139861568270000070e-01
1.403636868351666451e+09 4.704754262499999840e+00 -1.906768000600000068e+00 7.937126266999999791e-01 2.803578158000000209e-01 7.712124183999999882e-01 5.301683595999999721e-01 -2.134301086729999963e-01
1.403636868401666641e+09 4.707006214199999761e+00 -1.910683137099999929e+00 7.940293364999999604e-01 2.793559910999999785e-01 7.725607254999999896e-01 5.286565394000000140e-01 -2.136174594130000048e-01
1.403636868451666355e+09 4.709045069800000149e+00 -1.915236293500000020e+00 7.944519721999999673e-01 2.811129307999999938e-01 7.729376000000000024e-01 5.267071390999999991e-01 -2.147616732340000001e-01
1.403636868501666546e+09 4.710785985200000248e+00 -1.919377556299999954e+00 7.955680843000000335e-01 2.860892049000000048e-01 7.720092182000000136e-01 5.250716409000000251e-01 -2.155330735890000071e-01
1.403636868551666498e+09 4.712279225899999702e+00 -1.923215418400000098e+00 7.975305979000000267e-01 2.922375844999999805e-01 7.713258831999999510e-01 5.223136050000000141e-01 -2.164302986839999887e-01
1.403636868601666451e+09 4.713670475799999871e+00 -1.926940561299999910e+00 8.002109443999999572e-01 2.964074398000000055e-01 7.716700879000000235e-01 5.189822221000000013e-01 -2.175439225490000128e-01
1.403636868651666403e+09 4.715682381499999742e+00 -1.930205498100000083e+00 8.028646077000000103e-01 2.979467619999999761e-01 7.723474866999999744e-01 5.170744317000000034e-01 -2.175801434899999887e-01
1.403636868701666594e+09 4.718571117299999784e+00 -1.933450806399999999e+00 8.046495887000000291e-01 2.972288544000000199e-01 7.731723387000000169e-01 5.169083322999999952e-01 -2.160215699499999920e-01
1.403636868751666546e+09 4.722038284499999961e+00 -1.937081050400000004e+00 8.056269252000000103e-01 2.943779914999999914e-01 7.729659935999999565e-01 5.195962644999999602e-01 -2.142075926770000138e-01
1.403636868801666498e+09 4.725335347899999761e+00 -1.940705098000000017e+00 8.055895173999999548e-01 2.913403506999999726e-01 7.727671684000000374e-01 5.225771706999999822e-01 -2.118131350299999882e-01
1.403636868851666451e+09 4.727927874799999763e+00 -1.943621633600000065e+00 8.054732116999999691e-01 2.900713501000000138e-01 7.721071078000000254e-01 5.253846830999999717e-01 -2.089979920520000090e-01
1.403636868901666641e+09 4.729107063199999850e+00 -1.946086355400000079e+00 8.057007639000000054e-01 2.917331761999999995e-01 7.709059373000000104e-01 5.268570096000000369e-01 -2.074065598379999931e-01
1.403636868951666355e+09 4.729280317899999808e+00 -1.948788070900000058e+00 8.062013517999999657e-01 2.940740493999999816e-01 7.698171096000000491e-01 5.266611276999999536e-01 -2.086387494599999948e-01
1.403636869001666546e+09 4.728785521299999850e+00 -1.951258443499999995e+00 8.072544914999999488e-01 2.954288957999999798e-01 7.680320608999999799e-01 5.270584782999999662e-01 -2.122684180209999938e-01
1.403636869051666498e+09 4.728431492600000396e+00 -1.953368003000000019e+00 8.082154464999999899e-01 2.957934991000000235e-01 7.670122034999999894e-01 5.267209439000000160e-01 -2.162487751840000139e-01
1.403636869101666451e+09 4.727845273499999834e+00 -1.955295129700000079e+00 8.091407972999999920e-01 2.959285341999999819e-01 7.657842723000000129e-01 5.270709770999999488e-01 -2.195380059950000073e-01
1.403636869151666403e+09 4.727772499100000303e+00 -1.957421839700000055e+00 8.090922049000000005e-01 2.954868324000000102e-01 7.651970512000000335e-01 5.271457509000000430e-01 -2.219873014440000014e-01
1.403636869201666594e+09 4.727704258700000217e+00 -1.958800653099999955e+00 8.084137432000000345e-01 2.949316180000000065e-01 7.641535583999999881e-01 5.287216342999999652e-01 -2.225715914149999919e-01
1.403636869251666546e+09 4.726858813299999795e+00 -1.959588115000000075e+00 8.076613675999999575e-01 2.946332214999999866e-01 7.638158803000000274e-01 5.293944524000000484e-01 -2.225265816210000025e-01
1.403636869301666498e+09 4.726314742799999635e+00 -1.959968477199999892e+00 8.067899455000000497e-01 2.945278483000000058e-01 7.632059772999999492e-01 5.303843917999999658e-01 -2.224013934919999991e-01
1.403636869351666451e+09 4.725454236800000096e+00 -1.960421540100000026e+00 8.062275170999999574e-01 2.941011419999999821e-01 7.630582168999999748e-01 5.304387097999999634e-01 -2.233415566829999865e-01
1.403636869401666641e+09 4.724791101700000162e+00 -1.960475507600000000e+00 8.056957208999999676e-01 2.940906678999999913e-01 7.625940747999999658e-01 5.309582251000000142e-01 -2.237058767760000122e-01
1.403636869451666355e+09 4.724236846200000173e+00 -1.960167931600000024e+00 8.052719962000000065e-01 2.938416204000000032e-01 7.625000088000000176e-01 5.310294703000000283e-01 -2.241841661389999962e-01
1.403636869501666546e+09 4.724097994000000078e+00 -1.958752038999999945e+00 8.048602449999999742e-01 2.940660466000000195e-01 7.625897203999999485e-01 5.308159554000000391e-01 -2.240903836940000005e-01
1.403636869551666498e+09 4.724348113999999654e+00 -1.955726686800000058e+00 8.044280776000000133e-01 2.943858038000000121e-01 7.626499011999999800e-01 5.306148484999999582e-01 -2.239419775990000028e-01
1.403636869601666451e+09 4.725037813300000167e+00 -1.950669223700000066e+00 8.039665232999999578e-01 2.940890861000000078e-01 7.631812470000000070e-01 5.301771039999999546e-01 -2.235581176139999904e-01
1.403636869651666403e+09 4.726320543799999996e+00 -1.943154669599999940e+00 8.035143799999999725e-01 2.931878595999999892e-01 7.635951184000000502e-01 5.306221317000000548e-01 -2.222690428730000056e-01
1.403636869701666594e+09 4.728065866799999739e+00 -1.933031377600000100e+00 8.027992699999999537e-01 2.920125027000000095e-01 7.650086963000000129e-01 5.301462107000000090e-01 -2.200804127429999979e-01
1.403636869751666546e+09 4.729887208800000131e+00 -1.920482833299999914e+00 8.023792915999999886e-01 2.909959206000000131e-01 7.663842868000000363e-01 5.295681158999999694e-01 -2.180231862199999981e-01
1.403636869801666498e+09 4.731343900099999722e+00 -1.905451426299999973e+00 8.020899450999999791e-01 2.913935817000000150e-01 7.678369220999999856e-01 5.277372403000000212e-01 -2.168170813249999940e-01
1.403636869851666451e+09 4.732302858799999790e+00 -1.887939206300000006e+00 8.021962634999999509e-01 2.936763007000000036e-01 7.691094814000000168e-01 5.248250961999999520e-01 -2.162948321369999871e-01
1.403636869901666641e+09 4.732951154200000232e+00 -1.868307590899999981e+00 8.024931324999999838e-01 2.971895877999999880e-01 7.704056578000000322e-01 5.209026822000000223e-01 -2.163651243830000126e-01
1.403636869951666355e+09 4.733809519600000293e+00 -1.847155903200000004e+00 8.027012222999999613e-01 3.007038410999999800e-01 7.715729208999999589e-01 5.169018013999999717e-01 -2.169445904139999937e-01
1.403636870001666546e+09 4.734808995899999928e+00 -1.824269880399999932e+00 8.025449486000000299e-01 3.033150787000000181e-01 7.730698797999999705e-01 5.132955554999999448e-01 -2.165423670630000075e-01
1.403636870051666498e+09 4.736190714500000176e+00 -1.800394706999999928e+00 8.020857984000000496e-01 3.042303625000000178e-01 7.754859358000000258e-01 5.096192765999999486e-01 -2.152989615600000017e-01
1.403636870101666451e+09 4.737665551500000127e+00 -1.775301896900000065e+00 8.014834307000000546e-01 3.038680838000000217e-01 7.784985942000000048e-01 5.065212007999999599e-01 -2.122272357659999997e-01
1.403636870151666403e+09 4.739634322899999752e+00 -1.749352794700000047e+00 8.010059090000000159e-01 3.031969520999999723e-01 7.813128026000000226e-01 5.044533749999999817e-01 -2.077226643239999948e-01
1.403636870201666594e+09 4.741760914000000326e+00 -1.722891944199999914e+00 8.009205314999999770e-01 3.030370150000000207e-01 7.828858778999999712e-01 5.039150943000000327e-01 -2.032925170800000125e-01
1.403636870251666546e+09 4.743857204700000274e+00 -1.696762109100000027e+00 8.012535402999999556e-01 3.032630292999999866e-01 7.841768573999999825e-01 5.025147053999999835e-01 -2.014377377019999915e-01
1.403636870301666498e+09 4.745579258000000245e+00 -1.670624276100000083e+00 8.018071436000000496e-01 3.053655799000000171e-01 7.847984147000000021e-01 5.002312826000000490e-01 -2.015241297879999949e-01
1.403636870351666451e+09 4.747282091699999818e+00 -1.644549249600000040e+00 8.021316271999999747e-01 3.091299353999999999e-01 7.852369635000000514e-01 4.969709653000000116e-01 -2.021421622540000018e-01
1.403636870401666641e+09 4.749096275600000361e+00 -1.618503172400000079e+00 8.017348135999999847e-01 3.140968210999999788e-01 7.848879451000000396e-01 4.947819687000000188e-01 -2.012086082150000010e-01
1.403636870451666355e+09 4.751278575599999776e+00 -1.593827781699999946e+00 8.006200928000000161e-01 3.176168349999999863e-01 7.849413400000000429e-01 4.931031683000000054e-01 -1.995893393179999920e-01
1.403636870501666546e+09 4.753595588399999627e+00 -1.572482009600000064e+00 7.988668052999999825e-01 3.166250910000000252e-01 7.872759553000000521e-01 4.900269626000000045e-01 -1.995462300359999996e-01
1.403636870551666498e+09 4.755739893600000379e+00 -1.553607968699999953e+00 7.969184772999999833e-01 3.134944654999999858e-01 7.907906426999999905e-01 4.866789254000000176e-01 -1.987838101799999924e-01
1.403636870601666451e+09 4.758645893099999746e+00 -1.535091633800000022e+00 7.941908433000000045e-01 3.120455712999999909e-01 7.932323716000000413e-01 4.859517020999999937e-01 -1.930308508270000001e-01
1.403636870651666403e+09 4.761252431299999976e+00 -1.518258410699999894e+00 7.918273085999999461e-01 3.117082542999999872e-01 7.954729306000000166e-01 4.846005802999999723e-01 -1.876780711820000003e-01
1.403636870701666594e+09 4.762917111100000156e+00 -1.503345832099999946e+00 7.901393714000000124e-01 3.137736454000000230e-01 7.962983158999999977e-01 4.829172977000000255e-01 -1.850566807179999940e-01
1.403636870751666546e+09 4.763011247899999745e+00 -1.490923694099999919e+00 7.890290679000000473e-01 3.166812084000000249e-01 7.958900782000000174e-01 4.811172948999999921e-01 -1.865426072670000046e-01
1.403636870801666498e+09 4.762696949200000418e+00 -1.481689377299999943e+00 7.871951458999999485e-01 3.192632672999999865e-01 7.960084273999999960e-01 4.772312224999999963e-01 -1.915513244810000126e-01
1.403636870851666451e+09 4.762590666800000427e+00 -1.474209145099999896e+00 7.851753814999999914e-01 3.220309069999999774e-01 7.952289260999999554e-01 4.747250565000000200e-01 -1.963241472660000042e-01
1.403636870901666641e+09 4.763314248400000395e+00 -1.468518935200000097e+00 7.829934630999999534e-01 3.255698622000000042e-01 7.935294846999999541e-01 4.737338308999999859e-01 -1.997285137339999961e-01
1.403636870951666355e+09 4.763614430499999663e+00 -1.464736663700000108e+00 7.810501005000000108e-01 3.271812681999999861e-01 7.926702570000000447e-01 4.723743343999999844e-01 -2.036879221479999946e-01
1.403636871001666546e+09 4.764233287699999764e+00 -1.463065033399999937e+00 7.790125769000000311e-01 3.267484225000000242e-01 7.929423879000000452e-01 4.710270155999999875e-01 -2.064252611840000085e-01
1.403636871051666498e+09 4.764392173300000088e+00 -1.462847744500000102e+00 7.765956957999999855e-01 3.234907438999999885e-01 7.949313853999999679e-01 4.693297853999999769e-01 -2.077676191039999898e-01
1.403636871101666451e+09 4.765046599999999799e+00 -1.462821623600000009e+00 7.740215901000000454e-01 3.199273563000000209e-01 7.973107159000000221e-01 4.694083404000000126e-01 -2.039556787119999881e-01
1.403636871151666403e+09 4.765539825100000293e+00 -1.463383341299999918e+00 7.723315492000000226e-01 3.173018417999999841e-01 7.995109369999999771e-01 4.702229830999999916e-01 -1.974642979379999941e-01
1.403636871201666594e+09 4.765333159099999882e+00 -1.466000525799999954e+00 7.722324849999999685e-01 3.154095120000000030e-01 8.017320095000000091e-01 4.694748800999999916e-01 -1.932251576529999959e-01
1.403636871251666546e+09 4.764426452100000375e+00 -1.470229701300000080e+00 7.735669294000000473e-01 3.151647724000000150e-01 8.025907036999999633e-01 4.688459214999999847e-01 -1.915798279679999938e-01
1.403636871301666498e+09 4.762823033700000153e+00 -1.476733386800000103e+00 7.754878393999999897e-01 3.157291731999999906e-01 8.023125652000000496e-01 4.683890567999999810e-01 -1.929282986560000024e-01
1.403636871351666451e+09 4.761217920100000001e+00 -1.485351608500000031e+00 7.772088991000000169e-01 3.166222703000000083e-01 8.011385911999999720e-01 4.695369191000000053e-01 -1.935520014990000093e-01
1.403636871401666641e+09 4.759348447299999840e+00 -1.496492933699999917e+00 7.787963771999999452e-01 3.174036471000000192e-01 7.996389578000000498e-01 4.717033169000000026e-01 -1.932057006779999975e-01
1.403636871451666355e+09 4.756613504899999789e+00 -1.510394580899999895e+00 7.803170332000000098e-01 3.176289757999999908e-01 7.981183075000000127e-01 4.737136279999999977e-01 -1.942019559300000031e-01
1.403636871501666546e+09 4.752966425900000402e+00 -1.526814725199999945e+00 7.815879688000000325e-01 3.175074663999999935e-01 7.971421971000000051e-01 4.749744783000000026e-01 -1.953268323360000114e-01
1.403636871551666498e+09 4.748929186499999844e+00 -1.545643586399999991e+00 7.829397878999999616e-01 3.165558820000000106e-01 7.967236501000000137e-01 4.758560968000000169e-01 -1.964300741870000089e-01
1.403636871601666451e+09 4.744503863200000282e+00 -1.566614941000000094e+00 7.844393523999999562e-01 3.152202813000000159e-01 7.964560375000000469e-01 4.770579278000000034e-01 -1.967477778010000011e-01
1.403636871651666403e+09 4.739864216099999972e+00 -1.589957301599999928e+00 7.865797076999999637e-01 3.124943812000000043e-01 7.963308800999999715e-01 4.782170317000000170e-01 -1.987784238460000019e-01
1.403636871701666594e+09 4.734918976400000368e+00 -1.615107714899999936e+00 7.890790696999999687e-01 3.091773729000000248e-01 7.958368787999999805e-01 4.799167408000000190e-01 -2.018240233149999896e-01
1.403636871751666546e+09 4.729315712600000055e+00 -1.641537146399999925e+00 7.915383177000000492e-01 3.063374952999999845e-01 7.949434206000000058e-01 4.815931019999999951e-01 -2.056462524259999869e-01
1.403636871801666498e+09 4.723443870299999681e+00 -1.668290600099999965e+00 7.931673838999999671e-01 3.044907641999999859e-01 7.936863507000000428e-01 4.838309956999999883e-01 -2.079781691779999941e-01
1.403636871851666451e+09 4.717312777100000076e+00 -1.695268192099999904e+00 7.939612033999999818e-01 3.041076146000000202e-01 7.914719983000000347e-01 4.872463053000000155e-01 -2.090016092220000066e-01
1.403636871901666641e+09 4.710175964000000270e+00 -1.723029259800000101e+00 7.945608249000000178e-01 3.039061082000000247e-01 7.894422413999999666e-01 4.894395367000000108e-01 -2.118276768719999925e-01
1.403636871951666355e+09 4.702451758399999626e+00 -1.751498113200000040e+00 7.951071154000000085e-01 3.039212982000000229e-01 7.871240199000000271e-01 4.913759729000000132e-01 -2.159103402420000095e-01
1.403636872001666546e+09 4.693827320799999647e+00 -1.780466579100000057e+00 7.953930543999999658e-01 3.037711156999999829e-01 7.845028026999999460e-01 4.929361888000000080e-01 -2.220188631270000046e-01
1.403636872051666498e+09 4.685111467899999660e+00 -1.809288513700000101e+00 7.952875048999999974e-01 3.035540601999999755e-01 7.818373982999999861e-01 4.944385107000000001e-01 -2.282887956820000008e-01
1.403636872101666451e+09 4.676858894699999603e+00 -1.837322664200000011e+00 7.945147530999999708e-01 3.034019580999999799e-01 7.788126425000000408e-01 4.970168663999999792e-01 -2.331788032540000055e-01
1.403636872151666403e+09 4.669251961399999651e+00 -1.864038550300000097e+00 7.934424820000000045e-01 3.031732544999999890e-01 7.765822568000000370e-01 4.992983684999999783e-01 -2.360235482570000043e-01
1.403636872201666594e+09 4.662477122400000340e+00 -1.889577826600000066e+00 7.915747963000000498e-01 3.017751337999999839e-01 7.749568690999999454e-01 5.021344749999999690e-01 -2.371383321910000008e-01
1.403636872251666546e+09 4.656479058699999563e+00 -1.914229264700000099e+00 7.895975974000000175e-01 2.984626706999999879e-01 7.735254365999999493e-01 5.059157226999999590e-01 -2.379657847659999992e-01
1.403636872301666498e+09 4.651454833399999877e+00 -1.937846712900000101e+00 7.870815384999999553e-01 2.939432053000000100e-01 7.725761929000000139e-01 5.099549956000000162e-01 -2.380531886510000028e-01
1.403636872351666451e+09 4.646975401899999802e+00 -1.959135314100000080e+00 7.845438007999999686e-01 2.895534735999999998e-01 7.713650896000000534e-01 5.143950580999999689e-01 -2.378075034740000093e-01
1.403636872401666641e+09 4.643136433199999580e+00 -1.977577078399999966e+00 7.822905077999999790e-01 2.856914421000000259e-01 7.705608978000000331e-01 5.177978509999999757e-01 -2.377008376970000114e-01
1.403636872451666355e+09 4.639625622099999624e+00 -1.992254135100000045e+00 7.806850256999999793e-01 2.834063424000000109e-01 7.697555565000000488e-01 5.201766560999999678e-01 -2.378517915929999893e-01
1.403636872501666546e+09 4.637069036499999797e+00 -2.003109165300000161e+00 7.799989675999999816e-01 2.822911693999999860e-01 7.686589459999999541e-01 5.220189156000000219e-01 -2.386867658490000044e-01
1.403636872551666498e+09 4.635618876099999675e+00 -2.010064416500000117e+00 7.800167459000000303e-01 2.825787571000000220e-01 7.671119667000000364e-01 5.236251310999999742e-01 -2.398024159780000053e-01
1.403636872601666451e+09 4.635234642500000390e+00 -2.013598145800000072e+00 7.806477622999999921e-01 2.838123082999999824e-01 7.650389085000000033e-01 5.251596522000000489e-01 -2.416058399159999870e-01
1.403636872651666403e+09 4.635705394100000376e+00 -2.014161310900000057e+00 7.815877430000000015e-01 2.859913445000000221e-01 7.634292554999999592e-01 5.257579367000000392e-01 -2.428236286719999970e-01
1.403636872701666594e+09 4.636526646700000143e+00 -2.012164592600000024e+00 7.825305402000000132e-01 2.882444845000000089e-01 7.619636546000000399e-01 5.264668113999999566e-01 -2.432266488800000070e-01
1.403636872751666546e+09 4.637748187899999763e+00 -2.007750246800000138e+00 7.832129646000000056e-01 2.899112348999999811e-01 7.618650585999999780e-01 5.260978361999999464e-01 -2.423513465640000086e-01
1.403636872801666498e+09 4.639491881499999693e+00 -2.000291346100000034e+00 7.834249763999999727e-01 2.908292855999999871e-01 7.623829305999999528e-01 5.259631885000000118e-01 -2.399027261399999944e-01
1.403636872851666451e+09 4.641525568299999627e+00 -1.989760711500000001e+00 7.834091743000000108e-01 2.903787991999999818e-01 7.641624112999999552e-01 5.242819650000000165e-01 -2.384625405709999979e-01
1.403636872901666641e+09 4.644026213000000070e+00 -1.975357597599999959e+00 7.828753459999999720e-01 2.901195616999999727e-01 7.661140740999999865e-01 5.223438380999999575e-01 -2.367631307539999896e-01
1.403636872951666355e+09 4.647094677700000176e+00 -1.957080713899999935e+00 7.818518813999999484e-01 2.909066904000000009e-01 7.680716480999999485e-01 5.201751471000000127e-01 -2.342158346319999918e-01
1.403636873001666546e+09 4.651070118299999834e+00 -1.935974711000000070e+00 7.806278053999999855e-01 2.921609853000000090e-01 7.698297030999999846e-01 5.179288045000000063e-01 -2.318489602709999930e-01
1.403636873051666498e+09 4.655372971800000315e+00 -1.912183411100000008e+00 7.792782816000000112e-01 2.940868495000000249e-01 7.713627557000000134e-01 5.156029340000000127e-01 -2.294908244080000048e-01
1.403636873101666451e+09 4.660035966799999763e+00 -1.886576363000000089e+00 7.780943831000000088e-01 2.953221140000000244e-01 7.728805149999999902e-01 5.133454990000000384e-01 -2.278529287109999912e-01
1.403636873151666403e+09 4.664989242399999902e+00 -1.859491667199999920e+00 7.771898470000000447e-01 2.955529639999999736e-01 7.751675782000000403e-01 5.105719653000000413e-01 -2.260087154089999995e-01
1.403636873201666594e+09 4.669965931900000200e+00 -1.830556017499999966e+00 7.765295263999999476e-01 2.959531420000000024e-01 7.776596331999999778e-01 5.075612876999999745e-01 -2.236934774669999959e-01
1.403636873251666546e+09 4.675267583200000132e+00 -1.800791150200000024e+00 7.760517890999999446e-01 2.964004410000000145e-01 7.802673309000000001e-01 5.042881012000000052e-01 -2.214117926989999929e-01
1.403636873301666498e+09 4.680632872800000399e+00 -1.770330245200000041e+00 7.756723071000000136e-01 2.971212617999999805e-01 7.828775539000000228e-01 5.008273720000000484e-01 -2.190744963119999889e-01
1.403636873351666451e+09 4.686410335999999788e+00 -1.739713487900000022e+00 7.750029353999999815e-01 2.978777139000000074e-01 7.851165750999999915e-01 4.978322763999999956e-01 -2.168498455779999945e-01
1.403636873401666641e+09 4.692457962399999793e+00 -1.709325184000000108e+00 7.740601911000000168e-01 2.985507742999999881e-01 7.871544978000000192e-01 4.951421724000000246e-01 -2.146845614369999877e-01
1.403636873451666355e+09 4.698855621599999921e+00 -1.679990446799999981e+00 7.727049024000000044e-01 2.984977527000000075e-01 7.894175626999999640e-01 4.921018137000000015e-01 -2.134357238930000011e-01
1.403636873501666546e+09 4.705681263599999831e+00 -1.651356027000000060e+00 7.708646060999999605e-01 2.985928621000000227e-01 7.912302458000000094e-01 4.903212020000000115e-01 -2.106706429699999883e-01
1.403636873551666498e+09 4.712607435099999798e+00 -1.624006746899999909e+00 7.686479311999999675e-01 2.987480440999999987e-01 7.938446607000000377e-01 4.877558954999999807e-01 -2.065295312840000064e-01
1.403636873601666451e+09 4.719626356100000031e+00 -1.598721217900000102e+00 7.659166190999999735e-01 2.989457987999999955e-01 7.963940441000000314e-01 4.853183789000000137e-01 -2.021237420399999984e-01
1.403636873651666403e+09 4.726173998500000195e+00 -1.575309995500000060e+00 7.628411493000000210e-01 2.995267576000000265e-01 7.984168643000000287e-01 4.833773955999999816e-01 -1.978901861559999864e-01
1.403636873701666594e+09 4.732242404800000024e+00 -1.554869349599999895e+00 7.596719970999999960e-01 2.987783767000000146e-01 8.007449774999999548e-01 4.810084197999999756e-01 -1.953710897329999918e-01
1.403636873751666546e+09 4.738059065799999914e+00 -1.537416346299999903e+00 7.567329307000000282e-01 2.975899054000000210e-01 8.020720935999999801e-01 4.800016069999999968e-01 -1.942139597199999956e-01
1.403636873801666498e+09 4.743392913900000174e+00 -1.523365114099999973e+00 7.543856706999999551e-01 2.965752254999999837e-01 8.023735198000000457e-01 4.805183552000000247e-01 -1.932407324900000112e-01
1.403636873851666451e+09 4.747314010500000236e+00 -1.512892286500000072e+00 7.524233107000000143e-01 2.961985885999999790e-01 8.031177202999999487e-01 4.794979859999999872e-01 -1.932614936760000124e-01
1.403636873901666641e+09 4.750140911899999985e+00 -1.505372773099999950e+00 7.505890570000000039e-01 2.964579849999999794e-01 8.036037620000000548e-01 4.785175671999999936e-01 -1.932733677740000044e-01
1.403636873951666355e+09 4.751683775400000087e+00 -1.500214549799999908e+00 7.489467780999999880e-01 2.977456376000000016e-01 8.040200134999999637e-01 4.771598779999999818e-01 -1.929191644649999871e-01
1.403636874001666546e+09 4.752394866899999570e+00 -1.497748068099999941e+00 7.475243800999999966e-01 2.987460632999999754e-01 8.047012476999999553e-01 4.756013432000000263e-01 -1.923799727040000074e-01
1.403636874051666498e+09 4.752012060400000237e+00 -1.496981096300000091e+00 7.464560934999999731e-01 2.993803171000000152e-01 8.051908375999999867e-01 4.746391581000000137e-01 -1.917206572459999869e-01
1.403636874101666451e+09 4.751289247699999940e+00 -1.498322638000000095e+00 7.458627755000000192e-01 2.990083640000000265e-01 8.053126352999999682e-01 4.746684338000000114e-01 -1.917170718379999916e-01
1.403636874151666403e+09 4.749956389800000345e+00 -1.501317798799999936e+00 7.459429510999999735e-01 2.981937156999999727e-01 8.055327818999999945e-01 4.748142035999999844e-01 -1.917000710990000023e-01
1.403636874201666594e+09 4.748440951100000085e+00 -1.506439001099999953e+00 7.465621724000000015e-01 2.972470171000000105e-01 8.053233529000000113e-01 4.759116161999999983e-01 -1.913286219349999984e-01
1.403636874251666546e+09 4.746125622300000124e+00 -1.514268240400000076e+00 7.474388694000000388e-01 2.961734616000000209e-01 8.050932632999999727e-01 4.770685936999999877e-01 -1.910802842119999900e-01
1.403636874301666498e+09 4.743016546599999828e+00 -1.525269984599999962e+00 7.483232007000000241e-01 2.946583932999999877e-01 8.035588037999999989e-01 4.804491079000000053e-01 -1.914114278550000103e-01
1.403636874351666451e+09 4.738585656999999784e+00 -1.539889478200000106e+00 7.491955772999999708e-01 2.925761157999999806e-01 8.027031676000000449e-01 4.825670970000000004e-01 -1.928622255640000116e-01
1.403636874401666641e+09 4.732939750399999923e+00 -1.557685387999999893e+00 7.502398719999999743e-01 2.901878119999999894e-01 8.011644198999999800e-01 4.856090408000000025e-01 -1.952190192269999958e-01
1.403636874451666355e+09 4.726219650800000061e+00 -1.578346665700000040e+00 7.514169057999999790e-01 2.885785526999999906e-01 7.998173900999999697e-01 4.875911562999999949e-01 -1.981651474699999971e-01
1.403636874501666546e+09 4.718875828199999845e+00 -1.600904491299999899e+00 7.526456642000000086e-01 2.888594821000000090e-01 7.977899938000000413e-01 4.897357116000000121e-01 -2.006246699099999975e-01
1.403636874551666498e+09 4.711078101900000092e+00 -1.625001230100000083e+00 7.540670646999999560e-01 2.903558211999999750e-01 7.957268831999999570e-01 4.912913181999999934e-01 -2.028424636410000037e-01
1.403636874601666451e+09 4.703270583700000174e+00 -1.651653943099999911e+00 7.552682180999999995e-01 2.909450498000000218e-01 7.934722065999999518e-01 4.935620685000000063e-01 -2.053029953299999877e-01
1.403636874651666403e+09 4.695218450599999649e+00 -1.680543583600000002e+00 7.561570072000000087e-01 2.905102990999999801e-01 7.911484563999999775e-01 4.960322632999999981e-01 -2.089016031410000085e-01
1.403636874701666594e+09 4.687129215699999740e+00 -1.710192222499999914e+00 7.564927855999999950e-01 2.898655117999999753e-01 7.886201896000000211e-01 4.990650622999999730e-01 -2.121090408609999922e-01
1.403636874751666546e+09 4.678514909899999630e+00 -1.739737257100000045e+00 7.561329168999999517e-01 2.886823803999999938e-01 7.867638068000000207e-01 5.015078187999999493e-01 -2.148373879640000095e-01
1.403636874801666498e+09 4.670162325799999792e+00 -1.768842474299999967e+00 7.550638203999999742e-01 2.870628709999999972e-01 7.849474427999999504e-01 5.041711971000000236e-01 -2.174024473439999938e-01
1.403636874851666451e+09 4.661745174900000066e+00 -1.797284835299999939e+00 7.535332801999999885e-01 2.840449713000000043e-01 7.842850337000000227e-01 5.054682360000000152e-01 -2.207199642309999876e-01
1.403636874901666641e+09 4.654170148599999557e+00 -1.824139352400000025e+00 7.518874554000000154e-01 2.804248295999999807e-01 7.832303274999999898e-01 5.078263106999999499e-01 -2.236618141689999950e-01
1.403636874951666355e+09 4.646682097600000283e+00 -1.848199734999999899e+00 7.505211175999999540e-01 2.780309880999999872e-01 7.825948500999999613e-01 5.090275355000000168e-01 -2.261305780729999937e-01
1.403636875001666546e+09 4.639831028399999724e+00 -1.869043066399999953e+00 7.492841153000000531e-01 2.782207026999999888e-01 7.808519792000000459e-01 5.104541485000000378e-01 -2.286919093500000000e-01
1.403636875051666498e+09 4.632159996699999560e+00 -1.886579245200000088e+00 7.482049685999999644e-01 2.821818748000000099e-01 7.801953869000000097e-01 5.080774585999999760e-01 -2.313565296819999895e-01
1.403636875101666451e+09 4.624010807600000383e+00 -1.900837083399999905e+00 7.470729799999999976e-01 2.896948104000000024e-01 7.797309557999999585e-01 5.034581152999999532e-01 -2.337230829320000036e-01
1.403636875151666403e+09 4.616280073899999614e+00 -1.913271865300000041e+00 7.458245554000000332e-01 2.995429137999999769e-01 7.811876519999999546e-01 4.947707879000000086e-01 -2.349931118069999991e-01
1.403636875201666594e+09 4.610171825900000186e+00 -1.924710428999999889e+00 7.444021619999999784e-01 3.089408672000000244e-01 7.829547023999999800e-01 4.855275652000000108e-01 -2.362212054479999879e-01
1.403636875251666546e+09 4.605205562200000102e+00 -1.935108134100000044e+00 7.426415531000000181e-01 3.165545745000000188e-01 7.869071232000000027e-01 4.741760460000000177e-01 -2.360666394200000018e-01
1.403636875301666498e+09 4.601927258299999934e+00 -1.945121586399999991e+00 7.407528689000000277e-01 3.213733591999999861e-01 7.921456298000000285e-01 4.623432447999999972e-01 -2.355062404250000130e-01
1.403636875351666451e+09 4.600562387700000144e+00 -1.955290689399999948e+00 7.392888194000000190e-01 3.228900860000000206e-01 7.987394257000000053e-01 4.499543104000000016e-01 -2.351562049600000037e-01
1.403636875401666641e+09 4.602105069700000328e+00 -1.965430948799999911e+00 7.380583070999999773e-01 3.216706068999999890e-01 8.055171936999999671e-01 4.388223515999999935e-01 -2.347445739550000077e-01
1.403636875451666355e+09 4.607318982699999843e+00 -1.975341650899999912e+00 7.373038214999999562e-01 3.188841036999999767e-01 8.115486022000000244e-01 4.296609746999999757e-01 -2.347194954680000001e-01
1.403636875501666546e+09 4.616411793100000160e+00 -1.984444836099999998e+00 7.366874875000000156e-01 3.149465815999999974e-01 8.169163850999999754e-01 4.225613040000000264e-01 -2.343036808819999872e-01
1.403636875551666498e+09 4.629181606899999579e+00 -1.992097370400000012e+00 7.363460351999999709e-01 3.108901741999999802e-01 8.219812252000000541e-01 4.157475073999999937e-01 -2.341968723539999964e-01
1.403636875601666451e+09 4.645373762500000225e+00 -1.997878744999999956e+00 7.360560158000000186e-01 3.075847221999999936e-01 8.257377576000000108e-01 4.110900560999999898e-01 -2.335674636629999912e-01
1.403636875651666403e+09 4.663661944100000234e+00 -2.001011835799999972e+00 7.361848519999999452e-01 3.065090959999999809e-01 8.292190551000000465e-01 4.055436037999999854e-01 -2.323409525379999951e-01
1.403636875701666594e+09 4.683685780800000309e+00 -2.001497548900000201e+00 7.358422795000000294e-01 3.080128281000000245e-01 8.321027761000000522e-01 4.000633357000000223e-01 -2.295264587149999924e-01
1.403636875751666546e+09 4.704208905599999824e+00 -1.999103985000000083e+00 7.355022786999999562e-01 3.115466076999999778e-01 8.352315218000000430e-01 3.929824225999999920e-01 -2.255921801670000004e-01
1.403636875801666498e+09 4.725929927500000183e+00 -1.995452352800000106e+00 7.345447702999999828e-01 3.145650928000000013e-01 8.385170437000000199e-01 3.861836880000000249e-01 -2.209075122230000077e-01
1.403636875851666451e+09 4.747766913699999591e+00 -1.989979768199999999e+00 7.338142238000000539e-01 3.165453695000000067e-01 8.426216007000000285e-01 3.788971490999999969e-01 -2.149995754850000107e-01
1.403636875901666641e+09 4.769640543999999593e+00 -1.982834420899999950e+00 7.333259963999999576e-01 3.178566683999999865e-01 8.474472030999999905e-01 3.706636305000000076e-01 -2.083479044129999957e-01
1.403636875951666355e+09 4.791042903800000197e+00 -1.973443711200000061e+00 7.338516522000000375e-01 3.199141068999999948e-01 8.524532870000000040e-01 3.613068735000000142e-01 -2.010863021440000009e-01
1.403636876001666546e+09 4.811758348999999768e+00 -1.961536789700000005e+00 7.350632727999999450e-01 3.234714591000000250e-01 8.571738446000000122e-01 3.504555065000000136e-01 -1.944226151460000107e-01
1.403636876051666498e+09 4.831556043900000041e+00 -1.946204742599999982e+00 7.368206296000000544e-01 3.298842535000000020e-01 8.608124112999999689e-01 3.399514036999999878e-01 -1.860414335630000138e-01
1.403636876101666451e+09 4.849518057100000057e+00 -1.928498041599999935e+00 7.391678809999999711e-01 3.372910809999999926e-01 8.640134402000000380e-01 3.284218313999999750e-01 -1.784785770750000056e-01
1.403636876151666403e+09 4.864952104700000390e+00 -1.908618504199999899e+00 7.412791953999999794e-01 3.445111657000000105e-01 8.665648258000000492e-01 3.176426822999999788e-01 -1.716991138420000118e-01
1.403636876201666594e+09 4.877792785599999625e+00 -1.887105852899999991e+00 7.431965244999999554e-01 3.498476535000000220e-01 8.690997174000000269e-01 3.077182647000000215e-01 -1.660776026549999895e-01
1.403636876251666546e+09 4.888077309999999898e+00 -1.863849851299999916e+00 7.440633831999999837e-01 3.531367205000000009e-01 8.719491738000000325e-01 2.987535169000000157e-01 -1.604538287110000017e-01
1.403636876301666498e+09 4.895450128900000308e+00 -1.838561047400000037e+00 7.443426182000000280e-01 3.538567397999999864e-01 8.748475398999999708e-01 2.921268315000000171e-01 -1.552066491690000105e-01
1.403636876351666451e+09 4.900050384900000111e+00 -1.811136970199999974e+00 7.434369575999999480e-01 3.533692734000000168e-01 8.781515227999999729e-01 2.855725016999999810e-01 -1.497611629349999973e-01
1.403636876401666641e+09 4.901607695800000108e+00 -1.781355286499999968e+00 7.424174735999999886e-01 3.523732057999999778e-01 8.807872637000000449e-01 2.813880536000000210e-01 -1.444565097670000020e-01
1.403636876451666355e+09 4.900154431199999827e+00 -1.749557534200000042e+00 7.409538566000000159e-01 3.534656439000000150e-01 8.825264590000000409e-01 2.774983410999999900e-01 -1.385776258449999965e-01
1.403636876501666546e+09 4.895616302699999700e+00 -1.716481933000000071e+00 7.397949311000000527e-01 3.569315963999999952e-01 8.821682961000000267e-01 2.767331096999999795e-01 -1.334080916810000128e-01
1.403636876551666498e+09 4.887287183299999782e+00 -1.683311562999999955e+00 7.394776634999999931e-01 3.625131303999999943e-01 8.801791893000000533e-01 2.768031119000000095e-01 -1.313349239499999876e-01
1.403636876601666451e+09 4.875834240299999678e+00 -1.650446731199999961e+00 7.396359770999999528e-01 3.691386978999999791e-01 8.765962564000000512e-01 2.800519157999999953e-01 -1.299482569659999864e-01
1.403636876651666403e+09 4.860673874999999811e+00 -1.619176933000000096e+00 7.405299502000000089e-01 3.755518205999999748e-01 8.723503580999999452e-01 2.842432778999999798e-01 -1.310398478550000023e-01
1.403636876701666594e+09 4.842321930899999849e+00 -1.591335048699999977e+00 7.420325424999999475e-01 3.798335147999999939e-01 8.680243924999999638e-01 2.902268432999999814e-01 -1.342703780869999863e-01
1.403636876751666546e+09 4.821211966599999954e+00 -1.567139648499999982e+00 7.438900215999999510e-01 3.825952491999999872e-01 8.634925962999999705e-01 2.980263773999999866e-01 -1.384979772609999937e-01
1.403636876801666498e+09 4.797845786899999965e+00 -1.547357053400000071e+00 7.454979285999999705e-01 3.848386497999999878e-01 8.582765942000000203e-01 3.080976603000000202e-01 -1.426055158669999878e-01
1.403636876851666451e+09 4.772428761999999658e+00 -1.532777910400000110e+00 7.466505131999999767e-01 3.863724974000000145e-01 8.525534752000000216e-01 3.196794325999999797e-01 -1.472206695609999949e-01
1.403636876901666641e+09 4.744687229600000222e+00 -1.523354534899999946e+00 7.475823726000000446e-01 3.879286759000000195e-01 8.459856140000000524e-01 3.319407097000000029e-01 -1.537369462679999965e-01
1.403636876951666355e+09 4.715281326100000392e+00 -1.519270866500000094e+00 7.477712573000000473e-01 3.890283748000000208e-01 8.387767179999999767e-01 3.447876429000000242e-01 -1.619630272769999879e-01
1.403636877001666546e+09 4.684817558299999796e+00 -1.520584540300000009e+00 7.477747188000000156e-01 3.887923368999999796e-01 8.310958082999999608e-01 3.585020320000000260e-01 -1.720365347289999902e-01
1.403636877051666498e+09 4.654446644000000077e+00 -1.527124963699999949e+00 7.473696181000000216e-01 3.873048069999999732e-01 8.225558045999999957e-01 3.743949572999999975e-01 -1.822782232869999963e-01
1.403636877101666451e+09 4.624433428899999754e+00 -1.538823886899999938e+00 7.473225804999999999e-01 3.844052466999999806e-01 8.137113740000000428e-01 3.905893143999999984e-01 -1.937689180219999974e-01
1.403636877151666403e+09 4.595986789000000350e+00 -1.555499633099999945e+00 7.471241226000000513e-01 3.804964089000000271e-01 8.038783122999999531e-01 4.088927954000000087e-01 -2.044720608820000118e-01
1.403636877201666594e+09 4.568831315399999760e+00 -1.576887930799999893e+00 7.473307856999999998e-01 3.747229789000000033e-01 7.946857671000000511e-01 4.257481041999999771e-01 -2.163233051490000003e-01
1.403636877251666546e+09 4.543726694600000116e+00 -1.601946353300000014e+00 7.478406484999999826e-01 3.686817742999999870e-01 7.853355882000000454e-01 4.423894515999999832e-01 -2.271856866899999994e-01
1.403636877301666498e+09 4.522099692100000290e+00 -1.630938604800000080e+00 7.485494877999999686e-01 3.626118087999999906e-01 7.763923333000000149e-01 4.576256120000000149e-01 -2.372897386299999967e-01
1.403636877351666451e+09 4.503911528899999794e+00 -1.662315308699999994e+00 7.490570615999999626e-01 3.565204330999999782e-01 7.667140420000000400e-01 4.736932193999999763e-01 -2.462874184480000062e-01
1.403636877401666641e+09 4.489515561000000154e+00 -1.695314993300000017e+00 7.495668744000000272e-01 3.498529282999999768e-01 7.575426499999999841e-01 4.887887731000000180e-01 -2.545930031759999768e-01
1.403636877451666355e+09 4.479114783200000005e+00 -1.729552702199999903e+00 7.494510127000000299e-01 3.424812235999999954e-01 7.491243213999999595e-01 5.027785329999999719e-01 -2.621700005909999853e-01
1.403636877501666546e+09 4.472651168199999638e+00 -1.763832596699999922e+00 7.487436736000000481e-01 3.341020948000000268e-01 7.420828933999999988e-01 5.152075157000000072e-01 -2.687935737280000015e-01
1.403636877551666498e+09 4.470458879099999727e+00 -1.797908281800000063e+00 7.476103846999999636e-01 3.250061083999999934e-01 7.372748809000000403e-01 5.249114368999999725e-01 -2.743442416710000220e-01
1.403636877601666451e+09 4.472729520599999731e+00 -1.830801468800000054e+00 7.460862683000000217e-01 3.155118410000000151e-01 7.338878587999999592e-01 5.334105583999999567e-01 -2.780900305519999893e-01
1.403636877651666403e+09 4.479385921199999565e+00 -1.862021113399999983e+00 7.445209908000000043e-01 3.070796689999999995e-01 7.315683486999999818e-01 5.401172068999999798e-01 -2.806835066319999794e-01
1.403636877701666594e+09 4.489605390600000412e+00 -1.891268364599999918e+00 7.433020288999999670e-01 2.984543930999999928e-01 7.309187280000000175e-01 5.442866000999999621e-01 -2.836104462740000054e-01
1.403636877751666546e+09 4.503161761100000327e+00 -1.917941246400000077e+00 7.424548367000000093e-01 2.914836639999999757e-01 7.316969529000000305e-01 5.463496318999999657e-01 -2.848840509130000087e-01
1.403636877801666498e+09 4.519760902099999811e+00 -1.941927062500000023e+00 7.414331888999999842e-01 2.863813619000000199e-01 7.338029763000000205e-01 5.466765998999999487e-01 -2.840133846640000015e-01
1.403636877851666451e+09 4.538211851399999830e+00 -1.963203975599999929e+00 7.401758810999999882e-01 2.821441767000000267e-01 7.379482944999999905e-01 5.443919039000000293e-01 -2.818943652529999899e-01
1.403636877901666641e+09 4.558514103400000295e+00 -1.981014251700000006e+00 7.382938932999999482e-01 2.794076286000000131e-01 7.424770652000000082e-01 5.416874226000000236e-01 -2.779099151130000056e-01
1.403636877951666355e+09 4.580387863500000378e+00 -1.995450830400000042e+00 7.358691375999999451e-01 2.775276680000000051e-01 7.482998280999999530e-01 5.376627442000000423e-01 -2.719274429229999734e-01
1.403636878001666546e+09 4.603467775700000431e+00 -2.006517574300000106e+00 7.330423081000000396e-01 2.772203496000000267e-01 7.542670443000000224e-01 5.325376168000000021e-01 -2.657701830740000215e-01
1.403636878051666498e+09 4.627183333499999662e+00 -2.013304636199999997e+00 7.296257030999999671e-01 2.790741004999999775e-01 7.605952910000000067e-01 5.262135145999999875e-01 -2.582862498430000264e-01
1.403636878101666451e+09 4.650609290500000270e+00 -2.015960004800000149e+00 7.262266581999999859e-01 2.822415450999999909e-01 7.677405228000000470e-01 5.173489991999999926e-01 -2.515237818020000238e-01
1.403636878151666403e+09 4.674054765200000183e+00 -2.014200179199999940e+00 7.227373422999999741e-01 2.872369253000000011e-01 7.749692168999999797e-01 5.070354726000000367e-01 -2.446072181550000002e-01
1.403636878201666594e+09 4.697490433099999585e+00 -2.008605679400000010e+00 7.197505003999999929e-01 2.922061061999999820e-01 7.815539351000000412e-01 4.964346174000000000e-01 -2.394612884429999922e-01
1.403636878251666546e+09 4.720657099000000301e+00 -1.998892416399999927e+00 7.166515701000000238e-01 2.976040343999999949e-01 7.881165014000000024e-01 4.853364228000000002e-01 -2.339931104490000080e-01
1.403636878301666498e+09 4.742879814300000163e+00 -1.986105797500000048e+00 7.140103893000000479e-01 3.016535757000000095e-01 7.947897629000000297e-01 4.733103565999999818e-01 -2.308498633009999912e-01
1.403636878351666451e+09 4.764085940800000252e+00 -1.969901502699999973e+00 7.116899868999999601e-01 3.056675101999999922e-01 8.015083378999999786e-01 4.607088254999999744e-01 -2.278138177590000035e-01
1.403636878401666641e+09 4.784055941900000164e+00 -1.950043219000000105e+00 7.098480669000000187e-01 3.099383152999999891e-01 8.081117906000000461e-01 4.484066089000000033e-01 -2.232153391089999883e-01
1.403636878451666355e+09 4.802470143699999916e+00 -1.927164238600000079e+00 7.086608972000000284e-01 3.142413014000000060e-01 8.145944783999999883e-01 4.362751713999999947e-01 -2.176056410720000056e-01
1.403636878501666546e+09 4.818685954600000265e+00 -1.901298128000000087e+00 7.086800803999999676e-01 3.193006797999999868e-01 8.201348754999999713e-01 4.255069336999999785e-01 -2.106411907350000112e-01
1.403636878551666498e+09 4.831835843300000377e+00 -1.873270479499999919e+00 7.099556952000000143e-01 3.243384852000000262e-01 8.256409703000000544e-01 4.142047195999999931e-01 -2.038528525359999954e-01
1.403636878601666451e+09 4.842011997000000179e+00 -1.843218990800000068e+00 7.121408182999999781e-01 3.299692949999999958e-01 8.300890281999999676e-01 4.044655710999999765e-01 -1.961633796099999938e-01
1.403636878651666403e+09 4.849034609600000323e+00 -1.811897756300000051e+00 7.151024526000000492e-01 3.357765247000000230e-01 8.338123133000000520e-01 3.951213378999999803e-01 -1.894473015229999890e-01
1.403636878701666594e+09 4.853271638399999865e+00 -1.779410864799999992e+00 7.184487713999999636e-01 3.423805916000000060e-01 8.363939404000000355e-01 3.875190142000000115e-01 -1.817958215400000133e-01
1.403636878751666546e+09 4.854605867700000132e+00 -1.746871996899999946e+00 7.223010785000000267e-01 3.492848463000000070e-01 8.376968835000000446e-01 3.813925483999999755e-01 -1.755099754539999890e-01
1.403636878801666498e+09 4.853158707599999566e+00 -1.715169623600000026e+00 7.261584403999999937e-01 3.552725590999999961e-01 8.386903046000000472e-01 3.754108237000000070e-01 -1.716003938579999943e-01
1.403636878851666451e+09 4.849403808499999968e+00 -1.683779170400000025e+00 7.298038957000000382e-01 3.596090471999999760e-01 8.392240410000000317e-01 3.714564611999999766e-01 -1.685361672029999924e-01
1.403636878901666641e+09 4.843929766199999598e+00 -1.654335756000000046e+00 7.324308616000000383e-01 3.612112558999999723e-01 8.401263204000000151e-01 3.683510474999999729e-01 -1.674267010250000132e-01
1.403636878951666355e+09 4.836306644399999577e+00 -1.626378417700000023e+00 7.347369082000000384e-01 3.613044906999999806e-01 8.409690626000000391e-01 3.666980308000000188e-01 -1.666212920829999999e-01
1.403636879001666546e+09 4.826726619699999610e+00 -1.600687892500000098e+00 7.364605095999999795e-01 3.602762970999999759e-01 8.416732940000000163e-01 3.664029296999999907e-01 -1.659395943430000131e-01
1.403636879051666498e+09 4.814558773999999985e+00 -1.577323595099999975e+00 7.386524459000000098e-01 3.598501259999999924e-01 8.420261889000000277e-01 3.657509874000000050e-01 -1.665112585749999874e-01
1.403636879101666451e+09 4.799669196299999996e+00 -1.556257229999999936e+00 7.416087601999999945e-01 3.616336023999999760e-01 8.408718897000000414e-01 3.655738243000000165e-01 -1.688531363939999863e-01
1.403636879151666403e+09 4.782567823900000015e+00 -1.538282589000000034e+00 7.452973280000000367e-01 3.653952611999999878e-01 8.381901451000000058e-01 3.657469568000000226e-01 -1.736454642040000107e-01
1.403636879201666594e+09 4.763604071699999665e+00 -1.523029248600000107e+00 7.492062613000000093e-01 3.709765534000000198e-01 8.343326881000000528e-01 3.667422861999999895e-01 -1.782286673350000072e-01
1.403636879251666546e+09 4.743681131899999848e+00 -1.511507883900000015e+00 7.530908921000000200e-01 3.766519882000000097e-01 8.295517821000000236e-01 3.696729786999999878e-01 -1.825349539610000016e-01
1.403636879301666498e+09 4.722691628799999819e+00 -1.504316980600000075e+00 7.567765137999999947e-01 3.813428830999999741e-01 8.245598262000000123e-01 3.733262875000000203e-01 -1.878993920079999880e-01
1.403636879351666451e+09 4.701746156799999632e+00 -1.501341921200000096e+00 7.604367577999999739e-01 3.848073336999999761e-01 8.183966298999999500e-01 3.805506233000000016e-01 -1.932136001230000122e-01
1.403636879401666641e+09 4.680733324400000228e+00 -1.503000213199999990e+00 7.636767255999999948e-01 3.867463488999999810e-01 8.121524806000000041e-01 3.887057156000000013e-01 -1.993576599050000120e-01
1.403636879451666355e+09 4.659941670700000316e+00 -1.509537802799999939e+00 7.667657379000000217e-01 3.864717222999999868e-01 8.049544227999999579e-01 3.998887078999999733e-01 -2.068260292720000004e-01
1.403636879501666546e+09 4.640017116300000133e+00 -1.520475300800000040e+00 7.696665110000000531e-01 3.847623579000000182e-01 7.978767144999999728e-01 4.116401328000000026e-01 -2.142500350730000003e-01
1.403636879551666498e+09 4.622023345399999705e+00 -1.535690432200000011e+00 7.723700050999999789e-01 3.813171920000000270e-01 7.909234538999999620e-01 4.245749650000000264e-01 -2.208469792930000120e-01
1.403636879601666451e+09 4.604728097699999800e+00 -1.554601480100000099e+00 7.756283959999999977e-01 3.765856766999999827e-01 7.850542501999999701e-01 4.356409858999999996e-01 -2.282323020960000115e-01
1.403636879651666403e+09 4.589328983999999778e+00 -1.576956526300000050e+00 7.794171870999999641e-01 3.713424925000000099e-01 7.797359456000000355e-01 4.452406582999999807e-01 -2.363839346609999947e-01
1.403636879701666594e+09 4.576188730900000223e+00 -1.602574792900000045e+00 7.833672954999999494e-01 3.654378457999999941e-01 7.749742821999999753e-01 4.540411230999999992e-01 -2.443700089730000136e-01
1.403636879751666546e+09 4.565268037400000090e+00 -1.630521250099999930e+00 7.871171730999999561e-01 3.589459628000000180e-01 7.707823526000000536e-01 4.623089141999999763e-01 -2.516402762589999842e-01
1.403636879801666498e+09 4.557585525300000384e+00 -1.660067635100000105e+00 7.897108109999999570e-01 3.523181209999999841e-01 7.669274783999999734e-01 4.707680604999999741e-01 -2.570439994379999926e-01
1.403636879851666451e+09 4.553196032499999824e+00 -1.690045388299999951e+00 7.913997584999999946e-01 3.454702798000000019e-01 7.642395705000000206e-01 4.779943327000000242e-01 -2.609781266660000099e-01
1.403636879901666641e+09 4.552619620699999814e+00 -1.719664330400000107e+00 7.922262911999999879e-01 3.392398859999999905e-01 7.622791600999999639e-01 4.847446129999999909e-01 -2.624298802780000162e-01
1.403636879951666355e+09 4.556180945899999557e+00 -1.748307361900000023e+00 7.931107706000000146e-01 3.331263547000000158e-01 7.614456984999999900e-01 4.897159461000000213e-01 -2.634493731890000245e-01
1.403636880001666546e+09 4.563850074200000329e+00 -1.774458604499999925e+00 7.938068690999999788e-01 3.280064514000000098e-01 7.609142416999999936e-01 4.940526289000000126e-01 -2.633121428410000187e-01
1.403636880051666498e+09 4.575252815499999848e+00 -1.796732626000000055e+00 7.944914591999999720e-01 3.237156949000000172e-01 7.605525976000000465e-01 4.974334380000000055e-01 -2.633018608289999785e-01
1.403636880101666451e+09 4.590092566900000115e+00 -1.814461429599999898e+00 7.950980104000000548e-01 3.213960316999999733e-01 7.608082540999999699e-01 4.991989741000000258e-01 -2.620606332889999779e-01
1.403636880151666403e+09 4.607796884299999896e+00 -1.827126926500000081e+00 7.958372092000000064e-01 3.210367507999999925e-01 7.612722386000000396e-01 4.996064890999999952e-01 -2.603715412479999936e-01
1.403636880201666594e+09 4.627731966599999858e+00 -1.835036609499999916e+00 7.963532436000000381e-01 3.232824053000000197e-01 7.636123014000000264e-01 4.959947628999999969e-01 -2.576313930520000017e-01
1.403636880251666546e+09 4.649322510900000260e+00 -1.838602965099999986e+00 7.969344535000000285e-01 3.279864111999999943e-01 7.665588317999999513e-01 4.902651847000000229e-01 -2.538750087669999767e-01
1.403636880301666498e+09 4.672404440300000239e+00 -1.838987264600000060e+00 7.971888034999999872e-01 3.342248435999999878e-01 7.710556477000000131e-01 4.815175923000000191e-01 -2.488126811880000122e-01
1.403636880351666451e+09 4.696022938899999666e+00 -1.837032124100000052e+00 7.977248364000000258e-01 3.412537475999999903e-01 7.758723862999999943e-01 4.717853120000000122e-01 -2.428714458150000033e-01
1.403636880401666641e+09 4.720102291899999969e+00 -1.834182862300000050e+00 7.993307349999999589e-01 3.490542044000000121e-01 7.805418938000000528e-01 4.618510791000000060e-01 -2.358158077639999906e-01
1.403636880451666355e+09 4.744611906800000334e+00 -1.831883965400000092e+00 8.019117982000000255e-01 3.567338989000000127e-01 7.855048475000000474e-01 4.512151420000000135e-01 -2.283154738790000027e-01
1.403636880501666546e+09 4.768846641999999747e+00 -1.831804353399999918e+00 8.059085539000000464e-01 3.631999370999999810e-01 7.897828572999999741e-01 4.419880163000000084e-01 -2.213039482620000054e-01
1.403636880551666498e+09 4.792310680900000008e+00 -1.834419904099999998e+00 8.098312176999999945e-01 3.681882658999999780e-01 7.946352837000000280e-01 4.327370295999999894e-01 -2.138476795179999890e-01
1.403636880601666451e+09 4.814829880199999579e+00 -1.840343851899999938e+00 8.140691101999999457e-01 3.706794925999999935e-01 7.986930882999999648e-01 4.263565193000000142e-01 -2.071380770019999873e-01
1.403636880651666403e+09 4.835697195699999895e+00 -1.850189984200000026e+00 8.175468060999999675e-01 3.704140437999999813e-01 8.030413047000000137e-01 4.211829427000000070e-01 -2.013033232860000077e-01
1.403636880701666594e+09 4.854309987299999740e+00 -1.863650357300000060e+00 8.209593906000000052e-01 3.678601577999999761e-01 8.068582185999999545e-01 4.181899587999999834e-01 -1.969159152980000105e-01
1.403636880751666546e+09 4.869943074200000055e+00 -1.879994180500000001e+00 8.238359851000000011e-01 3.644000977999999891e-01 8.102587415999999987e-01 4.159765967999999869e-01 -1.940536299389999941e-01
1.403636880801666498e+09 4.882170455099999806e+00 -1.898577958199999971e+00 8.260619631000000185e-01 3.606862549000000029e-01 8.120803557000000339e-01 4.158313786000000234e-01 -1.936883733239999905e-01
1.403636880851666451e+09 4.890667078399999923e+00 -1.918553097800000051e+00 8.279059079999999682e-01 3.572631500999999821e-01 8.124373044999999571e-01 4.171075186000000046e-01 -1.957804527099999969e-01
1.403636880901666641e+09 4.895029809200000415e+00 -1.938907565200000072e+00 8.294376070000000212e-01 3.551600146000000180e-01 8.107139764999999887e-01 4.201196903000000149e-01 -2.002589777890000089e-01
1.403636880951666355e+09 4.895362204799999617e+00 -1.958863052599999932e+00 8.306356085999999639e-01 3.552156697000000141e-01 8.074264864000000319e-01 4.236529787000000158e-01 -2.059185535320000038e-01
1.403636881001666546e+09 4.891895846599999764e+00 -1.977489381400000079e+00 8.318309623999999847e-01 3.573926673000000220e-01 8.027126914000000113e-01 4.278345121000000084e-01 -2.118500571030000057e-01
1.403636881051666498e+09 4.885077833100000433e+00 -1.994956410799999968e+00 8.329984008999999912e-01 3.607210773000000259e-01 7.967946344999999875e-01 4.328571205999999782e-01 -2.182506082429999938e-01
1.403636881101666451e+09 4.875405154800000140e+00 -2.011408459100000101e+00 8.341141402999999732e-01 3.637256755000000119e-01 7.898978890000000197e-01 4.393667848000000209e-01 -2.252149780940000123e-01
1.403636881151666403e+09 4.863485829300000063e+00 -2.026973675599999858e+00 8.350322449999999508e-01 3.644760211999999999e-01 7.829487169000000080e-01 4.467329291000000091e-01 -2.336198338380000017e-01
1.403636881201666594e+09 4.849465187699999902e+00 -2.040856698699999860e+00 8.363225198000000526e-01 3.633726528999999816e-01 7.757994538000000384e-01 4.549879148000000040e-01 -2.430669043079999869e-01
1.403636881251666546e+09 4.834196493600000366e+00 -2.052223479199999812e+00 8.377117348999999491e-01 3.608608629999999762e-01 7.685970222000000351e-01 4.641619915999999901e-01 -2.521739490800000150e-01
1.403636881301666498e+09 4.817170397199999954e+00 -2.059906687399999825e+00 8.395188679999999737e-01 3.584682464000000235e-01 7.616641330000000210e-01 4.732291517000000169e-01 -2.596583038590000170e-01
1.403636881351666451e+09 4.799321409200000055e+00 -2.063448946999999922e+00 8.410943968999999854e-01 3.568287916999999809e-01 7.551040357999999619e-01 4.820964543999999852e-01 -2.647151622560000028e-01
1.403636881401666641e+09 4.780020098399999640e+00 -2.062443460299999920e+00 8.424439191000000493e-01 3.559417279000000045e-01 7.497433734999999766e-01 4.892043298000000040e-01 -2.680848445549999792e-01
1.403636881451666355e+09 4.759752245299999629e+00 -2.056566573900000083e+00 8.432806791000000413e-01 3.570169368000000176e-01 7.441889872000000405e-01 4.960233762999999851e-01 -2.695968627459999767e-01
1.403636881501666546e+09 4.738923375499999757e+00 -2.046426375099999806e+00 8.438347996999999712e-01 3.596530105999999893e-01 7.393917238999999642e-01 5.007334857999999889e-01 -2.705837520150000119e-01
1.403636881551666498e+09 4.718542042600000208e+00 -2.031897705300000023e+00 8.438816801999999839e-01 3.635888456999999963e-01 7.339129908999999508e-01 5.059946744000000107e-01 -2.704519598680000247e-01
1.403636881601666451e+09 4.698548003299999998e+00 -2.013912606499999924e+00 8.436648834000000097e-01 3.669806890000000266e-01 7.296835848999999596e-01 5.093793902000000040e-01 -2.709606550820000126e-01
1.403636881651666403e+09 4.680065236599999956e+00 -1.992204342399999994e+00 8.426220166000000233e-01 3.697609229000000108e-01 7.249459609999999721e-01 5.142688077000000524e-01 -2.706617942969999913e-01
1.403636881701666594e+09 4.662570581499999811e+00 -1.967341900599999915e+00 8.408841611999999799e-01 3.718542449000000194e-01 7.218718465000000251e-01 5.177424046999999918e-01 -2.693849664860000215e-01
1.403636881751666546e+09 4.646341205899999771e+00 -1.940018684300000018e+00 8.382847100000000440e-01 3.725547330000000268e-01 7.201321853000000051e-01 5.208146488999999546e-01 -2.671417376310000202e-01
1.403636881801666498e+09 4.631228379999999589e+00 -1.910836337000000107e+00 8.351252573999999873e-01 3.737216214999999897e-01 7.204076430000000419e-01 5.214610309999999638e-01 -2.634831505599999901e-01
1.403636881851666451e+09 4.617767271600000001e+00 -1.880951061099999988e+00 8.317034777999999795e-01 3.743842685000000059e-01 7.226795309000000334e-01 5.193928785000000437e-01 -2.603876972029999792e-01
1.403636881901666641e+09 4.607190075600000156e+00 -1.851260610299999998e+00 8.277503953999999498e-01 3.741690230999999978e-01 7.261871524999999883e-01 5.158672643999999696e-01 -2.579355097820000275e-01
1.403636881951666355e+09 4.599757512100000056e+00 -1.821808015300000028e+00 8.237045709000000437e-01 3.739026961999999954e-01 7.300574186999999604e-01 5.117071223000000391e-01 -2.556731509169999916e-01
1.403636882001666546e+09 4.595355431899999843e+00 -1.793231816000000034e+00 8.195094966999999508e-01 3.740698639000000214e-01 7.341685068000000092e-01 5.063632205000000441e-01 -2.542924094890000042e-01
1.403636882051666498e+09 4.594301341100000435e+00 -1.765416171400000067e+00 8.148150001999999725e-01 3.754100642000000043e-01 7.374489712999999780e-01 5.012606592999999666e-01 -2.529309192370000070e-01
1.403636882101666451e+09 4.596463835699999834e+00 -1.739881199799999889e+00 8.090051936000000055e-01 3.770686990000000072e-01 7.406298575999999967e-01 4.959402997999999840e-01 -2.516541859840000228e-01
1.403636882151666403e+09 4.601514887999999637e+00 -1.717134780300000108e+00 8.022650892999999561e-01 3.794154056999999858e-01 7.429502064999999877e-01 4.914384835000000229e-01 -2.501142890749999959e-01
1.403636882201666594e+09 4.609038914900000172e+00 -1.697861923000000051e+00 7.947223460000000239e-01 3.829700771999999809e-01 7.450053520999999623e-01 4.866422462000000171e-01 -2.479521517519999996e-01
1.403636882251666546e+09 4.618413830799999786e+00 -1.682880457700000054e+00 7.871347792999999760e-01 3.872485453999999772e-01 7.461803313999999521e-01 4.824409061000000110e-01 -2.459761153929999888e-01
1.403636882301666498e+09 4.629214495400000295e+00 -1.672806283899999968e+00 7.793864422999999819e-01 3.908982315000000263e-01 7.465662036000000334e-01 4.792655632999999749e-01 -2.452386514590000066e-01
1.403636882351666451e+09 4.640638566499999840e+00 -1.668018296400000100e+00 7.719478888999999899e-01 3.928716389999999947e-01 7.462825131000000445e-01 4.772774303999999801e-01 -2.468208668719999999e-01
1.403636882401666641e+09 4.651724667199999885e+00 -1.667865363300000014e+00 7.642921177000000510e-01 3.936204836000000151e-01 7.449294819999999762e-01 4.776445348000000202e-01 -2.489953415349999977e-01
1.403636882451666355e+09 4.661110065899999988e+00 -1.672137266000000011e+00 7.571558557999999994e-01 3.925798817000000218e-01 7.437752709999999601e-01 4.779083554999999928e-01 -2.535408971679999901e-01
1.403636882501666546e+09 4.668446098199999561e+00 -1.679255854200000009e+00 7.500613515999999814e-01 3.910863063999999722e-01 7.418928367999999551e-01 4.794525747999999754e-01 -2.584022990170000145e-01
1.403636882551666498e+09 4.672267665099999689e+00 -1.688029224399999917e+00 7.441090868999999941e-01 3.894396006999999993e-01 7.393516742000000308e-01 4.812333677000000254e-01 -2.647835817559999749e-01
1.403636882601666451e+09 4.672520608800000197e+00 -1.696869159900000090e+00 7.385312855000000232e-01 3.901884810999999842e-01 7.353764016999999598e-01 4.833601057999999950e-01 -2.708089826619999863e-01
1.403636882651666403e+09 4.668577064199999960e+00 -1.705307351899999935e+00 7.337861494999999845e-01 3.931284710999999876e-01 7.297825945999999453e-01 4.847615095999999735e-01 -2.790585041770000108e-01
1.403636882701666594e+09 4.661100524300000103e+00 -1.713304013699999961e+00 7.292287611000000114e-01 3.983627386999999964e-01 7.217204025000000245e-01 4.857777290999999997e-01 -2.905972934769999738e-01
1.403636882751666546e+09 4.651238730400000243e+00 -1.720685140100000066e+00 7.240887280000000148e-01 4.040580436000000275e-01 7.110540774000000397e-01 4.878265151999999771e-01 -3.052285822520000025e-01
1.403636882801666498e+09 4.639793697600000044e+00 -1.727074534600000044e+00 7.173936722999999516e-01 4.104036093000000274e-01 6.989610348999999445e-01 4.907111102999999752e-01 -3.197263757800000161e-01
1.403636882851666451e+09 4.627553363599999692e+00 -1.732736888500000072e+00 7.092381347999999752e-01 4.157435622000000275e-01 6.865797815999999942e-01 4.942927021999999893e-01 -3.338266293869999735e-01
1.403636882901666641e+09 4.615038993799999822e+00 -1.737952723900000107e+00 6.996030600999999516e-01 4.191024103000000056e-01 6.756201558000000107e-01 4.983822004999999833e-01 -3.456960472300000253e-01
1.403636882951666355e+09 4.603074609200000111e+00 -1.743311790999999999e+00 6.888609825000000519e-01 4.182713130999999862e-01 6.665664714000000268e-01 5.038644217000000092e-01 -3.561725599119999752e-01
1.403636883001666546e+09 4.591968246899999606e+00 -1.748707700099999984e+00 6.769816987000000230e-01 4.146333771999999862e-01 6.593517976999999641e-01 5.106835548000000502e-01 -3.640558696630000202e-01
1.403636883051666498e+09 4.581354299200000035e+00 -1.753737566200000098e+00 6.649294817999999996e-01 4.092547863000000063e-01 6.533062380999999919e-01 5.184443814000000428e-01 -3.700228405809999899e-01
1.403636883101666451e+09 4.570856296899999727e+00 -1.757822374799999920e+00 6.529217699999999569e-01 4.072101493999999988e-01 6.473518927000000422e-01 5.248746121999999792e-01 -3.736603574790000049e-01
1.403636883151666403e+09 4.560736104600000118e+00 -1.761277806600000106e+00 6.411034821000000106e-01 4.074851051000000224e-01 6.411225203000000539e-01 5.303586811999999595e-01 -3.763475418789999916e-01
1.403636883201666594e+09 4.550891565799999761e+00 -1.764352424099999928e+00 6.295596500000000262e-01 4.103832691000000032e-01 6.345582773000000287e-01 5.343217129999999759e-01 -3.787105388040000187e-01
1.403636883251666546e+09 4.541792571700000281e+00 -1.767298448400000055e+00 6.184928567999999904e-01 4.132010529999999848e-01 6.285386229999999630e-01 5.373008105000000034e-01 -3.814602577289999963e-01
1.403636883301666498e+09 4.533809392200000232e+00 -1.770370433499999896e+00 6.086132041999999798e-01 4.142078343000000218e-01 6.239597073999999521e-01 5.389856727999999819e-01 -3.854874809959999982e-01
1.403636883351666451e+09 4.526848406000000047e+00 -1.772587802000000101e+00 5.998536893000000481e-01 4.147486467000000010e-01 6.208127345999999713e-01 5.401865929000000399e-01 -3.882957035740000062e-01
1.403636883401666641e+09 4.520817285299999710e+00 -1.774401662100000054e+00 5.924298302999999599e-01 4.143130291000000076e-01 6.185245694000000016e-01 5.407373081999999886e-01 -3.916315034649999749e-01
1.403636883451666355e+09 4.515784589899999979e+00 -1.775597053200000053e+00 5.864153917000000105e-01 4.149705026000000130e-01 6.155127178000000532e-01 5.413910123999999824e-01 -3.947649273539999837e-01
1.403636883501666546e+09 4.511930243900000193e+00 -1.776404906000000006e+00 5.819536847999999818e-01 4.160585717999999988e-01 6.115364395000000286e-01 5.420015323000000329e-01 -3.989395780430000094e-01
1.403636883551666498e+09 4.508492792000000193e+00 -1.777144284000000019e+00 5.785258031000000134e-01 4.182114438000000267e-01 6.066737100000000327e-01 5.425058771999999863e-01 -4.034024926159999747e-01
1.403636883601666451e+09 4.505532802200000297e+00 -1.777826595899999917e+00 5.752534457000000323e-01 4.199040219999999879e-01 6.019582167000000483e-01 5.433501015999999684e-01 -4.075507144369999724e-01
1.403636883651666403e+09 4.502964582599999765e+00 -1.778443659099999907e+00 5.721486964999999980e-01 4.198979671999999996e-01 5.981838488999999814e-01 5.449063651000000119e-01 -4.110216943839999915e-01
1.403636883701666594e+09 4.500979354700000101e+00 -1.778529165799999978e+00 5.693963308999999695e-01 4.203584066000000119e-01 5.945698077000000081e-01 5.481675824999999724e-01 -4.114582059019999960e-01
1.403636883751666546e+09 4.499302518900000436e+00 -1.778855586900000008e+00 5.675504882999999889e-01 4.195209941999999970e-01 5.928627718000000213e-01 5.497884092000000500e-01 -4.126118929989999740e-01
1.403636883801666498e+09 4.497944608300000091e+00 -1.778901412099999968e+00 5.655666676999999698e-01 4.188217758000000179e-01 5.916677650999999649e-01 5.509686647999999520e-01 -4.134623396320000199e-01
1.403636883851666451e+09 4.496847487500000184e+00 -1.779359098400000061e+00 5.639894287000000173e-01 4.158482151999999821e-01 5.915845536999999599e-01 5.502999946000000087e-01 -4.174540617390000152e-01
1.403636883901666641e+09 4.496063940300000006e+00 -1.779271653099999906e+00 5.619652182000000051e-01 4.143570482999999749e-01 5.900967472000000491e-01 5.511505904000000289e-01 -4.199131960449999923e-01
1.403636883951666355e+09 4.495104092200000068e+00 -1.779031113100000061e+00 5.602715541999999660e-01 4.145124208000000032e-01 5.888229064000000124e-01 5.520449076000000233e-01 -4.203729985779999789e-01
1.403636884001666546e+09 4.494425725200000166e+00 -1.778918622599999999e+00 5.598006276000000447e-01 4.157608682999999750e-01 5.859956879000000063e-01 5.522572827999999712e-01 -4.228047394409999993e-01
1.403636884051666498e+09 4.494268048800000415e+00 -1.778795341099999927e+00 5.594766387999999813e-01 4.163311302000000103e-01 5.834626555999999908e-01 5.518657439999999914e-01 -4.262439679610000032e-01
1.403636884101666451e+09 4.494392112499999925e+00 -1.778296704299999975e+00 5.588809493999999933e-01 4.160348220999999791e-01 5.815562118999999530e-01 5.510216092999999926e-01 -4.302122561039999904e-01
1.403636884151666403e+09 4.494725559900000000e+00 -1.777404939299999986e+00 5.584312850000000550e-01 4.187939454999999866e-01 5.794220162000000007e-01 5.515205448000000121e-01 -4.297753448080000038e-01
1.403636884201666594e+09 4.494876976999999663e+00 -1.777217387399999904e+00 5.585259049999999892e-01 4.213750572000000139e-01 5.771154961000000139e-01 5.509250029000000159e-01 -4.311176249229999868e-01
1.403636884251666546e+09 4.495140936900000384e+00 -1.777281078199999920e+00 5.586735111999999726e-01 4.241221055000000129e-01 5.756372776000000524e-01 5.499551917999999651e-01 -4.316381021139999996e-01
1.403636884301666498e+09 4.495600715300000161e+00 -1.777873469200000001e+00 5.587626132999999884e-01 4.245910928000000140e-01 5.753820606999999754e-01 5.490892031999999867e-01 -4.326186947499999769e-01
1.403636884351666451e+09 4.495872480700000118e+00 -1.778366278000000023e+00 5.588680967000000388e-01 4.244614492000000072e-01 5.752506286999999885e-01 5.485869195999999448e-01 -4.335568981910000175e-01
1.403636884401666641e+09 4.496043393499999929e+00 -1.778528848799999951e+00 5.587852824000000274e-01 4.242925645000000245e-01 5.753875042999999634e-01 5.483443023999999832e-01 -4.338473989750000204e-01
1.403636884451666355e+09 4.496086124099999637e+00 -1.778303027400000014e+00 5.587038415999999730e-01 4.248246744999999991e-01 5.749379073000000506e-01 5.487478875000000311e-01 -4.334122226189999760e-01
1.403636884501666546e+09 4.496200848099999980e+00 -1.778272133700000035e+00 5.586806623000000194e-01 4.249389753999999741e-01 5.749524323000000381e-01 5.487651040000000036e-01 -4.332590777129999848e-01
1.403636884551666498e+09 4.496211841700000100e+00 -1.778405540599999890e+00 5.586892114999999492e-01 4.245875496000000027e-01 5.751112858000000383e-01 5.486582924999999777e-01 -4.335279688740000248e-01
1.403636884601666451e+09 4.496346960700000395e+00 -1.778515318600000006e+00 5.587416244999999781e-01 4.246811030000000042e-01 5.749885855999999906e-01 5.485684173000000552e-01 -4.337127837329999847e-01
1.403636884651666403e+09 4.496254929900000086e+00 -1.778433184400000089e+00 5.586394407000000450e-01 4.244048485999999953e-01 5.752923116000000503e-01 5.486118065999999738e-01 -4.335255083069999849e-01
1.403636884701666594e+09 4.496407467900000121e+00 -1.778498904799999947e+00 5.585892251999999836e-01 4.244151743999999837e-01 5.752036316999999954e-01 5.486693428000000150e-01 -4.335602542959999806e-01
1.403636884751666546e+09 4.496469309100000089e+00 -1.778538309600000034e+00 5.585538527000000197e-01 4.242002301000000197e-01 5.754111614000000374e-01 5.485403158999999640e-01 -4.336584853489999780e-01
1.403636884801666498e+09 4.496439566700000334e+00 -1.778365435100000003e+00 5.584732731999999533e-01 4.244839753999999910e-01 5.752077577999999969e-01 5.487117244000000449e-01 -4.334337705729999768e-01
1.403636884851666451e+09 4.496420154299999972e+00 -1.778490576300000070e+00 5.584947015000000237e-01 4.241263493999999912e-01 5.754150707999999836e-01 5.484817039999999588e-01 -4.337996730900000042e-01
1.403636884901666641e+09 4.496396508000000125e+00 -1.778313230099999975e+00 5.584154396999999603e-01 4.244232061000000056e-01 5.752405992000000357e-01 5.486807788999999991e-01 -4.334888672119999731e-01
1.403636884951666355e+09 4.496401372500000271e+00 -1.778440375500000004e+00 5.584413683000000184e-01 4.241409412000000101e-01 5.754136958000000135e-01 5.485151869000000069e-01 -4.337448908939999792e-01
1.403636885001666546e+09 4.496378299499999898e+00 -1.778397077699999995e+00 5.583646531999999496e-01 4.242397419000000225e-01 5.753235931000000303e-01 5.486529042000000134e-01 -4.335935830559999871e-01
1.403636885051666498e+09 4.496399180900000125e+00 -1.778456094899999895e+00 5.584154685000000118e-01 4.241745464000000188e-01 5.753760776999999882e-01 5.485903712999999904e-01 -4.336668397049999735e-01
1.403636885101666451e+09 4.496363313799999872e+00 -1.778460837699999963e+00 5.584066590999999802e-01 4.241709935999999903e-01 5.754033618999999655e-01 5.485203442999999623e-01 -4.337226892420000257e-01
1.403636885151666403e+09 4.496303247200000186e+00 -1.778371615399999994e+00 5.583937034999999494e-01 4.242410642000000176e-01 5.754154403000000251e-01 5.485972743999999457e-01 -4.335407951260000226e-01
1.403636885201666594e+09 4.496287686599999667e+00 -1.778494535699999934e+00 5.584829153000000490e-01 4.240899966000000187e-01 5.755011516000000382e-01 5.484619694000000267e-01 -4.337459711339999857e-01
1.403636885251666546e+09 4.496208708100000173e+00 -1.778422797900000019e+00 5.584950945000000111e-01 4.242180225000000138e-01 5.754547231000000096e-01 5.485340493999999456e-01 -4.335911987830000092e-01
1.403636885301666498e+09 4.496170455699999735e+00 -1.778488672199999954e+00 5.585439700000000007e-01 4.241187036999999882e-01 5.754889592999999914e-01 5.484768261000000367e-01 -4.337152915949999965e-01
1.403636885351666451e+09 4.496052236999999785e+00 -1.778502043000000032e+00 5.585722438000000345e-01 4.241423068999999879e-01 5.755236316999999824e-01 5.484931562000000538e-01 -4.336255417909999910e-01
1.403636885401666641e+09 4.496020779900000264e+00 -1.778490507299999912e+00 5.586257650000000519e-01 4.242044468000000235e-01 5.755188656999999930e-01 5.484142898999999627e-01 -4.336708304249999868e-01
1.403636885451666355e+09 4.495958942699999739e+00 -1.778478308700000010e+00 5.586561496999999932e-01 4.242262069000000135e-01 5.755126465000000024e-01 5.483743996000000065e-01 -4.337082393880000164e-01
1.403636885501666546e+09 4.495906330999999589e+00 -1.778449067599999989e+00 5.586330869000000199e-01 4.242030477000000022e-01 5.755355908999999492e-01 5.483956029000000010e-01 -4.336736338020000248e-01
1.403636885551666498e+09 4.495927890699999985e+00 -1.778439532299999959e+00 5.587007106000000389e-01 4.241717320999999763e-01 5.755781722999999683e-01 5.484011927999999925e-01 -4.336406818460000201e-01
1.403636885601666451e+09 4.495999134499999883e+00 -1.778377661900000017e+00 5.587273498000000505e-01 4.242288451999999821e-01 5.755298428999999771e-01 5.483780258999999546e-01 -4.336782535320000131e-01
1.403636885651666403e+09 4.496045711299999859e+00 -1.778333923299999952e+00 5.587104028999999583e-01 4.242408142999999909e-01 5.755038247000000551e-01 5.484827909999999696e-01 -4.335685726990000100e-01
1.403636885701666594e+09 4.495967003599999678e+00 -1.778372653499999956e+00 5.587321023000000331e-01 4.240510336000000158e-01 5.756716974000000153e-01 5.483802850000000229e-01 -4.336610205120000061e-01
1.403636885751666546e+09 4.496007524500000407e+00 -1.778340226499999899e+00 5.587307591000000295e-01 4.242172222999999742e-01 5.755234501999999530e-01 5.484264278999999576e-01 -4.336368985160000133e-01
1.403636885801666498e+09 4.495946953199999818e+00 -1.778303003600000043e+00 5.587519064000000535e-01 4.240653026000000270e-01 5.756993529999999692e-01 5.483659490000000192e-01 -4.336284815609999788e-01
1.403636885851666451e+09 4.495933439399999898e+00 -1.778267500799999956e+00 5.587308913999999849e-01 4.242458586000000254e-01 5.755567623999999771e-01 5.483948458999999831e-01 -4.336046099809999776e-01
1.403636885901666641e+09 4.495917403099999987e+00 -1.778256759300000045e+00 5.586974765000000120e-01 4.239818020000000187e-01 5.757841046999999657e-01 5.483373820000000398e-01 -4.336337300840000242e-01
1.403636885951666355e+09 4.495994886500000121e+00 -1.778159760499999908e+00 5.586868683000000280e-01 4.242737142999999933e-01 5.755916357000000483e-01 5.484535324999999517e-01 -4.334568109240000133e-01
1.403636886001666546e+09 4.495906610599999631e+00 -1.778292877099999947e+00 5.587164202000000079e-01 4.239863473000000105e-01 5.757971437000000137e-01 5.482785325000000265e-01 -4.336863814010000207e-01
1.403636886051666498e+09 4.495919859399999829e+00 -1.778270120600000004e+00 5.586415698000000152e-01 4.241229388000000156e-01 5.757221933999999708e-01 5.483771714999999825e-01 -4.335275846319999737e-01
1.403636886101666451e+09 4.495933692400000403e+00 -1.778295859099999987e+00 5.586941457999999860e-01 4.240848186000000242e-01 5.757902985999999723e-01 5.483050828000000099e-01 -4.335656062920000275e-01
1.403636886151666403e+09 4.495964400100000091e+00 -1.778314003400000010e+00 5.587057630999999747e-01 4.240987449999999992e-01 5.757954011999999455e-01 5.482611280000000420e-01 -4.336007909779999725e-01
1.403636886201666594e+09 4.495955900400000260e+00 -1.778285643200000044e+00 5.586676522000000311e-01 4.241569941000000177e-01 5.757936680999999890e-01 5.483161775999999543e-01 -4.334764878199999782e-01
1.403636886251666546e+09 4.496002580399999893e+00 -1.778360232899999893e+00 5.587702154000000476e-01 4.240653099999999731e-01 5.758425652999999977e-01 5.482047159999999808e-01 -4.336421822750000099e-01
1.403636886301666498e+09 4.496016123699999589e+00 -1.778303571099999925e+00 5.587696292999999592e-01 4.241852515999999795e-01 5.757873224999999762e-01 5.483110328000000422e-01 -4.334637734039999968e-01
1.403636886351666451e+09 4.495981842199999967e+00 -1.778391733300000110e+00 5.587215736999999738e-01 4.239994691000000260e-01 5.758928547999999648e-01 5.482226731999999547e-01 -4.336170781909999827e-01
1.403636886401666641e+09 4.496000050300000161e+00 -1.778369886599999949e+00 5.587158907999999480e-01 4.241089952000000052e-01 5.758272316000000446e-01 5.482598854000000355e-01 -4.335500634580000123e-01
1.403636886451666355e+09 4.496017543799999849e+00 -1.778348246099999974e+00 5.586786703999999659e-01 4.240970126999999978e-01 5.758457640999999905e-01 5.482793874000000400e-01 -4.335125063360000253e-01
1.403636886501666546e+09 4.496047254999999687e+00 -1.778383635099999971e+00 5.587394618000000035e-01 4.240918241000000144e-01 5.758247483999999750e-01 5.482412413999999679e-01 -4.335937327859999968e-01
1.403636886551666498e+09 4.496034652199999648e+00 -1.778364766699999988e+00 5.588095885999999624e-01 4.240834089000000140e-01 5.758645822000000303e-01 5.482294645999999938e-01 -4.335639507569999940e-01
1.403636886601666451e+09 4.496037491700000110e+00 -1.778356438199999889e+00 5.587763373999999894e-01 4.240940123999999978e-01 5.758461446999999511e-01 5.482333002000000510e-01 -4.335732173140000034e-01
1.403636886651666403e+09 4.496010406899999978e+00 -1.778339828300000036e+00 5.587881597999999617e-01 4.240760552000000239e-01 5.758668021999999720e-01 5.482129129999999684e-01 -4.335891229489999832e-01
1.403636886701666594e+09 4.495996606700000342e+00 -1.778311768300000040e+00 5.587447942000000056e-01 4.240787535000000164e-01 5.758795425999999607e-01 5.482278186000000275e-01 -4.335507146140000212e-01
1.403636886751666546e+09 4.495970208900000209e+00 -1.778319064700000007e+00 5.587330489999999816e-01 4.240119124999999767e-01 5.759116039999999659e-01 5.482149012999999460e-01 -4.335898343460000137e-01
1.403636886801666498e+09 4.496018855099999989e+00 -1.778309216800000092e+00 5.587266605999999802e-01 4.240785109999999913e-01 5.758491383999999602e-01 5.482320446999999763e-01 -4.335859908429999798e-01
1.403636886851666451e+09 4.496010521199999665e+00 -1.778316860299999913e+00 5.587176064000000109e-01 4.240155563999999933e-01 5.758989703000000349e-01 5.482437140999999459e-01 -4.335666198909999824e-01
1.403636886901666641e+09 4.496029178099999690e+00 -1.778352008699999987e+00 5.587436587999999871e-01 4.239836097999999942e-01 5.758767714000000426e-01 5.482419550999999558e-01 -4.336295671059999801e-01
1.403636886951666355e+09 4.496009756400000335e+00 -1.778323148799999975e+00 5.587500069999999930e-01 4.240405186000000270e-01 5.758610500999999937e-01 5.482488280999999741e-01 -4.335861069640000176e-01
1.403636887001666546e+09 4.496010682199999664e+00 -1.778314213300000057e+00 5.588009162000000529e-01 4.240455202999999784e-01 5.758635068999999884e-01 5.482630551999999602e-01 -4.335599618400000077e-01
1.403636887051666498e+09 4.495952721400000129e+00 -1.778315770100000082e+00 5.587445275000000322e-01 4.239974993999999775e-01 5.758880500999999930e-01 5.482263070999999766e-01 -4.336207910770000229e-01
1.403636887101666451e+09 4.495957522800000383e+00 -1.778271051699999994e+00 5.587618588999999636e-01 4.240262513999999983e-01 5.758660426999999693e-01 5.482424326000000514e-01 -4.336015153489999885e-01
1.403636887151666403e+09 4.495973565699999952e+00 -1.778272554299999975e+00 5.588188078000000392e-01 4.239476441000000206e-01 5.759321084999999840e-01 5.481999905000000117e-01 -4.336442919230000248e-01
1.403636887201666594e+09 4.495986057899999722e+00 -1.778286927699999964e+00 5.588619260999999616e-01 4.239741920999999802e-01 5.758903188999999756e-01 5.482257162000000461e-01 -4.336413139609999745e-01
1.403636887251666546e+09 4.495994860599999754e+00 -1.778301446800000019e+00 5.588800111999999709e-01 4.239473409999999776e-01 5.759147910999999898e-01 5.482107573000000178e-01 -4.336539762039999801e-01
1.403636887301666498e+09 4.496009248100000022e+00 -1.778301220399999938e+00 5.589624655999999581e-01 4.239424399000000232e-01 5.759519800000000300e-01 5.481817203000000083e-01 -4.336460838119999828e-01
1.403636887351666451e+09 4.496014639100000210e+00 -1.778299602399999957e+00 5.589224270000000550e-01 4.239713344000000106e-01 5.759379473000000305e-01 5.481466831000000317e-01 -4.336807608359999899e-01
1.403636887401666641e+09 4.496007270499999819e+00 -1.778253965700000050e+00 5.588557074000000124e-01 4.239950165999999965e-01 5.759353852999999912e-01 5.482253932999999746e-01 -4.335615019899999867e-01
1.403636887451666355e+09 4.496047767800000372e+00 -1.778298336400000013e+00 5.588554587999999823e-01 4.239348283000000106e-01 5.759641184999999552e-01 5.481596197000000448e-01 -4.336653398179999841e-01
1.403636887501666546e+09 4.496059885400000233e+00 -1.778235611499999980e+00 5.587850312000000041e-01 4.239823347000000187e-01 5.759348648000000015e-01 5.482480444999999758e-01 -4.335459525600000030e-01
1.403636887551666498e+09 4.496086366400000145e+00 -1.778270526700000076e+00 5.587815031999999738e-01 4.238999070999999730e-01 5.759660704000000297e-01 5.482167423999999567e-01 -4.336246738949999791e-01
1.403636887601666451e+09 4.496056701499999697e+00 -1.778261027699999941e+00 5.587679899999999922e-01 4.239651178000000131e-01 5.759526289999999937e-01 5.481824755999999965e-01 -4.336220953409999912e-01
1.403636887651666403e+09 4.496025723899999882e+00 -1.778284128199999925e+00 5.587511885000000511e-01 4.239730158000000193e-01 5.759581352999999515e-01 5.481912063999999640e-01 -4.335960211609999893e-01
1.403636887701666594e+09 4.496010111700000422e+00 -1.778334926699999929e+00 5.587600310000000459e-01 4.239283172000000155e-01 5.759741481000000274e-01 5.481716370000000449e-01 -4.336431932889999730e-01
1.403636887751666546e+09 4.496022538300000093e+00 -1.778330095899999908e+00 5.587480280000000077e-01 4.239540713000000127e-01 5.759628384999999628e-01 5.482338678999999493e-01 -4.335543566869999865e-01
1.403636887801666498e+09 4.496045272699999984e+00 -1.778366120200000067e+00 5.587615264999999942e-01 4.238735578999999754e-01 5.759952391999999533e-01 5.481747896999999980e-01 -4.336647222219999764e-01
1.403636887851666451e+09 4.496053951700000439e+00 -1.778296883799999950e+00 5.587566271999999667e-01 4.239865455999999866e-01 5.759329133999999684e-01 5.482154937000000006e-01 -4.335855865179999991e-01
1.403636887901666641e+09 4.496045438200000355e+00 -1.778319634100000046e+00 5.587725877000000452e-01 4.238470299000000052e-01 5.760420352999999771e-01 5.481717755999999664e-01 -4.336323018439999788e-01
1.403636887951666355e+09 4.496027040000000419e+00 -1.778272298599999912e+00 5.587715726999999966e-01 4.238916751999999843e-01 5.760149142999999583e-01 5.482086898000000375e-01 -4.335780190879999774e-01
1.403636888001666546e+09 4.496016249500000228e+00 -1.778260103100000045e+00 5.587671829999999451e-01 4.238032642999999822e-01 5.760996202999999483e-01 5.481844153999999580e-01 -4.335825957939999920e-01
1.403636888051666498e+09 4.496039522700000290e+00 -1.778248803499999919e+00 5.588034254999999506e-01 4.238233359999999950e-01 5.760655362000000057e-01 5.482066304999999584e-01 -4.335801749930000004e-01
1.403636888101666451e+09 4.496041009499999852e+00 -1.778245667600000024e+00 5.587546665999999496e-01 4.237878709999999827e-01 5.760755002999999874e-01 5.481778044999999766e-01 -4.336380438379999758e-01
1.403636888151666403e+09 4.496070923599999603e+00 -1.778235325100000042e+00 5.587847353999999545e-01 4.237944070999999924e-01 5.760785535000000346e-01 5.481766764000000070e-01 -4.336290258439999823e-01
1.403636888201666594e+09 4.496056955900000318e+00 -1.778272044499999982e+00 5.587393945999999945e-01 4.237597426999999972e-01 5.760843047999999467e-01 5.481521213000000170e-01 -4.336862992070000256e-01
1.403636888251666546e+09 4.496050305099999811e+00 -1.778285551900000039e+00 5.587216336000000450e-01 4.237458282000000076e-01 5.760795762000000542e-01 5.481586971999999891e-01 -4.336978645149999756e-01
1.403636888301666498e+09 4.496055048899999740e+00 -1.778307941200000020e+00 5.587061698999999937e-01 4.237564172000000129e-01 5.760715549999999574e-01 5.481415570000000015e-01 -4.337198356509999742e-01
1.403636888351666451e+09 4.496076286800000155e+00 -1.778330699699999906e+00 5.586879259000000486e-01 4.237102984000000183e-01 5.760910583999999668e-01 5.481227596000000091e-01 -4.337627414520000002e-01
1.403636888401666641e+09 4.496075329600000003e+00 -1.778323909900000110e+00 5.586594913000000329e-01 4.237399084999999843e-01 5.760935818000000319e-01 5.481734635999999661e-01 -4.336663794410000050e-01
1.403636888451666355e+09 4.496126711999999692e+00 -1.778355360199999957e+00 5.586958471999999842e-01 4.236109040000000103e-01 5.761822419000000028e-01 5.481110716000000549e-01 -4.337534775979999813e-01
1.403636888501666546e+09 4.496129597900000441e+00 -1.778343402900000036e+00 5.586529312000000358e-01 4.236919129000000228e-01 5.761424068999999593e-01 5.481492481999999944e-01 -4.336790190009999768e-01
1.403636888551666498e+09 4.496159409499999704e+00 -1.778430849999999896e+00 5.587055890000000025e-01 4.236303054000000179e-01 5.761790494999999845e-01 5.481019820000000431e-01 -4.337502559709999761e-01
1.403636888601666451e+09 4.496088356099999572e+00 -1.778494978099999901e+00 5.587853346000000165e-01 4.237314302999999893e-01 5.761648052000000186e-01 5.480582774000000157e-01 -4.337256238409999964e-01
1.403636888651666403e+09 4.495979502099999969e+00 -1.778586018199999952e+00 5.588813618000000316e-01 4.237306679999999770e-01 5.762176868999999702e-01 5.479659077999999850e-01 -4.337728232390000160e-01
1.403636888701666594e+09 4.495896440900000179e+00 -1.778730475099999930e+00 5.589841204000000063e-01 4.238460245999999820e-01 5.760118381000000065e-01 5.480324409000000285e-01 -4.338494594930000225e-01
1.403636888751666546e+09 4.495856684099999612e+00 -1.778814514400000046e+00 5.590413407000000001e-01 4.239511170999999967e-01 5.760206442999999954e-01 5.479302677999999815e-01 -4.338641368980000190e-01
1.403636888801666498e+09 4.495863071699999658e+00 -1.778810798699999918e+00 5.589672117999999745e-01 4.238346080000000016e-01 5.759634909999999941e-01 5.480830746000000531e-01 -4.338608365370000275e-01
1.403636888851666451e+09 4.495797100199999896e+00 -1.778709134000000081e+00 5.588960312999999847e-01 4.238755277999999849e-01 5.762300098000000537e-01 5.479053787000000009e-01 -4.336913748860000140e-01
1.403636888901666641e+09 4.495840525200000215e+00 -1.778586904600000018e+00 5.589347488999999447e-01 4.237199293000000200e-01 5.764240285999999713e-01 5.477942713000000241e-01 -4.337259469470000073e-01
1.403636888951666355e+09 4.495909069499999688e+00 -1.778423135199999949e+00 5.589580599000000261e-01 4.239366469999999998e-01 5.762913858999999528e-01 5.477844205999999883e-01 -4.337028780450000176e-01
1.403636889001666546e+09 4.496056669799999739e+00 -1.778391895099999953e+00 5.590175549000000466e-01 4.236947849000000099e-01 5.762450969000000311e-01 5.477477608999999914e-01 -4.340468960639999874e-01
1.403636889051666498e+09 4.496092030299999820e+00 -1.778145144200000027e+00 5.589900197999999598e-01 4.239229087999999979e-01 5.762974503000000137e-01 5.477065282999999951e-01 -4.338066101929999863e-01
1.403636889101666451e+09 4.496049518499999564e+00 -1.778078255500000093e+00 5.590414269000000269e-01 4.238300523999999903e-01 5.765351452000000432e-01 5.475632979000000233e-01 -4.337623171730000116e-01
1.403636889151666403e+09 4.495976055699999918e+00 -1.778179519400000075e+00 5.590216195999999638e-01 4.238612120999999955e-01 5.764483929999999479e-01 5.476302156000000254e-01 -4.337626886100000023e-01
1.403636889201666594e+09 4.496010149600000005e+00 -1.778276592100000109e+00 5.589170164000000218e-01 4.237844669999999980e-01 5.766141095000000272e-01 5.475709010999999515e-01 -4.336922901429999810e-01
1.403636889251666546e+09 4.496010606999999659e+00 -1.778288018600000076e+00 5.588375382000000391e-01 4.237503811000000176e-01 5.767146311999999941e-01 5.474850883999999862e-01 -4.337002727570000160e-01
1.403636889301666498e+09 4.495935517600000431e+00 -1.778275262900000042e+00 5.587928196000000458e-01 4.237924510000000144e-01 5.766970190000000329e-01 5.474623163999999820e-01 -4.337113312320000080e-01
1.403636889351666451e+09 4.495921715499999749e+00 -1.778337522499999990e+00 5.587673359999999478e-01 4.238088407000000224e-01 5.765984344000000261e-01 5.475065329999999619e-01 -4.337705710290000183e-01
1.403636889401666641e+09 4.495983160199999773e+00 -1.778460313899999923e+00 5.587439473999999962e-01 4.236938485000000254e-01 5.763970856000000254e-01 5.477367075000000307e-01 -4.338599101210000031e-01
1.403636889451666355e+09 4.496075051800000111e+00 -1.778466838399999972e+00 5.587297883999999826e-01 4.237514097999999785e-01 5.765254125000000007e-01 5.475992346000000399e-01 -4.338067192599999733e-01
1.403636889501666546e+09 4.496154122100000095e+00 -1.778370703800000063e+00 5.586130736000000097e-01 4.238749869999999809e-01 5.764728515000000497e-01 5.476894909999999728e-01 -4.336418664289999891e-01
1.403636889551666498e+09 4.496125425599999836e+00 -1.778369120000000025e+00 5.586309051000000192e-01 4.238408912000000139e-01 5.765654498000000183e-01 5.475851529999999912e-01 -4.336838494199999894e-01
1.403636889601666451e+09 4.496130243699999696e+00 -1.778223212599999936e+00 5.586312674000000200e-01 4.241003205000000165e-01 5.765882536999999974e-01 5.475244743999999608e-01 -4.334764742550000216e-01
1.403636889651666403e+09 4.496158968199999606e+00 -1.778316267799999961e+00 5.587076386999999533e-01 4.239466464000000157e-01 5.765521519999999844e-01 5.474669398999999492e-01 -4.337473997919999991e-01
1.403636889701666594e+09 4.496185343099999621e+00 -1.778331623599999967e+00 5.587119376000000415e-01 4.241909634000000096e-01 5.763577055999999921e-01 5.476098649999999735e-01 -4.335865051769999812e-01
1.403636889751666546e+09 4.496143883800000296e+00 -1.778448689700000029e+00 5.587428771000000349e-01 4.241533926000000121e-01 5.764471486000000144e-01 5.474963725000000503e-01 -4.336476755940000261e-01
1.403636889801666498e+09 4.496223922499999581e+00 -1.778594396199999927e+00 5.587372735000000201e-01 4.241212191000000020e-01 5.762709615000000118e-01 5.477127232999999817e-01 -4.336401080210000036e-01
1.403636889851666451e+09 4.496203333599999574e+00 -1.778556516499999907e+00 5.587596809999999525e-01 4.241394840000000110e-01 5.764655537999999746e-01 5.475302492000000409e-01 -4.335940378040000209e-01
1.403636889901666641e+09 4.496231168799999622e+00 -1.778531974200000088e+00 5.588196673999999975e-01 4.241105525000000154e-01 5.765976524000000492e-01 5.474458450000000420e-01 -4.335532646110000221e-01
1.403636889951666355e+09 4.496275730699999862e+00 -1.778485135299999964e+00 5.588400484000000112e-01 4.240347708000000160e-01 5.763498272999999505e-01 5.477128004000000328e-01 -4.336197390439999744e-01
1.403636890001666546e+09 4.496301303300000107e+00 -1.778399064600000079e+00 5.588335318999999579e-01 4.239182463999999761e-01 5.765085237999999501e-01 5.476604607999999708e-01 -4.335888166870000004e-01
1.403636890051666498e+09 4.496267055499999721e+00 -1.778267838399999912e+00 5.588327785000000159e-01 4.239892105999999994e-01 5.767658688000000256e-01 5.474862955999999503e-01 -4.333970904589999895e-01
1.403636890101666451e+09 4.496214455299999635e+00 -1.778281165399999919e+00 5.589471258999999526e-01 4.241484122999999995e-01 5.769087492000000150e-01 5.471379656000000535e-01 -4.334910217979999758e-01
1.403636890151666403e+09 4.496197825000000314e+00 -1.778415495800000024e+00 5.590965296000000029e-01 4.243022046000000103e-01 5.765725868000000087e-01 5.471804470000000142e-01 -4.337340773560000029e-01
1.403636890201666594e+09 4.496297853599999783e+00 -1.778710929899999904e+00 5.591579566000000057e-01 4.241065620999999730e-01 5.762705166999999573e-01 5.474231872999999471e-01 -4.340204712649999852e-01
1.403636890251666546e+09 4.496340265999999808e+00 -1.778930995300000095e+00 5.590936170000000427e-01 4.239303586000000013e-01 5.760828204000000285e-01 5.478011592999999513e-01 -4.339648891539999997e-01
1.403636890301666498e+09 4.496423420100000179e+00 -1.779078684899999985e+00 5.589357823999999697e-01 4.236121856999999769e-01 5.762890508000000356e-01 5.479623118999999987e-01 -4.337982834629999784e-01
1.403636890351666451e+09 4.496470370299999963e+00 -1.779094613400000080e+00 5.587609406000000334e-01 4.235746396000000247e-01 5.766108345999999552e-01 5.478571733999999527e-01 -4.335400647509999872e-01
1.403636890401666641e+09 4.496520074200000217e+00 -1.778993458900000046e+00 5.586413264999999795e-01 4.238257652999999903e-01 5.768894244000000171e-01 5.474882482999999800e-01 -4.333900446119999805e-01
1.403636890451666355e+09 4.496471698799999750e+00 -1.778880814000000088e+00 5.585694689000000324e-01 4.242068261999999979e-01 5.769500489000000121e-01 5.470365025000000214e-01 -4.335069487379999975e-01
1.403636890501666546e+09 4.496528474099999784e+00 -1.778757507699999962e+00 5.585746198000000051e-01 4.244339185000000070e-01 5.766929889999999892e-01 5.469491912999999705e-01 -4.337368182049999854e-01
1.403636890551666498e+09 4.496676897200000411e+00 -1.778729912299999993e+00 5.585956599000000411e-01 4.243355450999999889e-01 5.763787880999999835e-01 5.471330307999999754e-01 -4.340187604469999960e-01
1.403636890601666451e+09 4.496818089399999607e+00 -1.778675367299999976e+00 5.585182109999999867e-01 4.241590210000000249e-01 5.761181045000000056e-01 5.475603465999999697e-01 -4.339985269139999824e-01
1.403636890651666403e+09 4.496906022200000130e+00 -1.778617553799999973e+00 5.585043691000000088e-01 4.237722515999999828e-01 5.762206883999999585e-01 5.478370597999999703e-01 -4.338909458820000009e-01
1.403636890701666594e+09 4.496951667200000280e+00 -1.778487333499999989e+00 5.584964472000000235e-01 4.236524289999999970e-01 5.764643213000000266e-01 5.478655797999999466e-01 -4.336482586429999952e-01
1.403636890751666546e+09 4.496932432900000443e+00 -1.778395135600000065e+00 5.585959556999999798e-01 4.237156946999999785e-01 5.767378229999999828e-01 5.476474033999999547e-01 -4.334983449579999926e-01
1.403636890801666498e+09 4.496860715400000430e+00 -1.778341275100000063e+00 5.588190474999999990e-01 4.239873183999999795e-01 5.768395320000000437e-01 5.472851189999999866e-01 -4.335549639069999905e-01
1.403636890851666451e+09 4.496842680900000389e+00 -1.778362861099999970e+00 5.589749146000000390e-01 4.241901517000000177e-01 5.767073319000000087e-01 5.472146971000000359e-01 -4.336213138319999771e-01
1.403636890901666641e+09 4.496924562100000244e+00 -1.778590870699999993e+00 5.590311521999999922e-01 4.240376936999999957e-01 5.765475488000000315e-01 5.473738275999999736e-01 -4.337820317309999951e-01
1.403636890951666355e+09 4.496948734700000117e+00 -1.778703234800000033e+00 5.589661839999999771e-01 4.239570355000000235e-01 5.765112650999999477e-01 5.475429499999999727e-01 -4.336956434550000017e-01
1.403636891001666546e+09 4.496953144599999952e+00 -1.778886614199999938e+00 5.589510476000000283e-01 4.237303588999999926e-01 5.765275632999999900e-01 5.475592915000000449e-01 -4.338748368190000204e-01
1.403636891051666498e+09 4.496908824000000138e+00 -1.778852914800000073e+00 5.588418105000000358e-01 4.237834723000000192e-01 5.765049242999999990e-01 5.476837657999999998e-01 -4.336958998589999781e-01
1.403636891101666451e+09 4.496886844099999614e+00 -1.778914468600000021e+00 5.588159179999999671e-01 4.237790773999999816e-01 5.765112369999999542e-01 5.476279496999999497e-01 -4.337622803380000169e-01
1.403636891151666403e+09 4.496892564500000411e+00 -1.778941664099999986e+00 5.587984825999999794e-01 4.238192190999999776e-01 5.764738627000000060e-01 5.476177321999999847e-01 -4.337856320049999770e-01
1.403636891201666594e+09 4.496927048299999896e+00 -1.778922996899999998e+00 5.587548229000000033e-01 4.238333756000000063e-01 5.764660731999999843e-01 5.476429761000000118e-01 -4.337502816370000236e-01
1.403636891251666546e+09 4.496931029599999796e+00 -1.778926803000000056e+00 5.587348243999999964e-01 4.237655731000000148e-01 5.764763507000000287e-01 5.476520907999999910e-01 -4.337913594239999893e-01
1.403636891301666498e+09 4.496862264499999817e+00 -1.778875207500000055e+00 5.586748662999999615e-01 4.237430070000000049e-01 5.764961296999999707e-01 5.477048329000000493e-01 -4.337205233690000217e-01
1.403636891351666451e+09 4.496880879399999920e+00 -1.778869912100000006e+00 5.586122934999999678e-01 4.237664321999999872e-01 5.764603358000000011e-01 5.476787779999999772e-01 -4.337781095700000145e-01
1.403636891401666641e+09 4.496868478199999686e+00 -1.778804316900000071e+00 5.585822748000000004e-01 4.238393025000000147e-01 5.764526432000000034e-01 5.476578706000000407e-01 -4.337435331830000185e-01
1.403636891451666355e+09 4.496875302100000305e+00 -1.778791685400000100e+00 5.585824303999999962e-01 4.237843633000000221e-01 5.764750160999999595e-01 5.476565754000000119e-01 -4.337691144340000138e-01
1.403636891501666546e+09 4.496875975600000075e+00 -1.778778651100000108e+00 5.585968178000000339e-01 4.237558866000000202e-01 5.764521169999999861e-01 5.477005807000000503e-01 -4.337718055390000216e-01
1.403636891551666498e+09 4.496897500800000280e+00 -1.778770826199999933e+00 5.586598580999999619e-01 4.236919956999999903e-01 5.764923217999999849e-01 5.477282152000000348e-01 -4.337458909490000125e-01
1.403636891601666451e+09 4.496921776399999793e+00 -1.778777128900000060e+00 5.586470357999999692e-01 4.236603528999999813e-01 5.764982843999999496e-01 5.477547280000000240e-01 -4.337353934159999813e-01
1.403636891651666403e+09 4.496884986999999612e+00 -1.778808541799999920e+00 5.586468820000000113e-01 4.236428143000000035e-01 5.765563247999999641e-01 5.477156747000000436e-01 -4.337246937640000244e-01
1.403636891701666594e+09 4.496846642899999580e+00 -1.778828346200000077e+00 5.586131517000000324e-01 4.236803471999999737e-01 5.765267666000000180e-01 5.477136767000000406e-01 -4.337298457809999896e-01
1.403636891751666546e+09 4.496826860399999681e+00 -1.778840314700000036e+00 5.586236141000000543e-01 4.236756185000000174e-01 5.765155253000000535e-01 5.477250366000000481e-01 -4.337350615769999806e-01
1.403636891801666498e+09 4.496821679700000018e+00 -1.778845451600000072e+00 5.586565905000000498e-01 4.236486313999999753e-01 5.765259636999999771e-01 5.477025511999999985e-01 -4.337759395779999805e-01
1.403636891851666451e+09 4.496848194700000079e+00 -1.778783852899999962e+00 5.586792153999999844e-01 4.237154884000000066e-01 5.764577900999999782e-01 5.477848424000000271e-01 -4.336973224730000243e-01
1.403636891901666641e+09 4.496900550100000338e+00 -1.778794985400000028e+00 5.587497652999999787e-01 4.236215936000000126e-01 5.765091503000000506e-01 5.477064885000000327e-01 -4.338197177500000001e-01
1.403636891951666355e+09 4.496926896899999804e+00 -1.778758508299999930e+00 5.587477185000000457e-01 4.236840466999999832e-01 5.765030485000000038e-01 5.477395117000000146e-01 -4.337251328469999834e-01
1.403636892001666546e+09 4.496931995999999820e+00 -1.778770016399999987e+00 5.588038555000000018e-01 4.236561282999999900e-01 5.765497171000000254e-01 5.476927767999999475e-01 -4.337493871259999745e-01
1.403636892051666498e+09 4.496960004600000005e+00 -1.778784239599999983e+00 5.587862593000000322e-01 4.236781942999999773e-01 5.765265313999999863e-01 5.476959904000000545e-01 -4.337545946240000116e-01
1.403636892101666451e+09 4.496970525600000101e+00 -1.778760931799999945e+00 5.587620791999999836e-01 4.236514464000000202e-01 5.765363709999999919e-01 5.477062725000000354e-01 -4.337546586109999880e-01
1.403636892151666403e+09 4.496977834399999985e+00 -1.778776657999999955e+00 5.587433215999999536e-01 4.236202947000000107e-01 5.765592967999999541e-01 5.476693348000000183e-01 -4.338012480589999997e-01
1.403636892201666594e+09 4.496966094000000247e+00 -1.778726929400000101e+00 5.586902061999999836e-01 4.236528987000000024e-01 5.765635949999999843e-01 5.477146455000000413e-01 -4.337064785649999976e-01
1.403636892251666546e+09 4.496954898100000264e+00 -1.778717486599999953e+00 5.586579099999999798e-01 4.236458046000000088e-01 5.765615879000000055e-01 5.477110547000000329e-01 -4.337206106909999859e-01
1.403636892301666498e+09 4.496867912099999920e+00 -1.778582094999999974e+00 5.586185205000000487e-01 4.237999129000000198e-01 5.765468526000000482e-01 5.478224555999999801e-01 -4.334488640010000227e-01
1.403636892351666451e+09 4.496888380799999752e+00 -1.778731925700000049e+00 5.586535350000000344e-01 4.237097080000000182e-01 5.766063532999999852e-01 5.476524924000000238e-01 -4.336726234109999911e-01
1.403636892401666641e+09 4.496803863900000309e+00 -1.778740449000000057e+00 5.586821632999999787e-01 4.237567615000000232e-01 5.767210592000000524e-01 5.475558158000000120e-01 -4.335961895459999882e-01
1.403636892451666355e+09 4.496794206399999716e+00 -1.778808696200000039e+00 5.587260988000000150e-01 4.239224451999999976e-01 5.765520445999999799e-01 5.475756659999999609e-01 -4.336339358429999735e-01
1.403636892501666546e+09 4.496787111399999759e+00 -1.778864050099999927e+00 5.587300003999999820e-01 4.237864822999999892e-01 5.766492845999999783e-01 5.475644259999999930e-01 -4.336517257979999873e-01
1.403636892551666498e+09 4.496826515799999591e+00 -1.778886032199999967e+00 5.587287361999999646e-01 4.237537760999999792e-01 5.766681012000000051e-01 5.476161365999999697e-01 -4.335933639749999791e-01
1.403636892601666451e+09 4.496916749600000429e+00 -1.778956215800000074e+00 5.587657848000000538e-01 4.237507660000000009e-01 5.766416829999999605e-01 5.475824212000000024e-01 -4.336740132160000205e-01
1.403636892651666403e+09 4.496932629799999859e+00 -1.778919157600000078e+00 5.587440981000000306e-01 4.236754388000000260e-01 5.767200788999999883e-01 5.475878793999999772e-01 -4.336364692360000217e-01
1.403636892701666594e+09 4.497017388799999793e+00 -1.778888503099999907e+00 5.587098151999999596e-01 4.237457756999999936e-01 5.766487959999999635e-01 5.475782866999999721e-01 -4.336746518690000052e-01
1.403636892751666546e+09 4.497034553699999826e+00 -1.778810124200000065e+00 5.587322680999999847e-01 4.236779223000000094e-01 5.767107234999999665e-01 5.476128641999999935e-01 -4.336149335310000019e-01
1.403636892801666498e+09 4.497071393899999769e+00 -1.778819096899999952e+00 5.587777653000000067e-01 4.237266867000000214e-01 5.765906324999999777e-01 5.476592125000000477e-01 -4.336684498719999836e-01
1.403636892851666451e+09 4.497012083799999616e+00 -1.778801263999999938e+00 5.587508666999999596e-01 4.236282990999999942e-01 5.767002530999999488e-01 5.476713570000000253e-01 -4.336034674409999790e-01
1.403636892901666641e+09 4.496938563199999628e+00 -1.778763987899999899e+00 5.587266025999999552e-01 4.235725174000000148e-01 5.767419995000000466e-01 5.476992184000000208e-01 -4.335672435369999911e-01
1.403636892951666355e+09 4.496889636699999748e+00 -1.778756957999999999e+00 5.587387598999999927e-01 4.236052070999999919e-01 5.766897645999999877e-01 5.477095963000000456e-01 -4.335916767240000080e-01
1.403636893001666546e+09 4.496868975299999960e+00 -1.778716068500000080e+00 5.587411650000000396e-01 4.236729550000000177e-01 5.766439585999999506e-01 5.476963885000000198e-01 -4.336030883209999742e-01
1.403636893051666498e+09 4.496871086499999670e+00 -1.778729014999999913e+00 5.587646649999999937e-01 4.235882095999999875e-01 5.767133267999999813e-01 5.476486809999999705e-01 -4.336538821750000050e-01
1.403636893101666451e+09 4.496893039999999786e+00 -1.778720753900000062e+00 5.587432238999999745e-01 4.236890084000000112e-01 5.766474141999999858e-01 5.476608734000000256e-01 -4.336276648119999910e-01
1.403636893151666403e+09 4.496890649900000092e+00 -1.778726429600000047e+00 5.587789699999999860e-01 4.236440469000000153e-01 5.766942622999999823e-01 5.476070129000000231e-01 -4.336773094809999729e-01
1.403636893201666594e+09 4.496884895700000051e+00 -1.778702371899999912e+00 5.587569766000000104e-01 4.236476853000000209e-01 5.767216040999999516e-01 5.476140603000000384e-01 -4.336284943839999739e-01
1.403636893251666546e+09 4.496892165500000260e+00 -1.778734551199999903e+00 5.586923462999999757e-01 4.236210451999999904e-01 5.767056166999999789e-01 5.476479464000000297e-01 -4.336329882980000106e-01
1.403636893301666498e+09 4.496890969499999891e+00 -1.778777287800000106e+00 5.586402183999999993e-01 4.236296379999999751e-01 5.767453919999999679e-01 5.476027932000000487e-01 -4.336287161879999741e-01
1.403636893351666451e+09 4.496958311000000208e+00 -1.778814780899999892e+00 5.586715523999999933e-01 4.236129859000000164e-01 5.767271077000000190e-01 5.475965110999999608e-01 -4.336772330820000132e-01
1.403636893401666641e+09 4.497000325200000148e+00 -1.778808095500000075e+00 5.586804547000000509e-01 4.235846446000000043e-01 5.767806291999999502e-01 5.476194548999999689e-01 -4.336047592810000073e-01
1.403636893451666355e+09 4.497033446699999715e+00 -1.778820288299999941e+00 5.587246641999999985e-01 4.236269190999999990e-01 5.767439822000000049e-01 5.475838575999999458e-01 -4.336571587929999860e-01
1.403636893501666546e+09 4.496990090299999743e+00 -1.778814457399999993e+00 5.587677108999999920e-01 4.235695073999999893e-01 5.767999821999999499e-01 5.476194925999999796e-01 -4.335937547959999860e-01
1.403636893551666498e+09 4.496947218499999899e+00 -1.778796994599999959e+00 5.588062092000000147e-01 4.235800142999999740e-01 5.767738211999999809e-01 5.476529142999999600e-01 -4.335760788720000036e-01
1.403636893601666451e+09 4.496897341300000406e+00 -1.778800541500000110e+00 5.587641895999999608e-01 4.235743425999999867e-01 5.768242947999999704e-01 5.476233638999999931e-01 -4.335517968440000258e-01
1.403636893651666403e+09 4.496888267100000114e+00 -1.778828785800000034e+00 5.587406463999999851e-01 4.236269308999999761e-01 5.766807323000000540e-01 5.476928937999999691e-01 -4.336035637389999975e-01
1.403636893701666594e+09 4.496873644499999934e+00 -1.778848969600000052e+00 5.587062799999999996e-01 4.235379538999999860e-01 5.767553182000000334e-01 5.477102387000000183e-01 -4.335693704090000100e-01
1.403636893751666546e+09 4.496876756499999850e+00 -1.778857608400000068e+00 5.587094653999999938e-01 4.235583783999999907e-01 5.767052486999999505e-01 5.477184779999999531e-01 -4.336056099660000052e-01
1.403636893801666498e+09 4.496838040900000166e+00 -1.778835529800000037e+00 5.587210753000000363e-01 4.234083216000000260e-01 5.768308074000000341e-01 5.477196654000000553e-01 -4.335836493549999893e-01
1.403636893851666451e+09 4.496841497300000157e+00 -1.778856412699999945e+00 5.587005925000000373e-01 4.234503897999999933e-01 5.767577904999999783e-01 5.477764314999999939e-01 -4.335679872920000233e-01
1.403636893901666641e+09 4.496855122600000421e+00 -1.778868571999999926e+00 5.586884524999999879e-01 4.233528690000000205e-01 5.768453339000000346e-01 5.477071774999999754e-01 -4.336342430249999769e-01
1.403636893951666355e+09 4.496907933700000193e+00 -1.778868406800000024e+00 5.586858724000000054e-01 4.232924134000000116e-01 5.768396210999999774e-01 5.477372543999999843e-01 -4.336628695220000052e-01
1.403636894001666546e+09 4.496915952100000169e+00 -1.778850036899999987e+00 5.586720794999999740e-01 4.232923918000000008e-01 5.768973670000000498e-01 5.476732598000000340e-01 -4.336668993050000198e-01
1.403636894051666498e+09 4.496927325399999731e+00 -1.778810454300000066e+00 5.586556231000000539e-01 4.232864621999999910e-01 5.768660254999999903e-01 5.476851959999999853e-01 -4.336993032670000137e-01
1.403636894101666451e+09 4.496959810799999957e+00 -1.778795199199999955e+00 5.586206276999999831e-01 4.232736652999999905e-01 5.769634283000000252e-01 5.476600808999999570e-01 -4.336139325080000106e-01
1.403636894151666403e+09 4.496967817999999895e+00 -1.778801270300000015e+00 5.586301925000000113e-01 4.232418649999999949e-01 5.769307096000000357e-01 5.476646509999999468e-01 -4.336827297190000152e-01
1.403636894201666594e+09 4.496974361400000397e+00 -1.778803982899999969e+00 5.586509482000000526e-01 4.232787316000000133e-01 5.769364640999999905e-01 5.476490869000000261e-01 -4.336587476159999843e-01
1.403636894251666546e+09 4.496948775799999964e+00 -1.778831987800000070e+00 5.586892803999999879e-01 4.232000874999999884e-01 5.770036042999999726e-01 5.476165020000000050e-01 -4.336873219940000079e-01
1.403636894301666498e+09 4.496909761999999589e+00 -1.778810788299999945e+00 5.587179365000000120e-01 4.232923787999999798e-01 5.769637521999999574e-01 5.476023966999999937e-01 -4.336680825020000074e-01
1.403636894351666451e+09 4.496931726299999710e+00 -1.778876897800000023e+00 5.587416383000000097e-01 4.232109660000000217e-01 5.769993080999999968e-01 5.476308743000000145e-01 -4.336642737149999927e-01
1.403636894401666641e+09 4.496898184500000006e+00 -1.778872354600000039e+00 5.587784235999999627e-01 4.232391973999999890e-01 5.769969460999999633e-01 5.476575315999999694e-01 -4.336061969300000207e-01
1.403636894451666355e+09 4.496910376699999823e+00 -1.778881579799999946e+00 5.587773842000000046e-01 4.231894938999999911e-01 5.770415267999999820e-01 5.476201383000000034e-01 -4.336426094909999751e-01
1.403636894501666546e+09 4.496973367499999874e+00 -1.778877262399999992e+00 5.587689762999999976e-01 4.231756378000000041e-01 5.769660970000000111e-01 5.476784966000000088e-01 -4.336827952219999838e-01
1.403636894551666498e+09 4.496978478800000012e+00 -1.778852410300000075e+00 5.587154451000000410e-01 4.232191511000000239e-01 5.770109091999999773e-01 5.476271742999999637e-01 -4.336455221819999761e-01
1.403636894601666451e+09 4.497048572699999802e+00 -1.778883132900000108e+00 5.586750430000000378e-01 4.231914428999999922e-01 5.770495955000000121e-01 5.476243085999999982e-01 -4.336247036800000010e-01
1.403636894651666403e+09 4.497061300300000397e+00 -1.778884263599999960e+00 5.586489470000000068e-01 4.231860847000000203e-01 5.770335643999999764e-01 5.476349682000000163e-01 -4.336378038309999794e-01
1.403636894701666594e+09 4.497069062599999612e+00 -1.778910830100000062e+00 5.586775931999999889e-01 4.231782394999999974e-01 5.770221036999999553e-01 5.475909000999999998e-01 -4.337163537700000071e-01
1.403636894751666546e+09 4.497031791400000422e+00 -1.778895617899999948e+00 5.586753884999999809e-01 4.231855373000000253e-01 5.770175622000000004e-01 5.476122690000000404e-01 -4.336882945330000072e-01
1.403636894801666498e+09 4.497007251200000333e+00 -1.778842407500000000e+00 5.586910792999999487e-01 4.231496149999999790e-01 5.770788974999999654e-01 5.475838968999999778e-01 -4.336775591470000135e-01
1.403636894851666451e+09 4.496939594999999734e+00 -1.778802704300000093e+00 5.587268914999999891e-01 4.231707245999999922e-01 5.770874966000000272e-01 5.475944928000000544e-01 -4.336321374600000111e-01
1.403636894901666641e+09 4.496859088999999976e+00 -1.778736596299999917e+00 5.587447945000000304e-01 4.233252486999999897e-01 5.771302480000000124e-01 5.475138004999999808e-01 -4.335262956079999896e-01
1.403636894951666355e+09 4.496786157199999856e+00 -1.778769342499999961e+00 5.587532565999999701e-01 4.232041476000000246e-01 5.771690681000000156e-01 5.475034719000000383e-01 -4.336058861489999749e-01
1.403636895001666546e+09 4.496685848500000304e+00 -1.778738800399999986e+00 5.587608174999999511e-01 4.232107427999999838e-01 5.771458296000000487e-01 5.475646799000000176e-01 -4.335530876820000157e-01
1.403636895051666498e+09 4.496684326599999615e+00 -1.778816730199999974e+00 5.587295380000000256e-01 4.230933659000000180e-01 5.771688717999999829e-01 5.475987251999999694e-01 -4.335939727859999815e-01
1.403636895101666451e+09 4.496684948499999557e+00 -1.778812938600000004e+00 5.587031547999999903e-01 4.231104574999999812e-01 5.771640219000000460e-01 5.475994682999999474e-01 -4.335828120069999958e-01
1.403636895151666403e+09 4.496701641799999649e+00 -1.778786133399999914e+00 5.586469208000000020e-01 4.232945681999999987e-01 5.770042663000000127e-01 5.476640109999999506e-01 -4.335342158339999807e-01
1.403636895201666594e+09 4.496673569700000428e+00 -1.778853101599999986e+00 5.586493457000000218e-01 4.231585147999999963e-01 5.771644582999999606e-01 5.475405678000000442e-01 -4.336097162420000095e-01
1.403636895251666546e+09 4.496686542099999961e+00 -1.778848820399999919e+00 5.586071111000000533e-01 4.232387403999999798e-01 5.771053696000000288e-01 5.476194094999999873e-01 -4.335104881660000187e-01
1.403636895301666498e+09 4.496736812500000013e+00 -1.778890326099999974e+00 5.586478141999999814e-01 4.231362115999999784e-01 5.771572479000000033e-01 5.475415871000000045e-01 -4.336397906930000157e-01
1.403636895351666451e+09 4.496836553999999708e+00 -1.778894464700000011e+00 5.585756587000000328e-01 4.232244566999999735e-01 5.771351091999999960e-01 5.476071526000000356e-01 -4.335003246040000091e-01
1.403636895401666641e+09 4.496907958200000444e+00 -1.778925747099999954e+00 5.585699257999999778e-01 4.231606252999999818e-01 5.771792920999999632e-01 5.475620283000000033e-01 -4.335608090940000214e-01
1.403636895451666355e+09 4.496928799900000051e+00 -1.778884088000000085e+00 5.585740866999999721e-01 4.232207123000000237e-01 5.771486528000000504e-01 5.475909327000000326e-01 -4.335064379499999898e-01
1.403636895501666546e+09 4.496946472400000339e+00 -1.778885071599999979e+00 5.586093052999999697e-01 4.231905335999999740e-01 5.771471618000000303e-01 5.475354915000000267e-01 -4.336079004889999977e-01
1.403636895551666498e+09 4.496930907100000319e+00 -1.778780364800000013e+00 5.586600739000000537e-01 4.231961012000000077e-01 5.772170376999999908e-01 5.475351614000000255e-01 -4.335098595340000083e-01
1.403636895601666451e+09 4.496946121999999768e+00 -1.778736444700000030e+00 5.586869366000000170e-01 4.230935284999999824e-01 5.772448092999999947e-01 5.475466420000000278e-01 -4.335584979220000190e-01
1.403636895651666403e+09 4.496934376499999608e+00 -1.778627172600000028e+00 5.587507342999999960e-01 4.232155792000000250e-01 5.771108869000000086e-01 5.476353114999999994e-01 -4.335056669960000164e-01
1.403636895701666594e+09 4.496855463300000189e+00 -1.778556124000000072e+00 5.588116560000000455e-01 4.231201088000000055e-01 5.771854406999999965e-01 5.475741620999999837e-01 -4.335768415769999939e-01
1.403636895751666546e+09 4.496829156000000438e+00 -1.778555576500000068e+00 5.588186949000000237e-01 4.231939737000000035e-01 5.770966749999999479e-01 5.476347610999999782e-01 -4.335463720969999768e-01
1.403636895801666498e+09 4.496649836699999625e+00 -1.778588041199999914e+00 5.588131852000000066e-01 4.232583636000000205e-01 5.770901488999999884e-01 5.475990742999999883e-01 -4.335372781030000233e-01
1.403636895851666451e+09 4.496450844399999980e+00 -1.778654851099999989e+00 5.587868715999999569e-01 4.232135330999999834e-01 5.770778356000000331e-01 5.476149719999999776e-01 -4.335773512069999724e-01
1.403636895901666641e+09 4.496213170399999903e+00 -1.778592046199999999e+00 5.587884179000000007e-01 4.231790791000000218e-01 5.770420378999999711e-01 5.477121595999999704e-01 -4.335358621029999915e-01
1.403636895951666355e+09 4.496103221900000335e+00 -1.778615934300000090e+00 5.588369282999999799e-01 4.231782259999999907e-01 5.769800965000000392e-01 5.477673808999999894e-01 -4.335493671339999966e-01
1.403636896001666546e+09 4.495972133899999612e+00 -1.778636384099999912e+00 5.588696454999999563e-01 4.231259533999999767e-01 5.770566414000000144e-01 5.477811009999999925e-01 -4.334811709820000081e-01
1.403636896051666498e+09 4.496021662200000435e+00 -1.778610761199999946e+00 5.587666529999999465e-01 4.229101019000000017e-01 5.771899501999999682e-01 5.479339905000000233e-01 -4.333210693619999887e-01
1.403636896101666451e+09 4.496065554100000305e+00 -1.778608049600000074e+00 5.586550594000000425e-01 4.224988188000000089e-01 5.774097865999999746e-01 5.481121073000000399e-01 -4.332041138600000174e-01
1.403636896151666403e+09 4.496098911799999875e+00 -1.778549296500000043e+00 5.585246659999999475e-01 4.221099550999999894e-01 5.776650935999999570e-01 5.483393519000000493e-01 -4.329551715609999962e-01
1.403636896201666594e+09 4.496179030599999571e+00 -1.778492426599999954e+00 5.583963047000000124e-01 4.216217166999999821e-01 5.780106873999999451e-01 5.485031804000000122e-01 -4.327620990980000082e-01
1.403636896251666546e+09 4.496342003399999676e+00 -1.778491030599999911e+00 5.583762939999999952e-01 4.216118917000000188e-01 5.779806813000000210e-01 5.485600741999999697e-01 -4.327396327199999893e-01
1.403636896301666498e+09 4.496461098900000231e+00 -1.778571613400000029e+00 5.585297430000000229e-01 4.217704493000000165e-01 5.778230347999999683e-01 5.485991512000000236e-01 -4.327461147480000103e-01
1.403636896351666451e+09 4.496732327400000173e+00 -1.778808370499999958e+00 5.586978411999999894e-01 4.220534890000000039e-01 5.776598225000000308e-01 5.484497871000000302e-01 -4.328773648550000019e-01
1.403636896401666641e+09 4.496860181199999751e+00 -1.778821544499999963e+00 5.587691658000000228e-01 4.222547110000000048e-01 5.774314549000000296e-01 5.484594366999999693e-01 -4.329735790909999826e-01
1.403636896451666355e+09 4.496544037399999638e+00 -1.778620638100000040e+00 5.588387895999999966e-01 4.224756400999999939e-01 5.772673547000000127e-01 5.484410985000000016e-01 -4.330001111549999782e-01
1.403636896501666546e+09 4.496736684400000073e+00 -1.778484774500000087e+00 5.588625086999999825e-01 4.224638244999999737e-01 5.772393664999999618e-01 5.483737582000000055e-01 -4.331342193609999947e-01
1.403636896551666498e+09 4.496906060999999788e+00 -1.778409140199999960e+00 5.587553495999999509e-01 4.224935640999999964e-01 5.772270868000000110e-01 5.483826926999999518e-01 -4.331102642029999727e-01
1.403636896601666451e+09 4.497013984099999639e+00 -1.778532026099999941e+00 5.586938277999999869e-01 4.225131245000000035e-01 5.772194509000000417e-01 5.483892462999999662e-01 -4.330930612969999816e-01
1.403636896651666403e+09 4.497139189300000339e+00 -1.778678574299999982e+00 5.586640083999999673e-01 4.223238401000000142e-01 5.772766261999999760e-01 5.484067465999999946e-01 -4.331793059740000063e-01
1.403636896701666594e+09 4.497243300600000104e+00 -1.778614958699999971e+00 5.584978769999999759e-01 4.221278723999999927e-01 5.773823837999999542e-01 5.486396129999999705e-01 -4.329344260160000180e-01
1.403636896751666546e+09 4.497115188999999624e+00 -1.778500569500000017e+00 5.584526319999999489e-01 4.216110135000000203e-01 5.776483909999999833e-01 5.488166781000000105e-01 -4.328588032239999994e-01
1.403636896801666498e+09 4.497250306299999778e+00 -1.778572888600000068e+00 5.586771742999999679e-01 4.217538376000000144e-01 5.774629882999999797e-01 5.488467375000000148e-01 -4.329289275839999784e-01
1.403636896851666451e+09 4.496930159099999713e+00 -1.778647053100000042e+00 5.590212793000000069e-01 4.219141777000000038e-01 5.773839169000000160e-01 5.486070476000000085e-01 -4.331818861810000088e-01
1.403636896901666641e+09 4.496563384699999943e+00 -1.778436815699999896e+00 5.591464766000000530e-01 4.218540210000000235e-01 5.772892473999999829e-01 5.490414867999999782e-01 -4.328160759849999928e-01
1.403636896951666355e+09 4.496201165000000444e+00 -1.778483844099999933e+00 5.591981932999999794e-01 4.218103981999999919e-01 5.772672153000000250e-01 5.489192945999999962e-01 -4.330429056369999863e-01
1.403636897001666546e+09 4.495835560099999739e+00 -1.778567797800000072e+00 5.593232008999999838e-01 4.222392976000000075e-01 5.768524117000000118e-01 5.487389080000000252e-01 -4.334061391929999729e-01
1.403636897051666498e+09 4.495489265899999864e+00 -1.778477651200000009e+00 5.595318919999999752e-01 4.222409082999999952e-01 5.762976225999999480e-01 5.491297454000000355e-01 -4.336475391419999936e-01
1.403636897101666451e+09 4.495710731800000026e+00 -1.778510598500000039e+00 5.595978671000000348e-01 4.217841976999999742e-01 5.752188164999999520e-01 5.501718063999999631e-01 -4.342031634769999981e-01
1.403636897151666403e+09 4.496652441400000200e+00 -1.778914804700000074e+00 5.593607666000000034e-01 4.212359788000000216e-01 5.737690515000000158e-01 5.515820073999999629e-01 -4.348639038239999755e-01
1.403636897201666594e+09 4.497770296999999751e+00 -1.779147347599999929e+00 5.586435163999999842e-01 4.200528620000000268e-01 5.735398839999999998e-01 5.524690919000000422e-01 -4.351844402730000172e-01
1.403636897251666546e+09 4.499388528999999970e+00 -1.778896757600000100e+00 5.581102646000000167e-01 4.196554478000000254e-01 5.738237241000000433e-01 5.527293240999999746e-01 -4.348631198449999791e-01
1.403636897301666498e+09 4.501647163300000365e+00 -1.777776159399999889e+00 5.576082949999999760e-01 4.198824459000000120e-01 5.748521558000000420e-01 5.521067047000000061e-01 -4.340759348609999901e-01
1.403636897351666451e+09 4.504868323500000216e+00 -1.775763320500000075e+00 5.574508410999999830e-01 4.202078765000000216e-01 5.766613981000000555e-01 5.513829366000000398e-01 -4.322774915420000141e-01
1.403636897401666641e+09 4.509394162799999606e+00 -1.772594661300000096e+00 5.567827576999999639e-01 4.204275420999999957e-01 5.791394713999999944e-01 5.518938432000000116e-01 -4.280786614179999949e-01
1.403636897451666355e+09 4.515046944799999906e+00 -1.768948961500000028e+00 5.562726948999999754e-01 4.202885474999999982e-01 5.819531648000000335e-01 5.523764950999999757e-01 -4.237549509240000067e-01
1.403636897501666546e+09 4.521258328100000057e+00 -1.764782521099999890e+00 5.553393707999999540e-01 4.206658372000000035e-01 5.844639668000000121e-01 5.534026575999999586e-01 -4.185542061210000275e-01
1.403636897551666498e+09 4.527970104899999626e+00 -1.760317915999999983e+00 5.547507573000000081e-01 4.199789026999999897e-01 5.878039317000000041e-01 5.544023370999999756e-01 -4.132097625580000155e-01
1.403636897601666451e+09 4.536059438299999691e+00 -1.755765092799999927e+00 5.544658084000000375e-01 4.181306823000000006e-01 5.914299160000000555e-01 5.574175638999999682e-01 -4.057869470020000202e-01
1.403636897651666403e+09 4.544605115300000442e+00 -1.750733616800000059e+00 5.555563977999999903e-01 4.166178147999999859e-01 5.945377723000000447e-01 5.612772322000000313e-01 -3.973943914970000102e-01
1.403636897701666594e+09 4.553539088199999973e+00 -1.745310901399999892e+00 5.580489218999999945e-01 4.143312862999999902e-01 5.976875953000000408e-01 5.661484983000000248e-01 -3.880399483299999952e-01
1.403636897751666546e+09 4.562356508799999766e+00 -1.739993844900000086e+00 5.625478364999999537e-01 4.119462093999999852e-01 5.997221382999999850e-01 5.706862652999999952e-01 -3.807241310760000053e-01
1.403636897801666498e+09 4.570534596899999968e+00 -1.734701809599999978e+00 5.688082186999999790e-01 4.097336127999999800e-01 6.014086816999999474e-01 5.745199395000000209e-01 -3.746368951740000064e-01
1.403636897851666451e+09 4.577850606300000180e+00 -1.729762819999999923e+00 5.767842428999999660e-01 4.071899473000000214e-01 6.029849596999999894e-01 5.776444077000000288e-01 -3.700438127790000031e-01
1.403636897901666641e+09 4.583848794199999688e+00 -1.725202224600000056e+00 5.865702897000000249e-01 4.053026042000000273e-01 6.037283553000000191e-01 5.800434979999999907e-01 -3.671395000400000108e-01
1.403636897951666355e+09 4.587616342899999644e+00 -1.720991896699999968e+00 5.980951308999999938e-01 4.072715044999999923e-01 6.016952541000000210e-01 5.798019437000000442e-01 -3.686766182649999779e-01
1.403636898001666546e+09 4.589498053899999874e+00 -1.717107785600000103e+00 6.088640409000000142e-01 4.108116642999999901e-01 5.984699992999999996e-01 5.782473491999999826e-01 -3.724210514760000201e-01
1.403636898051666498e+09 4.590432392700000364e+00 -1.713744855500000108e+00 6.175987990000000316e-01 4.137589730999999826e-01 5.953866871999999866e-01 5.764569150999999669e-01 -3.768496119129999822e-01
1.403636898101666451e+09 4.591138640399999638e+00 -1.710872927700000101e+00 6.242356857999999953e-01 4.150165122000000206e-01 5.930758124999999659e-01 5.751323951000000267e-01 -3.811103558219999798e-01
1.403636898151666403e+09 4.591519437699999706e+00 -1.707988297099999997e+00 6.300324529999999923e-01 4.159187737999999745e-01 5.911989726999999917e-01 5.745448388999999656e-01 -3.839187107159999779e-01
1.403636898201666594e+09 4.591462335600000166e+00 -1.705294803599999964e+00 6.361357963999999532e-01 4.162759033999999803e-01 5.894882339000000471e-01 5.745465811000000089e-01 -3.861531049510000257e-01
1.403636898251666546e+09 4.590842259999999619e+00 -1.702825589599999967e+00 6.428736124999999690e-01 4.160488500000000256e-01 5.881218338999999462e-01 5.753788424000000346e-01 -3.872405590399999875e-01
1.403636898301666498e+09 4.589654034499999646e+00 -1.700568058900000068e+00 6.505466632999999943e-01 4.156243177000000233e-01 5.871405107999999595e-01 5.761058950999999873e-01 -3.881036519550000174e-01
1.403636898351666451e+09 4.587966324399999962e+00 -1.698568968300000037e+00 6.590353098000000243e-01 4.148313679000000254e-01 5.861616034000000086e-01 5.773423532000000469e-01 -3.885940273879999740e-01
1.403636898401666641e+09 4.585744580800000136e+00 -1.696947632599999922e+00 6.685360337000000319e-01 4.139994347000000019e-01 5.851016219000000351e-01 5.782347687000000125e-01 -3.897500638849999977e-01
1.403636898451666355e+09 4.583017478800000433e+00 -1.695660667599999893e+00 6.786539100999999796e-01 4.125534328000000084e-01 5.843978118999999527e-01 5.794613485999999813e-01 -3.905168472509999988e-01
1.403636898501666546e+09 4.579739803199999848e+00 -1.694653795500000060e+00 6.893403540000000440e-01 4.109817537000000076e-01 5.838678508000000322e-01 5.803720971000000395e-01 -3.916127677530000240e-01
1.403636898551666498e+09 4.575815348799999960e+00 -1.693684288700000096e+00 7.002960713000000448e-01 4.101406380000000018e-01 5.831390222000000234e-01 5.810391032999999705e-01 -3.925902421549999910e-01
1.403636898601666451e+09 4.571464886500000269e+00 -1.692736743500000030e+00 7.108320343999999791e-01 4.096804034000000039e-01 5.821866938999999963e-01 5.824458729000000501e-01 -3.923995739689999929e-01
1.403636898651666403e+09 4.566672383800000290e+00 -1.691997755899999900e+00 7.211511538000000554e-01 4.094647214000000091e-01 5.812995951999999633e-01 5.834465328000000284e-01 -3.924532658930000029e-01
1.403636898701666594e+09 4.561431500400000338e+00 -1.691592313999999986e+00 7.309432659000000276e-01 4.088473193000000117e-01 5.807417284000000457e-01 5.846022360000000528e-01 -3.922029322380000127e-01
1.403636898751666546e+09 4.555608954500000252e+00 -1.691522752400000051e+00 7.404021487999999929e-01 4.077693976000000275e-01 5.805911934999999913e-01 5.850817068000000454e-01 -3.928325099120000274e-01
1.403636898801666498e+09 4.549249197500000008e+00 -1.691558571500000108e+00 7.494613996000000222e-01 4.071025296999999932e-01 5.801498819999999501e-01 5.852139017999999915e-01 -3.939775804610000098e-01
1.403636898851666451e+09 4.542340531699999850e+00 -1.691883302399999955e+00 7.579723509000000359e-01 4.055674843000000029e-01 5.806426510000000096e-01 5.851655784999999499e-01 -3.949055245049999940e-01
1.403636898901666641e+09 4.534954263300000399e+00 -1.692348062099999995e+00 7.659715862000000541e-01 4.036133297999999758e-01 5.814583640999999581e-01 5.851315998999999657e-01 -3.957568213059999840e-01
1.403636898951666355e+09 4.526898928599999650e+00 -1.692836425100000097e+00 7.735937021000000025e-01 4.009499806999999860e-01 5.826921112999999819e-01 5.843593075999999886e-01 -3.977853894939999968e-01
1.403636899001666546e+09 4.517936582199999940e+00 -1.692933403999999920e+00 7.804216110999999678e-01 3.986318754000000020e-01 5.847867656999999886e-01 5.825362560000000300e-01 -3.997106165229999952e-01
1.403636899051666498e+09 4.507864227199999796e+00 -1.692194080699999992e+00 7.865051680000000323e-01 3.981195368000000068e-01 5.869944561000000061e-01 5.796726062000000512e-01 -4.011458743010000161e-01
1.403636899101666451e+09 4.496786627299999672e+00 -1.690349279599999921e+00 7.921849961000000384e-01 3.995967986000000249e-01 5.896880589999999867e-01 5.756809103000000150e-01 -4.014746333270000078e-01
1.403636899151666403e+09 4.485157475400000315e+00 -1.687277942299999944e+00 7.975921557999999800e-01 4.035841550000000000e-01 5.920128594000000355e-01 5.713810582999999665e-01 -4.002053103020000169e-01
1.403636899201666594e+09 4.472916920500000337e+00 -1.683151797100000069e+00 8.029582060000000077e-01 4.094870258000000152e-01 5.942233917999999449e-01 5.660427462999999548e-01 -3.985154271799999925e-01
1.403636899251666546e+09 4.460261561900000338e+00 -1.678298084899999987e+00 8.084868396000000068e-01 4.166848996999999999e-01 5.969756255000000511e-01 5.582014778999999649e-01 -3.980011393210000081e-01
1.403636899301666498e+09 4.447773471599999695e+00 -1.672665314599999897e+00 8.136159214999999501e-01 4.240480638999999941e-01 6.006902656000000507e-01 5.498764886000000462e-01 -3.962200039339999758e-01
1.403636899351666451e+09 4.435631331699999791e+00 -1.666130362599999915e+00 8.181519037000000161e-01 4.325092166000000238e-01 6.049221316999999765e-01 5.410230325999999534e-01 -3.928092035579999752e-01
1.403636899401666641e+09 4.423343551400000351e+00 -1.658859374499999983e+00 8.227982902999999570e-01 4.405370947000000204e-01 6.100387368999999893e-01 5.321820824999999866e-01 -3.880232451819999873e-01
1.403636899451666355e+09 4.412650459800000036e+00 -1.651512682999999981e+00 8.271297081999999801e-01 4.459054537000000096e-01 6.164118874999999775e-01 5.236512848000000053e-01 -3.833980219390000221e-01
1.403636899501666546e+09 4.403353771499999958e+00 -1.644489236200000093e+00 8.309369106999999754e-01 4.464481345999999906e-01 6.249053827999999644e-01 5.160564123999999975e-01 -3.792929011930000205e-01
1.403636899551666498e+09 4.395396210800000425e+00 -1.637381847899999965e+00 8.340691258000000330e-01 4.453107429000000006e-01 6.330087886999999913e-01 5.105624818999999759e-01 -3.745986755399999812e-01
1.403636899601666451e+09 4.387958334500000390e+00 -1.629927845799999941e+00 8.370782782000000255e-01 4.441703240000000052e-01 6.399605351999999581e-01 5.059340944000000340e-01 -3.703969880849999896e-01
1.403636899651666403e+09 4.380620573899999926e+00 -1.621775798500000088e+00 8.403130869999999586e-01 4.435726251000000064e-01 6.454489879000000485e-01 5.016133466000000096e-01 -3.674547329019999808e-01
1.403636899701666594e+09 4.373324356600000407e+00 -1.612611119999999953e+00 8.435356898000000436e-01 4.436588275000000192e-01 6.496274604999999758e-01 4.985764706999999962e-01 -3.641050811100000062e-01
1.403636899751666546e+09 4.365960111499999741e+00 -1.602496970800000087e+00 8.464215729999999827e-01 4.438654357999999855e-01 6.532375903999999567e-01 4.962555504000000228e-01 -3.605475753740000067e-01
1.403636899801666498e+09 4.358549788000000369e+00 -1.591411496399999903e+00 8.487406982999999849e-01 4.450565971000000065e-01 6.553794156000000148e-01 4.951076159000000199e-01 -3.567504669359999880e-01
1.403636899851666451e+09 4.351173081499999817e+00 -1.579405820300000096e+00 8.501875250999999523e-01 4.477196699000000057e-01 6.558671053000000306e-01 4.949830158999999896e-01 -3.526715913480000242e-01
1.403636899901666641e+09 4.343428497999999749e+00 -1.566649573200000090e+00 8.510160623000000424e-01 4.508687268000000081e-01 6.554982365000000533e-01 4.949889043999999849e-01 -3.493213960150000075e-01
1.403636899951666355e+09 4.335445434100000384e+00 -1.553476271200000092e+00 8.513081787999999817e-01 4.546976944000000187e-01 6.541395316000000459e-01 4.942901887000000216e-01 -3.478917780460000220e-01
1.403636900001666546e+09 4.327229966800000049e+00 -1.539998236199999981e+00 8.509197900999999620e-01 4.590004685999999889e-01 6.520761911000000355e-01 4.936609532999999828e-01 -3.470073111479999861e-01
1.403636900051666498e+09 4.319026148999999926e+00 -1.526569663699999913e+00 8.505078976000000068e-01 4.624856685000000023e-01 6.501609689999999775e-01 4.922046492000000106e-01 -3.480406645340000105e-01
1.403636900101666451e+09 4.311205614200000369e+00 -1.513226982599999992e+00 8.508012243999999447e-01 4.661203027999999970e-01 6.477275868999999853e-01 4.909090121999999945e-01 -3.495556868420000018e-01
1.403636900151666403e+09 4.304049041899999928e+00 -1.499957245300000075e+00 8.530599568000000188e-01 4.693254504000000105e-01 6.455206303999999617e-01 4.896332013999999955e-01 -3.511353947320000057e-01
1.403636900201666594e+09 4.297604483899999828e+00 -1.486824351799999944e+00 8.574117038999999885e-01 4.710565481999999804e-01 6.438080029999999621e-01 4.898355591999999925e-01 -3.516789851329999994e-01
1.403636900251666546e+09 4.292209151299999803e+00 -1.473960304700000057e+00 8.639186222000000415e-01 4.713243661000000029e-01 6.431603741000000429e-01 4.906927488999999754e-01 -3.513099788060000117e-01
1.403636900301666498e+09 4.287751155999999675e+00 -1.461448664299999978e+00 8.727449564999999465e-01 4.705740044000000233e-01 6.429764464999999651e-01 4.921870147999999889e-01 -3.505614611680000214e-01
1.403636900351666451e+09 4.283814463099999692e+00 -1.449409195799999939e+00 8.838379133000000554e-01 4.669854218999999751e-01 6.444455395000000530e-01 4.941610089999999844e-01 -3.498849231610000055e-01
1.403636900401666641e+09 4.280826660099999792e+00 -1.437558397199999893e+00 8.964033219000000496e-01 4.637309466999999796e-01 6.455887624999999685e-01 4.967453135000000075e-01 -3.484434708520000035e-01
1.403636900451666355e+09 4.277759996300000367e+00 -1.425749705399999900e+00 9.092415971999999735e-01 4.603346762000000147e-01 6.466536175999999525e-01 4.994567798999999808e-01 -3.470936612359999951e-01
1.403636900501666546e+09 4.274811408899999776e+00 -1.413974112200000022e+00 9.216649979000000048e-01 4.583209745999999862e-01 6.466425462999999541e-01 5.018547143999999571e-01 -3.463194294070000012e-01
1.403636900551666498e+09 4.271615684100000365e+00 -1.402188263700000048e+00 9.331421243999999948e-01 4.563043258999999741e-01 6.469763206999999960e-01 5.032500171999999550e-01 -3.463342645240000128e-01
1.403636900601666451e+09 4.268232303499999603e+00 -1.390397799899999898e+00 9.435029692999999940e-01 4.545343519000000221e-01 6.470523496000000208e-01 5.047036651999999846e-01 -3.464043737740000184e-01
1.403636900651666403e+09 4.264654176899999705e+00 -1.378497394000000043e+00 9.521392130000000398e-01 4.515684500000000101e-01 6.480318694000000157e-01 5.067608337000000240e-01 -3.454476640110000218e-01
1.403636900701666594e+09 4.260697108899999641e+00 -1.366536622599999973e+00 9.591032821999999625e-01 4.475758892999999738e-01 6.500092400000000437e-01 5.086400031000000155e-01 -3.441644352800000140e-01
1.403636900751666546e+09 4.256017556099999766e+00 -1.354451551899999995e+00 9.645607454000000303e-01 4.436230091999999736e-01 6.515982196999999809e-01 5.107692487999999642e-01 -3.431226607110000049e-01
1.403636900801666498e+09 4.250443383800000419e+00 -1.342089202599999975e+00 9.688692979999999899e-01 4.403754504999999875e-01 6.530224808000000269e-01 5.112473603999999616e-01 -3.438855022580000198e-01
1.403636900851666451e+09 4.243765457800000362e+00 -1.329306021300000085e+00 9.723858478000000360e-01 4.396431932000000042e-01 6.530226198999999898e-01 5.099882270000000162e-01 -3.466804420860000180e-01
1.403636900901666641e+09 4.236409866799999868e+00 -1.316319021099999986e+00 9.748677762999999885e-01 4.374117419999999923e-01 6.539699082000000052e-01 5.072206195999999778e-01 -3.517407711480000088e-01
1.403636900951666355e+09 4.228232212900000064e+00 -1.302355752099999986e+00 9.760761528000000409e-01 4.373580475000000134e-01 6.535737051000000131e-01 5.050782091000000085e-01 -3.556056143049999840e-01
1.403636901001666546e+09 4.219495742500000368e+00 -1.287141624099999992e+00 9.759657753999999574e-01 4.378157977000000090e-01 6.533047629999999550e-01 5.030863436000000410e-01 -3.583494728250000150e-01
1.403636901051666498e+09 4.210470190899999743e+00 -1.270963079800000006e+00 9.743878106000000150e-01 4.373241193999999887e-01 6.533860607000000487e-01 5.018302202000000101e-01 -3.605560987279999852e-01
1.403636901101666451e+09 4.201277127500000041e+00 -1.253621688700000014e+00 9.719924064999999613e-01 4.369794625999999793e-01 6.534835458000000097e-01 5.003176148000000323e-01 -3.628918419200000134e-01
1.403636901151666403e+09 4.192045287300000034e+00 -1.235017081999999933e+00 9.687120226000000001e-01 4.369008093000000259e-01 6.535443359000000507e-01 4.995670703000000268e-01 -3.639096401860000274e-01
1.403636901201666594e+09 4.182411641999999929e+00 -1.215176615999999932e+00 9.656710777000000467e-01 4.374016467999999880e-01 6.532203772000000352e-01 4.990280983000000004e-01 -3.646284345899999946e-01
1.403636901251666546e+09 4.172879010499999985e+00 -1.193903741299999988e+00 9.638162765000000132e-01 4.387509976999999783e-01 6.523594813999999964e-01 4.997472213999999968e-01 -3.635620768539999936e-01
1.403636901301666498e+09 4.164389143500000223e+00 -1.171686031199999922e+00 9.635279970000000249e-01 4.406712374999999793e-01 6.510632004999999944e-01 5.007334118999999806e-01 -3.622038369839999938e-01
1.403636901351666451e+09 4.156329255900000241e+00 -1.148611606600000057e+00 9.639677462000000308e-01 4.419750250000000213e-01 6.502718897000000497e-01 5.013693215000000203e-01 -3.611555762220000076e-01
1.403636901401666641e+09 4.146835561899999689e+00 -1.124358328700000076e+00 9.658963650999999873e-01 4.434768774999999774e-01 6.493922972000000238e-01 5.023206611999999627e-01 -3.595717686420000225e-01
1.403636901451666355e+09 4.136346185299999867e+00 -1.099089841100000076e+00 9.703451668000000474e-01 4.454141688000000099e-01 6.482278976999999998e-01 5.033769493999999955e-01 -3.577966709340000273e-01
1.403636901501666546e+09 4.126201513299999846e+00 -1.073257517000000050e+00 9.759785274000000177e-01 4.475788038999999885e-01 6.468562425999999643e-01 5.045802634999999592e-01 -3.558777505040000011e-01
1.403636901551666498e+09 4.115998104900000065e+00 -1.047045856300000022e+00 9.811983648000000002e-01 4.492196674999999750e-01 6.459443212000000045e-01 5.056025723999999499e-01 -3.540108232929999876e-01
1.403636901601666451e+09 4.105694861399999951e+00 -1.020796644300000056e+00 9.854108856000000083e-01 4.505170049000000176e-01 6.450907591000000219e-01 5.059170939999999561e-01 -3.534688598099999801e-01
1.403636901651666403e+09 4.095417631100000122e+00 -9.945270851999999939e-01 9.881376608999999922e-01 4.523586548999999901e-01 6.439472190999999679e-01 5.055734681000000341e-01 -3.536935039569999994e-01
1.403636901701666594e+09 4.085406148999999765e+00 -9.682098215000000119e-01 9.890672972999999812e-01 4.532027102000000252e-01 6.435496641000000295e-01 5.048572322000000057e-01 -3.543590106749999746e-01
1.403636901751666546e+09 4.075544835699999702e+00 -9.419507019999999731e-01 9.882462510999999727e-01 4.528346945000000234e-01 6.436526893999999777e-01 5.039475769000000271e-01 -3.559336940810000072e-01
1.403636901801666498e+09 4.065853942899999574e+00 -9.153355012999999651e-01 9.857184986000000482e-01 4.531768057000000183e-01 6.435707997999999819e-01 5.039389041999999819e-01 -3.556585291120000214e-01
1.403636901851666451e+09 4.056349837600000008e+00 -8.886791460999999837e-01 9.819119375999999511e-01 4.534281394999999937e-01 6.433570387000000501e-01 5.042957179000000512e-01 -3.552189070899999801e-01
1.403636901901666641e+09 4.047137139200000178e+00 -8.621102782999999770e-01 9.769683591000000167e-01 4.535767854000000154e-01 6.430867801999999855e-01 5.045231265999999826e-01 -3.551955907329999995e-01
1.403636901951666355e+09 4.038323490399999827e+00 -8.355215615000000096e-01 9.706712144000000375e-01 4.538106591000000134e-01 6.428393915000000236e-01 5.050478473999999718e-01 -3.545984689539999901e-01
1.403636902001666546e+09 4.029599674099999973e+00 -8.091661337000000120e-01 9.640499042000000296e-01 4.546082198999999990e-01 6.420338391000000033e-01 5.055071883999999738e-01 -3.543817128489999968e-01
1.403636902051666498e+09 4.020837539000000405e+00 -7.827905614000000289e-01 9.581900477000000471e-01 4.547825052999999729e-01 6.414697911000000197e-01 5.061632740999999491e-01 -3.542430239459999908e-01
1.403636902101666451e+09 4.012675510900000297e+00 -7.567091270000000369e-01 9.540572044999999779e-01 4.554230617999999731e-01 6.408065013000000532e-01 5.060783121999999912e-01 -3.547416026029999725e-01
1.403636902151666403e+09 4.003249671699999901e+00 -7.304972619999999806e-01 9.515974772999999942e-01 4.556068065000000167e-01 6.403310869999999655e-01 5.068039860999999924e-01 -3.543278939780000192e-01
1.403636902201666594e+09 3.994662628900000012e+00 -7.046875357999999867e-01 9.507031768000000493e-01 4.554163116000000122e-01 6.402740394999999474e-01 5.071726671999999825e-01 -3.541483067199999724e-01
1.403636902251666546e+09 3.986141030000000196e+00 -6.789751916999999803e-01 9.507586259000000428e-01 4.546955617999999810e-01 6.409824336999999650e-01 5.064269503999999644e-01 -3.548594224580000067e-01
1.403636902301666498e+09 3.977860530800000127e+00 -6.533469241999999566e-01 9.506603482000000049e-01 4.537544792000000049e-01 6.419593304999999805e-01 5.054019525999999818e-01 -3.557582844170000258e-01
1.403636902351666451e+09 3.970095303199999925e+00 -6.277573831999999632e-01 9.473535536999999618e-01 4.531276469000000140e-01 6.427814419999999807e-01 5.047854180999999940e-01 -3.559480791249999831e-01
1.403636902401666641e+09 3.962265914100000064e+00 -6.018601193999999488e-01 9.405725448999999738e-01 4.527400636999999728e-01 6.437503528000000363e-01 5.042124514000000390e-01 -3.555020700859999883e-01
1.403636902451666355e+09 3.954797903299999806e+00 -5.757220261000000061e-01 9.300124435000000078e-01 4.529466529999999769e-01 6.444195045999999705e-01 5.040195375999999561e-01 -3.542980910760000213e-01
1.403636902501666546e+09 3.947510080099999819e+00 -5.494260150999999981e-01 9.164866355999999881e-01 4.536656875000000255e-01 6.446420512999999630e-01 5.043790737000000135e-01 -3.524568338399999834e-01
1.403636902551666498e+09 3.939728103200000220e+00 -5.228152095000000443e-01 9.017730887999999556e-01 4.561097674999999851e-01 6.439957941999999713e-01 5.044426832999999721e-01 -3.503867525289999785e-01
1.403636902601666451e+09 3.931729222600000018e+00 -4.963924239999999988e-01 8.871397819999999879e-01 4.576791499999999790e-01 6.438514039999999605e-01 5.053367999000000221e-01 -3.473037343090000229e-01
1.403636902651666403e+09 3.923598159099999982e+00 -4.701979942000000245e-01 8.737952237999999650e-01 4.602775948000000228e-01 6.429938662999999943e-01 5.056639075000000094e-01 -3.449745442930000072e-01
1.403636902701666594e+09 3.915119566300000020e+00 -4.444699080000000246e-01 8.625549248999999641e-01 4.620157189999999914e-01 6.427484276999999580e-01 5.050715356999999628e-01 -3.439748216610000187e-01
1.403636902751666546e+09 3.906875441700000007e+00 -4.194270513000000200e-01 8.533808228000000495e-01 4.633613310999999957e-01 6.426720199000000022e-01 5.041838129000000279e-01 -3.436097125220000104e-01
1.403636902801666498e+09 3.898679178000000078e+00 -3.950898641999999739e-01 8.463258259999999478e-01 4.631010555000000251e-01 6.433002707999999625e-01 5.033171105999999506e-01 -3.440553156780000177e-01
1.403636902851666451e+09 3.890441421999999871e+00 -3.713638873999999812e-01 8.413665632000000283e-01 4.639461850000000109e-01 6.425125553999999628e-01 5.025477988000000007e-01 -3.455101496290000074e-01
1.403636902901666641e+09 3.882506060399999903e+00 -3.483523052999999980e-01 8.385763245999999782e-01 4.645230143999999894e-01 6.415522536000000109e-01 5.018863077999999867e-01 -3.474754797430000264e-01
1.403636902951666355e+09 3.874946380199999929e+00 -3.257886863000000188e-01 8.378530002999999837e-01 4.648173862000000156e-01 6.407233794000000149e-01 5.019190627999999821e-01 -3.485621938069999870e-01
1.403636903001666546e+09 3.868468081600000108e+00 -3.037889572999999954e-01 8.381525423000000252e-01 4.634810456999999828e-01 6.410446329000000221e-01 5.026453539999999887e-01 -3.487043835259999724e-01
1.403636903051666498e+09 3.861633102599999923e+00 -2.822272144999999899e-01 8.402339067999999855e-01 4.629958822999999946e-01 6.407199779000000150e-01 5.028673863999999494e-01 -3.496242477420000161e-01
1.403636903101666451e+09 3.854577919100000027e+00 -2.611579964999999892e-01 8.445813680999999518e-01 4.616197089999999892e-01 6.407776942999999781e-01 5.037291203000000550e-01 -3.500973636129999789e-01
1.403636903151666403e+09 3.846383287700000153e+00 -2.401495701999999954e-01 8.521016890000000510e-01 4.605234420000000051e-01 6.407221506000000399e-01 5.045703852999999794e-01 -3.504311793120000185e-01
1.403636903201666594e+09 3.838363395000000011e+00 -2.194208253000000108e-01 8.617340741000000248e-01 4.593899315000000150e-01 6.407108706999999903e-01 5.052373824000000457e-01 -3.509781450869999819e-01
1.403636903251666546e+09 3.831810712199999802e+00 -1.991470569999999884e-01 8.732010989999999806e-01 4.578752184000000058e-01 6.408168549999999630e-01 5.067219661999999847e-01 -3.506235755200000082e-01
1.403636903301666498e+09 3.825808790700000017e+00 -1.788752909000000113e-01 8.854551895000000172e-01 4.573623553999999758e-01 6.404152898999999621e-01 5.082225533999999989e-01 -3.498539246430000249e-01
1.403636903351666451e+09 3.819795106900000015e+00 -1.587307816999999899e-01 8.976027509999999765e-01 4.569280873000000076e-01 6.401749263999999551e-01 5.095139642999999552e-01 -3.489818144710000181e-01
1.403636903401666641e+09 3.813809965399999946e+00 -1.386494953999999891e-01 9.081140443999999867e-01 4.573357500999999936e-01 6.391839115999999876e-01 5.111974102999999880e-01 -3.478004406779999780e-01
1.403636903451666355e+09 3.807846690699999925e+00 -1.188297318000000047e-01 9.166790280000000068e-01 4.570299802000000189e-01 6.388763526999999831e-01 5.124375741000000151e-01 -3.469414011470000059e-01
1.403636903501666546e+09 3.801705735300000111e+00 -9.928938160000000401e-02 9.239325733000000040e-01 4.571693694999999780e-01 6.384411614999999651e-01 5.127136490000000490e-01 -3.471509253469999834e-01
1.403636903551666498e+09 3.795517599000000075e+00 -8.022749949999999353e-02 9.294525609999999549e-01 4.571158723000000035e-01 6.380230950999999928e-01 5.132714510000000452e-01 -3.471657053800000226e-01
1.403636903601666451e+09 3.789318320500000059e+00 -6.157298130000000286e-02 9.331983224000000021e-01 4.562226254999999786e-01 6.382958990999999527e-01 5.136228161000000458e-01 -3.473195415879999914e-01
1.403636903651666403e+09 3.783210500200000048e+00 -4.352383790000000086e-02 9.347110204999999894e-01 4.533797870999999868e-01 6.400474274999999880e-01 5.141464797999999448e-01 -3.470438827680000227e-01
1.403636903701666594e+09 3.776930699299999805e+00 -2.580996439999999961e-02 9.345817189999999774e-01 4.504850162999999852e-01 6.417889289000000552e-01 5.140371080000000203e-01 -3.477586410769999969e-01
1.403636903751666546e+09 3.770358711200000101e+00 -8.160530299999999709e-03 9.331880683000000065e-01 4.478024649999999829e-01 6.434134830000000083e-01 5.145850442999999608e-01 -3.474108150720000010e-01
1.403636903801666498e+09 3.763167306799999778e+00 9.518599799999999389e-03 9.324999749000000282e-01 4.449795809000000046e-01 6.451831645000000170e-01 5.136738216999999773e-01 -3.491003604669999927e-01
1.403636903851666451e+09 3.754524652000000184e+00 2.775384679999999896e-02 9.328926317000000301e-01 4.420455246000000171e-01 6.470395250999999570e-01 5.125794594000000481e-01 -3.509955910670000123e-01
1.403636903901666641e+09 3.745024011799999997e+00 4.672797699999999693e-02 9.356490848999999832e-01 4.420945081000000054e-01 6.470544005999999682e-01 5.115861739999999491e-01 -3.523529980049999732e-01
1.403636903951666355e+09 3.734926761800000161e+00 6.577716290000000521e-02 9.403925270999999864e-01 4.414357183000000018e-01 6.473496516000000200e-01 5.098536531999999788e-01 -3.551368574559999880e-01
1.403636904001666546e+09 3.724448916000000054e+00 8.551476830000000195e-02 9.469709753999999702e-01 4.420539123000000181e-01 6.469972347000000346e-01 5.086180698000000167e-01 -3.567780485659999834e-01
1.403636904051666498e+09 3.713952128399999886e+00 1.058106359999999996e-01 9.558864193999999648e-01 4.427181693999999723e-01 6.464846313000000011e-01 5.070379591000000463e-01 -3.591249810400000131e-01
1.403636904101666451e+09 3.702761085100000127e+00 1.269940541000000034e-01 9.661599615000000529e-01 4.429111559999999725e-01 6.464907081999999860e-01 5.059482855000000390e-01 -3.604106054530000214e-01
1.403636904151666403e+09 3.691318581099999996e+00 1.489279911999999984e-01 9.781296293000000253e-01 4.418697644999999841e-01 6.472303663999999790e-01 5.053390184999999590e-01 -3.612152272420000032e-01
1.403636904201666594e+09 3.680260889299999949e+00 1.715915004000000132e-01 9.914772693000000192e-01 4.417989234999999959e-01 6.473877432000000320e-01 5.039008113999999816e-01 -3.630245079989999901e-01
1.403636904251666546e+09 3.670212894600000109e+00 1.952258835000000026e-01 1.006082225699999944e+00 4.429661404999999941e-01 6.470163751999999935e-01 5.035942755000000215e-01 -3.626894185089999945e-01
1.403636904301666498e+09 3.660161785900000186e+00 2.193259938000000075e-01 1.019877150299999924e+00 4.430292303999999737e-01 6.472049116000000435e-01 5.027504672999999480e-01 -3.634458295099999847e-01
1.403636904351666451e+09 3.650119884099999990e+00 2.441862664999999988e-01 1.032592696800000098e+00 4.441165650000000187e-01 6.467674569000000373e-01 5.023470746999999514e-01 -3.634552930719999742e-01
1.403636904401666641e+09 3.640111358299999988e+00 2.697488069000000266e-01 1.044035607499999907e+00 4.457329026999999888e-01 6.462737195000000101e-01 5.020422023999999706e-01 -3.627755310279999756e-01
1.403636904451666355e+09 3.630220800300000050e+00 2.958298266000000121e-01 1.054151986799999996e+00 4.475768118999999823e-01 6.452746763000000163e-01 5.029332375999999716e-01 -3.610453546110000134e-01
1.403636904501666546e+09 3.620601183499999820e+00 3.221558532000000086e-01 1.063201546499999983e+00 4.481480442999999925e-01 6.453839666999999780e-01 5.026144073999999629e-01 -3.605851125960000125e-01
1.403636904551666498e+09 3.611118321100000195e+00 3.491218013999999870e-01 1.070709263599999961e+00 4.494110619999999723e-01 6.451117940999999689e-01 5.030115098999999868e-01 -3.589427411039999849e-01
1.403636904601666451e+09 3.601694958499999988e+00 3.763903999000000056e-01 1.077179257500000098e+00 4.508885334000000134e-01 6.444516791000000078e-01 5.036016282999999927e-01 -3.574450499660000169e-01
1.403636904651666403e+09 3.592345666599999987e+00 4.039940422000000142e-01 1.082904179200000039e+00 4.519874757999999826e-01 6.443453705999999670e-01 5.042151296000000338e-01 -3.553779229260000116e-01
1.403636904701666594e+09 3.583017096699999904e+00 4.317747103999999836e-01 1.088454370100000013e+00 4.533200654999999801e-01 6.441196278999999913e-01 5.044794304999999923e-01 -3.537107962609999934e-01
1.403636904751666546e+09 3.573749664500000200e+00 4.596825605000000037e-01 1.093695813899999925e+00 4.545215398999999934e-01 6.438882150000000415e-01 5.045298791000000227e-01 -3.525162938699999970e-01
1.403636904801666498e+09 3.564529943700000203e+00 4.876398643000000033e-01 1.098401600499999908e+00 4.557829346999999753e-01 6.436510901999999978e-01 5.048312494000000150e-01 -3.508854517309999976e-01
1.403636904851666451e+09 3.555518328699999842e+00 5.155306981999999705e-01 1.102349794300000019e+00 4.567569014000000260e-01 6.436456574000000153e-01 5.050699194000000114e-01 -3.492818020080000196e-01
1.403636904901666641e+09 3.546544295599999952e+00 5.432751485000000269e-01 1.104891078499999901e+00 4.579669596000000009e-01 6.434333039999999837e-01 5.057850543999999893e-01 -3.470465761339999733e-01
1.403636904951666355e+09 3.537652981899999993e+00 5.705839006999999796e-01 1.105994818799999946e+00 4.589512231999999803e-01 6.434222996999999777e-01 5.060765809999999698e-01 -3.453375350640000008e-01
1.403636905001666546e+09 3.528741258500000200e+00 5.976420515999999461e-01 1.105780067400000011e+00 4.599587460999999822e-01 6.434362582000000552e-01 5.057174910999999717e-01 -3.444960850189999757e-01
1.403636905051666498e+09 3.519801375200000138e+00 6.241875021999999662e-01 1.104985146400000007e+00 4.601825964999999852e-01 6.439869357999999933e-01 5.048832582000000180e-01 -3.443917826399999771e-01
1.403636905101666451e+09 3.510821910499999809e+00 6.506337596000000278e-01 1.104123323300000070e+00 4.623225610999999735e-01 6.432829852000000459e-01 5.050703752999999852e-01 -3.425620620620000167e-01
1.403636905151666403e+09 3.501662562299999948e+00 6.764270834000000177e-01 1.104582873200000037e+00 4.630751434000000000e-01 6.435668884999999895e-01 5.039188556999999458e-01 -3.427081241950000190e-01
1.403636905201666594e+09 3.492097081899999900e+00 7.022848733000000010e-01 1.105844459200000074e+00 4.643520460000000183e-01 6.433260713999999769e-01 5.041564107999999544e-01 -3.410792528900000176e-01
1.403636905251666546e+09 3.482286979800000015e+00 7.275315261000000477e-01 1.108539562700000092e+00 4.645215329999999865e-01 6.439043438999999536e-01 5.042227610999999721e-01 -3.396562208880000155e-01
1.403636905301666498e+09 3.472330904500000148e+00 7.521501221999999931e-01 1.112506827900000106e+00 4.649792622999999736e-01 6.443130245000000533e-01 5.045278144000000520e-01 -3.377968273659999743e-01
1.403636905351666451e+09 3.462289550699999996e+00 7.758535264000000486e-01 1.118100812500000041e+00 4.637061419999999878e-01 6.458964399000000078e-01 5.045513184000000040e-01 -3.364853189370000108e-01
1.403636905401666641e+09 3.452409085899999841e+00 7.986385011000000089e-01 1.125153955100000047e+00 4.627804075999999989e-01 6.467783183999999963e-01 5.056923447000000182e-01 -3.343461584740000103e-01
1.403636905451666355e+09 3.442148753500000158e+00 8.203769121999999747e-01 1.133706006900000007e+00 4.625933450999999974e-01 6.458675400000000177e-01 5.075200581000000044e-01 -3.335954262279999805e-01
1.403636905501666546e+09 3.431690712199999993e+00 8.409424517000000376e-01 1.143516102700000037e+00 4.618103705000000114e-01 6.442095126000000338e-01 5.103665766999999631e-01 -3.335434648050000228e-01
1.403636905551666498e+09 3.420704115499999975e+00 8.607759780999999499e-01 1.152899273500000099e+00 4.616350625999999790e-01 6.421864914999999563e-01 5.130689987000000007e-01 -3.335412744440000021e-01
1.403636905601666451e+09 3.409333263999999808e+00 8.799173713000000285e-01 1.161046458900000022e+00 4.616462709999999969e-01 6.401564607999999934e-01 5.156100182999999726e-01 -3.335097228810000036e-01
1.403636905651666403e+09 3.397444678599999879e+00 8.981624917999999624e-01 1.167622182799999964e+00 4.601074652000000098e-01 6.392830103000000097e-01 5.170832041999999795e-01 -3.350273318559999769e-01
1.403636905701666594e+09 3.385218507599999871e+00 9.156332289999999929e-01 1.172324833700000069e+00 4.581533029000000035e-01 6.390735690000000080e-01 5.179344778000000149e-01 -3.367853933759999974e-01
1.403636905751666546e+09 3.372092825400000216e+00 9.324827170999999693e-01 1.175603191500000033e+00 4.565631305000000251e-01 6.386495881999999513e-01 5.181609118000000125e-01 -3.393907494949999770e-01
1.403636905801666498e+09 3.358399563399999899e+00 9.488837685000000022e-01 1.176446480999999933e+00 4.547412845000000092e-01 6.387430001999999662e-01 5.185762659000000552e-01 -3.410225802640000081e-01
1.403636905851666451e+09 3.344577355599999802e+00 9.647045657999999690e-01 1.175243649600000051e+00 4.532440761000000040e-01 6.386623652999999790e-01 5.192377069000000400e-01 -3.421584346229999962e-01
1.403636905901666641e+09 3.330565979200000193e+00 9.798718017999999974e-01 1.172423226300000065e+00 4.515363252999999855e-01 6.387653757000000265e-01 5.200291982000000424e-01 -3.430209537810000042e-01
1.403636905951666355e+09 3.316043902200000115e+00 9.945971873000000185e-01 1.168041900700000024e+00 4.493949237000000041e-01 6.393369623000000335e-01 5.210022470999999822e-01 -3.432915812690000013e-01
1.403636906001666546e+09 3.300983968200000174e+00 1.009108553999999991e+00 1.162463325200000064e+00 4.474174935999999936e-01 6.397434873999999771e-01 5.226188515999999895e-01 -3.426592954409999892e-01
1.403636906051666498e+09 3.285237267899999924e+00 1.023587371100000087e+00 1.155699111099999898e+00 4.465263118000000198e-01 6.395317746999999997e-01 5.249722820000000123e-01 -3.406133660299999755e-01
1.403636906101666451e+09 3.268369687499999898e+00 1.037505351899999928e+00 1.148535504200000057e+00 4.456603740000000258e-01 6.394026290000000001e-01 5.262635830999999875e-01 -3.399966913770000043e-01
1.403636906151666403e+09 3.250507298200000061e+00 1.050823496900000098e+00 1.142119048200000098e+00 4.450152005999999938e-01 6.390509642999999684e-01 5.270858218999999734e-01 -3.402291471459999994e-01
1.403636906201666594e+09 3.231257046000000077e+00 1.064099692699999933e+00 1.137833660599999908e+00 4.461262140000000209e-01 6.378938095999999724e-01 5.267672960000000515e-01 -3.414368238800000177e-01
1.403636906251666546e+09 3.210772706100000207e+00 1.076855389799999951e+00 1.136314861900000084e+00 4.479978447999999891e-01 6.360122995000000445e-01 5.252292844000000516e-01 -3.448484953809999864e-01
1.403636906301666498e+09 3.189207827400000195e+00 1.089166835499999930e+00 1.137071744800000062e+00 4.505666379000000110e-01 6.339525472999999467e-01 5.230034169999999705e-01 -3.486564188399999820e-01
1.403636906351666451e+09 3.167905080400000184e+00 1.100837918399999893e+00 1.139295649799999977e+00 4.515940920000000025e-01 6.331425009000000159e-01 5.203371086000000423e-01 -3.527642882709999816e-01
1.403636906401666641e+09 3.146762657600000068e+00 1.112165329099999989e+00 1.142911761099999923e+00 4.515882371000000117e-01 6.330758958000000103e-01 5.178317004000000390e-01 -3.565575750900000229e-01
1.403636906451666355e+09 3.125691892499999902e+00 1.123064969499999899e+00 1.148178391100000084e+00 4.488300874999999746e-01 6.351125120999999707e-01 5.138989873000000541e-01 -3.620655746790000240e-01
1.403636906501666546e+09 3.104870921499999881e+00 1.134267804000000046e+00 1.154097593699999980e+00 4.453163257000000153e-01 6.376801063000000491e-01 5.105128053999999915e-01 -3.666525978919999984e-01
1.403636906551666498e+09 3.084574932999999852e+00 1.145976813000000094e+00 1.159101918099999962e+00 4.416471129000000273e-01 6.401567272999999503e-01 5.089064210000000532e-01 -3.690006053659999896e-01
1.403636906601666451e+09 3.064808273500000180e+00 1.158531100400000069e+00 1.162405115299999903e+00 4.385299098000000062e-01 6.425070112999999861e-01 5.090330115000000211e-01 -3.684584804370000244e-01
1.403636906651666403e+09 3.045110945299999816e+00 1.172089033300000027e+00 1.164317689099999997e+00 4.386065091999999943e-01 6.425074062000000197e-01 5.100772082000000207e-01 -3.669193436759999871e-01
1.403636906701666594e+09 3.025479398799999942e+00 1.186514870899999963e+00 1.164753338199999932e+00 4.414745312999999727e-01 6.406390615000000510e-01 5.118047364000000155e-01 -3.643319132200000254e-01
1.403636906751666546e+09 3.005987631400000026e+00 1.201781670099999921e+00 1.163572458600000026e+00 4.446239197999999893e-01 6.385752482000000008e-01 5.137771352000000125e-01 -3.613367924850000024e-01
1.403636906801666498e+09 2.986680792600000078e+00 1.217498910200000006e+00 1.161028597899999903e+00 4.469915901000000025e-01 6.368045102999999596e-01 5.161337919999999801e-01 -3.581681766900000063e-01
1.403636906851666451e+09 2.967137503000000009e+00 1.233123125999999958e+00 1.157370812099999924e+00 4.481172659000000058e-01 6.356762686000000384e-01 5.178413035000000164e-01 -3.562961997169999950e-01
1.403636906901666641e+09 2.947679961500000001e+00 1.248560488899999932e+00 1.153335736200000072e+00 4.491771392000000196e-01 6.343806963000000465e-01 5.199183371000000164e-01 -3.542399646189999807e-01
1.403636906951666355e+09 2.928014421399999900e+00 1.263557687000000040e+00 1.150467020500000048e+00 4.499347141999999744e-01 6.332318888000000312e-01 5.213248964000000152e-01 -3.532654530059999853e-01
1.403636907001666546e+09 2.908083872699999795e+00 1.278106189200000076e+00 1.149242357299999906e+00 4.502990937999999943e-01 6.321485479999999768e-01 5.227822077999999539e-01 -3.525871561830000167e-01
1.403636907051666498e+09 2.887629203899999997e+00 1.292393107299999899e+00 1.149825364000000016e+00 4.500902413999999796e-01 6.315871933000000160e-01 5.234648119999999460e-01 -3.528469675850000042e-01
1.403636907101666451e+09 2.867289467300000005e+00 1.306464393900000021e+00 1.151572097000000072e+00 4.492521706000000004e-01 6.315846559000000138e-01 5.244884654000000479e-01 -3.523991476789999910e-01
1.403636907151666403e+09 2.847032783399999989e+00 1.320319461500000013e+00 1.153013546399999978e+00 4.483684165999999860e-01 6.315909853000000185e-01 5.263871423000000549e-01 -3.506781525459999882e-01
1.403636907201666594e+09 2.826495595599999966e+00 1.333728591599999902e+00 1.153125535500000076e+00 4.458914482999999929e-01 6.327510211000000329e-01 5.277723799000000326e-01 -3.496616600440000111e-01
1.403636907251666546e+09 2.805356064300000174e+00 1.346918716900000090e+00 1.151372433299999942e+00 4.431852868000000223e-01 6.341750010000000159e-01 5.288835815000000329e-01 -3.488424098239999993e-01
1.403636907301666498e+09 2.783612057500000070e+00 1.359864474999999961e+00 1.147780988000000058e+00 4.408029339000000268e-01 6.350840765999999915e-01 5.300391085000000224e-01 -3.484530564600000213e-01
1.403636907351666451e+09 2.761066591500000111e+00 1.372420770099999965e+00 1.144357164000000093e+00 4.385506856999999981e-01 6.361457074999999906e-01 5.295712170999999913e-01 -3.500660806690000237e-01
1.403636907401666641e+09 2.737959389099999807e+00 1.384910726600000030e+00 1.141792428200000042e+00 4.358543346000000041e-01 6.376068816000000083e-01 5.286734213999999543e-01 -3.521262232719999941e-01
1.403636907451666355e+09 2.714020082599999828e+00 1.397525751699999930e+00 1.141002466100000001e+00 4.337745588999999957e-01 6.387465985000000401e-01 5.281218517000000334e-01 -3.534539923410000006e-01
1.403636907501666546e+09 2.689421806499999956e+00 1.410519218399999941e+00 1.141942066899999997e+00 4.318373993999999882e-01 6.396876226000000054e-01 5.264081967999999501e-01 -3.566659730349999724e-01
1.403636907551666498e+09 2.664256695599999780e+00 1.423982505099999907e+00 1.145347408899999975e+00 4.288342717999999998e-01 6.417581278999999750e-01 5.246861052000000303e-01 -3.590991000889999785e-01
1.403636907601666451e+09 2.638727447800000014e+00 1.438197629600000083e+00 1.150849659599999963e+00 4.285609375000000165e-01 6.416343651999999453e-01 5.240656665999999797e-01 -3.605496379079999869e-01
1.403636907651666403e+09 2.612308332500000052e+00 1.453412481700000036e+00 1.157744089899999995e+00 4.277533344000000182e-01 6.422226984000000138e-01 5.231133622000000427e-01 -3.618418174499999918e-01
1.403636907701666594e+09 2.584876593699999781e+00 1.469514161200000002e+00 1.166916360599999924e+00 4.268891698999999762e-01 6.427879759000000304e-01 5.222484669000000412e-01 -3.631057608609999932e-01
1.403636907751666546e+09 2.557570412700000073e+00 1.486518978599999929e+00 1.177772232799999985e+00 4.268257174999999792e-01 6.426920732999999997e-01 5.219741603999999979e-01 -3.637439781710000153e-01
1.403636907801666498e+09 2.529774258099999784e+00 1.504442584500000013e+00 1.189379608399999899e+00 4.261586338999999723e-01 6.432509053999999615e-01 5.210747261999999491e-01 -3.648262890119999824e-01
1.403636907851666451e+09 2.502004470100000155e+00 1.523295986299999960e+00 1.199002719299999908e+00 4.262004006999999817e-01 6.432770543000000396e-01 5.204242914000000164e-01 -3.656588666200000226e-01
1.403636907901666641e+09 2.473043488400000101e+00 1.543059547099999929e+00 1.205305381300000089e+00 4.274501680000000192e-01 6.422986195000000009e-01 5.202448068999999675e-01 -3.661750648889999793e-01
1.403636907951666355e+09 2.442586416999999788e+00 1.563970542699999910e+00 1.207950582000000050e+00 4.313715967999999790e-01 6.393926897999999692e-01 5.207249776000000274e-01 -3.659795506419999955e-01
1.403636908001666546e+09 2.411508039900000178e+00 1.585852286299999969e+00 1.207772317000000095e+00 4.352910179999999740e-01 6.364487897999999699e-01 5.219184387999999952e-01 -3.647681605570000096e-01
1.403636908051666498e+09 2.380332654900000122e+00 1.608271333600000075e+00 1.206102322500000046e+00 4.397886770000000167e-01 6.327284176999999898e-01 5.240214101000000291e-01 -3.628253446879999844e-01
1.403636908101666451e+09 2.349036153000000127e+00 1.630713818500000079e+00 1.205205198000000033e+00 4.423810884000000110e-01 6.301780059999999573e-01 5.246299006000000320e-01 -3.632328739399999784e-01
1.403636908151666403e+09 2.317966023199999892e+00 1.653308184199999920e+00 1.205497396299999968e+00 4.438832636999999748e-01 6.283773369999999803e-01 5.254867361999999709e-01 -3.632812418579999814e-01
1.403636908201666594e+09 2.287786280200000189e+00 1.675592463799999932e+00 1.207619493399999966e+00 4.456313724000000032e-01 6.261616550999999919e-01 5.259682959000000491e-01 -3.642686006249999942e-01
1.403636908251666546e+09 2.258569496499999829e+00 1.697700858299999949e+00 1.210144809200000005e+00 4.460447544999999736e-01 6.248909323000000349e-01 5.271146734999999639e-01 -3.642876895109999902e-01
1.403636908301666498e+09 2.229697060199999914e+00 1.719497149299999972e+00 1.212416921099999989e+00 4.460025382999999732e-01 6.240517354000000294e-01 5.278122673999999792e-01 -3.647675666560000196e-01
1.403636908351666451e+09 2.201067988500000183e+00 1.741117881499999909e+00 1.213285899199999962e+00 4.455390014000000232e-01 6.234385815999999858e-01 5.292657496999999545e-01 -3.642761307149999794e-01
1.403636908401666641e+09 2.172620238099999934e+00 1.762312579799999890e+00 1.212930219300000001e+00 4.445557556999999993e-01 6.232491096000000175e-01 5.298594519999999530e-01 -3.649379243979999909e-01
1.403636908451666355e+09 2.144140187300000111e+00 1.783340541600000106e+00 1.211061177299999958e+00 4.433871808000000025e-01 6.231228172999999648e-01 5.309882525000000353e-01 -3.649345668840000001e-01
1.403636908501666546e+09 2.115218210700000157e+00 1.804208495099999920e+00 1.207957144399999905e+00 4.422373244000000203e-01 6.230282832000000326e-01 5.319455785000000159e-01 -3.650969852720000186e-01
1.403636908551666498e+09 2.086155050499999941e+00 1.824899624399999976e+00 1.204011011700000022e+00 4.414900695000000264e-01 6.227170325999999978e-01 5.327307855999999786e-01 -3.653873641620000168e-01
1.403636908601666451e+09 2.057117963300000074e+00 1.845497955999999995e+00 1.199974418000000043e+00 4.407537858999999725e-01 6.222900923999999945e-01 5.337149657999999963e-01 -3.655673349399999883e-01
1.403636908651666403e+09 2.028708007500000132e+00 1.865818111300000082e+00 1.196935756600000067e+00 4.401481942000000092e-01 6.216537922999999521e-01 5.351884188000000098e-01 -3.652252538019999939e-01
1.403636908701666594e+09 2.000602424199999785e+00 1.885933590500000090e+00 1.195625291000000034e+00 4.384863614000000243e-01 6.221868589000000282e-01 5.360554400000000497e-01 -3.650449133249999978e-01
1.403636908751666546e+09 1.972130101399999891e+00 1.905896637099999902e+00 1.196303575600000002e+00 4.358633782999999928e-01 6.233535213999999991e-01 5.371047709999999809e-01 -3.646532158149999869e-01
1.403636908801666498e+09 1.943189622700000063e+00 1.925763800799999981e+00 1.199438556100000053e+00 4.334753465999999777e-01 6.244214889000000435e-01 5.376182769999999778e-01 -3.649157662179999817e-01
1.403636908851666451e+09 1.913491564899999942e+00 1.945718467100000071e+00 1.205009361099999898e+00 4.302871899999999861e-01 6.263407976999999516e-01 5.380694160000000226e-01 -3.647347569080000018e-01
1.403636908901666641e+09 1.882826768299999953e+00 1.965961913399999927e+00 1.212771826500000039e+00 4.289178594999999983e-01 6.269647846000000468e-01 5.392342187999999981e-01 -3.635534155219999897e-01
1.403636908951666355e+09 1.852141395699999915e+00 1.986028392399999953e+00 1.222292942099999946e+00 4.274497601999999730e-01 6.274841134999999959e-01 5.395497250999999883e-01 -3.639182380189999733e-01
1.403636909001666546e+09 1.820219860599999961e+00 2.006315409399999972e+00 1.233473790599999953e+00 4.268521525000000261e-01 6.276627659000000303e-01 5.393846982000000123e-01 -3.645556740870000145e-01
1.403636909051666498e+09 1.787850149799999899e+00 2.026834139600000029e+00 1.244816412300000064e+00 4.259877523999999749e-01 6.283126374999999930e-01 5.385755033000000358e-01 -3.656420265549999993e-01
1.403636909101666451e+09 1.754702909499999963e+00 2.047608480500000105e+00 1.255073433099999969e+00 4.246420834999999894e-01 6.293082099000000262e-01 5.381807248000000099e-01 -3.660762016140000075e-01
1.403636909151666403e+09 1.721365243800000000e+00 2.068677455400000031e+00 1.264244707400000056e+00 4.241413117000000232e-01 6.297413445999999748e-01 5.374202542999999554e-01 -3.670278693030000206e-01
1.403636909201666594e+09 1.687419565599999949e+00 2.090375472499999887e+00 1.271447409200000100e+00 4.241075919999999777e-01 6.300201426999999521e-01 5.375681229000000005e-01 -3.663712372240000015e-01
1.403636909251666546e+09 1.653203578699999898e+00 2.112456940099999958e+00 1.277323192399999918e+00 4.238452192000000118e-01 6.304057145999999445e-01 5.375323744000000126e-01 -3.660639446469999836e-01
1.403636909301666498e+09 1.618321620599999955e+00 2.134960015599999927e+00 1.281955592599999916e+00 4.235334713999999723e-01 6.310207834000000071e-01 5.370644503000000514e-01 -3.660518348119999876e-01
1.403636909351666451e+09 1.582585633599999930e+00 2.157866103099999933e+00 1.285701057300000061e+00 4.248844363000000013e-01 6.305206340000000242e-01 5.364812950999999774e-01 -3.662031756199999877e-01
1.403636909401666641e+09 1.546116371399999911e+00 2.181160853400000210e+00 1.288073997699999973e+00 4.261664826000000073e-01 6.299911347000000106e-01 5.361855483999999894e-01 -3.660578601139999888e-01
1.403636909451666355e+09 1.508684086199999941e+00 2.205084938300000186e+00 1.289459929700000007e+00 4.291895759000000088e-01 6.285071130999999589e-01 5.355983113000000184e-01 -3.659365595910000213e-01
1.403636909501666546e+09 1.470762899599999951e+00 2.229256292000000084e+00 1.289524081299999958e+00 4.320250393999999772e-01 6.270334490000000205e-01 5.349309701000000139e-01 -3.661041879090000117e-01
1.403636909551666498e+09 1.432909922099999900e+00 2.253377922499999908e+00 1.287733475700000074e+00 4.329320184000000071e-01 6.267591273000000518e-01 5.340567644999999475e-01 -3.667781836299999765e-01
1.403636909601666451e+09 1.394995665499999982e+00 2.277624598400000089e+00 1.284380666299999918e+00 4.332030045999999968e-01 6.273424103000000418e-01 5.325479917000000007e-01 -3.676537686260000215e-01
1.403636909651666403e+09 1.356897911499999942e+00 2.301719005899999893e+00 1.280206583400000042e+00 4.326214246000000263e-01 6.281948324999999667e-01 5.300237111000000167e-01 -3.705196634549999812e-01
1.403636909701666594e+09 1.318837928300000018e+00 2.326467711899999902e+00 1.274464070400000093e+00 4.338731647999999885e-01 6.280206791000000344e-01 5.280908874999999947e-01 -3.721076700420000161e-01
1.403636909751666546e+09 1.280603553499999991e+00 2.351834489699999864e+00 1.267484827399999903e+00 4.375594265000000149e-01 6.259577888999999784e-01 5.263628699000000299e-01 -3.737120870530000194e-01
1.403636909801666498e+09 1.242633729100000028e+00 2.377937854699999853e+00 1.258463263399999921e+00 4.425430526999999947e-01 6.228399347999999947e-01 5.268616872000000395e-01 -3.723477201850000085e-01
1.403636909851666451e+09 1.205176219800000004e+00 2.404346852100000209e+00 1.247958733299999956e+00 4.491543741999999839e-01 6.186253580999999668e-01 5.283387310999999587e-01 -3.693524057579999909e-01
1.403636909901666641e+09 1.168526479500000104e+00 2.430486108499999798e+00 1.235763775199999914e+00 4.548815892999999999e-01 6.146859125000000423e-01 5.312521201000000026e-01 -3.647124258789999907e-01
1.403636909951666355e+09 1.132436736799999899e+00 2.455928872499999915e+00 1.222671183199999900e+00 4.616562126000000044e-01 6.099374525999999852e-01 5.335150256999999785e-01 -3.608483927739999930e-01
1.403636910001666546e+09 1.097091517099999969e+00 2.480070613700000148e+00 1.208855507200000012e+00 4.672435012999999748e-01 6.060631219000000014e-01 5.342993821000000532e-01 -3.590197391030000018e-01
1.403636910051666498e+09 1.062960745400000073e+00 2.502121227399999981e+00 1.194610987199999919e+00 4.697770806000000077e-01 6.040842549999999589e-01 5.343352908999999817e-01 -3.589951313959999779e-01
1.403636910101666451e+09 1.029980847800000099e+00 2.522212565399999828e+00 1.181011513200000085e+00 4.675179755000000159e-01 6.056484060000000280e-01 5.332688563999999909e-01 -3.608895642170000251e-01
1.403636910151666403e+09 9.978375216000000547e-01 2.540709518599999939e+00 1.168662469400000070e+00 4.632648827999999996e-01 6.083403173000000441e-01 5.326455207000000414e-01 -3.627622581650000178e-01
1.403636910201666594e+09 9.656519652999999703e-01 2.558097444599999992e+00 1.157447048499999909e+00 4.569100261999999857e-01 6.126921699999999804e-01 5.323032905000000259e-01 -3.639982688780000197e-01
1.403636910251666546e+09 9.332845104000000447e-01 2.574720846399999985e+00 1.149195811400000045e+00 4.532482022000000055e-01 6.149535076000000045e-01 5.325304964000000529e-01 -3.644304064730000126e-01
1.403636910301666498e+09 9.016769650999999497e-01 2.590598584499999912e+00 1.142971197300000075e+00 4.491907681999999791e-01 6.175591513999999504e-01 5.324996273000000002e-01 -3.650924475280000192e-01
1.403636910351666451e+09 8.711796977000000330e-01 2.606080433799999874e+00 1.138452086200000046e+00 4.458777788000000131e-01 6.196239287000000484e-01 5.329371644999999491e-01 -3.650166736689999802e-01
1.403636910401666641e+09 8.406290248000000132e-01 2.621311946900000134e+00 1.135810037599999989e+00 4.443699058999999729e-01 6.201455565000000281e-01 5.335639276000000430e-01 -3.650539830869999891e-01
1.403636910451666355e+09 8.102415513999999819e-01 2.636351127899999813e+00 1.134768893800000011e+00 4.436576971000000258e-01 6.201300803000000528e-01 5.346610478000000111e-01 -3.643406308909999947e-01
1.403636910501666546e+09 7.797280440999999618e-01 2.651105984900000045e+00 1.135550984300000010e+00 4.428224713999999729e-01 6.199787856999999791e-01 5.348989483999999628e-01 -3.652638486620000124e-01
1.403636910551666498e+09 7.491400418000000450e-01 2.665873610999999865e+00 1.135717876500000001e+00 4.426896471999999805e-01 6.196587467999999932e-01 5.360291442000000295e-01 -3.643098549029999966e-01
1.403636910601666451e+09 7.184783493999999937e-01 2.680434196000000213e+00 1.135277687499999910e+00 4.429296892999999846e-01 6.191451756000000417e-01 5.365539862999999521e-01 -3.641186092790000273e-01
1.403636910651666403e+09 6.879571827999999556e-01 2.694671667500000201e+00 1.133133671900000028e+00 4.426536609000000233e-01 6.191436688000000466e-01 5.370312278000000106e-01 -3.637530952069999990e-01
1.403636910701666594e+09 6.575025004000000228e-01 2.708507225299999988e+00 1.129549783100000093e+00 4.426288870000000264e-01 6.188663559999999508e-01 5.371279464999999531e-01 -3.641121680769999758e-01
1.403636910751666546e+09 6.270906520000000262e-01 2.721972260799999876e+00 1.124328078900000083e+00 4.418910365000000007e-01 6.192301099999999447e-01 5.370141069999999628e-01 -3.645575833470000027e-01
1.403636910801666498e+09 5.966110011999999907e-01 2.735164026000000081e+00 1.117714952100000048e+00 4.413412409999999952e-01 6.196684996000000334e-01 5.367712787999999735e-01 -3.648362014509999862e-01
1.403636910851666451e+09 5.662419839000000232e-01 2.748123951999999814e+00 1.110207686599999910e+00 4.403258253999999816e-01 6.201964965999999801e-01 5.364572242999999796e-01 -3.656270226080000074e-01
1.403636910901666641e+09 5.358521260999999924e-01 2.760746884500000053e+00 1.101871875600000106e+00 4.388041845999999802e-01 6.212413110000000183e-01 5.357948902000000402e-01 -3.666523649269999852e-01
1.403636910951666355e+09 5.049106180000000332e-01 2.773281531399999889e+00 1.093527406400000013e+00 4.394023814999999944e-01 6.207052418999999821e-01 5.338685546000000448e-01 -3.696416050599999892e-01
1.403636911001666546e+09 4.737709943000000257e-01 2.785855512199999939e+00 1.087041265899999942e+00 4.424740762000000105e-01 6.183982229000000164e-01 5.295570796999999885e-01 -3.759915279159999901e-01
1.403636911051666498e+09 4.431843362999999814e-01 2.798862311500000200e+00 1.081096821600000091e+00 4.467908827000000027e-01 6.153350021000000281e-01 5.259052589999999583e-01 -3.810044630969999790e-01
1.403636911101666451e+09 4.128580205999999864e-01 2.812457591999999895e+00 1.076469515100000107e+00 4.494702113999999860e-01 6.132579583999999695e-01 5.241093232000000324e-01 -3.836673335240000093e-01
1.403636911151666403e+09 3.839742537999999983e-01 2.826307098100000026e+00 1.072116137300000105e+00 4.485420297000000112e-01 6.138641424999999874e-01 5.249817430000000007e-01 -3.825899002440000252e-01
1.403636911201666594e+09 3.562800910000000210e-01 2.840493238600000137e+00 1.069089172099999985e+00 4.470483780000000240e-01 6.150039710000000381e-01 5.276857655000000147e-01 -3.787685259790000147e-01
1.403636911251666546e+09 3.295300917999999801e-01 2.854580740399999872e+00 1.067511444199999993e+00 4.439344658000000110e-01 6.171458427999999552e-01 5.302719487000000509e-01 -3.753196760979999880e-01
1.403636911301666498e+09 3.033384801999999825e-01 2.868892162399999890e+00 1.067738520900000099e+00 4.425396117000000018e-01 6.182093837000000036e-01 5.326399529999999993e-01 -3.718474558350000070e-01
1.403636911351666451e+09 2.779315948000000147e-01 2.883231860800000046e+00 1.069799314800000012e+00 4.425081741999999929e-01 6.184799824000000168e-01 5.346531984000000293e-01 -3.685308461380000233e-01
1.403636911401666641e+09 2.531553953999999829e-01 2.896913525800000055e+00 1.074957645100000025e+00 4.425104807999999945e-01 6.184080987000000196e-01 5.348740084999999977e-01 -3.683282406239999918e-01
1.403636911451666355e+09 2.291477058999999983e-01 2.910440248600000057e+00 1.081540175500000034e+00 4.433024930999999724e-01 6.181901967999999803e-01 5.352467432999999941e-01 -3.671984531090000115e-01
1.403636911501666546e+09 2.034080309999999892e-01 2.923078513800000167e+00 1.089401691299999975e+00 4.428780977999999813e-01 6.186435555000000530e-01 5.355465562000000235e-01 -3.665092466270000182e-01
1.403636911551666498e+09 1.784462259000000051e-01 2.935476058499999930e+00 1.096621931400000083e+00 4.430538371000000142e-01 6.185076176999999564e-01 5.359713694000000084e-01 -3.659047901649999934e-01
1.403636911601666451e+09 1.537730474000000014e-01 2.947553697100000036e+00 1.102664486099999896e+00 4.427150014999999827e-01 6.188908923000000506e-01 5.359628904000000027e-01 -3.656791913879999800e-01
1.403636911651666403e+09 1.279649412999999958e-01 2.958084754600000199e+00 1.107966297299999958e+00 4.433360472999999802e-01 6.186042255000000489e-01 5.360339476000000047e-01 -3.653074982880000210e-01
1.403636911701666594e+09 1.033026638999999941e-01 2.969201055200000106e+00 1.111764760500000060e+00 4.428607461999999884e-01 6.189590786999999983e-01 5.357887378000000256e-01 -3.656425122820000095e-01
1.403636911751666546e+09 7.815210329999999761e-02 2.979972999300000147e+00 1.114467024100000092e+00 4.424499320999999985e-01 6.195815315999999573e-01 5.348860639000000416e-01 -3.664064435280000032e-01
1.403636911801666498e+09 5.303520719999999661e-02 2.990452629600000023e+00 1.116099428600000110e+00 4.401627200000000073e-01 6.214560341000000543e-01 5.330349425999999502e-01 -3.686772674430000007e-01
1.403636911851666451e+09 2.815623249999999952e-02 3.000995677900000214e+00 1.115990164200000079e+00 4.379705025000000251e-01 6.230702305999999968e-01 5.313556086999999817e-01 -3.709805168720000101e-01
1.403636911901666641e+09 3.351408800000000004e-03 3.011774261899999861e+00 1.113951033300000004e+00 4.331888400000000194e-01 6.267731351999999978e-01 5.295996246999999935e-01 -3.728633843379999813e-01
1.403636911951666355e+09 -2.181561120000000131e-02 3.023367718899999890e+00 1.110418129399999954e+00 4.296633282000000276e-01 6.294873047000000277e-01 5.280180465999999573e-01 -3.746092632720000037e-01
1.403636912001666546e+09 -4.696724060000000145e-02 3.036017818799999990e+00 1.105123489799999970e+00 4.295434495000000075e-01 6.299018043999999872e-01 5.282582277999999798e-01 -3.737102977030000162e-01
1.403636912051666498e+09 -7.231954429999999656e-02 3.049433147599999838e+00 1.098556748900000102e+00 4.312264472999999820e-01 6.291008401000000028e-01 5.291707508999999865e-01 -3.718254974210000174e-01
1.403636912101666451e+09 -9.759409430000000329e-02 3.063106402399999872e+00 1.091090617100000104e+00 4.311448103000000143e-01 6.295818600999999459e-01 5.287380191999999646e-01 -3.717215906499999889e-01
1.403636912151666403e+09 -1.233632880000000015e-01 3.077559160499999891e+00 1.084242888399999938e+00 4.327169243999999804e-01 6.283601304999999471e-01 5.289798604000000015e-01 -3.716179718520000175e-01
1.403636912201666594e+09 -1.493845431999999973e-01 3.092805464700000062e+00 1.079727227600000061e+00 4.345527636000000027e-01 6.273060794999999468e-01 5.294251420000000152e-01 -3.706210966210000124e-01
1.403636912251666546e+09 -1.752987487000000066e-01 3.108596748100000084e+00 1.077353270199999935e+00 4.365877382000000195e-01 6.261187191999999513e-01 5.295032279000000397e-01 -3.701254218569999810e-01
1.403636912301666498e+09 -2.012913953999999894e-01 3.124784062699999865e+00 1.076717027900000012e+00 4.389907775999999928e-01 6.245460956999999702e-01 5.302360594999999677e-01 -3.688888623420000235e-01
1.403636912351666451e+09 -2.269528190000000001e-01 3.140792420299999943e+00 1.077334401699999944e+00 4.396044405000000266e-01 6.244223023999999622e-01 5.301451565000000477e-01 -3.684980830410000130e-01
1.403636912401666641e+09 -2.526043104999999844e-01 3.156925175400000061e+00 1.078771371099999987e+00 4.395806546000000092e-01 6.247344697000000169e-01 5.300283339000000371e-01 -3.681652560550000008e-01
1.403636912451666355e+09 -2.784227197999999959e-01 3.173051729900000062e+00 1.080049325600000110e+00 4.383630405999999757e-01 6.257406080999999842e-01 5.285907503000000229e-01 -3.699707484620000097e-01
1.403636912501666546e+09 -3.041484245000000142e-01 3.189514545000000201e+00 1.080151624099999985e+00 4.362239748999999778e-01 6.274837335999999821e-01 5.267046103000000423e-01 -3.722298501319999953e-01
1.403636912551666498e+09 -3.298344013999999769e-01 3.206718676199999951e+00 1.078341218300000071e+00 4.364678518999999812e-01 6.278052271999999823e-01 5.260898684000000491e-01 -3.722712200209999933e-01
1.403636912601666451e+09 -3.554058152999999831e-01 3.224213303300000000e+00 1.075160893599999890e+00 4.355183913999999823e-01 6.288350654000000040e-01 5.253554376000000303e-01 -3.726819762740000153e-01
1.403636912651666403e+09 -3.811066844000000065e-01 3.242035941999999782e+00 1.070938511899999890e+00 4.346195143000000094e-01 6.298128146999999455e-01 5.233724539999999870e-01 -3.748639362389999952e-01
1.403636912701666594e+09 -4.067642585999999838e-01 3.260295235700000127e+00 1.065245845600000019e+00 4.326101546000000186e-01 6.315317014000000340e-01 5.219139549000000322e-01 -3.763269694840000179e-01
1.403636912751666546e+09 -4.323861588999999839e-01 3.279348114499999856e+00 1.058725165000000024e+00 4.309190654000000231e-01 6.328989699000000524e-01 5.198314714999999753e-01 -3.788441556100000107e-01
1.403636912801666498e+09 -4.578511752000000157e-01 3.299161177099999787e+00 1.050881365900000031e+00 4.302850473000000009e-01 6.334533382999999462e-01 5.188040899000000428e-01 -3.800446848549999812e-01
1.403636912851666451e+09 -4.830226551999999840e-01 3.320192192799999997e+00 1.041909390300000071e+00 4.310731595999999777e-01 6.331091228999999876e-01 5.188130117000000485e-01 -3.797128235969999821e-01
1.403636912901666641e+09 -5.080769647999999750e-01 3.342578554400000179e+00 1.031726504000000100e+00 4.333373249999999954e-01 6.318056720000000404e-01 5.196820437000000403e-01 -3.781149680049999962e-01
1.403636912951666355e+09 -5.329659035999999572e-01 3.365733833400000208e+00 1.020685583399999929e+00 4.370086031000000037e-01 6.293359779999999626e-01 5.199697027999999888e-01 -3.776125208009999956e-01
1.403636913001666546e+09 -5.572819008999999602e-01 3.389416938100000110e+00 1.008498788300000060e+00 4.413348811000000205e-01 6.264001623999999602e-01 5.207612611999999919e-01 -3.763695896889999726e-01
1.403636913051666498e+09 -5.810983353999999990e-01 3.413408351699999788e+00 9.957779193000000362e-01 4.445419087999999963e-01 6.242518879999999770e-01 5.209857963999999786e-01 -3.758535241059999810e-01
1.403636913101666451e+09 -6.040378210000000303e-01 3.437502594300000158e+00 9.830134301999999824e-01 4.473679114999999928e-01 6.222369712999999969e-01 5.212492010999999481e-01 -3.754761958919999865e-01
1.403636913151666403e+09 -6.256337959000000115e-01 3.461698058100000086e+00 9.712909615999999469e-01 4.497167207000000166e-01 6.204388672999999743e-01 5.217721578999999776e-01 -3.749190556859999801e-01
1.403636913201666594e+09 -6.464502146999999699e-01 3.485912585399999930e+00 9.610614343000000170e-01 4.519394379000000184e-01 6.188541803999999535e-01 5.215344672999999709e-01 -3.751960117500000025e-01
1.403636913251666546e+09 -6.670446340000000252e-01 3.510050268300000109e+00 9.526490791999999708e-01 4.519595813000000240e-01 6.186675913000000415e-01 5.221412909000000546e-01 -3.746350498089999759e-01
1.403636913301666498e+09 -6.871552413999999498e-01 3.534259124600000135e+00 9.466199536999999609e-01 4.518810959999999821e-01 6.186755661999999711e-01 5.227881318999999527e-01 -3.738135737739999853e-01
1.403636913351666451e+09 -7.069461956999999463e-01 3.558156671699999940e+00 9.423179632999999500e-01 4.484369979000000228e-01 6.209070638000000475e-01 5.230957619999999642e-01 -3.738308451039999980e-01
1.403636913401666641e+09 -7.261229460000000469e-01 3.582034394899999974e+00 9.399091000000000529e-01 4.453435257000000203e-01 6.229730292999999808e-01 5.230282969999999754e-01 -3.741859823550000019e-01
1.403636913451666355e+09 -7.447277346999999770e-01 3.605839904999999845e+00 9.398838713999999595e-01 4.412311514999999740e-01 6.255782124000000000e-01 5.223165406999999982e-01 -3.757025450870000172e-01
1.403636913501666546e+09 -7.627267808000000038e-01 3.630353034300000115e+00 9.396517172999999667e-01 4.399040391999999855e-01 6.269013127000000463e-01 5.220566598000000447e-01 -3.754144702400000200e-01
1.403636913551666498e+09 -7.808234580999999785e-01 3.655379363599999820e+00 9.386889317000000066e-01 4.406000067999999992e-01 6.266024071000000362e-01 5.227713594999999769e-01 -3.741004719580000026e-01
1.403636913601666451e+09 -7.983651832000000503e-01 3.680720200400000142e+00 9.360269219000000307e-01 4.414329334000000049e-01 6.262310961999999481e-01 5.237084774000000387e-01 -3.724258451210000209e-01
1.403636913651666403e+09 -8.156321724999999745e-01 3.706130497300000215e+00 9.320004562000000492e-01 4.419628380999999773e-01 6.262091132999999532e-01 5.242973382000000182e-01 -3.710030960719999937e-01
1.403636913701666594e+09 -8.326606694999999503e-01 3.731663140799999834e+00 9.266659821999999602e-01 4.429171774999999811e-01 6.258487137999999561e-01 5.248410544999999594e-01 -3.697020810960000015e-01
1.403636913751666546e+09 -8.495229116000000413e-01 3.757170299499999810e+00 9.204919637999999793e-01 4.441844333000000145e-01 6.250564840000000233e-01 5.252062548000000497e-01 -3.690026707280000262e-01
1.403636913801666498e+09 -8.662145285000000250e-01 3.782496481499999952e+00 9.147438876000000274e-01 4.442570551999999728e-01 6.250124391000000390e-01 5.252007296999999797e-01 -3.689977146080000159e-01
1.403636913851666451e+09 -8.824890777999999658e-01 3.807930398799999949e+00 9.094568937000000464e-01 4.453719821000000079e-01 6.244008682999999671e-01 5.255967737000000195e-01 -3.681241431519999829e-01
1.403636913901666641e+09 -8.989088722000000420e-01 3.833180428399999951e+00 9.060205210999999759e-01 4.457560044000000166e-01 6.240262370000000391e-01 5.254925903999999592e-01 -3.684431808060000257e-01
1.403636913951666355e+09 -9.153278007999999799e-01 3.858482755399999853e+00 9.049691268999999760e-01 4.465246338000000148e-01 6.231919448999999611e-01 5.258096236999999507e-01 -3.684722388919999814e-01
1.403636914001666546e+09 -9.309854800000000319e-01 3.883717936700000095e+00 9.064253650000000384e-01 4.466335089999999841e-01 6.230793692999999633e-01 5.260256620000000050e-01 -3.682222306929999744e-01
1.403636914051666498e+09 -9.463645402999999456e-01 3.908758406000000019e+00 9.093314611999999686e-01 4.459962685000000149e-01 6.234611203000000046e-01 5.258443766000000519e-01 -3.686071779130000170e-01
1.403636914101666451e+09 -9.621696776000000506e-01 3.933617130400000050e+00 9.133195339999999884e-01 4.450074968000000131e-01 6.241133452999999554e-01 5.244558368999999720e-01 -3.706709256419999932e-01
1.403636914151666403e+09 -9.777830376999999684e-01 3.958493090600000208e+00 9.168514876000000147e-01 4.438181958999999899e-01 6.249353968999999953e-01 5.235317607999999678e-01 -3.720156637200000005e-01
1.403636914201666594e+09 -9.930381768999999581e-01 3.983661922600000072e+00 9.190999362999999756e-01 4.434292341000000137e-01 6.253627855000000180e-01 5.234183867999999684e-01 -3.719208159210000142e-01
1.403636914251666546e+09 -1.007980450500000069e+00 4.009154223500000391e+00 9.201560935000000496e-01 4.439760676999999767e-01 6.254370450999999775e-01 5.229742298999999761e-01 -3.717683536579999837e-01
1.403636914301666498e+09 -1.022237862999999969e+00 4.034695212699999978e+00 9.193469493999999465e-01 4.437263620999999936e-01 6.255135442000000490e-01 5.243799153999999518e-01 -3.699532752349999898e-01
1.403636914351666451e+09 -1.036431392999999979e+00 4.060417387800000277e+00 9.178733723999999983e-01 4.453100232000000158e-01 6.245086963999999519e-01 5.245811647000000466e-01 -3.694624108230000203e-01
1.403636914401666641e+09 -1.050128064299999942e+00 4.086253091799999737e+00 9.155532856000000441e-01 4.470179074000000252e-01 6.235051069000000501e-01 5.256044666000000420e-01 -3.676361200589999823e-01
1.403636914451666355e+09 -1.063523286899999976e+00 4.111716891800000440e+00 9.141016572000000284e-01 4.478094027000000255e-01 6.229730100999999465e-01 5.261411535000000139e-01 -3.668062897250000121e-01
1.403636914501666546e+09 -1.076847037899999915e+00 4.136835783000000433e+00 9.145440599999999920e-01 4.488311476999999883e-01 6.224468134999999736e-01 5.267893002000000324e-01 -3.655182599380000230e-01
1.403636914551666498e+09 -1.090049859899999918e+00 4.161666598400000083e+00 9.168318215999999854e-01 4.491577274999999925e-01 6.223512082000000056e-01 5.269784701999999932e-01 -3.650068512210000171e-01
1.403636914601666451e+09 -1.103742795799999898e+00 4.186193411699999700e+00 9.211186128999999667e-01 4.496123698000000224e-01 6.221014389000000255e-01 5.269901153999999588e-01 -3.648560467570000077e-01
1.403636914651666403e+09 -1.117481638000000110e+00 4.210600874599999877e+00 9.279201099999999647e-01 4.510690759000000050e-01 6.212468799999999458e-01 5.265876277000000050e-01 -3.650951563379999931e-01
1.403636914701666594e+09 -1.130216634900000017e+00 4.234340167000000044e+00 9.361894536000000544e-01 4.510802394999999798e-01 6.213557935000000310e-01 5.261326313999999948e-01 -3.655517059030000127e-01
1.403636914751666546e+09 -1.142964248600000010e+00 4.257876449500000327e+00 9.449815697000000236e-01 4.523042662000000269e-01 6.210375599999999885e-01 5.258998016000000497e-01 -3.649145085339999817e-01
1.403636914801666498e+09 -1.155412124099999938e+00 4.280857823999999923e+00 9.533418141999999706e-01 4.526730706000000048e-01 6.209679050999999950e-01 5.255897013000000451e-01 -3.650224896329999913e-01
1.403636914851666451e+09 -1.167389956500000103e+00 4.303325309999999959e+00 9.602766188000000369e-01 4.527498851000000268e-01 6.212064333000000271e-01 5.256313032999999635e-01 -3.644610291370000144e-01
1.403636914901666641e+09 -1.178943354300000079e+00 4.325535709999999590e+00 9.654220449000000537e-01 4.522076420999999735e-01 6.220692883999999756e-01 5.257830731999999507e-01 -3.634421670829999784e-01
1.403636914951666355e+09 -1.189988990200000041e+00 4.347405093999999970e+00 9.688340709999999634e-01 4.514366879000000221e-01 6.229707943000000192e-01 5.262888819000000051e-01 -3.621219670229999799e-01
1.403636915001666546e+09 -1.200944688699999929e+00 4.368924944899999829e+00 9.707082339999999476e-01 4.504075008000000269e-01 6.241790876999999682e-01 5.264782251999999829e-01 -3.610460193660000039e-01
1.403636915051666498e+09 -1.211793219000000033e+00 4.390046489000000385e+00 9.711034002999999748e-01 4.494748980000000116e-01 6.249935905000000291e-01 5.270521622999999600e-01 -3.599602007730000053e-01
1.403636915101666451e+09 -1.222841093900000065e+00 4.411097444500000186e+00 9.704657825000000404e-01 4.492158522999999959e-01 6.255302504999999957e-01 5.273839058999999496e-01 -3.588638174830000027e-01
1.403636915151666403e+09 -1.233591642199999949e+00 4.431743096199999954e+00 9.683987509000000493e-01 4.483234106000000274e-01 6.264752971999999476e-01 5.277942912999999958e-01 -3.577261629690000055e-01
1.403636915201666594e+09 -1.244733689800000098e+00 4.451903034799999936e+00 9.647941128000000477e-01 4.470998840000000030e-01 6.275609866000000370e-01 5.286768555999999952e-01 -3.560473060659999911e-01
1.403636915251666546e+09 -1.256152313300000101e+00 4.471598524100000027e+00 9.595428594999999561e-01 4.443872240999999779e-01 6.296561810999999897e-01 5.298626265000000446e-01 -3.539755439799999737e-01
1.403636915301666498e+09 -1.267962980699999909e+00 4.490816904199999904e+00 9.531884881000000087e-01 4.420594096000000084e-01 6.314259504000000467e-01 5.315873466999999630e-01 -3.511404851130000004e-01
1.403636915351666451e+09 -1.280422941000000092e+00 4.509864767399999863e+00 9.459504593999999988e-01 4.393157517999999873e-01 6.333268654000000497e-01 5.332437675000000210e-01 -3.486399808149999724e-01
1.403636915401666641e+09 -1.293633718099999941e+00 4.528733115499999684e+00 9.383582949000000006e-01 4.380479510999999992e-01 6.340518159000000376e-01 5.341818313999999734e-01 -3.474795797290000099e-01
1.403636915451666355e+09 -1.308047772000000109e+00 4.547389964599999779e+00 9.312249545999999878e-01 4.377576764000000176e-01 6.342645081000000129e-01 5.339747616000000141e-01 -3.477753649599999997e-01
1.403636915501666546e+09 -1.323790446999999926e+00 4.565750860699999691e+00 9.261409071999999743e-01 4.383321867000000149e-01 6.339666476999999967e-01 5.312147562000000267e-01 -3.517983321559999821e-01
1.403636915551666498e+09 -1.340788812500000038e+00 4.583933494300000078e+00 9.235187691999999782e-01 4.393241466000000206e-01 6.333302281999999561e-01 5.269329189000000468e-01 -3.580905126610000044e-01
1.403636915601666451e+09 -1.358484356499999990e+00 4.602084260799999882e+00 9.221991352999999725e-01 4.395767194999999905e-01 6.331361182000000420e-01 5.230337028999999527e-01 -3.637948722459999895e-01
1.403636915651666403e+09 -1.377095249899999985e+00 4.620742953799999775e+00 9.228837253999999657e-01 4.391904970000000130e-01 6.331448039999999500e-01 5.194846002999999879e-01 -3.692900141380000001e-01
1.403636915701666594e+09 -1.395211656799999922e+00 4.640202312499999593e+00 9.249493560999999531e-01 4.390376966000000269e-01 6.331084468000000021e-01 5.166912915000000384e-01 -3.734296516680000178e-01
1.403636915751666546e+09 -1.412180435000000012e+00 4.660492691600000015e+00 9.285004077999999827e-01 4.402498716000000090e-01 6.320525878999999625e-01 5.158906693999999460e-01 -3.748951772710000241e-01
1.403636915801666498e+09 -1.428385587499999998e+00 4.681262930799999999e+00 9.331649998000000057e-01 4.398731181000000157e-01 6.320843803000000261e-01 5.152775239000000340e-01 -3.761250450690000191e-01
1.403636915851666451e+09 -1.444649611900000075e+00 4.702538516099999732e+00 9.402989731999999989e-01 4.403028299999999784e-01 6.315416119000000217e-01 5.150705080999999907e-01 -3.768169078740000177e-01
1.403636915901666641e+09 -1.460090742200000014e+00 4.724474840200000081e+00 9.498355385000000206e-01 4.407430715999999804e-01 6.309643239000000126e-01 5.152373636999999507e-01 -3.770411460309999740e-01
1.403636915951666355e+09 -1.475277421499999964e+00 4.746802875200000216e+00 9.594951320000000283e-01 4.419214692999999805e-01 6.300046549000000162e-01 5.164491554000000262e-01 -3.756059366730000182e-01
1.403636916001666546e+09 -1.490163488399999903e+00 4.770067180999999934e+00 9.681228187999999513e-01 4.452274512000000128e-01 6.275494417000000436e-01 5.186501215000000053e-01 -3.727683817179999748e-01
1.403636916051666498e+09 -1.504841629099999967e+00 4.793732702699999848e+00 9.751571489000000481e-01 4.476673035000000023e-01 6.257456391000000284e-01 5.209515153999999537e-01 -3.696564609260000189e-01
1.403636916101666451e+09 -1.519174407599999999e+00 4.817417722200000085e+00 9.805217035000000081e-01 4.506890895999999813e-01 6.233559786000000269e-01 5.236066406999999590e-01 -3.662550399069999796e-01
1.403636916151666403e+09 -1.532991883400000033e+00 4.840773236699999593e+00 9.847463322999999713e-01 4.520678906000000219e-01 6.219491109000000462e-01 5.256322961999999599e-01 -3.640393041439999866e-01
1.403636916201666594e+09 -1.546506329500000110e+00 4.863702501099999687e+00 9.882595183000000283e-01 4.526468786999999772e-01 6.213242936999999744e-01 5.268161765000000107e-01 -3.626729125070000115e-01
1.403636916251666546e+09 -1.559581598500000110e+00 4.885920296600000157e+00 9.927794981999999990e-01 4.521986310000000175e-01 6.215387365000000219e-01 5.264858801999999782e-01 -3.633436597899999954e-01
1.403636916301666498e+09 -1.572307770699999940e+00 4.907627819800000069e+00 9.985114119000000343e-01 4.514111536000000036e-01 6.218521819000000228e-01 5.263863512999999994e-01 -3.639302726759999773e-01
1.403636916351666451e+09 -1.584424315199999933e+00 4.929026785899999652e+00 1.005701251300000099e+00 4.508225969999999916e-01 6.219263133000000332e-01 5.264606591999999585e-01 -3.644253300179999822e-01
1.403636916401666641e+09 -1.596907000200000093e+00 4.950624143399999788e+00 1.013440041399999991e+00 4.512024847000000172e-01 6.221196307999999897e-01 5.271644803999999684e-01 -3.626032176130000173e-01
1.403636916451666355e+09 -1.609458772600000032e+00 4.972430818600000357e+00 1.020938289000000054e+00 4.544928480000000048e-01 6.218073629000000491e-01 5.266034260999999939e-01 -3.598342481560000139e-01
1.403636916501666546e+09 -1.622056261500000041e+00 4.993835183399999877e+00 1.027333439700000017e+00 4.560354598999999953e-01 6.244771667999999831e-01 5.236183412999999565e-01 -3.576083893499999999e-01
1.403636916551666498e+09 -1.634622511999999972e+00 5.015285615899999883e+00 1.032415819599999951e+00 4.596782026999999826e-01 6.269709735999999811e-01 5.203309685000000462e-01 -3.533539745170000135e-01
1.403636916601666451e+09 -1.647297846300000090e+00 5.036200823999999798e+00 1.036254154200000110e+00 4.625208708999999918e-01 6.305583863000000511e-01 5.159548630000000413e-01 -3.496586117009999883e-01
1.403636916651666403e+09 -1.659892400299999959e+00 5.056534481899999989e+00 1.038753776000000073e+00 4.653083248000000061e-01 6.340500023999999790e-01 5.118565760000000076e-01 -3.456466446129999870e-01
1.403636916701666594e+09 -1.672321189600000091e+00 5.075979877400000007e+00 1.040222504900000011e+00 4.676791730000000036e-01 6.370644391999999989e-01 5.078531145000000357e-01 -3.427977618249999914e-01
1.403636916751666546e+09 -1.684730870699999938e+00 5.094514131200000406e+00 1.040521872400000047e+00 4.699484836000000221e-01 6.395445768999999947e-01 5.041959378000000491e-01 -3.404667578350000223e-01
1.403636916801666498e+09 -1.696857265900000078e+00 5.112272306300000402e+00 1.039304059500000044e+00 4.712464450000000138e-01 6.423296290000000131e-01 5.003966970000000014e-01 -3.390318295720000097e-01
1.403636916851666451e+09 -1.708628014999999944e+00 5.129212782599999798e+00 1.036859500899999897e+00 4.724846067999999844e-01 6.443911932000000453e-01 4.978585481999999729e-01 -3.371277982959999808e-01
1.403636916901666641e+09 -1.720301811199999920e+00 5.145607581700000210e+00 1.033312795300000086e+00 4.744370373999999835e-01 6.457078265000000261e-01 4.960213424000000093e-01 -3.345649837079999744e-01
1.403636916951666355e+09 -1.732017496299999904e+00 5.161051532200000125e+00 1.028755155300000057e+00 4.760172082999999943e-01 6.465156029999999943e-01 4.943079204999999976e-01 -3.332939727199999980e-01
1.403636917001666546e+09 -1.743549813100000012e+00 5.175577371700000207e+00 1.022710745499999963e+00 4.766311026000000228e-01 6.477584762000000440e-01 4.926962301000000211e-01 -3.323885879080000216e-01
1.403636917051666498e+09 -1.754913099399999954e+00 5.189207180800000430e+00 1.015675164699999966e+00 4.763494051000000118e-01 6.492776688000000407e-01 4.909346514999999855e-01 -3.324348371529999846e-01
1.403636917101666451e+09 -1.766163808700000004e+00 5.202102224599999936e+00 1.007614828699999965e+00 4.759535266000000098e-01 6.506314636000000151e-01 4.892417768999999805e-01 -3.328504511090000229e-01
1.403636917151666403e+09 -1.777251985399999956e+00 5.214279311400000338e+00 9.986338633000000353e-01 4.749681298000000274e-01 6.522276865999999673e-01 4.874330573000000277e-01 -3.337863616130000155e-01
1.403636917201666594e+09 -1.788244808600000013e+00 5.226296965799999583e+00 9.885008038000000496e-01 4.750186484000000209e-01 6.540605417000000532e-01 4.847084077000000102e-01 -3.340955715930000181e-01
1.403636917251666546e+09 -1.798912772100000002e+00 5.238420423400000026e+00 9.767722195000000385e-01 4.761854634000000086e-01 6.564983306999999657e-01 4.814504528999999922e-01 -3.323594554980000004e-01
1.403636917301666498e+09 -1.809395609899999924e+00 5.250593090099999749e+00 9.638472161000000149e-01 4.790449149000000073e-01 6.590281275999999577e-01 4.767928613999999898e-01 -3.299491835839999943e-01
1.403636917351666451e+09 -1.819110104800000016e+00 5.262834758000000335e+00 9.496784212000000114e-01 4.824427728999999831e-01 6.624783935000000401e-01 4.715938290000000199e-01 -3.255312727379999771e-01
1.403636917401666641e+09 -1.829112846499999945e+00 5.275358807599999977e+00 9.343545612000000444e-01 4.870354144999999857e-01 6.664960787000000497e-01 4.651257241000000264e-01 -3.197460601720000239e-01
1.403636917451666355e+09 -1.838856401399999951e+00 5.287256930799999921e+00 9.175512628999999976e-01 4.907161648000000209e-01 6.713655640000000258e-01 4.571152518000000109e-01 -3.154545477230000228e-01
1.403636917501666546e+09 -1.848478495900000018e+00 5.298855274800000181e+00 8.999094659999999912e-01 4.937887402000000203e-01 6.758547261999999778e-01 4.512161047000000091e-01 -3.095110596139999948e-01
1.403636917551666498e+09 -1.857744015099999979e+00 5.309542623199999589e+00 8.834598714000000408e-01 4.963503897000000054e-01 6.796795119999999857e-01 4.449534438000000147e-01 -3.060857468609999854e-01
1.403636917601666451e+09 -1.867269959399999957e+00 5.319794575799999592e+00 8.688859928000000066e-01 4.981267443999999878e-01 6.833540697000000108e-01 4.390260093000000197e-01 -3.035673319280000060e-01
1.403636917651666403e+09 -1.875459659999999973e+00 5.329077234899999738e+00 8.560842033000000129e-01 5.007098654999999621e-01 6.857639796000000176e-01 4.341173316999999976e-01 -3.009311170739999985e-01
1.403636917701666594e+09 -1.883502063099999901e+00 5.337679556000000325e+00 8.448261081000000283e-01 5.021593419000000003e-01 6.882279936999999848e-01 4.298584605999999919e-01 -2.989982070619999766e-01
1.403636917751666546e+09 -1.891444440299999918e+00 5.346067908600000251e+00 8.354022779999999981e-01 5.041299248999999705e-01 6.903198662999999735e-01 4.258982707000000256e-01 -2.965167180939999869e-01
1.403636917801666498e+09 -1.898941167000000041e+00 5.353943371399999762e+00 8.279213293999999612e-01 5.060015299000000244e-01 6.920242683999999755e-01 4.227658538999999882e-01 -2.938263031760000032e-01
1.403636917851666451e+09 -1.906108957600000098e+00 5.361390086100000119e+00 8.227378288000000151e-01 5.080152614999999816e-01 6.933421730000000061e-01 4.200492500999999934e-01 -2.911284129830000178e-01
1.403636917901666641e+09 -1.912963648599999900e+00 5.368134032200000405e+00 8.200893061999999789e-01 5.096614726999999512e-01 6.944308891999999567e-01 4.175301462000000075e-01 -2.892740921279999822e-01
1.403636917951666355e+09 -1.919047609499999973e+00 5.374097163100000074e+00 8.185181724000000214e-01 5.108071992999999589e-01 6.953212635000000086e-01 4.159864844999999756e-01 -2.873318472020000014e-01
1.403636918001666546e+09 -1.924706507900000085e+00 5.379396355599999957e+00 8.165371755000000453e-01 5.107391503000000554e-01 6.968765746999999733e-01 4.147613205999999830e-01 -2.854498325279999915e-01
1.403636918051666498e+09 -1.929987106700000066e+00 5.384068163300000265e+00 8.134599501999999482e-01 5.108756562999999806e-01 6.979327682999999505e-01 4.139979686999999964e-01 -2.837280329119999944e-01
1.403636918101666451e+09 -1.935001506299999896e+00 5.388187957200000433e+00 8.089120147999999677e-01 5.113336702999999872e-01 6.982985387000000266e-01 4.143202250999999947e-01 -2.815240300640000082e-01
1.403636918151666403e+09 -1.939844342500000041e+00 5.391707565699999982e+00 8.032164688999999802e-01 5.113829052999999680e-01 6.987584529000000488e-01 4.147079645999999786e-01 -2.797167367089999912e-01
1.403636918201666594e+09 -1.944767109600000099e+00 5.394654004100000400e+00 7.973707592000000011e-01 5.114328428000000093e-01 6.989244422999999484e-01 4.157868510000000128e-01 -2.776010911119999869e-01
1.403636918251666546e+09 -1.949599411699999951e+00 5.396982414800000072e+00 7.927414193999999803e-01 5.114502774000000418e-01 6.989352770000000215e-01 4.167259555999999754e-01 -2.761296258550000049e-01
1.403636918301666498e+09 -1.954413656999999915e+00 5.398440644099999908e+00 7.900361586999999908e-01 5.115603720000000409e-01 6.987697398000000115e-01 4.175336402000000002e-01 -2.751226922130000085e-01
1.403636918351666451e+09 -1.958955680999999949e+00 5.398937834399999858e+00 7.886973668000000215e-01 5.095172481999999947e-01 6.999790729999999517e-01 4.195018723000000227e-01 -2.728363068460000207e-01
1.403636918401666641e+09 -1.963528221900000093e+00 5.398378898899999889e+00 7.887269933999999649e-01 5.044830831000000071e-01 7.032122839000000125e-01 4.217620846999999840e-01 -2.703812986340000113e-01
1.403636918451666355e+09 -1.968884405300000084e+00 5.397367663099999824e+00 7.905524334000000319e-01 5.003999981000000208e-01 7.057361650000000264e-01 4.241424127000000266e-01 -2.676556014989999732e-01
1.403636918501666546e+09 -1.975381023099999966e+00 5.396028057099999664e+00 7.947937876999999762e-01 4.972682281999999954e-01 7.074969249000000460e-01 4.260674811999999867e-01 -2.657798187409999846e-01
1.403636918551666498e+09 -1.983264826100000100e+00 5.394438831199999562e+00 8.013967920000000245e-01 4.955073049000000007e-01 7.082575079999999801e-01 4.270910118999999838e-01 -2.653998506610000252e-01
1.403636918601666451e+09 -1.992493346500000095e+00 5.392807703199999914e+00 8.099615748999999809e-01 4.948728278999999786e-01 7.080666542000000341e-01 4.284990019000000094e-01 -2.648227762140000219e-01
1.403636918651666403e+09 -2.003544595200000167e+00 5.391151027900000337e+00 8.212232796999999751e-01 4.950583681999999874e-01 7.071781498000000443e-01 4.290137207999999980e-01 -2.660141047890000054e-01
1.403636918701666594e+09 -2.015812650800000050e+00 5.388665573299999956e+00 8.343378208999999712e-01 4.952533118999999928e-01 7.063650394999999582e-01 4.285678783999999908e-01 -2.685184566819999730e-01
1.403636918751666546e+09 -2.028956605299999882e+00 5.385777652699999862e+00 8.495523780999999497e-01 4.943551442999999934e-01 7.064490326000000264e-01 4.260142118999999949e-01 -2.739610316750000218e-01
1.403636918801666498e+09 -2.043362878199999955e+00 5.382758549500000100e+00 8.666234671000000445e-01 4.922948042999999996e-01 7.074597280000000099e-01 4.215407492000000089e-01 -2.818686852780000196e-01
1.403636918851666451e+09 -2.058477577100000122e+00 5.380242436099999637e+00 8.853605517999999508e-01 4.915221839000000204e-01 7.077382474000000201e-01 4.157596982000000274e-01 -2.909577103930000019e-01
1.403636918901666641e+09 -2.072807973599999798e+00 5.377432542900000279e+00 9.037831886999999620e-01 4.924069756000000186e-01 7.074707165000000408e-01 4.109036575000000191e-01 -2.969490526710000244e-01
1.403636918951666355e+09 -2.087305191900000079e+00 5.376707038000000161e+00 9.231163467999999872e-01 4.935273829999999862e-01 7.083700366999999831e-01 4.040198045000000238e-01 -3.023418773789999792e-01
1.403636919001666546e+09 -2.101032061100000181e+00 5.376944420500000099e+00 9.425126321000000251e-01 4.945434604000000234e-01 7.097605930000000507e-01 3.985306644000000120e-01 -3.046965309860000248e-01
1.403636919051666498e+09 -2.114414719300000023e+00 5.378618106300000257e+00 9.626818716999999692e-01 4.955330490000000032e-01 7.110380039999999457e-01 3.931978742000000193e-01 -3.070299431529999734e-01
1.403636919101666451e+09 -2.126969572900000216e+00 5.381826410200000410e+00 9.834604166000000536e-01 4.965207442999999832e-01 7.121378659000000555e-01 3.896638610000000003e-01 -3.073904453549999860e-01
1.403636919151666403e+09 -2.137825875699999933e+00 5.386284828800000035e+00 1.004491547300000009e+00 4.978720944000000204e-01 7.129918740999999782e-01 3.866523372999999819e-01 -3.070275804059999780e-01
1.403636919201666594e+09 -2.147137893900000094e+00 5.391866515900000323e+00 1.025696098000000056e+00 4.994827987000000080e-01 7.134789335000000232e-01 3.843691025000000039e-01 -3.061456161960000033e-01
1.403636919251666546e+09 -2.154870029400000053e+00 5.398547148499999615e+00 1.046901914700000047e+00 5.003684645999999514e-01 7.143240632999999784e-01 3.830434756000000163e-01 -3.043849995890000049e-01
1.403636919301666498e+09 -2.161358748200000068e+00 5.406340107600000167e+00 1.067759519500000032e+00 5.021401012999999747e-01 7.145654031000000517e-01 3.814951543999999806e-01 -3.028416262340000165e-01
1.403636919351666451e+09 -2.166471603300000215e+00 5.415259529400000105e+00 1.087093351999999902e+00 5.040234027000000117e-01 7.151128827999999604e-01 3.795213634999999863e-01 -3.008945148180000029e-01
1.403636919401666641e+09 -2.170311718099999787e+00 5.425169836200000262e+00 1.104640477200000026e+00 5.062181866999999613e-01 7.153332431000000158e-01 3.789962103999999776e-01 -2.973270443270000229e-01
1.403636919451666355e+09 -2.173040174600000096e+00 5.436006620699999736e+00 1.120317957899999994e+00 5.090956478000000507e-01 7.149566172000000330e-01 3.793725143000000188e-01 -2.928056563390000200e-01
1.403636919501666546e+09 -2.174693621899999929e+00 5.447387662999999769e+00 1.134492452299999954e+00 5.128187292000000452e-01 7.135956624999999498e-01 3.811192064999999740e-01 -2.873087743459999954e-01
1.403636919551666498e+09 -2.175384733600000065e+00 5.459128570299999872e+00 1.147161820200000015e+00 5.163024439000000188e-01 7.122713607999999752e-01 3.831227414999999747e-01 -2.816349764350000173e-01
1.403636919601666451e+09 -2.175488490499999816e+00 5.471038229200000380e+00 1.158666374799999899e+00 5.191320283999999452e-01 7.112131294000000326e-01 3.844707204000000211e-01 -2.772365179019999903e-01
1.403636919651666403e+09 -2.175050951299999813e+00 5.482554203000000292e+00 1.168910590699999918e+00 5.220522118999999517e-01 7.098997804000000134e-01 3.848437258999999888e-01 -2.745889592820000003e-01
1.403636919701666594e+09 -2.173982827700000175e+00 5.493450046200000436e+00 1.177326222100000042e+00 5.235029257000000102e-01 7.092761388999999639e-01 3.855537235000000007e-01 -2.724341605810000067e-01
1.403636919751666546e+09 -2.172345893900000213e+00 5.503819192799999982e+00 1.184360241200000052e+00 5.236026790000000153e-01 7.095314513999999573e-01 3.850851122999999765e-01 -2.722403539100000103e-01
1.403636919801666498e+09 -2.170226311299999988e+00 5.513717725400000269e+00 1.190146363200000001e+00 5.243675177000000076e-01 7.092545542999999508e-01 3.839711483000000092e-01 -2.730619726169999928e-01
1.403636919851666451e+09 -2.167712351100000046e+00 5.523175114299999855e+00 1.194206502699999950e+00 5.241726362999999944e-01 7.095012496999999474e-01 3.831981966999999933e-01 -2.738798388500000014e-01
1.403636919901666641e+09 -2.164718748199999876e+00 5.532121564099999667e+00 1.196483707300000088e+00 5.240726194000000504e-01 7.096620286999999472e-01 3.822994384999999773e-01 -2.749087737779999929e-01
1.403636919951666355e+09 -2.161213214100000002e+00 5.540611156899999834e+00 1.197446021800000038e+00 5.236714712000000160e-01 7.099500279999999552e-01 3.807180316000000064e-01 -2.771153702110000228e-01
1.403636920001666546e+09 -2.156746181599999979e+00 5.548717754100000121e+00 1.196759011499999970e+00 5.231281761999999613e-01 7.101319681000000106e-01 3.792574219000000024e-01 -2.796664210120000105e-01
1.403636920051666498e+09 -2.151356204199999844e+00 5.556621685599999694e+00 1.194594606999999975e+00 5.224161665000000010e-01 7.103926328999999873e-01 3.774355873999999944e-01 -2.827826610429999832e-01
1.403636920101666451e+09 -2.144912644500000187e+00 5.564314186299999854e+00 1.191079410499999991e+00 5.215051357000000110e-01 7.107702948999999881e-01 3.758190842999999948e-01 -2.856536314650000019e-01
1.403636920151666403e+09 -2.137228023400000065e+00 5.571973077400000030e+00 1.186269814399999900e+00 5.203134865999999858e-01 7.113243124000000472e-01 3.742792731999999845e-01 -2.884555839740000072e-01
1.403636920201666594e+09 -2.128308187100000026e+00 5.579745098100000078e+00 1.180135664300000053e+00 5.195395153999999849e-01 7.115116435999999656e-01 3.732791274000000215e-01 -2.906760498939999771e-01
1.403636920251666546e+09 -2.117964348800000174e+00 5.587823961399999817e+00 1.172351841400000039e+00 5.198372986999999501e-01 7.110649985000000450e-01 3.742711215999999785e-01 -2.899601324689999871e-01
1.403636920301666498e+09 -2.106354022900000178e+00 5.596244222600000207e+00 1.163423287699999920e+00 5.222713973999999482e-01 7.091806849999999773e-01 3.774607993999999911e-01 -2.860396622979999859e-01
1.403636920351666451e+09 -2.093696578499999905e+00 5.604528908699999867e+00 1.153606292200000105e+00 5.249284419999999951e-01 7.071627093000000253e-01 3.805950555000000013e-01 -2.819901364969999991e-01
1.403636920401666641e+09 -2.080101809099999866e+00 5.612397044699999782e+00 1.143757491699999962e+00 5.266724512999999552e-01 7.058046931000000468e-01 3.832623827000000150e-01 -2.785063919090000062e-01
1.403636920451666355e+09 -2.065405582899999981e+00 5.619554777600000328e+00 1.134892097500000085e+00 5.270446826000000362e-01 7.053057026000000285e-01 3.863968526000000070e-01 -2.747093749660000084e-01
1.403636920501666546e+09 -2.050309512300000137e+00 5.625962083100000122e+00 1.127779164499999931e+00 5.265133235000000189e-01 7.055470891999999772e-01 3.883983261000000242e-01 -2.722751647209999959e-01
1.403636920551666498e+09 -2.034410106500000204e+00 5.631447939200000086e+00 1.122726852500000039e+00 5.250426954000000368e-01 7.065605769999999675e-01 3.901648312000000063e-01 -2.699513354849999991e-01
1.403636920601666451e+09 -2.017835491500000078e+00 5.635827270500000097e+00 1.119820223699999895e+00 5.228461078999999678e-01 7.080386494999999503e-01 3.915614236000000137e-01 -2.683148706140000006e-01
1.403636920651666403e+09 -2.001516071899999805e+00 5.639872726100000122e+00 1.118680888299999898e+00 5.201826688999999782e-01 7.100160576999999806e-01 3.925894100999999803e-01 -2.667597117259999928e-01
1.403636920701666594e+09 -1.984901906499999980e+00 5.643282670099999621e+00 1.119953750300000106e+00 5.176572333000000192e-01 7.119346840000000398e-01 3.938165336000000183e-01 -2.647423887020000088e-01
1.403636920751666546e+09 -1.968793901900000032e+00 5.646379237599999712e+00 1.122828145599999994e+00 5.154337270000000082e-01 7.135984642999999572e-01 3.946500378999999725e-01 -2.633565118319999843e-01
1.403636920801666498e+09 -1.952360579700000098e+00 5.648788628400000178e+00 1.127483350499999926e+00 5.128524884999999811e-01 7.157014785999999962e-01 3.952053783000000209e-01 -2.618519190179999789e-01
1.403636920851666451e+09 -1.936769670599999937e+00 5.651086168900000040e+00 1.134327817399999994e+00 5.110199609000000143e-01 7.170832108000000371e-01 3.954959866000000157e-01 -2.612148405070000012e-01
1.403636920901666641e+09 -1.921420890999999909e+00 5.652926175000000164e+00 1.143196107200000089e+00 5.098845918000000088e-01 7.179944974999999951e-01 3.954563598999999985e-01 -2.609901762119999913e-01
1.403636920951666355e+09 -1.906737560600000103e+00 5.654755651200000344e+00 1.153020319799999971e+00 5.096739007999999682e-01 7.184565724999999459e-01 3.953671078000000061e-01 -2.602643241359999804e-01
1.403636921001666546e+09 -1.892862435799999909e+00 5.656420537699999862e+00 1.162591128499999904e+00 5.095769736999999910e-01 7.186682087000000330e-01 3.951522429000000058e-01 -2.601961159110000033e-01
1.403636921051666498e+09 -1.879592219500000105e+00 5.657994797899999817e+00 1.170906238699999991e+00 5.094669511999999623e-01 7.189393429999999530e-01 3.949388567000000072e-01 -2.599864345280000211e-01
1.403636921101666451e+09 -1.867001200700000085e+00 5.659488416900000374e+00 1.178070659200000092e+00 5.099921555999999967e-01 7.188365809000000217e-01 3.941301795000000108e-01 -2.604676041790000007e-01
1.403636921151666403e+09 -1.855009763400000011e+00 5.660955851399999794e+00 1.183580546399999989e+00 5.104448377000000425e-01 7.187204788000000066e-01 3.939549572000000111e-01 -2.601661636329999916e-01
1.403636921201666594e+09 -1.843576477000000047e+00 5.662369894100000245e+00 1.187870120499999960e+00 5.121983057000000228e-01 7.176669205000000273e-01 3.931657742999999927e-01 -2.608213195249999838e-01
1.403636921251666546e+09 -1.832667670099999979e+00 5.663626876999999560e+00 1.191029538200000015e+00 5.156651123000000059e-01 7.152628724999999799e-01 3.916253444000000195e-01 -2.629032232979999772e-01
1.403636921301666498e+09 -1.821856670999999928e+00 5.664640451400000387e+00 1.192779024500000062e+00 5.194913858999999912e-01 7.127222614999999539e-01 3.898948405000000061e-01 -2.648352155059999768e-01
1.403636921351666451e+09 -1.811086491199999982e+00 5.664960430699999883e+00 1.193160971600000009e+00 5.215677388999999664e-01 7.113831473999999711e-01 3.873879613999999805e-01 -2.680143254480000237e-01
1.403636921401666641e+09 -1.800080210800000025e+00 5.664542568099999897e+00 1.192188306999999892e+00 5.222235427000000429e-01 7.110211298999999929e-01 3.845871242000000190e-01 -2.717062167770000203e-01
1.403636921451666355e+09 -1.788761628600000098e+00 5.663805180899999847e+00 1.190051895200000098e+00 5.226373496999999757e-01 7.108404269000000442e-01 3.821000520999999761e-01 -2.748738590290000228e-01
1.403636921501666546e+09 -1.776600546400000091e+00 5.662430742899999814e+00 1.186498455499999993e+00 5.202457528999999692e-01 7.125965596000000124e-01 3.796750791999999874e-01 -2.782037636760000265e-01
1.403636921551666498e+09 -1.763695452999999969e+00 5.660857815299999984e+00 1.181358822700000033e+00 5.177111547999999619e-01 7.145215335000000278e-01 3.783124422999999958e-01 -2.798460904330000165e-01
1.403636921601666451e+09 -1.749802297000000006e+00 5.659238068999999705e+00 1.174676036399999957e+00 5.134738783000000195e-01 7.177209769000000295e-01 3.774272332999999979e-01 -2.806596858250000048e-01
1.403636921651666403e+09 -1.735002438700000038e+00 5.658092108700000011e+00 1.166240274500000007e+00 5.084274814999999448e-01 7.214513342999999690e-01 3.781166283999999878e-01 -2.793515412820000154e-01
1.403636921701666594e+09 -1.719665731899999939e+00 5.657509328599999776e+00 1.155852084399999979e+00 5.018233518000000393e-01 7.263280738999999819e-01 3.811315874000000270e-01 -2.745169680110000066e-01
1.403636921751666546e+09 -1.704416659200000073e+00 5.657493498100000018e+00 1.145156951299999948e+00 4.952894755000000204e-01 7.310501809999999656e-01 3.835009260000000197e-01 -2.705198846219999953e-01
1.403636921801666498e+09 -1.689611906699999944e+00 5.658812914300000330e+00 1.134259258299999962e+00 4.923862801000000178e-01 7.332516516999999512e-01 3.868889130000000010e-01 -2.649806323180000089e-01
1.403636921851666451e+09 -1.675890842200000064e+00 5.661284296999999910e+00 1.124048812300000089e+00 4.922728899000000102e-01 7.336229493000000490e-01 3.881040412000000273e-01 -2.623738234349999865e-01
1.403636921901666641e+09 -1.663140471800000020e+00 5.664752865299999662e+00 1.113863479599999984e+00 4.940077046999999943e-01 7.328060271999999875e-01 3.885161769000000098e-01 -2.607813156100000085e-01
1.403636921951666355e+09 -1.651543852200000106e+00 5.669275034900000065e+00 1.104016876300000005e+00 4.988349362000000231e-01 7.301258215999999468e-01 3.873159872999999975e-01 -2.608952222809999832e-01
1.403636922001666546e+09 -1.640717099600000006e+00 5.674618416600000437e+00 1.093834390200000062e+00 5.045854070999999941e-01 7.269788127999999849e-01 3.860706541999999741e-01 -2.604703873149999960e-01
1.403636922051666498e+09 -1.630108965900000095e+00 5.680506293499999693e+00 1.083226201800000066e+00 5.108469230000000083e-01 7.239747863000000061e-01 3.842325864000000202e-01 -2.593477387370000109e-01
1.403636922101666451e+09 -1.619728286199999978e+00 5.686253038300000284e+00 1.072909411599999974e+00 5.153202212999999920e-01 7.222748166000000358e-01 3.815711489999999984e-01 -2.591671603719999939e-01
1.403636922151666403e+09 -1.609199918300000087e+00 5.691362588599999661e+00 1.063712009300000094e+00 5.193600602000000288e-01 7.208896592000000325e-01 3.794563830000000082e-01 -2.580621638969999854e-01
1.403636922201666594e+09 -1.598761803199999942e+00 5.696154075900000002e+00 1.056230445500000004e+00 5.212278693999999879e-01 7.211859986999999972e-01 3.776264621000000044e-01 -2.561455026330000107e-01
1.403636922251666546e+09 -1.588349472400000018e+00 5.700670357799999977e+00 1.050003966400000044e+00 5.198411672999999622e-01 7.236404252000000481e-01 3.774986918000000080e-01 -2.521991942230000228e-01
1.403636922301666498e+09 -1.577921186300000000e+00 5.704670713599999665e+00 1.045837834999999938e+00 5.186809161000000001e-01 7.258659717000000011e-01 3.774710162000000091e-01 -2.482021964130000091e-01
1.403636922351666451e+09 -1.568232578099999941e+00 5.708437658900000322e+00 1.043598102900000102e+00 5.168869644000000374e-01 7.283708402999999887e-01 3.766318969999999933e-01 -2.458702895329999971e-01
1.403636922401666641e+09 -1.558919582699999973e+00 5.711885324999999902e+00 1.041108423100000069e+00 5.151879926000000331e-01 7.308209167000000450e-01 3.762212439000000019e-01 -2.427749898369999937e-01
1.403636922451666355e+09 -1.550249593700000039e+00 5.715224988300000142e+00 1.037596393999999922e+00 5.131746815000000073e-01 7.337191784000000050e-01 3.753301888999999725e-01 -2.396563432569999985e-01
1.403636922501666546e+09 -1.542435050399999952e+00 5.718888994100000289e+00 1.032918814300000099e+00 5.124491654999999701e-01 7.365869945999999890e-01 3.729996454999999766e-01 -2.360227036429999870e-01
1.403636922551666498e+09 -1.535564897400000017e+00 5.722802650100000221e+00 1.026891983999999924e+00 5.117448788999999776e-01 7.398934347000000189e-01 3.697837256000000017e-01 -2.322388436439999926e-01
1.403636922601666451e+09 -1.529990347400000061e+00 5.727067856799999745e+00 1.020146617900000052e+00 5.130403047999999577e-01 7.419523525000000230e-01 3.658573400999999836e-01 -2.290082072069999919e-01
1.403636922651666403e+09 -1.525896245099999993e+00 5.731554792499999884e+00 1.013180752200000034e+00 5.162478681000000069e-01 7.426667471000000242e-01 3.605415726999999793e-01 -2.279122984929999873e-01
1.403636922701666594e+09 -1.522680568800000023e+00 5.736350211499999574e+00 1.005489014699999961e+00 5.224486484999999458e-01 7.408341108999999536e-01 3.566651001000000210e-01 -2.258367470279999956e-01
1.403636922751666546e+09 -1.520547660499999898e+00 5.740778375499999697e+00 9.980920841999999515e-01 5.294021288000000380e-01 7.381650565999999802e-01 3.507650990000000246e-01 -2.276171799539999929e-01
1.403636922801666498e+09 -1.518810319299999989e+00 5.744478835099999792e+00 9.910707793999999904e-01 5.337179049000000397e-01 7.371547653000000144e-01 3.443101811000000012e-01 -2.306481066970000049e-01
1.403636922851666451e+09 -1.516848146699999900e+00 5.747117843599999887e+00 9.851598700000000486e-01 5.361773820999999884e-01 7.369399615999999709e-01 3.379901602000000005e-01 -2.349382035020000092e-01
1.403636922901666641e+09 -1.514431991699999980e+00 5.749229369600000084e+00 9.808228381000000384e-01 5.385902917999999540e-01 7.364700230999999819e-01 3.325972497999999944e-01 -2.385612545899999937e-01
1.403636922951666355e+09 -1.511178581400000054e+00 5.750549099499999706e+00 9.783097106000000487e-01 5.394628562000000072e-01 7.368018009000000257e-01 3.276432900999999842e-01 -2.423897841050000057e-01
1.403636923001666546e+09 -1.507152264499999950e+00 5.751588768300000432e+00 9.771348373999999559e-01 5.396872295000000319e-01 7.374532898000000225e-01 3.230774604000000161e-01 -2.460107606049999895e-01
1.403636923051666498e+09 -1.502034408299999901e+00 5.753107153500000237e+00 9.763164928999999992e-01 5.390925713999999980e-01 7.390037149000000527e-01 3.203992970999999801e-01 -2.461645775890000110e-01
1.403636923101666451e+09 -1.495753044600000026e+00 5.754941238099999801e+00 9.751136946999999777e-01 5.402524372000000463e-01 7.396356344000000194e-01 3.182163056999999795e-01 -2.445502302529999894e-01
1.403636923151666403e+09 -1.488323667299999986e+00 5.756832636100000400e+00 9.722343696999999896e-01 5.401320440000000334e-01 7.420575430000000416e-01 3.150117350000000149e-01 -2.416103986329999898e-01
1.403636923201666594e+09 -1.479899434800000080e+00 5.759023363399999873e+00 9.677284299999999728e-01 5.401749612999999783e-01 7.447281725000000074e-01 3.123458962999999811e-01 -2.367086845430000086e-01
1.403636923251666546e+09 -1.470101949800000085e+00 5.761119395199999715e+00 9.615931735999999619e-01 5.392463828000000348e-01 7.483436516999999455e-01 3.103839065999999813e-01 -2.299063897839999926e-01
1.403636923301666498e+09 -1.459479584199999902e+00 5.763207280099999608e+00 9.539729292999999943e-01 5.386099374999999689e-01 7.515751754999999701e-01 3.093862841999999724e-01 -2.220680482090000019e-01
1.403636923351666451e+09 -1.448564833799999896e+00 5.765121357199999963e+00 9.451883806999999971e-01 5.370404371000000454e-01 7.550616320999999909e-01 3.089016873000000052e-01 -2.145908855570000107e-01
1.403636923401666641e+09 -1.437436143500000041e+00 5.766547521199999693e+00 9.353717720999999985e-01 5.342739387999999590e-01 7.589829108000000213e-01 3.083266893000000120e-01 -2.084009408299999921e-01
1.403636923451666355e+09 -1.426621188900000003e+00 5.767957732700000228e+00 9.246767101999999738e-01 5.313381383999999930e-01 7.628089921999999801e-01 3.075202753999999872e-01 -2.030603466199999985e-01
1.403636923501666546e+09 -1.416332716999999963e+00 5.769375518000000369e+00 9.129814522000000432e-01 5.274780148000000057e-01 7.668514171000000434e-01 3.073658932000000177e-01 -1.980708350629999948e-01
1.403636923551666498e+09 -1.406971895300000108e+00 5.770994431100000099e+00 9.019190435999999700e-01 5.227798287999999571e-01 7.711539561000000376e-01 3.070196407999999932e-01 -1.943238706479999967e-01
1.403636923601666451e+09 -1.398577254000000103e+00 5.773404394699999997e+00 8.930039723999999568e-01 5.193190326000000079e-01 7.743144232999999987e-01 3.070629248999999783e-01 -1.909378861069999933e-01
1.403636923651666403e+09 -1.391699946099999918e+00 5.776822254799999889e+00 8.867748981999999947e-01 5.172804805999999811e-01 7.763951636999999462e-01 3.063743459000000113e-01 -1.891195767670000027e-01
1.403636923701666594e+09 -1.386297081099999939e+00 5.781652182900000270e+00 8.826254530999999570e-01 5.159398490000000059e-01 7.777510011999999584e-01 3.070130047999999889e-01 -1.861517317860000020e-01
1.403636923751666546e+09 -1.382800214900000046e+00 5.787539396399999703e+00 8.819361301000000486e-01 5.162777500999999880e-01 7.779119505999999573e-01 3.062751400000000013e-01 -1.857574238290000124e-01
1.403636923801666498e+09 -1.380744589300000102e+00 5.794571919800000082e+00 8.831718627000000321e-01 5.172347926999999457e-01 7.775438569999999494e-01 3.062431892999999961e-01 -1.846857562820000132e-01
1.403636923851666451e+09 -1.380145314299999981e+00 5.802324086799999669e+00 8.852440766000000405e-01 5.185947600000000435e-01 7.766756551000000286e-01 3.069898649999999729e-01 -1.832801801639999950e-01
1.403636923901666641e+09 -1.380945823200000033e+00 5.810309142400000404e+00 8.867132896999999625e-01 5.174006342000000425e-01 7.775107516999999469e-01 3.065890243000000126e-01 -1.837846156550000110e-01
1.403636923951666355e+09 -1.383047557800000105e+00 5.819551755200000009e+00 8.871943070000000153e-01 5.179021038000000132e-01 7.771846636999999447e-01 3.073216281999999744e-01 -1.825234950469999951e-01
1.403636924001666546e+09 -1.386627732900000076e+00 5.829167005500000442e+00 8.864595597000000105e-01 5.180522376999999734e-01 7.767917507999999582e-01 3.080436690999999727e-01 -1.825528769520000094e-01
1.403636924051666498e+09 -1.391666277899999971e+00 5.839793528100000408e+00 8.843622113000000340e-01 5.185016140000000551e-01 7.764611029000000331e-01 3.083458580999999810e-01 -1.821731698040000014e-01
1.403636924101666451e+09 -1.398222365300000103e+00 5.851248763500000116e+00 8.811987997000000350e-01 5.193664272000000359e-01 7.757602522000000000e-01 3.086478081999999845e-01 -1.821841811540000078e-01
1.403636924151666403e+09 -1.406190052199999929e+00 5.863398680599999579e+00 8.769621371000000387e-01 5.206333597000000202e-01 7.746040703000000027e-01 3.091508880000000126e-01 -1.826339712110000013e-01
1.403636924201666594e+09 -1.415329776699999931e+00 5.876262699799999822e+00 8.715615517999999451e-01 5.215952158000000116e-01 7.737570773999999929e-01 3.096819380999999982e-01 -1.825801558429999971e-01
1.403636924251666546e+09 -1.425677927800000022e+00 5.889496183300000354e+00 8.654628419000000017e-01 5.217424837999999898e-01 7.733639943000000239e-01 3.105984630999999996e-01 -1.822676811560000054e-01
1.403636924301666498e+09 -1.437695296100000020e+00 5.903102083700000335e+00 8.609146441999999677e-01 5.231313669999999583e-01 7.722909280999999959e-01 3.096500786999999977e-01 -1.844373171710000092e-01
1.403636924351666451e+09 -1.450960101599999996e+00 5.916697675300000014e+00 8.578363378000000150e-01 5.223621553999999723e-01 7.727000578999999592e-01 3.084772705000000115e-01 -1.868533455710000013e-01
1.403636924401666641e+09 -1.465632142800000093e+00 5.930847003400000261e+00 8.567380621000000307e-01 5.223933225000000347e-01 7.725940880999999649e-01 3.054843295999999930e-01 -1.920492541549999876e-01
1.403636924451666355e+09 -1.481152504099999989e+00 5.945796444099999967e+00 8.578054014999999533e-01 5.236678670000000091e-01 7.716437818000000393e-01 3.023089983000000203e-01 -1.973502181160000091e-01
1.403636924501666546e+09 -1.497419547900000092e+00 5.961870849800000371e+00 8.610809598999999981e-01 5.258480735999999656e-01 7.699854208999999949e-01 2.993010380000000192e-01 -2.025466458959999938e-01
1.403636924551666498e+09 -1.514214423499999906e+00 5.978927908800000246e+00 8.664808295999999466e-01 5.279613847999999887e-01 7.683472825999999589e-01 2.960840950999999999e-01 -2.079265207850000130e-01
1.403636924601666451e+09 -1.531288840400000018e+00 5.996858929700000118e+00 8.725076593999999686e-01 5.293481260000000299e-01 7.669927552999999953e-01 2.925641019999999926e-01 -2.142870061140000060e-01
1.403636924651666403e+09 -1.547760352300000086e+00 6.015569066500000339e+00 8.776084668000000422e-01 5.304986903999999726e-01 7.659677059999999704e-01 2.896767174000000056e-01 -2.189794789550000009e-01
1.403636924701666594e+09 -1.563390152300000002e+00 6.034930212499999946e+00 8.814822701000000205e-01 5.320563070999999589e-01 7.644866857000000016e-01 2.878518741000000158e-01 -2.227498418440000127e-01
1.403636924751666546e+09 -1.578166071600000109e+00 6.054725382500000030e+00 8.840145128999999935e-01 5.335438488999999507e-01 7.628459364999999881e-01 2.857951840999999882e-01 -2.274162510720000030e-01
1.403636924801666498e+09 -1.591779436199999953e+00 6.075161485599999800e+00 8.847584638000000057e-01 5.350666825000000015e-01 7.611587511999999833e-01 2.839110241000000201e-01 -2.318092560410000003e-01
1.403636924851666451e+09 -1.603936724400000013e+00 6.096412406699999842e+00 8.837823633000000401e-01 5.371636550999999704e-01 7.592596776000000158e-01 2.824645177999999812e-01 -2.349334922169999951e-01
1.403636924901666641e+09 -1.614385522400000106e+00 6.118554973400000208e+00 8.806190439000000092e-01 5.391157441999999689e-01 7.581885125999999753e-01 2.809618548999999743e-01 -2.357219331750000091e-01
1.403636924951666355e+09 -1.623164579300000021e+00 6.141661422100000323e+00 8.753789022000000308e-01 5.404085710999999570e-01 7.585226966000000459e-01 2.782355887999999888e-01 -2.349188204350000087e-01
1.403636925001666546e+09 -1.629993775500000019e+00 6.165595579499999701e+00 8.677394471999999581e-01 5.411845741999999904e-01 7.600209982000000197e-01 2.754678523999999906e-01 -2.315271070549999866e-01
1.403636925051666498e+09 -1.634660798799999926e+00 6.189794840000000242e+00 8.578904858000000466e-01 5.421988503000000348e-01 7.613474584999999628e-01 2.748302689000000076e-01 -2.254745606659999957e-01
1.403636925101666451e+09 -1.637848891299999998e+00 6.214369026500000004e+00 8.465890777000000256e-01 5.441984859999999813e-01 7.617903027000000327e-01 2.748671389999999826e-01 -2.190241958989999904e-01
1.403636925151666403e+09 -1.639696037400000028e+00 6.239032105199999734e+00 8.331528469000000214e-01 5.450168237000000415e-01 7.628794874000000004e-01 2.771428664000000208e-01 -2.101508533939999979e-01
1.403636925201666594e+09 -1.640896558699999952e+00 6.263807961700000426e+00 8.188944097000000477e-01 5.462927601999999494e-01 7.634078461000000093e-01 2.796306228000000060e-01 -2.014432811430000025e-01
1.403636925251666546e+09 -1.641771547600000103e+00 6.288376654600000393e+00 8.036090858000000114e-01 5.451503356000000355e-01 7.653949313000000254e-01 2.819217259999999836e-01 -1.936539469859999973e-01
1.403636925301666498e+09 -1.642559634699999993e+00 6.312594277499999684e+00 7.874240835000000382e-01 5.422796327000000138e-01 7.683532513999999924e-01 2.840519656000000115e-01 -1.867633846650000040e-01
1.403636925351666451e+09 -1.643726054300000072e+00 6.336906222899999719e+00 7.702209516000000367e-01 5.384063916000000338e-01 7.719160192999999781e-01 2.857935848000000001e-01 -1.805166016660000039e-01
1.403636925401666641e+09 -1.645315276200000065e+00 6.361003210999999880e+00 7.524055071999999900e-01 5.334995497000000197e-01 7.759630894000000279e-01 2.872919223000000022e-01 -1.752793932180000125e-01
1.403636925451666355e+09 -1.648027241299999890e+00 6.385359326999999752e+00 7.350712655000000151e-01 5.296570982999999622e-01 7.792019383999999604e-01 2.877557942999999785e-01 -1.717681583560000114e-01
1.403636925501666546e+09 -1.651818315599999920e+00 6.410013607999999863e+00 7.188581254000000476e-01 5.261583193000000103e-01 7.820698748000000089e-01 2.882508941999999963e-01 -1.686284552940000014e-01
1.403636925551666498e+09 -1.657106385300000095e+00 6.434999272699999828e+00 7.045104210000000533e-01 5.225954257999999575e-01 7.848791765000000531e-01 2.886142482999999870e-01 -1.660135985129999880e-01
1.403636925601666451e+09 -1.663979888200000090e+00 6.460182033599999762e+00 6.922415960000000146e-01 5.189494621000000363e-01 7.876100093000000246e-01 2.890593913000000237e-01 -1.637272043030000013e-01
1.403636925651666403e+09 -1.672584705100000013e+00 6.485584250699999664e+00 6.826251250000000548e-01 5.157283086999999711e-01 7.900964878999999774e-01 2.884752663999999855e-01 -1.629535891820000082e-01
1.403636925701666594e+09 -1.683377456999999966e+00 6.512367299900000184e+00 6.750567456999999605e-01 5.142076188999999964e-01 7.912754602999999554e-01 2.890095992000000225e-01 -1.610811041480000039e-01
1.403636925751666546e+09 -1.696238660999999981e+00 6.540218539599999659e+00 6.702271703000000080e-01 5.136121139999999530e-01 7.918347414999999945e-01 2.895149184999999958e-01 -1.593155686880000088e-01
1.403636925801666498e+09 -1.711142025600000061e+00 6.568889483499999571e+00 6.684089519999999451e-01 5.141517611000000487e-01 7.915792793000000493e-01 2.895338568999999973e-01 -1.588091835019999898e-01
1.403636925851666451e+09 -1.728725009199999940e+00 6.599150737100000441e+00 6.687673433999999917e-01 5.173664332999999838e-01 7.895403036000000485e-01 2.891234953999999857e-01 -1.592660888300000133e-01
1.403636925901666641e+09 -1.748434706699999897e+00 6.630236625400000250e+00 6.716204649000000471e-01 5.233411471000000148e-01 7.857419558999999554e-01 2.871852159000000126e-01 -1.620131916860000076e-01
1.403636925951666355e+09 -1.769822665700000019e+00 6.661971302299999564e+00 6.756927649999999730e-01 5.307982333999999858e-01 7.807312599000000297e-01 2.859445648000000229e-01 -1.641573669749999964e-01
1.403636926001666546e+09 -1.792506669100000005e+00 6.694150305500000009e+00 6.802284540999999907e-01 5.393170855000000152e-01 7.749602986000000415e-01 2.841071708999999834e-01 -1.669033620170000121e-01
1.403636926051666498e+09 -1.816292107800000055e+00 6.726066894399999718e+00 6.840288780000000068e-01 5.471491293000000367e-01 7.695455771000000444e-01 2.805523831000000246e-01 -1.723885013850000036e-01
1.403636926101666451e+09 -1.840438629399999915e+00 6.757081217199999656e+00 6.860045897000000004e-01 5.528344331000000222e-01 7.655172423999999642e-01 2.770085166999999848e-01 -1.778306016639999987e-01
1.403636926151666403e+09 -1.864701199900000050e+00 6.787559824199999703e+00 6.859223663000000304e-01 5.571428619999999610e-01 7.623067137000000271e-01 2.733704388000000041e-01 -1.837087606470000078e-01
1.403636926201666594e+09 -1.888724434700000065e+00 6.817222083099999885e+00 6.838565036999999514e-01 5.593714883000000526e-01 7.604352718000000344e-01 2.697370370000000128e-01 -1.899570119260000078e-01
1.403636926251666546e+09 -1.912033421899999919e+00 6.846609456000000371e+00 6.796224084999999970e-01 5.607348811000000266e-01 7.592231213000000256e-01 2.670452198000000110e-01 -1.945340477299999926e-01
1.403636926301666498e+09 -1.934409274599999895e+00 6.875361427799999703e+00 6.733165409000000379e-01 5.611762319999999971e-01 7.585641881000000364e-01 2.648049130999999834e-01 -1.988465919999999887e-01
1.403636926351666451e+09 -1.955514450899999979e+00 6.903137917799999634e+00 6.655199877999999902e-01 5.611541840999999531e-01 7.581877342999999714e-01 2.624110441999999987e-01 -2.034644566430000023e-01
1.403636926401666641e+09 -1.975554975899999954e+00 6.930497094299999716e+00 6.559298053000000017e-01 5.606760358000000277e-01 7.580706624999999921e-01 2.610329997999999985e-01 -2.069614131620000075e-01
1.403636926451666355e+09 -1.993806522000000081e+00 6.957144007500000171e+00 6.450384708999999939e-01 5.602837850999999869e-01 7.579721351999999523e-01 2.607686586999999889e-01 -2.087103952999999901e-01
1.403636926501666546e+09 -2.010219086499999808e+00 6.983003311100000055e+00 6.332117619999999558e-01 5.587916185000000313e-01 7.586846449999999908e-01 2.606471899000000203e-01 -2.102678743970000097e-01
1.403636926551666498e+09 -2.024658354100000057e+00 7.008460104800000146e+00 6.214349492999999836e-01 5.577597100000000196e-01 7.591348405000000188e-01 2.629806096000000259e-01 -2.084696592140000138e-01
1.403636926601666451e+09 -2.037903968699999790e+00 7.033712158800000225e+00 6.110948078000000283e-01 5.566097278999999620e-01 7.596862745000000361e-01 2.656816866999999749e-01 -2.060961340649999918e-01
1.403636926651666403e+09 -2.049635827499999952e+00 7.058297458700000249e+00 6.031727504999999656e-01 5.566049658999999705e-01 7.595071421000000322e-01 2.683696555999999789e-01 -2.032671666510000030e-01
1.403636926701666594e+09 -2.060269462900000015e+00 7.082150473299999582e+00 5.971629027999999506e-01 5.551323778000000209e-01 7.603617901000000456e-01 2.703313438000000124e-01 -2.014918256980000044e-01
1.403636926751666546e+09 -2.069063996000000127e+00 7.104739377699999636e+00 5.934204907000000251e-01 5.524166980000000393e-01 7.626920341999999797e-01 2.710090579000000166e-01 -1.992253580779999866e-01
1.403636926801666498e+09 -2.077013814799999913e+00 7.127064237299999938e+00 5.919108252000000459e-01 5.498535773999999599e-01 7.656137512999999784e-01 2.684917183000000152e-01 -1.985165596579999969e-01
1.403636926851666451e+09 -2.084412346000000138e+00 7.149786880599999783e+00 5.921733246999999478e-01 5.470208153000000184e-01 7.692362647999999581e-01 2.653754119000000244e-01 -1.965189233819999992e-01
1.403636926901666641e+09 -2.090709692899999972e+00 7.172813609900000387e+00 5.940564941000000543e-01 5.454651475999999777e-01 7.725335144999999626e-01 2.597802766000000263e-01 -1.953815487389999883e-01
1.403636926951666355e+09 -2.096315308799999944e+00 7.196552305600000032e+00 5.954216933000000544e-01 5.444727221999999811e-01 7.759217613000000124e-01 2.533618758999999776e-01 -1.931389005620000043e-01
1.403636927001666546e+09 -2.100921156000000067e+00 7.220862640300000024e+00 5.962493430999999955e-01 5.455497848999999455e-01 7.783453823000000549e-01 2.460639175000000067e-01 -1.897536468769999984e-01
1.403636927051666498e+09 -2.104840283100000153e+00 7.245968641200000171e+00 5.957603080000000162e-01 5.468980512000000127e-01 7.808604061999999679e-01 2.383696157000000093e-01 -1.853091309650000129e-01
1.403636927101666451e+09 -2.107565386900000171e+00 7.271368790700000417e+00 5.935624835999999682e-01 5.487342285999999847e-01 7.832324246999999851e-01 2.308775915000000067e-01 -1.792575046869999966e-01
1.403636927151666403e+09 -2.109313200899999963e+00 7.297222222800000324e+00 5.902151950999999785e-01 5.504696019999999468e-01 7.859069463000000200e-01 2.217046826000000082e-01 -1.737254234429999877e-01
1.403636927201666594e+09 -2.109959815799999916e+00 7.323627511599999806e+00 5.853449826000000078e-01 5.526973232999999874e-01 7.883441090999999679e-01 2.126800749999999962e-01 -1.667525717460000001e-01
1.403636927251666546e+09 -2.109468993900000200e+00 7.350450873699999832e+00 5.787911903000000358e-01 5.550191615999999772e-01 7.907795744000000182e-01 2.031778106000000084e-01 -1.591859676340000029e-01
1.403636927301666498e+09 -2.108024191400000191e+00 7.377120502600000407e+00 5.706337412999999970e-01 5.569856498999999905e-01 7.931357356999999553e-01 1.949381805000000023e-01 -1.506711531230000012e-01
1.403636927351666451e+09 -2.106134756499999927e+00 7.403602779599999906e+00 5.611123219000000439e-01 5.575659584000000057e-01 7.957980423999999608e-01 1.886026450999999937e-01 -1.423190777170000032e-01
1.403636927401666641e+09 -2.103664980800000084e+00 7.429868626600000248e+00 5.498874220999999674e-01 5.554861809000000150e-01 7.997432548999999780e-01 1.852558441000000111e-01 -1.323861825500000089e-01
1.403636927451666355e+09 -2.101238407499999905e+00 7.455736163100000091e+00 5.379523840000000057e-01 5.514780283000000338e-01 8.044636135999999604e-01 1.824182628999999889e-01 -1.242330715879999964e-01
1.403636927501666546e+09 -2.099034451000000079e+00 7.481676833199999876e+00 5.254364446000000521e-01 5.469435974999999894e-01 8.091117052999999837e-01 1.802420466999999915e-01 -1.170630348099999940e-01
1.403636927551666498e+09 -2.097286930400000138e+00 7.507860373799999820e+00 5.127251099999999839e-01 5.417923546999999784e-01 8.138371634000000077e-01 1.784698832999999929e-01 -1.108089190529999990e-01
1.403636927601666451e+09 -2.096386618599999974e+00 7.534906790199999982e+00 5.014054528000000399e-01 5.377691386999999823e-01 8.175844867999999543e-01 1.764008699999999874e-01 -1.060315688499999937e-01
1.403636927651666403e+09 -2.096517969799999825e+00 7.563500346499999694e+00 4.921810823000000168e-01 5.361380771000000545e-01 8.194815312000000018e-01 1.751920818000000102e-01 -1.015564707189999943e-01
1.403636927701666594e+09 -2.097848404200000072e+00 7.593198280200000205e+00 4.853651695999999793e-01 5.342942290000000094e-01 8.213593583999999614e-01 1.738795354000000071e-01 -9.830762130669999654e-02
1.403636927751666546e+09 -2.100609389200000177e+00 7.624242407099999674e+00 4.809770292000000169e-01 5.335474105999999939e-01 8.223680446000000144e-01 1.722980377999999979e-01 -9.670235772879999525e-02
1.403636927801666498e+09 -2.104700911900000193e+00 7.656759518700000378e+00 4.790362013000000196e-01 5.335362583999999631e-01 8.227961026000000233e-01 1.703433732999999894e-01 -9.658555605900000229e-02
1.403636927851666451e+09 -2.109947935800000174e+00 7.690976911299999941e+00 4.784828626000000029e-01 5.339229881000000510e-01 8.227746090999999984e-01 1.694288177000000117e-01 -9.623960315740000271e-02
1.403636927901666641e+09 -2.116365631099999867e+00 7.726794627600000354e+00 4.780212274999999789e-01 5.347899645999999452e-01 8.223911626000000030e-01 1.683142646999999936e-01 -9.665804562160000557e-02
1.403636927951666355e+09 -2.123661105500000090e+00 7.764051676000000235e+00 4.766719065000000199e-01 5.361226623999999497e-01 8.216290980999999549e-01 1.679269962999999921e-01 -9.642945603869999827e-02
1.403636928001666546e+09 -2.131822561599999943e+00 7.802343214599999577e+00 4.744124476000000090e-01 5.370603054999999459e-01 8.210778319000000547e-01 1.672184610000000127e-01 -9.713603071809999434e-02
1.403636928051666498e+09 -2.140668830900000152e+00 7.841803548999999762e+00 4.713242769000000054e-01 5.389908240999999878e-01 8.197847722000000115e-01 1.673451888999999970e-01 -9.714631515430000031e-02
1.403636928101666451e+09 -2.150477759700000213e+00 7.882614668999999630e+00 4.677016734000000175e-01 5.428606497000000308e-01 8.171629783999999619e-01 1.671552478999999980e-01 -9.801073804389999478e-02
1.403636928151666403e+09 -2.161168736700000093e+00 7.924576018199999794e+00 4.633307844999999814e-01 5.471662100999999945e-01 8.141978924999999645e-01 1.668659529000000030e-01 -9.923045988499999692e-02
1.403636928201666594e+09 -2.172784574500000065e+00 7.967449109900000437e+00 4.586249611000000059e-01 5.528587811999999824e-01 8.102776191999999655e-01 1.654225292000000014e-01 -1.021407594420000037e-01
1.403636928251666546e+09 -2.184878999599999982e+00 8.010549880299999259e+00 4.530224406000000203e-01 5.583381048000000124e-01 8.063907405000000361e-01 1.634066955000000043e-01 -1.062581112849999981e-01
1.403636928301666498e+09 -2.196883912700000163e+00 8.053514894599999252e+00 4.459926229999999769e-01 5.626931187000000500e-01 8.032088064000000305e-01 1.618678500999999881e-01 -1.096853073299999953e-01
1.403636928351666451e+09 -2.208808047499999816e+00 8.095974372200000602e+00 4.379168229000000023e-01 5.675925500999999818e-01 7.995812973000000490e-01 1.606556748000000090e-01 -1.126862906949999965e-01
1.403636928401666641e+09 -2.220315233400000032e+00 8.137890361300000208e+00 4.280217514999999917e-01 5.704540419000000417e-01 7.973479213999999926e-01 1.606005886000000105e-01 -1.141311930590000051e-01
1.403636928451666355e+09 -2.231222993699999879e+00 8.179115302599999637e+00 4.175261101000000141e-01 5.727498642999999667e-01 7.955576524999999899e-01 1.604679538000000072e-01 -1.153067663799999948e-01
1.403636928501666546e+09 -2.241450622099999901e+00 8.219646334700000168e+00 4.076717088999999850e-01 5.747881889000000522e-01 7.940018192000000141e-01 1.616385530999999987e-01 -1.142480944459999953e-01
1.403636928551666498e+09 -2.251136236099999799e+00 8.259000151600000450e+00 3.988915663000000000e-01 5.747673475000000254e-01 7.939012178000000031e-01 1.627774798000000134e-01 -1.134321149299999942e-01
1.403636928601666451e+09 -2.260396422899999980e+00 8.297488072100000167e+00 3.911861906999999916e-01 5.730948849000000456e-01 7.949612619000000491e-01 1.644305221000000039e-01 -1.120778674860000018e-01
1.403636928651666403e+09 -2.269226925199999911e+00 8.335064862099999417e+00 3.850308843999999953e-01 5.701719297999999769e-01 7.969507125000000469e-01 1.664030193000000102e-01 -1.099252808870000014e-01
1.403636928701666594e+09 -2.278117987499999941e+00 8.372115019200000674e+00 3.808353300999999802e-01 5.661747945999999754e-01 7.996595234000000163e-01 1.682462856999999978e-01 -1.080922563989999974e-01
1.403636928751666546e+09 -2.287140574699999984e+00 8.408825368300000491e+00 3.783964333000000013e-01 5.620838730999999644e-01 8.024297295000000219e-01 1.700576446000000019e-01 -1.060596355859999979e-01
1.403636928801666498e+09 -2.296297876300000151e+00 8.445161345200000724e+00 3.780039374999999979e-01 5.595003548000000437e-01 8.041324447000000042e-01 1.716708892000000097e-01 -1.042087817070000005e-01
1.403636928851666451e+09 -2.306012052099999821e+00 8.481709517100000539e+00 3.796427629999999942e-01 5.570875577999999662e-01 8.057595182000000245e-01 1.726217398999999875e-01 -1.029892546780000057e-01
1.403636928901666641e+09 -2.316187615800000099e+00 8.518441202300000015e+00 3.835323938999999904e-01 5.568662119999999716e-01 8.058909765999999752e-01 1.730892139999999912e-01 -1.023712836289999983e-01
1.403636928951666355e+09 -2.327177952400000027e+00 8.555645347800000522e+00 3.902894242000000125e-01 5.595408530000000047e-01 8.040146019999999671e-01 1.734552474999999927e-01 -1.019207079179999947e-01
1.403636929001666546e+09 -2.339266783899999869e+00 8.592878451200000711e+00 4.003037829000000158e-01 5.647122171999999773e-01 8.004834721000000375e-01 1.704262183999999958e-01 -1.062131195649999998e-01
1.403636929051666498e+09 -2.351580356199999944e+00 8.629975375700000839e+00 4.124657753000000038e-01 5.696894536000000064e-01 7.970470604999999598e-01 1.664674649000000006e-01 -1.116176190289999981e-01
1.403636929101666451e+09 -2.364093139199999971e+00 8.668910881700000459e+00 4.252821587000000236e-01 5.731089802000000066e-01 7.945690220000000137e-01 1.629157935999999973e-01 -1.168957237310000036e-01
1.403636929151666403e+09 -2.375590680000000177e+00 8.705164569000000796e+00 4.394737422000000171e-01 5.753439272000000493e-01 7.929260970999999492e-01 1.597866293999999909e-01 -1.213087099960000054e-01
1.403636929201666594e+09 -2.386454428600000011e+00 8.741044376399999649e+00 4.541324353999999786e-01 5.756840202999999878e-01 7.926061989999999557e-01 1.574176247999999889e-01 -1.248319406299999990e-01
1.403636929251666546e+09 -2.396385383100000155e+00 8.775939563399999699e+00 4.682985029000000243e-01 5.744088914999999629e-01 7.934273116000000181e-01 1.557489183000000110e-01 -1.275531302779999987e-01
1.403636929301666498e+09 -2.405547794699999908e+00 8.810304458999999255e+00 4.814701713999999799e-01 5.729282719999999607e-01 7.943533810999999778e-01 1.540982505999999863e-01 -1.304209730199999973e-01
1.403636929351666451e+09 -2.413509869599999913e+00 8.844360637399999447e+00 4.930402495000000274e-01 5.718824761999999895e-01 7.949243910000000080e-01 1.535218326999999994e-01 -1.321994437000000022e-01
1.403636929401666641e+09 -2.419763876000000202e+00 8.878319254099999114e+00 5.028564881000000542e-01 5.719018439999999925e-01 7.948311012000000009e-01 1.547505399999999920e-01 -1.312405112230000115e-01
1.403636929451666355e+09 -2.424759194399999984e+00 8.911790610300000637e+00 5.112409923999999828e-01 5.714120055000000420e-01 7.950546759000000074e-01 1.557004562000000036e-01 -1.308959518330000127e-01
1.403636929501666546e+09 -2.428259793100000064e+00 8.944945399899999927e+00 5.177413198000000438e-01 5.712112799999999879e-01 7.951435725000000065e-01 1.589049415000000076e-01 -1.273326047209999978e-01
1.403636929551666498e+09 -2.430766501999999996e+00 8.977368386800000266e+00 5.226186956999999689e-01 5.712610057000000463e-01 7.950552436000000167e-01 1.621764652000000084e-01 -1.234780023879999966e-01
1.403636929601666451e+09 -2.432739912300000196e+00 9.009613374300000643e+00 5.262870307000000469e-01 5.719519779999999720e-01 7.944460485000000016e-01 1.652189964999999927e-01 -1.201211638370000001e-01
1.403636929651666403e+09 -2.434062193499999971e+00 9.041261862600000754e+00 5.284525070000000158e-01 5.722813380000000283e-01 7.941126014999999594e-01 1.688355427999999880e-01 -1.156451719149999974e-01
1.403636929701666594e+09 -2.435343097600000117e+00 9.072153469299999884e+00 5.298440306999999683e-01 5.731597127999999985e-01 7.933522227999999510e-01 1.707962987999999960e-01 -1.136169815329999971e-01
1.403636929751666546e+09 -2.436341446200000149e+00 9.102052105900000356e+00 5.297308935000000218e-01 5.738067276999999633e-01 7.927753293999999507e-01 1.727370756000000118e-01 -1.114227041290000025e-01
1.403636929801666498e+09 -2.437399521400000157e+00 9.131067580499999892e+00 5.282257468000000067e-01 5.733226874000000306e-01 7.930471309000000080e-01 1.739402237000000073e-01 -1.101006035980000020e-01
1.403636929851666451e+09 -2.438493327199999783e+00 9.158852302999999750e+00 5.258567669000000500e-01 5.738373145999999814e-01 7.926619994000000391e-01 1.735922148000000054e-01 -1.107403904430000058e-01
1.403636929901666641e+09 -2.439918714300000069e+00 9.185902865899999270e+00 5.232003612000000192e-01 5.740579229000000172e-01 7.924244486999999504e-01 1.730281834000000074e-01 -1.121705932379999937e-01
1.403636929951666355e+09 -2.441280311799999936e+00 9.211919216500000118e+00 5.216550335999999843e-01 5.741431087999999683e-01 7.922987491999999854e-01 1.719278196000000036e-01 -1.142943891070000023e-01
1.403636930001666546e+09 -2.442715117500000144e+00 9.237117310600000408e+00 5.217704613000000435e-01 5.740627066000000278e-01 7.923893109999999851e-01 1.699257443999999950e-01 -1.170317481659999964e-01
1.403636930051666498e+09 -2.444000976599999930e+00 9.262211960200000149e+00 5.237198280999999511e-01 5.738232361999999753e-01 7.925352940000000013e-01 1.686572521999999963e-01 -1.190354263019999942e-01
1.403636930101666451e+09 -2.444744001800000177e+00 9.286812217999999675e+00 5.280327333000000012e-01 5.725083186999999629e-01 7.934630484000000372e-01 1.685779817999999985e-01 -1.192982812930000053e-01
1.403636930151666403e+09 -2.445013724699999891e+00 9.310525651300000760e+00 5.344951822000000297e-01 5.716220018000000014e-01 7.941998556999999570e-01 1.663795218000000131e-01 -1.217075636039999936e-01
1.403636930201666594e+09 -2.444884985299999869e+00 9.334267390500000872e+00 5.420628493000000381e-01 5.709391869000000064e-01 7.946678843000000159e-01 1.661049890000000084e-01 -1.222314652700000059e-01
1.403636930251666546e+09 -2.444083131899999817e+00 9.357133428299999167e+00 5.508323501999999872e-01 5.694398417999999573e-01 7.956916661999999807e-01 1.656485199999999935e-01 -1.231811946159999949e-01
1.403636930301666498e+09 -2.442520942099999814e+00 9.379597335899999777e+00 5.607604604999999465e-01 5.678915311000000132e-01 7.968598542000000506e-01 1.649286772000000123e-01 -1.237421236170000022e-01
1.403636930351666451e+09 -2.440304057200000099e+00 9.402203942499999911e+00 5.729974209000000540e-01 5.677828531999999928e-01 7.969530638999999805e-01 1.650967809999999980e-01 -1.234159568949999980e-01
1.403636930401666641e+09 -2.437242261300000212e+00 9.424772424900000445e+00 5.852409524999999668e-01 5.691701448000000552e-01 7.960442643999999790e-01 1.660778796000000057e-01 -1.215607395640000005e-01
1.403636930451666355e+09 -2.433481988500000082e+00 9.446914849500000599e+00 5.958951555000000511e-01 5.700426117000000348e-01 7.954761334000000073e-01 1.685925279999999915e-01 -1.176677594590000014e-01
1.403636930501666546e+09 -2.429538496600000208e+00 9.468473898699999225e+00 6.054553249999999887e-01 5.712192927999999448e-01 7.946790228000000234e-01 1.695409590999999994e-01 -1.159725542120000064e-01
1.403636930551666498e+09 -2.425338108900000123e+00 9.489547799200000355e+00 6.132749070999999885e-01 5.726675196999999606e-01 7.936309083999999459e-01 1.706618101000000054e-01 -1.143522612859999982e-01
1.403636930601666451e+09 -2.421158113100000175e+00 9.509852415099999234e+00 6.193428689000000098e-01 5.726550208999999780e-01 7.935884237000000452e-01 1.710008725000000118e-01 -1.142030754560000028e-01
1.403636930651666403e+09 -2.416924189900000020e+00 9.529572774500000065e+00 6.240170226000000264e-01 5.731820964999999601e-01 7.932282317000000083e-01 1.698539401999999976e-01 -1.157622379330000006e-01
1.403636930701666594e+09 -2.412735179499999827e+00 9.548260550800000246e+00 6.273448193999999756e-01 5.722370273000000340e-01 7.938663298999999451e-01 1.678759854999999912e-01 -1.189062166559999995e-01
1.403636930751666546e+09 -2.408277585400000032e+00 9.566418149300000451e+00 6.295562880999999722e-01 5.714144836000000227e-01 7.944104432999999910e-01 1.655833456999999953e-01 -1.223915488319999995e-01
1.403636930801666498e+09 -2.403470951700000136e+00 9.584429128600000070e+00 6.304991395000000276e-01 5.701680823000000453e-01 7.952294768000000014e-01 1.624699039999999983e-01 -1.269723097799999867e-01
1.403636930851666451e+09 -2.397738505900000039e+00 9.602536866599999499e+00 6.299368923000000509e-01 5.701749473999999651e-01 7.952147138999999809e-01 1.607736479999999912e-01 -1.291739997720000033e-01
1.403636930901666641e+09 -2.391063940100000007e+00 9.620526550899999307e+00 6.282042728000000187e-01 5.697524161999999448e-01 7.957400210999999723e-01 1.573923160000000043e-01 -1.319380986810000100e-01
1.403636930951666355e+09 -2.383029786499999858e+00 9.638716041200000362e+00 6.252152155000000322e-01 5.691008766999999802e-01 7.968129594999999732e-01 1.523344922000000046e-01 -1.341920347630000121e-01
1.403636931001666546e+09 -2.373597266500000025e+00 9.657092827699999660e+00 6.209495251000000104e-01 5.686716501999999895e-01 7.980347418000000026e-01 1.460903072999999996e-01 -1.356861351299999963e-01
1.403636931051666498e+09 -2.362100748200000044e+00 9.675673118400000661e+00 6.151990432999999703e-01 5.689480597999999612e-01 7.990912304999999716e-01 1.408309322999999891e-01 -1.338579809869999970e-01
1.403636931101666451e+09 -2.349072534199999840e+00 9.694994149599999389e+00 6.103295118999999547e-01 5.718749131999999458e-01 7.983579579999999787e-01 1.375414558999999981e-01 -1.290968721430000021e-01
1.403636931151666403e+09 -2.334281061800000057e+00 9.713792586600000334e+00 6.066273145999999672e-01 5.765189590999999503e-01 7.962524374999999655e-01 1.361418607999999864e-01 -1.227735285199999943e-01
1.403636931201666594e+09 -2.317867083499999925e+00 9.731731130000000007e+00 6.037972890999999676e-01 5.802020183999999636e-01 7.947037070000000369e-01 1.361239300000000041e-01 -1.152471760079999963e-01
1.403636931251666546e+09 -2.300532772299999973e+00 9.748831487500000392e+00 6.036752059000000115e-01 5.851406652999999736e-01 7.920500362000000294e-01 1.352557916000000082e-01 -1.094212633990000044e-01
1.403636931301666498e+09 -2.282494318599999961e+00 9.765069492800000361e+00 6.056497897000000519e-01 5.892265276000000496e-01 7.897492479000000065e-01 1.340756583000000113e-01 -1.055080206670000048e-01
1.403636931351666451e+09 -2.263525165799999961e+00 9.779927645600000830e+00 6.085822154000000150e-01 5.916325069000000214e-01 7.885817999999999994e-01 1.342738880999999884e-01 -1.004004204099999964e-01
1.403636931401666641e+09 -2.243877619100000054e+00 9.793091942300000241e+00 6.132061277999999449e-01 5.932560083000000262e-01 7.879112732999999924e-01 1.341537552000000022e-01 -9.615562356019999313e-02
1.403636931451666355e+09 -2.223408904399999830e+00 9.804316944199999995e+00 6.182643341000000348e-01 5.936145060999999945e-01 7.880359887000000230e-01 1.360868598999999957e-01 -9.000813960549999826e-02
1.403636931501666546e+09 -2.202894892299999796e+00 9.814123964800000266e+00 6.251424853999999476e-01 5.943201017999999447e-01 7.877958654000000172e-01 1.384196816000000108e-01 -8.367366852259999765e-02
1.403636931551666498e+09 -2.182327251699999859e+00 9.822019096500000046e+00 6.331875694999999915e-01 5.948482948000000103e-01 7.875831058000000162e-01 1.411359416999999894e-01 -7.712978426119999897e-02
1.403636931601666451e+09 -2.162491750400000079e+00 9.828343620000000058e+00 6.414795550999999874e-01 5.949245386999999496e-01 7.875995564000000115e-01 1.436918476000000056e-01 -7.144497825659999746e-02
1.403636931651666403e+09 -2.143555842400000078e+00 9.833204176300000654e+00 6.492322029000000549e-01 5.961172177000000350e-01 7.867061390999999793e-01 1.459273999000000044e-01 -6.665513822700000479e-02
1.403636931701666594e+09 -2.125960321900000061e+00 9.836124376500000821e+00 6.559362233000000098e-01 5.962142929000000535e-01 7.867473756999999734e-01 1.457977444000000122e-01 -6.557515954459999796e-02
1.403636931751666546e+09 -2.109629972700000078e+00 9.836725149699999449e+00 6.608860622000000129e-01 5.932933245000000522e-01 7.891755339999999563e-01 1.429344482000000083e-01 -6.909957446299999639e-02
1.403636931801666498e+09 -2.093919685099999928e+00 9.835609693900000394e+00 6.641773357000000377e-01 5.893225025999999644e-01 7.923765422999999863e-01 1.395614034000000059e-01 -7.321897163920000617e-02
1.403636931851666451e+09 -2.078855793399999818e+00 9.833473474999999908e+00 6.658912201000000142e-01 5.856683875999999511e-01 7.952197588999999622e-01 1.367242075000000001e-01 -7.697120158190000339e-02
1.403636931901666641e+09 -2.064039969299999999e+00 9.830442370300000121e+00 6.659658544000000013e-01 5.820810195000000187e-01 7.979621229000000149e-01 1.346656790000000103e-01 -7.939327485590000344e-02
1.403636931951666355e+09 -2.049402523099999929e+00 9.826874980299999507e+00 6.645952486999999742e-01 5.794303464000000181e-01 7.999591052000000202e-01 1.333004485000000017e-01 -8.097465113210000620e-02
1.403636932001666546e+09 -2.034752423600000082e+00 9.822782122799999627e+00 6.618787122000000522e-01 5.785761056999999541e-01 8.006685761999999817e-01 1.314831503999999984e-01 -8.301627650340000220e-02
1.403636932051666498e+09 -2.020005180700000125e+00 9.818562412300000375e+00 6.578081448000000497e-01 5.800606531999999982e-01 7.996758416000000480e-01 1.307578538999999984e-01 -8.337008197469999993e-02
1.403636932101666451e+09 -2.005635238400000020e+00 9.813728499699999830e+00 6.523823849000000008e-01 5.813401241000000219e-01 7.987888276000000287e-01 1.294161914999999996e-01 -8.503833417309999976e-02
1.403636932151666403e+09 -1.991214294199999957e+00 9.808376709299999163e+00 6.459238372000000172e-01 5.829860551000000113e-01 7.976923148000000241e-01 1.281473325999999968e-01 -8.597960010449999524e-02
1.403636932201666594e+09 -1.976294851600000069e+00 9.802374935699999625e+00 6.393542705000000437e-01 5.856055489000000502e-01 7.958687805999999920e-01 1.283854151999999915e-01 -8.471251518420000459e-02
1.403636932251666546e+09 -1.961008967900000011e+00 9.795925027699999177e+00 6.342169866000000322e-01 5.890746097000000292e-01 7.934517467999999685e-01 1.297629737999999866e-01 -8.116033728619999332e-02
1.403636932301666498e+09 -1.945751005600000028e+00 9.788340974700000530e+00 6.304122688000000085e-01 5.922951761000000426e-01 7.911724789999999841e-01 1.318701771000000134e-01 -7.643814007719999803e-02
1.403636932351666451e+09 -1.930753310200000072e+00 9.779400548799999981e+00 6.284626640999999569e-01 5.945814668000000136e-01 7.895761881999999732e-01 1.338596250000000099e-01 -7.158158395170000077e-02
1.403636932401666641e+09 -1.916279650499999931e+00 9.768748794900000476e+00 6.284338971999999801e-01 5.963541779000000043e-01 7.883629245000000063e-01 1.352815021000000062e-01 -6.741297358709999465e-02
1.403636932451666355e+09 -1.902415175500000055e+00 9.756290755000000203e+00 6.303676951000000139e-01 5.977716709999999489e-01 7.875822805000000093e-01 1.348943739000000031e-01 -6.470462570870000318e-02
1.403636932501666546e+09 -1.889006403400000034e+00 9.741836222299999903e+00 6.341464948999999685e-01 5.979234527000000243e-01 7.880697831999999847e-01 1.323820826999999867e-01 -6.251836231049999471e-02
1.403636932551666498e+09 -1.876116866799999894e+00 9.725519340700000015e+00 6.396048045000000126e-01 5.967936284000000535e-01 7.898408597999999614e-01 1.278163261999999967e-01 -6.042986061769999723e-02
1.403636932601666451e+09 -1.863727866799999910e+00 9.707168685499999228e+00 6.477426566999999746e-01 5.960254325999999603e-01 7.916283490000000089e-01 1.212632418000000045e-01 -5.808155433579999943e-02
1.403636932651666403e+09 -1.852032095099999998e+00 9.687857426900000846e+00 6.577188789000000257e-01 5.946027458000000543e-01 7.940583887000000063e-01 1.126290927000000025e-01 -5.686420176510000035e-02
1.403636932701666594e+09 -1.841039055700000038e+00 9.667871253399999532e+00 6.698303707999999634e-01 5.946302556000000461e-01 7.952588116000000040e-01 1.042124616999999948e-01 -5.583945380859999669e-02
1.403636932751666546e+09 -1.830392042499999983e+00 9.646854236799999427e+00 6.829305933999999523e-01 5.946238515999999752e-01 7.962995221999999984e-01 9.754621809999999837e-02 -5.304980138539999723e-02
1.403636932801666498e+09 -1.819981883799999922e+00 9.624132528400000552e+00 6.978054496000000162e-01 5.948434341999999653e-01 7.970107272999999992e-01 9.128404360000000328e-02 -5.101384842679999865e-02
1.403636932851666451e+09 -1.809334920499999999e+00 9.599596952800000693e+00 7.138859774000000380e-01 5.943362638000000420e-01 7.981943538000000338e-01 8.585576179999999946e-02 -4.773853083929999880e-02
1.403636932901666641e+09 -1.799257692499999894e+00 9.574143009200000165e+00 7.286320970999999869e-01 5.926889194000000138e-01 8.000574474999999630e-01 8.126623539999999757e-02 -4.498582518000000113e-02
1.403636932951666355e+09 -1.789409204600000081e+00 9.547970402900000764e+00 7.411038067999999868e-01 5.912061272999999950e-01 8.016616659999999950e-01 7.764815599999999596e-02 -4.224514387310000091e-02
1.403636933001666546e+09 -1.779942267300000047e+00 9.521375256400000708e+00 7.498831333000000043e-01 5.894888306000000133e-01 8.034296171999999459e-01 7.375185639999999598e-02 -3.955290652420000164e-02
1.403636933051666498e+09 -1.770445947400000053e+00 9.494102657799999179e+00 7.548538707999999930e-01 5.885395527000000238e-01 8.047216051000000148e-01 6.908064249999999740e-02 -3.566788646599999835e-02
1.403636933101666451e+09 -1.761288871299999892e+00 9.466013639199999830e+00 7.562245618999999808e-01 5.878220258999999892e-01 8.057829609000000115e-01 6.417700060000000595e-02 -3.256375816999999839e-02
1.403636933151666403e+09 -1.752413831599999972e+00 9.437199552599999208e+00 7.550737191999999931e-01 5.863081278999999757e-01 8.073026896999999646e-01 6.028118789999999810e-02 -2.951821147660000158e-02
1.403636933201666594e+09 -1.743811478000000026e+00 9.407036607600000266e+00 7.514427186000000036e-01 5.805052473999999796e-01 8.118132550000000114e-01 5.648109169999999957e-02 -2.797826071040000057e-02
1.403636933251666546e+09 -1.735269099699999984e+00 9.376380405999999113e+00 7.457573430999999697e-01 5.722928912000000423e-01 8.178567406000000206e-01 5.449798279999999717e-02 -2.492324973140000108e-02
1.403636933301666498e+09 -1.727162066700000054e+00 9.346006009799999958e+00 7.388306521999999932e-01 5.634581172000000526e-01 8.241475571999999916e-01 5.284683030000000142e-02 -2.242692024689999994e-02
1.403636933351666451e+09 -1.720033892700000067e+00 9.316655100100000197e+00 7.317299154999999944e-01 5.565826475999999801e-01 8.289319061000000044e-01 5.104399180000000064e-02 -2.195819455520000088e-02
1.403636933401666641e+09 -1.713457868199999901e+00 9.289185621399999704e+00 7.244611154000000219e-01 5.529701458000000347e-01 8.314361815999999905e-01 4.965594410000000181e-02 -2.172972494309999975e-02
1.403636933451666355e+09 -1.707364467699999944e+00 9.263495585699999424e+00 7.172459289999999488e-01 5.540513929999999476e-01 8.307831555000000368e-01 4.840614919999999821e-02 -2.198288234130000088e-02
1.403636933501666546e+09 -1.701654528299999969e+00 9.239303634300000567e+00 7.094418493999999908e-01 5.564988115000000235e-01 8.291748593000000112e-01 4.786390959999999722e-02 -2.207196513380000127e-02
1.403636933551666498e+09 -1.696397852100000048e+00 9.216353380899999337e+00 7.017834249000000080e-01 5.604603519999999950e-01 8.265126751000000382e-01 4.780339859999999802e-02 -2.181345442690000094e-02
1.403636933601666451e+09 -1.691577778499999907e+00 9.194352769300000006e+00 6.956620188000000038e-01 5.642986970000000158e-01 8.238885953000000262e-01 4.752474300000000124e-02 -2.271479295889999861e-02
1.403636933651666403e+09 -1.686870653299999967e+00 9.172526779600000069e+00 6.909287221000000034e-01 5.682451105000000391e-01 8.211406857999999920e-01 4.799269469999999788e-02 -2.285103329960000082e-02
1.403636933701666594e+09 -1.682431708900000045e+00 9.151586315599999466e+00 6.876754653000000106e-01 5.718007251000000180e-01 8.186360105000000109e-01 4.832622000000000306e-02 -2.331500599060000109e-02
1.403636933751666546e+09 -1.678312089100000071e+00 9.131280984300000014e+00 6.865280246999999614e-01 5.755105546000000016e-01 8.159732668000000411e-01 4.939608479999999663e-02 -2.313560437849999929e-02
1.403636933801666498e+09 -1.674541730999999922e+00 9.110980215899999735e+00 6.872186004000000459e-01 5.787083348999999544e-01 8.136547066999999522e-01 4.982727259999999991e-02 -2.408161903290000072e-02
1.403636933851666451e+09 -1.671112747400000043e+00 9.090540238199999123e+00 6.898241899000000510e-01 5.813695658999999960e-01 8.117298354999999965e-01 4.905483110000000146e-02 -2.641449450930000165e-02
1.403636933901666641e+09 -1.667568610500000048e+00 9.069819484799999998e+00 6.938074738999999713e-01 5.833292691000000474e-01 8.103564250000000468e-01 4.789561850000000065e-02 -2.748523250870000059e-02
1.403636933951666355e+09 -1.663730274199999970e+00 9.049097517999999951e+00 6.988946819000000366e-01 5.836742314999999737e-01 8.102477230000000308e-01 4.543919770000000302e-02 -2.753721409630000005e-02
1.403636934001666546e+09 -1.659590271499999936e+00 9.028541122600000080e+00 7.047428207999999472e-01 5.837744361000000159e-01 8.104312415000000103e-01 4.111413450000000330e-02 -2.679997134640000125e-02
1.403636934051666498e+09 -1.654788554800000089e+00 9.007751573400000211e+00 7.091622408000000100e-01 5.840037348000000073e-01 8.106025610999999520e-01 3.547488199999999925e-02 -2.458980213179999888e-02
1.403636934101666451e+09 -1.649129567299999932e+00 8.986690004999999815e+00 7.101835700999999945e-01 5.838924935000000538e-01 8.110780035000000332e-01 2.886952749999999873e-02 -1.971239676530000054e-02
1.403636934151666403e+09 -1.642791484600000018e+00 8.965587766600000563e+00 7.073222338000000331e-01 5.842079307999999971e-01 8.112236271999999637e-01 2.110545579999999893e-02 -1.311030478930000007e-02
1.403636934201666594e+09 -1.636075913700000051e+00 8.944201758200000185e+00 7.009616386999999449e-01 5.845724530000000474e-01 8.112255971999999815e-01 1.232164160000000057e-02 -6.021200368840000199e-03
1.403636934251666546e+09 -1.629108620100000016e+00 8.922442237900000350e+00 6.921764871000000152e-01 5.845964623999999610e-01 8.113180183999999517e-01 2.678525399999999879e-03 1.695508833709999993e-03
1.403636934301666498e+09 -1.622062757499999952e+00 8.900208604599999518e+00 6.819953847999999930e-01 5.848872488999999897e-01 8.110245511000000462e-01 -7.883608099999999883e-03 9.161457205999999631e-03
1.403636934351666451e+09 -1.615011465700000093e+00 8.877859186300000260e+00 6.714755627999999810e-01 5.853782996999999932e-01 8.103560330000000311e-01 -2.034012010000000106e-02 1.554430863500000023e-02
1.403636934401666641e+09 -1.607906689400000033e+00 8.854729974099999623e+00 6.609395883999999999e-01 5.848532279000000500e-01 8.101630153000000112e-01 -3.423940899999999843e-02 2.025471183530000094e-02
1.403636934451666355e+09 -1.600423977900000017e+00 8.831399469200000851e+00 6.513343521000000136e-01 5.831223974000000476e-01 8.105531141999999800e-01 -4.856665620000000239e-02 2.476284543710000063e-02
1.403636934501666546e+09 -1.592088078099999970e+00 8.807807472000000359e+00 6.435637584000000189e-01 5.829142928999999640e-01 8.095769995999999580e-01 -6.197521119999999800e-02 3.090440214610000111e-02
1.403636934551666498e+09 -1.582910209600000062e+00 8.783723493100000113e+00 6.373712432999999455e-01 5.816215582000000550e-01 8.091267176999999977e-01 -7.482183689999999388e-02 3.784191261659999861e-02
1.403636934601666451e+09 -1.572815989099999978e+00 8.759318308499999262e+00 6.332673376999999881e-01 5.808166979000000119e-01 8.081156471999999535e-01 -8.622570540000000505e-02 4.654236655610000106e-02
1.403636934651666403e+09 -1.562185417700000079e+00 8.734689620399999299e+00 6.318115319999999535e-01 5.798248762000000056e-01 8.070767207000000276e-01 -9.781109949999999831e-02 5.350951973430000119e-02
1.403636934701666594e+09 -1.551047574999999901e+00 8.708736542800000535e+00 6.323469566999999625e-01 5.762685402999999651e-01 8.080038242999999509e-01 -1.062192123999999988e-01 6.133407058680000190e-02
1.403636934751666546e+09 -1.539338484199999968e+00 8.682808461900000552e+00 6.345131623999999970e-01 5.726333563000000071e-01 8.091091655000000049e-01 -1.122951583000000031e-01 6.944922537419999375e-02
1.403636934801666498e+09 -1.527472767499999939e+00 8.656187289400000040e+00 6.386768453000000179e-01 5.685960600999999670e-01 8.107258157000000187e-01 -1.162496573999999977e-01 7.686474667249999781e-02
1.403636934851666451e+09 -1.515357296599999959e+00 8.629476161899999553e+00 6.444437363999999668e-01 5.645564536999999605e-01 8.124626093000000271e-01 -1.190395011999999947e-01 8.372643678350000229e-02
1.403636934901666641e+09 -1.503503972799999922e+00 8.603161472600000081e+00 6.526173907000000218e-01 5.611441871000000248e-01 8.139562084999999447e-01 -1.215617786999999977e-01 8.840376571899999369e-02
1.403636934951666355e+09 -1.491989692300000003e+00 8.577352318599999137e+00 6.627740218000000016e-01 5.588788500000000381e-01 8.148536717000000040e-01 -1.236475013000000039e-01 9.153808063809999729e-02
1.403636935001666546e+09 -1.480686748000000108e+00 8.552187991600000316e+00 6.750778693000000219e-01 5.573502742000000509e-01 8.154611956999999745e-01 -1.243841371999999945e-01 9.440496080700000459e-02
1.403636935051666498e+09 -1.469588573900000084e+00 8.528066700100000119e+00 6.897881332999999948e-01 5.584859761999999561e-01 8.144214372000000424e-01 -1.242603292000000054e-01 9.680138210539999954e-02
1.403636935101666451e+09 -1.458013297099999939e+00 8.504663012700000024e+00 7.061386823999999951e-01 5.617753653000000513e-01 8.121299485999999845e-01 -1.243186007000000037e-01 9.694468053230000104e-02
1.403636935151666403e+09 -1.447324840899999909e+00 8.482220461000000711e+00 7.242341028000000014e-01 5.658217667999999589e-01 8.094168346000000236e-01 -1.243113344999999953e-01 9.610831518350000657e-02
1.403636935201666594e+09 -1.437012280300000056e+00 8.460116632200000097e+00 7.422661428000000283e-01 5.696029258999999456e-01 8.069630792999999969e-01 -1.252086880000000124e-01 9.319806879750000550e-02
1.403636935251666546e+09 -1.426667375599999898e+00 8.437973266800000260e+00 7.585933414000000097e-01 5.716138334000000487e-01 8.057909729000000132e-01 -1.250201317000000090e-01 9.126061638139999765e-02
1.403636935301666498e+09 -1.416374605299999923e+00 8.415766428799999588e+00 7.734122626999999639e-01 5.733798803999999860e-01 8.048136144999999964e-01 -1.252479914999999888e-01 8.845054761649999431e-02
1.403636935351666451e+09 -1.405963233700000092e+00 8.393225612500000210e+00 7.864172538999999462e-01 5.746565451999999796e-01 8.042174841000000463e-01 -1.249527720000000036e-01 8.597033246790000693e-02
1.403636935401666641e+09 -1.395303448800000012e+00 8.370375326999999643e+00 7.974573381999999766e-01 5.746043481999999480e-01 8.045518791000000336e-01 -1.245792024999999997e-01 8.370268302880000399e-02
1.403636935451666355e+09 -1.384339853499999995e+00 8.347422171499999877e+00 8.067387343999999905e-01 5.749145625999999565e-01 8.046347909000000076e-01 -1.237330885999999991e-01 8.201354625510000329e-02
1.403636935501666546e+09 -1.373063900600000053e+00 8.324400557800000655e+00 8.146858063999999899e-01 5.754554943999999894e-01 8.045218039000000543e-01 -1.226355286999999961e-01 8.097016827880000600e-02
1.403636935551666498e+09 -1.361374130099999968e+00 8.301109528899999646e+00 8.204582195999999827e-01 5.755123091999999607e-01 8.047515361999999506e-01 -1.215141779000000061e-01 7.996781516489999408e-02
1.403636935601666451e+09 -1.349556695600000022e+00 8.277550530199999201e+00 8.244763511999999572e-01 5.758645208999999543e-01 8.047094637999999689e-01 -1.208686023000000026e-01 7.882584209720000512e-02
1.403636935651666403e+09 -1.337511367500000103e+00 8.253409199900000104e+00 8.265028698999999923e-01 5.760392189999999912e-01 8.048054251999999797e-01 -1.200532497999999976e-01 7.780914476490000120e-02
1.403636935701666594e+09 -1.325009655699999955e+00 8.229038894400000359e+00 8.269800161999999455e-01 5.763692984999999602e-01 8.047631856000000417e-01 -1.187431560999999969e-01 7.781201589399999730e-02
1.403636935751666546e+09 -1.312048013200000085e+00 8.204706708499999834e+00 8.253994918000000514e-01 5.734659838000000232e-01 8.069814605999999779e-01 -1.178493206999999959e-01 7.764808667240000184e-02
1.403636935801666498e+09 -1.298579332499999905e+00 8.180253850299999741e+00 8.217939495999999622e-01 5.696096808999999705e-01 8.098969659000000432e-01 -1.160870984000000050e-01 7.832944277950000533e-02
1.403636935851666451e+09 -1.284650022299999916e+00 8.156096717400000529e+00 8.165525921999999825e-01 5.656813120000000472e-01 8.127462152000000106e-01 -1.151058051999999943e-01 7.873307125469999890e-02
1.403636935901666641e+09 -1.270284252499999988e+00 8.132265391000000676e+00 8.098748462000000536e-01 5.612459397000000294e-01 8.159221677000000339e-01 -1.143538367000000028e-01 7.872236925690000164e-02
1.403636935951666355e+09 -1.255796679199999932e+00 8.108776065100000707e+00 8.013178533999999464e-01 5.547856048000000539e-01 8.204275329000000339e-01 -1.150253073999999986e-01 7.668620857650000622e-02
1.403636936001666546e+09 -1.240719699900000084e+00 8.086195018999999817e+00 7.916656834999999948e-01 5.485201449000000062e-01 8.246642789999999446e-01 -1.152979081999999933e-01 7.590039485020000365e-02
1.403636936051666498e+09 -1.225162512600000086e+00 8.064952127899999823e+00 7.815301537000000076e-01 5.439507362000000068e-01 8.277203609000000073e-01 -1.155322175000000062e-01 7.515921428159999529e-02
1.403636936101666451e+09 -1.208991658299999994e+00 8.045614972699999257e+00 7.710084310000000496e-01 5.413788589000000373e-01 8.294489221999999939e-01 -1.152865554999999986e-01 7.504949497620000409e-02
1.403636936151666403e+09 -1.191890600000000022e+00 8.028796643899999808e+00 7.602019666999999536e-01 5.410556688000000003e-01 8.296574383000000497e-01 -1.145367070000000015e-01 7.621444188779999407e-02
1.403636936201666594e+09 -1.174077678499999999e+00 8.013828929200000672e+00 7.497450772999999513e-01 5.421187440000000413e-01 8.289113941000000318e-01 -1.137116137999999999e-01 7.799254496509999690e-02
1.403636936251666546e+09 -1.155485661499999983e+00 8.000789039600000763e+00 7.402071419000000319e-01 5.443856516999999728e-01 8.273801335999999562e-01 -1.128017937999999942e-01 7.976297448609999396e-02
1.403636936301666498e+09 -1.136494531999999946e+00 7.989029888800000201e+00 7.329973235000000198e-01 5.489005743999999520e-01 8.243031538999999741e-01 -1.124338710000000047e-01 8.118555586780000499e-02
1.403636936351666451e+09 -1.117330461899999960e+00 7.977878788399999976e+00 7.270855317000000095e-01 5.533533225000000222e-01 8.212001531999999493e-01 -1.129411471000000000e-01 8.169887493380000032e-02
1.403636936401666641e+09 -1.097841738699999903e+00 7.968045459799999897e+00 7.225822492000000263e-01 5.571303376999999779e-01 8.185157061000000178e-01 -1.127358967999999989e-01 8.323727071700000313e-02
1.403636936451666355e+09 -1.078694880500000064e+00 7.958843388700000077e+00 7.203419827000000497e-01 5.617696415999999804e-01 8.152396937000000454e-01 -1.141004033999999945e-01 8.234202798850000227e-02
1.403636936501666546e+09 -1.059242642899999920e+00 7.950103245100000215e+00 7.196622646000000456e-01 5.655425275000000029e-01 8.124836523999999782e-01 -1.134450978000000054e-01 8.462962756149999821e-02
1.403636936551666498e+09 -1.039719160600000025e+00 7.942327383000000296e+00 7.206729367999999969e-01 5.680177655999999464e-01 8.105911499000000298e-01 -1.144786868000000069e-01 8.480823020439999527e-02
1.403636936601666451e+09 -1.019814073600000093e+00 7.935328695299999957e+00 7.216531937000000285e-01 5.695889932000000044e-01 8.092685669000000415e-01 -1.152564388999999939e-01 8.584124161009999698e-02
1.403636936651666403e+09 -1.000106426499999923e+00 7.928550278100000348e+00 7.211607442999999895e-01 5.698523267999999753e-01 8.088453026999999906e-01 -1.166859192999999961e-01 8.615101999829999357e-02
1.403636936701666594e+09 -9.805742214999999540e-01 7.921816831800000180e+00 7.190231124999999501e-01 5.700679700999999877e-01 8.085169305999999612e-01 -1.174267794999999948e-01 8.679766041339999350e-02
1.403636936751666546e+09 -9.610119195999999864e-01 7.915081886400000322e+00 7.153588761000000407e-01 5.702068676999999530e-01 8.082510445999999682e-01 -1.175579647000000033e-01 8.817313597760000066e-02
1.403636936801666498e+09 -9.413943931999999570e-01 7.908347046700000327e+00 7.104117185999999640e-01 5.702345910999999656e-01 8.080515951000000197e-01 -1.179181193999999933e-01 8.933335243730000652e-02
1.403636936851666451e+09 -9.217776457999999895e-01 7.901650622800000079e+00 7.048454827000000256e-01 5.691042908000000233e-01 8.086783900999999775e-01 -1.173911088000000047e-01 9.153630521840000478e-02
1.403636936901666641e+09 -9.023785882000000536e-01 7.895452756400000105e+00 7.004598486999999984e-01 5.692912625999999587e-01 8.083884059000000510e-01 -1.171823557999999987e-01 9.318765487419999882e-02
1.403636936951666355e+09 -8.833301584999999623e-01 7.889557517000000075e+00 6.975751217000000226e-01 5.687140963000000271e-01 8.086660515000000382e-01 -1.170359463999999933e-01 9.447793961509999561e-02
1.403636937001666546e+09 -8.646365608999999619e-01 7.883685277199999675e+00 6.969612188999999569e-01 5.684870278000000443e-01 8.087331979999999865e-01 -1.163149975000000030e-01 9.614538474730000006e-02
1.403636937051666498e+09 -8.463779229000000237e-01 7.877511416799999999e+00 6.982501276999999451e-01 5.681121218000000361e-01 8.088713674999999936e-01 -1.159979544000000057e-01 9.757152506140000237e-02
1.403636937101666451e+09 -8.289012062999999708e-01 7.871025909300000123e+00 7.014873905999999826e-01 5.676913181999999614e-01 8.090750625999999501e-01 -1.169577663000000017e-01 9.718534443210000151e-02
1.403636937151666403e+09 -8.119987999000000123e-01 7.864952524999999639e+00 7.063311391000000050e-01 5.679474065999999821e-01 8.088341398999999710e-01 -1.184314050999999979e-01 9.590140616799999740e-02
1.403636937201666594e+09 -7.956291766999999959e-01 7.859609830700000188e+00 7.125306591000000189e-01 5.681737577000000039e-01 8.085774446000000282e-01 -1.207549920000000054e-01 9.380473913320000467e-02
1.403636937251666546e+09 -7.791885063000000278e-01 7.854123379599999843e+00 7.177642174999999680e-01 5.678214552000000470e-01 8.087210902000000479e-01 -1.220152283999999948e-01 9.306598352870000534e-02
1.403636937301666498e+09 -7.626415224999999465e-01 7.848851708099999769e+00 7.216121105999999674e-01 5.678276260000000297e-01 8.086362629000000135e-01 -1.223039303999999966e-01 9.338592067390000251e-02
1.403636937351666451e+09 -7.463097122999999833e-01 7.843746422499999760e+00 7.240874990000000233e-01 5.685472200000000198e-01 8.080532056000000463e-01 -1.229841869000000004e-01 9.316096474660000293e-02
1.403636937401666641e+09 -7.299610668999999552e-01 7.838541791599999975e+00 7.246680733000000485e-01 5.683464751000000259e-01 8.080733008999999578e-01 -1.233430568000000033e-01 9.373534511679999792e-02
1.403636937451666355e+09 -7.138336226000000506e-01 7.833390649800000105e+00 7.238258268999999689e-01 5.682424575000000200e-01 8.080643745000000155e-01 -1.239494371999999983e-01 9.364300920689999641e-02
1.403636937501666546e+09 -6.978316691000000516e-01 7.828305198199999815e+00 7.214173982999999568e-01 5.684609321000000381e-01 8.078202837000000303e-01 -1.241531545000000014e-01 9.415175102320000322e-02
1.403636937551666498e+09 -6.818989511999999920e-01 7.823385970400000389e+00 7.176693097999999882e-01 5.688811650999999747e-01 8.074009527000000075e-01 -1.243028785000000053e-01 9.500903078389999479e-02
1.403636937601666451e+09 -6.661438689999999996e-01 7.818338050700000430e+00 7.124727384000000274e-01 5.687164091999999949e-01 8.074011835000000081e-01 -1.244164856999999957e-01 9.584108145859999983e-02
1.403636937651666403e+09 -6.502140131000000434e-01 7.813047790099999723e+00 7.057827103999999574e-01 5.682104896999999877e-01 8.076059447000000224e-01 -1.229760109000000018e-01 9.892612481729999574e-02
1.403636937701666594e+09 -6.345151882999999771e-01 7.808007470699999786e+00 6.976294283999999735e-01 5.676650524999999892e-01 8.078042734000000502e-01 -1.209058989000000028e-01 1.029097059719999985e-01
1.403636937751666546e+09 -6.193158126000000152e-01 7.803284059900000180e+00 6.880470995999999895e-01 5.675584936999999996e-01 8.076870793000000548e-01 -1.180099960000000059e-01 1.076688393859999981e-01
1.403636937801666498e+09 -6.050804870999999530e-01 7.799016492699999858e+00 6.774714156000000154e-01 5.675410964999999530e-01 8.075052691999999865e-01 -1.168708727000000031e-01 1.103337802369999954e-01
1.403636937851666451e+09 -5.918220658999999717e-01 7.795311392900000413e+00 6.663235902999999904e-01 5.701655955000000109e-01 8.054868387000000407e-01 -1.166687086000000040e-01 1.117611689189999952e-01
1.403636937901666641e+09 -5.792428076000000203e-01 7.791880558799999967e+00 6.542182703000000155e-01 5.741492249999999853e-01 8.024020696000000452e-01 -1.153109734999999969e-01 1.149215624069999941e-01
1.403636937951666355e+09 -5.677083095999999607e-01 7.788370107699999600e+00 6.411760021000000309e-01 5.776145039000000203e-01 7.996339820000000209e-01 -1.142686458999999932e-01 1.178543860579999991e-01
1.403636938001666546e+09 -5.576085372000000318e-01 7.784482367299999872e+00 6.274262566999999624e-01 5.813154235999999919e-01 7.966677047000000345e-01 -1.133299821999999984e-01 1.206203202730000007e-01
1.403636938051666498e+09 -5.492233213999999641e-01 7.779884400800000321e+00 6.126755624999999927e-01 5.848775754999999688e-01 7.937917778999999951e-01 -1.134290166999999960e-01 1.222566693900000029e-01
1.403636938101666451e+09 -5.423697295999999612e-01 7.774472167099999886e+00 5.970702723999999906e-01 5.881347484000000181e-01 7.909679149999999659e-01 -1.154309035999999955e-01 1.230568230319999956e-01
1.403636938151666403e+09 -5.371609464000000056e-01 7.767996144199999620e+00 5.808217921999999644e-01 5.909563754000000113e-01 7.882932395999999731e-01 -1.195731490000000036e-01 1.227460500469999966e-01
1.403636938201666594e+09 -5.339054568000000112e-01 7.760462647199999786e+00 5.651316251000000346e-01 5.926288757000000018e-01 7.866338926000000509e-01 -1.250405256999999881e-01 1.198457411130000039e-01
1.403636938251666546e+09 -5.316583471000000394e-01 7.752092836300000123e+00 5.507666030000000212e-01 5.939046793000000157e-01 7.852040624999999663e-01 -1.302959107999999977e-01 1.172808073469999990e-01
1.403636938301666498e+09 -5.306720107000000297e-01 7.742274298199999905e+00 5.383172109999999622e-01 5.949427151999999719e-01 7.840055945999999665e-01 -1.368107084999999890e-01 1.125221012259999959e-01
1.403636938351666451e+09 -5.309102500000000280e-01 7.730425862299999729e+00 5.276123558999999963e-01 5.944231573999999574e-01 7.839982205000000093e-01 -1.457844543000000048e-01 1.037053187680000016e-01
1.403636938401666641e+09 -5.313728914999999997e-01 7.715906770600000186e+00 5.184661237000000034e-01 5.928956398000000405e-01 7.846167107999999502e-01 -1.545656894999999920e-01 9.466163479950000237e-02
1.403636938451666355e+09 -5.312936661999999588e-01 7.699265615299999865e+00 5.103298269999999581e-01 5.896530451999999478e-01 7.863314536000000077e-01 -1.631446494999999886e-01 8.588337817260000007e-02
1.403636938501666546e+09 -5.295503765000000307e-01 7.681500995100000395e+00 5.043016687000000386e-01 5.865424474999999527e-01 7.879716571999999530e-01 -1.690449213999999922e-01 8.057567464150000580e-02
1.403636938551666498e+09 -5.260510914999999565e-01 7.661886195200000138e+00 4.996942490999999875e-01 5.820262363000000549e-01 7.907908460000000472e-01 -1.725710279000000069e-01 7.819551374710000113e-02
1.403636938601666451e+09 -5.204656430999999861e-01 7.641138491000000421e+00 4.966548674999999857e-01 5.790447868000000442e-01 7.925262935000000342e-01 -1.750062565999999931e-01 7.734351316699999979e-02
1.403636938651666403e+09 -5.130961705000000039e-01 7.619209647299999943e+00 4.951908407999999762e-01 5.768814253999999808e-01 7.937795168000000290e-01 -1.769783453999999867e-01 7.616143979789999352e-02
1.403636938701666594e+09 -5.034508273000000145e-01 7.596382883200000435e+00 4.955654903999999750e-01 5.758994331000000244e-01 7.943219862999999492e-01 -1.770632168000000062e-01 7.772414226819999994e-02
1.403636938751666546e+09 -4.916261695999999959e-01 7.572601158400000365e+00 4.969496172000000267e-01 5.747355371000000268e-01 7.950721118000000365e-01 -1.762657789000000030e-01 8.043490902460000147e-02
1.403636938801666498e+09 -4.780272567000000139e-01 7.547790727399999788e+00 4.990253814999999760e-01 5.734766659000000155e-01 7.959931298000000321e-01 -1.743928449999999908e-01 8.430057292850000328e-02
1.403636938851666451e+09 -4.626020981999999782e-01 7.522273967000000283e+00 5.017043839000000505e-01 5.723524508999999760e-01 7.968927364000000235e-01 -1.713464895000000043e-01 8.952663964790000262e-02
1.403636938901666641e+09 -4.459670593999999766e-01 7.495686666300000134e+00 5.042011053999999604e-01 5.694948798000000201e-01 7.990999745000000321e-01 -1.672402443999999877e-01 9.563217674160000292e-02
1.403636938951666355e+09 -4.285203082999999857e-01 7.468759429300000363e+00 5.067122108999999597e-01 5.664180769000000115e-01 8.013322574000000253e-01 -1.643571712000000129e-01 1.001194072049999967e-01
1.403636939001666546e+09 -4.104378929999999981e-01 7.441970019800000280e+00 5.084702959000000355e-01 5.645384412999999713e-01 8.026819994999999652e-01 -1.610505516999999887e-01 1.051697474580000069e-01
1.403636939051666498e+09 -3.920576262000000090e-01 7.415406574900000436e+00 5.089468320000000157e-01 5.626632364000000441e-01 8.040588321999999621e-01 -1.591627039000000077e-01 1.075486426049999944e-01
1.403636939101666451e+09 -3.732880423000000114e-01 7.389461828099999963e+00 5.086485709000000410e-01 5.630760447999999530e-01 8.038249819999999657e-01 -1.578694422999999958e-01 1.090321295340000024e-01
1.403636939151666403e+09 -3.545116083000000029e-01 7.363816133300000288e+00 5.071906685000000525e-01 5.645543796999999975e-01 8.029563311999999842e-01 -1.567796837000000054e-01 1.093600174449999990e-01
1.403636939201666594e+09 -3.353330395999999936e-01 7.338551207500000118e+00 5.044072734000000224e-01 5.660367667000000269e-01 8.020319854999999887e-01 -1.560855874000000032e-01 1.094731123369999948e-01
1.403636939251666546e+09 -3.162837815000000274e-01 7.313628788399999969e+00 5.002062127999999941e-01 5.670358280999999723e-01 8.014917459999999494e-01 -1.554589524999999972e-01 1.091506521889999970e-01
1.403636939301666498e+09 -2.971705454999999940e-01 7.288851962199999868e+00 4.950190022000000023e-01 5.686908867000000090e-01 8.005278563000000069e-01 -1.546550197000000071e-01 1.087550072760000014e-01
1.403636939351666451e+09 -2.779214380999999734e-01 7.263981497399999654e+00 4.889014802000000159e-01 5.695403337000000121e-01 8.001932210000000101e-01 -1.534626286000000117e-01 1.084612325690000045e-01
1.403636939401666641e+09 -2.585240216999999951e-01 7.239021735899999754e+00 4.830772791999999871e-01 5.700567994999999888e-01 8.001485315999999903e-01 -1.521623876000000042e-01 1.079082045070000051e-01
1.403636939451666355e+09 -2.390868385999999901e-01 7.213718569100000089e+00 4.786443964000000051e-01 5.712455999000000118e-01 7.996316444000000079e-01 -1.505441026999999876e-01 1.077226577550000064e-01
1.403636939501666546e+09 -2.195656511000000088e-01 7.188271237000000369e+00 4.762971925000000217e-01 5.738101066999999889e-01 7.981131837999999590e-01 -1.489523100000000044e-01 1.075663360659999956e-01
1.403636939551666498e+09 -2.001340256999999956e-01 7.162512387799999658e+00 4.757594024999999838e-01 5.770411439000000531e-01 7.960575666000000439e-01 -1.471015385999999980e-01 1.080601977409999942e-01
1.403636939601666451e+09 -1.807969174000000068e-01 7.135973630699999681e+00 4.775086526999999803e-01 5.807319093999999682e-01 7.936323478000000264e-01 -1.452603741000000059e-01 1.086166179749999960e-01
1.403636939651666403e+09 -1.618551518000000133e-01 7.108967789000000259e+00 4.815360402000000151e-01 5.843620157000000148e-01 7.911797492000000043e-01 -1.448259120000000011e-01 1.076154926330000067e-01
1.403636939701666594e+09 -1.433533431000000025e-01 7.080587728300000272e+00 4.860191515999999767e-01 5.863942690000000235e-01 7.897755198000000476e-01 -1.452974851999999928e-01 1.062310237639999960e-01
1.403636939751666546e+09 -1.249327384000000069e-01 7.051066114900000237e+00 4.903293611000000274e-01 5.874265792999999736e-01 7.890646972999999509e-01 -1.447298518000000034e-01 1.065841795500000050e-01
1.403636939801666498e+09 -1.067302068999999992e-01 7.020713783399999741e+00 4.934921761000000129e-01 5.877783279999999611e-01 7.888239005999999609e-01 -1.443032096999999903e-01 1.070050219080000004e-01
1.403636939851666451e+09 -8.878396450000000661e-02 6.989318428999999888e+00 4.947282610000000025e-01 5.866643795000000550e-01 7.896326970999999473e-01 -1.442810734999999955e-01 1.071824670729999984e-01
1.403636939901666641e+09 -7.142363540000000455e-02 6.957154164200000324e+00 4.945684991000000030e-01 5.858731601000000122e-01 7.901902898999999536e-01 -1.458702498999999986e-01 1.052322017269999993e-01
1.403636939951666355e+09 -5.384429140000000086e-02 6.924048608799999727e+00 4.928139732999999856e-01 5.851619953000000152e-01 7.903270041000000079e-01 -1.489014659000000018e-01 1.039087065819999933e-01
1.403636940001666546e+09 -3.573892699999999673e-02 6.890209186199999891e+00 4.892902905000000024e-01 5.841569900999999954e-01 7.902640202999999808e-01 -1.525944576999999913e-01 1.046819976580000006e-01
1.403636940051666498e+09 -1.746248060000000005e-02 6.855358961800000372e+00 4.843645350999999932e-01 5.821134853999999637e-01 7.907896145999999682e-01 -1.564447236000000019e-01 1.063988911079999933e-01
1.403636940101666451e+09 9.107362999999999830e-04 6.819679992800000257e+00 4.779967585000000074e-01 5.802576112999999758e-01 7.911204441000000420e-01 -1.603885935000000096e-01 1.081898633839999957e-01
1.403636940151666403e+09 1.914441929999999986e-02 6.783113601100000167e+00 4.703310891999999965e-01 5.777727213000000139e-01 7.919515633000000498e-01 -1.648547985999999910e-01 1.086936030339999970e-01
1.403636940201666594e+09 3.740239249999999932e-02 6.745892183999999681e+00 4.617703834999999923e-01 5.758252078000000163e-01 7.925498916000000005e-01 -1.685330706000000012e-01 1.090257015309999966e-01
1.403636940251666546e+09 5.607127080000000319e-02 6.708304720600000159e+00 4.523644535999999938e-01 5.745681053000000205e-01 7.926897642000000355e-01 -1.716868528999999921e-01 1.097180690280000065e-01
1.403636940301666498e+09 7.511693810000000249e-02 6.670168672099999974e+00 4.421646713999999867e-01 5.740579195999999662e-01 7.923425615000000422e-01 -1.740230058999999996e-01 1.112059514990000053e-01
1.403636940351666451e+09 9.462706270000000031e-02 6.631594595700000205e+00 4.310347131999999748e-01 5.739686676999999904e-01 7.917338296000000497e-01 -1.758159118000000021e-01 1.131648209819999945e-01
1.403636940401666641e+09 1.143021750000000059e-01 6.592416442200000226e+00 4.190433912000000038e-01 5.738909669999999741e-01 7.911317515000000355e-01 -1.784406449000000006e-01 1.136602216700000056e-01
1.403636940451666355e+09 1.341305013999999907e-01 6.552601950299999700e+00 4.067284288999999942e-01 5.738509027999999512e-01 7.905718917999999817e-01 -1.803168055999999908e-01 1.147914407030000000e-01
1.403636940501666546e+09 1.540976719000000106e-01 6.512337314599999871e+00 3.951691615999999851e-01 5.731407012000000467e-01 7.905559842999999587e-01 -1.820484786999999882e-01 1.157122452959999936e-01
1.403636940551666498e+09 1.744974572000000113e-01 6.471918132599999929e+00 3.851608494000000049e-01 5.710424806999999658e-01 7.915268274000000215e-01 -1.842569493000000003e-01 1.159531948819999964e-01
1.403636940601666451e+09 1.951746555999999966e-01 6.431490276199999911e+00 3.760659264999999807e-01 5.667417305999999932e-01 7.942482127000000114e-01 -1.854629550999999932e-01 1.165207262079999972e-01
1.403636940651666403e+09 2.165953174999999953e-01 6.390893382999999872e+00 3.689794958000000014e-01 5.628938530000000551e-01 7.966124272000000284e-01 -1.857465181000000076e-01 1.185638313910000047e-01
1.403636940701666594e+09 2.386430945999999942e-01 6.351582255400000321e+00 3.638727473000000212e-01 5.590258625999999786e-01 7.990755219999999825e-01 -1.852876115000000046e-01 1.209830408199999985e-01
1.403636940751666546e+09 2.609990689999999725e-01 6.312177002700000372e+00 3.609376648000000021e-01 5.554757309000000198e-01 8.013698876999999499e-01 -1.851308986000000101e-01 1.223910368329999970e-01
1.403636940801666498e+09 2.837518311000000182e-01 6.273085919999999760e+00 3.599594608000000195e-01 5.527141552000000013e-01 8.031486490999999450e-01 -1.847575348000000117e-01 1.237899976279999981e-01
1.403636940851666451e+09 3.068036802999999924e-01 6.234268201099999906e+00 3.611363234000000144e-01 5.508350132999999538e-01 8.042851407000000119e-01 -1.844498041000000033e-01 1.252376555130000069e-01
1.403636940901666641e+09 3.298638561000000191e-01 6.195678650899999695e+00 3.639514868000000014e-01 5.489913594999999980e-01 8.055376577999999732e-01 -1.831028462000000023e-01 1.272435333770000065e-01
1.403636940951666355e+09 3.532713974000000201e-01 6.157797794600000429e+00 3.685309500999999766e-01 5.480292186999999871e-01 8.061451643999999472e-01 -1.821557823000000131e-01 1.288922818730000031e-01
1.403636941001666546e+09 3.770237609000000045e-01 6.121690696900000006e+00 3.758326738000000167e-01 5.502258261000000372e-01 8.047006207000000355e-01 -1.818998245000000014e-01 1.289220897580000136e-01
1.403636941051666498e+09 4.010028071999999777e-01 6.086437490799999850e+00 3.845140204999999978e-01 5.513122936000000029e-01 8.040023778999999537e-01 -1.811494352999999946e-01 1.296912228640000053e-01
1.403636941101666451e+09 4.250581642999999854e-01 6.051558604900000304e+00 3.946018558000000120e-01 5.534776456000000122e-01 8.024808610000000453e-01 -1.806339405999999870e-01 1.306075917620000137e-01
1.403636941151666403e+09 4.490739912999999750e-01 6.017155662000000405e+00 4.054565622999999897e-01 5.552725026000000508e-01 8.013341045999999857e-01 -1.802256818000000094e-01 1.305940437139999910e-01
1.403636941201666594e+09 4.728690737999999838e-01 5.983087242899999936e+00 4.166729400999999999e-01 5.566350395000000395e-01 8.005141071000000386e-01 -1.794467949999999923e-01 1.308947854949999989e-01
1.403636941251666546e+09 4.963783682999999836e-01 5.949421835899999955e+00 4.281484494999999724e-01 5.589723270999999993e-01 7.990549631000000153e-01 -1.791680323000000019e-01 1.302302562709999889e-01
1.403636941301666498e+09 5.198550396000000129e-01 5.916014860099999773e+00 4.386867497999999976e-01 5.614897320999999719e-01 7.975204591000000232e-01 -1.778829512000000002e-01 1.305681957170000129e-01
1.403636941351666451e+09 5.432186704000000477e-01 5.882829803099999921e+00 4.477635137000000043e-01 5.631972861999999802e-01 7.966724427000000386e-01 -1.762664667999999935e-01 1.305831861600000032e-01
1.403636941401666641e+09 5.661330261000000474e-01 5.849790507799999872e+00 4.554970173999999816e-01 5.644675993000000114e-01 7.961406439999999529e-01 -1.747703451000000019e-01 1.303523334099999931e-01
1.403636941451666355e+09 5.886883554999999824e-01 5.816816881100000280e+00 4.619986524999999955e-01 5.659387392000000405e-01 7.954714865999999995e-01 -1.731056927000000079e-01 1.302799933630000018e-01
1.403636941501666546e+09 6.110031303999999830e-01 5.783911088099999986e+00 4.668888721000000186e-01 5.668144671000000523e-01 7.953024693000000367e-01 -1.716468871999999868e-01 1.294321768749999990e-01
1.403636941551666498e+09 6.331266024999999686e-01 5.750798508499999961e+00 4.702283414000000272e-01 5.669223049999999597e-01 7.956003673999999526e-01 -1.698552693000000002e-01 1.294926366099999893e-01
1.403636941601666451e+09 6.548824701000000026e-01 5.718060782000000231e+00 4.722701596000000168e-01 5.664715519999999893e-01 7.963046092000000131e-01 -1.687441749999999963e-01 1.285859775819999939e-01
1.403636941651666403e+09 6.762831720999999963e-01 5.685492290000000004e+00 4.733453150999999970e-01 5.665323049999999583e-01 7.965552784999999636e-01 -1.676704561000000038e-01 1.281696288230000091e-01
1.403636941701666594e+09 6.972554286000000046e-01 5.652934847300000065e+00 4.729480844000000239e-01 5.658643917000000245e-01 7.973327185999999900e-01 -1.665225727000000100e-01 1.277820756330000085e-01
1.403636941751666546e+09 7.180856538000000011e-01 5.620629691000000427e+00 4.722410432999999963e-01 5.657853185000000229e-01 7.976487946000000440e-01 -1.655183796999999957e-01 1.274638769429999874e-01
1.403636941801666498e+09 7.385452288999999615e-01 5.588493443599999999e+00 4.724910072999999877e-01 5.652960322000000204e-01 7.982764575999999890e-01 -1.652365772999999927e-01 1.260633441469999894e-01
1.403636941851666451e+09 7.584150486999999830e-01 5.555865219500000229e+00 4.749251496999999933e-01 5.651602835000000269e-01 7.986188750999999586e-01 -1.646970541999999982e-01 1.252063360460000108e-01
1.403636941901666641e+09 7.780974923000000265e-01 5.523243481799999799e+00 4.782637076999999848e-01 5.638202557999999476e-01 7.997325994999999743e-01 -1.647955325999999887e-01 1.240037131280000010e-01
1.403636941951666355e+09 7.977343865999999561e-01 5.491487465899999698e+00 4.839319911000000141e-01 5.631389428999999947e-01 8.003908710999999565e-01 -1.644686109999999868e-01 1.232844699820000028e-01
1.403636942001666546e+09 8.170444391000000195e-01 5.459721053900000065e+00 4.911568128000000089e-01 5.630027214999999696e-01 8.005880423000000246e-01 -1.655897182000000134e-01 1.211064298300000008e-01
1.403636942051666498e+09 8.363664642000000482e-01 5.428204521599999666e+00 4.992429210000000062e-01 5.636239174999999602e-01 8.002634015999999795e-01 -1.667427475000000103e-01 1.187578366330000051e-01
1.403636942101666451e+09 8.559959114999999841e-01 5.396379616299999959e+00 5.081004915000000288e-01 5.638837461000000273e-01 8.000560412999999649e-01 -1.671898891999999970e-01 1.182919803309999962e-01
1.403636942151666403e+09 8.755200544000000251e-01 5.364711683700000400e+00 5.170166488999999865e-01 5.646087851000000102e-01 7.995416119999999571e-01 -1.680525823000000030e-01 1.170831334659999945e-01
1.403636942201666594e+09 8.951423703999999981e-01 5.332753520199999819e+00 5.248172089000000540e-01 5.654787207000000482e-01 7.988610427000000236e-01 -1.687686952000000129e-01 1.164988346009999953e-01
1.403636942251666546e+09 9.150010309999999647e-01 5.300784856800000000e+00 5.310996572999999721e-01 5.656463424000000018e-01 7.986272915000000028e-01 -1.700229488999999983e-01 1.154593501280000017e-01
1.403636942301666498e+09 9.350810729999999849e-01 5.268732298399999792e+00 5.358342310999999469e-01 5.663639405999999488e-01 7.979600513000000284e-01 -1.713563029999999876e-01 1.145803683219999980e-01
1.403636942351666451e+09 9.552530860000000290e-01 5.236734593199999566e+00 5.392414597000000365e-01 5.672664893000000097e-01 7.971160448999999870e-01 -1.731185977999999959e-01 1.133344266659999933e-01
1.403636942401666641e+09 9.756418915000000247e-01 5.204684330000000081e+00 5.408823373000000156e-01 5.675736593000000330e-01 7.966606521000000329e-01 -1.753910895000000136e-01 1.114895171109999972e-01
1.403636942451666355e+09 9.966790305999999600e-01 5.172439450999999799e+00 5.407344837999999987e-01 5.673495084999999882e-01 7.965705941999999817e-01 -1.772602506000000022e-01 1.103115007069999931e-01
1.403636942501666546e+09 1.018078788499999998e+00 5.140128317100000288e+00 5.392103610999999797e-01 5.665418692999999450e-01 7.968139962000000409e-01 -1.793268986000000065e-01 1.093600901059999936e-01
1.403636942551666498e+09 1.040040910100000104e+00 5.107348359100000401e+00 5.361394031999999754e-01 5.645048805000000280e-01 7.980478401999999694e-01 -1.808592658000000020e-01 1.083688637680000066e-01
1.403636942601666451e+09 1.062833238400000102e+00 5.074448756099999791e+00 5.318797772000000146e-01 5.628725874000000129e-01 7.989196244999999807e-01 -1.818144601999999999e-01 1.088365102250000022e-01
1.403636942651666403e+09 1.086253391899999921e+00 5.041307753099999900e+00 5.264125127000000015e-01 5.604347972000000011e-01 8.004367052999999954e-01 -1.823867829999999968e-01 1.093113913039999996e-01
1.403636942701666594e+09 1.110559524399999942e+00 5.008342060600000423e+00 5.197598809000000264e-01 5.578238620000000036e-01 8.021001413999999663e-01 -1.815273225000000046e-01 1.118737380859999991e-01
1.403636942751666546e+09 1.135448886500000087e+00 4.975645363499999974e+00 5.123880773000000222e-01 5.562048180999999980e-01 8.030689778999999806e-01 -1.812103891999999883e-01 1.134866154930000010e-01
1.403636942801666498e+09 1.160998688699999892e+00 4.943536277999999839e+00 5.055687712999999972e-01 5.553685224000000087e-01 8.034822949000000047e-01 -1.807649719999999960e-01 1.153517708459999985e-01
1.403636942851666451e+09 1.187212729400000111e+00 4.912299769199999666e+00 5.006346923000000171e-01 5.563824120999999456e-01 8.026077042000000494e-01 -1.797834462000000022e-01 1.180567541279999993e-01
1.403636942901666641e+09 1.213806935300000056e+00 4.881505817099999867e+00 4.979939471000000006e-01 5.584920505999999563e-01 8.009308717999999994e-01 -1.788041099000000078e-01 1.209357610949999967e-01
1.403636942951666355e+09 1.240645026699999987e+00 4.850804745599999634e+00 4.970036421999999843e-01 5.594273491000000265e-01 8.000860153000000086e-01 -1.776675241000000016e-01 1.238453069710000048e-01
1.403636943001666546e+09 1.267383431100000069e+00 4.820646795300000065e+00 4.986970432999999758e-01 5.608768629000000505e-01 7.989127052000000173e-01 -1.776293016999999919e-01 1.249138313909999992e-01
1.403636943051666498e+09 1.294132101099999987e+00 4.790346591499999640e+00 5.024664202999999940e-01 5.626707265000000513e-01 7.975295389000000013e-01 -1.766385175000000085e-01 1.270713272319999865e-01
1.403636943101666451e+09 1.320995845699999949e+00 4.760469469900000306e+00 5.079481219999999464e-01 5.639987926999999734e-01 7.963257250999999926e-01 -1.768316856000000103e-01 1.284572160109999917e-01
1.403636943151666403e+09 1.347508094199999951e+00 4.730976542599999668e+00 5.141047545000000385e-01 5.655088756999999688e-01 7.950109816999999524e-01 -1.780492066000000095e-01 1.282798912929999924e-01
1.403636943201666594e+09 1.373760882800000083e+00 4.701232868700000012e+00 5.193049959000000104e-01 5.664499898999999505e-01 7.941657227999999735e-01 -1.783848133000000002e-01 1.288955860079999960e-01
1.403636943251666546e+09 1.399716621200000066e+00 4.671375223600000126e+00 5.231793600999999905e-01 5.663737559999999505e-01 7.940114255000000343e-01 -1.788880445999999902e-01 1.294824012249999878e-01
1.403636943301666498e+09 1.425496397200000098e+00 4.641306786600000400e+00 5.255139990999999622e-01 5.667019856999999661e-01 7.934827248000000388e-01 -1.789521996000000004e-01 1.311874047690000100e-01
1.403636943351666451e+09 1.450945231800000013e+00 4.610868605700000344e+00 5.263125137999999925e-01 5.667923082000000390e-01 7.930898819999999683e-01 -1.791780003000000010e-01 1.328539149919999995e-01
1.403636943401666641e+09 1.475856550700000103e+00 4.580483291300000204e+00 5.260002848000000508e-01 5.675949603000000065e-01 7.921995332000000278e-01 -1.800293632999999949e-01 1.335862604549999944e-01
1.403636943451666355e+09 1.500243178500000107e+00 4.549996018299999889e+00 5.240056385000000372e-01 5.674827995000000236e-01 7.919975627999999990e-01 -1.806657248000000104e-01 1.343987673229999902e-01
1.403636943501666546e+09 1.524308767900000028e+00 4.519714050000000150e+00 5.208050099000000044e-01 5.678263644000000054e-01 7.915204814999999838e-01 -1.807589314999999974e-01 1.356272682949999919e-01
1.403636943551666498e+09 1.547722307699999966e+00 4.488978059899999984e+00 5.158683255999999551e-01 5.677993919999999584e-01 7.913045598000000291e-01 -1.810311894999999949e-01 1.366332771169999905e-01
1.403636943601666451e+09 1.570778325300000056e+00 4.458046611600000375e+00 5.097771787000000554e-01 5.682439331999999954e-01 7.907839939999999901e-01 -1.806967391000000034e-01 1.382323972629999898e-01
1.403636943651666403e+09 1.593359320300000048e+00 4.426719325999999732e+00 5.023381865999999585e-01 5.682744834999999828e-01 7.905967556999999868e-01 -1.801223899999999933e-01 1.399171397160000052e-01
1.403636943701666594e+09 1.615373726899999918e+00 4.395272262999999846e+00 4.940273862999999821e-01 5.693138155000000422e-01 7.897034497999999569e-01 -1.807330114000000043e-01 1.399493458190000095e-01
1.403636943751666546e+09 1.636695423900000002e+00 4.363332104300000402e+00 4.838951342000000211e-01 5.690526786999999809e-01 7.896918445999999703e-01 -1.809613982000000121e-01 1.407793017060000040e-01
1.403636943801666498e+09 1.657194442500000031e+00 4.331234778099999794e+00 4.722906734000000273e-01 5.686915524000000222e-01 7.898551679999999964e-01 -1.805545100000000014e-01 1.418407583109999870e-01
1.403636943851666451e+09 1.676335939399999919e+00 4.298864679600000294e+00 4.595303386999999851e-01 5.679581982000000417e-01 7.908408179999999454e-01 -1.801571342000000131e-01 1.397772970879999910e-01
1.403636943901666641e+09 1.694330585399999922e+00 4.266177646200000062e+00 4.448927977000000089e-01 5.651259164999999918e-01 7.938207440000000226e-01 -1.782322201000000050e-01 1.368013179969999882e-01
1.403636943951666355e+09 1.711377731800000079e+00 4.233098219300000409e+00 4.286419369999999729e-01 5.599729371999999650e-01 7.988406176000000247e-01 -1.756365048999999900e-01 1.320446718759999971e-01
1.403636944001666546e+09 1.728210028299999923e+00 4.200196423100000409e+00 4.113896280000000072e-01 5.536256966000000501e-01 8.045628784999999672e-01 -1.728212472000000000e-01 1.277105288350000034e-01
1.403636944051666498e+09 1.745018370699999988e+00 4.167843340500000160e+00 3.942707480000000042e-01 5.472493418999999637e-01 8.101253886999999487e-01 -1.700451591000000096e-01 1.236917792960000040e-01
1.403636944101666451e+09 1.761905706000000071e+00 4.136406508800000381e+00 3.782805455000000094e-01 5.400679872000000437e-01 8.159665249999999981e-01 -1.673689393999999997e-01 1.204692386849999935e-01
1.403636944151666403e+09 1.779069039599999957e+00 4.106734525400000280e+00 3.645277331999999815e-01 5.355071240000000010e-01 8.199166811000000443e-01 -1.648052419999999907e-01 1.175073967130000063e-01
1.403636944201666594e+09 1.796768177099999919e+00 4.079379966300000326e+00 3.528802455000000227e-01 5.325527777999999879e-01 8.225826134000000511e-01 -1.619074084999999885e-01 1.163244344980000067e-01
1.403636944251666546e+09 1.814530554200000090e+00 4.054216908099999905e+00 3.435416933000000062e-01 5.316567146999999771e-01 8.238371104999999694e-01 -1.604705319999999991e-01 1.135022531640000054e-01
1.403636944301666498e+09 1.833095919500000059e+00 4.031251755000000436e+00 3.372280250999999951e-01 5.328584121999999645e-01 8.235771721000000323e-01 -1.582092706999999876e-01 1.129264397199999936e-01
1.403636944351666451e+09 1.852215562800000104e+00 4.010948765400000227e+00 3.327051815000000023e-01 5.365489737999999953e-01 8.216591576999999758e-01 -1.564911821999999952e-01 1.118120616289999952e-01
1.403636944401666641e+09 1.871938034600000078e+00 3.992833968699999847e+00 3.302045305999999902e-01 5.410629361000000026e-01 8.190673304000000154e-01 -1.548968967000000085e-01 1.112949184530000052e-01
1.403636944451666355e+09 1.892151601599999955e+00 3.975947011100000150e+00 3.290273573999999979e-01 5.463913838999999717e-01 8.158302474999999943e-01 -1.513767138000000068e-01 1.138532101810000030e-01
1.403636944501666546e+09 1.912405537900000008e+00 3.960494771600000075e+00 3.297832488999999923e-01 5.525136376999999488e-01 8.119544016999999947e-01 -1.480354101999999950e-01 1.163797539610000042e-01
1.403636944551666498e+09 1.932440388799999909e+00 3.945460220699999798e+00 3.317514540000000012e-01 5.582714257999999985e-01 8.081346188000000375e-01 -1.431953727999999981e-01 1.214353249390000000e-01
1.403636944601666451e+09 1.951566860500000056e+00 3.930894210199999961e+00 3.349662829999999758e-01 5.624749839999999557e-01 8.052675779000000311e-01 -1.383855388999999936e-01 1.265522141269999901e-01
1.403636944651666403e+09 1.969275107799999924e+00 3.916540882900000131e+00 3.389181478000000136e-01 5.648944671000000195e-01 8.036982253000000131e-01 -1.334382866999999917e-01 1.309871268530000132e-01
1.403636944701666594e+09 1.985141145600000101e+00 3.902799001600000040e+00 3.443566157999999877e-01 5.671324222000000415e-01 8.026149425999999920e-01 -1.285367648999999890e-01 1.328471665029999915e-01
1.403636944751666546e+09 1.998878570100000029e+00 3.889255713199999853e+00 3.512291316999999746e-01 5.687011038999999490e-01 8.022935749999999810e-01 -1.273487943999999927e-01 1.291756881999999995e-01
1.403636944801666498e+09 2.011094342199999829e+00 3.875849554100000205e+00 3.596456141000000106e-01 5.702178997000000304e-01 8.019829827000000133e-01 -1.269892605000000063e-01 1.246939053039999995e-01
1.403636944851666451e+09 2.022125029000000129e+00 3.862585188899999800e+00 3.697844982999999863e-01 5.718740534999999792e-01 8.014774904999999450e-01 -1.266119723999999946e-01 1.206785300849999992e-01
1.403636944901666641e+09 2.031978271999999919e+00 3.849287782799999835e+00 3.809858475999999827e-01 5.724043322999999850e-01 8.016714123000000525e-01 -1.268738185000000129e-01 1.165300869859999949e-01
1.403636944951666355e+09 2.040818003000000047e+00 3.836070035000000100e+00 3.921537890999999831e-01 5.736289970000000293e-01 8.012697207000000210e-01 -1.271140024000000091e-01 1.129541448949999971e-01
1.403636945001666546e+09 2.048954802499999950e+00 3.822692576000000120e+00 4.010736972999999761e-01 5.742020974000000555e-01 8.012129403000000094e-01 -1.263741451000000016e-01 1.112625321660000027e-01
1.403636945051666498e+09 2.056564448100000053e+00 3.810176195399999965e+00 4.070680503999999922e-01 5.746881084999999612e-01 8.011597947999999914e-01 -1.255607035999999899e-01 1.100503111120000044e-01
1.403636945101666451e+09 2.063248984399999930e+00 3.796997364100000105e+00 4.094588713999999796e-01 5.753187905000000102e-01 8.009704221000000235e-01 -1.245966691000000015e-01 1.092261063450000041e-01
1.403636945151666403e+09 2.069038001500000057e+00 3.782802917400000187e+00 4.085871224000000024e-01 5.752781600999999911e-01 8.012076618000000261e-01 -1.240373535999999971e-01 1.083330797470000023e-01
1.403636945201666594e+09 2.074125036299999891e+00 3.768161619099999804e+00 4.061232151999999984e-01 5.753951727999999655e-01 8.013029831000000325e-01 -1.231435604000000045e-01 1.080258672500000044e-01
1.403636945251666546e+09 2.078576150600000005e+00 3.753187363799999954e+00 4.030228381000000026e-01 5.757903329000000348e-01 8.011650267000000047e-01 -1.226045669000000032e-01 1.075556260509999973e-01
1.403636945301666498e+09 2.082463411900000061e+00 3.738288615100000101e+00 4.007244265000000083e-01 5.757807307000000208e-01 8.012545706999999462e-01 -1.225653656999999980e-01 1.069831494150000062e-01
1.403636945351666451e+09 2.085602656299999857e+00 3.722998262900000022e+00 4.000585066999999828e-01 5.758712459000000505e-01 8.012231171999999457e-01 -1.222950579000000038e-01 1.070408490499999976e-01
1.403636945401666641e+09 2.088002250500000212e+00 3.707238428800000207e+00 4.011553358000000125e-01 5.751715098999999887e-01 8.016937862999999886e-01 -1.220325602999999953e-01 1.075772350499999974e-01
1.403636945451666355e+09 2.089466262799999807e+00 3.691272173999999850e+00 4.042265800000000020e-01 5.754581042999999951e-01 8.014299395999999742e-01 -1.222726972999999967e-01 1.077376890130000014e-01
1.403636945501666546e+09 2.090116601600000124e+00 3.674891987800000148e+00 4.079586470000000076e-01 5.752881462000000168e-01 8.014545535999999526e-01 -1.228429669999999974e-01 1.078135091979999932e-01
1.403636945551666498e+09 2.089943601499999914e+00 3.657887892399999785e+00 4.106592996000000273e-01 5.738508758000000487e-01 8.023777327000000126e-01 -1.242654415000000040e-01 1.069731107639999984e-01
1.403636945601666451e+09 2.089170676400000204e+00 3.640393502599999831e+00 4.116419789999999912e-01 5.704105949000000120e-01 8.046726697999999622e-01 -1.257425316000000126e-01 1.064070644720000042e-01
1.403636945651666403e+09 2.087796485900000221e+00 3.622595401499999923e+00 4.105631242000000181e-01 5.647041237000000047e-01 8.085125423000000255e-01 -1.266367211999999964e-01 1.066764380739999990e-01
1.403636945701666594e+09 2.085814284500000060e+00 3.604781274500000077e+00 4.078847293000000263e-01 5.576594746999999908e-01 8.132183781999999805e-01 -1.280451572999999899e-01 1.062836642699999945e-01
1.403636945751666546e+09 2.083698418200000013e+00 3.587734599900000099e+00 4.037311786000000180e-01 5.509840071999999589e-01 8.175827913000000002e-01 -1.285984843999999905e-01 1.069459351870000047e-01
1.403636945801666498e+09 2.081244713999999885e+00 3.571841847299999984e+00 3.979773810000000189e-01 5.443274764000000099e-01 8.218929619000000519e-01 -1.295154088999999897e-01 1.068892722630000042e-01
1.403636945851666451e+09 2.078749494799999820e+00 3.557627480899999917e+00 3.916584250999999850e-01 5.409083865999999574e-01 8.239621512999999453e-01 -1.303158356000000129e-01 1.073418535250000028e-01
1.403636945901666641e+09 2.075942482599999916e+00 3.545261370400000001e+00 3.849952278000000061e-01 5.404275070999999819e-01 8.241053019999999840e-01 -1.320902344000000062e-01 1.064928671859999981e-01
1.403636945951666355e+09 2.073328550499999867e+00 3.534761654400000008e+00 3.777748917000000040e-01 5.437363066999999495e-01 8.217394825999999597e-01 -1.318082473999999948e-01 1.082665110349999987e-01
1.403636946001666546e+09 2.070384388899999983e+00 3.525809612399999793e+00 3.696718127999999992e-01 5.500103098999999940e-01 8.174059541999999512e-01 -1.315879372000000047e-01 1.096393169179999960e-01
1.403636946051666498e+09 2.067045585399999830e+00 3.517715845300000144e+00 3.604128133999999761e-01 5.558994497000000479e-01 8.131955690000000070e-01 -1.314424332999999945e-01 1.114076076740000004e-01
1.403636946101666451e+09 2.063102857800000134e+00 3.510255456899999960e+00 3.488277104999999989e-01 5.583469678000000380e-01 8.113317089999999565e-01 -1.318426515999999993e-01 1.122810609290000039e-01
1.403636946151666403e+09 2.058742157699999797e+00 3.503133408400000093e+00 3.356212855999999856e-01 5.602643285999999723e-01 8.097970963999999716e-01 -1.325470686000000120e-01 1.129770745210000038e-01
1.403636946201666594e+09 2.054004002400000140e+00 3.496557294600000088e+00 3.209406949999999981e-01 5.613812422999999718e-01 8.088084282999999930e-01 -1.338637042999999971e-01 1.129625419250000068e-01
1.403636946251666546e+09 2.049027679699999993e+00 3.490456331299999881e+00 3.047743862999999775e-01 5.634105274999999802e-01 8.071604043000000228e-01 -1.337550349000000138e-01 1.147617088050000012e-01
1.403636946301666498e+09 2.043497275000000002e+00 3.484361633399999825e+00 2.872862311000000113e-01 5.659900998000000349e-01 8.051617577999999886e-01 -1.341571092000000132e-01 1.156357244509999965e-01
1.403636946351666451e+09 2.037809736599999866e+00 3.478565599800000019e+00 2.676982734999999725e-01 5.676008677999999641e-01 8.036935697000000545e-01 -1.343211313999999879e-01 1.177443608289999999e-01
1.403636946401666641e+09 2.031054907200000148e+00 3.472934187499999936e+00 2.469607893000000109e-01 5.695117535999999481e-01 8.022032169999999685e-01 -1.356955042999999916e-01 1.171029087380000000e-01
1.403636946451666355e+09 2.023854789600000093e+00 3.467024796300000045e+00 2.242739934999999907e-01 5.695700988999999881e-01 8.018806697999999455e-01 -1.370614078999999874e-01 1.174370650340000044e-01
1.403636946501666546e+09 2.016004169999999984e+00 3.461080744499999806e+00 2.005408254999999917e-01 5.701064490999999679e-01 8.012857281999999914e-01 -1.379232424000000068e-01 1.178855277320000061e-01
1.403636946551666498e+09 2.007555695300000220e+00 3.455225893500000200e+00 1.767248352999999939e-01 5.707050122000000281e-01 8.006120129999999557e-01 -1.386763079999999981e-01 1.186805603550000060e-01
1.403636946601666451e+09 1.998344250699999991e+00 3.448635151299999979e+00 1.537666350999999931e-01 5.706217045000000487e-01 8.004398391999999474e-01 -1.393780471000000132e-01 1.194181482129999944e-01
1.403636946651666403e+09 1.988315710199999975e+00 3.441669004500000018e+00 1.316903430999999958e-01 5.693182762999999813e-01 8.011763213000000494e-01 -1.406219164999999993e-01 1.192421026190000066e-01
1.403636946701666594e+09 1.977089500800000010e+00 3.434870579100000043e+00 1.119346796999999977e-01 5.688270881000000445e-01 8.014966085000000406e-01 -1.456493906999999921e-01 1.132483353770000062e-01
1.403636946751666546e+09 1.965454122099999923e+00 3.427726330600000093e+00 9.454831219999999814e-02 5.685598469999999516e-01 8.015629561999999542e-01 -1.524330762999999977e-01 1.048841498669999955e-01
1.403636946801666498e+09 1.954013833599999916e+00 3.420600158800000123e+00 7.943551349999999900e-02 5.691042849999999875e-01 8.009116513999999798e-01 -1.595190120999999961e-01 9.599231305630000211e-02
1.403636946851666451e+09 1.943609890200000079e+00 3.412706437599999809e+00 6.512647700000000206e-02 5.687707057999999982e-01 8.008621249999999803e-01 -1.647487594000000000e-01 8.931733976080000192e-02
1.403636946901666641e+09 1.934610974499999969e+00 3.404518805199999942e+00 5.065259130000000082e-02 5.681519325999999648e-01 8.010158956999999802e-01 -1.682994416999999965e-01 8.515993295620000181e-02
1.403636946951666355e+09 1.926662218799999993e+00 3.395934951800000157e+00 3.560977409999999815e-02 5.673425203999999944e-01 8.011634748999999500e-01 -1.739981281999999907e-01 7.735762679640000028e-02
1.403636947001666546e+09 1.920736037900000026e+00 3.386517885499999991e+00 1.939219790000000151e-02 5.676218335999999587e-01 8.005102754999999792e-01 -1.785535738000000039e-01 7.146589549369999905e-02
1.403636947051666498e+09 1.917416974900000071e+00 3.376545950500000171e+00 1.848071300000000061e-03 5.668255058000000179e-01 8.007774053999999753e-01 -1.810256362000000063e-01 6.851358979890000145e-02
1.403636947101666451e+09 1.916754677499999948e+00 3.366096601899999818e+00 -1.665802629999999993e-02 5.653509998000000314e-01 8.019329072999999974e-01 -1.799287813999999874e-01 7.005349966399999906e-02
1.403636947151666403e+09 1.919175612000000086e+00 3.355061747300000174e+00 -3.519956020000000046e-02 5.627841147000000044e-01 8.041136291999999575e-01 -1.753388147999999924e-01 7.701695654079999953e-02
1.403636947201666594e+09 1.923661543399999951e+00 3.343117994800000048e+00 -5.282115319999999836e-02 5.563272840999999858e-01 8.089494760000000007e-01 -1.699686578999999864e-01 8.491968911920000362e-02
1.403636947251666546e+09 1.929824262999999984e+00 3.330711269700000088e+00 -6.907671840000000063e-02 5.484823877000000181e-01 8.145534773999999478e-01 -1.638322530999999915e-01 9.396113969600000670e-02
1.403636947301666498e+09 1.937061673100000103e+00 3.319101927799999796e+00 -8.284415039999999675e-02 5.404099213999999929e-01 8.200356465000000483e-01 -1.592720485999999935e-01 1.006532158799999938e-01
1.403636947351666451e+09 1.945077307500000074e+00 3.309468090499999793e+00 -9.363404459999999374e-02 5.333199324999999824e-01 8.247230710999999825e-01 -1.559218158000000021e-01 1.053095105269999943e-01
1.403636947401666641e+09 1.953433020400000109e+00 3.301539107700000031e+00 -1.020970139999999998e-01 5.277465580000000323e-01 8.283018226999999678e-01 -1.542394052000000126e-01 1.077490919450000001e-01
1.403636947451666355e+09 1.962596823099999943e+00 3.296401857699999827e+00 -1.081025275000000035e-01 5.249609294999999509e-01 8.300141560999999557e-01 -1.529521738000000075e-01 1.099916161029999978e-01
1.403636947501666546e+09 1.972092103400000074e+00 3.294223178599999802e+00 -1.106156499000000015e-01 5.268065341000000013e-01 8.287461807999999541e-01 -1.546471698000000117e-01 1.083461876749999969e-01
1.403636947551666498e+09 1.982362471499999890e+00 3.294360365000000179e+00 -1.111192084000000024e-01 5.308956642000000059e-01 8.259991635000000221e-01 -1.569734883999999997e-01 1.059929218309999949e-01
1.403636947601666451e+09 1.993865862200000061e+00 3.296463346099999914e+00 -1.094587375999999945e-01 5.370292741000000092e-01 8.218942210999999887e-01 -1.573902363999999943e-01 1.063849689309999957e-01
1.403636947651666403e+09 2.006087904000000144e+00 3.299646454899999970e+00 -1.068260646000000064e-01 5.412331063999999969e-01 8.191341574999999597e-01 -1.559167166000000049e-01 1.085169758630000064e-01
1.403636947701666594e+09 2.018749400099999924e+00 3.304211446700000110e+00 -1.042526931000000018e-01 5.434108430999999850e-01 8.176497056000000541e-01 -1.548822504000000044e-01 1.102955262649999990e-01
1.403636947751666546e+09 2.031923413099999909e+00 3.309636312199999875e+00 -1.027725881000000063e-01 5.444240981000000312e-01 8.169698307999999631e-01 -1.523411044000000103e-01 1.138195278770000041e-01
1.403636947801666498e+09 2.044798748199999849e+00 3.315796184099999877e+00 -1.018550052000000011e-01 5.446859359000000289e-01 8.168387955000000478e-01 -1.491254399999999980e-01 1.176996877010000053e-01
1.403636947851666451e+09 2.058003166099999781e+00 3.323151714200000217e+00 -1.030034650999999968e-01 5.447140192999999631e-01 8.167851631000000445e-01 -1.445870501000000030e-01 1.234634338969999995e-01
1.403636947901666641e+09 2.070716274600000073e+00 3.331868231500000110e+00 -1.050504792999999992e-01 5.451961116000000329e-01 8.163847009000000376e-01 -1.401495640000000042e-01 1.289779816000000134e-01
1.403636947951666355e+09 2.082505037799999847e+00 3.341865599400000164e+00 -1.081820896000000032e-01 5.459196674999999832e-01 8.159124840000000489e-01 -1.372507343000000102e-01 1.319877684580000043e-01
1.403636948001666546e+09 2.092796732200000065e+00 3.352999783000000011e+00 -1.124327281999999983e-01 5.447023498999999935e-01 8.168855065000000248e-01 -1.384450590999999897e-01 1.297319731690000089e-01
1.403636948051666498e+09 2.101979366700000185e+00 3.365048455200000177e+00 -1.179857212999999988e-01 5.426570208000000006e-01 8.184685756999999784e-01 -1.402839543999999938e-01 1.263050296700000130e-01
1.403636948101666451e+09 2.110369001800000088e+00 3.378381028699999789e+00 -1.247605710999999951e-01 5.406720121000000434e-01 8.200179390999999818e-01 -1.415166025000000050e-01 1.233588509210000045e-01
1.403636948151666403e+09 2.118597132500000146e+00 3.392657867900000124e+00 -1.326079692000000088e-01 5.397792178000000440e-01 8.207597423000000392e-01 -1.405015426000000012e-01 1.234955783760000037e-01
1.403636948201666594e+09 2.126402945800000222e+00 3.408194186799999859e+00 -1.411420583000000117e-01 5.405678967999999474e-01 8.204021168999999780e-01 -1.388763732999999945e-01 1.242580723719999974e-01
1.403636948251666546e+09 2.133498823300000069e+00 3.424981987599999833e+00 -1.505248458000000011e-01 5.409748052999999723e-01 8.203344006999999660e-01 -1.374162639000000019e-01 1.245572216520000053e-01
1.403636948301666498e+09 2.139972750400000123e+00 3.443105783400000064e+00 -1.605483202999999914e-01 5.419255148999999605e-01 8.198366374000000123e-01 -1.356032641000000094e-01 1.256836467780000077e-01
1.403636948351666451e+09 2.145772427599999865e+00 3.462433722900000177e+00 -1.714474507000000036e-01 5.427526179999999645e-01 8.194948444999999859e-01 -1.336610414999999941e-01 1.264219978480000117e-01
1.403636948401666641e+09 2.150932858100000011e+00 3.482887026699999833e+00 -1.830054362999999906e-01 5.429620985999999982e-01 8.195034035999999578e-01 -1.312350163000000070e-01 1.279988340250000078e-01
1.403636948451666355e+09 2.155045676099999863e+00 3.504465893199999904e+00 -1.951747178999999888e-01 5.433346451999999660e-01 8.194705811000000395e-01 -1.285655981000000114e-01 1.293302632240000138e-01
1.403636948501666546e+09 2.158614736700000147e+00 3.527204141599999954e+00 -2.080767354999999985e-01 5.441528800999999582e-01 8.188926087000000242e-01 -1.231105551000000048e-01 1.347454259579999869e-01
1.403636948551666498e+09 2.160772095100000012e+00 3.550986428999999944e+00 -2.214405144000000103e-01 5.455335322000000042e-01 8.177669534999999490e-01 -1.166442922999999937e-01 1.415785440529999939e-01
1.403636948601666451e+09 2.160920416100000185e+00 3.576113261600000204e+00 -2.349010223000000119e-01 5.471336816999999852e-01 8.164050440000000242e-01 -1.107882399999999962e-01 1.478293079959999978e-01
1.403636948651666403e+09 2.158439534999999854e+00 3.602329463799999854e+00 -2.473560969999999970e-01 5.488811761999999872e-01 8.149942754000000233e-01 -1.058491247000000052e-01 1.526753031770000102e-01
1.403636948701666594e+09 2.152605732600000099e+00 3.630255699400000147e+00 -2.575203689000000185e-01 5.521707756999999495e-01 8.129816594000000007e-01 -1.046244910999999944e-01 1.523875708109999894e-01
1.403636948751666546e+09 2.143349594800000091e+00 3.659220956600000019e+00 -2.656654165999999817e-01 5.550056316000000489e-01 8.116636498999999505e-01 -1.071595486000000014e-01 1.472674420700000042e-01
1.403636948801666498e+09 2.131053448099999859e+00 3.688882540399999854e+00 -2.714504899999999887e-01 5.585807605000000509e-01 8.101157824000000396e-01 -1.127397730000000015e-01 1.378031084090000080e-01
1.403636948851666451e+09 2.116803435400000044e+00 3.719401696799999879e+00 -2.749340681999999925e-01 5.622664730999999971e-01 8.082437993000000098e-01 -1.176399998000000058e-01 1.294573463960000115e-01
1.403636948901666641e+09 2.100821108199999898e+00 3.750010202899999978e+00 -2.765934518000000009e-01 5.661417778999999761e-01 8.061522443999999954e-01 -1.224897033999999968e-01 1.208235023349999993e-01
1.403636948951666355e+09 2.083497239100000176e+00 3.780647216200000216e+00 -2.768012517999999811e-01 5.703347635000000082e-01 8.036792671000000388e-01 -1.280803812999999902e-01 1.114150308149999963e-01
1.403636949001666546e+09 2.065880451600000001e+00 3.810788537200000103e+00 -2.775388260000000162e-01 5.746783863000000103e-01 8.009351375000000051e-01 -1.322752513000000074e-01 1.036866228459999983e-01
1.403636949051666498e+09 2.048678683099999898e+00 3.840201273299999940e+00 -2.800551810999999947e-01 5.766879200000000205e-01 7.997002543000000241e-01 -1.344955794999999898e-01 9.910340734210000557e-02
1.403636949101666451e+09 2.032048428399999995e+00 3.868871075199999954e+00 -2.841160678999999911e-01 5.780654531000000151e-01 7.988915564999999885e-01 -1.336920783999999973e-01 9.868658027200000182e-02
1.403636949151666403e+09 2.015605181499999787e+00 3.896434726999999931e+00 -2.895051980000000191e-01 5.781044016999999924e-01 7.990105070999999892e-01 -1.322254512000000104e-01 9.946828848010000335e-02
1.403636949201666594e+09 1.999242060700000101e+00 3.923064554699999817e+00 -2.959124586999999917e-01 5.779743346000000281e-01 7.992531261999999970e-01 -1.309899734999999954e-01 9.990863679509999484e-02
1.403636949251666546e+09 1.982911995100000047e+00 3.948806111700000177e+00 -3.038781616999999824e-01 5.769826488000000531e-01 8.000707605000000333e-01 -1.290539642000000098e-01 1.016015525230000022e-01
1.403636949301666498e+09 1.965826919600000000e+00 3.973459669699999974e+00 -3.124812491000000247e-01 5.770056573999999827e-01 8.001570517999999632e-01 -1.290610151000000094e-01 1.007790561870000046e-01
1.403636949351666451e+09 1.948452550699999897e+00 3.997611904199999788e+00 -3.219005889000000065e-01 5.780595424000000149e-01 7.995574267999999707e-01 -1.300749586000000124e-01 9.816105045379999727e-02
1.403636949401666641e+09 1.931125015999999972e+00 4.020780205800000395e+00 -3.326903455999999926e-01 5.784173528999999592e-01 7.993934354999999714e-01 -1.310403155000000042e-01 9.608296908699999472e-02
1.403636949451666355e+09 1.914046084800000047e+00 4.043087137799999731e+00 -3.447883382999999968e-01 5.790635343000000157e-01 7.990113760999999482e-01 -1.315784217000000034e-01 9.462221280099999965e-02
1.403636949501666546e+09 1.896958157200000050e+00 4.064326475099999669e+00 -3.571585520000000180e-01 5.799890521999999660e-01 7.983809250000000191e-01 -1.332004894000000106e-01 9.196862219830000129e-02
1.403636949551666498e+09 1.879982857299999921e+00 4.084551442999999615e+00 -3.692398908999999785e-01 5.800503908999999902e-01 7.983989805000000217e-01 -1.346854145999999974e-01 8.922135933800000307e-02
1.403636949601666451e+09 1.863688604800000093e+00 4.104080215699999812e+00 -3.795362127999999946e-01 5.806804393000000175e-01 7.979921519999999546e-01 -1.356927443000000011e-01 8.721371360820000251e-02
1.403636949651666403e+09 1.848194486999999997e+00 4.122632630200000037e+00 -3.886778979000000134e-01 5.784316798999999953e-01 7.996164274999999488e-01 -1.365884753999999923e-01 8.587170085199999359e-02
1.403636949701666594e+09 1.833318144199999944e+00 4.139686135399999856e+00 -3.965303702999999902e-01 5.753276183000000099e-01 8.018624602999999684e-01 -1.361316143999999895e-01 8.650381504349999306e-02
1.403636949751666546e+09 1.819363208399999987e+00 4.156317909900000274e+00 -4.022235798000000084e-01 5.713121082000000017e-01 8.047527803999999785e-01 -1.352087099000000014e-01 8.771568914980000520e-02
1.403636949801666498e+09 1.805803942000000051e+00 4.172141478800000414e+00 -4.058854145999999941e-01 5.677394001000000134e-01 8.073492307999999840e-01 -1.339505149999999922e-01 8.897444912110000215e-02
1.403636949851666451e+09 1.792421373600000090e+00 4.186759723699999824e+00 -4.085650104999999921e-01 5.629617663000000549e-01 8.106858586999999838e-01 -1.351004074000000110e-01 8.723742395899999891e-02
1.403636949901666641e+09 1.779952664699999909e+00 4.201033605200000132e+00 -4.103601230999999738e-01 5.593108936999999781e-01 8.132038033999999804e-01 -1.345633055000000078e-01 8.811137886519999907e-02
1.403636949951666355e+09 1.768026409800000032e+00 4.215372191600000207e+00 -4.108408425000000253e-01 5.559231131999999853e-01 8.155237383000000229e-01 -1.350845650999999981e-01 8.730798853530000181e-02
1.403636950001666546e+09 1.757211506300000003e+00 4.230896041500000315e+00 -4.098763981999999917e-01 5.537165759000000076e-01 8.169748866999999581e-01 -1.358834902999999927e-01 8.651973836019999364e-02
1.403636950051666498e+09 1.747377142699999997e+00 4.247368185400000051e+00 -4.076459268000000025e-01 5.510317540000000403e-01 8.187041252000000213e-01 -1.366430563000000098e-01 8.611757444049999988e-02
1.403636950101666451e+09 1.738281532100000026e+00 4.264661583199999662e+00 -4.050017429000000169e-01 5.488571359999999677e-01 8.201193813999999582e-01 -1.375825025999999895e-01 8.503587198510000056e-02
1.403636950151666403e+09 1.730419228399999954e+00 4.282659122600000146e+00 -4.031824841000000159e-01 5.477479900999999707e-01 8.208098826999999931e-01 -1.370534050999999975e-01 8.636920713369999891e-02
1.403636950201666594e+09 1.723584806499999900e+00 4.301363071499999968e+00 -4.029776833000000003e-01 5.466298201000000523e-01 8.214893205000000087e-01 -1.357345349999999895e-01 8.903522947839999369e-02
1.403636950251666546e+09 1.717437290299999919e+00 4.320841360400000219e+00 -4.040476264999999789e-01 5.469625045999999546e-01 8.212552086000000084e-01 -1.343835027999999987e-01 9.117551788809999391e-02
1.403636950301666498e+09 1.712113533299999935e+00 4.341120551700000441e+00 -4.063343562000000242e-01 5.477303828999999791e-01 8.206560182000000037e-01 -1.330630093000000069e-01 9.385820726549999604e-02
1.403636950351666451e+09 1.707127507000000044e+00 4.362417737700000409e+00 -4.092851680999999853e-01 5.498852371000000350e-01 8.191356390999999793e-01 -1.317449676000000125e-01 9.636542080490000106e-02
1.403636950401666641e+09 1.702382339399999944e+00 4.384580032799999749e+00 -4.132525729000000037e-01 5.521521511000000437e-01 8.175663981999999885e-01 -1.299999391999999976e-01 9.906160926370000119e-02
1.403636950451666355e+09 1.697912374499999988e+00 4.407558326900000267e+00 -4.180600318000000093e-01 5.556708503999999715e-01 8.151133084999999667e-01 -1.287040980999999973e-01 1.012692225029999948e-01
1.403636950501666546e+09 1.693747675700000066e+00 4.431016229099999926e+00 -4.245522132999999809e-01 5.579148055999999523e-01 8.134592951000000349e-01 -1.252125480000000068e-01 1.064747045699999950e-01
1.403636950551666498e+09 1.689212456199999934e+00 4.454858264000000290e+00 -4.318513556999999947e-01 5.604485636999999576e-01 8.115942610999999918e-01 -1.218295419999999990e-01 1.112192677069999969e-01
1.403636950601666451e+09 1.684061374999999972e+00 4.479069475100000197e+00 -4.390885456999999992e-01 5.622865830000000065e-01 8.102075709999999598e-01 -1.190056156999999976e-01 1.150441390440000017e-01
1.403636950651666403e+09 1.677606140900000042e+00 4.503307874799999944e+00 -4.450109152999999762e-01 5.631567115000000179e-01 8.095485412999999797e-01 -1.177788332999999965e-01 1.166782923670000027e-01
1.403636950701666594e+09 1.669841009099999996e+00 4.527602320399999769e+00 -4.496281327000000161e-01 5.650377810000000167e-01 8.083699339000000039e-01 -1.185003668000000066e-01 1.150131252659999936e-01
1.403636950751666546e+09 1.661276536699999973e+00 4.552211996299999619e+00 -4.523521256999999962e-01 5.669273017000000525e-01 8.071744759000000213e-01 -1.196608103999999978e-01 1.128897270930000057e-01
1.403636950801666498e+09 1.651649990599999951e+00 4.577071658700000434e+00 -4.532174385000000139e-01 5.693686004000000356e-01 8.056590810000000547e-01 -1.217108798000000047e-01 1.091755644710000056e-01
1.403636950851666451e+09 1.641101695299999941e+00 4.601097808699999625e+00 -4.529734434000000087e-01 5.703115573999999466e-01 8.051982339000000044e-01 -1.233802600000000055e-01 1.057253187059999933e-01
1.403636950901666641e+09 1.630316321200000029e+00 4.625139688500000013e+00 -4.511110610999999881e-01 5.713597856000000030e-01 8.045573795999999556e-01 -1.239282062999999962e-01 1.042939023899999984e-01
1.403636950951666355e+09 1.619192472399999971e+00 4.648692478000000072e+00 -4.480075081000000070e-01 5.715972259999999583e-01 8.044827482999999946e-01 -1.241240138999999965e-01 1.033312538169999933e-01
1.403636951001666546e+09 1.607862143700000024e+00 4.672495136900000290e+00 -4.426859389000000200e-01 5.725967362999999644e-01 8.038830080000000100e-01 -1.246534713999999933e-01 1.018164970760000038e-01
1.403636951051666498e+09 1.596110585499999956e+00 4.695649422099999803e+00 -4.347058095999999927e-01 5.737468507999999856e-01 8.031432142000000107e-01 -1.264516603999999989e-01 9.892171794710000188e-02
1.403636951101666451e+09 1.583908615599999958e+00 4.717294991000000159e+00 -4.263040276999999767e-01 5.733651902999999939e-01 8.035040281999999978e-01 -1.293292718999999869e-01 9.437994820730000178e-02
1.403636951151666403e+09 1.571789078799999961e+00 4.738365375299999904e+00 -4.187770948999999798e-01 5.710803637000000377e-01 8.051683725999999597e-01 -1.325891134999999943e-01 8.939371861400000063e-02
1.403636951201666594e+09 1.560433455399999891e+00 4.758944164599999915e+00 -4.132783845999999928e-01 5.673864030999999919e-01 8.077468613999999603e-01 -1.335416148999999941e-01 8.822876318359999803e-02
1.403636951251666546e+09 1.549776341300000082e+00 4.779239246999999580e+00 -4.098204803000000118e-01 5.636413847000000255e-01 8.103442562999999543e-01 -1.334379534000000034e-01 8.857137433520000103e-02
1.403636951301666498e+09 1.539732641000000068e+00 4.799794643600000299e+00 -4.086408706999999918e-01 5.584584544999999789e-01 8.138972422000000373e-01 -1.329559007999999987e-01 8.954419191180000570e-02
1.403636951351666451e+09 1.530192421700000027e+00 4.820575143300000143e+00 -4.091743767000000087e-01 5.538400505999999668e-01 8.170414003999999508e-01 -1.326038572000000082e-01 9.011528996890000309e-02
1.403636951401666641e+09 1.521186082500000092e+00 4.842070278399999594e+00 -4.108430212999999998e-01 5.495483567000000180e-01 8.199398637000000489e-01 -1.317957089000000026e-01 9.124206648730000258e-02
1.403636951451666355e+09 1.512937456800000025e+00 4.864331819600000273e+00 -4.133836733999999846e-01 5.471216392000000095e-01 8.215207508999999853e-01 -1.307298198000000078e-01 9.311971880439999516e-02
1.403636951501666546e+09 1.505038714999999971e+00 4.887187554599999650e+00 -4.166854668000000150e-01 5.456223230000000202e-01 8.224915032999999820e-01 -1.305660552000000030e-01 9.357624130449999911e-02
1.403636951551666498e+09 1.497605389699999900e+00 4.910929103099999971e+00 -4.206867496999999734e-01 5.452344423999999634e-01 8.226977803999999672e-01 -1.300863301000000083e-01 9.468532978870000671e-02
1.403636951601666451e+09 1.490507671600000084e+00 4.935412092299999998e+00 -4.254791408999999969e-01 5.447759764999999810e-01 8.229800939000000426e-01 -1.287717559000000067e-01 9.664747951450000651e-02
1.403636951651666403e+09 1.483662333300000080e+00 4.961055708600000003e+00 -4.305976767999999955e-01 5.458148767999999595e-01 8.222297365999999830e-01 -1.278658397000000113e-01 9.836009162900000158e-02
1.403636951701666594e+09 1.476952686700000017e+00 4.987560711699999594e+00 -4.354373383999999847e-01 5.479100631000000110e-01 8.207764938999999593e-01 -1.268244339000000054e-01 1.001802019820000056e-01
1.403636951751666546e+09 1.470428408499999895e+00 5.015659534300000111e+00 -4.387990770999999901e-01 5.507619100999999739e-01 8.188449148999999982e-01 -1.261615378000000010e-01 1.011809770499999955e-01
1.403636951801666498e+09 1.464250196999999920e+00 5.045451094499999734e+00 -4.392860922999999862e-01 5.537297585999999550e-01 8.167898275999999624e-01 -1.256982070999999868e-01 1.021650270009999972e-01
1.403636951851666451e+09 1.458283197100000095e+00 5.076004828200000318e+00 -4.377996480999999940e-01 5.561706544000000196e-01 8.150986724000000017e-01 -1.232445766000000026e-01 1.053524171909999974e-01
1.403636951901666641e+09 1.451825958499999958e+00 5.106453069899999697e+00 -4.352111982999999906e-01 5.581447542999999900e-01 8.136770127000000352e-01 -1.219109267000000052e-01 1.074331336040000029e-01
1.403636951951666355e+09 1.445151765299999891e+00 5.137113525100000189e+00 -4.321627954000000216e-01 5.591698837999999894e-01 8.128259361999999877e-01 -1.194902862000000038e-01 1.111985159710000004e-01
1.403636952001666546e+09 1.437714512699999947e+00 5.168664208500000079e+00 -4.294011202999999943e-01 5.599090157999999651e-01 8.122690763000000036e-01 -1.180391982000000006e-01 1.130822236490000021e-01
1.403636952051666498e+09 1.429269127500000014e+00 5.200557576599999621e+00 -4.274225393000000151e-01 5.607585561000000274e-01 8.115764737999999756e-01 -1.175918007999999931e-01 1.143050189480000062e-01
1.403636952101666451e+09 1.419892033800000064e+00 5.232787706999999955e+00 -4.264383053999999951e-01 5.626682498999999726e-01 8.102576264999999944e-01 -1.179445840999999995e-01 1.139126611830000024e-01
1.403636952151666403e+09 1.409630305999999944e+00 5.265091444100000295e+00 -4.271084473999999798e-01 5.640371862999999930e-01 8.093717702999999597e-01 -1.192871682000000016e-01 1.120266100630000067e-01
1.403636952201666594e+09 1.398746647699999901e+00 5.297466424299999588e+00 -4.291802489000000054e-01 5.667914187000000492e-01 8.074959107000000413e-01 -1.206464592000000002e-01 1.101919855860000047e-01
1.403636952251666546e+09 1.387307316600000062e+00 5.329712140699999878e+00 -4.328532977999999809e-01 5.693684941000000110e-01 8.057723890000000333e-01 -1.226074726000000031e-01 1.073209327399999996e-01
1.403636952301666498e+09 1.375231885899999895e+00 5.361742912200000433e+00 -4.378125099999999881e-01 5.719230615000000517e-01 8.040878985999999617e-01 -1.256406179000000012e-01 1.027672043900000054e-01
1.403636952351666451e+09 1.363057703800000020e+00 5.393304455600000047e+00 -4.441166561000000068e-01 5.745377618000000464e-01 8.022877130000000134e-01 -1.281489460000000136e-01 9.908901822860000097e-02
1.403636952401666641e+09 1.351137350599999953e+00 5.424041629000000420e+00 -4.522408854000000145e-01 5.762669204000000489e-01 8.010578361000000314e-01 -1.298603318999999867e-01 9.674230667300000308e-02
1.403636952451666355e+09 1.339399467100000019e+00 5.454020450099999806e+00 -4.620931816000000136e-01 5.778437906000000179e-01 8.000087714000000405e-01 -1.290340984999999996e-01 9.712219498250000693e-02
1.403636952501666546e+09 1.327826634700000064e+00 5.483367226300000397e+00 -4.736509801000000075e-01 5.782326792999999965e-01 7.997266243999999746e-01 -1.279642153999999976e-01 9.853656399559999890e-02
1.403636952551666498e+09 1.316154085400000007e+00 5.511921584299999566e+00 -4.863790962000000273e-01 5.777982651999999941e-01 8.000608770999999564e-01 -1.263613113000000010e-01 1.004219926119999939e-01
1.403636952601666451e+09 1.304330005399999992e+00 5.539591094300000407e+00 -4.986533447000000008e-01 5.782190339999999651e-01 7.997847465999999850e-01 -1.245118627000000033e-01 1.024885546170000022e-01
1.403636952651666403e+09 1.292124158800000089e+00 5.565776901699999613e+00 -5.093083394999999847e-01 5.787962022000000539e-01 7.993579429999999597e-01 -1.237567700999999964e-01 1.034702717960000046e-01
1.403636952701666594e+09 1.279496422000000022e+00 5.591004490799999616e+00 -5.183245048000000299e-01 5.783877686999999712e-01 7.997107761999999731e-01 -1.229097484000000046e-01 1.040358457710000017e-01
1.403636952751666546e+09 1.266373096699999978e+00 5.615458146900000003e+00 -5.264539777000000198e-01 5.766501317000000126e-01 8.009769919000000460e-01 -1.228206032000000031e-01 1.040460642060000024e-01
1.403636952801666498e+09 1.252761769499999955e+00 5.638298527599999943e+00 -5.341987606000000444e-01 5.726270118999999825e-01 8.038763239999999755e-01 -1.227634625000000035e-01 1.039725598840000043e-01
1.403636952851666451e+09 1.238693221699999958e+00 5.660958038200000431e+00 -5.405495245000000448e-01 5.694679754000000482e-01 8.061354519000000218e-01 -1.233398542999999958e-01 1.031461999800000057e-01
1.403636952901666641e+09 1.224338418499999914e+00 5.683462058900000002e+00 -5.466968053999999855e-01 5.663593304999999800e-01 8.083345631999999670e-01 -1.247055813000000069e-01 1.013945786199999949e-01
1.403636952951666355e+09 1.209796167899999997e+00 5.706128674700000403e+00 -5.539818676000000108e-01 5.625604760000000315e-01 8.109929529999999609e-01 -1.270840300999999950e-01 9.831475098330000328e-02
1.403636953001666546e+09 1.195299292999999929e+00 5.729043744200000177e+00 -5.621465708999999755e-01 5.601758517999999576e-01 8.125775392999999847e-01 -1.307111669000000087e-01 9.399653504270000237e-02
1.403636953051666498e+09 1.181072618399999996e+00 5.752129428799999999e+00 -5.716636769999999812e-01 5.584881630000000374e-01 8.136751652000000501e-01 -1.338237368999999899e-01 9.008276607220000454e-02
1.403636953101666451e+09 1.167413948000000090e+00 5.775527368899999736e+00 -5.822433182999999790e-01 5.580209954000000527e-01 8.139203864999999816e-01 -1.368243886999999936e-01 8.616994779269999960e-02
1.403636953151666403e+09 1.154739967800000100e+00 5.799059616100000092e+00 -5.945800252999999813e-01 5.570756051999999903e-01 8.145276730999999604e-01 -1.382705012999999872e-01 8.421821917270000402e-02
1.403636953201666594e+09 1.143128431999999917e+00 5.822963661000000180e+00 -6.084088776999999615e-01 5.567126357999999664e-01 8.147213620000000045e-01 -1.389366838999999965e-01 8.364652599609999351e-02
1.403636953251666546e+09 1.132644379800000101e+00 5.846796392199999914e+00 -6.232828942999999455e-01 5.561493899999999657e-01 8.151290093999999931e-01 -1.385471714000000021e-01 8.406684998839999978e-02
1.403636953301666498e+09 1.123245406899999965e+00 5.871346745600000361e+00 -6.370811885999999591e-01 5.562443823999999593e-01 8.151101800000000175e-01 -1.380329544999999991e-01 8.446588081660000302e-02
1.403636953351666451e+09 1.114938934200000009e+00 5.896430339000000131e+00 -6.496284764999999961e-01 5.559943003999999744e-01 8.153743187999999975e-01 -1.369234710999999993e-01 8.536405100480000396e-02
1.403636953401666641e+09 1.107662000799999991e+00 5.922221456199999956e+00 -6.599690975999999987e-01 5.575560395999999974e-01 8.143882406000000351e-01 -1.345427687999999899e-01 8.832496691419999824e-02
1.403636953451666355e+09 1.101069347799999987e+00 5.947665625900000030e+00 -6.690241423999999659e-01 5.589787685999999534e-01 8.134747439999999719e-01 -1.320972005999999921e-01 9.138876704880000146e-02
1.403636953501666546e+09 1.094949364899999944e+00 5.972883327499999950e+00 -6.762559157999999959e-01 5.602346530999999796e-01 8.127142682000000340e-01 -1.287476247000000074e-01 9.516670077290000085e-02
1.403636953551666498e+09 1.088848214099999989e+00 5.998134833499999985e+00 -6.818943012999999498e-01 5.618074717000000051e-01 8.117072920000000247e-01 -1.268714086999999935e-01 9.699114650310000640e-02
1.403636953601666451e+09 1.082989491500000012e+00 6.023965122199999911e+00 -6.871978676000000119e-01 5.609782269999999960e-01 8.123198962000000023e-01 -1.244676636000000003e-01 9.973773466770000096e-02
1.403636953651666403e+09 1.077129940300000088e+00 6.050284963800000249e+00 -6.908690137999999870e-01 5.591768269000000346e-01 8.136611995000000430e-01 -1.218003488999999939e-01 1.021831870049999952e-01
1.403636953701666594e+09 1.070777694300000027e+00 6.076488419800000429e+00 -6.927070985000000070e-01 5.563733772000000188e-01 8.156680431999999703e-01 -1.193780500999999938e-01 1.043225266780000021e-01
1.403636953751666546e+09 1.064075796800000084e+00 6.103832841100000017e+00 -6.923782185000000311e-01 5.545016054000000416e-01 8.170080873999999715e-01 -1.169167524000000041e-01 1.065656031039999979e-01
1.403636953801666498e+09 1.056861650100000105e+00 6.131978197999999658e+00 -6.895575613000000104e-01 5.532658795999999546e-01 8.178327629999999626e-01 -1.133744094000000008e-01 1.104204756500000023e-01
1.403636953851666451e+09 1.048905063599999909e+00 6.161168033900000118e+00 -6.847374170000000149e-01 5.536205893000000211e-01 8.176718739999999652e-01 -1.111160672000000016e-01 1.121167658129999939e-01
1.403636953901666641e+09 1.039577597699999911e+00 6.191208242100000092e+00 -6.778307665999999676e-01 5.542131522000000032e-01 8.174691981999999690e-01 -1.115348892999999952e-01 1.102354775160000050e-01
1.403636953951666355e+09 1.029386881700000034e+00 6.222426314399999825e+00 -6.694453295000000193e-01 5.547804738999999596e-01 8.172284154000000189e-01 -1.123333247999999951e-01 1.083400526600000052e-01
1.403636954001666546e+09 1.018309292899999940e+00 6.254057492700000331e+00 -6.612538167000000522e-01 5.552751770999999614e-01 8.170479649999999872e-01 -1.136664814999999995e-01 1.057451251440000017e-01
1.403636954051666498e+09 1.006779476800000017e+00 6.286071693400000271e+00 -6.540069912000000540e-01 5.560702562999999543e-01 8.166024034000000098e-01 -1.145837081999999951e-01 1.040046087600000058e-01
1.403636954101666451e+09 9.949032968000000032e-01 6.318287144700000191e+00 -6.484236142000000536e-01 5.565112075000000491e-01 8.163092734000000350e-01 -1.149560181999999958e-01 1.035353073100000049e-01
1.403636954151666403e+09 9.824101336999999656e-01 6.350527272799999956e+00 -6.438121300000000380e-01 5.573617065999999509e-01 8.157781861999999773e-01 -1.156039677999999987e-01 1.024187559910000045e-01
1.403636954201666594e+09 9.696031318000000176e-01 6.383324142500000242e+00 -6.403713801000000538e-01 5.574816495000000094e-01 8.157091261000000149e-01 -1.159301083999999954e-01 1.019462704909999962e-01
1.403636954251666546e+09 9.565315052999999734e-01 6.417033538300000117e+00 -6.377167636999999667e-01 5.559182102999999930e-01 8.167640939000000433e-01 -1.161945716000000045e-01 1.017358343619999966e-01
1.403636954301666498e+09 9.430547156999999903e-01 6.451386345400000444e+00 -6.342573301999999691e-01 5.553928514000000538e-01 8.170864300000000302e-01 -1.164088753000000059e-01 1.017719027250000019e-01
1.403636954351666451e+09 9.289758086999999609e-01 6.486156066200000403e+00 -6.294225841999999682e-01 5.546993891000000509e-01 8.174809245999999918e-01 -1.176991829000000045e-01 1.008981064819999968e-01
1.403636954401666641e+09 9.146131836999999987e-01 6.521247942699999633e+00 -6.235461154000000450e-01 5.522677106000000169e-01 8.190264131000000170e-01 -1.181608157000000048e-01 1.011638875029999968e-01
1.403636954451666355e+09 8.996754728000000423e-01 6.556782634400000198e+00 -6.156221237000000235e-01 5.517367397000000340e-01 8.192737812000000508e-01 -1.193723465999999983e-01 1.006344093000000051e-01
1.403636954501666546e+09 8.845172571999999622e-01 6.592688657400000096e+00 -6.067862096999999677e-01 5.504616337000000081e-01 8.199480408000000553e-01 -1.206216878999999964e-01 1.006360206770000043e-01
1.403636954551666498e+09 8.695593178999999617e-01 6.629764060200000308e+00 -5.972149116999999618e-01 5.502811790999999619e-01 8.198389399000000077e-01 -1.210262153000000035e-01 1.020166246140000038e-01
1.403636954601666451e+09 8.546071038000000453e-01 6.667802393599999711e+00 -5.889629222000000164e-01 5.498211131000000362e-01 8.198602032999999789e-01 -1.211898814000000046e-01 1.041105341269999984e-01
1.403636954651666403e+09 8.394987787000000035e-01 6.706769452499999673e+00 -5.836532153000000278e-01 5.509676265999999822e-01 8.187853390999999537e-01 -1.216971398000000065e-01 1.059011289070000000e-01
1.403636954701666594e+09 8.242382231999999531e-01 6.746552590400000327e+00 -5.825632201999999538e-01 5.528195283000000293e-01 8.171822757000000159e-01 -1.230538142999999945e-01 1.070581908610000049e-01
1.403636954751666546e+09 8.087568031999999851e-01 6.786812082099999976e+00 -5.853956804000000069e-01 5.560320445999999972e-01 8.146503581999999799e-01 -1.245534538999999996e-01 1.079796110520000046e-01
1.403636954801666498e+09 7.928198704000000152e-01 6.827468271799999933e+00 -5.907839353999999599e-01 5.590156602000000419e-01 8.122342107000000144e-01 -1.264198125000000061e-01 1.086052930199999933e-01
1.403636954851666451e+09 7.767425030000000286e-01 6.868517257199999726e+00 -5.980007700999999676e-01 5.618439626000000242e-01 8.098523099000000114e-01 -1.277052925999999922e-01 1.102812586600000061e-01
1.403636954901666641e+09 7.600081064999999469e-01 6.909558747900000242e+00 -6.069082960999999665e-01 5.643721641000000178e-01 8.077364945999999657e-01 -1.301182770000000044e-01 1.100683865020000013e-01
1.403636954951666355e+09 7.429265586000000088e-01 6.950182768200000361e+00 -6.175118645999999600e-01 5.665573038000000228e-01 8.057876483999999451e-01 -1.323425320000000127e-01 1.104741662650000067e-01
1.403636955001666546e+09 7.255045184999999730e-01 6.990170861000000180e+00 -6.296083779000000158e-01 5.676472445000000366e-01 8.045587372000000403e-01 -1.333204582999999999e-01 1.126388016799999975e-01
1.403636955051666498e+09 7.077383225000000166e-01 7.029556767899999947e+00 -6.422117670000000444e-01 5.672217757999999943e-01 8.044029444000000417e-01 -1.346351736999999993e-01 1.143185469670000010e-01
1.403636955101666451e+09 6.896007857000000518e-01 7.068150678800000364e+00 -6.539722999000000536e-01 5.660515331000000039e-01 8.047182099999999894e-01 -1.354599639000000078e-01 1.168968032519999978e-01
1.403636955151666403e+09 6.711174398999999458e-01 7.106828473600000251e+00 -6.639930539999999715e-01 5.654538188000000076e-01 8.046520223999999999e-01 -1.359437424000000116e-01 1.196511619160000039e-01
1.403636955201666594e+09 6.521679298000000458e-01 7.145697308999999997e+00 -6.722362710999999491e-01 5.646679717000000487e-01 8.046858422999999538e-01 -1.375056362000000032e-01 1.213382751039999985e-01
1.403636955251666546e+09 6.326487279000000408e-01 7.184907563600000380e+00 -6.775710029000000523e-01 5.649707079000000354e-01 8.039677865000000034e-01 -1.400890265999999995e-01 1.217331595839999947e-01
1.403636955301666498e+09 6.126814085999999770e-01 7.223983431399999766e+00 -6.818027129999999492e-01 5.651361014000000349e-01 8.033055422999999529e-01 -1.418121029999999949e-01 1.233317481350000022e-01
1.403636955351666451e+09 5.922234883000000449e-01 7.262755950099999858e+00 -6.840553930999999643e-01 5.650463475000000457e-01 8.027975579999999667e-01 -1.428578366999999905e-01 1.258186968999999988e-01
1.403636955401666641e+09 5.709728094999999559e-01 7.301304717099999841e+00 -6.851041835000000191e-01 5.652013460999999461e-01 8.022196536000000266e-01 -1.449697759999999946e-01 1.263915731949999954e-01
1.403636955451666355e+09 5.492907649999999586e-01 7.339645364199999911e+00 -6.865569161000000253e-01 5.647482989000000009e-01 8.020675510000000452e-01 -1.457593983999999898e-01 1.284569978210000074e-01
1.403636955501666546e+09 5.270520036000000408e-01 7.378061039200000337e+00 -6.892962929999999488e-01 5.642557990000000023e-01 8.020546224000000279e-01 -1.470351709999999923e-01 1.292456362009999915e-01
1.403636955551666498e+09 5.045662263000000314e-01 7.416852108299999635e+00 -6.937777175999999546e-01 5.638568825999999978e-01 8.019848716999999905e-01 -1.479653397000000037e-01 1.303531347909999971e-01
1.403636955601666451e+09 4.812853133000000172e-01 7.455284707099999686e+00 -6.994893177000000017e-01 5.639020413999999981e-01 8.016396041000000139e-01 -1.492660487999999952e-01 1.307978572579999998e-01
1.403636955651666403e+09 4.574954964999999873e-01 7.493182644600000053e+00 -7.064709516999999606e-01 5.633640784000000234e-01 8.016971940999999546e-01 -1.499288307999999958e-01 1.319995072569999928e-01
1.403636955701666594e+09 4.331442200000000242e-01 7.530767188499999598e+00 -7.134237131999999759e-01 5.633791374000000074e-01 8.014662187000000104e-01 -1.507226410999999988e-01 1.324331277649999916e-01
1.403636955751666546e+09 4.081765061000000028e-01 7.568023219899999710e+00 -7.195584587000000143e-01 5.629607290000000486e-01 8.015931964000000409e-01 -1.516300882999999933e-01 1.324080112849999880e-01
1.403636955801666498e+09 3.829214403000000266e-01 7.605492022099999971e+00 -7.240239143000000155e-01 5.629404646000000234e-01 8.014158827999999790e-01 -1.514999097999999988e-01 1.337101100549999977e-01
1.403636955851666451e+09 3.570068853999999736e-01 7.642869834599999912e+00 -7.265406782000000119e-01 5.624783559999999571e-01 8.016077094000000347e-01 -1.532187641999999961e-01 1.325412750409999951e-01
1.403636955901666641e+09 3.305272208000000211e-01 7.680089813999999571e+00 -7.266251200000000132e-01 5.630577554000000262e-01 8.011648332999999900e-01 -1.556682373999999924e-01 1.298779187269999968e-01
1.403636955951666355e+09 3.035472719999999791e-01 7.716773883500000153e+00 -7.247881159000000295e-01 5.630728056999999565e-01 8.010463419000000140e-01 -1.596637820000000041e-01 1.256234465590000127e-01
1.403636956001666546e+09 2.765628167999999998e-01 7.752273801300000322e+00 -7.202000457999999661e-01 5.645249423999999516e-01 7.999009207999999704e-01 -1.644566821000000012e-01 1.201003996669999935e-01
1.403636956051666498e+09 2.500781778999999760e-01 7.787537677999999630e+00 -7.136021501999999517e-01 5.659432783000000189e-01 7.986474941000000216e-01 -1.695692320999999947e-01 1.145279939779999950e-01
1.403636956101666451e+09 2.242113421999999967e-01 7.821788659800000154e+00 -7.053093809999999575e-01 5.672791070999999574e-01 7.974607338000000434e-01 -1.741403384999999915e-01 1.092059301100000018e-01
1.403636956151666403e+09 1.995839087000000067e-01 7.854770081299999873e+00 -6.970812252000000431e-01 5.669420628000000351e-01 7.974500855999999693e-01 -1.768441444999999945e-01 1.066593033739999946e-01
1.403636956201666594e+09 1.759804631999999924e-01 7.886971138999999908e+00 -6.897089441999999515e-01 5.676206065000000134e-01 7.966678624999999903e-01 -1.795448179999999949e-01 1.043591028660000031e-01
1.403636956251666546e+09 1.537197282999999970e-01 7.918580908400000062e+00 -6.845454280999999641e-01 5.674969642999999619e-01 7.964833140000000533e-01 -1.809669242999999983e-01 1.039831635409999983e-01
1.403636956301666498e+09 1.328326874999999907e-01 7.949352026399999716e+00 -6.818730988000000215e-01 5.663406190999999978e-01 7.971817122000000033e-01 -1.795036369999999937e-01 1.074153858260000066e-01
1.403636956351666451e+09 1.133669405999999935e-01 7.979316593200000085e+00 -6.814246196000000033e-01 5.654650672000000045e-01 7.976551173000000494e-01 -1.755449998999999983e-01 1.148021102970000068e-01
1.403636956401666641e+09 9.445422559999999690e-02 8.008621600899999748e+00 -6.827326157999999978e-01 5.636134527999999699e-01 7.989028394999999616e-01 -1.717960011000000120e-01 1.207487590090000062e-01
1.403636956451666355e+09 7.588535020000000686e-02 8.037816346299999637e+00 -6.849249091000000345e-01 5.634591234000000393e-01 7.989297180000000109e-01 -1.678475181000000094e-01 1.266978003860000090e-01
1.403636956501666546e+09 5.710085499999999897e-02 8.066984658699999144e+00 -6.885753916000000308e-01 5.637021023999999603e-01 7.989357231999999476e-01 -1.641799216000000006e-01 1.303326638600000031e-01
1.403636956551666498e+09 3.737655649999999802e-02 8.096350458299999886e+00 -6.923950131999999646e-01 5.674728275000000544e-01 7.970626146000000523e-01 -1.605510092999999916e-01 1.299582697239999862e-01
1.403636956601666451e+09 1.669037589999999849e-02 8.125061421899999914e+00 -6.974174942999999960e-01 5.714229208000000115e-01 7.955213924999999797e-01 -1.575900868000000010e-01 1.256460277030000128e-01
1.403636956651666403e+09 -4.854090200000000209e-03 8.152914996299999828e+00 -7.035161461000000171e-01 5.756092361000000324e-01 7.941818179999999838e-01 -1.548945426999999986e-01 1.181394429350000053e-01
1.403636956701666594e+09 -2.717844770000000035e-02 8.179731050299999140e+00 -7.108520028999999463e-01 5.789885064999999997e-01 7.937774134999999731e-01 -1.523304364999999994e-01 1.071688636569999992e-01
1.403636956751666546e+09 -4.943257229999999808e-02 8.204871932799999712e+00 -7.185728703000000550e-01 5.801604325000000451e-01 7.951915805999999476e-01 -1.478662453000000043e-01 9.601976994180000391e-02
1.403636956801666498e+09 -7.112406770000000156e-02 8.228668463300000013e+00 -7.249666103999999889e-01 5.810279493000000128e-01 7.969722084999999456e-01 -1.417853778000000009e-01 8.449099078550000030e-02
1.403636956851666451e+09 -9.211004759999999458e-02 8.250775141900000165e+00 -7.296874271000000078e-01 5.807781430999999772e-01 7.997044366000000126e-01 -1.333142367000000050e-01 7.346343854539999496e-02
1.403636956901666641e+09 -1.117934195000000047e-01 8.271298562200000148e+00 -7.329409112000000448e-01 5.798296955999999724e-01 8.029545220999999566e-01 -1.217934365999999990e-01 6.502244519519999322e-02
1.403636956951666355e+09 -1.300761118000000049e-01 8.291128085300000450e+00 -7.340019089000000552e-01 5.804399409999999593e-01 8.049393539000000430e-01 -1.082117279999999931e-01 5.875656017789999963e-02
1.403636957001666546e+09 -1.473978894000000095e-01 8.309628389700000284e+00 -7.335954933999999650e-01 5.805888013000000125e-01 8.071036609999999722e-01 -9.317610739999999947e-02 5.308989776490000145e-02
1.403636957051666498e+09 -1.637500675999999933e-01 8.326835306499999589e+00 -7.312730629999999454e-01 5.813050642000000545e-01 8.085846236000000520e-01 -7.691969240000000319e-02 4.856634417329999676e-02
1.403636957101666451e+09 -1.796564230999999900e-01 8.343557638000000054e+00 -7.265997851000000063e-01 5.816863476000000421e-01 8.099704092999999716e-01 -6.092273959999999766e-02 4.332838439669999681e-02
1.403636957151666403e+09 -1.952314863000000067e-01 8.359264075000000460e+00 -7.208650234000000268e-01 5.810488098999999629e-01 8.117109704999999620e-01 -4.523052660000000114e-02 3.823323684649999887e-02
1.403636957201666594e+09 -2.104987928000000008e-01 8.374261323000000701e+00 -7.135538645000000235e-01 5.808085401000000481e-01 8.127722924000000404e-01 -3.136160080000000017e-02 3.284951368269999755e-02
1.403636957251666546e+09 -2.255692253000000091e-01 8.388915712499999344e+00 -7.047973538999999787e-01 5.809826363000000216e-01 8.132304449999999685e-01 -2.029346590000000172e-02 2.652536482020000086e-02
1.403636957301666498e+09 -2.402942432000000073e-01 8.403180839999999208e+00 -6.968443669999999646e-01 5.800549565000000518e-01 8.142278470999999573e-01 -1.119959310000000034e-02 2.106726052400000049e-02
1.403636957351666451e+09 -2.547686071999999968e-01 8.417218088600000314e+00 -6.900030147000000280e-01 5.798802542000000004e-01 8.145322787000000009e-01 -3.235280899999999973e-03 1.629695372730000091e-02
1.403636957401666641e+09 -2.692854434999999991e-01 8.430907864499999960e+00 -6.849906505999999728e-01 5.796379452000000043e-01 8.147962063000000477e-01 2.497463699999999918e-03 1.098896302329999998e-02
1.403636957451666355e+09 -2.836123490999999941e-01 8.444405891900000682e+00 -6.820012316000000352e-01 5.794540915000000458e-01 8.149406471000000263e-01 7.342409999999999735e-03 7.126469736560000351e-03
1.403636957501666546e+09 -2.981133407000000068e-01 8.457984028800000331e+00 -6.809361543999999933e-01 5.795723269000000455e-01 8.148489596000000335e-01 1.030286679999999934e-02 3.307862824230000179e-03
1.403636957551666498e+09 -3.126737574999999825e-01 8.471192227899999594e+00 -6.817727259000000428e-01 5.792738486999999825e-01 8.150284026999999876e-01 1.304717929999999956e-02 -5.311287479910000451e-04
1.403636957601666451e+09 -3.272221370000000240e-01 8.484121475900000320e+00 -6.843297646999999539e-01 5.797056091000000189e-01 8.146481549999999849e-01 1.636993100000000076e-02 -4.670733504190000343e-03
1.403636957651666403e+09 -3.418195687000000205e-01 8.496591361400000153e+00 -6.889535296000000031e-01 5.796094889999999777e-01 8.145844439999999631e-01 2.053855669999999842e-02 -9.120933987169999729e-03
1.403636957701666594e+09 -3.563928615999999994e-01 8.508465643999999273e+00 -6.953059587000000041e-01 5.797068451000000344e-01 8.142989690999999919e-01 2.546078969999999997e-02 -1.445374957219999930e-02
1.403636957751666546e+09 -3.711242524999999737e-01 8.519712998899999334e+00 -7.031783284999999495e-01 5.789202513000000216e-01 8.145035452000000120e-01 3.149380370000000318e-02 -2.105843723919999938e-02
1.403636957801666498e+09 -3.859645608999999755e-01 8.530313121000000720e+00 -7.122232160999999451e-01 5.776831580000000299e-01 8.147678988000000011e-01 3.964129799999999842e-02 -2.939400497560000144e-02
1.403636957851666451e+09 -4.006011629999999824e-01 8.540093903400000741e+00 -7.221304343000000125e-01 5.765514514999999784e-01 8.146300856000000534e-01 4.948301129999999742e-02 -3.895739864089999699e-02
1.403636957901666641e+09 -4.150287539999999997e-01 8.549197727799999313e+00 -7.329240906999999750e-01 5.753859020999999574e-01 8.141193346999999747e-01 6.128732779999999936e-02 -4.883273532020000057e-02
1.403636957951666355e+09 -4.287815700000000008e-01 8.557273647100000602e+00 -7.431877597999999585e-01 5.742092306999999618e-01 8.131945114999999946e-01 7.465828160000000102e-02 -5.851996983379999934e-02
1.403636958001666546e+09 -4.419593706000000122e-01 8.564684173299999870e+00 -7.519526591999999843e-01 5.730249452000000243e-01 8.117981157000000447e-01 8.838379879999999633e-02 -6.938685482299999929e-02
1.403636958051666498e+09 -4.544137836000000097e-01 8.572486010900000508e+00 -7.587121789999999866e-01 5.710077109000000206e-01 8.106589758000000145e-01 1.018648260999999999e-01 -8.003609343289999623e-02
1.403636958101666451e+09 -4.659612898000000114e-01 8.580705823700000678e+00 -7.637787866999999897e-01 5.695827475000000417e-01 8.088506582000000167e-01 1.163003224000000030e-01 -8.837613666570000304e-02
1.403636958151666403e+09 -4.765706330000000213e-01 8.589504587100000421e+00 -7.669398010000000321e-01 5.677510875000000290e-01 8.073711278999999852e-01 1.289178316000000046e-01 -9.586843674910000557e-02
1.403636958201666594e+09 -4.867341680999999753e-01 8.599164800100000505e+00 -7.677163607000000445e-01 5.656285775999999599e-01 8.061141401000000428e-01 1.395364182999999925e-01 -1.037973669299999957e-01
1.403636958251666546e+09 -4.959135170000000259e-01 8.608592895499999287e+00 -7.649300246000000358e-01 5.644953617000000312e-01 8.041473466999999875e-01 1.498549027999999950e-01 -1.106143729229999983e-01
1.403636958301666498e+09 -5.042344733000000412e-01 8.617642518300000276e+00 -7.605420533000000205e-01 5.640132759000000551e-01 8.016440767000000411e-01 1.600442163999999945e-01 -1.167974641250000001e-01
1.403636958351666451e+09 -5.118695650000000263e-01 8.626811345800000197e+00 -7.546836647000000342e-01 5.620246893000000465e-01 8.002203206000000346e-01 1.702205529999999967e-01 -1.216579241169999936e-01
1.403636958401666641e+09 -5.185035327000000471e-01 8.636479478400000076e+00 -7.471000707999999602e-01 5.609767732999999534e-01 7.985017147999999843e-01 1.794653838999999973e-01 -1.244678561219999952e-01
1.403636958451666355e+09 -5.247034015000000551e-01 8.646216890599999871e+00 -7.375512049000000347e-01 5.599665589000000221e-01 7.971668156000000227e-01 1.862436615999999989e-01 -1.275767199720000133e-01
1.403636958501666546e+09 -5.303284651999999877e-01 8.655957291300000023e+00 -7.290439647999999995e-01 5.584148784000000365e-01 7.965418992999999670e-01 1.922674278000000014e-01 -1.293331450940000127e-01
1.403636958551666498e+09 -5.358593633999999550e-01 8.666280015499999934e+00 -7.216796877000000165e-01 5.577806127000000114e-01 7.957028622999999801e-01 1.967129609999999917e-01 -1.305440694170000027e-01
1.403636958601666451e+09 -5.414933855000000351e-01 8.676969337499999213e+00 -7.154176897999999785e-01 5.576659662999999822e-01 7.948445052999999483e-01 1.993191229000000064e-01 -1.322980335349999981e-01
1.403636958651666403e+09 -5.470406963999999705e-01 8.688197079600000095e+00 -7.100422829000000435e-01 5.574412506000000489e-01 7.943172134000000550e-01 2.016124126000000127e-01 -1.329355171449999873e-01
1.403636958701666594e+09 -5.526245918000000090e-01 8.699944147400000105e+00 -7.053368059000000301e-01 5.580511123000000406e-01 7.935277146000000448e-01 2.030639917000000017e-01 -1.328824199120000049e-01
1.403636958751666546e+09 -5.578627033999999929e-01 8.711478542200000064e+00 -7.017531696000000041e-01 5.582293512999999541e-01 7.932504709000000043e-01 2.039301614000000040e-01 -1.324619607560000023e-01
1.403636958801666498e+09 -5.633867736000000015e-01 8.723293865400000513e+00 -6.989356662000000275e-01 5.582124193999999928e-01 7.932209176000000195e-01 2.039085364999999872e-01 -1.327432839269999942e-01
1.403636958851666451e+09 -5.692647786000000210e-01 8.735392732399999360e+00 -6.971275672000000201e-01 5.580108777000000186e-01 7.934742729000000550e-01 2.035511908000000036e-01 -1.326248518610000093e-01
1.403636958901666641e+09 -5.749484502999999691e-01 8.747725814900000785e+00 -6.969993594000000181e-01 5.576033988999999913e-01 7.940581679999999531e-01 2.037189641999999912e-01 -1.305705133860000089e-01
1.403636958951666355e+09 -5.808351509000000412e-01 8.760546682799999374e+00 -6.978629845999999581e-01 5.582478685999999746e-01 7.939924570999999931e-01 2.034360560000000040e-01 -1.286431747600000064e-01
1.403636959001666546e+09 -5.869687339000000392e-01 8.773210246499999698e+00 -7.001925555000000356e-01 5.582722946000000519e-01 7.943749766000000045e-01 2.024468097000000077e-01 -1.277330455010000088e-01
1.403636959051666498e+09 -5.933122071999999969e-01 8.785959990400000308e+00 -7.041054259000000259e-01 5.581996944999999544e-01 7.948405181000000042e-01 2.014695129999999890e-01 -1.266952530619999961e-01
1.403636959101666451e+09 -5.997534686000000059e-01 8.798409362799999300e+00 -7.095629220000000403e-01 5.572074702000000546e-01 7.959531977999999564e-01 2.001814094000000099e-01 -1.261179820620000058e-01
1.403636959151666403e+09 -6.066539598000000311e-01 8.811135370300000602e+00 -7.162752479999999755e-01 5.569476704000000389e-01 7.965289318999999590e-01 1.986495298000000020e-01 -1.260528356199999978e-01
1.403636959201666594e+09 -6.138151643000000490e-01 8.824076718000000596e+00 -7.244255842000000278e-01 5.572816417999999494e-01 7.966605311000000134e-01 1.978748453999999990e-01 -1.249588549870000037e-01
1.403636959251666546e+09 -6.211064225000000327e-01 8.836987296000000214e+00 -7.338955840999999980e-01 5.580919810000000147e-01 7.964162546999999925e-01 1.975998643999999915e-01 -1.233238968779999944e-01
1.403636959301666498e+09 -6.286047720999999866e-01 8.850102098100000703e+00 -7.448686714000000153e-01 5.593000864999999600e-01 7.959059971999999927e-01 1.984877686000000030e-01 -1.196647923490000015e-01
1.403636959351666451e+09 -6.364145722999999810e-01 8.862899509200000026e+00 -7.572719032000000405e-01 5.603377586000000132e-01 7.953498423999999511e-01 2.001586311000000118e-01 -1.156578876079999985e-01
1.403636959401666641e+09 -6.450234919999999761e-01 8.875469503699999763e+00 -7.708690819000000305e-01 5.612073161999999726e-01 7.950158326999999803e-01 2.002431084000000083e-01 -1.135731986070000060e-01
1.403636959451666355e+09 -6.544678860000000542e-01 8.887764349099999350e+00 -7.858112930999999746e-01 5.628194748999999497e-01 7.940276205999999837e-01 2.006236422000000075e-01 -1.118236581520000023e-01
1.403636959501666546e+09 -6.646595032000000014e-01 8.899568913899999600e+00 -8.017148741999999828e-01 5.648574583000000038e-01 7.927935644000000392e-01 2.002930494000000061e-01 -1.108923368340000021e-01
1.403636959551666498e+09 -6.759958831000000279e-01 8.910571336700000344e+00 -8.167305041000000321e-01 5.670979441000000287e-01 7.914846414999999746e-01 1.972177367999999875e-01 -1.142678800350000051e-01
1.403636959601666451e+09 -6.877594008999999842e-01 8.921069725200000633e+00 -8.307791657999999968e-01 5.693301130000000265e-01 7.901643968999999545e-01 1.938988376999999930e-01 -1.179266253699999961e-01
1.403636959651666403e+09 -6.993998367999999521e-01 8.930973006500000366e+00 -8.438745485999999962e-01 5.695549829999999591e-01 7.901715414000000104e-01 1.924755626000000108e-01 -1.191184883680000001e-01
1.403636959701666594e+09 -7.108404444999999461e-01 8.940241500599999114e+00 -8.552379613999999686e-01 5.680256573999999947e-01 7.915804405999999904e-01 1.909378191999999974e-01 -1.195408207090000036e-01
1.403636959751666546e+09 -7.232860448000000275e-01 8.950600701899999123e+00 -8.638385468000000511e-01 5.667363140000000188e-01 7.927854782000000045e-01 1.894923571000000084e-01 -1.199740911010000050e-01
1.403636959801666498e+09 -7.357453147000000415e-01 8.960670746199999925e+00 -8.700815022000000232e-01 5.652359169999999766e-01 7.940123100000000544e-01 1.891626852000000136e-01 -1.194583115539999962e-01
1.403636959851666451e+09 -7.479225160000000372e-01 8.969463518899999599e+00 -8.742559466999999529e-01 5.644035954999999660e-01 7.947924362999999603e-01 1.882147359999999936e-01 -1.197028728469999997e-01
1.403636959901666641e+09 -7.597940028999999873e-01 8.977821913099999662e+00 -8.772153974999999937e-01 5.631800769999999456e-01 7.959092362999999892e-01 1.877555580999999973e-01 -1.187625312610000039e-01
1.403636959951666355e+09 -7.715228556000000015e-01 8.985419908900000863e+00 -8.780930683000000014e-01 5.624855201999999776e-01 7.964937422000000211e-01 1.875807623999999896e-01 -1.184112146290000056e-01
1.403636960001666546e+09 -7.833899861999999992e-01 8.992987117800000263e+00 -8.768191020000000169e-01 5.622891678000000448e-01 7.967505097000000536e-01 1.868242327000000091e-01 -1.188117133010000021e-01
1.403636960051666498e+09 -7.952004606999999448e-01 9.000720607099999881e+00 -8.745664204999999969e-01 5.623495369000000021e-01 7.967599544000000256e-01 1.869000994999999998e-01 -1.183424110880000046e-01
1.403636960101666451e+09 -8.074463651000000075e-01 9.008791807699999765e+00 -8.708016691000000087e-01 5.626466304999999668e-01 7.965790859000000390e-01 1.865846174999999940e-01 -1.186453105270000030e-01
1.403636960151666403e+09 -8.195455713000000530e-01 9.017032650599999144e+00 -8.665276727999999817e-01 5.629969649999999604e-01 7.963947509000000036e-01 1.874493378000000043e-01 -1.168441864249999962e-01
1.403636960201666594e+09 -8.318998418999999922e-01 9.025108825200000240e+00 -8.630625852000000098e-01 5.631398405999999968e-01 7.962414563999999917e-01 1.884309570000000100e-01 -1.156150404040000024e-01
1.403636960251666546e+09 -8.439941428999999662e-01 9.032987252899999930e+00 -8.610123222000000132e-01 5.644942895000000238e-01 7.951537981999999838e-01 1.922351474000000005e-01 -1.101012376330000042e-01
1.403636960301666498e+09 -8.568443186999999961e-01 9.040778345499999702e+00 -8.604741944999999559e-01 5.648714501999999582e-01 7.947986629000000081e-01 1.945534146000000020e-01 -1.066034662369999969e-01
1.403636960351666451e+09 -8.704452710000000204e-01 9.048351978299999487e+00 -8.608641956000000484e-01 5.659575293999999923e-01 7.938954021999999888e-01 1.966230981000000044e-01 -1.037377590999999932e-01
1.403636960401666641e+09 -8.849683528999999771e-01 9.055883271000000789e+00 -8.618664955999999489e-01 5.682476894000000334e-01 7.921725996999999797e-01 1.973806741999999947e-01 -1.029466134400000010e-01
1.403636960451666355e+09 -9.006323142000000059e-01 9.062641929899999838e+00 -8.638543679000000308e-01 5.706917128999999811e-01 7.899788214999999836e-01 1.988998744000000096e-01 -1.033599068219999972e-01
1.403636960501666546e+09 -9.171575328000000082e-01 9.068489005700000050e+00 -8.667515301999999533e-01 5.729422520000000407e-01 7.875602508000000279e-01 2.015532522000000049e-01 -1.042224240179999983e-01
1.403636960551666498e+09 -9.346397776999999518e-01 9.073221679899999614e+00 -8.708511102999999531e-01 5.747092518999999955e-01 7.853183126999999653e-01 2.047921755999999871e-01 -1.050932362419999960e-01
1.403636960601666451e+09 -9.530310651000000188e-01 9.076802703300000275e+00 -8.759692067000000026e-01 5.762546801000000274e-01 7.831795029000000463e-01 2.081866131000000009e-01 -1.059185728080000027e-01
1.403636960651666403e+09 -9.724074338000000539e-01 9.079280897500000336e+00 -8.819408547000000542e-01 5.771107670999999772e-01 7.816937327999999852e-01 2.099971928999999904e-01 -1.086243510669999968e-01
1.403636960701666594e+09 -9.927718320999999735e-01 9.080459150899999443e+00 -8.886565289000000201e-01 5.758715300000000203e-01 7.819446842999999703e-01 2.093887644000000103e-01 -1.144151957829999955e-01
1.403636960751666546e+09 -1.013668084300000105e+00 9.080205561599999697e+00 -8.964792352999999547e-01 5.729344050000000355e-01 7.834697106000000355e-01 2.081028873000000112e-01 -1.208907296739999970e-01
1.403636960801666498e+09 -1.034814472799999940e+00 9.078783645599999730e+00 -9.054501147000000305e-01 5.694995095999999535e-01 7.848494611999999870e-01 2.087004635999999969e-01 -1.269871970260000038e-01
1.403636960851666451e+09 -1.056308763699999931e+00 9.076481484600000371e+00 -9.152436474999999794e-01 5.664520342000000097e-01 7.852156217000000327e-01 2.114752584000000046e-01 -1.335916741479999947e-01
1.403636960901666641e+09 -1.077917685599999897e+00 9.073430001500000230e+00 -9.256039299999999637e-01 5.633707502000000478e-01 7.848105789000000554e-01 2.170118446000000034e-01 -1.399700408170000132e-01
1.403636960951666355e+09 -1.099517036399999981e+00 9.069543891400000390e+00 -9.354152484000000101e-01 5.606313961000000123e-01 7.834604029999999719e-01 2.245804848999999881e-01 -1.464439840929999959e-01
1.403636961001666546e+09 -1.121300633599999985e+00 9.065253905500000542e+00 -9.437962437000000371e-01 5.591990950999999876e-01 7.803060615000000366e-01 2.344257146000000014e-01 -1.531776967169999892e-01
1.403636961051666498e+09 -1.143071041000000010e+00 9.060569993399999689e+00 -9.506762053999999740e-01 5.573745214999999975e-01 7.769437681999999956e-01 2.446741501999999957e-01 -1.607065151410000114e-01
1.403636961101666451e+09 -1.164694862800000008e+00 9.055142897699999693e+00 -9.560409200999999690e-01 5.549124934000000398e-01 7.736679576999999641e-01 2.547442871999999747e-01 -1.691607637429999866e-01
1.403636961151666403e+09 -1.185924821600000012e+00 9.049145136299999947e+00 -9.596144141000000349e-01 5.526355786000000103e-01 7.697871669000000416e-01 2.652017707000000057e-01 -1.780158861059999986e-01
1.403636961201666594e+09 -1.206421125799999938e+00 9.042718185500000061e+00 -9.622890079999999458e-01 5.493791568000000458e-01 7.662269176999999543e-01 2.765900345999999788e-01 -1.859483947470000065e-01
1.403636961251666546e+09 -1.226798144900000054e+00 9.036222378199999739e+00 -9.631243393999999736e-01 5.461589684000000000e-01 7.625290190000000301e-01 2.869494850000000041e-01 -1.947302481779999983e-01
1.403636961301666498e+09 -1.247073413300000100e+00 9.030457049200000696e+00 -9.621690575000000356e-01 5.438380117000000125e-01 7.583521094999999823e-01 2.980982173999999763e-01 -2.006981509690000109e-01
1.403636961351666451e+09 -1.267110984899999959e+00 9.024938835500000422e+00 -9.591564649999999581e-01 5.424548162000000229e-01 7.540569898000000215e-01 3.074539767999999729e-01 -2.064288756369999922e-01
1.403636961401666641e+09 -1.286754269800000072e+00 9.019274534499999163e+00 -9.536621981999999775e-01 5.404860285999999459e-01 7.506451687999999844e-01 3.154758685999999868e-01 -2.118529202389999866e-01
1.403636961451666355e+09 -1.305084185099999905e+00 9.012839938500000869e+00 -9.463801379999999819e-01 5.388356522999999676e-01 7.477136175999999912e-01 3.220160189999999867e-01 -2.165321437740000132e-01
1.403636961501666546e+09 -1.323242075100000026e+00 9.006474796299999142e+00 -9.373913910000000183e-01 5.365517010000000475e-01 7.456894735000000329e-01 3.274200715999999733e-01 -2.210329792730000020e-01
1.403636961551666498e+09 -1.341576252899999933e+00 9.000237182999999419e+00 -9.264778141999999717e-01 5.348526490999999661e-01 7.429952746000000330e-01 3.331907940000000123e-01 -2.255538968130000044e-01
1.403636961601666451e+09 -1.359439816100000087e+00 8.993516313200000667e+00 -9.137429118000000017e-01 5.326522389000000191e-01 7.402828184999999950e-01 3.392060736999999992e-01 -2.306559787889999880e-01
1.403636961651666403e+09 -1.376877238600000108e+00 8.986417446300000833e+00 -8.995685712000000001e-01 5.303377922999999994e-01 7.373297064999999595e-01 3.452495184000000106e-01 -2.364096021340000020e-01
1.403636961701666594e+09 -1.394517893499999994e+00 8.979617442000000338e+00 -8.832608655000000475e-01 5.287998666000000014e-01 7.336606808000000202e-01 3.518848797999999944e-01 -2.414326776359999871e-01
1.403636961751666546e+09 -1.411453210799999969e+00 8.972386892099999400e+00 -8.659281889000000065e-01 5.267999890000000240e-01 7.300077198000000100e-01 3.589009573999999980e-01 -2.464966601119999989e-01
1.403636961801666498e+09 -1.428019493399999895e+00 8.965050154000000049e+00 -8.491366299999999478e-01 5.249330260000000248e-01 7.260878804000000519e-01 3.661417827999999819e-01 -2.513601062499999927e-01
1.403636961851666451e+09 -1.444141436900000075e+00 8.957310336400000850e+00 -8.341077013000000040e-01 5.216977208999999949e-01 7.228267622999999809e-01 3.745084560999999979e-01 -2.551399146569999776e-01
1.403636961901666641e+09 -1.460071059599999943e+00 8.949324319300000496e+00 -8.202507889000000274e-01 5.199859921999999690e-01 7.181780910999999712e-01 3.824317636999999825e-01 -2.599629655869999945e-01
1.403636961951666355e+09 -1.476070377799999944e+00 8.940831551000000488e+00 -8.077574678000000175e-01 5.174050633000000232e-01 7.135815021000000424e-01 3.898772336999999921e-01 -2.666255479760000213e-01
1.403636962001666546e+09 -1.491730554399999908e+00 8.932104320000000541e+00 -7.972503402999999711e-01 5.138999771000000161e-01 7.094860814000000238e-01 3.982500842000000207e-01 -2.719065728019999795e-01
1.403636962051666498e+09 -1.507064157200000087e+00 8.922951931600000108e+00 -7.880021879999999923e-01 5.098943669000000067e-01 7.054572043000000292e-01 4.066526964000000133e-01 -2.774372938870000027e-01
1.403636962101666451e+09 -1.522021500899999991e+00 8.913454918799999405e+00 -7.795489734999999643e-01 5.063100779000000440e-01 7.008173974000000417e-01 4.153119732000000175e-01 -2.828799134489999867e-01
1.403636962151666403e+09 -1.536719929700000042e+00 8.903569309299999901e+00 -7.705967459000000463e-01 5.027703075999999660e-01 6.958189485000000341e-01 4.238644415000000221e-01 -2.887852902449999926e-01
1.403636962201666594e+09 -1.551114175199999945e+00 8.893532933699999532e+00 -7.602642397000000107e-01 4.993271824000000136e-01 6.905984416999999542e-01 4.320870989999999745e-01 -2.950371097630000161e-01
1.403636962251666546e+09 -1.565401753099999960e+00 8.883286341299999833e+00 -7.484534553999999673e-01 4.972294412000000108e-01 6.839555445999999650e-01 4.406261172000000004e-01 -3.013574632179999990e-01
1.403636962301666498e+09 -1.579183112299999969e+00 8.872500442999999848e+00 -7.352817273999999736e-01 4.938270972000000092e-01 6.779513806000000420e-01 4.499010278999999723e-01 -3.067666681780000237e-01
1.403636962351666451e+09 -1.592447809600000097e+00 8.860938045699999321e+00 -7.208314718999999648e-01 4.896298642999999950e-01 6.723152455999999999e-01 4.582098245999999819e-01 -3.135260167009999988e-01
1.403636962401666641e+09 -1.605768224700000024e+00 8.849207218100000105e+00 -7.045380943000000284e-01 4.862991762000000162e-01 6.656280896999999808e-01 4.672686985000000237e-01 -3.195501852000000031e-01
1.403636962451666355e+09 -1.618844399599999928e+00 8.837145079600000841e+00 -6.866924752999999937e-01 4.824397005000000127e-01 6.592759312000000538e-01 4.762886095000000153e-01 -3.252020024310000035e-01
1.403636962501666546e+09 -1.631630409900000078e+00 8.824947523700000573e+00 -6.673946387000000424e-01 4.798067187999999761e-01 6.518045352000000348e-01 4.862908329000000252e-01 -3.293289940370000002e-01
1.403636962551666498e+09 -1.644053319199999974e+00 8.812191940800000012e+00 -6.474939996999999892e-01 4.769973358999999857e-01 6.439742492000000151e-01 4.968007501999999742e-01 -3.331061730800000120e-01
1.403636962601666451e+09 -1.656200581200000022e+00 8.798835555400000175e+00 -6.273977428000000467e-01 4.741007125000000211e-01 6.360483958999999521e-01 5.073028238000000245e-01 -3.366226335440000161e-01
1.403636962651666403e+09 -1.668089955699999960e+00 8.785088838600000116e+00 -6.084956658000000296e-01 4.720055682000000030e-01 6.281285451000000464e-01 5.171264397000000512e-01 -3.394783052890000263e-01
1.403636962701666594e+09 -1.679755384099999915e+00 8.770670494999999178e+00 -5.909303782999999477e-01 4.707153895999999782e-01 6.204044185000000544e-01 5.262978897000000211e-01 -3.413735649810000217e-01
1.403636962751666546e+09 -1.691485322299999927e+00 8.755153631900000732e+00 -5.748111506999999953e-01 4.697086930000000105e-01 6.136959254999999613e-01 5.336236112000000142e-01 -3.435067632330000009e-01
1.403636962801666498e+09 -1.703076005200000020e+00 8.738644241299999393e+00 -5.604619453000000417e-01 4.676144496999999900e-01 6.093548618999999889e-01 5.390847773000000398e-01 -3.455589409009999780e-01
1.403636962851666451e+09 -1.714842211299999919e+00 8.720939308100000176e+00 -5.475437820999999872e-01 4.667514678999999944e-01 6.052304270999999680e-01 5.430151532000000447e-01 -3.478127955829999896e-01
1.403636962901666641e+09 -1.726443799599999940e+00 8.701683366899999328e+00 -5.361913999999999847e-01 4.641939916999999749e-01 6.036788467999999463e-01 5.445085471999999704e-01 -3.515767768779999858e-01
1.403636962951666355e+09 -1.737822563799999998e+00 8.681035822900000198e+00 -5.261139657000000192e-01 4.617071159999999730e-01 6.030844721000000463e-01 5.441075706000000345e-01 -3.564584269330000055e-01
1.403636963001666546e+09 -1.749198733500000102e+00 8.659589689700000648e+00 -5.167373884999999500e-01 4.615806754999999817e-01 6.014942488000000198e-01 5.417931207999999721e-01 -3.627783937260000147e-01
1.403636963051666498e+09 -1.760189784999999896e+00 8.637486716199999748e+00 -5.086065674999999953e-01 4.627425090999999768e-01 5.997065651999999858e-01 5.389169526000000543e-01 -3.684968441099999992e-01
1.403636963101666451e+09 -1.770220965800000101e+00 8.614654757800000340e+00 -5.021628911000000084e-01 4.636736079000000066e-01 5.986993994999999513e-01 5.362987324000000333e-01 -3.727592843490000196e-01
1.403636963151666403e+09 -1.779259357599999980e+00 8.591302963900000478e+00 -4.973689839000000057e-01 4.638179460999999892e-01 5.987241570000000346e-01 5.346397978000000384e-01 -3.749167685140000206e-01
1.403636963201666594e+09 -1.787314005500000080e+00 8.567377236100000459e+00 -4.941014127999999728e-01 4.632746851000000277e-01 6.000113679999999894e-01 5.337525545000000315e-01 -3.747947904669999830e-01
1.403636963251666546e+09 -1.794373117999999989e+00 8.542767361999999309e+00 -4.922741976000000186e-01 4.599834274999999861e-01 6.034802962999999965e-01 5.328531368000000157e-01 -3.745588245490000245e-01
1.403636963301666498e+09 -1.800494336000000084e+00 8.517811642099999858e+00 -4.913533431000000062e-01 4.565781718999999961e-01 6.070212230000000542e-01 5.314579350000000479e-01 -3.749854278229999838e-01
1.403636963351666451e+09 -1.806109340699999954e+00 8.492617540999999548e+00 -4.912223108000000060e-01 4.535003113000000141e-01 6.107917269000000537e-01 5.295064802000000181e-01 -3.753582574170000186e-01
1.403636963401666641e+09 -1.811350333700000093e+00 8.467553386900000589e+00 -4.919820691999999829e-01 4.520743789000000179e-01 6.133449237000000442e-01 5.280773936999999529e-01 -3.749280287530000200e-01
1.403636963451666355e+09 -1.815767466400000085e+00 8.442761312900000092e+00 -4.936893050999999755e-01 4.519191577000000182e-01 6.149268300000000353e-01 5.275522899000000265e-01 -3.732594943570000101e-01
1.403636963501666546e+09 -1.819090446499999958e+00 8.418197275500000742e+00 -4.953331369999999789e-01 4.532737915000000228e-01 6.155894992999999538e-01 5.272908549000000500e-01 -3.708864954519999757e-01
1.403636963551666498e+09 -1.821508390600000027e+00 8.393555496699999452e+00 -4.958740994999999985e-01 4.543416211999999899e-01 6.162881217000000245e-01 5.264467627000000149e-01 -3.696166233129999923e-01
1.403636963601666451e+09 -1.822480616800000064e+00 8.368937578300000624e+00 -4.955240113000000113e-01 4.556795490000000171e-01 6.169037679000000107e-01 5.260498245000000406e-01 -3.675016624219999972e-01
1.403636963651666403e+09 -1.823303195100000051e+00 8.344228637700000561e+00 -4.938731410000000155e-01 4.567726791000000230e-01 6.177594302000000148e-01 5.253923056999999508e-01 -3.656431745570000169e-01
1.403636963701666594e+09 -1.824916036200000091e+00 8.319407898799999757e+00 -4.898888638000000184e-01 4.580097102999999836e-01 6.185516815999999585e-01 5.246148717999999933e-01 -3.638683261260000079e-01
1.403636963751666546e+09 -1.826215173800000091e+00 8.294052318900000387e+00 -4.833982005999999942e-01 4.588235278000000195e-01 6.193872889000000548e-01 5.236327007000000089e-01 -3.628348818709999923e-01
1.403636963801666498e+09 -1.826198547099999958e+00 8.268126513000000344e+00 -4.757972247000000210e-01 4.593911318000000188e-01 6.203266379999999858e-01 5.229091045999999521e-01 -3.615532029810000214e-01
1.403636963851666451e+09 -1.826058975999999889e+00 8.241898033200000029e+00 -4.664480959000000260e-01 4.603581001000000006e-01 6.206502999999999881e-01 5.219898262000000067e-01 -3.610958961440000059e-01
1.403636963901666641e+09 -1.825637856399999981e+00 8.215530644899999402e+00 -4.548950670999999946e-01 4.616682394000000134e-01 6.208267052999999480e-01 5.211862374000000298e-01 -3.602798143409999820e-01
1.403636963951666355e+09 -1.824239823699999929e+00 8.188636061000000410e+00 -4.420648876000000116e-01 4.620528331000000044e-01 6.213126636000000369e-01 5.201538928000000173e-01 -3.604409538000000190e-01
1.403636964001666546e+09 -1.822833861699999947e+00 8.161386448200000032e+00 -4.275537971999999742e-01 4.626575141000000002e-01 6.213321765000000552e-01 5.199422978000000084e-01 -3.599366028370000192e-01
1.403636964051666498e+09 -1.820937433799999949e+00 8.133742050800000456e+00 -4.114687591999999783e-01 4.630467039000000229e-01 6.215260618000000292e-01 5.193711319999999576e-01 -3.599260087580000156e-01
1.403636964101666451e+09 -1.818248744699999975e+00 8.105747232800000646e+00 -3.944560879999999825e-01 4.636152803999999961e-01 6.210163055999999848e-01 5.196915174999999776e-01 -3.596113827379999739e-01
1.403636964151666403e+09 -1.815089215300000003e+00 8.077574613299999484e+00 -3.775036527999999780e-01 4.644309558999999976e-01 6.203449804999999762e-01 5.197445514999999849e-01 -3.596409230929999978e-01
1.403636964201666594e+09 -1.811489407899999904e+00 8.049198569499999678e+00 -3.616428113999999860e-01 4.655137128999999874e-01 6.193840576000000375e-01 5.194059151000000041e-01 -3.603857206070000263e-01
1.403636964251666546e+09 -1.807052999599999987e+00 8.020391415200000651e+00 -3.477810619999999742e-01 4.654278445000000208e-01 6.190903618999999969e-01 5.197234208000000022e-01 -3.605434944270000108e-01
1.403636964301666498e+09 -1.802193602200000022e+00 7.991437581599999618e+00 -3.357932103999999862e-01 4.659352471000000051e-01 6.184046811000000199e-01 5.210680798000000280e-01 -3.591212220269999755e-01
1.403636964351666451e+09 -1.797154410100000099e+00 7.961839086200000359e+00 -3.251209966999999978e-01 4.662599481999999962e-01 6.176551594000000422e-01 5.213426076999999603e-01 -3.595909484420000135e-01
1.403636964401666641e+09 -1.791819578899999987e+00 7.931864597899999758e+00 -3.159917047999999951e-01 4.666054342000000021e-01 6.169874775000000477e-01 5.220919499999999713e-01 -3.592016385219999886e-01
1.403636964451666355e+09 -1.786002310099999990e+00 7.901386600300000396e+00 -3.083851537000000254e-01 4.667347776999999920e-01 6.160884883999999673e-01 5.231148557000000476e-01 -3.590883866410000125e-01
1.403636964501666546e+09 -1.779828241899999997e+00 7.870598552499999734e+00 -3.020706731999999728e-01 4.676013380999999858e-01 6.145582066000000454e-01 5.246032011000000272e-01 -3.584113288960000254e-01
1.403636964551666498e+09 -1.772968876600000021e+00 7.838847573699999849e+00 -2.970625425999999791e-01 4.674040222999999994e-01 6.128402474999999905e-01 5.273281743000000077e-01 -3.576105528829999769e-01
1.403636964601666451e+09 -1.765739894600000026e+00 7.806393811200000421e+00 -2.931344006000000113e-01 4.695819750999999931e-01 6.080470091999999882e-01 5.313910694000000268e-01 -3.569245501369999740e-01
1.403636964651666403e+09 -1.758035279900000081e+00 7.772405629599999699e+00 -2.902815779999999846e-01 4.687117902999999863e-01 6.044498470000000401e-01 5.355471251000000210e-01 -3.579649660700000013e-01
1.403636964701666594e+09 -1.749735662600000019e+00 7.737417184699999950e+00 -2.889324057000000057e-01 4.675395460999999808e-01 5.999114016000000049e-01 5.410344053000000208e-01 -3.588800014469999966e-01
1.403636964751666546e+09 -1.741050684600000009e+00 7.701390775100000141e+00 -2.888285085000000252e-01 4.665047026999999957e-01 5.943600649000000402e-01 5.471534367999999482e-01 -3.601841087229999960e-01
1.403636964801666498e+09 -1.731807444800000040e+00 7.663852883899999746e+00 -2.896466676000000184e-01 4.650742786000000017e-01 5.881442609999999460e-01 5.533500795000000361e-01 -3.627615375300000111e-01
1.403636964851666451e+09 -1.721870667099999919e+00 7.624345454800000255e+00 -2.901436534999999872e-01 4.608720010999999839e-01 5.826428465999999862e-01 5.586422898999999775e-01 -3.688402145360000217e-01
1.403636964901666641e+09 -1.710924625499999907e+00 7.582973479599999678e+00 -2.891236577999999890e-01 4.561387590000000047e-01 5.764368478000000406e-01 5.632746870999999489e-01 -3.773322407949999957e-01
1.403636964951666355e+09 -1.698694454299999990e+00 7.540421079099999702e+00 -2.868282068999999934e-01 4.528850480000000123e-01 5.684448690000000193e-01 5.693891073000000302e-01 -3.841374868210000182e-01
1.403636965001666546e+09 -1.685547678500000091e+00 7.496011376100000234e+00 -2.828065591999999739e-01 4.476973512999999905e-01 5.609371322999999743e-01 5.758972631000000009e-01 -3.914830233359999911e-01
1.403636965051666498e+09 -1.671317852799999892e+00 7.450207990300000027e+00 -2.770679361999999757e-01 4.409284332999999778e-01 5.548911559000000437e-01 5.813665051999999944e-01 -3.996134488070000046e-01
1.403636965101666451e+09 -1.656190059799999892e+00 7.403846506999999910e+00 -2.698875177999999764e-01 4.352949924000000248e-01 5.490697316000000550e-01 5.887558117000000202e-01 -4.029978828910000255e-01
1.403636965151666403e+09 -1.640350123599999987e+00 7.356842065000000375e+00 -2.608555394000000027e-01 4.288296665999999924e-01 5.448489123999999961e-01 5.944230149000000463e-01 -4.073156749269999932e-01
1.403636965201666594e+09 -1.623690217100000055e+00 7.309502377500000314e+00 -2.504915232000000103e-01 4.218995546000000041e-01 5.422674834999999804e-01 6.012046599000000491e-01 -4.080437465319999846e-01
1.403636965251666546e+09 -1.606575740300000055e+00 7.261564470899999790e+00 -2.384347068999999875e-01 4.149251558000000006e-01 5.406400833000000183e-01 6.079691553999999609e-01 -4.073314638350000183e-01
1.403636965301666498e+09 -1.589374741499999910e+00 7.213229200099999794e+00 -2.259702217000000013e-01 4.062335512999999954e-01 5.418433991000000116e-01 6.152361318000000301e-01 -4.035647838179999836e-01
1.403636965351666451e+09 -1.572243652999999908e+00 7.164301921099999859e+00 -2.120022316999999878e-01 3.978215082000000069e-01 5.435557341000000209e-01 6.225051448999999737e-01 -3.984627413110000127e-01
1.403636965401666641e+09 -1.556048030499999957e+00 7.114760189400000101e+00 -1.963744852000000041e-01 3.895485792999999752e-01 5.462013125000000358e-01 6.289352749000000076e-01 -3.928822349539999870e-01
1.403636965451666355e+09 -1.541074143999999979e+00 7.064594366099999689e+00 -1.781340500999999965e-01 3.820208654999999731e-01 5.492758094999999896e-01 6.331959625999999952e-01 -3.891259647620000095e-01
1.403636965501666546e+09 -1.528694590900000039e+00 7.013714844899999967e+00 -1.571269694000000106e-01 3.757373509999999972e-01 5.524182035000000379e-01 6.342155217999999595e-01 -3.891352508459999804e-01
1.403636965551666498e+09 -1.519509822000000066e+00 6.962813823200000307e+00 -1.332005032999999949e-01 3.737879558000000157e-01 5.534063804000000086e-01 6.320895079999999666e-01 -3.930480837459999766e-01
1.403636965601666451e+09 -1.513705117400000022e+00 6.911369969799999957e+00 -1.052075608000000023e-01 3.749268700999999759e-01 5.531151861999999975e-01 6.257576163000000413e-01 -4.023938848329999818e-01
1.403636965651666403e+09 -1.510106918900000039e+00 6.859762504799999938e+00 -7.477420560000000438e-02 3.780984857999999948e-01 5.514388571999999655e-01 6.183661560000000001e-01 -4.130133398849999971e-01
1.403636965701666594e+09 -1.507449737399999989e+00 6.808135324200000227e+00 -4.443650510000000248e-02 3.798927306000000059e-01 5.510254492999999698e-01 6.107619390999999842e-01 -4.231102943519999826e-01
1.403636965751666546e+09 -1.505216107200000097e+00 6.757260777599999990e+00 -1.590302630000000120e-02 3.816795498000000175e-01 5.506976743999999480e-01 6.047399223999999629e-01 -4.305141332769999996e-01
1.403636965801666498e+09 -1.502882352899999940e+00 6.707634308100000275e+00 9.787855599999999157e-03 3.857524405000000156e-01 5.487951991999999724e-01 6.015075989000000511e-01 -4.338288745509999988e-01
1.403636965851666451e+09 -1.500199621900000002e+00 6.659395366900000113e+00 3.256683820000000340e-02 3.916108690999999808e-01 5.457704878000000370e-01 6.010031720999999827e-01 -4.330943188049999892e-01
1.403636965901666641e+09 -1.496795362999999934e+00 6.612339492700000321e+00 5.301981969999999822e-02 3.968894857999999970e-01 5.432273945000000159e-01 6.016214212999999589e-01 -4.306209463199999754e-01
1.403636965951666355e+09 -1.492792754299999913e+00 6.565921061900000133e+00 7.149108540000000123e-02 4.007213774000000228e-01 5.413987662000000478e-01 6.026185700999999728e-01 -4.279726773540000195e-01
1.403636966001666546e+09 -1.488423945799999926e+00 6.519794863899999626e+00 8.851667829999999848e-02 4.049427545000000017e-01 5.394070157000000476e-01 6.033553219999999717e-01 -4.254689088759999738e-01
1.403636966051666498e+09 -1.483584207400000077e+00 6.473276009800000175e+00 1.041000440999999971e-01 4.081044855000000027e-01 5.379232964000000283e-01 6.039243499999999987e-01 -4.235146226170000139e-01
1.403636966101666451e+09 -1.478163606899999927e+00 6.426409959199999911e+00 1.182994185999999975e-01 4.097670260999999869e-01 5.376051416999999555e-01 6.035154362000000328e-01 -4.228957486000000099e-01
1.403636966151666403e+09 -1.472353560600000000e+00 6.379453092800000391e+00 1.308804003000000049e-01 4.120902207000000095e-01 5.369924533000000055e-01 6.033730550000000470e-01 -4.216179688380000123e-01
1.403636966201666594e+09 -1.465749872099999962e+00 6.332288040099999904e+00 1.415793445000000095e-01 4.123796869999999948e-01 5.374756509000000460e-01 6.030009174999999555e-01 -4.212514829699999797e-01
1.403636966251666546e+09 -1.458626286899999958e+00 6.285098968399999819e+00 1.508287908000000010e-01 4.134439913999999883e-01 5.374156351000000109e-01 6.017022563999999685e-01 -4.221408481769999832e-01
1.403636966301666498e+09 -1.451179009300000100e+00 6.238165316099999913e+00 1.579283837000000079e-01 4.142273147000000155e-01 5.376594139999999467e-01 6.013978855999999595e-01 -4.214957525760000268e-01
1.403636966351666451e+09 -1.443180211400000079e+00 6.190593248199999898e+00 1.640614462999999967e-01 4.132345203000000189e-01 5.391900027999999567e-01 5.991180615000000209e-01 -4.237557320670000127e-01
1.403636966401666641e+09 -1.434350538699999955e+00 6.143358374199999972e+00 1.687219671999999893e-01 4.083321904000000169e-01 5.433643667999999982e-01 5.949046904000000469e-01 -4.290785435139999882e-01
1.403636966451666355e+09 -1.424678057299999967e+00 6.096406277499999860e+00 1.722055190000000013e-01 4.026709981000000105e-01 5.481475644000000091e-01 5.899716564000000441e-01 -4.351135018919999875e-01
1.403636966501666546e+09 -1.414661818399999937e+00 6.051735975899999787e+00 1.737460096000000009e-01 3.976816751999999733e-01 5.523703608000000154e-01 5.853725376999999730e-01 -4.405397392629999964e-01
1.403636966551666498e+09 -1.404025512800000097e+00 6.008835952300000116e+00 1.734734131000000013e-01 3.948383733999999978e-01 5.551563601000000236e-01 5.823869851999999847e-01 -4.435419643860000205e-01
1.403636966601666451e+09 -1.392849193400000019e+00 5.968215528500000033e+00 1.710801342000000114e-01 3.956155485000000249e-01 5.556254019999999905e-01 5.814967655999999652e-01 -4.434301095100000034e-01
1.403636966651666403e+09 -1.380800701599999902e+00 5.929727629000000277e+00 1.665767187999999954e-01 3.993200721999999869e-01 5.543062675000000050e-01 5.829146983999999865e-01 -4.398846395630000017e-01
1.403636966701666594e+09 -1.367745178599999889e+00 5.892554137400000336e+00 1.607418519000000101e-01 4.032353933999999751e-01 5.527885140999999614e-01 5.853346584999999935e-01 -4.349820843409999971e-01
1.403636966751666546e+09 -1.353885146999999955e+00 5.856217823799999778e+00 1.557375716000000132e-01 4.077679448000000040e-01 5.506707789000000464e-01 5.870521160999999655e-01 -4.311111335180000115e-01
1.403636966801666498e+09 -1.339106441800000047e+00 5.820177727899999987e+00 1.527140944000000000e-01 4.100187753999999796e-01 5.498897577000000370e-01 5.871936840000000490e-01 -4.297783563920000161e-01
1.403636966851666451e+09 -1.323079599199999956e+00 5.784141266199999798e+00 1.514663140999999991e-01 4.101061964000000115e-01 5.505085234000000050e-01 5.867081913999999676e-01 -4.295657941689999815e-01
1.403636966901666641e+09 -1.306476999500000069e+00 5.748429608300000382e+00 1.525469577999999937e-01 4.096057107000000141e-01 5.515647665999999782e-01 5.855465104000000531e-01 -4.302728834330000196e-01
1.403636966951666355e+09 -1.288993142999999897e+00 5.713169793399999641e+00 1.555184219999999895e-01 4.078070078000000098e-01 5.532723280000000354e-01 5.839745330000000179e-01 -4.319223544229999767e-01
1.403636967001666546e+09 -1.270838679599999965e+00 5.678955899099999982e+00 1.589284243000000096e-01 4.081321045999999897e-01 5.535759771999999579e-01 5.834961615999999518e-01 -4.318727267279999782e-01
1.403636967051666498e+09 -1.251910933100000012e+00 5.645931151200000109e+00 1.611925149000000002e-01 4.097953802000000034e-01 5.531095973999999860e-01 5.837873941000000233e-01 -4.304994751740000014e-01
1.403636967101666451e+09 -1.232042391100000023e+00 5.613482804500000256e+00 1.620681052999999872e-01 4.119046130999999833e-01 5.519340004999999660e-01 5.851019071999999932e-01 -4.282046321229999730e-01
1.403636967151666403e+09 -1.211535291599999953e+00 5.581515540799999897e+00 1.612640029999999891e-01 4.139276291000000274e-01 5.510563482000000457e-01 5.860765033000000512e-01 -4.260459496299999760e-01
1.403636967201666594e+09 -1.190222379599999991e+00 5.549728145999999640e+00 1.589699753000000104e-01 4.150658335999999893e-01 5.505148152000000072e-01 5.866494615999999773e-01 -4.248484451110000060e-01
1.403636967251666546e+09 -1.168137611199999926e+00 5.518098788899999718e+00 1.554774358000000078e-01 4.153332115000000213e-01 5.507224399000000270e-01 5.863488597999999552e-01 -4.247330129249999864e-01
1.403636967301666498e+09 -1.145454008099999976e+00 5.486866694399999744e+00 1.506175337000000003e-01 4.163752545000000138e-01 5.503971900999999889e-01 5.869259212999999864e-01 -4.233350251029999733e-01
1.403636967351666451e+09 -1.122031516899999914e+00 5.455940561300000269e+00 1.460384457999999996e-01 4.180871011000000248e-01 5.494786084999999654e-01 5.870666190000000118e-01 -4.226455010460000161e-01
1.403636967401666641e+09 -1.097820808999999898e+00 5.425080729900000343e+00 1.426638793999999988e-01 4.191738435999999846e-01 5.490605323999999676e-01 5.871429367999999593e-01 -4.220059150709999929e-01
1.403636967451666355e+09 -1.073283256400000107e+00 5.394179654600000262e+00 1.413780515999999987e-01 4.198176621999999969e-01 5.490356963000000423e-01 5.870959836000000376e-01 -4.214632140749999811e-01
1.403636967501666546e+09 -1.047759922400000043e+00 5.363132062100000041e+00 1.423936419999999869e-01 4.194974927999999825e-01 5.494597272000000254e-01 5.861950818000000174e-01 -4.224821745549999785e-01
1.403636967551666498e+09 -1.021388779300000049e+00 5.332603715900000374e+00 1.453267410000000093e-01 4.207758655000000125e-01 5.490870088000000537e-01 5.862735433000000329e-01 -4.215856499089999931e-01
1.403636967601666451e+09 -9.934245760000000036e-01 5.301953043700000201e+00 1.497607999999999995e-01 4.215290902000000117e-01 5.489864622000000249e-01 5.860685446000000187e-01 -4.212490373109999964e-01
1.403636967651666403e+09 -9.646853247000000131e-01 5.271239329900000214e+00 1.537462703999999958e-01 4.221239225000000261e-01 5.490348224000000110e-01 5.861147854999999574e-01 -4.205254048020000135e-01
1.403636967701666594e+09 -9.351872155999999547e-01 5.240523541199999968e+00 1.548196595000000120e-01 4.228382741000000222e-01 5.490463710999999858e-01 5.864210220000000140e-01 -4.193641153830000023e-01
1.403636967751666546e+09 -9.057128309999999960e-01 5.209570007399999980e+00 1.524199541000000047e-01 4.231504209999999988e-01 5.491217102000000017e-01 5.859809016999999454e-01 -4.195657890839999959e-01
1.403636967801666498e+09 -8.753754981000000379e-01 5.178444383000000428e+00 1.454080843999999983e-01 4.231291762000000123e-01 5.492857562999999832e-01 5.857335736000000015e-01 -4.197178085889999855e-01
1.403636967851666451e+09 -8.442732899999999541e-01 5.147214537099999987e+00 1.340608658999999925e-01 4.232156959000000218e-01 5.491911408999999855e-01 5.855655438000000323e-01 -4.199887610410000249e-01
1.403636967901666641e+09 -8.122726932999999594e-01 5.115681594699999835e+00 1.202319198000000033e-01 4.240180252999999899e-01 5.487421466999999886e-01 5.853055315999999841e-01 -4.201287960639999985e-01
1.403636967951666355e+09 -7.797788754000000155e-01 5.083828099799999833e+00 1.042589807999999979e-01 4.245844357999999930e-01 5.481721361000000403e-01 5.852863096000000542e-01 -4.203276126500000154e-01
1.403636968001666546e+09 -7.465887353000000282e-01 5.051758392500000028e+00 8.646402890000000341e-02 4.241776019999999869e-01 5.485172987999999972e-01 5.850453271000000122e-01 -4.206234659859999780e-01
1.403636968051666498e+09 -7.125895913999999998e-01 5.019562418199999598e+00 6.740293629999999370e-02 4.240313055000000109e-01 5.482730081000000144e-01 5.853046974000000180e-01 -4.207286201309999862e-01
1.403636968101666451e+09 -6.781721120000000491e-01 4.987131448399999556e+00 4.771456069999999855e-02 4.234382106999999840e-01 5.483426685000000189e-01 5.840661903999999627e-01 -4.229504519810000085e-01
1.403636968151666403e+09 -6.425505688999999521e-01 4.954908378399999869e+00 2.778206019999999998e-02 4.217752636000000055e-01 5.494780618000000283e-01 5.834006363000000528e-01 -4.240556380430000050e-01
1.403636968201666594e+09 -6.059842936999999541e-01 4.922851985300000344e+00 8.508139799999999905e-03 4.208302703999999839e-01 5.500833148999999533e-01 5.832722863000000535e-01 -4.243862276820000168e-01
1.403636968251666546e+09 -5.683679768999999604e-01 4.891249358599999653e+00 -8.514905999999999170e-03 4.210768914999999946e-01 5.499543999999999544e-01 5.840144660999999626e-01 -4.232865610239999743e-01
1.403636968301666498e+09 -5.293599763999999874e-01 4.859427491099999941e+00 -2.360654280000000146e-02 4.200828648000000110e-01 5.505197767999999714e-01 5.840169881000000229e-01 -4.235357360109999747e-01
1.403636968351666451e+09 -4.896892561000000255e-01 4.827978202199999735e+00 -3.646470760000000005e-02 4.197666525000000037e-01 5.507650130000000255e-01 5.847316614999999995e-01 -4.225431834939999964e-01
1.403636968401666641e+09 -4.488901304999999842e-01 4.796708613199999860e+00 -4.729750840000000039e-02 4.192291215999999765e-01 5.511467896999999727e-01 5.848039997999999740e-01 -4.224789243339999723e-01
1.403636968451666355e+09 -4.079473363000000186e-01 4.765712083500000418e+00 -5.613638039999999801e-02 4.184507826000000152e-01 5.518445243999999805e-01 5.848003004999999810e-01 -4.223448496050000167e-01
1.403636968501666546e+09 -3.659175386999999890e-01 4.735011401300000422e+00 -6.278582100000000554e-02 4.179498683000000270e-01 5.523464138000000467e-01 5.847203374999999648e-01 -4.222954814100000065e-01
1.403636968551666498e+09 -3.230611366000000206e-01 4.704421461299999940e+00 -6.743802490000000427e-02 4.178798434000000062e-01 5.523974470000000414e-01 5.844611109999999776e-01 -4.226567245569999853e-01
1.403636968601666451e+09 -2.802529732999999856e-01 4.674018378599999579e+00 -7.088900409999999985e-02 4.194746885000000258e-01 5.513427070999999957e-01 5.853655791999999858e-01 -4.211998857090000214e-01
1.403636968651666403e+09 -2.370099702000000030e-01 4.643934061300000415e+00 -7.268176390000000153e-02 4.221228081000000243e-01 5.496775176999999513e-01 5.872116497999999574e-01 -4.181500206089999727e-01
1.403636968701666594e+09 -1.925889771000000028e-01 4.613589260700000416e+00 -7.366727700000000323e-02 4.236017400000000044e-01 5.486235061999999996e-01 5.881418382999999972e-01 -4.167289194550000131e-01
1.403636968751666546e+09 -1.475934577000000136e-01 4.583108022100000234e+00 -7.561321669999999939e-02 4.254765185000000116e-01 5.471787525000000318e-01 5.897746780000000522e-01 -4.144043607180000199e-01
1.403636968801666498e+09 -1.023794487000000003e-01 4.552030747299999902e+00 -7.835555569999999581e-02 4.263960689999999887e-01 5.466966760000000480e-01 5.901354309999999881e-01 -4.135810801179999885e-01
1.403636968851666451e+09 -5.649177760000000104e-02 4.520340651499999751e+00 -8.087952069999999882e-02 4.268485665000000262e-01 5.464758737999999560e-01 5.901894237999999460e-01 -4.133290029669999810e-01
1.403636968901666641e+09 -9.698916599999999472e-03 4.487660570000000071e+00 -8.174713760000000551e-02 4.245120186999999934e-01 5.484999053000000346e-01 5.885391608000000163e-01 -4.154022820619999723e-01
1.403636968951666355e+09 3.713073010000000201e-02 4.454542983099999631e+00 -8.084275400000000278e-02 4.237256943000000109e-01 5.491406348999999798e-01 5.880397306000000324e-01 -4.160653486279999869e-01
1.403636969001666546e+09 8.403470679999999748e-02 4.420901129799999829e+00 -7.787404450000000311e-02 4.225907743999999799e-01 5.499993249000000306e-01 5.875814445999999469e-01 -4.167323193460000241e-01
1.403636969051666498e+09 1.319398868999999974e-01 4.386905366299999720e+00 -7.281431459999999911e-02 4.217660594000000041e-01 5.506259640999999760e-01 5.863261815000000432e-01 -4.185045371330000097e-01
1.403636969101666451e+09 1.807125354000000128e-01 4.352532186500000400e+00 -6.633516550000000123e-02 4.188298556999999755e-01 5.527154141000000243e-01 5.854979060999999652e-01 -4.198564336980000200e-01
1.403636969151666403e+09 2.299696759000000035e-01 4.318539251199999818e+00 -5.949370579999999770e-02 4.161750505999999850e-01 5.546561695999999708e-01 5.864119161999999941e-01 -4.186596771380000082e-01
1.403636969201666594e+09 2.796809697000000039e-01 4.284839908000000364e+00 -5.111002709999999671e-02 4.132371160000000154e-01 5.568981925999999527e-01 5.881024266000000056e-01 -4.162151185869999992e-01
1.403636969251666546e+09 3.298216455999999908e-01 4.251259734299999593e+00 -4.122957399999999800e-02 4.089424112999999750e-01 5.600007929000000440e-01 5.898367906999999466e-01 -4.138330298730000245e-01
1.403636969301666498e+09 3.799567528000000194e-01 4.218137891799999650e+00 -2.928545720000000005e-02 4.058581801999999739e-01 5.624165952999999885e-01 5.919673778999999803e-01 -4.105378599139999918e-01
1.403636969351666451e+09 4.296844428000000105e-01 4.185035926200000311e+00 -1.625405389999999908e-02 4.038445453999999768e-01 5.639699643000000151e-01 5.939068641000000426e-01 -4.075807887549999786e-01
1.403636969401666641e+09 4.783920412000000066e-01 4.151985655599999880e+00 -1.379179899999999999e-03 4.027764479000000009e-01 5.650686866999999891e-01 5.955659387999999721e-01 -4.046847227979999961e-01
1.403636969451666355e+09 5.261833644000000199e-01 4.119063633299999694e+00 1.358813780000000040e-02 4.018328640000000118e-01 5.660469976999999986e-01 5.965373563000000434e-01 -4.028204666460000194e-01
1.403636969501666546e+09 5.729023291999999490e-01 4.086375579600000307e+00 2.744569590000000073e-02 4.013232938999999888e-01 5.668322994000000170e-01 5.975015425999999907e-01 -4.007900507209999907e-01
1.403636969551666498e+09 6.184935078000000086e-01 4.053750211399999692e+00 3.994597009999999865e-02 4.009246222000000248e-01 5.675197352999999945e-01 5.979763904999999546e-01 -3.995059871120000272e-01
1.403636969601666451e+09 6.632144545999999474e-01 4.021171597500000416e+00 5.084168480000000184e-02 4.003661148000000058e-01 5.684228486000000302e-01 5.981661807000000497e-01 -3.984967496560000155e-01
1.403636969651666403e+09 7.068481937999999687e-01 3.988561279199999809e+00 6.022718149999999743e-02 4.007342515999999799e-01 5.685997304000000030e-01 5.977677449999999615e-01 -3.984722439839999963e-01
1.403636969701666594e+09 7.494339813000000516e-01 3.955911245499999840e+00 6.810676810000000636e-02 4.009121042000000079e-01 5.688539070000000475e-01 5.974650884000000106e-01 -3.983844691480000200e-01
1.403636969751666546e+09 7.908198870000000547e-01 3.923228252799999982e+00 7.483288600000000124e-02 4.012898065000000125e-01 5.689856751999999851e-01 5.967973639000000441e-01 -3.988166233139999739e-01
1.403636969801666498e+09 8.313760999999999513e-01 3.890486607999999791e+00 8.003929519999999909e-02 4.014718758999999970e-01 5.689605748999999602e-01 5.974959641000000543e-01 -3.976213901119999838e-01
1.403636969851666451e+09 8.708162498999999501e-01 3.857817979900000083e+00 8.397831040000000580e-02 4.009450264000000153e-01 5.696227964000000199e-01 5.975268054000000273e-01 -3.971582461650000062e-01
1.403636969901666641e+09 9.089278402999999562e-01 3.825243586200000045e+00 8.675619019999999959e-02 4.009495088000000207e-01 5.697282900000000261e-01 5.970205761000000333e-01 -3.977632443549999897e-01
1.403636969951666355e+09 9.458385293000000082e-01 3.792735042199999906e+00 8.794534610000000197e-02 4.019823026000000077e-01 5.689475288999999991e-01 5.965805165999999993e-01 -3.984979609100000042e-01
1.403636970001666546e+09 9.814611926999999847e-01 3.759884455599999953e+00 8.822730680000000214e-02 4.026803033999999948e-01 5.684068744000000395e-01 5.945514388999999511e-01 -4.015853395619999877e-01
1.403636970051666498e+09 1.015932427699999918e+00 3.727151228399999905e+00 8.757376810000000456e-02 4.061916781000000087e-01 5.657825492000000400e-01 5.922534189999999477e-01 -4.051349348080000023e-01
1.403636970101666451e+09 1.049957221399999918e+00 3.694396909600000001e+00 8.543675380000000097e-02 4.091876479000000066e-01 5.633392819000000440e-01 5.908716924000000370e-01 -4.075352320319999833e-01
1.403636970151666403e+09 1.083623626100000070e+00 3.661553295400000074e+00 8.263607139999999684e-02 4.125128566999999857e-01 5.608214566000000456e-01 5.891875286000000100e-01 -4.100859580869999910e-01
1.403636970201666594e+09 1.117379505099999948e+00 3.628721182600000095e+00 7.934755949999999780e-02 4.138859671999999823e-01 5.596947405000000098e-01 5.878656468999999829e-01 -4.121336977680000180e-01
1.403636970251666546e+09 1.151123648800000066e+00 3.595927562700000024e+00 7.640954010000000629e-02 4.160758846000000011e-01 5.577378767999999765e-01 5.865881005999999953e-01 -4.143956072759999998e-01
1.403636970301666498e+09 1.185458715600000046e+00 3.563266151800000170e+00 7.269083910000000148e-02 4.150858309000000079e-01 5.582788255999999727e-01 5.873075749999999706e-01 -4.136403245890000191e-01
1.403636970351666451e+09 1.220140624799999962e+00 3.530605748800000221e+00 6.914861099999999872e-02 4.131826887999999753e-01 5.594152206000000405e-01 5.880897931999999884e-01 -4.128983794200000168e-01
1.403636970401666641e+09 1.254943874400000103e+00 3.498064222600000051e+00 6.520696180000000453e-02 4.103924673000000078e-01 5.613528466999999633e-01 5.907052663999999842e-01 -4.093022020050000043e-01
1.403636970451666355e+09 1.289175012100000073e+00 3.465159962600000032e+00 6.173121329999999712e-02 4.070306545999999859e-01 5.632910600999999629e-01 5.931832839999999774e-01 -4.064022876300000253e-01
1.403636970501666546e+09 1.322846423699999940e+00 3.432280729799999985e+00 5.911436119999999989e-02 4.036763607000000142e-01 5.655185148000000384e-01 5.947608657999999826e-01 -4.043435640660000274e-01
1.403636970551666498e+09 1.355770984999999929e+00 3.399484035099999968e+00 5.672950549999999925e-02 4.011330929999999961e-01 5.669895380999999679e-01 5.969109494000000016e-01 -4.016371794599999934e-01
1.403636970601666451e+09 1.387748120799999985e+00 3.366576120399999983e+00 5.571501009999999671e-02 3.986628065000000221e-01 5.681715427000000318e-01 5.988840242999999841e-01 -3.994834042159999821e-01
1.403636970651666403e+09 1.418808374699999986e+00 3.333642762399999793e+00 5.671391919999999726e-02 3.968592166000000088e-01 5.689022143999999948e-01 6.008264612999999477e-01 -3.973167451899999869e-01
1.403636970701666594e+09 1.448522024400000108e+00 3.300580026500000042e+00 5.957444759999999673e-02 3.946871319999999961e-01 5.697952956999999818e-01 6.029576634000000102e-01 -3.949651188059999929e-01
1.403636970751666546e+09 1.476486477999999991e+00 3.267307993599999794e+00 6.506577389999999850e-02 3.917660421999999976e-01 5.713275114000000432e-01 6.044125753000000323e-01 -3.934331984800000237e-01
1.403636970801666498e+09 1.502788570499999921e+00 3.234178334000000099e+00 7.161439529999999443e-02 3.900592802000000248e-01 5.719095696999999534e-01 6.064136047000000529e-01 -3.911978298489999784e-01
1.403636970851666451e+09 1.527499951100000031e+00 3.200848784799999791e+00 7.747054659999999537e-02 3.872166268000000189e-01 5.732749374000000175e-01 6.090584650999999461e-01 -3.879006524190000138e-01
1.403636970901666641e+09 1.550041772900000003e+00 3.167206164500000032e+00 8.249630410000000080e-02 3.841689455999999780e-01 5.749262026000000469e-01 6.107681959999999854e-01 -3.857930710069999991e-01
1.403636970951666355e+09 1.570329470499999935e+00 3.133764701700000099e+00 8.658757709999999330e-02 3.812530457000000150e-01 5.766094054000000524e-01 6.115118458999999618e-01 -3.849947675370000155e-01
1.403636971001666546e+09 1.587949084599999949e+00 3.099988227399999907e+00 8.982834019999999531e-02 3.791094729999999746e-01 5.778913153000000413e-01 6.102925110000000375e-01 -3.871184394969999776e-01
1.403636971051666498e+09 1.603028176600000076e+00 3.066263645599999865e+00 9.195765690000000381e-02 3.773154977000000021e-01 5.791621724000000082e-01 6.075297219999999943e-01 -3.912950678659999904e-01
1.403636971101666451e+09 1.615806074199999998e+00 3.032865625299999923e+00 9.307451040000000453e-02 3.764359648000000225e-01 5.800089551999999538e-01 6.032536590999999504e-01 -3.974551536070000113e-01
1.403636971151666403e+09 1.626670450800000056e+00 3.000192607599999839e+00 9.274558619999999365e-02 3.764851733999999839e-01 5.799694775999999496e-01 5.988912790000000541e-01 -4.040093503839999878e-01
1.403636971201666594e+09 1.635920119799999961e+00 2.968252070300000156e+00 9.106496159999999396e-02 3.749282218000000166e-01 5.811410211999999964e-01 5.935284484999999721e-01 -4.116162323570000114e-01
1.403636971251666546e+09 1.643964397299999991e+00 2.937912380000000212e+00 8.789002449999999689e-02 3.743617781999999949e-01 5.816966128999999652e-01 5.884512093999999527e-01 -4.185779303170000243e-01
1.403636971301666498e+09 1.651205099400000043e+00 2.909452695400000177e+00 8.345807439999999855e-02 3.733422478000000266e-01 5.823941467000000038e-01 5.835868049000000335e-01 -4.252752814190000064e-01
1.403636971351666451e+09 1.657714369300000046e+00 2.883096643700000072e+00 7.757558829999999794e-02 3.714717213000000018e-01 5.834653418999999896e-01 5.800123660999999542e-01 -4.303052524259999845e-01
1.403636971401666641e+09 1.663698652299999914e+00 2.859054917399999951e+00 7.026901400000000464e-02 3.708081683000000184e-01 5.836536353000000288e-01 5.779545919999999892e-01 -4.333800016909999941e-01
1.403636971451666355e+09 1.668832154399999990e+00 2.837324865399999840e+00 6.148990790000000151e-02 3.721286212000000093e-01 5.827328324999999642e-01 5.776358715999999616e-01 -4.339118978829999973e-01
1.403636971501666546e+09 1.673464089399999910e+00 2.817772535700000081e+00 5.104465999999999865e-02 3.736731225000000101e-01 5.814322306000000440e-01 5.793957325999999908e-01 -4.319786381219999916e-01
1.403636971551666498e+09 1.677509925200000085e+00 2.800265321399999952e+00 3.966510969999999942e-02 3.766578888000000069e-01 5.791186413000000144e-01 5.807228902000000081e-01 -4.307102958440000018e-01
1.403636971601666451e+09 1.680714510500000092e+00 2.784636920100000079e+00 2.743451419999999932e-02 3.821857238999999962e-01 5.752253365999999701e-01 5.821606420999999587e-01 -4.291140539109999930e-01
1.403636971651666403e+09 1.683628603999999918e+00 2.770626902600000108e+00 1.404857879999999934e-02 3.887000226999999808e-01 5.705723068000000398e-01 5.834299803000000395e-01 -4.277487499789999759e-01
1.403636971701666594e+09 1.686350557999999999e+00 2.757835626099999882e+00 -5.049548000000000057e-04 3.949762993000000000e-01 5.658402898000000070e-01 5.851180683000000160e-01 -4.259757453440000119e-01
1.403636971751666546e+09 1.689138071199999924e+00 2.745717286600000140e+00 -1.563832080000000097e-02 3.994256210000000085e-01 5.622553125999999457e-01 5.853302786999999840e-01 -4.262823027159999834e-01
1.403636971801666498e+09 1.692089253200000032e+00 2.734253316499999809e+00 -3.128315959999999896e-02 4.016651863999999850e-01 5.604137479999999893e-01 5.842386298999999727e-01 -4.280966390850000081e-01
1.403636971851666451e+09 1.695282689499999940e+00 2.723362453300000041e+00 -4.708103160000000342e-02 4.031244441999999872e-01 5.588687517999999521e-01 5.836385421999999989e-01 -4.295607673499999835e-01
1.403636971901666641e+09 1.699266450399999906e+00 2.713141318299999938e+00 -6.186371400000000020e-02 4.037206544999999980e-01 5.580685997000000009e-01 5.835271303000000298e-01 -4.301920029049999816e-01
1.403636971951666355e+09 1.704045172700000110e+00 2.703608530699999957e+00 -7.533080020000000598e-02 4.034890510999999957e-01 5.579603857999999583e-01 5.836899785000000396e-01 -4.303287145169999994e-01
1.403636972001666546e+09 1.708894048199999904e+00 2.694843498400000037e+00 -8.703186020000000522e-02 4.034209022999999950e-01 5.575404952000000414e-01 5.843620457000000545e-01 -4.300246172009999923e-01
1.403636972051666498e+09 1.713848968900000047e+00 2.686899444899999878e+00 -9.576416810000000501e-02 4.039846737000000187e-01 5.570356936000000481e-01 5.843849990999999688e-01 -4.301183468059999737e-01
1.403636972101666451e+09 1.720727732699999901e+00 2.679762209100000181e+00 -1.038418613000000046e-01 4.044357433999999918e-01 5.567646094999999518e-01 5.851227546999999696e-01 -4.290410947789999874e-01
1.403636972151666403e+09 1.728295993399999952e+00 2.673041076100000080e+00 -1.110104343999999965e-01 4.036682120000000262e-01 5.575614040999999910e-01 5.857508641999999988e-01 -4.278705182240000182e-01
1.403636972201666594e+09 1.736951049299999994e+00 2.666635453400000078e+00 -1.158304599999999962e-01 3.995525026999999785e-01 5.603674080999999640e-01 5.861674625999999666e-01 -4.274972179370000180e-01
1.403636972251666546e+09 1.746244678999999911e+00 2.660919107799999850e+00 -1.193167116999999944e-01 3.954459405999999899e-01 5.632805357000000290e-01 5.869833519999999583e-01 -4.263661461630000038e-01
1.403636972301666498e+09 1.755427136400000032e+00 2.656120353699999992e+00 -1.212853640000000066e-01 3.919616376999999763e-01 5.658450198000000153e-01 5.882411033000000122e-01 -4.244501060329999853e-01
1.403636972351666451e+09 1.763845566499999906e+00 2.652555694900000205e+00 -1.210918383000000043e-01 3.914720621000000178e-01 5.663073182000000205e-01 5.899988872000000439e-01 -4.218375978419999783e-01
1.403636972401666641e+09 1.770914549500000046e+00 2.649655372499999828e+00 -1.186602481999999986e-01 3.912293468999999968e-01 5.667137993999999956e-01 5.907656570999999524e-01 -4.204414419490000165e-01
1.403636972451666355e+09 1.777685806800000101e+00 2.647531414299999941e+00 -1.139222711999999943e-01 3.924977394999999980e-01 5.660102323000000268e-01 5.917999480000000201e-01 -4.187490454369999782e-01
1.403636972501666546e+09 1.784545793199999952e+00 2.646013855300000106e+00 -1.073911718000000043e-01 3.945605593000000022e-01 5.647116965999999794e-01 5.916865462999999492e-01 -4.187238896539999811e-01
1.403636972551666498e+09 1.789774082899999952e+00 2.644786675299999779e+00 -9.908915690000000276e-02 3.961190063999999733e-01 5.639069721999999674e-01 5.913253027999999523e-01 -4.188472821349999986e-01
1.403636972601666451e+09 1.795209656099999940e+00 2.644137050999999961e+00 -8.900063510000000289e-02 3.982934806999999799e-01 5.627302862999999933e-01 5.913822582000000105e-01 -4.182869265720000063e-01
1.403636972651666403e+09 1.800840179699999988e+00 2.644057153699999940e+00 -7.831060369999999493e-02 4.018869660000000121e-01 5.604871404000000279e-01 5.914637437999999969e-01 -4.177459417680000064e-01
1.403636972701666594e+09 1.806645308600000055e+00 2.643899781000000004e+00 -6.846607180000000015e-02 4.028397420000000007e-01 5.601679442000000453e-01 5.912401795999999710e-01 -4.175728279159999778e-01
1.403636972751666546e+09 1.812551778300000027e+00 2.643868234899999781e+00 -6.003413769999999677e-02 4.036019466999999916e-01 5.599225496999999940e-01 5.914492585999999719e-01 -4.168692618350000045e-01
1.403636972801666498e+09 1.818415410899999918e+00 2.643721972099999817e+00 -5.309522579999999964e-02 4.034262558000000221e-01 5.602101568999999781e-01 5.911442338000000296e-01 -4.170855201079999852e-01
1.403636972851666451e+09 1.824307509300000074e+00 2.643707680999999976e+00 -4.801405959999999890e-02 4.032519225999999790e-01 5.605229934000000025e-01 5.912153146999999942e-01 -4.167329029979999766e-01
1.403636972901666641e+09 1.830161345400000084e+00 2.643927515100000125e+00 -4.450366170000000232e-02 4.039853022000000071e-01 5.608377499000000155e-01 5.910441683999999585e-01 -4.158409370680000161e-01
1.403636972951666355e+09 1.836005792999999997e+00 2.644503397099999820e+00 -4.291842049999999853e-02 4.040052858000000024e-01 5.631594787000000490e-01 5.901223157999999636e-01 -4.139888682819999888e-01
1.403636973001666546e+09 1.841479053700000090e+00 2.645699921799999910e+00 -4.320650150000000106e-02 4.053785655000000099e-01 5.666150644999999875e-01 5.884181719000000088e-01 -4.103408854400000250e-01
1.403636973051666498e+09 1.846569400999999999e+00 2.646830336499999881e+00 -4.476219879999999984e-02 4.062944702999999880e-01 5.711664804999999623e-01 5.857516477999999971e-01 -4.069258680499999725e-01
1.403636973101666451e+09 1.851454994500000062e+00 2.648145738399999782e+00 -4.757853799999999661e-02 4.075207196000000254e-01 5.756852955000000271e-01 5.826165480999999646e-01 -4.038208285409999876e-01
1.403636973151666403e+09 1.856097559600000002e+00 2.649532332799999779e+00 -5.164064270000000290e-02 4.095241212999999880e-01 5.790409359000000533e-01 5.798648140000000062e-01 -4.009468619359999875e-01
1.403636973201666594e+09 1.860661371299999978e+00 2.650775507200000103e+00 -5.711495899999999987e-02 4.105033558999999777e-01 5.825299107000000420e-01 5.771562552000000235e-01 -3.987938754309999778e-01
1.403636973251666546e+09 1.864888370100000081e+00 2.652227907099999893e+00 -6.386640209999999707e-02 4.134916310000000261e-01 5.840789566999999849e-01 5.746825828999999608e-01 -3.970092849629999754e-01
1.403636973301666498e+09 1.869033553500000000e+00 2.653600098300000099e+00 -7.183576290000000253e-02 4.154385950999999744e-01 5.860166111000000289e-01 5.724433043000000110e-01 -3.953529670850000066e-01
1.403636973351666451e+09 1.872872142400000106e+00 2.654905160999999847e+00 -8.102043670000000364e-02 4.167858368999999841e-01 5.878492759000000234e-01 5.702840404000000252e-01 -3.943334987609999898e-01
1.403636973401666641e+09 1.876174412599999952e+00 2.656165963499999894e+00 -9.149633120000000286e-02 4.187828779000000168e-01 5.888110541000000087e-01 5.691407055999999631e-01 -3.924299950390000014e-01
1.403636973451666355e+09 1.879098536699999933e+00 2.656890889800000100e+00 -1.027334606000000067e-01 4.187777805999999825e-01 5.908144500999999993e-01 5.674884470000000070e-01 -3.918166900610000059e-01
1.403636973501666546e+09 1.881632087100000073e+00 2.657746790000000026e+00 -1.149304406999999972e-01 4.203604221999999724e-01 5.913668860999999888e-01 5.665444045999999956e-01 -3.906529906819999898e-01
1.403636973551666498e+09 1.883885944800000045e+00 2.658476448700000105e+00 -1.279093944999999954e-01 4.226910445000000016e-01 5.911442352000000344e-01 5.658180269000000484e-01 -3.895262950489999931e-01
1.403636973601666451e+09 1.885816748000000098e+00 2.658769746800000000e+00 -1.414929427999999934e-01 4.244138062999999739e-01 5.911298929999999618e-01 5.639476744000000430e-01 -3.903862077729999824e-01
1.403636973651666403e+09 1.887742573299999949e+00 2.658919540199999876e+00 -1.556741235000000112e-01 4.264171894000000074e-01 5.906211653999999811e-01 5.626733288999999916e-01 -3.908116484229999799e-01
1.403636973701666594e+09 1.889752713200000045e+00 2.658816813500000098e+00 -1.694462964000000016e-01 4.275024977999999920e-01 5.903366667999999651e-01 5.620717275000000068e-01 -3.909214849050000051e-01
1.403636973751666546e+09 1.891644883999999971e+00 2.658761552400000117e+00 -1.811617454999999988e-01 4.303816422999999780e-01 5.887887485999999670e-01 5.610609208000000292e-01 -3.915483298979999804e-01
1.403636973801666498e+09 1.893608099699999991e+00 2.658426616099999862e+00 -1.912633843000000056e-01 4.319100832000000167e-01 5.876630704999999955e-01 5.606056005999999758e-01 -3.922080521010000154e-01
1.403636973851666451e+09 1.896187542400000092e+00 2.657735938400000109e+00 -1.996771422999999990e-01 4.331784230999999874e-01 5.867177816999999962e-01 5.606983595000000209e-01 -3.920918873409999783e-01
1.403636973901666641e+09 1.899177351999999930e+00 2.656533616699999989e+00 -2.058726358000000090e-01 4.331689731999999737e-01 5.865513587999999778e-01 5.602539717000000197e-01 -3.929855358609999905e-01
1.403636973951666355e+09 1.902258543100000088e+00 2.654896255000000149e+00 -2.095480258999999901e-01 4.322979363000000186e-01 5.871046742000000096e-01 5.594159984000000030e-01 -3.943099499150000131e-01
1.403636974001666546e+09 1.906312514199999919e+00 2.653070654800000039e+00 -2.121941843000000050e-01 4.302571065999999944e-01 5.893035328000000295e-01 5.592456443000000110e-01 -3.935028307630000222e-01
1.403636974051666498e+09 1.910576006000000104e+00 2.651547735399999883e+00 -2.139322609000000042e-01 4.286287665999999885e-01 5.926759047999999863e-01 5.575483679999999609e-01 -3.926225536769999969e-01
1.403636974101666451e+09 1.914475650099999982e+00 2.650558733300000025e+00 -2.147351281000000056e-01 4.276505640000000108e-01 5.972187814999999622e-01 5.550291330000000078e-01 -3.903682667780000171e-01
1.403636974151666403e+09 1.918186519200000051e+00 2.650142742299999910e+00 -2.161742530000000106e-01 4.276051269000000210e-01 6.030446687999999611e-01 5.515479466999999580e-01 -3.863752650180000137e-01
1.403636974201666594e+09 1.921536773699999978e+00 2.650691062699999989e+00 -2.186802047999999998e-01 4.304560313999999943e-01 6.088966849000000403e-01 5.465284262999999809e-01 -3.811287332489999846e-01
1.403636974251666546e+09 1.924020405899999897e+00 2.651988234200000072e+00 -2.227078957999999997e-01 4.355871461999999972e-01 6.144974606999999978e-01 5.404615058999999722e-01 -3.749107486230000008e-01
1.403636974301666498e+09 1.925924880299999975e+00 2.653648502899999873e+00 -2.281241757999999953e-01 4.406898955999999923e-01 6.210384193000000330e-01 5.337061357000000283e-01 -3.677790892310000004e-01
1.403636974351666451e+09 1.927807179800000048e+00 2.655667946299999915e+00 -2.344139907999999994e-01 4.474035623000000017e-01 6.272178800000000054e-01 5.254248310000000366e-01 -3.610492079040000246e-01
1.403636974401666641e+09 1.929587822600000058e+00 2.657502204100000043e+00 -2.422709871000000015e-01 4.528976348000000041e-01 6.344299383999999487e-01 5.164771828999999981e-01 -3.544484521790000064e-01
1.403636974451666355e+09 1.930987220100000012e+00 2.659688217699999857e+00 -2.513027193999999853e-01 4.604372373999999768e-01 6.408794388999999869e-01 5.062307759999999934e-01 -3.478526937900000005e-01
1.403636974501666546e+09 1.932472679500000012e+00 2.661600481199999813e+00 -2.615932893999999842e-01 4.665943699999999805e-01 6.481104092999999677e-01 4.954091049000000080e-01 -3.417783053180000197e-01
1.403636974551666498e+09 1.933978703500000007e+00 2.663632799000000162e+00 -2.729813429999999874e-01 4.733946285000000254e-01 6.548694497000000503e-01 4.849676399000000249e-01 -3.344397072490000178e-01
1.403636974601666451e+09 1.934981949099999987e+00 2.665732010700000210e+00 -2.852323501999999844e-01 4.801920272999999906e-01 6.617426934000000260e-01 4.734774083000000133e-01 -3.276146646379999861e-01
1.403636974651666403e+09 1.936072906799999993e+00 2.667505891999999879e+00 -2.981081151000000151e-01 4.851410788000000140e-01 6.694097125000000315e-01 4.631915455000000237e-01 -3.193467750230000179e-01
1.403636974701666594e+09 1.937884902800000031e+00 2.668694283199999795e+00 -3.099452216999999954e-01 4.883582050999999979e-01 6.774752070999999765e-01 4.529077062999999903e-01 -3.121028946989999886e-01
1.403636974751666546e+09 1.940639424000000002e+00 2.669328136099999860e+00 -3.203910636999999784e-01 4.904948670000000011e-01 6.858219634000000120e-01 4.429065826999999955e-01 -3.047897290930000058e-01
1.403636974801666498e+09 1.943091378200000108e+00 2.669759839400000168e+00 -3.286830432000000246e-01 4.916009405999999804e-01 6.941639762000000324e-01 4.332910420000000151e-01 -2.978653424539999817e-01
1.403636974851666451e+09 1.945626905799999973e+00 2.669750556699999944e+00 -3.343982980999999910e-01 4.911608271999999831e-01 7.029044040999999909e-01 4.228612500000000218e-01 -2.930440304510000260e-01
1.403636974901666641e+09 1.947752380300000086e+00 2.669886106499999912e+00 -3.385790934999999835e-01 4.898440485000000177e-01 7.118624241000000019e-01 4.130724441999999996e-01 -2.875340904290000221e-01
1.403636974951666355e+09 1.949562338800000072e+00 2.670652475499999845e+00 -3.403568378999999866e-01 4.895825860999999946e-01 7.196219032999999765e-01 4.029642665000000012e-01 -2.829717434349999783e-01
1.403636975001666546e+09 1.951372536000000046e+00 2.672124715299999842e+00 -3.406544288999999726e-01 4.895574329999999863e-01 7.265396634999999881e-01 3.943990267999999966e-01 -2.773500399900000191e-01
1.403636975051666498e+09 1.952233176100000023e+00 2.674949584400000191e+00 -3.391033627999999744e-01 4.913935844000000275e-01 7.318257625999999849e-01 3.855934482000000219e-01 -2.725455761450000236e-01
1.403636975101666451e+09 1.952591943999999913e+00 2.679220991999999857e+00 -3.365979230000000211e-01 4.962850731999999820e-01 7.344506295999999601e-01 3.784040190999999886e-01 -2.666342010200000168e-01
1.403636975151666403e+09 1.952659467199999943e+00 2.684086304000000034e+00 -3.342747983000000089e-01 5.017470675999999852e-01 7.355364052999999736e-01 3.722202251999999767e-01 -2.620843004169999824e-01
1.403636975201666594e+09 1.952208738099999952e+00 2.689681879300000134e+00 -3.326830585000000173e-01 5.081757036999999810e-01 7.351852202999999975e-01 3.672227619999999804e-01 -2.576966996300000257e-01
1.403636975251666546e+09 1.951430431099999918e+00 2.695531989000000017e+00 -3.321513508000000225e-01 5.145477631000000551e-01 7.339098335000000528e-01 3.635279931000000020e-01 -2.538983142769999923e-01
1.403636975301666498e+09 1.950706540199999894e+00 2.701148726400000033e+00 -3.329167686000000237e-01 5.196145036999999522e-01 7.327373380999999686e-01 3.603717658999999740e-01 -2.514536762519999913e-01
1.403636975351666451e+09 1.949832536199999966e+00 2.706465563100000082e+00 -3.351678444000000257e-01 5.240120112999999691e-01 7.313234056999999844e-01 3.575219049000000204e-01 -2.505106300630000060e-01
1.403636975401666641e+09 1.949364487700000037e+00 2.711402808099999895e+00 -3.398073099999999735e-01 5.260420841999999819e-01 7.311001091000000063e-01 3.569353846000000163e-01 -2.477286564969999882e-01
1.403636975451666355e+09 1.949016580000000110e+00 2.715725067300000184e+00 -3.455277284000000115e-01 5.266307852999999595e-01 7.314576269000000464e-01 3.561960773999999774e-01 -2.464834892259999966e-01
1.403636975501666546e+09 1.948967072200000095e+00 2.719481938599999982e+00 -3.526152911000000056e-01 5.257767111000000160e-01 7.323802060999999863e-01 3.567342002000000178e-01 -2.447831573400000016e-01
1.403636975551666498e+09 1.948902576699999889e+00 2.722917476300000139e+00 -3.594365362999999980e-01 5.236687693999999560e-01 7.339250257999999638e-01 3.579943192999999746e-01 -2.428273951000000097e-01
1.403636975601666451e+09 1.948630350800000022e+00 2.726161587400000030e+00 -3.647973433000000210e-01 5.215261661000000215e-01 7.352545160000000246e-01 3.596663303000000034e-01 -2.409385513010000035e-01
1.403636975651666403e+09 1.948107912200000014e+00 2.729025665200000006e+00 -3.678223854000000070e-01 5.194760617000000469e-01 7.360992107999999590e-01 3.613368060000000104e-01 -2.402879229390000038e-01
1.403636975701666594e+09 1.947276216999999976e+00 2.731750626899999812e+00 -3.687670623000000036e-01 5.176718074999999697e-01 7.366998235999999700e-01 3.631856112999999886e-01 -2.395526693710000044e-01
1.403636975751666546e+09 1.945817301900000018e+00 2.734356244000000213e+00 -3.675495456999999799e-01 5.157637869000000208e-01 7.371346211000000537e-01 3.652040474000000092e-01 -2.392619280100000134e-01
1.403636975801666498e+09 1.943721607400000106e+00 2.737139026299999944e+00 -3.642353720000000017e-01 5.145588830999999752e-01 7.375103114000000071e-01 3.661502236999999993e-01 -2.392523983129999920e-01
1.403636975851666451e+09 1.940151447200000101e+00 2.741083249299999913e+00 -3.595416841999999891e-01 5.140786310999999609e-01 7.384709503999999924e-01 3.659128645999999985e-01 -2.376795994120000088e-01
1.403636975901666641e+09 1.935574797899999977e+00 2.745687363900000122e+00 -3.546638543999999782e-01 5.140977456999999973e-01 7.404644991000000065e-01 3.636544550999999958e-01 -2.348856546230000120e-01
1.403636975951666355e+09 1.930052456799999927e+00 2.750698470400000151e+00 -3.504149744000000233e-01 5.149284202999999671e-01 7.428148697999999994e-01 3.587466088999999858e-01 -2.331858954980000065e-01
1.403636976001666546e+09 1.924037855799999974e+00 2.756092064999999813e+00 -3.470976422000000006e-01 5.168977951000000015e-01 7.452555780999999824e-01 3.517015754000000216e-01 -2.317688386689999991e-01
1.403636976051666498e+09 1.917591341699999896e+00 2.761979850399999936e+00 -3.445186026000000012e-01 5.202593977999999675e-01 7.475046122999999820e-01 3.419854005999999891e-01 -2.315448107370000064e-01
1.403636976101666451e+09 1.910925321599999949e+00 2.768215603999999885e+00 -3.429015383999999833e-01 5.238704968999999823e-01 7.499315611000000326e-01 3.301756974999999761e-01 -2.326937148690000068e-01
1.403636976151666403e+09 1.904333316400000031e+00 2.774738914699999892e+00 -3.419930102000000027e-01 5.269836380000000320e-01 7.529504402000000152e-01 3.169331320000000063e-01 -2.343230029720000107e-01
1.403636976201666594e+09 1.898421456499999938e+00 2.781938809100000132e+00 -3.428816651000000104e-01 5.297059007000000097e-01 7.565132431000000102e-01 3.035141006000000030e-01 -2.344750786860000102e-01
1.403636976251666546e+09 1.893541725900000028e+00 2.789706270799999999e+00 -3.455320968999999742e-01 5.321625111000000130e-01 7.604058273999999562e-01 2.898482227999999994e-01 -2.336108883739999864e-01
1.403636976301666498e+09 1.889956535700000106e+00 2.798750743699999877e+00 -3.495330681000000106e-01 5.348838853999999809e-01 7.644103052999999814e-01 2.774603252000000242e-01 -2.293292007169999980e-01
1.403636976351666451e+09 1.887662798600000080e+00 2.808486723600000179e+00 -3.546429111000000134e-01 5.378975438999999970e-01 7.682578911999999871e-01 2.648380237999999887e-01 -2.242919216750000055e-01
1.403636976401666641e+09 1.887309597100000014e+00 2.818983520000000187e+00 -3.614836397999999784e-01 5.407186909000000208e-01 7.721921886999999485e-01 2.531671972000000270e-01 -2.173681009129999897e-01
1.403636976451666355e+09 1.888324316500000100e+00 2.830718494600000135e+00 -3.694137957999999999e-01 5.440552343000000235e-01 7.755820866000000535e-01 2.422403075000000017e-01 -2.092748490670000017e-01
1.403636976501666546e+09 1.891097295600000061e+00 2.843077509100000011e+00 -3.789968011000000025e-01 5.472508571999999960e-01 7.787470316000000281e-01 2.345614068999999913e-01 -1.976120097700000133e-01
1.403636976551666498e+09 1.895084303900000045e+00 2.855777438200000073e+00 -3.898418948999999856e-01 5.507164177000000160e-01 7.808556044000000140e-01 2.292952041000000107e-01 -1.854714577759999927e-01
1.403636976601666451e+09 1.899922550499999918e+00 2.868320843999999870e+00 -4.020392535000000267e-01 5.537761377000000040e-01 7.823303638999999921e-01 2.253598317999999934e-01 -1.746543365479999999e-01
1.403636976651666403e+09 1.905464803799999940e+00 2.880416243200000004e+00 -4.156228726999999790e-01 5.563068485000000063e-01 7.834605466999999823e-01 2.222555798999999999e-01 -1.652716527260000012e-01
1.403636976701666594e+09 1.911237044599999990e+00 2.892268413000000038e+00 -4.304870157999999836e-01 5.583624829000000123e-01 7.843363805999999938e-01 2.192229269000000036e-01 -1.580793727129999882e-01
1.403636976751666546e+09 1.916881294600000007e+00 2.903911491500000164e+00 -4.466272406999999833e-01 5.592896878999999988e-01 7.856128095000000089e-01 2.156893981999999932e-01 -1.532502598150000117e-01
1.403636976801666498e+09 1.922463252600000061e+00 2.915089004499999970e+00 -4.642181409999999731e-01 5.586481341000000267e-01 7.875671598000000273e-01 2.126169024000000018e-01 -1.498141643299999992e-01
1.403636976851666451e+09 1.928166490800000021e+00 2.925542951600000219e+00 -4.831012182000000155e-01 5.551104203000000181e-01 7.911405190000000420e-01 2.100953795999999929e-01 -1.476788132409999899e-01
1.403636976901666641e+09 1.933943813800000022e+00 2.936094533699999953e+00 -5.009206148000000525e-01 5.525361054999999855e-01 7.936901840000000208e-01 2.078942283000000113e-01 -1.467642117459999895e-01
1.403636976951666355e+09 1.939675009599999944e+00 2.946994868300000014e+00 -5.168048650000000022e-01 5.495596588000000171e-01 7.963136081999999671e-01 2.056996879000000111e-01 -1.468211742459999969e-01
1.403636977001666546e+09 1.945408142100000015e+00 2.958385558599999854e+00 -5.299500275999999843e-01 5.487218287999999777e-01 7.971592358000000322e-01 2.042908263999999863e-01 -1.473321611789999985e-01
1.403636977051666498e+09 1.951043546099999970e+00 2.970499870399999853e+00 -5.411010276000000063e-01 5.468592429999999949e-01 7.985024174999999502e-01 2.039198459999999880e-01 -1.474976404849999978e-01
1.403636977101666451e+09 1.956383164000000008e+00 2.983977416100000113e+00 -5.491558817999999675e-01 5.458019677000000014e-01 7.992474656000000399e-01 2.032983770000000023e-01 -1.482345125270000119e-01
1.403636977151666403e+09 1.962142280599999955e+00 2.997898141399999883e+00 -5.551135982999999552e-01 5.446505768999999608e-01 7.998490236999999947e-01 2.034130251000000056e-01 -1.490651854649999997e-01
1.403636977201666594e+09 1.967928437699999922e+00 3.012543320599999852e+00 -5.590994321000000156e-01 5.432369950000000003e-01 8.004853168000000130e-01 2.038352003999999995e-01 -1.502266150580000015e-01
1.403636977251666546e+09 1.973780630999999897e+00 3.028104996100000168e+00 -5.613778124999999619e-01 5.427222352999999666e-01 8.004500217000000140e-01 2.045047990999999954e-01 -1.513609103459999938e-01
1.403636977301666498e+09 1.979710149299999999e+00 3.044582469899999921e+00 -5.631956580000000434e-01 5.427173855000000380e-01 7.999753081999999571e-01 2.059407741000000014e-01 -1.519399332199999897e-01
1.403636977351666451e+09 1.985572979300000096e+00 3.061727262599999833e+00 -5.652572951000000012e-01 5.449714357999999592e-01 7.978709426000000215e-01 2.068983417999999963e-01 -1.536267205619999965e-01
1.403636977401666641e+09 1.991610853400000103e+00 3.079382275599999996e+00 -5.686883802000000099e-01 5.473255953000000229e-01 7.957056614999999944e-01 2.087101637000000065e-01 -1.540365558339999996e-01
1.403636977451666355e+09 1.997646111999999974e+00 3.097706737799999832e+00 -5.730128525000000028e-01 5.512378726000000118e-01 7.924317766999999790e-01 2.104530877999999938e-01 -1.545903777519999911e-01
1.403636977501666546e+09 2.003815831399999858e+00 3.116109381399999823e+00 -5.787327737999999888e-01 5.540944861000000055e-01 7.898830596000000481e-01 2.120701289999999961e-01 -1.552105441930000107e-01
1.403636977551666498e+09 2.010103517900000192e+00 3.134733131800000017e+00 -5.853309488000000282e-01 5.575208109000000523e-01 7.870594438000000359e-01 2.130797140000000034e-01 -1.559006506249999979e-01
1.403636977601666451e+09 2.016662971200000154e+00 3.153019818499999793e+00 -5.934945974999999985e-01 5.589830671000000084e-01 7.856054542999999502e-01 2.133353541999999936e-01 -1.576389150499999947e-01
1.403636977651666403e+09 2.023681645399999951e+00 3.171530940099999807e+00 -6.030532950000000447e-01 5.607786114999999683e-01 7.840259389999999495e-01 2.145928730999999978e-01 -1.574184696200000011e-01
1.403636977701666594e+09 2.031082705999999849e+00 3.190143113199999991e+00 -6.139529143999999938e-01 5.605286900000000516e-01 7.844324113999999737e-01 2.133860389999999996e-01 -1.579233298150000131e-01
1.403636977751666546e+09 2.038784883699999995e+00 3.208811961299999904e+00 -6.262800054999999588e-01 5.586946006999999881e-01 7.863052067000000367e-01 2.108915567000000102e-01 -1.584588792280000047e-01
1.403636977801666498e+09 2.046969943000000125e+00 3.227330375799999818e+00 -6.396136330999999675e-01 5.563645766999999465e-01 7.885942680999999954e-01 2.073388177999999915e-01 -1.599629732450000008e-01
1.403636977851666451e+09 2.055876592600000219e+00 3.245603342899999966e+00 -6.538690917999999686e-01 5.536258461999999936e-01 7.911221387000000327e-01 2.044021618000000096e-01 -1.607605062709999977e-01
1.403636977901666641e+09 2.065242349300000058e+00 3.264605289899999985e+00 -6.682282095999999560e-01 5.534575363999999498e-01 7.917850027999999707e-01 2.022855338000000003e-01 -1.607539346830000049e-01
1.403636977951666355e+09 2.075205137799999822e+00 3.284391310400000208e+00 -6.815125584000000236e-01 5.550141906000000125e-01 7.913028939999999789e-01 2.011122267000000075e-01 -1.592257846269999888e-01
1.403636978001666546e+09 2.086278089699999949e+00 3.303789956500000180e+00 -6.931711914999999502e-01 5.568977647999999725e-01 7.904261487000000530e-01 2.007334956000000059e-01 -1.574720505459999975e-01
1.403636978051666498e+09 2.098327704399999938e+00 3.323182589700000023e+00 -7.025903874000000160e-01 5.589477368999999918e-01 7.894867069000000015e-01 2.014097206000000084e-01 -1.540204252900000126e-01
1.403636978101666451e+09 2.110463218700000088e+00 3.343241202499999787e+00 -7.104877403999999563e-01 5.598673535000000534e-01 7.892433491000000467e-01 2.021681432999999917e-01 -1.509023667249999867e-01
1.403636978151666403e+09 2.122506168800000204e+00 3.363561475700000081e+00 -7.160225145999999929e-01 5.595838806999999804e-01 7.897188618999999576e-01 2.022811918999999903e-01 -1.493061255039999924e-01
1.403636978201666594e+09 2.135134045100000044e+00 3.383810141700000163e+00 -7.199779249000000103e-01 5.593024916000000069e-01 7.902136780999999832e-01 2.032885570000000086e-01 -1.463448954890000098e-01
1.403636978251666546e+09 2.148367728100000207e+00 3.403492031999999945e+00 -7.225173178999999557e-01 5.576617877999999751e-01 7.916148095999999690e-01 2.039846355999999916e-01 -1.440471872000000098e-01
1.403636978301666498e+09 2.161906015400000047e+00 3.422676750099999943e+00 -7.236019261999999674e-01 5.571568354999999473e-01 7.921220958000000367e-01 2.047944197000000077e-01 -1.420496097579999895e-01
1.403636978351666451e+09 2.175009231899999840e+00 3.442130782100000008e+00 -7.227090841000000099e-01 5.553575575000000430e-01 7.936252909000000022e-01 2.049767691000000114e-01 -1.404329200520000043e-01
1.403636978401666641e+09 2.187816388299999915e+00 3.461438029299999997e+00 -7.195428391000000534e-01 5.533251392000000379e-01 7.951395450999999559e-01 2.058318624999999902e-01 -1.386276971129999924e-01
1.403636978451666355e+09 2.200367699100000074e+00 3.480691275099999871e+00 -7.150587993999999448e-01 5.503107130000000069e-01 7.973450060000000228e-01 2.073398080999999948e-01 -1.356807451339999970e-01
1.403636978501666546e+09 2.212261769199999950e+00 3.500117970499999842e+00 -7.104527020999999998e-01 5.461622251000000094e-01 8.003606907000000437e-01 2.077853849000000086e-01 -1.339956057629999864e-01
1.403636978551666498e+09 2.223501877699999962e+00 3.519887988599999851e+00 -7.064243062999999712e-01 5.424821965999999662e-01 8.029768646999999593e-01 2.087849652000000056e-01 -1.317196245820000111e-01
1.403636978601666451e+09 2.233775619899999842e+00 3.540198539299999947e+00 -7.037769879999999922e-01 5.383406581999999885e-01 8.059719915999999929e-01 2.087389156999999995e-01 -1.304858211309999905e-01
1.403636978651666403e+09 2.243288236700000216e+00 3.561386120099999886e+00 -7.023766374000000035e-01 5.355533982000000304e-01 8.079735985999999537e-01 2.091540141000000075e-01 -1.289023663499999917e-01
1.403636978701666594e+09 2.251659749899999952e+00 3.583546234099999950e+00 -7.023924113999999719e-01 5.336005651999999877e-01 8.093514131000000278e-01 2.095010019000000112e-01 -1.277891119260000097e-01
1.403636978751666546e+09 2.259006102399999882e+00 3.606608320299999892e+00 -7.038070132000000534e-01 5.316655919999999647e-01 8.107108096999999791e-01 2.097613755000000135e-01 -1.268063357870000130e-01
1.403636978801666498e+09 2.265107384699999837e+00 3.631013815499999797e+00 -7.063196347000000319e-01 5.306234549999999661e-01 8.114847050000000284e-01 2.099166808000000051e-01 -1.259615400970000021e-01
1.403636978851666451e+09 2.269624792500000154e+00 3.656762397200000070e+00 -7.093517894999999962e-01 5.320349075000000427e-01 8.105445291999999746e-01 2.097130068999999986e-01 -1.263996762319999911e-01
1.403636978901666641e+09 2.273037244699999793e+00 3.684033407499999857e+00 -7.130739125999999706e-01 5.354247631999999868e-01 8.083952566000000006e-01 2.086722866000000065e-01 -1.275668803689999908e-01
1.403636978951666355e+09 2.275323360399999828e+00 3.712651138500000059e+00 -7.177120431000000300e-01 5.402679079000000106e-01 8.051673360000000113e-01 2.082010830000000090e-01 -1.283294888269999878e-01
1.403636979001666546e+09 2.276634353700000002e+00 3.742041003000000199e+00 -7.232026756999999639e-01 5.478094882999999804e-01 8.001251552000000489e-01 2.069939305999999868e-01 -1.298384119219999910e-01
1.403636979051666498e+09 2.277437820099999843e+00 3.771471673200000208e+00 -7.305918302999999669e-01 5.543935332999999632e-01 7.956403859999999773e-01 2.057802451000000088e-01 -1.313722844250000132e-01
1.403636979101666451e+09 2.277948195700000067e+00 3.800569726099999990e+00 -7.402195024000000068e-01 5.595068234000000196e-01 7.920294599999999630e-01 2.050081651000000005e-01 -1.327143600239999999e-01
1.403636979151666403e+09 2.278000793099999921e+00 3.829133804700000088e+00 -7.513430236999999456e-01 5.632123145999999858e-01 7.893847710000000406e-01 2.044145945999999991e-01 -1.337095566529999946e-01
1.403636979201666594e+09 2.277775183500000189e+00 3.856942350599999791e+00 -7.642260440999999460e-01 5.637468557000000491e-01 7.889866841999999547e-01 2.042967581000000032e-01 -1.339863034350000093e-01
1.403636979251666546e+09 2.277311848000000083e+00 3.883787396999999864e+00 -7.782801785999999833e-01 5.604527679999999901e-01 7.912176803999999564e-01 2.050609479999999929e-01 -1.334814015899999928e-01
1.403636979301666498e+09 2.276570976799999979e+00 3.910298930100000181e+00 -7.911536131999999943e-01 5.564396732999999928e-01 7.940121200999999962e-01 2.062714082999999865e-01 -1.318019318649999994e-01
1.403636979351666451e+09 2.275153396799999950e+00 3.936881060100000163e+00 -8.026427502999999852e-01 5.520323837999999705e-01 7.970285310000000401e-01 2.073141391999999972e-01 -1.304860745839999947e-01
1.403636979401666641e+09 2.272654597499999873e+00 3.964126288500000150e+00 -8.125910697999999543e-01 5.480985659999999537e-01 7.996346207000000206e-01 2.088745136000000058e-01 -1.286229877279999878e-01
1.403636979451666355e+09 2.269382343499999788e+00 3.991664622000000051e+00 -8.202245093000000153e-01 5.443462100999999498e-01 8.022063649999999768e-01 2.092638145999999866e-01 -1.279093714700000051e-01
1.403636979501666546e+09 2.265506255100000033e+00 4.019192618099999947e+00 -8.255593825999999469e-01 5.414218726999999731e-01 8.041238432999999741e-01 2.094051596000000015e-01 -1.280495197759999870e-01
1.403636979551666498e+09 2.260991284200000173e+00 4.047185814399999693e+00 -8.294038307000000110e-01 5.391395822000000226e-01 8.057032004999999941e-01 2.100110877999999959e-01 -1.267525411529999979e-01
1.403636979601666451e+09 2.255133527199999932e+00 4.076254502600000329e+00 -8.307840211999999447e-01 5.383373140999999640e-01 8.063063858000000250e-01 2.096544932000000139e-01 -1.269170675279999994e-01
1.403636979651666403e+09 2.248206697300000112e+00 4.106421541299999589e+00 -8.306170469000000445e-01 5.372871595999999528e-01 8.071761763000000478e-01 2.091120610999999962e-01 -1.267330833970000126e-01
1.403636979701666594e+09 2.240739737999999814e+00 4.137403140600000029e+00 -8.297350176000000133e-01 5.374043935000000216e-01 8.072836264999999623e-01 2.101416919000000105e-01 -1.238149163219999932e-01
1.403636979751666546e+09 2.231878061599999796e+00 4.169039373500000423e+00 -8.273490528000000399e-01 5.367731207000000504e-01 8.079280544000000397e-01 2.096126852000000096e-01 -1.232452759399999959e-01
1.403636979801666498e+09 2.221577284799999941e+00 4.202185684199999827e+00 -8.229712196999999785e-01 5.392286173000000460e-01 8.065422647000000111e-01 2.087754877000000120e-01 -1.230238568589999970e-01
1.403636979851666451e+09 2.210057968400000128e+00 4.236579155000000263e+00 -8.170380842000000143e-01 5.436466625000000441e-01 8.039181895000000466e-01 2.076623515999999892e-01 -1.226384876369999988e-01
1.403636979901666641e+09 2.197219692800000068e+00 4.271378804900000326e+00 -8.108499054000000150e-01 5.469604959999999627e-01 8.020176424999999609e-01 2.056459156000000066e-01 -1.237403509100000049e-01
1.403636979951666355e+09 2.183575937500000119e+00 4.306653362699999654e+00 -8.056729178999999519e-01 5.509580397000000129e-01 7.996276989999999696e-01 2.045866527999999906e-01 -1.232277685979999982e-01
1.403636980001666546e+09 2.169183145599999918e+00 4.341887640700000439e+00 -8.024305137999999671e-01 5.530510260000000011e-01 7.984913000000000149e-01 2.037584481999999975e-01 -1.225916033610000011e-01
1.403636980051666498e+09 2.154468760199999888e+00 4.376799405099999873e+00 -8.007488091000000141e-01 5.546624908999999715e-01 7.976614061000000255e-01 2.031257546999999941e-01 -1.217609549750000020e-01
1.403636980101666451e+09 2.139230438799999856e+00 4.411617618700000243e+00 -8.006276783000000341e-01 5.559158788000000406e-01 7.970380231000000482e-01 2.022233441999999881e-01 -1.216291273060000067e-01
1.403636980151666403e+09 2.123379137200000155e+00 4.446223166600000276e+00 -8.017388523999999794e-01 5.569936408000000228e-01 7.965526931999999949e-01 2.010434567000000117e-01 -1.218335731440000069e-01
1.403636980201666594e+09 2.106801695900000215e+00 4.480662562000000015e+00 -8.043659766999999849e-01 5.573452379000000123e-01 7.965570925999999607e-01 2.000652850999999899e-01 -1.218070835500000004e-01
1.403636980251666546e+09 2.089596057200000079e+00 4.514758477900000067e+00 -8.082031777999999500e-01 5.576684389999999603e-01 7.965141162000000108e-01 1.988974622999999942e-01 -1.225192810299999963e-01
1.403636980301666498e+09 2.071860940200000112e+00 4.548758512700000090e+00 -8.130485982999999806e-01 5.597415395999999488e-01 7.953211287000000462e-01 1.968780464999999869e-01 -1.240675053470000067e-01
1.403636980351666451e+09 2.054070674100000105e+00 4.582268652199999792e+00 -8.192671710000000163e-01 5.623417938000000449e-01 7.935981514000000070e-01 1.959284758000000015e-01 -1.248427545879999961e-01
1.403636980401666641e+09 2.035802805999999965e+00 4.615231854700000191e+00 -8.267006490999999624e-01 5.647842282999999686e-01 7.919536293000000171e-01 1.936470193000000006e-01 -1.277851964399999984e-01
1.403636980451666355e+09 2.017582288999999918e+00 4.647835378799999972e+00 -8.357832807999999725e-01 5.670503159999999987e-01 7.903683404000000357e-01 1.927921035999999866e-01 -1.288527472559999887e-01
1.403636980501666546e+09 1.999257030000000102e+00 4.679652935900000088e+00 -8.458782649999999625e-01 5.684642710999999737e-01 7.893703615999999590e-01 1.907558296999999903e-01 -1.317384461480000102e-01
1.403636980551666498e+09 1.981240976999999903e+00 4.710452930599999810e+00 -8.569658478999999662e-01 5.690238010000000513e-01 7.888219231999999970e-01 1.896315352000000065e-01 -1.342079293900000081e-01
1.403636980601666451e+09 1.963711175800000097e+00 4.739924157999999998e+00 -8.684172420000000336e-01 5.695678293000000503e-01 7.883055362999999982e-01 1.879060231999999941e-01 -1.373251461459999989e-01
1.403636980651666403e+09 1.946946668000000047e+00 4.768476199000000193e+00 -8.793696089000000438e-01 5.697837810000000447e-01 7.879845703000000201e-01 1.868210906999999976e-01 -1.397305977899999940e-01
1.403636980701666594e+09 1.930666693600000094e+00 4.797170284499999937e+00 -8.887290122000000014e-01 5.704770582000000534e-01 7.872888882999999893e-01 1.880101684000000106e-01 -1.392275440550000132e-01
1.403636980751666546e+09 1.914995235899999981e+00 4.825325702099999781e+00 -8.965235066000000197e-01 5.693075292999999482e-01 7.879704503000000138e-01 1.891588029000000060e-01 -1.386017813900000117e-01
1.403636980801666498e+09 1.899968018200000053e+00 4.853134941899999610e+00 -9.027407378999999787e-01 5.681120744000000000e-01 7.886496481000000447e-01 1.926280197000000138e-01 -1.348141293329999935e-01
1.403636980851666451e+09 1.885313290900000105e+00 4.879796455100000152e+00 -9.072372078999999534e-01 5.654371992000000180e-01 7.902471334999999764e-01 1.956124320000000028e-01 -1.323858686759999959e-01
1.403636980901666641e+09 1.870167771500000020e+00 4.907034603199999623e+00 -9.092527846000000302e-01 5.627268152000000079e-01 7.919669514999999604e-01 1.981963053999999946e-01 -1.297886890180000030e-01
1.403636980951666355e+09 1.855104289400000050e+00 4.933804312500000400e+00 -9.099668689000000033e-01 5.613222289999999504e-01 7.927025653999999477e-01 2.010647351000000027e-01 -1.269368754430000024e-01
1.403636981001666546e+09 1.839848867700000001e+00 4.959549110600000255e+00 -9.100944435000000166e-01 5.601993301000000036e-01 7.933060030999999901e-01 2.024054425000000046e-01 -1.259933841289999912e-01
1.403636981051666498e+09 1.823759412200000041e+00 4.985395952200000202e+00 -9.110269289000000326e-01 5.600529300000000044e-01 7.933142933000000285e-01 2.030184299999999997e-01 -1.256051940319999893e-01
1.403636981101666451e+09 1.807106893999999908e+00 5.010488516599999720e+00 -9.125779010000000246e-01 5.609283360000000274e-01 7.927092942000000253e-01 2.019194450000000030e-01 -1.272788852189999931e-01
1.403636981151666403e+09 1.790041077799999991e+00 5.035064313600000396e+00 -9.155526895000000165e-01 5.609510640999999520e-01 7.927547211000000038e-01 1.998714621999999885e-01 -1.300970959530000082e-01
1.403636981201666594e+09 1.772762261100000014e+00 5.059212676699999633e+00 -9.194639471000000119e-01 5.610221453999999497e-01 7.928844171000000163e-01 1.966265846999999956e-01 -1.338896548400000108e-01
1.403636981251666546e+09 1.755331660900000035e+00 5.083191803000000064e+00 -9.239086314000000133e-01 5.610480474000000273e-01 7.930950568000000311e-01 1.916199560999999885e-01 -1.396678622970000117e-01
1.403636981301666498e+09 1.738278517299999937e+00 5.107141861599999721e+00 -9.291255137999999691e-01 5.615272524000000098e-01 7.928865894000000081e-01 1.865051229999999949e-01 -1.457183589569999993e-01
1.403636981351666451e+09 1.722100136299999917e+00 5.131085257399999655e+00 -9.354007809000000062e-01 5.617048977999999915e-01 7.928560491999999682e-01 1.818310002999999897e-01 -1.510111928389999969e-01
1.403636981401666641e+09 1.707118127900000060e+00 5.155035576400000430e+00 -9.434723050000000111e-01 5.616380411000000406e-01 7.930754526000000082e-01 1.796196060999999955e-01 -1.527443432639999932e-01
1.403636981451666355e+09 1.693662917699999992e+00 5.178995651200000161e+00 -9.534340487000000364e-01 5.617818884999999929e-01 7.933125720000000491e-01 1.805325650999999865e-01 -1.498808386159999895e-01
1.403636981501666546e+09 1.681403034199999924e+00 5.202956617199999911e+00 -9.640978135000000115e-01 5.618291667999999461e-01 7.937153795000000400e-01 1.829057997999999907e-01 -1.446006640049999903e-01
1.403636981551666498e+09 1.670266291899999977e+00 5.226888859499999818e+00 -9.745290372999999562e-01 5.619153287999999469e-01 7.940766328999999679e-01 1.866031853000000018e-01 -1.373780027800000081e-01
1.403636981601666451e+09 1.659642846099999902e+00 5.250608924799999855e+00 -9.835691346999999585e-01 5.608557459999999883e-01 7.951293580999999611e-01 1.906089750999999943e-01 -1.299167223350000122e-01
1.403636981651666403e+09 1.648742936199999898e+00 5.274647067900000152e+00 -9.903558472000000279e-01 5.599862683999999868e-01 7.960317630000000033e-01 1.935159455999999889e-01 -1.236947467669999995e-01
1.403636981701666594e+09 1.637645328000000067e+00 5.298018342299999794e+00 -9.947810911000000145e-01 5.590533546000000520e-01 7.969482866999999526e-01 1.950968913999999998e-01 -1.194570130370000011e-01
1.403636981751666546e+09 1.626162236899999947e+00 5.321129178099999635e+00 -9.971370985999999936e-01 5.584647508000000204e-01 7.976861583000000033e-01 1.959197635999999909e-01 -1.158851210140000032e-01
1.403636981801666498e+09 1.613982142100000017e+00 5.344172150100000351e+00 -9.974810012999999476e-01 5.559266853000000008e-01 7.997265180999999501e-01 1.963710768999999967e-01 -1.132316957789999967e-01
1.403636981851666451e+09 1.601010561500000096e+00 5.367261069399999585e+00 -9.957148237999999818e-01 5.531331965000000350e-01 8.019416894999999990e-01 1.966718377999999989e-01 -1.106949943720000051e-01
1.403636981901666641e+09 1.587077644100000073e+00 5.390466992500000387e+00 -9.915469313000000451e-01 5.499969233000000512e-01 8.043579616999999571e-01 1.968044680999999907e-01 -1.085341198909999944e-01
1.403636981951666355e+09 1.571949700800000072e+00 5.413820843599999932e+00 -9.864146488999999685e-01 5.453527360000000046e-01 8.078351541999999608e-01 1.960910842999999959e-01 -1.074292498849999944e-01
1.403636982001666546e+09 1.555814741799999901e+00 5.437721295200000249e+00 -9.815753430000000446e-01 5.409517255000000358e-01 8.110002120999999509e-01 1.956603396999999911e-01 -1.066157493640000065e-01
1.403636982051666498e+09 1.538587833400000049e+00 5.462359235700000148e+00 -9.776358579999999687e-01 5.362724091999999665e-01 8.143487168999999914e-01 1.946257030999999915e-01 -1.066250731660000062e-01
1.403636982101666451e+09 1.520157898199999913e+00 5.487980873599999754e+00 -9.748305045999999807e-01 5.321904291000000287e-01 8.171911134999999549e-01 1.939731833999999988e-01 -1.065196477180000018e-01
1.403636982151666403e+09 1.500455835199999921e+00 5.514768853199999654e+00 -9.727613093000000433e-01 5.292337054000000318e-01 8.192702104000000318e-01 1.927197519999999942e-01 -1.075504749700000040e-01
1.403636982201666594e+09 1.479598673899999994e+00 5.542899578900000179e+00 -9.715962315999999710e-01 5.276006453999999568e-01 8.204930854999999967e-01 1.911111441999999994e-01 -1.091108891349999999e-01
1.403636982251666546e+09 1.457427011700000108e+00 5.572520810500000366e+00 -9.712620375999999611e-01 5.272921138999999702e-01 8.207997549000000115e-01 1.887065773999999918e-01 -1.124304971520000002e-01
1.403636982301666498e+09 1.434320262399999990e+00 5.603779550999999692e+00 -9.719213291999999615e-01 5.280238256000000518e-01 8.204281001000000018e-01 1.859138214999999927e-01 -1.162954126880000050e-01
1.403636982351666451e+09 1.410748256500000020e+00 5.636701337999999950e+00 -9.736105863999999777e-01 5.310088456999999540e-01 8.184937262000000491e-01 1.838608190000000087e-01 -1.195526041890000030e-01
1.403636982401666641e+09 1.386746392700000108e+00 5.671449963699999763e+00 -9.755263489000000066e-01 5.357189281999999997e-01 8.153972559000000064e-01 1.815970299000000121e-01 -1.231059051850000030e-01
1.403636982451666355e+09 1.362915241300000080e+00 5.707418402000000057e+00 -9.765399504999999758e-01 5.419932589999999495e-01 8.111374903000000414e-01 1.799145346999999895e-01 -1.262142592930000085e-01
1.403636982501666546e+09 1.339365138400000044e+00 5.744552427200000366e+00 -9.759746649999999635e-01 5.478452051000000100e-01 8.069741350000000368e-01 1.783492111999999963e-01 -1.298073014879999876e-01
1.403636982551666498e+09 1.316157279800000079e+00 5.783027254500000325e+00 -9.736627449000000434e-01 5.531447698000000468e-01 8.031578617000000309e-01 1.784889671000000066e-01 -1.308052046050000028e-01
1.403636982601666451e+09 1.293482756399999989e+00 5.822016046499999931e+00 -9.707480532000000162e-01 5.552748436000000121e-01 8.014727528999999739e-01 1.791483769999999975e-01 -1.312140745990000024e-01
1.403636982651666403e+09 1.271088029800000019e+00 5.861520920200000262e+00 -9.665647636999999959e-01 5.546049709000000494e-01 8.016642019999999924e-01 1.794514842999999915e-01 -1.324575339490000059e-01
1.403636982701666594e+09 1.249286699200000017e+00 5.901332646200000198e+00 -9.614805485999999846e-01 5.538700746000000397e-01 8.019022560999999882e-01 1.798659123000000137e-01 -1.335251501920000083e-01
1.403636982751666546e+09 1.228449490999999894e+00 5.941170128099999559e+00 -9.568451422000000539e-01 5.516674766000000396e-01 8.031626634999999848e-01 1.821258152000000130e-01 -1.319959041290000024e-01
1.403636982801666498e+09 1.208155181199999983e+00 5.981233696200000338e+00 -9.522070056000000449e-01 5.497975711000000487e-01 8.041084618999999600e-01 1.841178796999999867e-01 -1.312738314119999972e-01
1.403636982851666451e+09 1.188535037200000088e+00 6.021684171599999580e+00 -9.486039550999999515e-01 5.480700364999999685e-01 8.051690965000000144e-01 1.856594618000000085e-01 -1.298172768239999886e-01
1.403636982901666641e+09 1.169316998200000013e+00 6.062551740600000016e+00 -9.463953754999999690e-01 5.468353513000000499e-01 8.058804969999999734e-01 1.878147155999999873e-01 -1.274886494140000104e-01
1.403636982951666355e+09 1.149861411500000097e+00 6.103918150500000195e+00 -9.452019607999999629e-01 5.477356706999999547e-01 8.051365220999999739e-01 1.890297760999999910e-01 -1.265249362529999866e-01
1.403636983001666546e+09 1.130116906300000057e+00 6.145851563599999956e+00 -9.454639567000000522e-01 5.489200526999999941e-01 8.042679415000000276e-01 1.898052172999999954e-01 -1.257530652349999889e-01
1.403636983051666498e+09 1.110149384200000089e+00 6.188244608399999791e+00 -9.471661523000000082e-01 5.522520548999999557e-01 8.018973417000000437e-01 1.899516763999999913e-01 -1.260820443719999906e-01
1.403636983101666451e+09 1.090176258300000089e+00 6.230501716200000040e+00 -9.502274212000000331e-01 5.550883402999999827e-01 7.999265352000000107e-01 1.898499972999999896e-01 -1.262990550199999951e-01
1.403636983151666403e+09 1.070340697000000008e+00 6.273134243700000390e+00 -9.549828227000000114e-01 5.576945020000000364e-01 7.980927165000000212e-01 1.903492421999999906e-01 -1.256663213220000075e-01
1.403636983201666594e+09 1.050794860799999952e+00 6.315820842299999960e+00 -9.611353143999999959e-01 5.596016564000000360e-01 7.967488588000000149e-01 1.915878303999999921e-01 -1.238198100870000068e-01
1.403636983251666546e+09 1.031197493499999895e+00 6.358591419699999747e+00 -9.684579210999999521e-01 5.614285838999999445e-01 7.954326296000000518e-01 1.922654466000000006e-01 -1.229588341509999933e-01
1.403636983301666498e+09 1.011582172600000051e+00 6.401129860900000246e+00 -9.771014168999999638e-01 5.629138988999999871e-01 7.944847053000000381e-01 1.929051918999999948e-01 -1.212830672979999941e-01
1.403636983351666451e+09 9.919369395999999561e-01 6.443481731200000340e+00 -9.867197327000000184e-01 5.636296444999999711e-01 7.940512440000000449e-01 1.926715625000000043e-01 -1.211689513510000038e-01
1.403636983401666641e+09 9.725031082999999743e-01 6.485444902300000258e+00 -9.972692635000000028e-01 5.649075230000000225e-01 7.932273897999999601e-01 1.932949711999999987e-01 -1.196112562030000048e-01
1.403636983451666355e+09 9.526882859999999953e-01 6.527012730700000098e+00 -1.007776525399999956e+00 5.653133702000000538e-01 7.930784068999999770e-01 1.925583010999999956e-01 -1.198696568300000043e-01
1.403636983501666546e+09 9.329213485999999778e-01 6.567929862999999813e+00 -1.017718885899999925e+00 5.645663488000000063e-01 7.937499191000000343e-01 1.922470320000000121e-01 -1.194444737559999942e-01
1.403636983551666498e+09 9.132342618000000023e-01 6.608233819499999662e+00 -1.026176423599999943e+00 5.634123438000000483e-01 7.947146725000000522e-01 1.922695839000000129e-01 -1.184378627099999942e-01
1.403636983601666451e+09 8.933136872000000395e-01 6.647569209700000314e+00 -1.033205980700000026e+00 5.619113501000000399e-01 7.959622451000000209e-01 1.926193455000000110e-01 -1.166084332209999935e-01
1.403636983651666403e+09 8.730480567999999719e-01 6.686239729599999571e+00 -1.038851051900000044e+00 5.587544133999999829e-01 7.983446908000000342e-01 1.928256315999999915e-01 -1.151413742199999951e-01
1.403636983701666594e+09 8.520994889999999877e-01 6.725151268800000359e+00 -1.042013991399999950e+00 5.566307319000000087e-01 8.000449037000000319e-01 1.928019518999999904e-01 -1.136564455780000038e-01
1.403636983751666546e+09 8.303657078999999719e-01 6.763797650599999933e+00 -1.042321834800000069e+00 5.542855708999999687e-01 8.018599475000000032e-01 1.930133229999999867e-01 -1.119552933510000042e-01
1.403636983801666498e+09 8.078247464000000155e-01 6.802760349799999773e+00 -1.040784638000000095e+00 5.529987291000000305e-01 8.028972398999999482e-01 1.935344434999999863e-01 -1.099674816539999989e-01
1.403636983851666451e+09 7.848009294000000136e-01 6.841144909699999666e+00 -1.037591871000000054e+00 5.508360922999999687e-01 8.046055721000000549e-01 1.934429936000000017e-01 -1.084863167990000044e-01
1.403636983901666641e+09 7.611349109999999696e-01 6.879176571000000351e+00 -1.032896345199999955e+00 5.494561587999999830e-01 8.056696266999999745e-01 1.933880527999999877e-01 -1.076821395939999981e-01
1.403636983951666355e+09 7.364941288999999891e-01 6.917524938699999737e+00 -1.026864591999999909e+00 5.481427277000000542e-01 8.068524650999999714e-01 1.924744325999999950e-01 -1.071552259110000044e-01
1.403636984001666546e+09 7.108731538000000461e-01 6.956096109299999775e+00 -1.018859713299999914e+00 5.469929405000000244e-01 8.078462517000000176e-01 1.918853141000000095e-01 -1.065982316040000044e-01
1.403636984051666498e+09 6.843996922999999732e-01 6.994986786700000181e+00 -1.010073295300000007e+00 5.454507975000000286e-01 8.091043194000000494e-01 1.912123652999999923e-01 -1.061671289470000057e-01
1.403636984101666451e+09 6.570325864999999599e-01 7.034481129999999638e+00 -1.001382479499999922e+00 5.451644732000000548e-01 8.095436328999999764e-01 1.905822813999999976e-01 -1.054191519900000013e-01
1.403636984151666403e+09 6.290584410999999765e-01 7.074696447100000007e+00 -9.938876528000000210e-01 5.466287450000000270e-01 8.087367796000000109e-01 1.899241506000000079e-01 -1.052171724359999977e-01
1.403636984201666594e+09 6.004123437999999702e-01 7.115457157999999893e+00 -9.879127492000000510e-01 5.490032363000000304e-01 8.073767694000000272e-01 1.890134303999999876e-01 -1.049386579539999947e-01
1.403636984251666546e+09 5.708095439999999465e-01 7.156486340899999909e+00 -9.835542157000000119e-01 5.522474710000000453e-01 8.054351557000000161e-01 1.873018646000000065e-01 -1.059006716900000034e-01
1.403636984301666498e+09 5.407140578000000364e-01 7.197841223400000210e+00 -9.816252981999999960e-01 5.551192583999999819e-01 8.036287748999999536e-01 1.869477904999999884e-01 -1.052327171280000029e-01
1.403636984351666451e+09 5.100477449000000441e-01 7.239540948900000217e+00 -9.815230177999999528e-01 5.574045162999999858e-01 8.022831336000000313e-01 1.854131437000000049e-01 -1.061317337319999943e-01
1.403636984401666641e+09 4.788427296000000166e-01 7.281092972999999802e+00 -9.836757055000000527e-01 5.588511904999999835e-01 8.014514928999999510e-01 1.848124637999999931e-01 -1.058546388360000062e-01
1.403636984451666355e+09 4.471200103999999897e-01 7.322571069600000371e+00 -9.874334292999999985e-01 5.608579126999999609e-01 8.001798894999999634e-01 1.844888960000000133e-01 -1.054248235359999952e-01
1.403636984501666546e+09 4.148891312999999914e-01 7.363760543699999772e+00 -9.925336868999999895e-01 5.625466094000000083e-01 7.991692479999999987e-01 1.836992013000000035e-01 -1.054724075320000037e-01
1.403636984551666498e+09 3.821871138999999862e-01 7.404419242400000378e+00 -9.987959450000000183e-01 5.632362649000000054e-01 7.987435928999999657e-01 1.835794826000000102e-01 -1.052243140230000040e-01
1.403636984601666451e+09 3.489012510999999761e-01 7.444559259800000106e+00 -1.004598942099999892e+00 5.639633527999999840e-01 7.982468932999999822e-01 1.834565851999999941e-01 -1.053134146329999937e-01
1.403636984651666403e+09 3.150965088000000081e-01 7.484277360000000101e+00 -1.009008575800000029e+00 5.641363806000000425e-01 7.981081413999999707e-01 1.835190006999999901e-01 -1.053295541740000008e-01
1.403636984701666594e+09 2.809125196999999741e-01 7.523298342700000418e+00 -1.011646281700000038e+00 5.647682726999999625e-01 7.975768720000000478e-01 1.839591368000000060e-01 -1.051996545170000019e-01
1.403636984751666546e+09 2.461453553999999877e-01 7.561836141199999695e+00 -1.012524374100000069e+00 5.650883620000000107e-01 7.972669656999999965e-01 1.833056636000000017e-01 -1.069558892879999973e-01
1.403636984801666498e+09 2.110013852000000023e-01 7.600126799299999902e+00 -1.012177876500000018e+00 5.651730262999999921e-01 7.972006425000000007e-01 1.822204326999999902e-01 -1.088407080619999967e-01
1.403636984851666451e+09 1.757020707999999987e-01 7.637667031000000328e+00 -1.010768596399999941e+00 5.644165480999999707e-01 7.977077275999999717e-01 1.808060475000000111e-01 -1.113800467879999950e-01
1.403636984901666641e+09 1.405715394000000007e-01 7.674512695999999856e+00 -1.008033035600000016e+00 5.637447195000000466e-01 7.982109035000000130e-01 1.789879082999999982e-01 -1.140814329559999979e-01
1.403636984951666355e+09 1.058233350999999989e-01 7.710644919199999947e+00 -1.004050854599999987e+00 5.641152400000000178e-01 7.979650942999999552e-01 1.780906455000000055e-01 -1.153664865910000031e-01
1.403636985001666546e+09 7.157159629999999828e-02 7.745721272099999943e+00 -9.990280346000000034e-01 5.638270775999999485e-01 7.981589400999999917e-01 1.778218249999999889e-01 -1.158478809479999982e-01
1.403636985051666498e+09 3.765732559999999951e-02 7.780634912700000072e+00 -9.935460995999999545e-01 5.635924142999999553e-01 7.983569052000000221e-01 1.777402677000000097e-01 -1.157507656050000000e-01
1.403636985101666451e+09 3.742712500000000206e-03 7.815780996400000014e+00 -9.884589325999999510e-01 5.637417641999999951e-01 7.982851913999999827e-01 1.785704129000000029e-01 -1.142303994139999973e-01
1.403636985151666403e+09 -2.985457509999999912e-02 7.850049988200000328e+00 -9.859273576999999511e-01 5.628495815999999818e-01 7.989341858999999824e-01 1.797687608999999909e-01 -1.121949538809999952e-01
1.403636985201666594e+09 -6.381622879999999942e-02 7.884699362800000166e+00 -9.859338464000000357e-01 5.635481936999999775e-01 7.984795867999999741e-01 1.803784184999999984e-01 -1.109387621209999980e-01
1.403636985251666546e+09 -9.769416710000000670e-02 7.918484560299999586e+00 -9.898112782000000331e-01 5.642053443000000224e-01 7.980826201999999814e-01 1.808901042999999931e-01 -1.096140089499999942e-01
1.403636985301666498e+09 -1.319485035999999889e-01 7.952176626900000045e+00 -9.968568660000000081e-01 5.647086681999999858e-01 7.977927843000000019e-01 1.810844855000000031e-01 -1.088080994770000004e-01
1.403636985351666451e+09 -1.665638171999999917e-01 7.985491110899999967e+00 -1.005190064800000060e+00 5.646615762000000149e-01 7.975713757000000292e-01 1.823073571999999920e-01 -1.086334775810000042e-01
1.403636985401666641e+09 -2.015780980999999916e-01 8.017892645899999948e+00 -1.013019681699999897e+00 5.644769841000000232e-01 7.970293607999999752e-01 1.848977269000000034e-01 -1.091914049879999932e-01
1.403636985451666355e+09 -2.371892093999999895e-01 8.049818049000000642e+00 -1.019913420399999993e+00 5.635431559000000368e-01 7.964990585000000234e-01 1.897420881999999920e-01 -1.095732685270000006e-01
1.403636985501666546e+09 -2.734004380000000234e-01 8.081155908299999524e+00 -1.024417772600000109e+00 5.632096339000000063e-01 7.952471286000000195e-01 1.949565535999999988e-01 -1.112153539610000047e-01
1.403636985551666498e+09 -3.100917971000000106e-01 8.111812413699999169e+00 -1.027012343100000002e+00 5.632530475999999453e-01 7.937650393999999832e-01 1.995449914999999907e-01 -1.134233792379999994e-01
1.403636985601666451e+09 -3.471419612000000154e-01 8.141705744299999381e+00 -1.028005430000000109e+00 5.637738462000000395e-01 7.921043543000000353e-01 2.039137530000000031e-01 -1.146687560859999955e-01
1.403636985651666403e+09 -3.847951310000000125e-01 8.170686648600000268e+00 -1.027200623399999957e+00 5.643650084000000344e-01 7.904390826999999620e-01 2.085052265000000016e-01 -1.149946274179999978e-01
1.403636985701666594e+09 -4.229791797999999936e-01 8.198706701900000837e+00 -1.024582958899999952e+00 5.657046627999999799e-01 7.884746106000000143e-01 2.119365085999999898e-01 -1.156241291459999959e-01
1.403636985751666546e+09 -4.618527624000000054e-01 8.225613791200000691e+00 -1.020134681999999904e+00 5.673437655999999940e-01 7.863828881000000104e-01 2.147031896000000106e-01 -1.167285110449999969e-01
1.403636985801666498e+09 -5.013780959000000426e-01 8.251512547999999114e+00 -1.014405036200000110e+00 5.693415857000000413e-01 7.841014433999999866e-01 2.168438068999999913e-01 -1.183801022760000016e-01
1.403636985851666451e+09 -5.416914754999999637e-01 8.276639209900000793e+00 -1.007469387200000011e+00 5.751297851000000128e-01 7.792401128000000510e-01 2.173644493999999927e-01 -1.215042101029999988e-01
1.403636985901666641e+09 -5.826249862000000279e-01 8.300761335000000685e+00 -1.001120019100000036e+00 5.832025629999999516e-01 7.726549709000000155e-01 2.171742101999999952e-01 -1.253572051669999965e-01
1.403636985951666355e+09 -6.238984352999999983e-01 8.323312918799999238e+00 -9.960520907000000035e-01 5.923583872000000028e-01 7.652228105999999697e-01 2.160867468000000069e-01 -1.298156731569999889e-01
1.403636986001666546e+09 -6.645925431000000438e-01 8.343454981300000739e+00 -9.937810553000000491e-01 5.982347340000000457e-01 7.602754306000000240e-01 2.160883985000000007e-01 -1.319176891749999914e-01
1.403636986051666498e+09 -7.044691897000000536e-01 8.361079741899999362e+00 -9.942696782000000066e-01 6.009172258999999627e-01 7.579215447999999578e-01 2.171777334999999975e-01 -1.314809929709999936e-01
1.403636986101666451e+09 -7.439555701000000187e-01 8.375816408800000445e+00 -9.969712801000000235e-01 5.995889227999999793e-01 7.586912153999999520e-01 2.176210399000000073e-01 -1.323701115070000101e-01
1.403636986151666403e+09 -7.830313831999999863e-01 8.387984450699999428e+00 -1.002102657500000049e+00 5.944865138999999576e-01 7.625004447000000019e-01 2.188244228000000013e-01 -1.315094243399999863e-01
1.403636986201666594e+09 -8.218448498999999519e-01 8.397756253700000784e+00 -1.008440781500000050e+00 5.883270129000000015e-01 7.671437190000000017e-01 2.196821831000000114e-01 -1.307730045409999931e-01
1.403636986251666546e+09 -8.601371144999999663e-01 8.405405844200000587e+00 -1.016421059500000057e+00 5.808315363999999592e-01 7.727195650000000526e-01 2.217373095999999877e-01 -1.279522011299999984e-01
1.403636986301666498e+09 -8.987383905000000395e-01 8.411563430099999294e+00 -1.024521840900000091e+00 5.754397907999999617e-01 7.766620600000000429e-01 2.224722264000000005e-01 -1.271660338660000056e-01
1.403636986351666451e+09 -9.376450555999999992e-01 8.416723613700000328e+00 -1.033153709300000056e+00 5.714391387999999683e-01 7.795108397000000133e-01 2.238218486999999923e-01 -1.253951412840000057e-01
1.403636986401666641e+09 -9.772839208000000388e-01 8.420375827000000868e+00 -1.042036136899999965e+00 5.677620146999999839e-01 7.821919191999999743e-01 2.228181951000000049e-01 -1.271776243219999991e-01
1.403636986451666355e+09 -1.017503005400000049e+00 8.423258285999999373e+00 -1.050793405699999905e+00 5.651975498000000320e-01 7.841018256999999769e-01 2.208914519999999881e-01 -1.301653676400000015e-01
1.403636986501666546e+09 -1.058080345500000075e+00 8.425351025899999513e+00 -1.058818945300000092e+00 5.627661591000000518e-01 7.858584174999999616e-01 2.192132461000000088e-01 -1.329148245039999954e-01
1.403636986551666498e+09 -1.099089878100000028e+00 8.427014446999999464e+00 -1.064253019199999928e+00 5.615190766000000000e-01 7.867774690000000071e-01 2.166724982000000077e-01 -1.368596701279999883e-01
1.403636986601666451e+09 -1.139520264800000016e+00 8.427513655200000287e+00 -1.067878459199999908e+00 5.604095466999999831e-01 7.875012081000000164e-01 2.151721789000000107e-01 -1.395848150229999918e-01
1.403636986651666403e+09 -1.179336734699999889e+00 8.427517144099999413e+00 -1.069408155799999927e+00 5.595460324000000041e-01 7.880932295000000476e-01 2.141717837999999874e-01 -1.412364906320000002e-01
1.403636986701666594e+09 -1.218969176000000099e+00 8.427357722700000053e+00 -1.068355848099999950e+00 5.585542136000000157e-01 7.887829080999999576e-01 2.121461152999999933e-01 -1.443355126109999997e-01
1.403636986751666546e+09 -1.258349101799999925e+00 8.427723839500000480e+00 -1.064939140699999953e+00 5.581445916999999701e-01 7.889876134000000096e-01 2.107315671999999973e-01 -1.468515143040000082e-01
1.403636986801666498e+09 -1.297287910699999935e+00 8.428377546300000134e+00 -1.059305174499999946e+00 5.569520382000000547e-01 7.898384188999999500e-01 2.085868754999999908e-01 -1.498372936219999896e-01
1.403636986851666451e+09 -1.335129099099999994e+00 8.429127386999999416e+00 -1.051488934700000044e+00 5.578917643999999898e-01 7.891594926999999648e-01 2.078739676999999952e-01 -1.509055592840000126e-01
1.403636986901666641e+09 -1.372074540999999925e+00 8.430045702799999319e+00 -1.041324510799999992e+00 5.577308913999999840e-01 7.893901050999999613e-01 2.069676927000000111e-01 -1.515384075010000053e-01
1.403636986951666355e+09 -1.408258851500000075e+00 8.431471875299999752e+00 -1.028964297099999925e+00 5.588392330000000463e-01 7.886242923999999821e-01 2.074349101999999889e-01 -1.508018409440000096e-01
1.403636987001666546e+09 -1.443526644100000089e+00 8.433136915100000408e+00 -1.014511877799999962e+00 5.596517594000000040e-01 7.882157213999999579e-01 2.076891533999999928e-01 -1.495697173930000123e-01
1.403636987051666498e+09 -1.477520339900000090e+00 8.434455048600000282e+00 -9.986223771000000138e-01 5.612819971000000407e-01 7.873093536999999920e-01 2.088915338000000010e-01 -1.465292747499999937e-01
1.403636987101666451e+09 -1.510949416100000109e+00 8.435364370400000311e+00 -9.824460256000000502e-01 5.625199912999999663e-01 7.866151661000000406e-01 2.094375303999999882e-01 -1.447195933340000018e-01
1.403636987151666403e+09 -1.543830623000000069e+00 8.436027010800000170e+00 -9.669851317000000002e-01 5.634091882999999745e-01 7.861933141000000402e-01 2.093543277999999896e-01 -1.436694987050000094e-01
1.403636987201666594e+09 -1.576011223400000105e+00 8.436483522799999690e+00 -9.526822069999999476e-01 5.646704759999999768e-01 7.855483380000000126e-01 2.090538345999999881e-01 -1.426799088880000010e-01
1.403636987251666546e+09 -1.607743685400000011e+00 8.436583638100000115e+00 -9.398176890999999644e-01 5.653265907000000201e-01 7.853302149999999981e-01 2.074300966000000024e-01 -1.436490659349999865e-01
1.403636987301666498e+09 -1.638736972700000072e+00 8.436521396699999897e+00 -9.290581177000000190e-01 5.667210872000000288e-01 7.845833934000000509e-01 2.073384537000000083e-01 -1.423617706499999969e-01
1.403636987351666451e+09 -1.669387542900000021e+00 8.435894595600000656e+00 -9.199831257999999679e-01 5.671282037000000553e-01 7.843189315999999911e-01 2.070620233000000088e-01 -1.425999036729999891e-01
1.403636987401666641e+09 -1.699765028999999927e+00 8.434692382799999777e+00 -9.121207298000000296e-01 5.683764585999999674e-01 7.831492887000000014e-01 2.072313222000000121e-01 -1.438074133470000071e-01
1.403636987451666355e+09 -1.729694304499999946e+00 8.432840205699999814e+00 -9.060111741999999913e-01 5.695841807999999507e-01 7.816312418999999956e-01 2.094860316000000111e-01 -1.440210580100000082e-01
1.403636987501666546e+09 -1.759231761699999952e+00 8.430512141999999542e+00 -9.004045481000000350e-01 5.728708640999999879e-01 7.786360984000000318e-01 2.108037286999999982e-01 -1.452810631720000134e-01
1.403636987551666498e+09 -1.788139564299999984e+00 8.427252673799999982e+00 -8.962377818000000218e-01 5.757417561000000017e-01 7.760000612999999881e-01 2.130669193999999989e-01 -1.447336279139999904e-01
1.403636987601666451e+09 -1.816420833800000079e+00 8.422771349999999657e+00 -8.930147536000000441e-01 5.781951041999999763e-01 7.736176756999999515e-01 2.145337595000000042e-01 -1.455382398989999992e-01
1.403636987651666403e+09 -1.843964174399999933e+00 8.416945806499999350e+00 -8.910069546000000118e-01 5.794443043000000459e-01 7.722299421999999636e-01 2.155640638000000109e-01 -1.464149891879999998e-01
1.403636987701666594e+09 -1.870833665099999932e+00 8.409840046799999413e+00 -8.894333041999999967e-01 5.802633153999999793e-01 7.711450274000000160e-01 2.169392424999999902e-01 -1.468577428149999975e-01
1.403636987751666546e+09 -1.897031235500000079e+00 8.401163181499999411e+00 -8.871306103999999637e-01 5.803474859999999680e-01 7.705805150000000214e-01 2.179572285999999970e-01 -1.479767275659999992e-01
1.403636987801666498e+09 -1.922544276200000013e+00 8.391043842700000255e+00 -8.834038209000000252e-01 5.798498700999999977e-01 7.704532384000000178e-01 2.184802305000000111e-01 -1.498076249239999880e-01
1.403636987851666451e+09 -1.947368121600000057e+00 8.379879552900000306e+00 -8.774411237000000474e-01 5.791688681000000116e-01 7.705565102000000444e-01 2.190480676000000071e-01 -1.510762422549999928e-01
1.403636987901666641e+09 -1.971177755999999892e+00 8.366983658700000603e+00 -8.695961395000000316e-01 5.771592413999999671e-01 7.716931355999999687e-01 2.181880858999999950e-01 -1.541780583919999947e-01
1.403636987951666355e+09 -1.994059580300000079e+00 8.352983850299999347e+00 -8.606322050000000390e-01 5.744027628000000218e-01 7.733654486000000050e-01 2.174180981999999929e-01 -1.571518999169999875e-01
1.403636988001666546e+09 -2.016338847400000134e+00 8.338293671600000678e+00 -8.508454694000000540e-01 5.704750347000000499e-01 7.759794276000000490e-01 2.158543394999999920e-01 -1.606893489039999956e-01
1.403636988051666498e+09 -2.037373181400000011e+00 8.322976537000000619e+00 -8.416849725999999698e-01 5.663197545999999472e-01 7.789049506999999872e-01 2.141700517000000026e-01 -1.634631524010000114e-01
1.403636988101666451e+09 -2.057427552000000048e+00 8.307359968700000152e+00 -8.337893447999999985e-01 5.627051503000000121e-01 7.813805861000000519e-01 2.124276123999999932e-01 -1.663784930839999898e-01
1.403636988151666403e+09 -2.076191384299999942e+00 8.291720954100000540e+00 -8.274619774999999455e-01 5.598170895999999841e-01 7.834524742999999791e-01 2.111148521000000000e-01 -1.680403700249999965e-01
1.403636988201666594e+09 -2.093804908600000125e+00 8.276299843200000339e+00 -8.221845934000000522e-01 5.581782238000000396e-01 7.846228747000000281e-01 2.091782923000000127e-01 -1.704360791890000004e-01
1.403636988251666546e+09 -2.110010915800000220e+00 8.261357395099999223e+00 -8.179597869000000410e-01 5.582028198999999802e-01 7.846402235999999641e-01 2.074394603999999975e-01 -1.723896796180000024e-01
1.403636988301666498e+09 -2.125001329799999894e+00 8.246871609399999414e+00 -8.139540053999999580e-01 5.604427011999999486e-01 7.830940653000000307e-01 2.047260283000000014e-01 -1.753707986099999894e-01
1.403636988351666451e+09 -2.138222414199999921e+00 8.232875597899999676e+00 -8.097641637000000392e-01 5.644230241000000037e-01 7.803235214000000530e-01 2.028857367000000134e-01 -1.770853739230000001e-01
1.403636988401666641e+09 -2.149702055800000178e+00 8.219300220199999174e+00 -8.041956734999999856e-01 5.681671986999999868e-01 7.776131322999999540e-01 2.010979479999999986e-01 -1.790627437400000022e-01
1.403636988451666355e+09 -2.158768253699999917e+00 8.205533918700000484e+00 -7.971350097999999607e-01 5.716791513000000213e-01 7.750409004999999629e-01 2.008994675000000119e-01 -1.792594614320000002e-01
1.403636988501666546e+09 -2.165198853999999784e+00 8.190757027400000112e+00 -7.879824987000000336e-01 5.747822731999999712e-01 7.727762029000000421e-01 2.006840685000000069e-01 -1.793549089829999943e-01
1.403636988551666498e+09 -2.169241063999999941e+00 8.175146353500000629e+00 -7.772776260000000548e-01 5.764032515000000467e-01 7.715010021000000551e-01 2.002397361000000098e-01 -1.801375683039999898e-01
1.403636988601666451e+09 -2.170778767399999865e+00 8.158720926100000881e+00 -7.655495493999999734e-01 5.777025312000000357e-01 7.704739752999999469e-01 1.999888164999999995e-01 -1.806491408429999890e-01
1.403636988651666403e+09 -2.170186251100000074e+00 8.141702001700000579e+00 -7.538770314999999611e-01 5.781748220000000327e-01 7.700813104000000520e-01 1.997483659000000022e-01 -1.810779969369999964e-01
1.403636988701666594e+09 -2.167681918800000052e+00 8.124210672800000310e+00 -7.431674610999999819e-01 5.787015361999999774e-01 7.696465505999999790e-01 1.993085474999999884e-01 -1.817273287500000001e-01
1.403636988751666546e+09 -2.163058962000000029e+00 8.106073835400000149e+00 -7.338323241999999968e-01 5.800983055999999749e-01 7.686329468999999470e-01 1.999340172000000082e-01 -1.808749221529999951e-01
1.403636988801666498e+09 -2.156598231199999827e+00 8.087137437299999121e+00 -7.255788025999999613e-01 5.813557797999999721e-01 7.676150922000000154e-01 1.992553297999999917e-01 -1.819061327579999943e-01
1.403636988851666451e+09 -2.147908595800000153e+00 8.067354962099999582e+00 -7.188048500000000507e-01 5.825031387000000338e-01 7.666553634999999645e-01 1.986097652999999907e-01 -1.829858142599999904e-01
1.403636988901666641e+09 -2.136978962899999779e+00 8.046956551999999263e+00 -7.132201368999999680e-01 5.838954106000000532e-01 7.655519131000000366e-01 1.976751697999999946e-01 -1.841763968479999958e-01
1.403636988951666355e+09 -2.123874145299999849e+00 8.025702045199999191e+00 -7.088198495999999960e-01 5.850745437000000049e-01 7.645739620000000514e-01 1.963516019000000057e-01 -1.859045007510000125e-01
1.403636989001666546e+09 -2.108156054699999782e+00 8.003594696000000397e+00 -7.057373663999999547e-01 5.861847479999999777e-01 7.637630305000000508e-01 1.955804372000000124e-01 -1.865523171510000133e-01
1.403636989051666498e+09 -2.089856173299999842e+00 7.980201255299999907e+00 -7.036213325000000296e-01 5.871511664999999880e-01 7.629957356000000024e-01 1.939363117000000025e-01 -1.883606172500000009e-01
1.403636989101666451e+09 -2.068614738700000011e+00 7.955866674400000171e+00 -7.027681760999999749e-01 5.875952890000000206e-01 7.627680836000000353e-01 1.937726575000000007e-01 -1.880659037280000001e-01
1.403636989151666403e+09 -2.044920394500000072e+00 7.930551114800000079e+00 -7.025856858000000260e-01 5.875652293999999998e-01 7.628513653999999811e-01 1.930301677000000049e-01 -1.885848611550000054e-01
1.403636989201666594e+09 -2.018645122800000191e+00 7.904261729399999936e+00 -7.027441085000000198e-01 5.873122936000000349e-01 7.632249794000000032e-01 1.930588532999999996e-01 -1.878301886500000073e-01
1.403636989251666546e+09 -1.989404470400000013e+00 7.876946855199999931e+00 -7.026582099000000525e-01 5.859403438000000408e-01 7.645930177999999966e-01 1.949217266000000115e-01 -1.845994340409999879e-01
1.403636989301666498e+09 -1.957646887799999957e+00 7.849183908299999679e+00 -7.020068085999999763e-01 5.832613060000000349e-01 7.672218423000000120e-01 1.983924753000000096e-01 -1.783740993950000131e-01
1.403636989351666451e+09 -1.924213306199999973e+00 7.821271374600000215e+00 -6.992187972000000196e-01 5.801056380000000345e-01 7.700519917999999464e-01 2.025924624999999868e-01 -1.716207238770000032e-01
1.403636989401666641e+09 -1.888636646599999969e+00 7.791575389300000154e+00 -6.945482780999999717e-01 5.753330505999999511e-01 7.740016589999999530e-01 2.061280554000000098e-01 -1.656035551529999872e-01
1.403636989451666355e+09 -1.852143697999999894e+00 7.761542050100000090e+00 -6.873296825000000387e-01 5.703049252999999874e-01 7.779382568999999581e-01 2.088108518000000025e-01 -1.611284853870000033e-01
1.403636989501666546e+09 -1.814534562099999970e+00 7.730504704900000412e+00 -6.780276263000000192e-01 5.670390266999999485e-01 7.804870964000000244e-01 2.103748035000000127e-01 -1.582690009019999955e-01
1.403636989551666498e+09 -1.776593264599999999e+00 7.699736178700000266e+00 -6.671354291000000103e-01 5.644690853999999591e-01 7.825599127000000266e-01 2.117986853000000114e-01 -1.552931150530000026e-01
1.403636989601666451e+09 -1.738045787799999964e+00 7.668507986399999865e+00 -6.552922334999999876e-01 5.638223119999999922e-01 7.830828859999999780e-01 2.133889278999999972e-01 -1.528095531979999921e-01
1.403636989651666403e+09 -1.699154870799999939e+00 7.637395038400000224e+00 -6.444969975000000018e-01 5.625986233999999975e-01 7.839947014000000491e-01 2.154571638999999983e-01 -1.497107467010000137e-01
1.403636989701666594e+09 -1.660482434700000010e+00 7.606343820300000225e+00 -6.347395002000000286e-01 5.624399426999999729e-01 7.841343394999999994e-01 2.174648326999999992e-01 -1.466413824020000034e-01
1.403636989751666546e+09 -1.621968321900000065e+00 7.575120501699999842e+00 -6.264054113000000479e-01 5.621577455999999806e-01 7.843297797999999599e-01 2.189535407000000045e-01 -1.444465738429999979e-01
1.403636989801666498e+09 -1.583913454800000009e+00 7.543692809999999582e+00 -6.193627160000000353e-01 5.615825614999999660e-01 7.847506942999999957e-01 2.192182675999999886e-01 -1.439955748479999909e-01
1.403636989851666451e+09 -1.546329053300000034e+00 7.512402423200000179e+00 -6.137677928000000449e-01 5.618516075999999693e-01 7.845174320000000145e-01 2.190920369000000090e-01 -1.444086192379999967e-01
1.403636989901666641e+09 -1.509149583399999939e+00 7.481317671000000225e+00 -6.092499598999999710e-01 5.632139862999999691e-01 7.835360643000000014e-01 2.182775646000000014e-01 -1.456576338389999892e-01
1.403636989951666355e+09 -1.472220116799999978e+00 7.450176961800000441e+00 -6.056489743999999842e-01 5.662648581000000458e-01 7.813816445000000277e-01 2.168563715000000058e-01 -1.475132204830000016e-01
1.403636990001666546e+09 -1.435343666300000098e+00 7.418718342500000063e+00 -6.030727448999999574e-01 5.687216373000000269e-01 7.795475075000000142e-01 2.157779291999999960e-01 -1.493360912839999943e-01
1.403636990051666498e+09 -1.398307567600000079e+00 7.386945335800000123e+00 -5.999756378999999695e-01 5.719040917000000057e-01 7.772668033999999837e-01 2.150117139000000122e-01 -1.501731968120000038e-01
1.403636990101666451e+09 -1.361249437099999904e+00 7.354628691400000307e+00 -5.956471669999999774e-01 5.740058008999999739e-01 7.756540835999999883e-01 2.143939119000000115e-01 -1.513715088170000111e-01
1.403636990151666403e+09 -1.323814048600000071e+00 7.321418050200000138e+00 -5.897686446000000027e-01 5.751176841999999789e-01 7.747543891000000515e-01 2.145926230000000101e-01 -1.514770346950000124e-01
1.403636990201666594e+09 -1.285952675599999928e+00 7.287454575399999968e+00 -5.826815843000000550e-01 5.750853067000000207e-01 7.747422107000000446e-01 2.154054917999999874e-01 -1.505053858500000064e-01
1.403636990251666546e+09 -1.248185515000000079e+00 7.253228940799999691e+00 -5.740593710000000405e-01 5.735334932000000219e-01 7.757073879000000449e-01 2.168045071999999962e-01 -1.494429194340000100e-01
1.403636990301666498e+09 -1.209926778999999897e+00 7.218016096200000398e+00 -5.638741794999999613e-01 5.716297590000000151e-01 7.769434451000000186e-01 2.184231128999999938e-01 -1.479514972609999868e-01
1.403636990351666451e+09 -1.171650646700000076e+00 7.182158444999999780e+00 -5.518850809999999996e-01 5.704211523000000117e-01 7.776022473000000490e-01 2.196265296999999894e-01 -1.473724580430000042e-01
1.403636990401666641e+09 -1.133474585899999942e+00 7.145617551199999973e+00 -5.395900532999999832e-01 5.681484509999999988e-01 7.789983137999999530e-01 2.216225574000000031e-01 -1.457820524840000020e-01
1.403636990451666355e+09 -1.096003075500000090e+00 7.108455537800000279e+00 -5.276193302999999668e-01 5.664925301000000024e-01 7.798891497000000061e-01 2.222565294000000136e-01 -1.464962887780000000e-01
1.403636990501666546e+09 -1.058749875600000001e+00 7.070551901600000022e+00 -5.171716000999999618e-01 5.637404182999999902e-01 7.815768303000000250e-01 2.230547327999999885e-01 -1.469046810970000005e-01
1.403636990551666498e+09 -1.021956717099999912e+00 7.032712970200000413e+00 -5.077817798000000549e-01 5.630891285000000357e-01 7.817806709000000298e-01 2.236967602999999916e-01 -1.473410173620000041e-01
1.403636990601666451e+09 -9.852357333000000272e-01 6.994407207400000104e+00 -4.999801709000000205e-01 5.615196419000000327e-01 7.826308391999999836e-01 2.247115349000000095e-01 -1.472731722839999979e-01
1.403636990651666403e+09 -9.487170622999999692e-01 6.956397306999999586e+00 -4.936420165000000027e-01 5.596896246000000463e-01 7.836831093999999664e-01 2.252998837999999893e-01 -1.477439353420000046e-01
1.403636990701666594e+09 -9.123804958000000243e-01 6.918792525599999799e+00 -4.890905173999999800e-01 5.590568165999999506e-01 7.838275431000000237e-01 2.270480388999999988e-01 -1.466937163719999881e-01
1.403636990751666546e+09 -8.765262670000000256e-01 6.880911193800000270e+00 -4.861907822000000046e-01 5.581222939000000105e-01 7.842558935000000231e-01 2.279844510000000046e-01 -1.465103702409999986e-01
1.403636990801666498e+09 -8.414134510999999872e-01 6.842944629199999795e+00 -4.851042984000000224e-01 5.579820175999999909e-01 7.841377056999999651e-01 2.290491957999999939e-01 -1.460157270080000014e-01
1.403636990851666451e+09 -8.070840030999999470e-01 6.804819454399999579e+00 -4.855338008000000261e-01 5.579901156000000029e-01 7.839018966999999893e-01 2.298315323000000021e-01 -1.460216217199999944e-01
1.403636990901666641e+09 -7.734075995000000425e-01 6.766903036399999571e+00 -4.874967089999999725e-01 5.574591112000000237e-01 7.841981363000000149e-01 2.296411204000000095e-01 -1.467568674299999931e-01
1.403636990951666355e+09 -7.401929869000000162e-01 6.729475573400000243e+00 -4.907423713999999881e-01 5.573696353999999520e-01 7.842205345999999633e-01 2.302237440000000079e-01 -1.460625561020000018e-01
1.403636991001666546e+09 -7.075780863999999726e-01 6.692742448399999766e+00 -4.949599993000000087e-01 5.577945071000000032e-01 7.838439374000000237e-01 2.303318313999999922e-01 -1.462915482330000017e-01
1.403636991051666498e+09 -6.755093613999999524e-01 6.656512647999999643e+00 -5.000278173000000104e-01 5.591373439000000278e-01 7.828887423999999484e-01 2.302406134999999965e-01 -1.464237258999999958e-01
1.403636991101666451e+09 -6.440475509999999959e-01 6.620306220599999847e+00 -5.065207916999999727e-01 5.587051844999999517e-01 7.832740589000000142e-01 2.303633911000000090e-01 -1.458182893749999931e-01
1.403636991151666403e+09 -6.135501155999999456e-01 6.585041847100000290e+00 -5.136682605000000290e-01 5.589554463999999445e-01 7.832383497999999555e-01 2.297733220000000021e-01 -1.459819060610000052e-01
1.403636991201666594e+09 -5.834705043000000257e-01 6.550067819499999722e+00 -5.199554000999999648e-01 5.589306772000000034e-01 7.833599796000000337e-01 2.303189857999999868e-01 -1.445572736159999871e-01
1.403636991251666546e+09 -5.538064296000000386e-01 6.514457466999999724e+00 -5.246378386000000171e-01 5.582703209999999583e-01 7.839532632000000278e-01 2.298424290999999953e-01 -1.446512621909999963e-01
1.403636991301666498e+09 -5.238768543999999805e-01 6.477852197599999862e+00 -5.285176909000000034e-01 5.581873937000000341e-01 7.840845200999999598e-01 2.298373099999999891e-01 -1.442674939620000041e-01
1.403636991351666451e+09 -4.945546042999999781e-01 6.441248662199999586e+00 -5.306007936000000091e-01 5.577618479000000518e-01 7.846531182000000548e-01 2.286887891000000117e-01 -1.446466135529999864e-01
1.403636991401666641e+09 -4.657754261000000007e-01 6.404961551799999597e+00 -5.308155693999999647e-01 5.572109756999999997e-01 7.851545258000000027e-01 2.289908586999999940e-01 -1.435670081809999887e-01
1.403636991451666355e+09 -4.373955271000000145e-01 6.368439737200000117e+00 -5.282546832000000192e-01 5.572092264000000350e-01 7.853489619000000310e-01 2.287987598000000011e-01 -1.428146125900000007e-01
1.403636991501666546e+09 -4.097329134000000095e-01 6.332423027199999943e+00 -5.231827363000000064e-01 5.569891887000000263e-01 7.858071497999999933e-01 2.282974721999999901e-01 -1.419522144079999881e-01
1.403636991551666498e+09 -3.837776708999999786e-01 6.297512361499999933e+00 -5.157233820000000080e-01 5.569386815000000324e-01 7.860911730999999847e-01 2.265562601999999981e-01 -1.433605020860000134e-01
1.403636991601666451e+09 -3.581950199000000223e-01 6.262853783399999763e+00 -5.071964384999999575e-01 5.563093569000000516e-01 7.869136481999999821e-01 2.249820983999999968e-01 -1.437701817479999922e-01
1.403636991651666403e+09 -3.337047949999999985e-01 6.228961613600000113e+00 -4.960682954000000255e-01 5.555251477999999521e-01 7.878692968999999602e-01 2.219663782000000085e-01 -1.462351120619999889e-01
1.403636991701666594e+09 -3.091136132000000258e-01 6.194668752800000178e+00 -4.839892254000000005e-01 5.539267689000000328e-01 7.894472282000000174e-01 2.182594234000000133e-01 -1.493353027629999996e-01
1.403636991751666546e+09 -2.847858447000000126e-01 6.161272524700000197e+00 -4.708097034000000014e-01 5.526478138999999512e-01 7.907800842000000108e-01 2.150634791000000101e-01 -1.516408657839999896e-01
1.403636991801666498e+09 -2.603050659999999739e-01 6.128749545999999881e+00 -4.566015120999999954e-01 5.520677698999999494e-01 7.916214204999999504e-01 2.119728405000000093e-01 -1.537017208400000001e-01
1.403636991851666451e+09 -2.356463176999999964e-01 6.097119209499999748e+00 -4.428419411999999777e-01 5.509870488000000455e-01 7.928086618999999891e-01 2.091048574999999909e-01 -1.553797164780000017e-01
1.403636991901666641e+09 -2.106507247999999943e-01 6.066488851999999987e+00 -4.302401298999999901e-01 5.503555932000000483e-01 7.936435939000000550e-01 2.073492564999999954e-01 -1.557075874540000127e-01
1.403636991951666355e+09 -1.851231345000000084e-01 6.036898588799999743e+00 -4.190977944000000011e-01 5.505742191000000396e-01 7.938811941000000205e-01 2.063600834000000050e-01 -1.550361082210000019e-01
1.403636992001666546e+09 -1.591513216000000064e-01 6.008051012500000176e+00 -4.102556549999999969e-01 5.510737946000000553e-01 7.939477977000000131e-01 2.063164769999999981e-01 -1.529643052619999999e-01
1.403636992051666498e+09 -1.325246206000000038e-01 5.979954078899999637e+00 -4.030556024999999987e-01 5.539243946999999890e-01 7.923791121000000048e-01 2.074827139000000042e-01 -1.491778507980000001e-01
1.403636992101666451e+09 -1.057557523999999999e-01 5.952423300300000442e+00 -3.972300646999999962e-01 5.570643593999999865e-01 7.905060228000000411e-01 2.087350909000000032e-01 -1.456337505430000123e-01
1.403636992151666403e+09 -7.908481330000000087e-02 5.925089388499999998e+00 -3.925329947999999791e-01 5.602787805000000176e-01 7.884971182000000134e-01 2.090063679999999979e-01 -1.437926312870000112e-01
1.403636992201666594e+09 -5.233426129999999704e-02 5.897774628099999639e+00 -3.890346933000000118e-01 5.635527128999999746e-01 7.864458412999999481e-01 2.093475824000000096e-01 -1.417210928229999944e-01
1.403636992251666546e+09 -2.566130609999999965e-02 5.870206729300000426e+00 -3.866528885000000137e-01 5.652227792999999778e-01 7.854867621000000133e-01 2.093152246999999966e-01 -1.404310969850000035e-01
1.403636992301666498e+09 9.702349000000000303e-04 5.842457787699999905e+00 -3.853733312000000022e-01 5.660568326999999567e-01 7.851452196999999522e-01 2.092111473999999915e-01 -1.391306651739999956e-01
1.403636992351666451e+09 2.760937780000000119e-02 5.814404025400000009e+00 -3.852861206000000038e-01 5.655739865000000144e-01 7.857796073999999686e-01 2.091174903999999946e-01 -1.376457396069999950e-01
1.403636992401666641e+09 5.395012510000000289e-02 5.786272564099999904e+00 -3.861716803999999947e-01 5.637212913000000380e-01 7.873817231999999944e-01 2.094209905999999954e-01 -1.356140716470000118e-01
1.403636992451666355e+09 7.996153709999999359e-02 5.758122096300000159e+00 -3.864859828000000164e-01 5.611936632999999786e-01 7.894643259000000413e-01 2.094604314999999883e-01 -1.339181768130000005e-01
1.403636992501666546e+09 1.055246551999999977e-01 5.730198579099999634e+00 -3.851786763999999752e-01 5.596453456000000104e-01 7.908693809000000297e-01 2.092966752000000041e-01 -1.323541130049999959e-01
1.403636992551666498e+09 1.306375503999999965e-01 5.702654422300000192e+00 -3.823164980000000046e-01 5.586985245000000155e-01 7.918227622000000299e-01 2.096840930999999963e-01 -1.300202027880000000e-01
1.403636992601666451e+09 1.550926213999999914e-01 5.675369710500000053e+00 -3.770751184999999728e-01 5.577713635000000059e-01 7.927595507000000374e-01 2.092950537999999916e-01 -1.289146281540000105e-01
1.403636992651666403e+09 1.788765116000000099e-01 5.648571083200000231e+00 -3.699086946999999848e-01 5.573703155000000464e-01 7.933457613000000075e-01 2.085669044000000028e-01 -1.282212184469999905e-01
1.403636992701666594e+09 2.022483136000000070e-01 5.621785903200000156e+00 -3.616934172999999864e-01 5.570834400999999936e-01 7.937892648000000051e-01 2.085244223999999924e-01 -1.267841043429999981e-01
1.403636992751666546e+09 2.248168856999999965e-01 5.595241126100000351e+00 -3.535183060000000044e-01 5.562311620000000012e-01 7.946015312999999969e-01 2.081873322999999998e-01 -1.259894263369999989e-01
1.403636992801666498e+09 2.466503694999999940e-01 5.569118782800000389e+00 -3.463100074000000084e-01 5.564200687000000478e-01 7.947546836000000114e-01 2.081548202999999875e-01 -1.242307159979999936e-01
1.403636992851666451e+09 2.674995996000000265e-01 5.543183661899999670e+00 -3.404464792999999934e-01 5.568275915000000520e-01 7.946917916000000304e-01 2.078935453999999905e-01 -1.232406735719999979e-01
1.403636992901666641e+09 2.875987675000000188e-01 5.517685024600000432e+00 -3.362358142999999910e-01 5.575085814000000362e-01 7.944737691000000046e-01 2.080412258999999875e-01 -1.213031749029999939e-01
1.403636992951666355e+09 3.066717084000000204e-01 5.492421888199999991e+00 -3.335411280999999728e-01 5.583356195999999994e-01 7.940473901000000279e-01 2.080578553999999913e-01 -1.202580849649999978e-01
1.403636993001666546e+09 3.247014947999999901e-01 5.467381375299999569e+00 -3.318579332000000104e-01 5.599992361000000196e-01 7.931718973000000394e-01 2.066526885999999952e-01 -1.207222563830000067e-01
1.403636993051666498e+09 3.419480471999999938e-01 5.442325922500000246e+00 -3.309789638000000256e-01 5.617816040999999982e-01 7.922353778999999818e-01 2.044499620999999934e-01 -1.223304885320000007e-01
1.403636993101666451e+09 3.581074242000000241e-01 5.416930195099999956e+00 -3.307629912999999755e-01 5.632475630000000066e-01 7.910407528999999771e-01 2.028690643999999932e-01 -1.259001698180000073e-01
1.403636993151666403e+09 3.733549382999999944e-01 5.390873299799999963e+00 -3.299891641000000098e-01 5.643724916000000258e-01 7.896141240999999811e-01 2.023141209000000051e-01 -1.306224413239999993e-01
1.403636993201666594e+09 3.883596197999999999e-01 5.364126897800000293e+00 -3.284241638000000019e-01 5.646047498999999803e-01 7.882464595000000518e-01 2.039311558999999940e-01 -1.352814809660000117e-01
1.403636993251666546e+09 4.029868155999999924e-01 5.337138206899999737e+00 -3.250183071000000146e-01 5.644844115999999579e-01 7.866585605000000481e-01 2.072737722000000116e-01 -1.398686587980000062e-01
1.403636993301666498e+09 4.171152980000000232e-01 5.310153578100000438e+00 -3.196877838000000138e-01 5.639953239999999646e-01 7.848956705999999839e-01 2.117739724000000101e-01 -1.449132337060000109e-01
1.403636993351666451e+09 4.312120074999999941e-01 5.282926426999999592e+00 -3.120683455000000106e-01 5.633568807000000067e-01 7.827297098000000064e-01 2.176430733999999978e-01 -1.503153983009999917e-01
1.403636993401666641e+09 4.454484153000000113e-01 5.255282314799999632e+00 -3.024650041999999983e-01 5.624945564000000120e-01 7.803841367999999612e-01 2.243036244000000123e-01 -1.558472235020000041e-01
1.403636993451666355e+09 4.599904828999999973e-01 5.226769299499999910e+00 -2.910248550999999795e-01 5.612316234999999986e-01 7.778766301999999744e-01 2.315945888000000008e-01 -1.621448716870000084e-01
1.403636993501666546e+09 4.749412007000000102e-01 5.197764389999999679e+00 -2.783150641000000092e-01 5.594192820000000177e-01 7.754729193999999604e-01 2.398253059999999881e-01 -1.678560117669999907e-01
1.403636993551666498e+09 4.902793628000000070e-01 5.168513023900000114e+00 -2.641079230999999750e-01 5.583423438000000294e-01 7.723184373000000491e-01 2.484168214999999957e-01 -1.733987927529999917e-01
1.403636993601666451e+09 5.059563537000000277e-01 5.138751530999999595e+00 -2.494021428000000040e-01 5.555770128999999447e-01 7.703287344999999453e-01 2.567303349999999762e-01 -1.789339503169999901e-01
1.403636993651666403e+09 5.218257848999999782e-01 5.109755963999999651e+00 -2.348831443999999935e-01 5.526339867999999766e-01 7.688443778000000339e-01 2.640942306999999878e-01 -1.836524888509999953e-01
1.403636993701666594e+09 5.379613489000000248e-01 5.081130200499999638e+00 -2.212151046999999982e-01 5.501898252000000378e-01 7.674084552000000059e-01 2.705363089999999748e-01 -1.875780495559999927e-01
1.403636993751666546e+09 5.542861344999999718e-01 5.053038679600000194e+00 -2.092291846000000066e-01 5.481717256000000482e-01 7.661336049000000425e-01 2.762346850999999881e-01 -1.903718923870000024e-01
1.403636993801666498e+09 5.705499751999999480e-01 5.025432747099999986e+00 -1.988832638999999958e-01 5.463437515000000300e-01 7.651943052999999884e-01 2.806754347000000038e-01 -1.928924072110000110e-01
1.403636993851666451e+09 5.869841898000000002e-01 4.998453703400000059e+00 -1.901585285000000070e-01 5.460318942999999869e-01 7.634767694999999854e-01 2.852456026999999894e-01 -1.938745446440000020e-01
1.403636993901666641e+09 6.032412858000000266e-01 4.971330827000000063e+00 -1.828381802000000056e-01 5.450765841000000389e-01 7.624031431000000136e-01 2.890139565000000021e-01 -1.952021972820000006e-01
1.403636993951666355e+09 6.192006704000000417e-01 4.944286278699999926e+00 -1.766066508999999951e-01 5.457219287000000252e-01 7.605995479999999587e-01 2.905831682000000193e-01 -1.980841399630000055e-01
1.403636994001666546e+09 6.349745272000000273e-01 4.917293780599999664e+00 -1.718905786999999907e-01 5.479436922999999515e-01 7.579651213000000443e-01 2.922878764999999879e-01 -1.995354159409999939e-01
1.403636994051666498e+09 6.507382412000000116e-01 4.890130598499999870e+00 -1.683974532999999996e-01 5.510445113999999922e-01 7.549622543999999769e-01 2.936436808999999815e-01 -2.003879474730000110e-01
1.403636994101666451e+09 6.665532514999999991e-01 4.862417609599999579e+00 -1.657499500999999875e-01 5.553345136999999765e-01 7.513248756999999500e-01 2.938718898000000079e-01 -2.018757575529999959e-01
1.403636994151666403e+09 6.825345831000000363e-01 4.834055632300000127e+00 -1.644066828999999896e-01 5.585370494000000408e-01 7.485476545999999454e-01 2.938985780999999742e-01 -2.033135487499999894e-01
1.403636994201666594e+09 6.986240908999999943e-01 4.804883060199999889e+00 -1.638928380999999934e-01 5.622042229000000502e-01 7.454758903000000547e-01 2.937058198999999981e-01 -2.047657200780000075e-01
1.403636994251666546e+09 7.150108013999999512e-01 4.774655072299999858e+00 -1.645228891999999943e-01 5.652480484999999888e-01 7.430542609000000409e-01 2.928979664999999954e-01 -2.063390177739999887e-01
1.403636994301666498e+09 7.320019448000000262e-01 4.743251441700000015e+00 -1.662085054999999922e-01 5.678489079999999856e-01 7.410321923999999560e-01 2.921308251999999994e-01 -2.075535796269999955e-01
1.403636994351666451e+09 7.497382294000000114e-01 4.710620558099999577e+00 -1.690669237999999908e-01 5.695189679000000060e-01 7.397270930999999550e-01 2.919688227000000191e-01 -2.078609619119999863e-01
1.403636994401666641e+09 7.682636189999999532e-01 4.676681765999999740e+00 -1.725712440000000125e-01 5.713867068000000327e-01 7.384132154000000448e-01 2.912826078999999901e-01 -2.083688963850000020e-01
1.403636994451666355e+09 7.878853139000000505e-01 4.641197886299999631e+00 -1.764839840999999909e-01 5.716256443999999659e-01 7.383879168000000437e-01 2.911267396000000174e-01 -2.080207405679999899e-01
1.403636994501666546e+09 8.084915137999999502e-01 4.604350711300000398e+00 -1.795096369999999997e-01 5.706174636999999938e-01 7.392766656999999464e-01 2.910455004999999984e-01 -2.077456094060000091e-01
1.403636994551666498e+09 8.298945521999999686e-01 4.565881999500000177e+00 -1.808690165999999877e-01 5.675637963999999869e-01 7.416220730999999455e-01 2.896052688999999902e-01 -2.097542036120000064e-01
1.403636994601666451e+09 8.522472049000000549e-01 4.526423498899999842e+00 -1.807554882000000085e-01 5.647596871000000185e-01 7.438911013000000239e-01 2.897702981999999983e-01 -2.090590811449999920e-01
1.403636994651666403e+09 8.752203174999999558e-01 4.485639138799999870e+00 -1.791440142000000069e-01 5.603313957000000123e-01 7.474002121999999693e-01 2.894648080000000179e-01 -2.088822026849999902e-01
1.403636994701666594e+09 8.985010642999999853e-01 4.444033658600000436e+00 -1.754826852999999964e-01 5.547017965999999634e-01 7.516792460000000231e-01 2.878087362999999788e-01 -2.108325383940000131e-01
1.403636994751666546e+09 9.224325527000000191e-01 4.401936745399999573e+00 -1.701414427000000062e-01 5.485006103999999771e-01 7.563229961999999862e-01 2.861720023000000057e-01 -2.126692054329999970e-01
1.403636994801666498e+09 9.468244017000000401e-01 4.359838242900000438e+00 -1.634966462000000120e-01 5.429035272000000134e-01 7.605341338000000118e-01 2.841604160000000268e-01 -2.147008370880000017e-01
1.403636994851666451e+09 9.717138021000000236e-01 4.318310919500000011e+00 -1.562767224999999927e-01 5.392611134000000472e-01 7.632184842000000469e-01 2.816030560000000182e-01 -2.177032746579999900e-01
1.403636994901666641e+09 9.972696725999999900e-01 4.277511319300000281e+00 -1.501980065000000086e-01 5.363055145999999773e-01 7.654548909999999706e-01 2.801771482000000035e-01 -2.189885166530000093e-01
1.403636994951666355e+09 1.023438379199999915e+00 4.237666299899999878e+00 -1.451490652000000103e-01 5.362174664000000091e-01 7.656577493999999762e-01 2.789443473000000062e-01 -2.200661049800000102e-01
1.403636995001666546e+09 1.050391419499999923e+00 4.198688413000000175e+00 -1.417031568999999880e-01 5.380376775999999861e-01 7.644997233000000447e-01 2.785919344000000186e-01 -2.200958079850000026e-01
1.403636995051666498e+09 1.077991898600000109e+00 4.160460347999999975e+00 -1.400930472999999954e-01 5.413534691000000398e-01 7.622097807000000058e-01 2.799508942000000222e-01 -2.181746283500000105e-01
1.403636995101666451e+09 1.105824512399999904e+00 4.122715448500000157e+00 -1.392533747999999960e-01 5.457423592000000268e-01 7.590334893000000305e-01 2.813067436000000199e-01 -2.165639754929999938e-01
1.403636995151666403e+09 1.134196329999999975e+00 4.085221772399999729e+00 -1.384045006999999883e-01 5.498772191999999892e-01 7.559904999000000014e-01 2.827086396999999862e-01 -2.149168046730000059e-01
1.403636995201666594e+09 1.163095223100000020e+00 4.047733227300000181e+00 -1.367358368000000102e-01 5.524435240999999719e-01 7.539490393000000124e-01 2.841927378999999920e-01 -2.135450456350000137e-01
1.403636995251666546e+09 1.192577179399999965e+00 4.010212407400000068e+00 -1.331091842000000081e-01 5.548760722000000145e-01 7.519550294000000301e-01 2.851821833000000028e-01 -2.129490563060000008e-01
1.403636995301666498e+09 1.222740232600000088e+00 3.972287513599999986e+00 -1.272941293000000029e-01 5.562397006999999505e-01 7.507218972000000434e-01 2.865300466999999851e-01 -2.119305566169999988e-01
1.403636995351666451e+09 1.254066972700000004e+00 3.933436709400000009e+00 -1.197139467999999984e-01 5.563854443000000316e-01 7.503286716000000522e-01 2.882292691000000184e-01 -2.106324058060000115e-01
1.403636995401666641e+09 1.285433931200000046e+00 3.894146928800000129e+00 -1.108026203999999959e-01 5.549297238000000521e-01 7.510046605000000319e-01 2.905159708000000229e-01 -2.089149879330000070e-01
1.403636995451666355e+09 1.317185676100000036e+00 3.854169058000000092e+00 -9.994296129999999390e-02 5.523281515000000308e-01 7.526652213000000202e-01 2.922308605000000226e-01 -2.074362596060000119e-01
1.403636995501666546e+09 1.349536747199999942e+00 3.813322678500000062e+00 -8.756762590000000124e-02 5.493193209000000188e-01 7.545959654999999655e-01 2.936140984000000231e-01 -2.064557427569999881e-01
1.403636995551666498e+09 1.381966706000000045e+00 3.772167537300000095e+00 -7.290991880000000092e-02 5.481723642000000396e-01 7.552225308000000137e-01 2.937498101000000084e-01 -2.070194125350000025e-01
1.403636995601666451e+09 1.414306088100000025e+00 3.731422547499999798e+00 -5.760955759999999981e-02 5.469843504000000411e-01 7.559775595000000070e-01 2.947553541999999860e-01 -2.059741028679999975e-01
1.403636995651666403e+09 1.446300336399999997e+00 3.690453840600000035e+00 -4.220091089999999934e-02 5.456718484000000480e-01 7.569188591000000077e-01 2.936728296000000182e-01 -2.075387767859999955e-01
1.403636995701666594e+09 1.478502627999999985e+00 3.649466847799999858e+00 -2.793634190000000156e-02 5.457038260000000029e-01 7.569261184000000142e-01 2.933632546000000119e-01 -2.078657895190000049e-01
1.403636995751666546e+09 1.510433837999999973e+00 3.608315034899999940e+00 -1.523917900000000027e-02 5.448825643000000385e-01 7.574920579999999681e-01 2.926561910000000100e-01 -2.089524517609999965e-01
1.403636995801666498e+09 1.542497972600000100e+00 3.567162474699999919e+00 -4.047668199999999994e-03 5.430154996999999595e-01 7.589945624999999696e-01 2.902814340000000048e-01 -2.116556406419999870e-01
1.403636995851666451e+09 1.574839807000000036e+00 3.526128774400000054e+00 5.503139399999999910e-03 5.400253823999999758e-01 7.611648141000000312e-01 2.879881335000000209e-01 -2.146241994189999891e-01
1.403636995901666641e+09 1.607466790299999948e+00 3.485914954000000066e+00 1.368179580000000034e-02 5.374472597999999657e-01 7.630610835000000147e-01 2.861679370999999916e-01 -2.167859257230000114e-01
1.403636995951666355e+09 1.640418132900000048e+00 3.446583159999999868e+00 2.041709189999999993e-02 5.351768880999999700e-01 7.647905830000000238e-01 2.845859276000000104e-01 -2.183847804969999973e-01
1.403636996001666546e+09 1.673954392600000007e+00 3.408040809800000126e+00 2.564091300000000129e-02 5.339446947999999527e-01 7.657569898999999625e-01 2.840214430999999928e-01 -2.187489775729999919e-01
1.403636996051666498e+09 1.708150625600000083e+00 3.370747279800000218e+00 2.896272849999999982e-02 5.342794406999999968e-01 7.656154088000000080e-01 2.861603447000000133e-01 -2.156172121290000077e-01
1.403636996101666451e+09 1.742846232200000012e+00 3.334353075200000127e+00 3.119508149999999924e-02 5.345397297999999742e-01 7.655701021999999911e-01 2.877051740000000080e-01 -2.130620302329999938e-01
1.403636996151666403e+09 1.777847479000000064e+00 3.298665731599999873e+00 3.352586889999999847e-02 5.355914301999999960e-01 7.649213622999999629e-01 2.895934410000000070e-01 -2.101731864780000125e-01
1.403636996201666594e+09 1.813079073399999963e+00 3.263296113400000031e+00 3.696378260000000165e-02 5.361240407999999791e-01 7.645688776000000297e-01 2.913291673999999776e-01 -2.076842809459999994e-01
1.403636996251666546e+09 1.848024165700000054e+00 3.228822455700000038e+00 4.135778589999999921e-02 5.369211017999999669e-01 7.640668510000000468e-01 2.928901336999999994e-01 -2.052631170320000087e-01
1.403636996301666498e+09 1.881932250299999998e+00 3.195376205400000114e+00 4.865457830000000095e-02 5.376046102000000548e-01 7.632098948000000105e-01 2.946853796000000192e-01 -2.040893591400000096e-01
1.403636996351666451e+09 1.915657916200000033e+00 3.161726685800000158e+00 5.787971389999999744e-02 5.369078754999999648e-01 7.628098411999999495e-01 2.966684572000000131e-01 -2.045456085809999880e-01
1.403636996401666641e+09 1.948869365399999998e+00 3.128308237200000175e+00 6.993975080000000566e-02 5.365302518000000243e-01 7.616958852999999863e-01 2.991165655999999951e-01 -2.061163443819999941e-01
1.403636996451666355e+09 1.981912204299999924e+00 3.094566532500000022e+00 8.376079999999999637e-02 5.351969286000000103e-01 7.606379745000000359e-01 3.030127007000000261e-01 -2.077917770940000131e-01
1.403636996501666546e+09 2.014242356200000028e+00 3.061099519199999897e+00 9.893023450000000552e-02 5.348760205000000489e-01 7.582365614999999615e-01 3.079061497999999730e-01 -2.101874458459999928e-01
1.403636996551666498e+09 2.046341476299999851e+00 3.027661651799999909e+00 1.157009482999999950e-01 5.340186933999999663e-01 7.557067834999999789e-01 3.139628222999999996e-01 -2.125056202529999883e-01
1.403636996601666451e+09 2.077964415499999884e+00 2.993917055899999902e+00 1.337161215999999875e-01 5.316646089000000019e-01 7.536369403999999550e-01 3.202506500000000256e-01 -2.163414590799999926e-01
1.403636996651666403e+09 2.108831674200000172e+00 2.960456120099999922e+00 1.513652900000000134e-01 5.295149246000000476e-01 7.507255353999999770e-01 3.272515033000000240e-01 -2.212048115989999897e-01
1.403636996701666594e+09 2.139492130399999859e+00 2.927065457699999929e+00 1.657142739999999947e-01 5.267980877000000284e-01 7.477562039999999799e-01 3.356396429999999875e-01 -2.251454291899999960e-01
1.403636996751666546e+09 2.169960679799999959e+00 2.893456820900000004e+00 1.758645369999999875e-01 5.235057508999999554e-01 7.447577840000000338e-01 3.434656824000000275e-01 -2.308871952479999989e-01
1.403636996801666498e+09 2.200051436499999902e+00 2.859937415800000160e+00 1.821924855000000010e-01 5.205392087000000334e-01 7.409814764000000054e-01 3.524844330999999942e-01 -2.360934314500000020e-01
1.403636996851666451e+09 2.229621860199999972e+00 2.826511688200000094e+00 1.856845840000000136e-01 5.166827316000000003e-01 7.375453791999999620e-01 3.606537868999999952e-01 -2.428880698489999934e-01
1.403636996901666641e+09 2.258747528999999865e+00 2.793172671199999790e+00 1.871725264999999916e-01 5.128698538000000529e-01 7.336281982000000257e-01 3.693669298000000212e-01 -2.496442490490000110e-01
1.403636996951666355e+09 2.287405882399999868e+00 2.760055748600000136e+00 1.871013927000000077e-01 5.086041742000000365e-01 7.297665349999999940e-01 3.777508278999999747e-01 -2.570348427299999905e-01
1.403636997001666546e+09 2.315285971299999801e+00 2.727881932999999925e+00 1.856002948000000097e-01 5.052552805000000147e-01 7.250722742999999859e-01 3.871324159999999792e-01 -2.628988229570000112e-01
1.403636997051666498e+09 2.342606447800000158e+00 2.696176982299999914e+00 1.829012815000000125e-01 5.019152006999999527e-01 7.206429192000000095e-01 3.953902444999999877e-01 -2.691123721990000273e-01
1.403636997101666451e+09 2.369479260099999873e+00 2.665134291399999800e+00 1.786296847999999937e-01 4.979538759000000092e-01 7.170268896000000503e-01 4.033721391000000267e-01 -2.742358374939999899e-01
1.403636997151666403e+09 2.395960854200000156e+00 2.635139038999999794e+00 1.733756340000000007e-01 4.947361305999999903e-01 7.139132647000000498e-01 4.097840361000000264e-01 -2.786414457379999821e-01
1.403636997201666594e+09 2.421707963999999880e+00 2.606086779500000006e+00 1.668251560000000022e-01 4.919999412000000127e-01 7.112337117000000486e-01 4.150881478999999818e-01 -2.824614923439999759e-01
1.403636997251666546e+09 2.446467668699999987e+00 2.578185549200000093e+00 1.594313886000000013e-01 4.901276558000000061e-01 7.085837379999999630e-01 4.199785950000000101e-01 -2.851349627390000196e-01
1.403636997301666498e+09 2.470597842700000157e+00 2.551216370500000163e+00 1.521215807999999892e-01 4.885214730999999921e-01 7.065512189000000554e-01 4.238287122000000129e-01 -2.872305138230000221e-01
1.403636997351666451e+09 2.494505137800000050e+00 2.525050829700000055e+00 1.457246775000000105e-01 4.871025037999999752e-01 7.051431460999999512e-01 4.267681979999999875e-01 -2.887441764209999762e-01
1.403636997401666641e+09 2.517659479399999789e+00 2.499916354999999868e+00 1.414605442000000102e-01 4.863276804000000175e-01 7.038088536000000062e-01 4.294593946999999967e-01 -2.893149031450000241e-01
1.403636997451666355e+09 2.540356009899999989e+00 2.475370301999999967e+00 1.398296663999999967e-01 4.860623231999999794e-01 7.027493258000000464e-01 4.304074474999999844e-01 -2.909230691410000236e-01
1.403636997501666546e+09 2.562064761699999860e+00 2.451867378000000208e+00 1.394128916000000051e-01 4.862320940000000036e-01 7.019084289999999449e-01 4.317824825000000089e-01 -2.906317186269999908e-01
1.403636997551666498e+09 2.582994475900000086e+00 2.428924335000000045e+00 1.408662725000000004e-01 4.859171730999999883e-01 7.017714097999999678e-01 4.323926884000000026e-01 -2.905820921689999947e-01
1.403636997601666451e+09 2.603025531300000139e+00 2.406756440300000133e+00 1.446335830000000100e-01 4.851886449999999740e-01 7.023380972999999639e-01 4.324582052000000010e-01 -2.903326999420000054e-01
1.403636997651666403e+09 2.622026174400000187e+00 2.385528182799999897e+00 1.504870164000000066e-01 4.852301846000000030e-01 7.025744295000000417e-01 4.323805873000000077e-01 -2.898066021530000258e-01
1.403636997701666594e+09 2.639967160199999885e+00 2.364997819000000057e+00 1.581232257000000085e-01 4.855576823000000153e-01 7.027694143999999588e-01 4.325075414999999812e-01 -2.885933365369999781e-01
1.403636997751666546e+09 2.656380153699999802e+00 2.345305584600000159e+00 1.675128516999999928e-01 4.859804299000000105e-01 7.031805051999999723e-01 4.325289458000000087e-01 -2.868430055660000089e-01
1.403636997801666498e+09 2.671653083699999875e+00 2.326073912300000046e+00 1.784675336999999862e-01 4.857320702999999851e-01 7.040649195999999499e-01 4.324302112999999781e-01 -2.852385972179999896e-01
1.403636997851666451e+09 2.686746335100000049e+00 2.307151071199999848e+00 1.926342876999999898e-01 4.861270786999999927e-01 7.043733770000000227e-01 4.318961701999999847e-01 -2.846125566400000140e-01
1.403636997901666641e+09 2.700183174599999791e+00 2.288954906799999911e+00 2.073169719999999883e-01 4.865009767999999846e-01 7.050694807999999814e-01 4.312367279000000053e-01 -2.832467320000000011e-01
1.403636997951666355e+09 2.712655044799999970e+00 2.271004501699999789e+00 2.242082415999999967e-01 4.866471300999999916e-01 7.056227466000000170e-01 4.301170644000000265e-01 -2.833203506520000081e-01
1.403636998001666546e+09 2.724443353499999887e+00 2.253880434300000069e+00 2.431800410999999940e-01 4.870204563000000153e-01 7.062002174000000521e-01 4.293900029000000118e-01 -2.823412005179999906e-01
1.403636998051666498e+09 2.735351871599999818e+00 2.237017469600000030e+00 2.634129675999999920e-01 4.871740615999999857e-01 7.069017631999999773e-01 4.285846086000000277e-01 -2.815431836489999951e-01
1.403636998101666451e+09 2.745563745000000111e+00 2.220421359399999961e+00 2.840885605999999841e-01 4.870957697000000142e-01 7.075568487000000184e-01 4.276921777000000091e-01 -2.813901529030000126e-01
1.403636998151666403e+09 2.754477119600000190e+00 2.204598534700000112e+00 3.049655627999999785e-01 4.880592168999999814e-01 7.075585731000000322e-01 4.264125778999999783e-01 -2.816582676370000260e-01
1.403636998201666594e+09 2.762372467500000095e+00 2.189091102999999983e+00 3.248414971999999956e-01 4.880911406999999813e-01 7.081788887000000088e-01 4.243503782999999974e-01 -2.831544744919999856e-01
1.403636998251666546e+09 2.769692635699999794e+00 2.174073442900000153e+00 3.426960117999999778e-01 4.877210567999999968e-01 7.087789895999999645e-01 4.236965662000000132e-01 -2.832697203630000216e-01
1.403636998301666498e+09 2.776423218500000178e+00 2.159858534000000052e+00 3.589126512999999963e-01 4.879590294999999744e-01 7.093531638000000195e-01 4.234277229000000253e-01 -2.818209324009999794e-01
1.403636998351666451e+09 2.782138503000000096e+00 2.146162907599999947e+00 3.737339183999999759e-01 4.882944379999999973e-01 7.095099777000000163e-01 4.226498174000000163e-01 -2.820128813650000232e-01
1.403636998401666641e+09 2.786757029899999960e+00 2.132992987799999796e+00 3.870801076000000007e-01 4.882166691000000003e-01 7.099143540000000252e-01 4.218931344999999888e-01 -2.822627802709999911e-01
1.403636998451666355e+09 2.790559337199999934e+00 2.120412102199999982e+00 3.994880407999999994e-01 4.880195717999999960e-01 7.104626907000000102e-01 4.210682963999999862e-01 -2.824555760340000110e-01
1.403636998501666546e+09 2.793591821400000175e+00 2.108592755900000171e+00 4.126941458000000229e-01 4.881597294000000198e-01 7.107584831000000047e-01 4.201033141000000137e-01 -2.829057489649999813e-01
1.403636998551666498e+09 2.796147214399999914e+00 2.097494973599999923e+00 4.275539120999999887e-01 4.907321901999999736e-01 7.093310735000000200e-01 4.197063502999999751e-01 -2.826268302420000267e-01
1.403636998601666451e+09 2.798304607800000010e+00 2.086804304400000198e+00 4.436546431999999762e-01 4.929554441999999814e-01 7.079414796999999870e-01 4.184707480000000035e-01 -2.840704568290000065e-01
1.403636998651666403e+09 2.799684709600000154e+00 2.077245974799999839e+00 4.619813594000000134e-01 4.997191912000000236e-01 7.035319814999999588e-01 4.173533535999999766e-01 -2.848502400069999885e-01
1.403636998701666594e+09 2.801030697299999872e+00 2.067419983100000191e+00 4.819940879999999872e-01 5.045817555999999593e-01 7.002504368999999951e-01 4.151552063999999764e-01 -2.875634401630000059e-01
1.403636998751666546e+09 2.802734414000000118e+00 2.057659092100000198e+00 5.029098740999999873e-01 5.088049740000000210e-01 6.973973737999999978e-01 4.136327512999999900e-01 -2.892444444369999812e-01
1.403636998801666498e+09 2.805044370700000123e+00 2.048073318600000192e+00 5.239766855999999917e-01 5.123049949000000325e-01 6.953459022000000322e-01 4.130660608999999761e-01 -2.888149889389999836e-01
1.403636998851666451e+09 2.807909331899999916e+00 2.038051362700000091e+00 5.440866344000000465e-01 5.150982318000000282e-01 6.933368583000000251e-01 4.146124648999999773e-01 -2.864512463289999866e-01
1.403636998901666641e+09 2.810908738100000193e+00 2.027395300499999831e+00 5.630759384000000312e-01 5.171256195000000222e-01 6.921056992999999880e-01 4.149510102000000256e-01 -2.852831116060000061e-01
1.403636998951666355e+09 2.814405721400000004e+00 2.016046671199999807e+00 5.802350337999999663e-01 5.183220447999999925e-01 6.915214881000000258e-01 4.158044880999999804e-01 -2.832788678170000130e-01
1.403636999001666546e+09 2.818136791800000207e+00 2.004007867899999962e+00 5.958857979999999666e-01 5.187115848000000140e-01 6.913716193000000176e-01 4.165719071999999801e-01 -2.818003230619999799e-01
1.403636999051666498e+09 2.822299347500000000e+00 1.991122605399999967e+00 6.100300236000000265e-01 5.202282373000000071e-01 6.903753934999999897e-01 4.174236263000000169e-01 -2.801819293000000211e-01
1.403636999101666451e+09 2.826791238199999778e+00 1.977116441800000013e+00 6.223732811000000087e-01 5.199649018999999983e-01 6.906596229000000475e-01 4.179450980000000149e-01 -2.791911196619999980e-01
1.403636999151666403e+09 2.831280639200000060e+00 1.962424367199999908e+00 6.331776085000000442e-01 5.199506420999999712e-01 6.908858770000000371e-01 4.185745457000000225e-01 -2.777109728600000160e-01
1.403636999201666594e+09 2.835826948299999817e+00 1.946721137800000001e+00 6.423429786000000030e-01 5.188403577000000322e-01 6.918209751999999657e-01 4.191494847000000190e-01 -2.765901858150000003e-01
1.403636999251666546e+09 2.840410906199999808e+00 1.930224925000000091e+00 6.501416143999999564e-01 5.181301709000000200e-01 6.924176463000000226e-01 4.194748792999999920e-01 -2.759343305479999842e-01
1.403636999301666498e+09 2.844888209600000106e+00 1.912769303399999954e+00 6.565581688999999610e-01 5.163259917000000421e-01 6.938689215000000132e-01 4.189900973999999834e-01 -2.764067442459999802e-01
1.403636999351666451e+09 2.849518760900000114e+00 1.894552085399999974e+00 6.616544106999999730e-01 5.142150346999999622e-01 6.956078802999999811e-01 4.178695521999999940e-01 -2.776645679049999926e-01
1.403636999401666641e+09 2.853675301500000039e+00 1.875709344299999914e+00 6.660243932999999616e-01 5.132147416000000240e-01 6.963934212000000290e-01 4.162199885999999793e-01 -2.800138444520000047e-01
1.403636999451666355e+09 2.857773253900000032e+00 1.856628483800000007e+00 6.691565469000000377e-01 5.120663352000000001e-01 6.973762239999999890e-01 4.148715325999999814e-01 -2.816666148120000046e-01
1.403636999501666546e+09 2.861922442000000011e+00 1.837254217999999995e+00 6.711921951999999525e-01 5.121201257999999923e-01 6.973602870999999759e-01 4.141210255000000173e-01 -2.827107762569999738e-01
1.403636999551666498e+09 2.866153436799999898e+00 1.817600131899999916e+00 6.724920812000000359e-01 5.132550119000000022e-01 6.967902154999999764e-01 4.127530825999999875e-01 -2.840555952830000064e-01
1.403636999601666451e+09 2.870535456299999844e+00 1.797467796599999890e+00 6.728760088999999889e-01 5.138628151999999893e-01 6.963721177999999679e-01 4.115620742000000165e-01 -2.857053373269999863e-01
1.403636999651666403e+09 2.875354982000000170e+00 1.777010006600000080e+00 6.724394528999999565e-01 5.149663243000000001e-01 6.957079794999999622e-01 4.105459016999999933e-01 -2.867963646009999978e-01
1.403636999701666594e+09 2.880686624800000040e+00 1.756166858400000086e+00 6.710086043999999861e-01 5.157805632999999945e-01 6.953311554000000116e-01 4.096592311000000208e-01 -2.875140157200000157e-01
1.403636999751666546e+09 2.886578821800000139e+00 1.734861006300000064e+00 6.687954230999999528e-01 5.158025510000000535e-01 6.954242874999999602e-01 4.092806590999999994e-01 -2.877883439989999959e-01
1.403636999801666498e+09 2.892867403099999901e+00 1.713488732400000103e+00 6.661616430000000255e-01 5.162355458999999813e-01 6.954601202000000315e-01 4.086941984999999944e-01 -2.877588129979999909e-01
1.403636999851666451e+09 2.899838271300000159e+00 1.691597403899999907e+00 6.627001438999999827e-01 5.162920817999999690e-01 6.955031093000000331e-01 4.089800404000000222e-01 -2.871467182569999999e-01
1.403636999901666641e+09 2.907312528599999890e+00 1.669454403999999892e+00 6.584912338999999726e-01 5.169357187999999992e-01 6.951813650000000511e-01 4.093395054999999783e-01 -2.862542602929999958e-01
1.403636999951666355e+09 2.915343736700000132e+00 1.646896390800000054e+00 6.540097792000000299e-01 5.178314938000000422e-01 6.946711433000000158e-01 4.099505324000000117e-01 -2.849966800020000135e-01
1.403637000001666546e+09 2.923964821899999844e+00 1.623940954700000106e+00 6.505309367999999592e-01 5.191997537000000440e-01 6.937023133999999924e-01 4.113937167000000228e-01 -2.827789348790000212e-01
1.403637000051666498e+09 2.933043321400000014e+00 1.599987683599999988e+00 6.486809887000000163e-01 5.197232245999999778e-01 6.931415654000000481e-01 4.128346762999999808e-01 -2.810872999610000145e-01
1.403637000101666451e+09 2.942912312599999858e+00 1.575079784900000002e+00 6.485313263999999966e-01 5.192036113000000341e-01 6.935480402999999461e-01 4.134204108000000266e-01 -2.801826007379999983e-01
1.403637000151666403e+09 2.953237744700000000e+00 1.549099841899999941e+00 6.506500946000000063e-01 5.183761195999999627e-01 6.940788153000000404e-01 4.135635605999999909e-01 -2.801891825560000049e-01
1.403637000201666594e+09 2.963737256099999939e+00 1.522321941600000006e+00 6.543530507000000496e-01 5.168045690000000469e-01 6.950130675000000258e-01 4.142373324999999995e-01 -2.797808173899999917e-01
1.403637000251666546e+09 2.973767637599999958e+00 1.495239891099999996e+00 6.589824404999999885e-01 5.154347771999999717e-01 6.960249716999999947e-01 4.141953080999999925e-01 -2.798543833509999912e-01
1.403637000301666498e+09 2.983792173599999931e+00 1.467875469800000054e+00 6.635786850999999542e-01 5.144290655000000045e-01 6.966985369000000539e-01 4.143348570000000008e-01 -2.798222856609999809e-01
1.403637000351666451e+09 2.993632570499999979e+00 1.440264936399999973e+00 6.677354634000000067e-01 5.141667353000000107e-01 6.968796753999999538e-01 4.139715305000000178e-01 -2.803905458329999933e-01
1.403637000401666641e+09 3.003907114400000022e+00 1.412233832799999922e+00 6.709638731999999495e-01 5.139533007000000042e-01 6.969890806999999855e-01 4.128356438999999933e-01 -2.821789453019999949e-01
1.403637000451666355e+09 3.014678606299999952e+00 1.384241190000000010e+00 6.724506593000000310e-01 5.146683279999999527e-01 6.965258045000000120e-01 4.136416589999999949e-01 -2.808360621700000115e-01
1.403637000501666546e+09 3.025523985800000037e+00 1.355706715199999968e+00 6.731182383999999574e-01 5.150402970999999885e-01 6.962223545000000291e-01 4.139056024000000167e-01 -2.805175178500000088e-01
1.403637000551666498e+09 3.036774184400000021e+00 1.326579085699999938e+00 6.736813117000000073e-01 5.154505347000000182e-01 6.960267702000000334e-01 4.142268380999999944e-01 -2.797742089829999834e-01
1.403637000601666451e+09 3.048157730399999821e+00 1.296771899299999919e+00 6.748588589999999776e-01 5.151898475999999727e-01 6.961145775999999508e-01 4.143445713999999724e-01 -2.798615584399999912e-01
1.403637000651666403e+09 3.059636005000000214e+00 1.266123941700000088e+00 6.775524684999999492e-01 5.152525693999999712e-01 6.961208822000000129e-01 4.131866442000000084e-01 -2.814379221880000115e-01
1.403637000701666594e+09 3.071163976899999870e+00 1.235248174499999907e+00 6.817937377999999660e-01 5.150947393999999457e-01 6.962728942000000476e-01 4.124936510000000167e-01 -2.823658163050000169e-01
1.403637000751666546e+09 3.082731889899999800e+00 1.204281471600000097e+00 6.882770110000000496e-01 5.154115590000000191e-01 6.960005615000000034e-01 4.126302517000000059e-01 -2.822594881320000249e-01
1.403637000801666498e+09 3.094280244200000141e+00 1.173066145800000015e+00 6.971735757000000477e-01 5.157264687999999486e-01 6.961003962999999795e-01 4.116252950000000022e-01 -2.829046908869999877e-01
1.403637000851666451e+09 3.106068828500000212e+00 1.141246343599999991e+00 7.062988454999999943e-01 5.157186656000000147e-01 6.962286528000000141e-01 4.107739055999999889e-01 -2.838392491989999988e-01
1.403637000901666641e+09 3.118182419500000080e+00 1.109192784700000045e+00 7.141205664999999980e-01 5.153218755999999789e-01 6.966835591000000161e-01 4.108326572000000065e-01 -2.833582726700000221e-01
1.403637000951666355e+09 3.130467732300000083e+00 1.077007610799999959e+00 7.206018029999999852e-01 5.153121874999999630e-01 6.969695278999999966e-01 4.106562888999999994e-01 -2.829279748360000180e-01
1.403637001001666546e+09 3.143271074299999857e+00 1.044439288199999982e+00 7.255542637999999878e-01 5.157400836000000099e-01 6.968883996000000414e-01 4.099340067999999726e-01 -2.833951919430000022e-01
1.403637001051666498e+09 3.156581721799999851e+00 1.011464221800000063e+00 7.284809675000000206e-01 5.158820675999999938e-01 6.968161662999999839e-01 4.097639000000000142e-01 -2.835603444099999981e-01
1.403637001101666451e+09 3.170107886199999836e+00 9.781716476999999799e-01 7.301961831000000069e-01 5.157420704999999828e-01 6.971507162000000202e-01 4.091862555999999929e-01 -2.838267144839999867e-01
1.403637001151666403e+09 3.183972553599999866e+00 9.447193589000000280e-01 7.308797811999999672e-01 5.159307981999999848e-01 6.970890764999999600e-01 4.090209423000000233e-01 -2.838733867159999869e-01
1.403637001201666594e+09 3.198132052000000058e+00 9.111293733999999978e-01 7.318070249000000471e-01 5.159918099000000424e-01 6.972304013000000245e-01 4.078168401999999748e-01 -2.851449533020000149e-01
1.403637001251666546e+09 3.213199265200000099e+00 8.770325743000000340e-01 7.336683415000000430e-01 5.153901653000000360e-01 6.978013505000000283e-01 4.074302824000000101e-01 -2.853888887570000255e-01
1.403637001301666498e+09 3.229149599499999912e+00 8.425669848000000295e-01 7.375077857999999820e-01 5.153561447000000184e-01 6.978289520999999551e-01 4.071712063999999853e-01 -2.857523514120000052e-01
1.403637001351666451e+09 3.245743494000000062e+00 8.079273689000000536e-01 7.435841509999999710e-01 5.142345984999999731e-01 6.987923723000000198e-01 4.065063789999999733e-01 -2.863643868040000040e-01
1.403637001401666641e+09 3.262395611300000109e+00 7.733900186000000065e-01 7.518491660999999660e-01 5.125317785999999876e-01 7.000390470999999781e-01 4.062237953999999762e-01 -2.867729704529999868e-01
1.403637001451666355e+09 3.279399432299999972e+00 7.388944226000000448e-01 7.612627171000000414e-01 5.106055573000000125e-01 7.015485848000000413e-01 4.070271128999999877e-01 -2.853777800630000194e-01
1.403637001501666546e+09 3.296471229599999830e+00 7.045849894000000280e-01 7.717492168999999791e-01 5.089481392000000382e-01 7.031571006000000290e-01 4.070040657999999811e-01 -2.844109244060000208e-01
1.403637001551666498e+09 3.313904983700000084e+00 6.705117623999999887e-01 7.819005390000000055e-01 5.079579901999999869e-01 7.042177170000000208e-01 4.069633957000000080e-01 -2.836139660470000101e-01
1.403637001601666451e+09 3.331601077599999794e+00 6.365323367999999871e-01 7.911654013000000152e-01 5.073155093000000226e-01 7.049527880999999496e-01 4.069845080999999754e-01 -2.829066113909999847e-01
1.403637001651666403e+09 3.349472876200000115e+00 6.026411265000000128e-01 7.994080002000000240e-01 5.064250585999999776e-01 7.057787253999999733e-01 4.060601587000000068e-01 -2.837696220240000233e-01
1.403637001701666594e+09 3.367458431000000196e+00 5.693301410000000118e-01 8.061305992999999726e-01 5.073412725000000512e-01 7.053921413999999501e-01 4.065065837999999876e-01 -2.824520442810000143e-01
1.403637001751666546e+09 3.385644189599999798e+00 5.360889578999999960e-01 8.116938368999999653e-01 5.077196113999999927e-01 7.054535370000000194e-01 4.060676153000000177e-01 -2.822502350850000230e-01
1.403637001801666498e+09 3.403838433499999816e+00 5.028335614000000175e-01 8.161006820999999745e-01 5.080397386999999654e-01 7.053865234999999734e-01 4.048488983999999902e-01 -2.835892203620000163e-01
1.403637001851666451e+09 3.422517880900000087e+00 4.697380782999999727e-01 8.181233794000000170e-01 5.072562491000000007e-01 7.061496033999999922e-01 4.055373684999999950e-01 -2.821050832929999919e-01
1.403637001901666641e+09 3.441050991200000020e+00 4.368847189999999769e-01 8.190766152999999772e-01 5.067425717000000329e-01 7.066054992000000423e-01 4.057747590999999932e-01 -2.815448088879999866e-01
1.403637001951666355e+09 3.459510235999999850e+00 4.043920296999999886e-01 8.189835322999999834e-01 5.068010183000000168e-01 7.067168068000000414e-01 4.058473280000000072e-01 -2.810552068159999917e-01
1.403637002001666546e+09 3.477928298200000157e+00 3.718837682000000200e-01 8.176495816000000083e-01 5.059842222999999528e-01 7.072867563000000413e-01 4.062973423999999834e-01 -2.804422949370000140e-01
1.403637002051666498e+09 3.496056900400000167e+00 3.397380252000000156e-01 8.155794861999999812e-01 5.061669773000000427e-01 7.072739697000000048e-01 4.067700851000000117e-01 -2.794577260819999798e-01
1.403637002101666451e+09 3.514153325100000114e+00 3.077663621000000238e-01 8.126311379999999751e-01 5.054777120000000235e-01 7.079003017999999647e-01 4.064758298000000214e-01 -2.795475721640000022e-01
1.403637002151666403e+09 3.532203323400000095e+00 2.758559506000000106e-01 8.087011375999999530e-01 5.056154828000000157e-01 7.077800738999999730e-01 4.063545537000000096e-01 -2.797790684659999805e-01
1.403637002201666594e+09 3.550339606300000117e+00 2.440809053999999922e-01 8.036534704000000140e-01 5.051577454000000245e-01 7.080953476000000357e-01 4.064706908999999868e-01 -2.796394258359999885e-01
1.403637002251666546e+09 3.568392141199999923e+00 2.126761451999999997e-01 7.976143928000000161e-01 5.050255000000000161e-01 7.082430154000000089e-01 4.066437028000000065e-01 -2.792525282789999896e-01
1.403637002301666498e+09 3.586438047500000170e+00 1.816057416000000091e-01 7.913566045000000049e-01 5.059116579000000335e-01 7.076429337999999847e-01 4.071514611000000006e-01 -2.784287346029999943e-01
1.403637002351666451e+09 3.605051697399999977e+00 1.505695535000000085e-01 7.856914145000000183e-01 5.062105942000000303e-01 7.073469546999999746e-01 4.076959539000000188e-01 -2.778401145819999751e-01
1.403637002401666641e+09 3.622649916999999942e+00 1.200203507999999947e-01 7.815189365000000388e-01 5.064230766999999744e-01 7.070943508000000488e-01 4.088421614000000148e-01 -2.764079112530000160e-01
1.403637002451666355e+09 3.640000615199999956e+00 8.950353240000000210e-02 7.795206667999999839e-01 5.073883458000000291e-01 7.063962539000000485e-01 4.090798491000000037e-01 -2.760707808769999883e-01
1.403637002501666546e+09 3.656537997000000040e+00 5.929820360000000179e-02 7.794340225000000455e-01 5.079309409000000164e-01 7.059600684000000292e-01 4.095693672999999868e-01 -2.754622921629999999e-01
1.403637002551666498e+09 3.672803980599999907e+00 2.922515059999999942e-02 7.809756477000000530e-01 5.093741441000000369e-01 7.048427382999999935e-01 4.112412759999999889e-01 -2.731580284599999797e-01
1.403637002601666451e+09 3.688597273500000107e+00 -1.105901000000000063e-03 7.859872457000000034e-01 5.097976497999999745e-01 7.045607310999999484e-01 4.110103038999999847e-01 -2.734429784760000204e-01
1.403637002651666403e+09 3.704739561699999850e+00 -3.177327130000000277e-02 7.929003486000000267e-01 5.098871820999999471e-01 7.045989223999999940e-01 4.111638411999999909e-01 -2.729463604310000124e-01
1.403637002701666594e+09 3.720997162100000200e+00 -6.266149099999999972e-02 8.004132311999999638e-01 5.100700124000000502e-01 7.047787817999999760e-01 4.112178686999999888e-01 -2.720575594249999840e-01
1.403637002751666546e+09 3.736555317600000148e+00 -9.367496349999999972e-02 8.077535942000000357e-01 5.097969601999999822e-01 7.052457533999999528e-01 4.108360495999999751e-01 -2.719360715729999822e-01
1.403637002801666498e+09 3.751696818800000166e+00 -1.248169447999999959e-01 8.143692284000000337e-01 5.104113455000000021e-01 7.050981603000000542e-01 4.102927483000000097e-01 -2.719865870220000148e-01
1.403637002851666451e+09 3.766421386699999818e+00 -1.562270337999999981e-01 8.195612974999999523e-01 5.098252406000000070e-01 7.058133664000000307e-01 4.090213132000000140e-01 -2.731433345659999845e-01
1.403637002901666641e+09 3.780909820100000207e+00 -1.879269765000000092e-01 8.231577826000000542e-01 5.093663470000000526e-01 7.065517431000000181e-01 4.071317554000000172e-01 -2.749077893999999911e-01
1.403637002951666355e+09 3.795289792999999801e+00 -2.195013104000000104e-01 8.245022158000000490e-01 5.092803264999999913e-01 7.070187004000000330e-01 4.064176384000000031e-01 -2.749232792360000177e-01
1.403637003001666546e+09 3.809456454000000214e+00 -2.511328378000000083e-01 8.242900592999999887e-01 5.088394267000000415e-01 7.076421306000000300e-01 4.059235100999999957e-01 -2.748657067499999940e-01
1.403637003051666498e+09 3.823260751199999863e+00 -2.826758837000000191e-01 8.227080878000000430e-01 5.085880068999999448e-01 7.082334661000000420e-01 4.050830022999999946e-01 -2.750479194570000230e-01
1.403637003101666451e+09 3.837015415799999829e+00 -3.141024832000000044e-01 8.195869352000000330e-01 5.083065101999999502e-01 7.088933130000000249e-01 4.046016016999999798e-01 -2.745765948019999736e-01
1.403637003151666403e+09 3.850408853599999848e+00 -3.453557587000000151e-01 8.153651459999999851e-01 5.089539184000000382e-01 7.087644389999999683e-01 4.042903236000000011e-01 -2.741682206080000017e-01
1.403637003201666594e+09 3.863743374599999836e+00 -3.764448608000000029e-01 8.099489232000000039e-01 5.091643845000000113e-01 7.091357326999999655e-01 4.033839411999999847e-01 -2.741523994689999966e-01
1.403637003251666546e+09 3.877132995499999790e+00 -4.073080879000000043e-01 8.036961565000000363e-01 5.098516350999999780e-01 7.090856558000000476e-01 4.029380928999999889e-01 -2.736598914150000228e-01
1.403637003301666498e+09 3.890254220600000146e+00 -4.383670762999999915e-01 7.983875837999999669e-01 5.103647639999999708e-01 7.090551088000000002e-01 4.014556088999999828e-01 -2.749582775189999828e-01
1.403637003351666451e+09 3.903516156299999817e+00 -4.696199489999999810e-01 7.941710435000000068e-01 5.104931730999999751e-01 7.092281813999999907e-01 4.003173301999999878e-01 -2.759314083759999980e-01
1.403637003401666641e+09 3.916669109699999929e+00 -5.005545595000000514e-01 7.912764290999999561e-01 5.117899880999999818e-01 7.085525955999999459e-01 3.997983795000000229e-01 -2.760171787810000166e-01
1.403637003451666355e+09 3.929227374999999967e+00 -5.311404217999999844e-01 7.905161483999999517e-01 5.127342606000000469e-01 7.080926364999999834e-01 3.988953854999999771e-01 -2.767505513379999726e-01
1.403637003501666546e+09 3.942032606000000161e+00 -5.616315602000000462e-01 7.918766855000000104e-01 5.128960273999999542e-01 7.084002775000000085e-01 3.977395367000000070e-01 -2.773264735379999957e-01
1.403637003551666498e+09 3.955348282300000129e+00 -5.923634976999999635e-01 7.949678466999999804e-01 5.123855173000000374e-01 7.089411155999999492e-01 3.973633301999999756e-01 -2.774273959390000099e-01
1.403637003601666451e+09 3.968951287199999900e+00 -6.229987876999999452e-01 7.996407215999999929e-01 5.122412906000000099e-01 7.093031791999999669e-01 3.967925060999999975e-01 -2.775852433630000005e-01
1.403637003651666403e+09 3.982671354299999855e+00 -6.535559051999999536e-01 8.060619801999999723e-01 5.121333973999999678e-01 7.095944181000000128e-01 3.963105903999999957e-01 -2.777283944210000022e-01
1.403637003701666594e+09 3.996699569200000024e+00 -6.840047466999999992e-01 8.125711825000000443e-01 5.118808116999999935e-01 7.099102229999999514e-01 3.962444187999999978e-01 -2.774812975539999726e-01
1.403637003751666546e+09 4.010830126600000156e+00 -7.141754809999999454e-01 8.181709222999999920e-01 5.116329335000000533e-01 7.100478183999999748e-01 3.964259755000000274e-01 -2.773270324670000231e-01
1.403637003801666498e+09 4.025146967000000409e+00 -7.443461323000000185e-01 8.227861382000000168e-01 5.105027189999999937e-01 7.105616726000000272e-01 3.961594573000000175e-01 -2.784722027159999835e-01
1.403637003851666451e+09 4.039894540899999775e+00 -7.740021908999999978e-01 8.259112105000000481e-01 5.094458555999999971e-01 7.110819567999999702e-01 3.974016900999999824e-01 -2.773071719060000162e-01
1.403637003901666641e+09 4.054642426600000071e+00 -8.032910729000000138e-01 8.275970934999999917e-01 5.091681768000000385e-01 7.108770951999999754e-01 3.990201442999999903e-01 -2.760153034569999830e-01
1.403637003951666355e+09 4.069418556399999609e+00 -8.326286982999999697e-01 8.273089068000000212e-01 5.075092484000000015e-01 7.114796771000000408e-01 4.009057078000000107e-01 -2.747829057530000174e-01
1.403637004001666546e+09 4.084229933299999615e+00 -8.618196441000000041e-01 8.253984864000000199e-01 5.065053992000000394e-01 7.115954988999999564e-01 4.027672566000000121e-01 -2.736104230799999981e-01
1.403637004051666498e+09 4.099024877599999783e+00 -8.907309130999999658e-01 8.215770870999999920e-01 5.054513637999999975e-01 7.118618518999999534e-01 4.050752742000000017e-01 -2.714509991169999914e-01
1.403637004101666451e+09 4.113202539299999572e+00 -9.194230624000000462e-01 8.167125302000000087e-01 5.045066482000000185e-01 7.120467142999999943e-01 4.058879311999999961e-01 -2.715096793530000219e-01
1.403637004151666403e+09 4.126797136499999574e+00 -9.476946581999999841e-01 8.107443518000000404e-01 5.045222041000000379e-01 7.115876275000000417e-01 4.073681236999999733e-01 -2.704655353009999819e-01
1.403637004201666594e+09 4.139824246799999941e+00 -9.759787293999999669e-01 8.047461289999999767e-01 5.033417275999999552e-01 7.120254231999999517e-01 4.081043757000000216e-01 -2.704028854430000073e-01
1.403637004251666546e+09 4.151914439399999601e+00 -1.003980120100000040e+00 8.005965049000000056e-01 5.030982102000000067e-01 7.116460349000000019e-01 4.091459219999999952e-01 -2.702808289249999940e-01
1.403637004301666498e+09 4.162995411199999829e+00 -1.032062268200000021e+00 7.989875090000000402e-01 5.021068130000000407e-01 7.119466758000000395e-01 4.085203315000000002e-01 -2.722715884179999768e-01
1.403637004351666451e+09 4.173506661600000278e+00 -1.059514382099999930e+00 7.989883693999999537e-01 5.015405361000000450e-01 7.123126156000000320e-01 4.081501580999999934e-01 -2.729125807639999901e-01
1.403637004401666641e+09 4.182897213200000408e+00 -1.086078288099999956e+00 8.012651527999999912e-01 5.022028503000000033e-01 7.119746417000000216e-01 4.064589439999999887e-01 -2.750918639609999938e-01
1.403637004451666355e+09 4.191819589099999632e+00 -1.112240800699999976e+00 8.063601795999999489e-01 5.036452158999999984e-01 7.112149530000000386e-01 4.049535585999999854e-01 -2.766358664460000227e-01
1.403637004501666546e+09 4.200147644500000332e+00 -1.137923314300000044e+00 8.150924083999999681e-01 5.072620401999999862e-01 7.091921589999999886e-01 4.028093976000000076e-01 -2.783456366379999936e-01
1.403637004551666498e+09 4.208951141800000073e+00 -1.163635910700000053e+00 8.265176904000000047e-01 5.097805805999999773e-01 7.079878649999999940e-01 4.012685188999999819e-01 -2.790349769750000153e-01
1.403637004601666451e+09 4.218542400099999590e+00 -1.189897894900000086e+00 8.403613383000000381e-01 5.097264308000000188e-01 7.087855947000000212e-01 3.989978404000000256e-01 -2.803616769160000022e-01
1.403637004651666403e+09 4.228700953599999757e+00 -1.216609667800000016e+00 8.557423642999999469e-01 5.080795821000000378e-01 7.107634896000000202e-01 3.951544128999999739e-01 -2.837664358499999984e-01
1.403637004701666594e+09 4.239031638900000232e+00 -1.242852743800000104e+00 8.707762118999999856e-01 5.055150612000000043e-01 7.133656890999999778e-01 3.910815483000000259e-01 -2.874354519980000244e-01
1.403637004751666546e+09 4.249922293800000084e+00 -1.268110077100000010e+00 8.836285245999999649e-01 5.041172666000000024e-01 7.151832932999999670e-01 3.875110442999999960e-01 -2.901961906139999825e-01
1.403637004801666498e+09 4.260817588900000175e+00 -1.292605513899999892e+00 8.933929421999999843e-01 5.019627175999999968e-01 7.173483586000000134e-01 3.842102587999999819e-01 -2.929628638099999738e-01
1.403637004851666451e+09 4.272906602199999959e+00 -1.316440160400000003e+00 8.986945710999999504e-01 5.001741836999999968e-01 7.193315842999999932e-01 3.827676360000000222e-01 -2.930474271049999802e-01
1.403637004901666641e+09 4.285616204300000120e+00 -1.339213790400000104e+00 8.994652076000000385e-01 4.975951750000000007e-01 7.217193532000000245e-01 3.825353712999999822e-01 -2.918679612889999997e-01
1.403637004951666355e+09 4.298633811900000268e+00 -1.360537381699999937e+00 8.964887532999999964e-01 4.951866691999999848e-01 7.240590585999999718e-01 3.831129779999999929e-01 -2.894012583680000139e-01
1.403637005001666546e+09 4.311989883499999898e+00 -1.380624507300000081e+00 8.901218861999999898e-01 4.943607239999999736e-01 7.251275855000000048e-01 3.850128332000000153e-01 -2.855916272319999893e-01
1.403637005051666498e+09 4.325288796799999780e+00 -1.399169000999999968e+00 8.823539602000000093e-01 4.958693990999999968e-01 7.245366412000000533e-01 3.870744245000000139e-01 -2.816621814429999815e-01
1.403637005101666451e+09 4.338376711299999577e+00 -1.416423149799999948e+00 8.740597307999999899e-01 4.990709389999999912e-01 7.227996963999999691e-01 3.882616490999999947e-01 -2.788219656029999882e-01
1.403637005151666403e+09 4.351203200399999638e+00 -1.432647796599999968e+00 8.647299967999999559e-01 5.027448785000000475e-01 7.206404427000000501e-01 3.904059462999999730e-01 -2.747874388980000027e-01
1.403637005201666594e+09 4.363599135400000328e+00 -1.448428929399999898e+00 8.551274293999999720e-01 5.044075558999999709e-01 7.196703429999999901e-01 3.908100419000000159e-01 -2.737062770099999987e-01
1.403637005251666546e+09 4.376047949400000192e+00 -1.463650385100000006e+00 8.442860115000000443e-01 5.049485336000000268e-01 7.194014034000000279e-01 3.924008454999999840e-01 -2.711276003659999767e-01
1.403637005301666498e+09 4.388365220299999869e+00 -1.478640801699999896e+00 8.325922901000000209e-01 5.040379441000000238e-01 7.199551911999999554e-01 3.938823931000000056e-01 -2.691968313259999745e-01
1.403637005351666451e+09 4.400476358599999749e+00 -1.493368584399999976e+00 8.204537656999999484e-01 5.030013585999999481e-01 7.205548032999999908e-01 3.950095335000000096e-01 -2.678766080669999772e-01
1.403637005401666641e+09 4.412134877599999783e+00 -1.507681101900000042e+00 8.082684418000000148e-01 5.034605859999999877e-01 7.197797235999999765e-01 3.959735104000000061e-01 -2.676743673149999947e-01
1.403637005451666355e+09 4.423164326400000235e+00 -1.521889972399999902e+00 7.963301745999999959e-01 5.056003910999999906e-01 7.176178921000000432e-01 3.966032941000000034e-01 -2.685118853149999762e-01
1.403637005501666546e+09 4.433891657600000258e+00 -1.535918939899999947e+00 7.847220124999999546e-01 5.081882679000000458e-01 7.151409986000000218e-01 3.975511949000000156e-01 -2.688328175879999837e-01
1.403637005551666498e+09 4.444022654100000302e+00 -1.550132563900000093e+00 7.748801826000000226e-01 5.092080714000000174e-01 7.138149877999999671e-01 3.980262392000000204e-01 -2.697228503410000200e-01
1.403637005601666451e+09 4.454166600799999820e+00 -1.564688772700000063e+00 7.674711334999999579e-01 5.083266087000000155e-01 7.138065590000000071e-01 3.980936287999999879e-01 -2.713037375289999997e-01
1.403637005651666403e+09 4.464334975399999905e+00 -1.579499739899999922e+00 7.621594792000000451e-01 5.045694710000000471e-01 7.157874005000000039e-01 3.989210991000000095e-01 -2.718823329250000254e-01
1.403637005701666594e+09 4.473939428799999618e+00 -1.594181643900000056e+00 7.601172306000000267e-01 4.999151763999999942e-01 7.185508511999999515e-01 3.985999903999999927e-01 -2.736558758539999747e-01
1.403637005751666546e+09 4.483212679700000258e+00 -1.608332516299999959e+00 7.612541774000000094e-01 4.966382622000000135e-01 7.204757796999999853e-01 3.983988509999999983e-01 -2.748516742089999743e-01
1.403637005801666498e+09 4.491908934899999650e+00 -1.621443572000000000e+00 7.650844025999999909e-01 4.962462971000000111e-01 7.204073860999999912e-01 3.988663056000000262e-01 -2.750608676740000091e-01
1.403637005851666451e+09 4.500051763900000168e+00 -1.633588956000000092e+00 7.703438350000000323e-01 4.982081710999999857e-01 7.187621107999999648e-01 3.999560476999999836e-01 -2.742349472639999952e-01
1.403637005901666641e+09 4.507512085100000121e+00 -1.645140900499999947e+00 7.757309673000000183e-01 5.001615412000000038e-01 7.171768684999999532e-01 4.007405685000000051e-01 -2.736837019719999820e-01
1.403637005951666355e+09 4.514381132599999624e+00 -1.656223299399999904e+00 7.807303943000000190e-01 5.024514607000000188e-01 7.154442939999999806e-01 4.011712248000000036e-01 -2.733928313799999787e-01
1.403637006001666546e+09 4.520749552699999896e+00 -1.666964235300000041e+00 7.848695992999999982e-01 5.045333871999999609e-01 7.140209266999999471e-01 4.010144963000000229e-01 -2.735096911820000254e-01
1.403637006051666498e+09 4.526630362299999710e+00 -1.677610696899999976e+00 7.882780592000000475e-01 5.055498822999999753e-01 7.133390684000000537e-01 4.000114081000000210e-01 -2.748773607200000191e-01
1.403637006101666451e+09 4.532232252500000058e+00 -1.688224746499999984e+00 7.909930204999999770e-01 5.058716680000000521e-01 7.130748594000000384e-01 3.988874061000000082e-01 -2.765988749739999863e-01
1.403637006151666403e+09 4.537952109899999975e+00 -1.698711091300000087e+00 7.932242180999999892e-01 5.061907053999999961e-01 7.128036245000000104e-01 3.986266889999999785e-01 -2.770897426460000035e-01
1.403637006201666594e+09 4.543507253999999662e+00 -1.709248716100000065e+00 7.952186906999999527e-01 5.053373993999999980e-01 7.132778499999999910e-01 3.986077120000000029e-01 -2.774539841449999988e-01
1.403637006251666546e+09 4.549218177800000262e+00 -1.719660019300000009e+00 7.965758291000000213e-01 5.027949794999999611e-01 7.150417524000000080e-01 3.989458268000000141e-01 -2.770464369110000047e-01
1.403637006301666498e+09 4.554954387299999574e+00 -1.729867095899999985e+00 7.973677805000000118e-01 4.987460789000000005e-01 7.178182681000000454e-01 3.994256784999999921e-01 -2.764930563399999874e-01
1.403637006351666451e+09 4.560504997799999849e+00 -1.739659756300000026e+00 7.973735760000000283e-01 4.935839394000000047e-01 7.212727205000000197e-01 4.008657156000000055e-01 -2.746766016609999972e-01
1.403637006401666641e+09 4.565401789100000052e+00 -1.748850038600000101e+00 7.972711504999999699e-01 4.894730440999999765e-01 7.239890676000000358e-01 4.018829341999999860e-01 -2.733972865240000272e-01
1.403637006451666355e+09 4.569513191799999596e+00 -1.757322906700000020e+00 7.968386206999999999e-01 4.856764561999999952e-01 7.264999132999999665e-01 4.016624518999999949e-01 -2.738312080720000097e-01
1.403637006501666546e+09 4.572705576899999791e+00 -1.764785579400000026e+00 7.960771733999999489e-01 4.827191271999999866e-01 7.284222575000000033e-01 4.000056839000000197e-01 -2.763669875440000201e-01
1.403637006551666498e+09 4.574949725299999770e+00 -1.770940558700000000e+00 7.955970358999999714e-01 4.834944554000000227e-01 7.270879539000000280e-01 3.985836581000000156e-01 -2.805481891480000045e-01
1.403637006601666451e+09 4.576603449500000309e+00 -1.775604044000000048e+00 7.948758211999999990e-01 4.865867165000000161e-01 7.235351307999999815e-01 3.993525148000000025e-01 -2.832805158389999911e-01
1.403637006651666403e+09 4.577877785800000154e+00 -1.779442749600000040e+00 7.935273679000000024e-01 4.897014894999999757e-01 7.189445303000000509e-01 4.017078507999999881e-01 -2.862551591879999857e-01
1.403637006701666594e+09 4.578902713399999769e+00 -1.782679971499999905e+00 7.913527019999999634e-01 4.923646085999999755e-01 7.138595113000000270e-01 4.054067858000000024e-01 -2.891833818349999752e-01
1.403637006751666546e+09 4.579979988499999877e+00 -1.785511981400000003e+00 7.886170125000000475e-01 4.944734088000000138e-01 7.082014296999999958e-01 4.100192072000000132e-01 -2.929693374030000186e-01
1.403637006801666498e+09 4.581466406699999716e+00 -1.788267827599999915e+00 7.849567857999999454e-01 4.950276617000000101e-01 7.028886709999999649e-01 4.149730596999999799e-01 -2.978128440689999934e-01
1.403637006851666451e+09 4.582984478200000211e+00 -1.790826262199999963e+00 7.805209812000000191e-01 4.923509607000000066e-01 6.989422388999999569e-01 4.211725524000000109e-01 -3.027935918960000250e-01
1.403637006901666641e+09 4.584472362799999701e+00 -1.793203607599999971e+00 7.758848310999999498e-01 4.891936747999999779e-01 6.943885739999999807e-01 4.285442628999999726e-01 -3.079997915009999865e-01
1.403637006951666355e+09 4.586281723599999971e+00 -1.795482661899999943e+00 7.706475028999999477e-01 4.852967830000000093e-01 6.893680927999999986e-01 4.382274308999999923e-01 -3.117938163489999970e-01
1.403637007001666546e+09 4.588481840000000034e+00 -1.797337293300000027e+00 7.657540685999999486e-01 4.824545344999999763e-01 6.835127870999999633e-01 4.478811949000000014e-01 -3.153574594369999984e-01
1.403637007051666498e+09 4.590519826200000431e+00 -1.798776826000000106e+00 7.611972681999999990e-01 4.805397855999999912e-01 6.775856819000000142e-01 4.558761724000000015e-01 -3.195873490700000263e-01
1.403637007101666451e+09 4.592462545200000079e+00 -1.799667228099999905e+00 7.562287943000000068e-01 4.792641328000000200e-01 6.720648959999999672e-01 4.631402177000000231e-01 -3.227007983069999919e-01
1.403637007151666403e+09 4.594475010600000076e+00 -1.800306927799999901e+00 7.513719025999999745e-01 4.781413489999999933e-01 6.670109576999999623e-01 4.691881667000000200e-01 -3.260976802100000183e-01
1.403637007201666594e+09 4.596327579299999577e+00 -1.800754712800000101e+00 7.466932403999999579e-01 4.775003704999999932e-01 6.624545081999999585e-01 4.739778675999999913e-01 -3.293818478800000227e-01
1.403637007251666546e+09 4.597816811999999587e+00 -1.800755356800000095e+00 7.420696902000000206e-01 4.791123594000000208e-01 6.572229604999999530e-01 4.778760570000000207e-01 -3.318791970539999858e-01
1.403637007301666498e+09 4.599794121699999572e+00 -1.800694121900000111e+00 7.373829240999999479e-01 4.821120367999999767e-01 6.517004088000000195e-01 4.809411986000000083e-01 -3.339912043409999920e-01
1.403637007351666451e+09 4.602032237300000439e+00 -1.801158694599999999e+00 7.328527823999999580e-01 4.842926703000000055e-01 6.475191196999999788e-01 4.826985214000000246e-01 -3.364249344240000106e-01
1.403637007401666641e+09 4.604822849999999690e+00 -1.802241441600000105e+00 7.276947779000000338e-01 4.850081151999999785e-01 6.451432222999999855e-01 4.847593424000000151e-01 -3.369951495940000097e-01
1.403637007451666355e+09 4.608465232900000430e+00 -1.804198309100000008e+00 7.218862772999999899e-01 4.832675421000000027e-01 6.449321730000000530e-01 4.863622645999999827e-01 -3.375895770130000195e-01
1.403637007501666546e+09 4.612574115200000158e+00 -1.806578934100000033e+00 7.159573074999999731e-01 4.820981332000000008e-01 6.448106582000000531e-01 4.878324398000000173e-01 -3.373723693940000046e-01
1.403637007551666498e+09 4.617173496200000393e+00 -1.809585953300000050e+00 7.097564337999999751e-01 4.804350533999999784e-01 6.454350322999999889e-01 4.891974867000000171e-01 -3.365733167080000032e-01
1.403637007601666451e+09 4.622235894300000147e+00 -1.813245671500000045e+00 7.027236715000000356e-01 4.760120774000000110e-01 6.483361924999999637e-01 4.908440146999999976e-01 -3.348803321780000064e-01
1.403637007651666403e+09 4.627446228900000236e+00 -1.817445105900000080e+00 6.951960450999999930e-01 4.710134968999999949e-01 6.519436785000000123e-01 4.932593733999999785e-01 -3.313773020479999776e-01
1.403637007701666594e+09 4.632552939099999989e+00 -1.822092159199999895e+00 6.879647424999999483e-01 4.664542810999999789e-01 6.554768582000000121e-01 4.949987315000000110e-01 -3.282479974779999865e-01
1.403637007751666546e+09 4.637082324399999678e+00 -1.826913732800000023e+00 6.810748222000000407e-01 4.632247831999999899e-01 6.581010739999999526e-01 4.967604687000000130e-01 -3.248920026780000025e-01
1.403637007801666498e+09 4.640385174999999585e+00 -1.831684830199999947e+00 6.754127015999999983e-01 4.633146592999999869e-01 6.586293317000000425e-01 4.967679751999999893e-01 -3.236796391060000055e-01
1.403637007851666451e+09 4.642324563999999931e+00 -1.836794218399999901e+00 6.704999908000000008e-01 4.650451395999999904e-01 6.580640288000000337e-01 4.952074873000000266e-01 -3.247372733359999986e-01
1.403637007901666641e+09 4.643177504799999689e+00 -1.842254099000000034e+00 6.667795225999999520e-01 4.675467924999999747e-01 6.572020850999999997e-01 4.902071845000000039e-01 -3.304274995390000247e-01
1.403637007951666355e+09 4.643578769600000378e+00 -1.847869578999999929e+00 6.634769951000000221e-01 4.697686744999999831e-01 6.565362860000000245e-01 4.846227386999999998e-01 -3.367763333980000051e-01
1.403637008001666546e+09 4.644339019000000235e+00 -1.853173226100000015e+00 6.599031873999999798e-01 4.721787573999999821e-01 6.557111462000000390e-01 4.808272140000000028e-01 -3.404339937220000056e-01
1.403637008051666498e+09 4.645955383399999583e+00 -1.858251950000000097e+00 6.559524743000000324e-01 4.740790890000000091e-01 6.552941586999999624e-01 4.795975509000000025e-01 -3.403303867390000126e-01
1.403637008101666451e+09 4.648600225400000063e+00 -1.863253824799999903e+00 6.512677009999999767e-01 4.722275872999999735e-01 6.576584063999999508e-01 4.810321652999999809e-01 -3.362953794360000193e-01
1.403637008151666403e+09 4.651776875800000433e+00 -1.868285432099999976e+00 6.464961979000000136e-01 4.682657527999999902e-01 6.614407338000000136e-01 4.837289915999999912e-01 -3.304990212219999779e-01
1.403637008201666594e+09 4.654624876499999786e+00 -1.873389128099999912e+00 6.424744701000000280e-01 4.639659930000000210e-01 6.652832290000000315e-01 4.860688468000000095e-01 -3.253780243550000173e-01
1.403637008251666546e+09 4.656787555900000264e+00 -1.878306254099999961e+00 6.394466222000000366e-01 4.607861383999999894e-01 6.682609253000000304e-01 4.881131135999999815e-01 -3.207008865389999741e-01
1.403637008301666498e+09 4.658084767600000120e+00 -1.882885775299999898e+00 6.374030096999999673e-01 4.593277541999999936e-01 6.699766589000000216e-01 4.900840450999999764e-01 -3.161754569010000182e-01
1.403637008351666451e+09 4.657922684899999943e+00 -1.887288335999999900e+00 6.366728425000000025e-01 4.590881540000000260e-01 6.708287400000000344e-01 4.907215325000000017e-01 -3.137184183260000037e-01
1.403637008401666641e+09 4.656237589899999918e+00 -1.891635238299999910e+00 6.374751094999999701e-01 4.607380792999999919e-01 6.704855041999999710e-01 4.895608486999999953e-01 -3.138467561880000090e-01
1.403637008451666355e+09 4.652823299799999646e+00 -1.895926355599999891e+00 6.400147006999999943e-01 4.646005275000000267e-01 6.685551594999999958e-01 4.856934083000000180e-01 -3.182487418330000040e-01
1.403637008501666546e+09 4.648373151600000419e+00 -1.900010711800000029e+00 6.431242073999999809e-01 4.683405224000000144e-01 6.667718030999999490e-01 4.817366790000000010e-01 -3.224938601590000009e-01
1.403637008551666498e+09 4.643519291599999654e+00 -1.904016941899999926e+00 6.464616577999999780e-01 4.718203569000000153e-01 6.650552910999999456e-01 4.779571491999999866e-01 -3.265638898259999867e-01
1.403637008601666451e+09 4.638653672800000294e+00 -1.907854483499999976e+00 6.487614257999999579e-01 4.743427022999999743e-01 6.640978913999999733e-01 4.746497760000000232e-01 -3.296673802560000088e-01
1.403637008651666403e+09 4.634183001100000254e+00 -1.911848143000000055e+00 6.498053552000000455e-01 4.758410108000000194e-01 6.636769174000000104e-01 4.721600450999999810e-01 -3.319234454169999737e-01
1.403637008701666594e+09 4.629985981599999967e+00 -1.916045097100000039e+00 6.499981903999999533e-01 4.743138275000000070e-01 6.653420571999999478e-01 4.689631906000000239e-01 -3.352907183239999811e-01
1.403637008751666546e+09 4.626121759900000185e+00 -1.920293307899999968e+00 6.494406426000000065e-01 4.697096015000000180e-01 6.691042220999999790e-01 4.656434931999999804e-01 -3.388931504689999819e-01
1.403637008801666498e+09 4.622613385400000219e+00 -1.924179523600000108e+00 6.483600667000000151e-01 4.631361914000000080e-01 6.740489188999999604e-01 4.625431461000000244e-01 -3.423693343329999861e-01
1.403637008851666451e+09 4.619214807399999678e+00 -1.926937323400000013e+00 6.464088153000000503e-01 4.574045990999999756e-01 6.781499238000000540e-01 4.603552772000000237e-01 -3.449155437640000210e-01
1.403637008901666641e+09 4.615943829499999929e+00 -1.927956435300000049e+00 6.426986842999999894e-01 4.534590307999999959e-01 6.811033788000000477e-01 4.595999745000000081e-01 -3.453128411090000127e-01
1.403637008951666355e+09 4.612925144400000121e+00 -1.926858018699999953e+00 6.376971338000000378e-01 4.525580871000000061e-01 6.821337567999999907e-01 4.593233922000000136e-01 -3.448285617269999936e-01
1.403637009001666546e+09 4.610159722099999691e+00 -1.923683356900000030e+00 6.315793109999999766e-01 4.550955375999999886e-01 6.808788752000000111e-01 4.605590122000000064e-01 -3.423118537500000058e-01
1.403637009051666498e+09 4.607405716499999748e+00 -1.918670421799999914e+00 6.241227070999999516e-01 4.594275593000000102e-01 6.784626829000000026e-01 4.629522045999999724e-01 -3.380679842389999745e-01
1.403637009101666451e+09 4.605136226499999985e+00 -1.912580632799999902e+00 6.156220594000000323e-01 4.638548618000000179e-01 6.758090257000000101e-01 4.656761284000000001e-01 -3.335664422790000083e-01
1.403637009151666403e+09 4.603259052700000353e+00 -1.905798525500000062e+00 6.070067916000000396e-01 4.676886029999999805e-01 6.734780865999999699e-01 4.681103940999999935e-01 -3.294955180279999785e-01
1.403637009201666594e+09 4.601308235500000343e+00 -1.898207601400000000e+00 5.979292301999999948e-01 4.718745651999999846e-01 6.707750411999999773e-01 4.711392809000000126e-01 -3.246891079370000099e-01
1.403637009251666546e+09 4.599350194500000377e+00 -1.890153994899999912e+00 5.880608632999999585e-01 4.762920977999999805e-01 6.678502535000000462e-01 4.751085954000000000e-01 -3.184237727679999908e-01
1.403637009301666498e+09 4.596397121699999921e+00 -1.881945959999999918e+00 5.778567796000000367e-01 4.807000893999999747e-01 6.646862567000000332e-01 4.798955592999999964e-01 -3.111588924090000208e-01
1.403637009351666451e+09 4.591536040400000296e+00 -1.873940678999999943e+00 5.676613226000000179e-01 4.857622495999999734e-01 6.610301243999999743e-01 4.834641088000000142e-01 -3.055105021860000103e-01
1.403637009401666641e+09 4.589530584900000321e+00 -1.870111685899999987e+00 5.659240102000000494e-01 4.775922275000000217e-01 6.608084534000000509e-01 4.788104900999999858e-01 -3.255431872449999764e-01
1.403637009451666355e+09 4.589945009900000095e+00 -1.864597252800000105e+00 5.619746351000000084e-01 4.786989501999999730e-01 6.539403445000000481e-01 4.859081047000000098e-01 -3.272654193980000237e-01
