1.403715524912142992e+09 5.493701398000000458e-01 2.050964074999999998e+00 9.455930355999999648e-01 2.656202293000000103e-01 4.116597638999999753e-01 -7.031751511999999593e-01 5.152929646349999615e-01
1.403715524962142944e+09 5.491333966000000455e-01 2.050356565199999981e+00 9.453359435000000532e-01 2.656659227000000012e-01 4.115273888000000047e-01 -7.032155777999999913e-01 5.153199752899999542e-01
1.403715525012143135e+09 5.489640732999999662e-01 2.049945787900000038e+00 9.451654030999999678e-01 2.657705007000000230e-01 4.114530940000000192e-01 -7.032184721999999999e-01 5.153214266719999825e-01
1.403715525062143087e+09 5.487788913000000157e-01 2.049625224500000176e+00 9.449970840000000427e-01 2.658001352000000095e-01 4.115288946999999808e-01 -7.032196596999999993e-01 5.152439879419999924e-01
1.403715525112143040e+09 5.486024795999999704e-01 2.049354009600000026e+00 9.449108526999999702e-01 2.659336063000000139e-01 4.113830341999999973e-01 -7.033295670000000444e-01 5.151415692480000308e-01
1.403715525162142992e+09 5.484760498999999845e-01 2.049136848599999894e+00 9.448253277999999478e-01 2.658876242000000056e-01 4.114090569000000142e-01 -7.033250841999999503e-01 5.151506431460000091e-01
1.403715525212143183e+09 5.484385574000000263e-01 2.049052077499999847e+00 9.447950415000000435e-01 2.659377857999999928e-01 4.111871745999999828e-01 -7.034812052000000149e-01 5.150887258570000515e-01
1.403715525262142897e+09 5.484558006999999957e-01 2.049010920799999802e+00 9.448013374999999492e-01 2.657586109000000252e-01 4.109784677000000164e-01 -7.036069354999999748e-01 5.151760284080000307e-01
1.403715525312143087e+09 5.485237269999999610e-01 2.049042993200000051e+00 9.447799416000000061e-01 2.657458561000000108e-01 4.110124459000000230e-01 -7.036837487999999530e-01 5.150505712399999769e-01
1.403715525362143040e+09 5.486226253000000552e-01 2.049074136399999801e+00 9.448130070000000380e-01 2.657471030999999928e-01 4.110361880999999773e-01 -7.037562415000000460e-01 5.149319195960000428e-01
1.403715525412142992e+09 5.486710351000000374e-01 2.049153276200000207e+00 9.448393192999999801e-01 2.657915784000000059e-01 4.110925766999999897e-01 -7.037708387000000121e-01 5.148439926369999808e-01
1.403715525462142944e+09 5.487357475999999901e-01 2.049299264200000081e+00 9.448284949999999904e-01 2.658490353999999889e-01 4.112574481999999865e-01 -7.037765304999999971e-01 5.146748457619999551e-01
1.403715525512143135e+09 5.487966247000000131e-01 2.049331872999999860e+00 9.448296062000000051e-01 2.657775967000000072e-01 4.112923625000000083e-01 -7.037610198999999511e-01 5.147050500009999752e-01
1.403715525562143087e+09 5.488244767000000079e-01 2.049320671199999833e+00 9.448401576999999607e-01 2.657767769000000113e-01 4.112312681999999997e-01 -7.038390412999999679e-01 5.146476006050000329e-01
1.403715525612143040e+09 5.488198966999999762e-01 2.049244271000000062e+00 9.448492957999999886e-01 2.655669556999999958e-01 4.112071292000000211e-01 -7.039371063999999567e-01 5.146410779440000471e-01
1.403715525662142992e+09 5.487810853000000266e-01 2.049139102299999848e+00 9.448933764000000401e-01 2.653793864999999808e-01 4.109748281999999753e-01 -7.040839722999999717e-01 5.147224803350000100e-01
1.403715525712143183e+09 5.487316210999999555e-01 2.049180677399999873e+00 9.449440278999999832e-01 2.653945770999999731e-01 4.111415874000000081e-01 -7.039499269000000226e-01 5.147648141589999948e-01
1.403715525762142897e+09 5.487214462999999709e-01 2.049257686099999809e+00 9.450276753999999890e-01 2.655249469000000029e-01 4.111870739999999858e-01 -7.039160237999999570e-01 5.147076103740000352e-01
1.403715525812143087e+09 5.487738394000000186e-01 2.049363324299999789e+00 9.450779536000000203e-01 2.655641428000000137e-01 4.113583724000000053e-01 -7.038196968000000053e-01 5.146822417359999680e-01
1.403715525862143040e+09 5.488467380999999534e-01 2.049525217299999813e+00 9.451635965000000361e-01 2.656682543000000174e-01 4.115403227000000164e-01 -7.037233696000000371e-01 5.146147690090000504e-01
1.403715525912142992e+09 5.488505835000000443e-01 2.049564226999999850e+00 9.453095492999999960e-01 2.656633338000000122e-01 4.114362199000000109e-01 -7.036743715000000066e-01 5.147675289459999748e-01
1.403715525962142944e+09 5.488248090999999773e-01 2.049613676299999909e+00 9.454040822999999483e-01 2.656505506999999877e-01 4.113506290999999759e-01 -7.036346353000000331e-01 5.148968293469999846e-01
1.403715526012143135e+09 5.488482442000000017e-01 2.049696329600000144e+00 9.454228536000000016e-01 2.656661919000000149e-01 4.113474414000000134e-01 -7.036428510000000136e-01 5.148800784620000126e-01
1.403715526062143087e+09 5.488689410000000546e-01 2.049739719999999821e+00 9.454688727000000181e-01 2.656891909999999912e-01 4.112803044000000185e-01 -7.036102869999999454e-01 5.149663377019999544e-01
1.403715526112143040e+09 5.488643892000000246e-01 2.049738570600000198e+00 9.454662604000000359e-01 2.657061119999999943e-01 4.112949590000000155e-01 -7.036562490000000114e-01 5.148830954840000196e-01
1.403715526162142992e+09 5.488512919000000378e-01 2.049756359599999911e+00 9.454354305000000069e-01 2.657160954000000186e-01 4.112774415000000072e-01 -7.036326876999999813e-01 5.149241338079999508e-01
1.403715526212143183e+09 5.488248660000000223e-01 2.049763036899999946e+00 9.453831708000000056e-01 2.656881960999999959e-01 4.112839632999999995e-01 -7.036537192999999801e-01 5.149045807430000510e-01
1.403715526262142897e+09 5.488269193999999462e-01 2.049761919999999904e+00 9.453534887000000220e-01 2.657112911999999771e-01 4.112393577999999827e-01 -7.036872062000000261e-01 5.148825265240000171e-01
1.403715526312143087e+09 5.488240058000000143e-01 2.049730103999999997e+00 9.453308199000000078e-01 2.656756919000000106e-01 4.112195504999999751e-01 -7.036969588000000497e-01 5.149033872120000188e-01
1.403715526362143040e+09 5.488345695999999885e-01 2.049701445500000219e+00 9.452973207999999516e-01 2.657277741999999887e-01 4.112586886999999858e-01 -7.037101717000000534e-01 5.148271896980000095e-01
1.403715526412142992e+09 5.488283078000000259e-01 2.049713390700000026e+00 9.452810555999999753e-01 2.658150981999999884e-01 4.112488682000000062e-01 -7.036738241000000116e-01 5.148396365220000437e-01
1.403715526462142944e+09 5.488261959000000356e-01 2.049705916699999797e+00 9.452665745999999647e-01 2.658000936000000092e-01 4.112332210999999904e-01 -7.037016231999999594e-01 5.148218853810000439e-01
1.403715526512143135e+09 5.488029174999999871e-01 2.049657024000000050e+00 9.452776595999999865e-01 2.658237661999999779e-01 4.112007227000000209e-01 -7.036966263999999693e-01 5.148424507300000119e-01
1.403715526562143087e+09 5.488030246999999751e-01 2.049624411299999949e+00 9.452984752999999962e-01 2.658702840000000123e-01 4.111426390999999847e-01 -7.037243599000000405e-01 5.148269103279999870e-01
1.403715526612143040e+09 5.488121996999999475e-01 2.049617018200000196e+00 9.453054212000000511e-01 2.659181179999999811e-01 4.111215270999999949e-01 -7.037415966000000189e-01 5.147955027489999891e-01
1.403715526662142992e+09 5.488183691000000364e-01 2.049598022300000100e+00 9.452732493000000069e-01 2.659274830000000200e-01 4.111290895999999973e-01 -7.037504436999999502e-01 5.147725308549999657e-01
1.403715526712143183e+09 5.488042596000000106e-01 2.049585891200000010e+00 9.452565809999999846e-01 2.659706337000000143e-01 4.111048091999999765e-01 -7.037662869999999904e-01 5.147479686120000064e-01
1.403715526762142897e+09 5.487852087000000267e-01 2.049561773799999820e+00 9.452710579999999974e-01 2.659734831000000188e-01 4.111105646000000058e-01 -7.037690546999999519e-01 5.147381156020000015e-01
1.403715526812143087e+09 5.487783535000000379e-01 2.049553690299999786e+00 9.452780390999999671e-01 2.660086416999999925e-01 4.110790267000000164e-01 -7.037887917999999798e-01 5.147181490129999482e-01
1.403715526862143040e+09 5.487694547000000478e-01 2.049555999199999867e+00 9.452931796000000331e-01 2.660114088000000154e-01 4.110666412999999797e-01 -7.038032495999999583e-01 5.147068413950000032e-01
1.403715526912142992e+09 5.487241154999999981e-01 2.049586777900000101e+00 9.456181757999999604e-01 2.661083313000000006e-01 4.109558933999999941e-01 -7.038205532000000320e-01 5.147215155419999633e-01
1.403715526962142944e+09 5.486979636000000049e-01 2.049551263900000198e+00 9.456150250999999507e-01 2.660204890999999794e-01 4.110106835999999819e-01 -7.039126050999999773e-01 5.145972810690000454e-01
1.403715527012143135e+09 5.486109760999999807e-01 2.049590755600000147e+00 9.454099811999999714e-01 2.660146755999999724e-01 4.110428694000000105e-01 -7.038496079999999600e-01 5.146607437500000382e-01
1.403715527062143087e+09 5.486056473999999517e-01 2.049744670199999952e+00 9.454128357000000094e-01 2.660915142999999983e-01 4.109944090000000050e-01 -7.039226791999999566e-01 5.145597763500000532e-01
1.403715527112143040e+09 5.484781820999999891e-01 2.049681281699999857e+00 9.453290282999999850e-01 2.660125210000000018e-01 4.110717642999999755e-01 -7.038980161000000235e-01 5.145725665770000123e-01
1.403715527162142992e+09 5.485065532999999771e-01 2.049672430499999809e+00 9.451883979999999852e-01 2.661006918000000110e-01 4.109915349000000107e-01 -7.038977638000000203e-01 5.145914089459999730e-01
1.403715527212143183e+09 5.485901196000000368e-01 2.049659185399999917e+00 9.451879105999999586e-01 2.660800007999999939e-01 4.110014681999999975e-01 -7.040054698000000055e-01 5.144468143399999471e-01
1.403715527262142897e+09 5.485327618999999988e-01 2.049601258700000095e+00 9.451411567999999930e-01 2.660474613000000099e-01 4.110205808999999877e-01 -7.039819640000000156e-01 5.144805387880000414e-01
1.403715527312143087e+09 5.485116792999999991e-01 2.049729267700000079e+00 9.453118254000000276e-01 2.663243505999999816e-01 4.110598804000000217e-01 -7.038674433999999591e-01 5.144625712150000529e-01
1.403715527362143040e+09 5.486095809000000045e-01 2.049663600999999780e+00 9.454802651999999474e-01 2.662002934000000098e-01 4.110439768999999965e-01 -7.039504438000000475e-01 5.144259184289999842e-01
1.403715527412142992e+09 5.485941480999999564e-01 2.049577223100000012e+00 9.455072021000000548e-01 2.661548917000000070e-01 4.111479103999999829e-01 -7.039975218999999784e-01 5.143019138579999483e-01
1.403715527462142944e+09 5.487631048000000122e-01 2.049709258600000084e+00 9.456547274000000058e-01 2.662408964999999905e-01 4.110957273999999995e-01 -7.040656624000000141e-01 5.142058254629999769e-01
1.403715527512143135e+09 5.488556604000000005e-01 2.049812492400000075e+00 9.457503208999999966e-01 2.663083236000000076e-01 4.110774555999999746e-01 -7.040099337999999873e-01 5.142618159880000261e-01
1.403715527562143087e+09 5.489060220000000490e-01 2.049823531299999946e+00 9.457693254000000271e-01 2.663200477000000066e-01 4.110109088000000188e-01 -7.039709842000000384e-01 5.143622443630000429e-01
1.403715527612143040e+09 5.490372637999999528e-01 2.049876009200000126e+00 9.458543333000000164e-01 2.662631388999999738e-01 4.110412077000000219e-01 -7.040811866999999724e-01 5.142166362219999787e-01
1.403715527662142992e+09 5.490603372000000260e-01 2.049836075900000054e+00 9.459497130999999781e-01 2.662118638000000037e-01 4.111428575000000141e-01 -7.041577323000000055e-01 5.140570808550000148e-01
1.403715527712143183e+09 5.491577645999999868e-01 2.049790729100000153e+00 9.461083083000000338e-01 2.661831427999999944e-01 4.111752853999999791e-01 -7.041653075999999567e-01 5.140356395870000483e-01
1.403715527762142897e+09 5.492068440999999801e-01 2.049966107199999943e+00 9.461077732999999546e-01 2.663628536000000047e-01 4.110348623999999784e-01 -7.041824342000000403e-01 5.140313915480000384e-01
1.403715527812143087e+09 5.492457271999999779e-01 2.050040434600000072e+00 9.461174902000000220e-01 2.663111572999999899e-01 4.110840800000000184e-01 -7.042499948999999537e-01 5.139262508909999694e-01
1.403715527862143040e+09 5.492194849999999517e-01 2.049942903399999850e+00 9.461883068999999979e-01 2.661198195000000211e-01 4.111670456000000029e-01 -7.044459020000000127e-01 5.136904450589999671e-01
1.403715527912142992e+09 5.491222448000000478e-01 2.049838772699999812e+00 9.462853664000000498e-01 2.661645665999999855e-01 4.111726159999999908e-01 -7.044835610999999886e-01 5.136111519589999785e-01
1.403715527962142944e+09 5.490316168000000108e-01 2.049680937599999808e+00 9.463281988999999728e-01 2.661664490000000272e-01 4.111914524999999987e-01 -7.045609913999999474e-01 5.134888705989999469e-01
1.403715528012143135e+09 5.487628905000000445e-01 2.049531745399999938e+00 9.465011435000000306e-01 2.662408969999999764e-01 4.111935744999999920e-01 -7.043715111999999667e-01 5.137084808999999863e-01
1.403715528062143087e+09 5.484369020999999567e-01 2.049317002900000073e+00 9.465994142000000444e-01 2.660596828999999830e-01 4.113254571000000137e-01 -7.043322471999999834e-01 5.137506195169999623e-01
1.403715528112143040e+09 5.483808628999999879e-01 2.049335164799999998e+00 9.466172454000000291e-01 2.661930270999999792e-01 4.111886807999999838e-01 -7.043966037000000124e-01 5.137027991129999860e-01
1.403715528162142992e+09 5.484098539999999744e-01 2.049513993700000203e+00 9.466187239000000142e-01 2.659872068999999950e-01 4.113126057000000002e-01 -7.045002207999999655e-01 5.135680919680000178e-01
1.403715528212143183e+09 5.484356230000000387e-01 2.049789966600000124e+00 9.468505441000000245e-01 2.659296843000000243e-01 4.113588990000000001e-01 -7.046701951999999602e-01 5.133275516149999884e-01
1.403715528262142897e+09 5.484931284999999823e-01 2.050057964400000099e+00 9.470306877999999928e-01 2.657726095999999871e-01 4.114553485999999927e-01 -7.048045907000000110e-01 5.131470599159999590e-01
1.403715528312143087e+09 5.489454671000000285e-01 2.050072648200000014e+00 9.471553573000000004e-01 2.654702647000000137e-01 4.117022751000000147e-01 -7.052192024000000226e-01 5.125355127180000192e-01
1.403715528362143040e+09 5.493487035999999879e-01 2.049841483499999839e+00 9.469395562000000321e-01 2.651775782999999942e-01 4.119027465000000277e-01 -7.058824591000000259e-01 5.116120926149999582e-01
1.403715528412142992e+09 5.497105160999999907e-01 2.049618954500000090e+00 9.470994676999999751e-01 2.641189230000000054e-01 4.126599436999999759e-01 -7.072377537999999797e-01 5.096741360080000449e-01
1.403715528462142944e+09 5.503024087000000231e-01 2.049757782799999983e+00 9.482435729999999507e-01 2.626557622999999841e-01 4.131031457000000073e-01 -7.100766272999999851e-01 5.061115735419999817e-01
1.403715528512143135e+09 5.514830208000000011e-01 2.050176257599999996e+00 9.505834534999999530e-01 2.614821668999999793e-01 4.129932782999999885e-01 -7.130330001000000362e-01 5.026405964750000344e-01
1.403715528562143087e+09 5.534389093999999565e-01 2.051154019999999800e+00 9.550125285999999658e-01 2.619182867000000026e-01 4.120083223000000072e-01 -7.144306966000000259e-01 5.012352074750000552e-01
1.403715528612143040e+09 5.564416360999999700e-01 2.052168864199999998e+00 9.616067008999999999e-01 2.629919359999999817e-01 4.104578670999999845e-01 -7.144178197999999647e-01 5.019629067859999738e-01
1.403715528662142992e+09 5.604883613000000153e-01 2.053176606600000120e+00 9.697234950999999992e-01 2.645692431000000178e-01 4.083299436000000227e-01 -7.141402715000000345e-01 5.032627995739999971e-01
1.403715528712143183e+09 5.652792041999999961e-01 2.054254153400000060e+00 9.794676753000000069e-01 2.655277376999999883e-01 4.065979371999999814e-01 -7.137375069000000405e-01 5.047295406730000211e-01
1.403715528762142897e+09 5.700731708999999814e-01 2.055477228200000006e+00 9.899771552999999669e-01 2.664712584999999745e-01 4.050219263000000014e-01 -7.134217885000000425e-01 5.059443242569999777e-01
1.403715528812143087e+09 5.750433209999999962e-01 2.056634832499999899e+00 1.001064146000000044e+00 2.663326534000000079e-01 4.041546458999999980e-01 -7.130317390000000533e-01 5.072589862949999917e-01
1.403715528862143040e+09 5.802433833000000263e-01 2.058202968099999808e+00 1.012969682999999899e+00 2.666309337000000168e-01 4.033529216000000250e-01 -7.118122376000000084e-01 5.094484314020000237e-01
1.403715528912142992e+09 5.857467133000000548e-01 2.060203820799999974e+00 1.025269415899999981e+00 2.666411840999999838e-01 4.025862546000000264e-01 -7.115061356999999864e-01 5.104760576829999730e-01
1.403715528962142944e+09 5.913969047999999562e-01 2.062691785000000166e+00 1.037777865000000022e+00 2.659139098000000145e-01 4.025310347000000122e-01 -7.112336824999999640e-01 5.112780139720000117e-01
1.403715529012143135e+09 5.971820174999999953e-01 2.065633474999999830e+00 1.050138919599999943e+00 2.644657792999999812e-01 4.043967430000000030e-01 -7.110239130000000074e-01 5.108484324240000207e-01
1.403715529062143087e+09 6.031496550999999595e-01 2.069881507099999851e+00 1.062777488200000064e+00 2.658535008999999838e-01 4.059677602000000274e-01 -7.113100963999999804e-01 5.084781612869999634e-01
1.403715529112143040e+09 6.095016492999999480e-01 2.074869925199999798e+00 1.077707228099999970e+00 2.692052945000000252e-01 4.083022640000000258e-01 -7.101847908999999737e-01 5.064141915859999843e-01
1.403715529162142992e+09 6.160185945999999690e-01 2.080663158700000182e+00 1.094986545800000100e+00 2.729113738000000233e-01 4.125091215000000200e-01 -7.081316626000000447e-01 5.038900228579999974e-01
1.403715529212143183e+09 6.227176365000000047e-01 2.086747838500000007e+00 1.114264854299999996e+00 2.764365858000000231e-01 4.181413143000000110e-01 -7.061467415000000081e-01 5.000974252969999645e-01
1.403715529262142897e+09 6.297900423000000192e-01 2.092884348000000116e+00 1.134670051400000101e+00 2.796820640000000080e-01 4.250464252000000220e-01 -7.040615311000000265e-01 4.953895839940000156e-01
1.403715529312143087e+09 6.370751382999999546e-01 2.099284416700000211e+00 1.154751236200000086e+00 2.828281125000000062e-01 4.329520338000000246e-01 -7.014108844999999981e-01 4.904931868929999772e-01
1.403715529362143040e+09 6.447388558000000103e-01 2.105792871299999813e+00 1.173149924599999894e+00 2.855583137000000105e-01 4.416858001000000256e-01 -6.981718538000000196e-01 4.857223136919999740e-01
1.403715529412142992e+09 6.532160604000000204e-01 2.112104877799999780e+00 1.189738679299999990e+00 2.892694645000000175e-01 4.499056187000000095e-01 -6.937177720999999631e-01 4.823523234009999827e-01
1.403715529462142944e+09 6.626256163000000532e-01 2.118169604699999820e+00 1.204452697600000066e+00 2.933498017999999763e-01 4.567118915000000223e-01 -6.890655355999999454e-01 4.801550058140000021e-01
1.403715529512143135e+09 6.729971605000000245e-01 2.123948074399999886e+00 1.217179309400000076e+00 2.967811696000000055e-01 4.624012958000000006e-01 -6.847720041000000535e-01 4.787413512350000011e-01
1.403715529562143087e+09 6.839520727000000244e-01 2.129674568900000065e+00 1.227753319599999893e+00 3.000154233999999809e-01 4.670197349999999914e-01 -6.813057841999999864e-01 4.771852274810000072e-01
1.403715529612143040e+09 6.955168026000000392e-01 2.135168502600000018e+00 1.236499939300000017e+00 3.026735032999999797e-01 4.708344863000000213e-01 -6.778811579000000309e-01 4.766348420470000180e-01
1.403715529662142992e+09 7.077756617999999555e-01 2.140655775499999969e+00 1.243726767200000083e+00 3.054973826999999864e-01 4.736874087999999872e-01 -6.746636729999999638e-01 4.765716276570000076e-01
1.403715529712143183e+09 7.207669724999999916e-01 2.146318940100000017e+00 1.250490522900000068e+00 3.069039139999999999e-01 4.772225559000000117e-01 -6.710165442000000091e-01 4.772896574309999917e-01
1.403715529762142897e+09 7.344393164000000418e-01 2.152419374499999982e+00 1.257659745500000037e+00 3.078964899000000144e-01 4.804745537999999816e-01 -6.685846860999999919e-01 4.768002434679999846e-01
1.403715529812143087e+09 7.488114232000000481e-01 2.158850919699999871e+00 1.266300673499999974e+00 3.102728464999999769e-01 4.819290996999999743e-01 -6.667378135999999511e-01 4.763777823900000041e-01
1.403715529862143040e+09 7.634742692999999525e-01 2.165678299000000084e+00 1.275812173000000049e+00 3.117596993000000261e-01 4.833896047999999834e-01 -6.653279322999999801e-01 4.758982269220000116e-01
1.403715529912142992e+09 7.785769217000000353e-01 2.173044708199999953e+00 1.286870617099999947e+00 3.145425403000000064e-01 4.834052463999999882e-01 -6.640998863000000529e-01 4.757664332720000222e-01
1.403715529962142944e+09 7.940483553999999611e-01 2.180537861199999927e+00 1.298977846599999930e+00 3.172514553999999931e-01 4.829907533000000197e-01 -6.626088852999999501e-01 4.764671147539999985e-01
1.403715530012143135e+09 8.098550628999999779e-01 2.187974607200000143e+00 1.311900045900000089e+00 3.186914062999999797e-01 4.831736957000000166e-01 -6.599000866999999992e-01 4.790728994019999853e-01
1.403715530062143087e+09 8.257644847999999760e-01 2.195722487599999884e+00 1.325937460500000054e+00 3.197733667000000057e-01 4.832866392999999872e-01 -6.559423399999999571e-01 4.836513877210000256e-01
1.403715530112143040e+09 8.414851884999999809e-01 2.204103927899999871e+00 1.340797607600000108e+00 3.195714292999999873e-01 4.838541969999999859e-01 -6.517092671999999975e-01 4.889112891280000261e-01
1.403715530162142992e+09 8.567357814999999599e-01 2.213631854600000004e+00 1.356531318999999902e+00 3.175718596000000060e-01 4.851608769999999904e-01 -6.496097790000000538e-01 4.917053716359999771e-01
1.403715530212143183e+09 8.713510639999999530e-01 2.224618634900000114e+00 1.374486608500000040e+00 3.141281438999999898e-01 4.874525115000000186e-01 -6.492118649000000463e-01 4.921763025329999874e-01
1.403715530262142897e+09 8.856459054999999969e-01 2.237079677000000100e+00 1.395120905199999983e+00 3.095744809000000042e-01 4.901796684999999987e-01 -6.498517564000000357e-01 4.915081159149999879e-01
1.403715530312143087e+09 9.001787729000000349e-01 2.251380742299999849e+00 1.419891260500000030e+00 3.061649261000000122e-01 4.921247572999999931e-01 -6.505461672000000251e-01 4.907809548870000205e-01
1.403715530362143040e+09 9.150638154000000357e-01 2.267633895499999941e+00 1.448423954799999969e+00 3.062113962999999939e-01 4.915613518999999987e-01 -6.527345976999999744e-01 4.884051218539999795e-01
1.403715530412142992e+09 9.302360674999999857e-01 2.285809697599999968e+00 1.480382038799999966e+00 3.080329480999999814e-01 4.902940875999999837e-01 -6.550106315999999484e-01 4.854775824079999857e-01
1.403715530462142944e+09 9.457808063000000542e-01 2.305480369500000126e+00 1.514704854899999953e+00 3.112480608000000037e-01 4.897229519999999892e-01 -6.564932891000000437e-01 4.819882117920000208e-01
1.403715530512143135e+09 9.614829153999999711e-01 2.326305513199999897e+00 1.549331290200000044e+00 3.143013022999999739e-01 4.909041279999999952e-01 -6.560426714999999520e-01 4.794119749940000119e-01
1.403715530562143087e+09 9.772263691000000474e-01 2.348100849200000173e+00 1.582376666700000101e+00 3.174415217000000067e-01 4.927755580000000024e-01 -6.552810825999999533e-01 4.764554885210000035e-01
1.403715530612143040e+09 9.929349444999999719e-01 2.370312423700000171e+00 1.612371456700000039e+00 3.201872060000000020e-01 4.946182155000000136e-01 -6.539863062999999865e-01 4.744838092159999743e-01
1.403715530662142992e+09 1.008617501600000077e+00 2.393112296900000047e+00 1.638920140099999978e+00 3.235146977999999729e-01 4.957962852999999726e-01 -6.525736168000000337e-01 4.729396985750000115e-01
1.403715530712143183e+09 1.024117533000000080e+00 2.416366106199999919e+00 1.662234449999999919e+00 3.266540973000000014e-01 4.973934602000000260e-01 -6.511006617000000274e-01 4.711313774929999920e-01
1.403715530762142897e+09 1.039685688200000069e+00 2.440255900199999939e+00 1.683829526200000037e+00 3.301678169000000218e-01 5.002150049000000376e-01 -6.490727574000000333e-01 4.684855569740000170e-01
1.403715530812143087e+09 1.055196905899999926e+00 2.464960623900000147e+00 1.704913838299999984e+00 3.343285096999999984e-01 5.044893127999999782e-01 -6.460587800999999519e-01 4.651054003380000190e-01
1.403715530862143040e+09 1.070654315100000087e+00 2.489978028299999924e+00 1.725729030299999911e+00 3.392491040000000235e-01 5.091720347000000535e-01 -6.423489628999999868e-01 4.615643989680000003e-01
1.403715530912142992e+09 1.086290094900000058e+00 2.515102977899999814e+00 1.746175064200000016e+00 3.434266455000000162e-01 5.138642029000000111e-01 -6.388657568000000175e-01 4.580963489070000172e-01
1.403715530962142944e+09 1.102137264500000047e+00 2.539748943299999784e+00 1.766130968899999987e+00 3.450075222999999802e-01 5.192456866000000337e-01 -6.354454522000000383e-01 4.555906098160000250e-01
1.403715531012143135e+09 1.117962035899999984e+00 2.564381587100000193e+00 1.784934290300000059e+00 3.456606687000000067e-01 5.245199966000000380e-01 -6.350809374000000451e-01 4.495216104110000277e-01
1.403715531062143087e+09 1.133811702100000041e+00 2.589055173299999790e+00 1.802232150400000066e+00 3.436249789999999971e-01 5.308512655999999552e-01 -6.363142100999999995e-01 4.418405069790000139e-01
1.403715531112143040e+09 1.149878710699999917e+00 2.613787644499999896e+00 1.817940250499999966e+00 3.401796167000000204e-01 5.370610909999999905e-01 -6.396806645000000513e-01 4.320322446170000164e-01
1.403715531162142992e+09 1.167191876700000019e+00 2.638223658899999879e+00 1.832922263499999982e+00 3.373611964000000074e-01 5.421504660999999503e-01 -6.425702522999999777e-01 4.235135961329999921e-01
1.403715531212143183e+09 1.186402945900000061e+00 2.662810983800000031e+00 1.847801827200000080e+00 3.395540739999999835e-01 5.431735052999999702e-01 -6.471079266000000496e-01 4.134209783419999784e-01
1.403715531262142897e+09 1.208493899500000079e+00 2.686575946600000098e+00 1.864111747699999988e+00 3.474129451999999896e-01 5.399865305000000060e-01 -6.485376955999999637e-01 4.088002566110000013e-01
1.403715531312143087e+09 1.233034914399999904e+00 2.708828645400000124e+00 1.881313937100000055e+00 3.572549890000000228e-01 5.350108899000000084e-01 -6.473585476000000005e-01 4.087286769019999877e-01
1.403715531362143040e+09 1.259312795200000057e+00 2.729201335299999975e+00 1.898636104699999994e+00 3.663136428000000056e-01 5.302660992000000073e-01 -6.445471874999999518e-01 4.113284603419999907e-01
1.403715531412142992e+09 1.286358692499999901e+00 2.747680104900000142e+00 1.915257936699999997e+00 3.730710011999999742e-01 5.268124011999999468e-01 -6.414418276000000141e-01 4.145348040480000273e-01
1.403715531462142944e+09 1.313279951599999995e+00 2.764030897800000108e+00 1.928601541199999936e+00 3.766798130999999827e-01 5.252995553000000539e-01 -6.379189495999999515e-01 4.186073450660000028e-01
1.403715531512143135e+09 1.340221732699999890e+00 2.778677056899999886e+00 1.938069792999999930e+00 3.795195990999999935e-01 5.241528672999999916e-01 -6.351224802999999586e-01 4.217203820100000056e-01
1.403715531562143087e+09 1.366794660400000083e+00 2.792009506799999929e+00 1.944389835499999997e+00 3.813262128000000084e-01 5.235466117000000530e-01 -6.334492724000000408e-01 4.233571590829999787e-01
1.403715531612143040e+09 1.393005397900000109e+00 2.804340653500000169e+00 1.947398430400000047e+00 3.829151182000000153e-01 5.229948399999999609e-01 -6.334240181000000414e-01 4.226421924850000122e-01
1.403715531662142992e+09 1.418975694900000084e+00 2.815479387599999939e+00 1.947529489799999958e+00 3.837804859999999763e-01 5.226623394999999617e-01 -6.343631842000000409e-01 4.208562320120000089e-01
1.403715531712143183e+09 1.445071195499999961e+00 2.824728924600000024e+00 1.946182308400000061e+00 3.823174650000000230e-01 5.238359557999999749e-01 -6.331367310000000082e-01 4.225720379049999753e-01
1.403715531762142897e+09 1.470971739299999914e+00 2.832277007200000085e+00 1.944378647299999985e+00 3.789272303999999814e-01 5.260180786999999469e-01 -6.305438643999999870e-01 4.267710978409999800e-01
1.403715531812143087e+09 1.496917922600000006e+00 2.838408581599999980e+00 1.943406623600000049e+00 3.770624161000000196e-01 5.268849923999999740e-01 -6.263247696000000531e-01 4.335128858050000256e-01
1.403715531862143040e+09 1.522436030399999973e+00 2.843677809399999923e+00 1.943224149600000006e+00 3.762333272000000228e-01 5.268417278999999454e-01 -6.218824332000000288e-01 4.406228732849999941e-01
1.403715531912142992e+09 1.547416453100000089e+00 2.848537443600000163e+00 1.943586666699999910e+00 3.767486562999999844e-01 5.256887049999999784e-01 -6.183108716999999865e-01 4.465461917820000015e-01
1.403715531962142944e+09 1.571163331299999966e+00 2.853066687100000109e+00 1.943763100299999991e+00 3.765926291000000203e-01 5.247772105000000353e-01 -6.151774687000000075e-01 4.520437513500000226e-01
1.403715532012143135e+09 1.593491563800000010e+00 2.857848256500000073e+00 1.943554620100000019e+00 3.766310978999999892e-01 5.239249016000000481e-01 -6.137297327999999830e-01 4.549588209109999837e-01
1.403715532062143087e+09 1.614660703300000000e+00 2.862727062199999839e+00 1.943123291700000088e+00 3.757900115000000207e-01 5.238117937999999807e-01 -6.120665956999999935e-01 4.580147970680000236e-01
1.403715532112143040e+09 1.634335730299999900e+00 2.867582330499999888e+00 1.942407781600000050e+00 3.743552418000000159e-01 5.242120876000000429e-01 -6.107675715999999477e-01 4.604593506640000111e-01
1.403715532162142992e+09 1.652665142500000073e+00 2.872822066299999921e+00 1.941821368600000097e+00 3.741190054999999903e-01 5.239964587000000007e-01 -6.099780177000000414e-01 4.619410123580000027e-01
1.403715532212143183e+09 1.669538285900000085e+00 2.878482240899999933e+00 1.941044463199999903e+00 3.747011463000000098e-01 5.235846838000000059e-01 -6.096694954000000388e-01 4.623432017469999988e-01
1.403715532262142897e+09 1.684821677900000036e+00 2.884755351099999920e+00 1.940220968300000015e+00 3.765134692000000061e-01 5.238511125999999463e-01 -6.086470232999999785e-01 4.619160317639999791e-01
1.403715532312143087e+09 1.698467105300000002e+00 2.891768413499999912e+00 1.939094910899999968e+00 3.788210151999999997e-01 5.245904001000000205e-01 -6.086206620999999872e-01 4.592172037869999834e-01
1.403715532362143040e+09 1.710740341099999950e+00 2.899119239500000056e+00 1.937388886899999996e+00 3.808435653000000198e-01 5.254219314000000418e-01 -6.103303920999999521e-01 4.542981238159999879e-01
1.403715532412142992e+09 1.721895173999999917e+00 2.906554920100000050e+00 1.936001697900000096e+00 3.841741268000000153e-01 5.249181775000000272e-01 -6.122443063000000407e-01 4.494753124620000095e-01
1.403715532462142944e+09 1.731686127499999950e+00 2.913540890999999800e+00 1.934108541799999914e+00 3.864173987999999782e-01 5.252352288999999619e-01 -6.135879739999999805e-01 4.453306033580000101e-01
1.403715532512143135e+09 1.740644011100000110e+00 2.919975702999999978e+00 1.932329179999999980e+00 3.892316003999999885e-01 5.247799332000000483e-01 -6.151540385999999527e-01 4.412372284550000190e-01
1.403715532562143087e+09 1.748604592199999974e+00 2.925686923099999781e+00 1.930345876999999932e+00 3.938842831000000100e-01 5.227425041000000050e-01 -6.173027867000000501e-01 4.365005331630000263e-01
1.403715532612143040e+09 1.755489807200000030e+00 2.930247412599999990e+00 1.928580705699999953e+00 3.998869313999999786e-01 5.195140839999999871e-01 -6.192219433000000217e-01 4.321570820860000106e-01
1.403715532662142992e+09 1.761398661799999932e+00 2.933222173899999952e+00 1.926835585799999917e+00 4.067706303999999995e-01 5.154713644999999733e-01 -6.208089423999999523e-01 4.282793290690000143e-01
1.403715532712143183e+09 1.765894775800000094e+00 2.934144449300000179e+00 1.924914138799999952e+00 4.132545727999999974e-01 5.115267037999999822e-01 -6.216692107000000300e-01 4.255449235070000169e-01
1.403715532762142897e+09 1.768503036300000053e+00 2.932656614199999900e+00 1.922073952499999905e+00 4.184356262999999743e-01 5.086083576000000050e-01 -6.220994856999999545e-01 4.233454796650000240e-01
1.403715532812143087e+09 1.769370621199999993e+00 2.928376898199999800e+00 1.918391404799999922e+00 4.217575196000000193e-01 5.061328365999999690e-01 -6.226967060000000442e-01 4.221361850470000121e-01
1.403715532862143040e+09 1.768700117499999891e+00 2.921166077900000158e+00 1.914051977399999993e+00 4.231839376000000041e-01 5.035373493000000478e-01 -6.239037631999999611e-01 4.220303152450000095e-01
1.403715532912142992e+09 1.766595940300000001e+00 2.910998993799999823e+00 1.908334338600000013e+00 4.227133752000000189e-01 5.004408457000000254e-01 -6.266619098000000276e-01 4.220985822989999914e-01
1.403715532962142944e+09 1.763005356699999915e+00 2.897748976199999937e+00 1.900304082199999911e+00 4.210390453000000255e-01 4.957808906999999765e-01 -6.312302252999999475e-01 4.224640024790000115e-01
1.403715533012143135e+09 1.758013792200000092e+00 2.881409150300000110e+00 1.889305509099999947e+00 4.182526783000000137e-01 4.898519082000000191e-01 -6.368455071999999939e-01 4.237187807850000265e-01
1.403715533062143087e+09 1.751612737999999947e+00 2.861920754799999855e+00 1.875281011300000023e+00 4.137342030999999754e-01 4.833571859999999942e-01 -6.434848244999999967e-01 4.255785714429999866e-01
1.403715533112143040e+09 1.743397553799999944e+00 2.839396313199999966e+00 1.858604004600000081e+00 4.082510886999999866e-01 4.757580828999999900e-01 -6.501798368000000217e-01 4.292452387719999929e-01
1.403715533162142992e+09 1.733791582100000062e+00 2.813581433600000015e+00 1.840843645000000084e+00 4.020477834000000250e-01 4.672590144000000056e-01 -6.551897185999999706e-01 4.367528202550000072e-01
1.403715533212143183e+09 1.722289214299999927e+00 2.784250316700000116e+00 1.824990326600000046e+00 3.956513146999999786e-01 4.581024733999999876e-01 -6.571382351000000233e-01 4.491898274109999978e-01
1.403715533262142897e+09 1.708179346799999943e+00 2.752247571599999887e+00 1.812463252999999996e+00 3.895012520999999728e-01 4.487015994999999924e-01 -6.595247945000000112e-01 4.604157845610000188e-01
1.403715533312143087e+09 1.690611611400000047e+00 2.718050977999999951e+00 1.802895137499999967e+00 3.819609672000000011e-01 4.410654377000000070e-01 -6.620433781000000240e-01 4.703888441449999847e-01
1.403715533362143040e+09 1.670148510600000025e+00 2.682358230100000185e+00 1.797146483499999947e+00 3.738683116000000028e-01 4.360140471000000240e-01 -6.656655204000000436e-01 4.764490017410000222e-01
1.403715533412142992e+09 1.647604676600000095e+00 2.644922893599999991e+00 1.795642078900000049e+00 3.659493501000000149e-01 4.322666252999999847e-01 -6.695495418000000365e-01 4.805518170770000097e-01
1.403715533462142944e+09 1.622108706999999983e+00 2.606613726800000030e+00 1.797411894399999932e+00 3.586217500000000169e-01 4.294512652999999958e-01 -6.748401265000000260e-01 4.811993919640000228e-01
1.403715533512143135e+09 1.594624494200000075e+00 2.567353790199999874e+00 1.803794715400000026e+00 3.543984245999999838e-01 4.255245061999999856e-01 -6.811692925000000232e-01 4.788935646210000230e-01
1.403715533562143087e+09 1.565011847400000100e+00 2.526994555799999986e+00 1.814087824900000090e+00 3.536602185000000120e-01 4.199065280000000011e-01 -6.882213620999999559e-01 4.742934896880000029e-01
1.403715533612143040e+09 1.533064844000000093e+00 2.485267679300000143e+00 1.827807210900000090e+00 3.535625326999999873e-01 4.150291855000000085e-01 -6.945746322000000417e-01 4.693723371360000174e-01
1.403715533662142992e+09 1.498967717500000019e+00 2.441672915199999849e+00 1.845002520900000054e+00 3.543288638000000046e-01 4.102317906999999875e-01 -7.012731360999999719e-01 4.630085559100000081e-01
1.403715533712143183e+09 1.462876984200000008e+00 2.394992016999999862e+00 1.865966852699999956e+00 3.545914754000000224e-01 4.064167275000000190e-01 -7.064731494999999528e-01 4.582423138500000270e-01
1.403715533762142897e+09 1.425281695500000056e+00 2.345200478999999838e+00 1.890090118999999902e+00 3.550865093000000194e-01 4.029060098000000201e-01 -7.104613311999999903e-01 4.547801832139999889e-01
1.403715533812143087e+09 1.386466717700000073e+00 2.291859590100000066e+00 1.915381852899999959e+00 3.518508370000000274e-01 4.029709699999999839e-01 -7.125051556999999480e-01 4.540394134240000046e-01
1.403715533862143040e+09 1.346481215400000098e+00 2.235243472300000089e+00 1.940443079900000090e+00 3.473322595000000179e-01 4.044448783999999852e-01 -7.129172589000000171e-01 4.555585843609999963e-01
1.403715533912142992e+09 1.305661258800000057e+00 2.176021727200000200e+00 1.963164933100000065e+00 3.403845119000000197e-01 4.083815049999999780e-01 -7.120543547000000029e-01 4.586300538590000198e-01
1.403715533962142944e+09 1.264503649899999971e+00 2.114801564900000042e+00 1.983684479599999939e+00 3.349246097999999949e-01 4.114960659999999937e-01 -7.105433686000000026e-01 4.621954291400000026e-01
1.403715534012143135e+09 1.222611456599999924e+00 2.052139500900000080e+00 2.000583511099999878e+00 3.294696692999999899e-01 4.151149800999999750e-01 -7.090086525000000028e-01 4.652268490620000141e-01
1.403715534062143087e+09 1.180098392799999951e+00 1.988119368100000006e+00 2.013903351899999805e+00 3.247369334999999912e-01 4.184566404999999767e-01 -7.072349756000000376e-01 4.682506309119999766e-01
1.403715534112143040e+09 1.137700976499999905e+00 1.922475979299999915e+00 2.023970953400000106e+00 3.192775758999999991e-01 4.224594644999999926e-01 -7.043585020999999502e-01 4.727250054809999935e-01
1.403715534162142992e+09 1.094983461400000024e+00 1.856354583499999933e+00 2.030532991699999901e+00 3.141122150999999807e-01 4.268792198999999954e-01 -7.016855946000000177e-01 4.761774608139999754e-01
1.403715534212143183e+09 1.052223808599999977e+00 1.789836280300000082e+00 2.033859490000000214e+00 3.082665432000000205e-01 4.315817003999999901e-01 -6.989649217000000192e-01 4.797468212070000182e-01
1.403715534262142897e+09 1.009748262500000049e+00 1.723235965600000030e+00 2.034348292599999830e+00 3.034994186000000149e-01 4.356537326000000099e-01 -6.965398716999999795e-01 4.826242174959999853e-01
1.403715534312143087e+09 9.681701862999999575e-01 1.656813045600000089e+00 2.032244324200000118e+00 3.006075162999999884e-01 4.385928150999999775e-01 -6.947768743000000136e-01 4.843103949490000226e-01
1.403715534362143040e+09 9.270779427999999989e-01 1.590769109300000039e+00 2.027377263400000018e+00 2.980241223000000272e-01 4.405401545000000030e-01 -6.935839346000000072e-01 4.858470135219999930e-01
1.403715534412142992e+09 8.866758903000000469e-01 1.524981930999999902e+00 2.019303491100000070e+00 2.954668891000000186e-01 4.407058381999999774e-01 -6.937972578000000112e-01 4.869528177490000109e-01
1.403715534462142944e+09 8.470335045000000340e-01 1.459371707699999909e+00 2.008634831100000184e+00 2.928591718999999927e-01 4.394438578000000040e-01 -6.948534873999999695e-01 4.881610721060000158e-01
1.403715534512143135e+09 8.080469765000000137e-01 1.393908563899999953e+00 1.995493494400000012e+00 2.894612478999999960e-01 4.369538955999999752e-01 -6.964183304000000074e-01 4.901887271320000128e-01
1.403715534562143087e+09 7.702702334000000040e-01 1.328578402600000041e+00 1.981605990999999900e+00 2.859345408000000255e-01 4.328646798999999934e-01 -6.989429929999999569e-01 4.922888378210000249e-01
1.403715534612143040e+09 7.337747584999999573e-01 1.263536388199999916e+00 1.967697051999999891e+00 2.825412145999999791e-01 4.271353627000000208e-01 -7.027874716999999993e-01 4.937768864259999835e-01
1.403715534662142992e+09 6.977642059999999979e-01 1.198886012200000017e+00 1.953402440899999926e+00 2.773661879000000052e-01 4.210744240000000027e-01 -7.071548584000000304e-01 4.956776508169999929e-01
1.403715534712143183e+09 6.623664634000000495e-01 1.134656426600000101e+00 1.938870431700000063e+00 2.715365540999999938e-01 4.139371081000000063e-01 -7.122773931000000447e-01 4.975790244280000052e-01
1.403715534762142897e+09 6.278080201000000304e-01 1.070831570199999971e+00 1.923713173899999962e+00 2.636122198999999999e-01 4.063928078999999860e-01 -7.192257885999999711e-01 4.980640001009999929e-01
1.403715534812143087e+09 5.939246863999999571e-01 1.007409686799999982e+00 1.908019861399999906e+00 2.537535472999999930e-01 3.984553416000000126e-01 -7.268074717000000406e-01 4.985913928860000177e-01
1.403715534862143040e+09 5.612405468000000175e-01 9.442389133999999906e-01 1.892109748900000055e+00 2.432713384999999895e-01 3.895607655000000169e-01 -7.348096161999999598e-01 4.991155114110000235e-01
1.403715534912142992e+09 5.299843777999999617e-01 8.813588675000000316e-01 1.875854771900000051e+00 2.326153672999999866e-01 3.801542276000000053e-01 -7.428697019000000124e-01 4.995172270450000118e-01
1.403715534962142944e+09 5.005626705000000287e-01 8.184041920000000303e-01 1.859894120499999914e+00 2.220761528999999901e-01 3.707107407999999937e-01 -7.498547211999999629e-01 5.009726799789999685e-01
1.403715535012143135e+09 4.731565970000000121e-01 7.557347175999999944e-01 1.844163125599999953e+00 2.127975085000000099e-01 3.616200641999999799e-01 -7.556450384999999770e-01 5.029400812819999622e-01
1.403715535062143087e+09 4.477220431999999750e-01 6.934634350999999697e-01 1.828276536600000002e+00 2.045229510000000084e-01 3.535642601999999801e-01 -7.612460470999999895e-01 5.036537820309999747e-01
1.403715535112143040e+09 4.242055487999999985e-01 6.315476111000000170e-01 1.812272859499999944e+00 1.963760687999999976e-01 3.466549889000000162e-01 -7.671796802000000470e-01 5.026948343489999749e-01
1.403715535162142992e+09 4.030142194999999927e-01 5.699007018999999730e-01 1.796482810699999932e+00 1.899912975999999976e-01 3.404955943999999901e-01 -7.730253293000000081e-01 5.003977390949999604e-01
1.403715535212143183e+09 3.844868585999999810e-01 5.083493018000000419e-01 1.780535561300000014e+00 1.844517957000000041e-01 3.354024003000000143e-01 -7.788007834000000296e-01 4.969427579979999732e-01
1.403715535262142897e+09 3.688920540999999775e-01 4.462619046999999894e-01 1.765517956899999907e+00 1.801316343000000098e-01 3.309617074999999797e-01 -7.835295222000000503e-01 4.940631846140000061e-01
1.403715535312143087e+09 3.561562158000000089e-01 3.832603204000000208e-01 1.751442739200000043e+00 1.769692408999999911e-01 3.269508183000000012e-01 -7.874667593999999937e-01 4.916107739639999918e-01
1.403715535362143040e+09 3.470819001000000070e-01 3.189847209000000183e-01 1.738515984900000033e+00 1.757986941999999941e-01 3.224780298000000101e-01 -7.906720751000000380e-01 4.898371250890000139e-01
1.403715535412142992e+09 3.409291944999999768e-01 2.536897913999999754e-01 1.726689946600000081e+00 1.808508632999999977e-01 3.146650759999999880e-01 -7.940788096999999990e-01 4.875630207689999884e-01
1.403715535462142944e+09 3.373663623000000000e-01 1.865203846000000054e-01 1.715759772600000010e+00 1.877598295000000028e-01 3.062797265000000158e-01 -7.951410899999999948e-01 4.885587197010000104e-01
1.403715535512143135e+09 3.358203920999999759e-01 1.174008356999999975e-01 1.705538881400000095e+00 1.952672055000000129e-01 2.989097734999999756e-01 -7.938889011999999967e-01 4.922032896290000070e-01
1.403715535562143087e+09 3.352529423999999758e-01 4.654672049999999950e-02 1.695393772200000093e+00 2.004705501999999862e-01 2.944444827000000098e-01 -7.905117677999999870e-01 4.982019170709999778e-01
1.403715535612143040e+09 3.355188630000000005e-01 -2.593854749999999904e-02 1.685650122700000031e+00 2.049891591999999929e-01 2.917178628000000051e-01 -7.852400515999999886e-01 5.062392661090000523e-01
1.403715535662142992e+09 3.364203914000000184e-01 -9.933025450000000645e-02 1.675128627999999953e+00 2.076364686999999931e-01 2.919627865000000155e-01 -7.806930251999999459e-01 5.120187775900000293e-01
1.403715535712143183e+09 3.379891460000000181e-01 -1.732894100000000048e-01 1.664216618900000055e+00 2.091556357000000088e-01 2.954386817999999915e-01 -7.762053957000000226e-01 5.162122519999999826e-01
1.403715535762142897e+09 3.395079960999999868e-01 -2.472888862000000021e-01 1.653071098200000089e+00 2.112033600999999872e-01 3.009517000999999969e-01 -7.721402423000000015e-01 5.182862733390000143e-01
1.403715535812143087e+09 3.408306911000000272e-01 -3.212698091000000256e-01 1.641719487200000049e+00 2.116515495999999885e-01 3.095065269999999757e-01 -7.666916593000000502e-01 5.211460743589999556e-01
1.403715535862143040e+09 3.421260193999999810e-01 -3.948310051999999737e-01 1.629542507800000095e+00 2.104234608999999978e-01 3.208869890000000114e-01 -7.610808021999999617e-01 5.229813763380000147e-01
1.403715535912142992e+09 3.440338117999999779e-01 -4.678072320000000173e-01 1.616928725600000005e+00 2.101717063999999913e-01 3.326154897999999971e-01 -7.573521460000000038e-01 5.211645773859999720e-01
1.403715535962142944e+09 3.467773825000000087e-01 -5.402780652999999988e-01 1.604350424099999950e+00 2.105003514000000076e-01 3.445815957999999735e-01 -7.539832724999999680e-01 5.181335259520000180e-01
1.403715536012143135e+09 3.504652066999999760e-01 -6.121240235999999557e-01 1.591775161599999988e+00 2.122396564000000041e-01 3.544359129999999913e-01 -7.525507684000000141e-01 5.128321878099999509e-01
1.403715536062143087e+09 3.553785132999999763e-01 -6.835265216000000477e-01 1.580027237099999926e+00 2.129347458999999998e-01 3.639265237000000042e-01 -7.515362049999999572e-01 5.073555084430000361e-01
1.403715536112143040e+09 3.624334669000000009e-01 -7.547181289000000071e-01 1.568889487200000099e+00 2.144633589000000118e-01 3.716801652000000233e-01 -7.509443409999999597e-01 5.019381626619999759e-01
1.403715536162142992e+09 3.714094729999999900e-01 -8.259251851000000144e-01 1.558339852100000034e+00 2.154096326999999922e-01 3.790226627000000126e-01 -7.500836421000000032e-01 4.973077931880000024e-01
1.403715536212143183e+09 3.826719397000000189e-01 -8.976203606999999529e-01 1.548348144700000040e+00 2.145079125000000086e-01 3.866954004000000000e-01 -7.485807681999999685e-01 4.940443869280000122e-01
1.403715536262142897e+09 3.966313039000000096e-01 -9.690334528999999808e-01 1.539127091099999900e+00 2.132082557999999961e-01 3.939400070999999892e-01 -7.466491870999999447e-01 4.918012828689999894e-01
1.403715536312143087e+09 4.134176592000000094e-01 -1.039934690900000014e+00 1.531043930000000053e+00 2.125129755999999870e-01 4.002891109999999752e-01 -7.438729151999999845e-01 4.911821951920000151e-01
1.403715536362143040e+09 4.330216846000000119e-01 -1.110246546800000012e+00 1.524220297300000082e+00 2.121029178999999931e-01 4.062089832999999928e-01 -7.393930307999999618e-01 4.932591206270000028e-01
1.403715536412142992e+09 4.554720995000000050e-01 -1.179947403299999920e+00 1.518317299700000067e+00 2.101698861999999890e-01 4.123973392999999987e-01 -7.334648083000000485e-01 4.977815067270000005e-01
1.403715536462142944e+09 4.808237746999999840e-01 -1.248481633699999982e+00 1.513339318000000100e+00 2.079654800000000081e-01 4.179800801999999926e-01 -7.270159028999999551e-01 5.034787866619999663e-01
1.403715536512143135e+09 5.091346857999999864e-01 -1.315137322400000031e+00 1.509177321799999971e+00 2.062065331000000057e-01 4.223104327000000158e-01 -7.211169625000000138e-01 5.090413446889999749e-01
1.403715536562143087e+09 5.404329107999999993e-01 -1.379513988800000091e+00 1.505891000999999951e+00 2.054554752999999956e-01 4.253554542999999910e-01 -7.155299295000000503e-01 5.146627100999999760e-01
1.403715536612143040e+09 5.745967808999999926e-01 -1.441183860099999992e+00 1.503268514499999986e+00 2.058983853999999947e-01 4.270760100000000059e-01 -7.107089678000000355e-01 5.197159797729999919e-01
1.403715536662142992e+09 6.115755456999999451e-01 -1.500079096699999948e+00 1.501359054499999957e+00 2.070082538000000139e-01 4.278710962999999756e-01 -7.054391155000000468e-01 5.257656912150000528e-01
1.403715536712143183e+09 6.509904321999999688e-01 -1.555531958700000050e+00 1.500299245599999942e+00 2.102186198000000061e-01 4.269090676999999778e-01 -7.003705829999999910e-01 5.320129944749999451e-01
1.403715536762142897e+09 6.926373354000000537e-01 -1.607002684000000015e+00 1.500789133400000086e+00 2.162579524999999891e-01 4.246313121999999995e-01 -6.936816910999999974e-01 5.401170781630000306e-01
1.403715536812143087e+09 7.355904247000000229e-01 -1.654230470299999922e+00 1.501778800899999933e+00 2.220703874999999938e-01 4.233942897999999899e-01 -6.867713717000000218e-01 5.475099098160000066e-01
1.403715536862143040e+09 7.792462817999999958e-01 -1.697340356100000003e+00 1.503204310899999951e+00 2.259735573999999969e-01 4.236300744000000007e-01 -6.792142868999999639e-01 5.551049125060000256e-01
1.403715536912142992e+09 8.230044303000000339e-01 -1.736145462499999903e+00 1.504811040799999944e+00 2.276489651999999975e-01 4.245405681000000153e-01 -6.711391653999999596e-01 5.634833408560000478e-01
1.403715536962142944e+09 8.662148814000000252e-01 -1.770143442199999972e+00 1.506718292500000000e+00 2.267884038999999907e-01 4.260636141999999960e-01 -6.624826566999999500e-01 5.728468783729999680e-01
1.403715537012143135e+09 9.088292634000000314e-01 -1.798790628599999941e+00 1.509196159600000087e+00 2.258536519000000076e-01 4.270706290999999877e-01 -6.541381252000000313e-01 5.819829197320000036e-01
1.403715537062143087e+09 9.512223450000000247e-01 -1.821203904999999956e+00 1.513112210799999913e+00 2.271285685999999970e-01 4.259843040999999886e-01 -6.455903720000000234e-01 5.917457710300000340e-01
1.403715537112143040e+09 9.929216442999999614e-01 -1.837062092000000035e+00 1.518421252900000074e+00 2.294944839999999986e-01 4.238305274999999983e-01 -6.361079308999999515e-01 6.025501356650000417e-01
1.403715537162142992e+09 1.033028311200000049e+00 -1.845441667500000049e+00 1.525092882600000088e+00 2.332683929000000100e-01 4.203058666999999748e-01 -6.264591880000000002e-01 6.135778035660000018e-01
1.403715537212143183e+09 1.070956067900000086e+00 -1.845838990000000068e+00 1.532817255399999912e+00 2.382165642000000083e-01 4.157811196000000264e-01 -6.181510900000000142e-01 6.231116746520000138e-01
1.403715537262142897e+09 1.106166235999999969e+00 -1.837967380400000073e+00 1.541729948700000019e+00 2.447234246999999974e-01 4.102746268999999946e-01 -6.118843675999999787e-01 6.303829761260000275e-01
1.403715537312143087e+09 1.138203482500000030e+00 -1.820985757499999913e+00 1.552047102700000014e+00 2.571567602000000008e-01 4.020028962000000150e-01 -6.119005133999999568e-01 6.307470442389999654e-01
1.403715537362143040e+09 1.166046349299999951e+00 -1.795631198799999995e+00 1.562987030599999994e+00 2.702405809999999797e-01 3.941300019000000265e-01 -6.181764291000000355e-01 6.240909168970000254e-01
1.403715537412142992e+09 1.189215402699999924e+00 -1.763578782900000030e+00 1.573187954200000016e+00 2.789338108000000149e-01 3.889565190000000006e-01 -6.298596794999999915e-01 6.117070701529999655e-01
1.403715537462142944e+09 1.207720583299999983e+00 -1.725760978500000098e+00 1.583313192100000100e+00 2.859635996000000069e-01 3.850772580999999861e-01 -6.454530273999999901e-01 5.944162804639999687e-01
1.403715537512143135e+09 1.221815488999999921e+00 -1.683768022600000025e+00 1.593212028700000005e+00 2.888333271999999896e-01 3.834303318999999766e-01 -6.627388494000000518e-01 5.747466460040000502e-01
1.403715537562143087e+09 1.232076293500000030e+00 -1.638819829800000072e+00 1.602808621000000100e+00 2.887505477999999792e-01 3.834404880000000237e-01 -6.793381447999999878e-01 5.550641389120000158e-01
1.403715537612143040e+09 1.239606794099999965e+00 -1.592090088500000000e+00 1.613089564100000040e+00 2.880462791999999772e-01 3.832650757000000130e-01 -6.935676145000000403e-01 5.376813060899999774e-01
1.403715537662142992e+09 1.245016802399999900e+00 -1.544817649499999890e+00 1.624234690400000014e+00 2.865232875000000012e-01 3.827939298999999962e-01 -7.038337788999999844e-01 5.253486696329999761e-01
1.403715537712143183e+09 1.249468484000000101e+00 -1.498093815100000059e+00 1.637397010599999980e+00 2.885680241999999951e-01 3.794126916000000183e-01 -7.079241607999999797e-01 5.211697299580000386e-01
1.403715537762142897e+09 1.252651486199999997e+00 -1.451888819399999919e+00 1.651415310700000028e+00 2.912016842999999855e-01 3.754655483000000071e-01 -7.074474008000000147e-01 5.232068197439999624e-01
1.403715537812143087e+09 1.254204130199999989e+00 -1.405909088900000103e+00 1.666102174099999944e+00 2.959907853000000033e-01 3.702974594999999813e-01 -7.042080545000000136e-01 5.285454214029999820e-01
1.403715537862143040e+09 1.253250643000000109e+00 -1.360296286499999896e+00 1.680124214499999935e+00 2.979221633999999952e-01 3.671591833000000249e-01 -7.004066448000000333e-01 5.346653631609999957e-01
1.403715537912142992e+09 1.249537949600000086e+00 -1.314265422499999891e+00 1.693376435200000030e+00 3.000622860000000114e-01 3.645407400999999825e-01 -6.984277662000000220e-01 5.378395008999999893e-01
1.403715537962142944e+09 1.242732001000000031e+00 -1.267848075400000107e+00 1.704511106800000064e+00 2.980805002999999953e-01 3.653226880000000065e-01 -6.990236614999999487e-01 5.376367450360000078e-01
1.403715538012143135e+09 1.233229617199999906e+00 -1.220841494300000107e+00 1.714856197400000060e+00 2.977162468999999811e-01 3.657382853000000211e-01 -7.026159642999999511e-01 5.328520898980000364e-01
1.403715538062143087e+09 1.221482143700000078e+00 -1.174193032400000059e+00 1.725041341400000094e+00 2.963057600999999819e-01 3.654929659999999747e-01 -7.063756111000000226e-01 5.288206542910000030e-01
1.403715538112143040e+09 1.207487506199999894e+00 -1.127918749300000023e+00 1.735102840399999957e+00 2.957022886999999822e-01 3.637468220000000252e-01 -7.116353700999999976e-01 5.232814786589999878e-01
1.403715538162142992e+09 1.191302976600000063e+00 -1.082716380699999981e+00 1.743951850400000003e+00 2.940434021000000175e-01 3.608962312999999811e-01 -7.172306280000000367e-01 5.185292799370000427e-01
1.403715538212143183e+09 1.173181748299999994e+00 -1.038861057899999940e+00 1.750280858900000069e+00 2.907603577000000272e-01 3.573378547000000127e-01 -7.225759242999999499e-01 5.154144987980000536e-01
1.403715538262142897e+09 1.153465493399999930e+00 -9.962888984000000114e-01 1.753541471999999990e+00 2.865280231999999816e-01 3.529674351000000043e-01 -7.270261907999999718e-01 5.145372673660000284e-01
1.403715538312143087e+09 1.132542135900000080e+00 -9.550020054000000203e-01 1.754408637300000073e+00 2.826922836999999911e-01 3.469465895000000133e-01 -7.302637770000000028e-01 5.161665940140000020e-01
1.403715538362143040e+09 1.110260762100000020e+00 -9.153024181000000148e-01 1.752324394299999977e+00 2.782535664999999936e-01 3.403983168999999975e-01 -7.323614665000000024e-01 5.199525180130000201e-01
1.403715538412142992e+09 1.086436990399999969e+00 -8.770908195000000074e-01 1.748452980800000001e+00 2.734969348999999883e-01 3.328387684999999929e-01 -7.312336718999999929e-01 5.288809864460000121e-01
1.403715538462142944e+09 1.060616582199999991e+00 -8.398928238999999740e-01 1.743494398099999954e+00 2.657564058999999923e-01 3.263815719000000004e-01 -7.281832256000000392e-01 5.409230927060000305e-01
1.403715538512143135e+09 1.032513230499999990e+00 -8.026770581000000071e-01 1.739380328199999992e+00 2.581252411000000135e-01 3.190184265000000075e-01 -7.248775831999999530e-01 5.533092198860000144e-01
1.403715538562143087e+09 1.002262091399999999e+00 -7.651735508000000463e-01 1.735538019899999895e+00 2.487929799999999969e-01 3.120026069999999874e-01 -7.227492750999999771e-01 5.642604998869999999e-01
1.403715538612143040e+09 9.695522820999999958e-01 -7.264082571000000099e-01 1.731886525499999996e+00 2.401249584000000048e-01 3.038084407000000153e-01 -7.227626852999999851e-01 5.724111603860000397e-01
1.403715538662142992e+09 9.347136673999999479e-01 -6.861877173999999524e-01 1.728421843300000038e+00 2.311239726000000050e-01 2.950876265999999859e-01 -7.253848711000000504e-01 5.773402728769999603e-01
1.403715538712143183e+09 8.977862749999999670e-01 -6.446777347000000047e-01 1.724609491999999911e+00 2.214297927999999971e-01 2.855268772999999816e-01 -7.303530242000000339e-01 5.796789708559999532e-01
1.403715538762142897e+09 8.588074124000000253e-01 -6.016222747999999676e-01 1.719693623800000015e+00 2.098744852999999966e-01 2.760466743000000167e-01 -7.383026791000000255e-01 5.784981313460000329e-01
1.403715538812143087e+09 8.183128929999999857e-01 -5.573811067999999702e-01 1.714255142699999901e+00 1.971808907000000000e-01 2.660309301000000071e-01 -7.483891509000000219e-01 5.746833209349999638e-01
1.403715538862143040e+09 7.764240076999999740e-01 -5.122931174999999504e-01 1.708933139400000023e+00 1.834881844000000040e-01 2.550178887999999811e-01 -7.577260138000000422e-01 5.719696237860000254e-01
1.403715538912142992e+09 7.334988755000000360e-01 -4.665044076000000040e-01 1.702543220499999954e+00 1.697328141999999984e-01 2.423967083000000133e-01 -7.666993961000000413e-01 5.697426116379999961e-01
1.403715538962142944e+09 6.902538842000000008e-01 -4.206584299000000193e-01 1.693884903200000069e+00 1.560531584000000027e-01 2.281090221000000029e-01 -7.743776249999999584e-01 5.691686741410000305e-01
1.403715539012143135e+09 6.465505642000000108e-01 -3.746486688999999815e-01 1.682571799099999987e+00 1.419812247999999999e-01 2.125524282000000043e-01 -7.806049063000000121e-01 5.703672302309999997e-01
1.403715539062143087e+09 6.027314138999999571e-01 -3.282205342000000248e-01 1.668193898900000027e+00 1.285038732999999878e-01 1.953937403000000073e-01 -7.866221332999999705e-01 5.714312383430000253e-01
1.403715539112143040e+09 5.587440675000000523e-01 -2.813327623999999916e-01 1.650755960399999944e+00 1.146504150000000055e-01 1.777537758000000134e-01 -7.920208047000000251e-01 5.726795984039999565e-01
1.403715539162142992e+09 5.149157319999999594e-01 -2.342925904000000004e-01 1.630618877799999922e+00 1.014489986000000066e-01 1.591876654999999918e-01 -7.964450375999999610e-01 5.744934202789999667e-01
1.403715539212143183e+09 4.713359900999999907e-01 -1.867137946999999909e-01 1.607538375699999911e+00 8.884428049999999744e-02 1.401523406999999888e-01 -8.007688147000000534e-01 5.755287313620000011e-01
1.403715539262142897e+09 4.281586001000000086e-01 -1.388623485999999907e-01 1.581411885400000106e+00 7.541420349999999884e-02 1.225484262000000046e-01 -8.054268008999999617e-01 5.749628244259999965e-01
1.403715539312143087e+09 3.851676418000000157e-01 -9.039878480000000660e-02 1.552008299899999999e+00 6.210645089999999868e-02 1.057771307999999938e-01 -8.105140275000000116e-01 5.727311748140000436e-01
1.403715539362143040e+09 3.426703454000000204e-01 -4.144053660000000111e-02 1.520204132499999972e+00 4.957826559999999744e-02 8.984474480000000096e-02 -8.153569169000000061e-01 5.697920809180000434e-01
1.403715539412142992e+09 3.006366969000000000e-01 6.944145500000000262e-03 1.487652268900000019e+00 3.755122350000000137e-02 7.539005980000000606e-02 -8.191892493000000330e-01 5.673052249409999970e-01
1.403715539462142944e+09 2.597730887999999960e-01 5.443571590000000071e-02 1.457902764500000004e+00 2.729969390000000148e-02 6.259821549999999846e-02 -8.205421405999999696e-01 5.674916612150000539e-01
1.403715539512143135e+09 2.201696667999999968e-01 1.015114872999999945e-01 1.431642129799999941e+00 1.975366419999999984e-02 5.068127959999999682e-02 -8.227130487999999575e-01 5.658484249080000250e-01
1.403715539562143087e+09 1.820877556999999924e-01 1.478471955000000004e-01 1.410292600800000073e+00 1.741309590000000157e-02 3.795208380000000131e-02 -8.251426044999999876e-01 5.633791845990000491e-01
1.403715539612143040e+09 1.450233102000000052e-01 1.923519415999999926e-01 1.393770884700000101e+00 1.722365849999999907e-02 2.619239179999999917e-02 -8.262136697999999946e-01 5.624840229769999533e-01
1.403715539662142992e+09 1.087477347999999955e-01 2.355681840999999943e-01 1.382313739200000002e+00 1.759413320000000058e-02 1.638513299999999964e-02 -8.262020531999999529e-01 5.628606764989999567e-01
1.403715539712143183e+09 7.281846640000000370e-02 2.774327011000000121e-01 1.375561071299999938e+00 1.772365550000000109e-02 8.367081900000000044e-03 -8.246308070000000212e-01 5.653316691269999472e-01
1.403715539762142897e+09 3.683851939999999853e-02 3.180021116000000259e-01 1.372912502199999940e+00 1.643792759999999908e-02 3.511554200000000132e-03 -8.234435734999999701e-01 5.671491380480000455e-01
1.403715539812143087e+09 4.083798000000000029e-04 3.581006098999999776e-01 1.374046314199999896e+00 1.513129690000000055e-02 9.872571999999999164e-04 -8.221081868999999820e-01 5.691293334450000518e-01
1.403715539862143040e+09 -3.629071729999999718e-02 3.977780090999999962e-01 1.377920436099999923e+00 1.346298760000000025e-02 1.365851400000000094e-03 -8.226896765000000222e-01 5.683296390640000251e-01
1.403715539912142992e+09 -7.306377079999999691e-02 4.367005208999999999e-01 1.385465137700000016e+00 1.353039250000000020e-02 2.766188900000000027e-03 -8.260942035999999655e-01 5.633627991430000259e-01
1.403715539962142944e+09 -1.102664004000000059e-01 4.744169853999999908e-01 1.397868954500000038e+00 1.703629770000000127e-02 2.715087299999999811e-03 -8.296418826000000468e-01 5.580293356729999488e-01
1.403715540012143135e+09 -1.483197790000000127e-01 5.106083487999999448e-01 1.411969222800000034e+00 1.925873700000000147e-02 4.113945400000000065e-03 -8.347560303000000070e-01 5.502677043060000273e-01
1.403715540062143087e+09 -1.866440645000000120e-01 5.445306125000000108e-01 1.427196848399999940e+00 2.407383210000000121e-02 3.437530800000000112e-03 -8.403062958000000471e-01 5.415662132120000472e-01
1.403715540112143040e+09 -2.255374095000000079e-01 5.757890484000000031e-01 1.442758097600000067e+00 2.949763310000000013e-02 2.691487499999999956e-03 -8.465949745999999942e-01 5.314128286849999494e-01
1.403715540162142992e+09 -2.649902977999999965e-01 6.030638954000000496e-01 1.460565730699999953e+00 3.615030310000000302e-02 1.081603100000000026e-03 -8.502314740999999954e-01 5.251651418370000268e-01
1.403715540212143183e+09 -3.056477522000000113e-01 6.264901870000000317e-01 1.478660192200000001e+00 4.052239650000000193e-02 2.758624000000000102e-04 -8.529187262999999852e-01 5.204685443669999634e-01
1.403715540262142897e+09 -3.480499188999999771e-01 6.455159514999999626e-01 1.497671960699999971e+00 4.280863879999999982e-02 4.300382999999999853e-04 -8.523501474000000355e-01 5.212163291929999831e-01
1.403715540312143087e+09 -3.920659395000000158e-01 6.608822480999999582e-01 1.516402231300000070e+00 4.122931879999999771e-02 3.614138499999999983e-03 -8.512612212000000289e-01 5.231074598949999599e-01
1.403715540362143040e+09 -4.375649206000000180e-01 6.727096661999999450e-01 1.534713963099999967e+00 3.619050929999999971e-02 9.234555000000000194e-03 -8.500147051999999981e-01 5.254331269930000436e-01
1.403715540412142992e+09 -4.837750854000000267e-01 6.817067023999999753e-01 1.551997579200000033e+00 3.095191300000000104e-02 1.502713550000000023e-02 -8.497908138999999972e-01 5.259959475450000088e-01
1.403715540462142944e+09 -5.303800395000000112e-01 6.874618641999999946e-01 1.568534880300000101e+00 2.518335500000000102e-02 2.076279849999999871e-02 -8.496779290999999512e-01 5.262909096750000293e-01
1.403715540512143135e+09 -5.774575643999999564e-01 6.909229636999999480e-01 1.583256878999999895e+00 1.801234180000000143e-02 2.681347400000000034e-02 -8.522794921999999884e-01 5.220883644199999507e-01
1.403715540562143087e+09 -6.242603318999999651e-01 6.908764729999999910e-01 1.597132763699999902e+00 1.325118139999999917e-02 2.964513809999999930e-02 -8.552857158000000126e-01 5.171381984489999972e-01
1.403715540612143040e+09 -6.706630882999999876e-01 6.874226056000000140e-01 1.609990155099999987e+00 8.716235299999999797e-03 3.178387440000000203e-02 -8.583460129000000105e-01 5.120116548569999537e-01
1.403715540662142992e+09 -7.159117709000000218e-01 6.800871841000000195e-01 1.622840041499999941e+00 8.775831499999999299e-03 3.017457789999999918e-02 -8.613573595000000305e-01 5.070266057290000461e-01
1.403715540712143183e+09 -7.601335249999999766e-01 6.685391182000000043e-01 1.635607547100000003e+00 1.348937369999999962e-02 2.408088629999999980e-02 -8.635071681999999527e-01 5.035806968029999942e-01
1.403715540762142897e+09 -8.038559880000000213e-01 6.528479255000000370e-01 1.647844695000000081e+00 1.812753029999999987e-02 1.795313780000000123e-02 -8.648197965999999681e-01 5.014337412760000445e-01
1.403715540812143087e+09 -8.476253141999999796e-01 6.323756891999999796e-01 1.659900709900000049e+00 2.161317800000000025e-02 1.258191259999999999e-02 -8.631697475999999813e-01 5.042941133720000302e-01
1.403715540862143040e+09 -8.918271688000000141e-01 6.079604947000000204e-01 1.671125838600000080e+00 2.288780949999999828e-02 9.322787799999999320e-03 -8.605992386999999910e-01 5.086827932080000281e-01
1.403715540912142992e+09 -9.364934917999999664e-01 5.797327143999999599e-01 1.682065158799999960e+00 2.429399050000000115e-02 6.374149299999999629e-03 -8.575619853000000514e-01 5.137670811219999800e-01
1.403715540962142944e+09 -9.818960377000000017e-01 5.480025837999999982e-01 1.692373517700000107e+00 2.313529270000000068e-02 5.849374400000000203e-03 -8.539940633000000503e-01 5.197352045869999548e-01
1.403715541012143135e+09 -1.027731525100000098e+00 5.130041758000000174e-01 1.702043008500000010e+00 2.059430500000000025e-02 6.828191600000000153e-03 -8.508074499000000124e-01 5.250294598189999551e-01
1.403715541062143087e+09 -1.073782069600000000e+00 4.754330203000000088e-01 1.711511452899999952e+00 1.846437069999999972e-02 8.149884899999999474e-03 -8.482529859999999866e-01 5.292064984969999664e-01
1.403715541112143040e+09 -1.120169990900000023e+00 4.357601053999999863e-01 1.719937219399999995e+00 1.567786640000000051e-02 1.024767579999999977e-02 -8.471585136999999488e-01 5.310100209239999591e-01
1.403715541162142992e+09 -1.166152313900000070e+00 3.940236454000000110e-01 1.728240196800000072e+00 1.715682420000000027e-02 9.423918499999999615e-03 -8.462412914000000397e-01 5.324401468080000033e-01
1.403715541212143183e+09 -1.211842438199999927e+00 3.496642468999999753e-01 1.737412423999999955e+00 2.430902160000000117e-02 4.547152799999999891e-03 -8.436766458000000135e-01 5.362817469749999733e-01
1.403715541262142897e+09 -1.258090215099999964e+00 3.029211083000000193e-01 1.746813305000000094e+00 3.203569540000000132e-02 -1.239119799999999954e-03 -8.396061085999999563e-01 5.422488000299999777e-01
1.403715541312143087e+09 -1.305866023999999959e+00 2.546055436999999921e-01 1.755334165400000090e+00 3.536003730000000095e-02 -5.458360300000000311e-03 -8.350812137999999996e-01 5.489619662100000408e-01
1.403715541362143040e+09 -1.355464580100000038e+00 2.052913386000000118e-01 1.762069367300000078e+00 3.199536730000000079e-02 -5.232026199999999932e-03 -8.316764095999999995e-01 5.543133338210000094e-01
1.403715541412142992e+09 -1.406255303000000012e+00 1.553110571999999912e-01 1.767498442700000005e+00 2.694102660000000093e-02 -3.501013199999999936e-03 -8.296303133000000329e-01 5.576517436229999625e-01
1.403715541462142944e+09 -1.457990665599999902e+00 1.053620705000000018e-01 1.770643546000000068e+00 2.042369210000000157e-02 -1.918806000000000006e-04 -8.316800500000000040e-01 5.548793836400000012e-01
1.403715541512143135e+09 -1.510016600199999948e+00 5.465418710000000124e-02 1.773196553600000058e+00 1.503078809999999939e-02 2.494405600000000091e-03 -8.354272692999999972e-01 5.493897806030000330e-01
1.403715541562143087e+09 -1.562193691200000067e+00 2.862830600000000007e-03 1.775198238500000025e+00 9.619660400000000500e-03 5.454663400000000356e-03 -8.398123101000000146e-01 5.427642145740000368e-01
1.403715541612143040e+09 -1.613932222300000108e+00 -5.041258149999999771e-02 1.777506186000000099e+00 6.910758099999999952e-03 6.817174700000000302e-03 -8.438576328000000348e-01 5.364793221529999823e-01
1.403715541662142992e+09 -1.665585903900000053e+00 -1.052086891000000024e-01 1.779729759699999914e+00 1.693786799999999915e-03 1.027761230000000074e-02 -8.464107068999999761e-01 5.324287906000000348e-01
1.403715541712143183e+09 -1.716584705100000052e+00 -1.619968518000000079e-01 1.782137849399999974e+00 5.241741900000000155e-03 -1.527463329999999980e-02 8.475748254999999620e-01 -5.304301319209999699e-01
1.403715541762142897e+09 -1.766610123800000043e+00 -2.217827646999999958e-01 1.785063006399999930e+00 1.525076149999999957e-02 -2.301490659999999924e-02 8.454169072999999646e-01 -5.333928957189999487e-01
1.403715541812143087e+09 -1.815113940600000086e+00 -2.836718907999999928e-01 1.787543968999999899e+00 2.648665719999999946e-02 -3.155402680000000265e-02 8.423979583999999798e-01 -5.372787731029999847e-01
1.403715541862143040e+09 -1.861110534600000088e+00 -3.474275976999999793e-01 1.791061536199999971e+00 3.673279489999999731e-02 -3.981271950000000309e-02 8.373208783000000155e-01 -5.440215032020000452e-01
1.403715541912142992e+09 -1.903789813599999992e+00 -4.122955159999999730e-01 1.794488175799999974e+00 4.573123619999999723e-02 -4.824276210000000287e-02 8.330625627000000089e-01 -5.491703347669999458e-01
1.403715541962142944e+09 -1.942540077999999948e+00 -4.778546022999999865e-01 1.797833371500000110e+00 5.224456439999999868e-02 -5.657680860000000034e-02 8.295544807000000409e-01 -5.530903487120000239e-01
1.403715542012143135e+09 -1.977191459299999954e+00 -5.437031408000000399e-01 1.800768694100000067e+00 5.726521379999999911e-02 -6.572255239999999499e-02 8.270410057999999509e-01 -5.553417110599999651e-01
1.403715542062143087e+09 -2.006758747900000195e+00 -6.096567770999999913e-01 1.804141843900000097e+00 5.967926960000000114e-02 -7.552017930000000379e-02 8.227332241000000490e-01 -5.602188227240000318e-01
1.403715542112143040e+09 -2.030874044099999942e+00 -6.752161073000000346e-01 1.808332793299999963e+00 5.705363670000000026e-02 -8.348378759999999787e-02 8.176268830999999793e-01 -5.667994529009999782e-01
1.403715542162142992e+09 -2.049814553700000097e+00 -7.398207502000000435e-01 1.812905699699999928e+00 5.364229770000000092e-02 -9.235068990000000477e-02 8.115519927000000022e-01 -5.744364343869999834e-01
1.403715542212143183e+09 -2.063300909700000130e+00 -8.033909901000000353e-01 1.818090519899999924e+00 4.596272889999999944e-02 -9.991155449999999938e-02 8.049658643999999530e-01 -5.830395064159999974e-01
1.403715542262142897e+09 -2.071669440700000031e+00 -8.649167921000000536e-01 1.824108205599999977e+00 3.615490839999999789e-02 -1.071843435000000011e-01 7.985722589000000537e-01 -5.911739899650000352e-01
1.403715542312143087e+09 -2.075352126199999869e+00 -9.237145324000000102e-01 1.831016169800000037e+00 2.166986829999999892e-02 -1.120748337999999955e-01 7.936900680999999791e-01 -5.975162962669999800e-01
1.403715542362143040e+09 -2.074868778899999988e+00 -9.795356629000000481e-01 1.838600781200000034e+00 6.896222300000000131e-03 -1.181114112000000022e-01 7.882628994000000500e-01 -6.038573822199999608e-01
1.403715542412142992e+09 -2.070710013399999827e+00 -1.032207527499999999e+00 1.846696190499999890e+00 1.266350230000000063e-02 1.218970543999999961e-01 -7.833867915000000126e-01 6.093323220749999880e-01
1.403715542462142944e+09 -2.063972530500000069e+00 -1.081985515499999995e+00 1.855834226200000048e+00 3.343790060000000064e-02 1.247686657999999976e-01 -7.771298081999999940e-01 6.159415134519999890e-01
1.403715542512143135e+09 -2.056079336999999896e+00 -1.128282328000000057e+00 1.864865755000000069e+00 5.165105960000000024e-02 1.277488516999999990e-01 -7.718760503999999578e-01 6.206607460949999933e-01
1.403715542562143087e+09 -2.047727382600000201e+00 -1.171311184399999927e+00 1.873144652899999985e+00 6.537484130000000004e-02 1.318995768000000013e-01 -7.683839975999999794e-01 6.228279569819999972e-01
1.403715542612143040e+09 -2.039696657699999971e+00 -1.210513035700000017e+00 1.878601807799999968e+00 7.491166909999999457e-02 1.371181166000000062e-01 -7.692200224999999891e-01 6.195864918219999851e-01
1.403715542662142992e+09 -2.032182837300000156e+00 -1.246129214700000043e+00 1.882810341199999904e+00 8.149796539999999700e-02 1.427667847999999906e-01 -7.717534449999999824e-01 6.143063950429999975e-01
1.403715542712143183e+09 -2.024992012699999844e+00 -1.278655344199999933e+00 1.886677234900000055e+00 8.826849030000000207e-02 1.466678758000000138e-01 -7.733161576000000537e-01 6.104746744689999449e-01
1.403715542762142897e+09 -2.018207856800000144e+00 -1.308661880300000080e+00 1.889158795199999963e+00 9.166386560000000516e-02 1.513931706999999960e-01 -7.750704980999999494e-01 6.065835199189999472e-01
1.403715542812143087e+09 -2.011619317400000106e+00 -1.336201771500000079e+00 1.890177759099999966e+00 9.345658639999999961e-02 1.559085651000000072e-01 -7.777837781999999978e-01 6.016733167769999779e-01
1.403715542862143040e+09 -2.005181045000000051e+00 -1.361656458699999961e+00 1.889890144700000052e+00 9.581594949999999722e-02 1.588841136999999959e-01 -7.809695009999999549e-01 5.963738598379999534e-01
1.403715542912142992e+09 -1.998911647399999936e+00 -1.384737616600000054e+00 1.888674323800000110e+00 9.918840460000000192e-02 1.602759243000000111e-01 -7.834790395999999824e-01 5.921434648329999550e-01
1.403715542962142944e+09 -1.992582762999999924e+00 -1.406275714299999979e+00 1.886267686500000096e+00 1.042755506999999970e-01 1.595086608000000072e-01 -7.854701537999999594e-01 5.888295459269999865e-01
1.403715543012143135e+09 -1.986706051000000084e+00 -1.426298069800000068e+00 1.881885936700000039e+00 1.099445410000000067e-01 1.576762968000000043e-01 -7.865295493999999721e-01 5.868744765159999988e-01
1.403715543062143087e+09 -1.981484669999999948e+00 -1.445277896799999962e+00 1.875914434100000028e+00 1.145406662999999964e-01 1.556745207999999936e-01 -7.864976098999999499e-01 5.865725777700000476e-01
1.403715543112143040e+09 -1.977163670900000003e+00 -1.463149337599999988e+00 1.868572155200000084e+00 1.182320426000000035e-01 1.536121954000000123e-01 -7.866267088999999713e-01 5.862106262420000435e-01
1.403715543162142992e+09 -1.973983635299999984e+00 -1.479957090999999947e+00 1.860332378899999917e+00 1.196522775999999955e-01 1.522374736999999867e-01 -7.858953314000000079e-01 5.872611107830000288e-01
1.403715543212143183e+09 -1.972058943299999978e+00 -1.495751360200000102e+00 1.852061184399999894e+00 1.212011521000000008e-01 1.501510319999999898e-01 -7.846290930999999524e-01 5.891707177389999828e-01
1.403715543262142897e+09 -1.971394876600000012e+00 -1.510303183700000051e+00 1.844036318399999930e+00 1.232389480999999953e-01 1.474557204999999982e-01 -7.829914521999999932e-01 5.916023646679999803e-01
1.403715543312143087e+09 -1.972226598300000022e+00 -1.523245645999999898e+00 1.835772050999999960e+00 1.249728259999999952e-01 1.446838827999999966e-01 -7.823028287000000081e-01 5.928327343999999499e-01
1.403715543362143040e+09 -1.974946824799999945e+00 -1.534761494200000076e+00 1.827108503000000050e+00 1.239003656000000064e-01 1.440671753999999971e-01 -7.820355250999999619e-01 5.935602630149999781e-01
1.403715543412142992e+09 -1.979410701199999956e+00 -1.544619688000000046e+00 1.819066478599999925e+00 1.227046680999999972e-01 1.433693706999999984e-01 -7.812357362999999832e-01 5.950290012779999582e-01
1.403715543462142944e+09 -1.985311439499999997e+00 -1.552971053700000104e+00 1.810660309800000034e+00 1.187185602000000034e-01 1.448777491000000084e-01 -7.807969298000000391e-01 5.960473938679999861e-01
1.403715543512143135e+09 -1.992522019899999997e+00 -1.559717980500000101e+00 1.802300016500000046e+00 1.143839814000000010e-01 1.464421136999999873e-01 -7.802872424000000251e-01 5.971790614490000149e-01
1.403715543562143087e+09 -2.000585544299999796e+00 -1.565029805800000062e+00 1.794670658500000071e+00 1.114661943000000016e-01 1.471056078999999905e-01 -7.781909500000000479e-01 6.002949883050000546e-01
1.403715543612143040e+09 -2.009412634799999875e+00 -1.568558797299999918e+00 1.787151560999999944e+00 1.091430825000000021e-01 1.476076490999999880e-01 -7.749845868000000415e-01 6.047302370820000217e-01
1.403715543662142992e+09 -2.019419385700000014e+00 -1.569697611300000073e+00 1.779278051699999974e+00 1.052817637000000028e-01 1.493157219000000036e-01 -7.704231831000000197e-01 6.107934874270000147e-01
1.403715543712143183e+09 -2.030581214100000143e+00 -1.568243476999999997e+00 1.770567374399999894e+00 9.950453160000000130e-02 1.504625447000000060e-01 -7.666489238999999456e-01 6.162055649640000299e-01
1.403715543762142897e+09 -2.042841109999999905e+00 -1.564267403399999923e+00 1.761035086699999974e+00 9.007108349999999597e-02 1.514177533000000131e-01 -7.630336818999999826e-01 6.218838027490000142e-01
1.403715543812143087e+09 -2.055595827599999925e+00 -1.557225770599999892e+00 1.750635108700000053e+00 7.838837860000000268e-02 1.516865675000000080e-01 -7.603695380999999642e-01 6.266455240830000051e-01
1.403715543862143040e+09 -2.068301784600000026e+00 -1.546706380000000047e+00 1.739205885500000104e+00 6.600064140000000412e-02 1.499763725999999908e-01 -7.594377437999999536e-01 6.296072714929999981e-01
1.403715543912142992e+09 -2.080499981200000015e+00 -1.532554305199999911e+00 1.727192050900000053e+00 5.314881009999999906e-02 1.462385767999999919e-01 -7.597399559999999941e-01 6.313356332849999752e-01
1.403715543962142944e+09 -2.091871783599999812e+00 -1.514429712899999947e+00 1.714153563800000057e+00 3.977628810000000126e-02 1.405651571000000044e-01 -7.622212824999999858e-01 6.306171581030000084e-01
1.403715544012143135e+09 -2.101919543799999790e+00 -1.492495111600000035e+00 1.700652154799999982e+00 2.574930770000000146e-02 1.333455749000000135e-01 -7.654361938000000531e-01 6.290177772170000292e-01
1.403715544062143087e+09 -2.110209765400000048e+00 -1.466705628499999969e+00 1.686004193800000106e+00 1.207917619999999970e-02 1.234073989000000066e-01 -7.693727651999999750e-01 6.266500263859999809e-01
1.403715544112143040e+09 -2.116139890999999995e+00 -1.437783269699999922e+00 1.669566362699999917e+00 4.367562999999999654e-03 1.068540102999999963e-01 -7.754093906000000258e-01 6.223370644560000109e-01
1.403715544162142992e+09 -2.120289748399999841e+00 -1.406267901899999950e+00 1.650129405900000013e+00 2.416887400000000078e-03 -8.698395999999999906e-02 7.819149015999999897e-01 -6.172819744709999723e-01
1.403715544212143183e+09 -2.123105942500000065e+00 -1.372415542900000007e+00 1.627572574400000027e+00 9.587192799999999862e-03 -6.500829589999999880e-02 7.875834718999999984e-01 -6.126942810009999851e-01
1.403715544262142897e+09 -2.124740007499999805e+00 -1.336886717300000083e+00 1.601692815200000064e+00 1.840588220000000108e-02 -4.186949129999999880e-02 7.922692569999999490e-01 -6.084550875319999497e-01
1.403715544312143087e+09 -2.125179913399999787e+00 -1.299823835900000057e+00 1.572124461400000062e+00 2.731439529999999880e-02 -1.714291310000000054e-02 7.963705264999999534e-01 -6.039486971499999912e-01
1.403715544362143040e+09 -2.124621820499999814e+00 -1.261428343499999993e+00 1.539213592899999927e+00 3.616426100000000310e-02 8.095543700000000856e-03 7.996147386999999940e-01 -5.993687330219999998e-01
1.403715544412142992e+09 -2.122952711699999995e+00 -1.221774363199999991e+00 1.503477729000000096e+00 4.421723379999999842e-02 3.354730730000000244e-02 8.016799838000000511e-01 -5.951710829949999892e-01
1.403715544462142944e+09 -2.120719235700000205e+00 -1.180917677200000071e+00 1.465886619800000013e+00 5.384815679999999799e-02 5.697957790000000161e-02 8.018075719999999684e-01 -5.924173538320000043e-01
1.403715544512143135e+09 -2.117787807100000030e+00 -1.138679806899999924e+00 1.427939453200000042e+00 6.413143059999999729e-02 7.809556310000000112e-02 8.013734042000000279e-01 -5.895667135200000075e-01
1.403715544562143087e+09 -2.114125293199999867e+00 -1.095497377400000083e+00 1.392180067399999999e+00 7.360966750000000336e-02 9.693932889999999636e-02 8.002117888999999984e-01 -5.872354522070000193e-01
1.403715544612143040e+09 -2.109638445099999871e+00 -1.051275517099999890e+00 1.359852731499999967e+00 8.215940979999999949e-02 1.122897436999999998e-01 7.985815525999999664e-01 -5.855837674120000225e-01
1.403715544662142992e+09 -2.104064537699999793e+00 -1.006252471000000037e+00 1.332375954299999998e+00 8.975095060000000402e-02 1.241404908000000029e-01 7.972068258000000185e-01 -5.839479277169999927e-01
1.403715544712143183e+09 -2.097945365300000198e+00 -9.607129370000000446e-01 1.311975832899999972e+00 9.780563330000000000e-02 1.316182200000000080e-01 7.934822076999999974e-01 -5.860859052110000134e-01
1.403715544762142897e+09 -2.090852727300000158e+00 -9.143620879999999618e-01 1.298305758099999929e+00 1.041698050999999986e-01 1.366349295000000019e-01 7.892196031999999528e-01 -5.895862665500000155e-01
1.403715544812143087e+09 -2.082612254199999846e+00 -8.664261948000000491e-01 1.291578794699999921e+00 1.092987921000000001e-01 1.396479039000000089e-01 7.857265447000000291e-01 -5.926095121579999514e-01
1.403715544862143040e+09 -2.073176649000000094e+00 -8.167746760999999855e-01 1.292000972599999908e+00 1.131903124000000066e-01 1.409910816999999927e-01 7.831763279000000244e-01 -5.949321873309999509e-01
1.403715544912142992e+09 -2.062407957100000022e+00 -7.651235974000000217e-01 1.298233815099999910e+00 1.149097134999999964e-01 1.417851130999999987e-01 7.828303899999999871e-01 -5.948691620089999743e-01
1.403715544962142944e+09 -2.050525952500000137e+00 -7.118207841000000480e-01 1.307493733400000080e+00 1.157175440000000055e-01 1.424528240999999862e-01 7.846714751000000154e-01 -5.921210342110000413e-01
1.403715545012143135e+09 -2.037847287900000026e+00 -6.572951957999999539e-01 1.317677077399999952e+00 1.167212281000000046e-01 1.433274001000000020e-01 7.878333857999999523e-01 -5.874963553669999561e-01
1.403715545062143087e+09 -2.024697476900000126e+00 -6.020009434999999964e-01 1.328409794599999971e+00 1.180608442999999952e-01 1.454094297999999896e-01 7.900005169999999577e-01 -5.837952704919999736e-01
1.403715545112143040e+09 -2.011230134199999853e+00 -5.461274396999999947e-01 1.338394749000000106e+00 1.205617078000000009e-01 1.483501309999999962e-01 7.919212101000000503e-01 -5.799292286839999866e-01
1.403715545162142992e+09 -1.997422752200000096e+00 -4.898296669000000159e-01 1.346333354199999999e+00 1.243163141000000055e-01 1.522008857000000104e-01 7.933742580000000544e-01 -5.761402877019999869e-01
1.403715545212143183e+09 -1.983206280899999951e+00 -4.334435088999999963e-01 1.351724982199999925e+00 1.278694217999999938e-01 1.581189286999999943e-01 7.938876827999999941e-01 -5.730533678979999879e-01
1.403715545262142897e+09 -1.968813157500000077e+00 -3.771690862000000033e-01 1.353718198900000003e+00 1.323760783000000052e-01 1.644077898999999898e-01 7.946305330999999805e-01 -5.692178567529999622e-01
1.403715545312143087e+09 -1.954101507200000087e+00 -3.209163184000000113e-01 1.352906082799999909e+00 1.365448865999999983e-01 1.720385284000000015e-01 7.946249118999999528e-01 -5.659765790599999846e-01
1.403715545362143040e+09 -1.938793457699999889e+00 -2.648801338999999810e-01 1.350016359899999907e+00 1.389208903999999967e-01 1.802933620999999931e-01 7.937193763000000013e-01 -5.640964823909999648e-01
1.403715545412142992e+09 -1.922784489499999916e+00 -2.091939583000000102e-01 1.346761290899999963e+00 1.372200832999999898e-01 1.901384375999999876e-01 7.917239973999999902e-01 -5.640843334820000443e-01
1.403715545462142944e+09 -1.906316927900000069e+00 -1.533732402999999911e-01 1.344313486299999916e+00 1.334325463000000100e-01 2.003970615000000011e-01 7.897914976000000031e-01 -5.641508341400000015e-01
1.403715545512143135e+09 -1.889981891399999947e+00 -9.763203360000000108e-02 1.342997424500000037e+00 1.281759658999999940e-01 2.103941430000000057e-01 7.876329255999999779e-01 -5.647473778460000426e-01
1.403715545562143087e+09 -1.874934577499999921e+00 -4.191368379999999699e-02 1.343690925500000022e+00 1.235904329000000051e-01 2.192588987000000100e-01 7.856146821999999696e-01 -5.652083786830000012e-01
1.403715545612143040e+09 -1.861229859800000108e+00 1.414781049999999998e-02 1.346616911099999925e+00 1.190084552999999962e-01 2.268371318000000081e-01 7.835869556000000236e-01 -5.660153586339999876e-01
1.403715545662142992e+09 -1.849169839700000040e+00 7.110064659999999759e-02 1.350256745999999897e+00 1.155386406000000060e-01 2.320066791000000017e-01 7.820917538999999641e-01 -5.667064601300000337e-01
1.403715545712143183e+09 -1.838914699300000066e+00 1.289269580999999887e-01 1.353729992199999899e+00 1.129793686999999991e-01 2.340318328000000059e-01 7.814685083000000310e-01 -5.672492697669999639e-01
1.403715545762142897e+09 -1.830799229599999967e+00 1.875952475999999869e-01 1.356331602500000066e+00 1.119508803999999941e-01 2.332967763999999888e-01 7.821245422000000502e-01 -5.668516692280000102e-01
1.403715545812143087e+09 -1.824587318799999913e+00 2.472409308999999888e-01 1.357987687100000063e+00 1.123700009999999971e-01 2.294008758999999953e-01 7.836511265000000170e-01 -5.662500622580000087e-01
1.403715545862143040e+09 -1.819975187700000108e+00 3.074827082000000100e-01 1.359710832300000005e+00 1.124830532999999966e-01 2.230987843999999998e-01 7.850914745999999500e-01 -5.667502727230000481e-01
1.403715545912142992e+09 -1.816735297399999949e+00 3.686357346999999951e-01 1.361334367800000056e+00 1.134993410000000036e-01 2.132954290999999891e-01 7.878671121000000444e-01 -5.664700990309999851e-01
1.403715545962142944e+09 -1.814484232000000086e+00 4.305000770999999893e-01 1.363152826100000103e+00 1.143030252999999996e-01 2.005143004999999923e-01 7.906210351000000358e-01 -5.671395001000000269e-01
1.403715546012143135e+09 -1.812861127199999922e+00 4.925409023000000275e-01 1.365057313499999925e+00 1.136732889000000024e-01 1.855701308000000105e-01 7.941626772000000001e-01 -5.674043990749999544e-01
1.403715546062143087e+09 -1.811442386600000010e+00 5.547192558000000329e-01 1.367537627799999989e+00 1.108464269999999974e-01 1.692436596000000126e-01 7.972537578999999708e-01 -5.687320096719999940e-01
1.403715546112143040e+09 -1.809615879399999905e+00 6.168966619000000318e-01 1.370778735200000042e+00 1.054601042999999960e-01 1.518077019999999888e-01 8.006226043999999931e-01 -5.699438861250000210e-01
1.403715546162142992e+09 -1.807391256000000057e+00 6.789100972999999595e-01 1.374974547299999905e+00 9.593018799999999957e-02 1.343540903999999869e-01 8.035898193999999606e-01 -5.718302017230000311e-01
1.403715546212143183e+09 -1.805124839699999928e+00 7.406944306999999617e-01 1.379488047199999956e+00 8.575084850000000425e-02 1.151423018999999937e-01 8.063927524999999763e-01 -5.736896120190000392e-01
1.403715546262142897e+09 -1.802437497699999946e+00 8.026141405000000173e-01 1.384382749400000057e+00 7.296128590000000580e-02 9.600432339999999398e-02 8.091930698000000532e-01 -5.750359958290000018e-01
1.403715546312143087e+09 -1.799629006700000033e+00 8.645364634000000104e-01 1.390054355099999972e+00 5.912272839999999779e-02 7.672711560000000652e-02 8.115797045999999515e-01 -5.761560863819999989e-01
1.403715546362143040e+09 -1.796390190000000109e+00 9.264496494999999721e-01 1.396277571099999948e+00 4.520050180000000084e-02 5.668688780000000205e-02 8.131840497000000223e-01 -5.774731272180000374e-01
1.403715546412142992e+09 -1.792975642700000094e+00 9.883453433000000121e-01 1.402792643900000025e+00 3.042694240000000036e-02 3.684235329999999836e-02 8.154600519000000380e-01 -5.768377119609999770e-01
1.403715546462142944e+09 -1.789804615300000012e+00 1.050486000700000089e+00 1.410376534499999890e+00 1.559246320000000005e-02 1.658031139999999876e-02 8.165613963000000197e-01 -5.768097211739999786e-01
1.403715546512143135e+09 -1.786769978799999992e+00 1.112616687400000082e+00 1.418360722599999901e+00 9.803833999999999552e-04 -4.040673399999999971e-03 8.177119775000000201e-01 -5.756125724999999749e-01
1.403715546562143087e+09 -1.783917360500000049e+00 1.174347111499999929e+00 1.426457503800000026e+00 1.385017889999999932e-02 2.483635179999999984e-02 -8.176941406000000079e-01 5.749501026419999716e-01
1.403715546612143040e+09 -1.781571939200000010e+00 1.235904967399999999e+00 1.434000833200000047e+00 2.661640159999999894e-02 4.723561269999999868e-02 -8.179879103999999623e-01 5.726745519439999654e-01
1.403715546662142992e+09 -1.779425102300000061e+00 1.297103192500000057e+00 1.440984789500000085e+00 3.914249239999999935e-02 7.007059860000000584e-02 -8.188085022000000102e-01 5.684281952509999680e-01
1.403715546712143183e+09 -1.777347576099999937e+00 1.357651569800000013e+00 1.447285844999999904e+00 5.120841980000000182e-02 9.340842959999999529e-02 -8.201812147000000497e-01 5.620990464380000162e-01
1.403715546762142897e+09 -1.775199413900000023e+00 1.417500674900000091e+00 1.452306792999999985e+00 6.280023749999999461e-02 1.168743884000000011e-01 -8.232457034000000284e-01 5.519628785539999472e-01
1.403715546812143087e+09 -1.772462272999999922e+00 1.475883222900000069e+00 1.457203336400000104e+00 7.580312940000000221e-02 1.386236896999999968e-01 -8.263536529999999658e-01 5.405339937159999719e-01
1.403715546862143040e+09 -1.769029539799999995e+00 1.532292449600000106e+00 1.462683598099999926e+00 8.976661980000000263e-02 1.588688553000000003e-01 -8.275766003000000204e-01 5.308668490140000529e-01
1.403715546912142992e+09 -1.765114685399999939e+00 1.586193365600000016e+00 1.468896663200000008e+00 1.044804542000000031e-01 1.778362596999999989e-01 -8.265143458000000498e-01 5.237672533449999612e-01
1.403715546962142944e+09 -1.761245609099999943e+00 1.637228190699999919e+00 1.474500725800000023e+00 1.137152431999999963e-01 2.006816851999999873e-01 -8.232012313000000026e-01 5.187826494939999922e-01
1.403715547012143135e+09 -1.756525946400000038e+00 1.685325769599999912e+00 1.480314751999999956e+00 1.213097811999999942e-01 2.239874219999999916e-01 -8.180214628999999960e-01 5.157077253830000263e-01
1.403715547062143087e+09 -1.750298235500000077e+00 1.731120674300000051e+00 1.485914780000000102e+00 1.297897735999999913e-01 2.461337657999999873e-01 -8.126982602000000222e-01 5.119514838709999793e-01
1.403715547112143040e+09 -1.741899459499999914e+00 1.774684039200000063e+00 1.491708051400000068e+00 1.395565897000000111e-01 2.669794520000000060e-01 -8.066273546000000128e-01 5.085255562739999791e-01
1.403715547162142992e+09 -1.731439006800000069e+00 1.816318750099999990e+00 1.497521933200000044e+00 1.493484442999999939e-01 2.873654359000000214e-01 -7.997599936000000520e-01 5.054701781729999954e-01
1.403715547212143183e+09 -1.718773681400000086e+00 1.855924109999999905e+00 1.503510300699999913e+00 1.595143347000000100e-01 3.072837697999999951e-01 -7.922828557000000105e-01 5.024139114429999609e-01
1.403715547262142897e+09 -1.703796960800000093e+00 1.893526762300000055e+00 1.509449195600000015e+00 1.685973024000000098e-01 3.269776811999999810e-01 -7.842100705000000227e-01 4.996750053499999789e-01
1.403715547312143087e+09 -1.686364342100000080e+00 1.929344239600000011e+00 1.515221846400000016e+00 1.769244228999999891e-01 3.456105689999999786e-01 -7.765730485999999821e-01 4.961707200570000253e-01
1.403715547362143040e+09 -1.666455563700000031e+00 1.963701294800000108e+00 1.520804421100000026e+00 1.855991231000000130e-01 3.624235385999999837e-01 -7.696600026000000039e-01 4.917576888329999729e-01
1.403715547412142992e+09 -1.643828615999999965e+00 1.996807776400000067e+00 1.525816598100000032e+00 1.943232427000000095e-01 3.777748874999999895e-01 -7.641059492999999758e-01 4.854551575570000277e-01
1.403715547462142944e+09 -1.618311262099999981e+00 2.028916656799999885e+00 1.529893777500000107e+00 2.023340698999999965e-01 3.924816944999999779e-01 -7.596181217999999902e-01 4.774927777319999955e-01
1.403715547512143135e+09 -1.589931466699999962e+00 2.059959376800000186e+00 1.533374933499999981e+00 2.106945585999999981e-01 4.066819446000000116e-01 -7.547859438999999782e-01 4.695910749930000128e-01
1.403715547562143087e+09 -1.558363413599999969e+00 2.089837051599999995e+00 1.536049876200000108e+00 2.185437775999999888e-01 4.219604724000000084e-01 -7.486189856999999614e-01 4.623392598480000060e-01
1.403715547612143040e+09 -1.523174820399999962e+00 2.118778706400000100e+00 1.538523008499999900e+00 2.270840141999999895e-01 4.374015116000000147e-01 -7.412282953000000063e-01 4.557338942490000155e-01
1.403715547662142992e+09 -1.484448763899999912e+00 2.146768931100000000e+00 1.540758257200000036e+00 2.350631817000000123e-01 4.531031730000000257e-01 -7.330969869000000250e-01 4.494570313740000045e-01
1.403715547712143183e+09 -1.442127869199999912e+00 2.173611040399999972e+00 1.542953322400000049e+00 2.423801694000000118e-01 4.688561311000000176e-01 -7.242913686999999934e-01 4.436527865479999999e-01
1.403715547762142897e+09 -1.395962933300000097e+00 2.199700594799999909e+00 1.545522441599999963e+00 2.502091240000000050e-01 4.839540642999999864e-01 -7.150870618000000345e-01 4.379889861399999806e-01
1.403715547812143087e+09 -1.345954599399999951e+00 2.224948286600000102e+00 1.548147576300000106e+00 2.586411310000000241e-01 4.979528444999999914e-01 -7.059247406999999974e-01 4.322244676970000143e-01
1.403715547862143040e+09 -1.291947974900000018e+00 2.249634631899999793e+00 1.550795324200000103e+00 2.678144390000000152e-01 5.109939855999999780e-01 -6.966151983999999686e-01 4.264831044480000277e-01
1.403715547912142992e+09 -1.233919763899999911e+00 2.273571852999999976e+00 1.553850356899999952e+00 2.778904596999999810e-01 5.225866489999999587e-01 -6.856811136999999556e-01 4.236997723829999951e-01
1.403715547962142944e+09 -1.172086555499999960e+00 2.296994381799999818e+00 1.557128398999999996e+00 2.895405497999999911e-01 5.315613365000000368e-01 -6.749165437999999906e-01 4.220147799399999733e-01
1.403715548012143135e+09 -1.106625603199999919e+00 2.320004722899999816e+00 1.560905785899999954e+00 3.028493592000000012e-01 5.365426331999999521e-01 -6.651555527000000412e-01 4.218677033379999997e-01
1.403715548062143087e+09 -1.038179381900000031e+00 2.342624216799999992e+00 1.564470699599999959e+00 3.142576062999999920e-01 5.402974469000000335e-01 -6.546792930000000510e-01 4.251068677809999863e-01
1.403715548112143040e+09 -9.678111500999999617e-01 2.364847968399999889e+00 1.567874221100000076e+00 3.243674750000000162e-01 5.425788603000000210e-01 -6.440960983000000306e-01 4.307367381810000007e-01
1.403715548162142992e+09 -8.961399863000000243e-01 2.387057028300000106e+00 1.570488422499999981e+00 3.322347380999999822e-01 5.440371343000000026e-01 -6.355522082000000239e-01 4.355652258859999959e-01
1.403715548212143183e+09 -8.234992027999999964e-01 2.409363396899999898e+00 1.572465769399999935e+00 3.376650515999999880e-01 5.452186681999999784e-01 -6.281274540000000295e-01 4.406527185870000030e-01
1.403715548262142897e+09 -7.502102942999999691e-01 2.432098506100000002e+00 1.573950900000000042e+00 3.413599975000000120e-01 5.458606495000000169e-01 -6.219123917000000112e-01 4.457964563990000073e-01
1.403715548312143087e+09 -6.764813275000000070e-01 2.455650135199999973e+00 1.574096659999999925e+00 3.442525517999999729e-01 5.458622925999999653e-01 -6.175698311999999746e-01 4.495909716529999933e-01
1.403715548362143040e+09 -6.027595508999999963e-01 2.479899300600000078e+00 1.570757174699999981e+00 3.451853263999999921e-01 5.457395901999999577e-01 -6.158977622000000318e-01 4.513151189890000081e-01
1.403715548412142992e+09 -5.292708118000000184e-01 2.504792697000000068e+00 1.564182123199999941e+00 3.444677306000000216e-01 5.459753810999999901e-01 -6.144407955999999782e-01 4.535585678490000050e-01
1.403715548462142944e+09 -4.556721059000000129e-01 2.530684710400000093e+00 1.554856505200000072e+00 3.439792703999999812e-01 5.452393256999999993e-01 -6.153360326000000269e-01 4.536010429389999987e-01
1.403715548512143135e+09 -3.822141479000000230e-01 2.557527051400000140e+00 1.544108214099999987e+00 3.439209152000000103e-01 5.440134409000000337e-01 -6.166903229000000319e-01 4.532778682659999725e-01
1.403715548562143087e+09 -3.089326989000000245e-01 2.585486191499999808e+00 1.533338767899999899e+00 3.452373757000000154e-01 5.412304355000000511e-01 -6.195703967000000256e-01 4.516783076659999785e-01
1.403715548612143040e+09 -2.359574818999999879e-01 2.614173303399999870e+00 1.522394174900000063e+00 3.461270151999999989e-01 5.386258825999999944e-01 -6.225214243000000147e-01 4.500503573869999996e-01
1.403715548662142992e+09 -1.632217102999999891e-01 2.643390205799999837e+00 1.511347464800000040e+00 3.465991285000000199e-01 5.359161371999999757e-01 -6.252469756999999850e-01 4.491426916130000224e-01
1.403715548712143183e+09 -9.087375759999999358e-02 2.673339222900000145e+00 1.500402835999999906e+00 3.472602557999999728e-01 5.330359178000000364e-01 -6.275942812999999454e-01 4.487855202189999781e-01
1.403715548762142897e+09 -1.895292349999999973e-02 2.703712587800000122e+00 1.489721778899999904e+00 3.478727266000000151e-01 5.304098535000000281e-01 -6.293657351000000455e-01 4.489417834069999724e-01
1.403715548812143087e+09 5.289962179999999764e-02 2.734159266299999835e+00 1.479314348599999995e+00 3.473891700000000249e-01 5.283193965000000381e-01 -6.316056893999999478e-01 4.486353005620000167e-01
1.403715548862143040e+09 1.247660864999999980e-01 2.764774553700000137e+00 1.469277629600000079e+00 3.469999960999999855e-01 5.261914313000000121e-01 -6.328574778000000123e-01 4.496720951229999930e-01
1.403715548912142992e+09 1.966874939000000100e-01 2.795317387599999925e+00 1.459547324899999943e+00 3.474917586999999863e-01 5.236382980999999548e-01 -6.343627195000000052e-01 4.501514751219999888e-01
1.403715548962142944e+09 2.683848690000000259e-01 2.826046954999999805e+00 1.449645799600000062e+00 3.483151374999999828e-01 5.228681679000000138e-01 -6.343076801999999459e-01 4.504877476690000160e-01
1.403715549012143135e+09 3.395265424000000198e-01 2.857337873900000158e+00 1.439677199899999982e+00 3.500770779999999860e-01 5.233387354999999852e-01 -6.331073056999999560e-01 4.502640857019999943e-01
1.403715549062143087e+09 4.100183586000000213e-01 2.889244214500000130e+00 1.429975970799999940e+00 3.531131956999999932e-01 5.249555351000000369e-01 -6.301335940000000191e-01 4.501826416510000262e-01
1.403715549112143040e+09 4.801898332999999797e-01 2.921642721200000015e+00 1.421282157500000087e+00 3.587985464999999818e-01 5.259194491999999999e-01 -6.257007056000000178e-01 4.507448979199999983e-01
1.403715549162142992e+09 5.497521721000000472e-01 2.953884764000000107e+00 1.413670748099999930e+00 3.648699666999999924e-01 5.266403764000000542e-01 -6.194257570000000213e-01 4.536866242220000123e-01
1.403715549212143183e+09 6.181532672999999756e-01 2.986182920800000140e+00 1.406894420600000029e+00 3.711634006999999791e-01 5.267510466000000502e-01 -6.131171215999999813e-01 4.570103501580000116e-01
1.403715549262142897e+09 6.850701861000000337e-01 3.018536512899999913e+00 1.400368441199999925e+00 3.778959751000000034e-01 5.261122825999999808e-01 -6.071351703999999794e-01 4.602036320969999927e-01
1.403715549312143087e+09 7.497783753000000218e-01 3.050730220700000217e+00 1.393725108299999960e+00 3.829535036000000225e-01 5.262308448000000416e-01 -6.017574436000000526e-01 4.629424275080000206e-01
1.403715549362143040e+09 8.117952251000000174e-01 3.083691450199999906e+00 1.387786694199999893e+00 3.909473220999999943e-01 5.241307667000000281e-01 -5.996960142999999688e-01 4.613153163590000272e-01
1.403715549412142992e+09 8.711209208000000315e-01 3.116681868100000141e+00 1.381472385099999922e+00 3.975635290999999794e-01 5.226136865999999603e-01 -6.002668464999999509e-01 4.566156894849999759e-01
1.403715549462142944e+09 9.277872864999999747e-01 3.149118600300000015e+00 1.374997068000000100e+00 4.033324690999999795e-01 5.214958777999999517e-01 -6.027231450000000157e-01 4.495439681410000055e-01
1.403715549512143135e+09 9.822090718000000553e-01 3.180309146699999978e+00 1.368256772300000090e+00 4.068958192000000085e-01 5.214252114999999854e-01 -6.057083721999999559e-01 4.423447852290000037e-01
1.403715549562143087e+09 1.034113868599999986e+00 3.210252523099999866e+00 1.361079858799999931e+00 4.081080960999999840e-01 5.227683254999999640e-01 -6.102840076000000114e-01 4.332603025840000011e-01
1.403715549612143040e+09 1.084119617400000068e+00 3.238231119399999969e+00 1.354166162599999890e+00 4.089160589999999984e-01 5.226642065000000059e-01 -6.158865459000000264e-01 4.246098756400000229e-01
1.403715549662142992e+09 1.132643919800000010e+00 3.263689281800000064e+00 1.347175379200000078e+00 4.079683494999999938e-01 5.215739647999999562e-01 -6.229058961000000227e-01 4.165461194519999855e-01
1.403715549712143183e+09 1.180528067700000072e+00 3.286087784399999823e+00 1.341041210300000008e+00 4.079112303999999911e-01 5.170790977000000455e-01 -6.295693355000000491e-01 4.121651207099999992e-01
1.403715549762142897e+09 1.227747342500000061e+00 3.304902024600000043e+00 1.335575508500000064e+00 4.075018060999999747e-01 5.107839800000000263e-01 -6.357334916000000336e-01 4.109561186580000247e-01
1.403715549812143087e+09 1.274486044399999907e+00 3.320110533899999883e+00 1.331166358199999955e+00 4.067626165000000071e-01 5.023868228000000213e-01 -6.415293574999999526e-01 4.130275264889999853e-01
1.403715549862143040e+09 1.319945525300000089e+00 3.331790292400000020e+00 1.326925703999999984e+00 4.052870767000000263e-01 4.927688279999999921e-01 -6.478654005999999743e-01 4.161630573430000202e-01
1.403715549912142992e+09 1.364236333800000089e+00 3.339819163300000060e+00 1.323307252700000047e+00 4.037738321000000075e-01 4.812789385999999836e-01 -6.565597623000000160e-01 4.174524576240000173e-01
1.403715549962142944e+09 1.407273251899999966e+00 3.343830401199999969e+00 1.321039641100000050e+00 4.024427362999999924e-01 4.675316223000000049e-01 -6.664945842999999703e-01 4.186155698310000117e-01
1.403715550012143135e+09 1.448918653100000009e+00 3.343191358499999932e+00 1.319172900699999929e+00 3.993342767999999987e-01 4.531894233000000050e-01 -6.776449171999999743e-01 4.194625705880000166e-01
1.403715550062143087e+09 1.488423385299999957e+00 3.337920888799999819e+00 1.316811024800000007e+00 3.926465713999999774e-01 4.397869596000000270e-01 -6.893201449000000425e-01 4.210152467270000254e-01
1.403715550112143040e+09 1.525711824700000108e+00 3.327374577600000105e+00 1.314799451799999908e+00 3.818734670000000220e-01 4.280702439999999886e-01 -6.995899755000000164e-01 4.260309701209999966e-01
1.403715550162142992e+09 1.561056357200000022e+00 3.311535072299999882e+00 1.314521453400000039e+00 3.678745615999999830e-01 4.182002471999999860e-01 -7.085683765000000411e-01 4.332524852240000057e-01
1.403715550212143183e+09 1.594291398800000037e+00 3.290900162599999845e+00 1.317702182699999947e+00 3.538114588999999865e-01 4.081958276000000052e-01 -7.165038853999999846e-01 4.413794287180000109e-01
1.403715550262142897e+09 1.625482818400000085e+00 3.266201308799999925e+00 1.324231607199999994e+00 3.390849922999999988e-01 3.987543962999999803e-01 -7.243576072999999838e-01 4.486895988819999959e-01
1.403715550312143087e+09 1.655187531699999992e+00 3.237566427800000035e+00 1.334623259200000023e+00 3.250637472999999833e-01 3.889370126000000205e-01 -7.318867702000000364e-01 4.554155421439999851e-01
1.403715550362143040e+09 1.683337880300000089e+00 3.205138735499999836e+00 1.348913250400000097e+00 3.120742307000000104e-01 3.782549980000000089e-01 -7.380343269000000372e-01 4.635063789650000210e-01
1.403715550412142992e+09 1.710291928099999970e+00 3.169149184700000177e+00 1.365943405000000110e+00 2.983658666999999820e-01 3.676099580000000144e-01 -7.431026065000000402e-01 4.729051115249999770e-01
1.403715550462142944e+09 1.736128477799999903e+00 3.130274180399999828e+00 1.383527978899999900e+00 2.840332005000000271e-01 3.566644784999999929e-01 -7.477093228000000202e-01 4.827487538610000239e-01
1.403715550512143135e+09 1.760892675900000093e+00 3.089034953900000158e+00 1.401437470200000091e+00 2.704267086000000098e-01 3.446023703000000160e-01 -7.523947036999999449e-01 4.919561072979999894e-01
1.403715550562143087e+09 1.784651479699999932e+00 3.046129051099999874e+00 1.418051792500000019e+00 2.574931716000000148e-01 3.316407737000000022e-01 -7.579227664000000031e-01 4.992642025630000258e-01
1.403715550612143040e+09 1.807668613199999941e+00 3.002267800099999828e+00 1.432039909100000008e+00 2.470261717999999995e-01 3.167452111999999875e-01 -7.640137978000000052e-01 5.049093565500000214e-01
1.403715550662142992e+09 1.829787519299999943e+00 2.957344187899999977e+00 1.442923867600000021e+00 2.385213180999999905e-01 3.000164874999999842e-01 -7.703994694000000365e-01 5.094922428820000126e-01
1.403715550712143183e+09 1.850921453800000060e+00 2.911034983500000006e+00 1.450785567899999906e+00 2.307184697999999923e-01 2.824438692999999834e-01 -7.767274292000000413e-01 5.135065229640000117e-01
1.403715550762142897e+09 1.871039826300000097e+00 2.863631507200000037e+00 1.455946016399999987e+00 2.250587920000000075e-01 2.633511498000000173e-01 -7.832541836999999951e-01 5.162437367469999705e-01
1.403715550812143087e+09 1.889590075899999944e+00 2.815040665899999794e+00 1.457830920099999927e+00 2.203754930999999861e-01 2.435991175999999980e-01 -7.897707099999999869e-01 5.180312129959999679e-01
1.403715550862143040e+09 1.906229100800000076e+00 2.764887830799999779e+00 1.456498551499999961e+00 2.151507539999999996e-01 2.242489765000000024e-01 -7.958723049000000493e-01 5.196246952559999688e-01
1.403715550912142992e+09 1.920692441699999975e+00 2.713064090200000056e+00 1.452655074499999976e+00 2.099979765999999970e-01 2.046886116999999949e-01 -8.015669639000000402e-01 5.210506927920000031e-01
1.403715550962142944e+09 1.932598498700000000e+00 2.658931731800000087e+00 1.446858758100000086e+00 2.033762174000000034e-01 1.860156112999999944e-01 -8.062978587000000363e-01 5.233737379699999748e-01
1.403715551012143135e+09 1.941405571200000013e+00 2.602567620599999909e+00 1.440608968899999898e+00 1.946720845000000089e-01 1.690268215999999879e-01 -8.104798427999999610e-01 5.259801683610000334e-01
1.403715551062143087e+09 1.946726515499999977e+00 2.543374930700000203e+00 1.436265930900000098e+00 1.818903168999999875e-01 1.549111730999999936e-01 -8.130892698999999668e-01 5.308524090389999950e-01
1.403715551112143040e+09 1.948276776900000007e+00 2.481993436599999825e+00 1.435359876699999981e+00 1.688930264000000070e-01 1.408307635000000113e-01 -8.151270795999999708e-01 5.359194768770000339e-01
1.403715551162142992e+09 1.946237246099999929e+00 2.418648133600000083e+00 1.437977877300000040e+00 1.559353619999999940e-01 1.266707270999999912e-01 -8.169092591000000070e-01 5.406458657510000432e-01
1.403715551212143183e+09 1.941096949599999899e+00 2.353470206999999981e+00 1.444264964000000040e+00 1.457362366000000131e-01 1.104990594000000020e-01 -8.189363566999999788e-01 5.439615343489999644e-01
1.403715551262142897e+09 1.932844174199999987e+00 2.286329091799999880e+00 1.454089162999999907e+00 1.368469844000000102e-01 9.299581989999999854e-02 -8.199593193999999974e-01 5.479884988030000459e-01
1.403715551312143087e+09 1.921210971100000053e+00 2.217994086100000040e+00 1.465567603700000054e+00 1.294510412000000055e-01 7.387495260000000175e-02 -8.217309986999999927e-01 5.500391668570000503e-01
1.403715551362143040e+09 1.905841338599999935e+00 2.148677342000000046e+00 1.477465356499999993e+00 1.215240962000000008e-01 5.493907559999999801e-02 -8.232856062000000197e-01 5.517376212340000530e-01
1.403715551412142992e+09 1.886730817399999927e+00 2.078230451100000042e+00 1.489341012599999958e+00 1.133774047999999979e-01 3.589838599999999741e-02 -8.240716634000000429e-01 5.538616827110000029e-01
1.403715551462142944e+09 1.863842312699999892e+00 2.007002322099999958e+00 1.500859201299999945e+00 1.036999170999999970e-01 1.761379739999999888e-02 -8.237780489999999567e-01 5.570689429799999814e-01
1.403715551512143135e+09 1.837047568100000028e+00 1.935194858900000092e+00 1.511912444200000039e+00 9.265585969999999560e-02 4.181246000000000116e-04 -8.231628596000000186e-01 5.601942729840000412e-01
1.403715551562143087e+09 1.805884255999999910e+00 1.862854045399999992e+00 1.522676327000000107e+00 7.883534840000000488e-02 -1.520886280000000035e-02 -8.211830026999999976e-01 5.649886321570000147e-01
1.403715551612143040e+09 1.770626671100000049e+00 1.790609506000000017e+00 1.532906327100000077e+00 6.227778020000000053e-02 -2.859692239999999872e-02 -8.190499274000000440e-01 5.696147036490000204e-01
1.403715551662142992e+09 1.731484732299999996e+00 1.718710746600000006e+00 1.543574685200000074e+00 4.411320090000000332e-02 -4.084758620000000090e-02 -8.148113581999999466e-01 5.766003387829999882e-01
1.403715551712143183e+09 1.689311965199999932e+00 1.647546440599999995e+00 1.554635520199999954e+00 2.627433900000000072e-02 -5.347025069999999936e-02 -8.093738732999999907e-01 5.842640881420000376e-01
1.403715551762142897e+09 1.644443783300000073e+00 1.578102474500000074e+00 1.565631100100000062e+00 9.736017899999999461e-03 -6.669212720000000649e-02 -8.043366082999999778e-01 5.903388778589999664e-01
1.403715551812143087e+09 1.597195834000000092e+00 1.510729412399999916e+00 1.576830175100000009e+00 4.482332399999999599e-03 8.156385539999999601e-02 7.977896555000000278e-01 -5.973766916960000506e-01
1.403715551862143040e+09 1.547958917799999945e+00 1.445648969899999914e+00 1.588137656000000009e+00 1.723328179999999987e-02 9.721065580000000372e-02 7.907210816999999947e-01 -6.041632836560000275e-01
1.403715551912142992e+09 1.496948487300000075e+00 1.383336783300000095e+00 1.599521337599999926e+00 2.902544099999999905e-02 1.132934545000000015e-01 7.819591326999999481e-01 -6.122597747569999971e-01
1.403715551962142944e+09 1.444156687600000044e+00 1.324565905400000076e+00 1.610140497700000006e+00 4.330763380000000190e-02 1.274403480999999894e-01 7.746323178999999781e-01 -6.179224697049999770e-01
1.403715552012143135e+09 1.389731673500000042e+00 1.269794693699999977e+00 1.620052330600000090e+00 6.047353429999999946e-02 1.394509102000000000e-01 7.689807803000000552e-01 -6.209387690340000265e-01
1.403715552062143087e+09 1.334476005299999990e+00 1.219362941099999986e+00 1.628477541399999895e+00 7.995496720000000446e-02 1.494594724999999957e-01 7.666311806000000173e-01 -6.193106669750000348e-01
1.403715552112143040e+09 1.279080253300000081e+00 1.173050583900000055e+00 1.636620082100000095e+00 9.493799569999999965e-02 1.617858318000000017e-01 7.643947407000000194e-01 -6.168571974609999842e-01
1.403715552162142992e+09 1.223649475900000061e+00 1.130787811300000056e+00 1.643952058300000019e+00 1.101216356999999979e-01 1.738794304000000068e-01 7.628953806999999587e-01 -6.128864553470000365e-01
1.403715552212143183e+09 1.168914577400000043e+00 1.092444334100000081e+00 1.651804259599999991e+00 1.249632283000000066e-01 1.860500079000000084e-01 7.584874989000000012e-01 -6.119365163859999956e-01
1.403715552262142897e+09 1.114360800200000057e+00 1.057429825600000095e+00 1.659732329499999937e+00 1.419769037999999983e-01 1.972971195000000066e-01 7.523886304000000358e-01 -6.122317814209999876e-01
1.403715552312143087e+09 1.060845597299999943e+00 1.026101877599999934e+00 1.667637140999999934e+00 1.574071149000000058e-01 2.097571280999999954e-01 7.446382967000000352e-01 -6.137904809530000394e-01
1.403715552362143040e+09 1.008665838700000039e+00 9.987526958000000343e-01 1.674618102199999958e+00 1.726902858999999901e-01 2.230474122999999975e-01 7.378729379999999782e-01 -6.131651036580000325e-01
1.403715552412142992e+09 9.581408967000000221e-01 9.756175365000000488e-01 1.680980738099999927e+00 1.878399628000000099e-01 2.373626912000000033e-01 7.320268298000000007e-01 -6.103374654169999580e-01
1.403715552462142944e+09 9.097651065999999842e-01 9.566838917000000109e-01 1.687398588500000018e+00 2.022166355999999998e-01 2.527735227999999834e-01 7.256381136999999759e-01 -6.071765034680000062e-01
1.403715552512143135e+09 8.635356642999999499e-01 9.415135795000000307e-01 1.693982712499999987e+00 2.153272005000000100e-01 2.695137036999999958e-01 7.179925215000000360e-01 -6.045521476609999612e-01
1.403715552562143087e+09 8.199425336000000231e-01 9.301526995000000131e-01 1.700438848199999908e+00 2.270216331000000087e-01 2.876168807999999744e-01 7.094108743999999467e-01 -6.020580696609999505e-01
1.403715552612143040e+09 7.786692736000000448e-01 9.228781126999999751e-01 1.706873585100000090e+00 2.383954510000000082e-01 3.064176833999999738e-01 6.993319837000000483e-01 -6.001754650230000099e-01
1.403715552662142992e+09 7.400998957000000100e-01 9.199383748999999666e-01 1.712812025799999915e+00 2.480894516000000105e-01 3.268011827999999785e-01 6.890140517999999714e-01 -5.974213314640000050e-01
1.403715552712143183e+09 7.041394367000000098e-01 9.213077173000000508e-01 1.717727254299999951e+00 2.576493532999999947e-01 3.477696995999999818e-01 6.791421805999999783e-01 -5.928228615949999725e-01
1.403715552762142897e+09 6.705201537999999628e-01 9.268948041000000249e-01 1.721745460199999966e+00 2.669176542999999735e-01 3.694415057000000058e-01 6.696985322999999823e-01 -5.863205740479999761e-01
1.403715552812143087e+09 6.391698952000000045e-01 9.367558179999999624e-01 1.725261662399999896e+00 2.766308208000000102e-01 3.908686840999999745e-01 6.597475756999999774e-01 -5.791633596919999460e-01
1.403715552862143040e+09 6.100633388999999740e-01 9.513081379000000171e-01 1.727474073900000073e+00 2.860836387999999841e-01 4.124811106999999866e-01 6.501373886000000324e-01 -5.703830825010000050e-01
1.403715552912142992e+09 5.834492866999999583e-01 9.702629500999999657e-01 1.728887685299999921e+00 2.929068546999999967e-01 4.350754560999999798e-01 6.398744806999999701e-01 -5.616721204510000121e-01
1.403715552962142944e+09 5.592439979000000116e-01 9.934856307999999636e-01 1.729197007400000041e+00 2.974804259000000117e-01 4.582225882000000028e-01 6.297030636999999542e-01 -5.522784690969999577e-01
1.403715553012143135e+09 5.367280934000000503e-01 1.021252093700000030e+00 1.728730633599999900e+00 3.013398595999999818e-01 4.811663126999999873e-01 6.182847138000000520e-01 -5.435046285669999921e-01
1.403715553062143087e+09 5.154732458999999878e-01 1.053517672099999913e+00 1.727209902000000019e+00 3.056968639000000043e-01 5.028694565000000338e-01 6.060912092000000362e-01 -5.350936209919999742e-01
1.403715553112143040e+09 4.954940120999999920e-01 1.090588244499999915e+00 1.724648673899999984e+00 3.122189732000000273e-01 5.223264998000000103e-01 5.940591566999999795e-01 -5.261065089709999754e-01
1.403715553162142992e+09 4.765566960000000019e-01 1.132528255600000033e+00 1.721469932900000055e+00 3.229919452000000191e-01 5.383581439000000302e-01 5.817510269000000234e-01 -5.171193817589999631e-01
1.403715553212143183e+09 4.586051910000000231e-01 1.179120811800000057e+00 1.718239427899999949e+00 3.355545578999999945e-01 5.521833233999999813e-01 5.684923702999999939e-01 -5.092279852800000173e-01
1.403715553262142897e+09 4.416885289999999964e-01 1.230122417500000065e+00 1.714907422200000031e+00 3.467767655999999810e-01 5.656262774000000437e-01 5.532491094999999470e-01 -5.037144150929999675e-01
1.403715553312143087e+09 4.260675000999999962e-01 1.285936660900000028e+00 1.711106192499999956e+00 3.612909109999999924e-01 5.764445977000000054e-01 5.379435564000000225e-01 -4.977923598530000215e-01
1.403715553362143040e+09 4.125287995999999957e-01 1.346757997699999931e+00 1.706997437799999906e+00 3.796616707000000090e-01 5.842388403999999591e-01 5.216595525999999650e-01 -4.923345451250000226e-01
1.403715553412142992e+09 4.019621507000000205e-01 1.411935621300000054e+00 1.702003080599999940e+00 3.993973464999999723e-01 5.906372151000000015e-01 5.064294883000000080e-01 -4.849315550619999748e-01
1.403715553462142944e+09 3.948504092999999826e-01 1.481054019199999905e+00 1.696349495500000026e+00 4.235495267000000119e-01 5.935552715999999895e-01 4.920404329999999993e-01 -4.755987281619999951e-01
1.403715553512143135e+09 3.917769918999999823e-01 1.552983387600000098e+00 1.689751817199999895e+00 4.449469880999999960e-01 5.972680172000000010e-01 4.774445315999999995e-01 -4.661971821790000248e-01
1.403715553562143087e+09 3.932173473999999724e-01 1.627038430900000110e+00 1.681730630799999959e+00 4.645520182999999803e-01 6.008855077000000433e-01 4.646913100999999768e-01 -4.551812992600000052e-01
1.403715553612143040e+09 3.998155113999999899e-01 1.702454604699999985e+00 1.672525208499999971e+00 4.801049949999999789e-01 6.056669881999999783e-01 4.542604668999999928e-01 -4.430734943379999735e-01
1.403715553662142992e+09 4.118206496999999855e-01 1.778421345299999956e+00 1.662728516600000095e+00 4.933042753999999919e-01 6.096087288000000548e-01 4.467152696000000200e-01 -4.306664110380000188e-01
1.403715553712143183e+09 4.294512437999999932e-01 1.854155827200000051e+00 1.651810897500000097e+00 5.001190106999999774e-01 6.156524314000000331e-01 4.425729118000000240e-01 -4.183088292250000118e-01
1.403715553762142897e+09 4.523751185000000063e-01 1.929306631200000011e+00 1.639392054400000021e+00 5.016129967000000356e-01 6.239185663999999854e-01 4.444571338000000149e-01 -4.019550724739999747e-01
1.403715553812143087e+09 4.797469963000000059e-01 2.003598677999999911e+00 1.626252097999999924e+00 4.988900957999999886e-01 6.335121903999999526e-01 4.494907443000000224e-01 -3.843553665469999769e-01
1.403715553862143040e+09 5.108545063999999636e-01 2.076656661699999962e+00 1.614080686999999958e+00 4.951555242999999829e-01 6.418236066000000406e-01 4.556421627999999724e-01 -3.677957100259999779e-01
1.403715553912142992e+09 5.446991505999999594e-01 2.148550499999999808e+00 1.603025404300000067e+00 4.915278178999999970e-01 6.484049195000000099e-01 4.619605392999999727e-01 -3.529361483690000023e-01
1.403715553962142944e+09 5.802117284000000152e-01 2.218983313299999871e+00 1.592801222999999933e+00 4.849871888000000242e-01 6.555587525999999610e-01 4.681607400999999724e-01 -3.403757776040000071e-01
1.403715554012143135e+09 6.162877473000000217e-01 2.288057126500000038e+00 1.583268242099999945e+00 4.753429227000000035e-01 6.639929959999999465e-01 4.737855888999999987e-01 -3.296810926090000260e-01
1.403715554062143087e+09 6.524567565000000124e-01 2.355695284899999908e+00 1.573489870199999974e+00 4.628408674999999750e-01 6.732074704999999604e-01 4.794991183000000268e-01 -3.203913678540000198e-01
1.403715554112143040e+09 6.878002673999999983e-01 2.422631649700000001e+00 1.563946135899999978e+00 4.496177532999999782e-01 6.821424240000000250e-01 4.853776152000000010e-01 -3.113425123110000192e-01
1.403715554162142992e+09 7.215649489000000028e-01 2.489171171200000199e+00 1.554576299700000108e+00 4.371782169000000273e-01 6.897069677999999593e-01 4.920415208000000207e-01 -3.017857635860000109e-01
1.403715554212143183e+09 7.520882531999999454e-01 2.555647063899999960e+00 1.546418116799999964e+00 4.264949479999999848e-01 6.958318514000000343e-01 4.968444703000000073e-01 -2.950689179139999729e-01
1.403715554262142897e+09 7.786605943000000085e-01 2.622524861500000082e+00 1.538806346599999930e+00 4.191529777999999928e-01 6.991689622000000215e-01 5.023034429999999606e-01 -2.883830693769999787e-01
1.403715554312143087e+09 8.010213526999999667e-01 2.689967540800000112e+00 1.530960443399999926e+00 4.152012703999999887e-01 7.001047916000000537e-01 5.083660103999999569e-01 -2.811141853260000212e-01
1.403715554362143040e+09 8.186068198000000518e-01 2.758222205600000088e+00 1.521262390500000006e+00 4.176119336999999931e-01 6.959140225000000068e-01 5.170960420000000335e-01 -2.718742898429999943e-01
1.403715554412142992e+09 8.311650448999999830e-01 2.826373339999999956e+00 1.509421469000000071e+00 4.277161262999999991e-01 6.847650019000000032e-01 5.284190201999999781e-01 -2.625436089309999832e-01
1.403715554462142944e+09 8.389480218000000544e-01 2.893762814400000050e+00 1.495830463099999896e+00 4.505827394999999957e-01 6.618045133000000080e-01 5.438326377000000100e-01 -2.514677778859999990e-01
1.403715554512143135e+09 8.425277277999999592e-01 2.958345597700000162e+00 1.479104052100000066e+00 4.762135210999999813e-01 6.341112023999999625e-01 5.597430820000000029e-01 -2.404399040540000088e-01
1.403715554562143087e+09 8.426564550999999792e-01 3.018014918099999999e+00 1.459559131400000043e+00 5.028481110000000420e-01 6.042620611000000252e-01 5.747311991000000342e-01 -2.273657571630000040e-01
1.403715554612143040e+09 8.394289780000000478e-01 3.070213860299999986e+00 1.438561165599999914e+00 5.280223196000000119e-01 5.750384509000000532e-01 5.864851923999999661e-01 -2.157737915279999974e-01
1.403715554662142992e+09 8.336302382000000399e-01 3.113397173700000131e+00 1.415426395399999926e+00 5.479058623000000461e-01 5.505659450000000010e-01 5.954419267999999654e-01 -2.052442890979999934e-01
1.403715554712143183e+09 8.257871142999999581e-01 3.145520602399999976e+00 1.391102191299999902e+00 5.632268124999999515e-01 5.313503991000000370e-01 6.011484373000000048e-01 -1.976432832320000055e-01
1.403715554762142897e+09 8.163230530999999734e-01 3.164766900500000091e+00 1.366199636299999964e+00 5.757725660000000412e-01 5.159395375999999978e-01 6.045002095000000519e-01 -1.920204222970000041e-01
1.403715554812143087e+09 8.048530335000000369e-01 3.169208209899999851e+00 1.342709109500000109e+00 5.874109827000000283e-01 5.023792856000000029e-01 6.055951245999999788e-01 -1.892562704949999897e-01
1.403715554862143040e+09 7.923230628999999858e-01 3.155798583899999787e+00 1.323494285700000050e+00 5.948283129000000446e-01 4.950467880000000154e-01 6.030747616999999616e-01 -1.934135147590000103e-01
1.403715554912142992e+09 7.790062678000000407e-01 3.123200345699999936e+00 1.310285025900000067e+00 5.985562819999999951e-01 4.937665519000000169e-01 5.979925045999999744e-01 -2.008231408929999906e-01
1.403715554962142944e+09 7.655279368999999834e-01 3.071405244999999784e+00 1.305237981199999897e+00 6.021960389999999608e-01 4.943342721000000273e-01 5.895196421999999714e-01 -2.132138585449999957e-01
1.403715555012143135e+09 7.532906149000000440e-01 3.000915645700000134e+00 1.307188868999999976e+00 5.953726593999999483e-01 5.081624850000000526e-01 5.773244129000000280e-01 -2.323764350009999979e-01
1.403715555062143087e+09 7.431369370999999502e-01 2.914534536600000170e+00 1.315696696799999899e+00 5.784252733000000424e-01 5.321960524000000081e-01 5.625764209000000404e-01 -2.563188165360000270e-01
1.403715555112143040e+09 7.344793478000000153e-01 2.815875090200000042e+00 1.329980012400000078e+00 5.541028430000000116e-01 5.613434811999999940e-01 5.456483510999999842e-01 -2.830749237949999886e-01
1.403715555162142992e+09 7.272308119999999487e-01 2.709561233100000077e+00 1.347210402500000015e+00 5.239044377999999558e-01 5.924886114999999842e-01 5.285232533000000510e-01 -3.084551118919999779e-01
1.403715555212143183e+09 7.210148858999999577e-01 2.599552212799999928e+00 1.364896038899999997e+00 4.920892565000000163e-01 6.210453264999999945e-01 5.113978390000000207e-01 -3.326005357290000020e-01
1.403715555262142897e+09 7.154086565999999703e-01 2.488078108699999902e+00 1.380208920100000070e+00 4.536162703000000129e-01 6.510560707000000447e-01 4.918501933000000159e-01 -3.583875827799999914e-01
1.403715555312143087e+09 7.099018299999999559e-01 2.378812867500000205e+00 1.391373147099999930e+00 4.182933667000000022e-01 6.755124722999999998e-01 4.724875645000000124e-01 -3.814040647099999903e-01
1.403715555362143040e+09 7.040116865000000113e-01 2.274533864099999914e+00 1.396837739700000025e+00 3.971045650000000204e-01 6.889963335000000022e-01 4.598520387000000209e-01 -3.951305093599999929e-01
1.403715555412142992e+09 6.980085326999999618e-01 2.176510811500000031e+00 1.400012352300000096e+00 3.858105108000000061e-01 6.959286574999999919e-01 4.510746503999999990e-01 -4.041846275729999993e-01
1.403715555462142944e+09 6.923189910000000502e-01 2.086697698000000045e+00 1.404053462400000063e+00 3.891352704000000107e-01 6.943788864000000061e-01 4.482878761999999906e-01 -4.067550656530000142e-01
1.403715555512143135e+09 6.873835251000000035e-01 2.004631052300000160e+00 1.410630441399999935e+00 3.968525540000000240e-01 6.900699996000000391e-01 4.488150014000000243e-01 -4.060499236360000097e-01
1.403715555562143087e+09 6.833370127000000238e-01 1.929981679099999958e+00 1.420135854300000000e+00 4.081847430000000165e-01 6.831999286000000060e-01 4.528221411000000196e-01 -4.019641547339999899e-01
1.403715555612143040e+09 6.802779124000000177e-01 1.861545142300000011e+00 1.433145475599999941e+00 4.176289955999999970e-01 6.768647061000000464e-01 4.570752316000000204e-01 -3.981487465269999970e-01
1.403715555662142992e+09 6.787643709999999775e-01 1.798613681900000039e+00 1.449406210500000070e+00 4.248358251000000085e-01 6.715029735999999971e-01 4.632009585999999901e-01 -3.924833118709999957e-01
1.403715555712143183e+09 6.787925808000000449e-01 1.739944550099999931e+00 1.468381318400000080e+00 4.278663349999999865e-01 6.684178806999999667e-01 4.693837962999999891e-01 -3.870746543019999986e-01
1.403715555762142897e+09 6.799140028000000280e-01 1.684691396200000080e+00 1.490757819199999945e+00 4.233711447999999877e-01 6.693895273000000090e-01 4.722815680999999932e-01 -3.868134627229999900e-01
1.403715555812143087e+09 6.818196863000000052e-01 1.633518144299999975e+00 1.516648713099999934e+00 4.156650024999999915e-01 6.722793871000000143e-01 4.735833093999999854e-01 -3.885638693540000022e-01
1.403715555862143040e+09 6.836755091999999756e-01 1.587052106200000035e+00 1.545938387100000089e+00 4.067338806999999945e-01 6.760285011000000122e-01 4.730484058000000158e-01 -3.921456638510000259e-01
1.403715555912142992e+09 6.854146534999999707e-01 1.546061145399999948e+00 1.577926369999999912e+00 4.014078996000000066e-01 6.776283470999999725e-01 4.734274330000000086e-01 -3.944084014440000230e-01
1.403715555962142944e+09 6.872104289999999560e-01 1.510135326499999930e+00 1.611395259000000024e+00 3.956187533000000145e-01 6.796001810999999782e-01 4.742188263000000070e-01 -3.959114808809999775e-01
1.403715556012143135e+09 6.888691913000000167e-01 1.478971623500000110e+00 1.644099762600000014e+00 3.874837514999999732e-01 6.832032440999999956e-01 4.731811740999999905e-01 -3.989852704690000085e-01
1.403715556062143087e+09 6.899657402000000106e-01 1.452795113899999935e+00 1.675148230200000032e+00 3.758426469000000214e-01 6.889686647999999636e-01 4.699608560999999907e-01 -4.039817785190000232e-01
1.403715556112143040e+09 6.906903041999999937e-01 1.432256063599999907e+00 1.703499122300000002e+00 3.688599824000000083e-01 6.920549093000000207e-01 4.675766974000000187e-01 -4.078901175399999857e-01
1.403715556162142992e+09 6.909904578000000130e-01 1.418000557899999903e+00 1.729516659399999989e+00 3.689985030999999860e-01 6.913600922999999510e-01 4.653036536999999861e-01 -4.115262293040000130e-01
1.403715556212143183e+09 6.908613531999999724e-01 1.410171341300000103e+00 1.754781762099999920e+00 3.718555908999999771e-01 6.890853462999999568e-01 4.628756419000000233e-01 -4.154888027890000224e-01
1.403715556262142897e+09 6.907063439999999721e-01 1.408933502700000062e+00 1.779663880400000009e+00 3.774820251000000071e-01 6.851173852999999925e-01 4.620376025999999858e-01 -4.179027911379999960e-01
1.403715556312143087e+09 6.908212854999999930e-01 1.413722931299999930e+00 1.803913342500000017e+00 3.830489742000000031e-01 6.807647521999999896e-01 4.630115725000000237e-01 -4.188712442290000171e-01
1.403715556362143040e+09 6.915690088999999485e-01 1.424162910499999990e+00 1.827207950300000050e+00 3.869013278999999805e-01 6.770830019000000366e-01 4.652030158000000082e-01 -4.188700576389999819e-01
1.403715556412142992e+09 6.928884135999999749e-01 1.440132373500000007e+00 1.849070454400000063e+00 3.909942973000000155e-01 6.732139089999999992e-01 4.682809578000000084e-01 -4.178749056989999877e-01
1.403715556462142944e+09 6.949183161999999969e-01 1.460639178000000094e+00 1.867408517999999962e+00 3.967433597000000201e-01 6.683768062999999593e-01 4.745787704000000162e-01 -4.130885400930000007e-01
1.403715556512143135e+09 6.975708656000000341e-01 1.485472976600000106e+00 1.881130410199999936e+00 4.053744007000000260e-01 6.619303652000000371e-01 4.852584878999999796e-01 -4.025468752579999809e-01
1.403715556562143087e+09 7.003036611999999828e-01 1.513320083600000032e+00 1.890583117600000085e+00 4.137470213000000174e-01 6.552724186999999700e-01 4.961685665000000189e-01 -3.914693006180000046e-01
1.403715556612143040e+09 7.029546519999999576e-01 1.543421853799999965e+00 1.896805064400000074e+00 4.200331572000000069e-01 6.497713985999999942e-01 5.053915354000000359e-01 -3.820322922900000195e-01
1.403715556662142992e+09 7.061243917999999731e-01 1.575011833600000077e+00 1.899343619299999952e+00 4.223120121999999754e-01 6.468038358000000043e-01 5.137697518999999602e-01 -3.732800615499999863e-01
1.403715556712143183e+09 7.090551066000000402e-01 1.607736859699999910e+00 1.897984263199999910e+00 4.217752371999999861e-01 6.456673779999999585e-01 5.212807291000000065e-01 -3.653569319689999872e-01
1.403715556762142897e+09 7.108612605999999889e-01 1.641463838600000003e+00 1.893462345299999905e+00 4.219415752999999825e-01 6.439264447000000446e-01 5.282478045999999816e-01 -3.581595982119999966e-01
1.403715556812143087e+09 7.108534922999999450e-01 1.676160377800000045e+00 1.886873061099999971e+00 4.268236091000000010e-01 6.390926237999999815e-01 5.338607861999999926e-01 -3.526682375040000039e-01
1.403715556862143040e+09 7.093828333999999680e-01 1.710829088699999945e+00 1.879545223999999903e+00 4.311554233000000069e-01 6.349569063000000124e-01 5.378193723999999953e-01 -3.488338440800000106e-01
1.403715556912142992e+09 7.066969663000000068e-01 1.745329930900000104e+00 1.872003516299999948e+00 4.362606494999999862e-01 6.300955725000000340e-01 5.418926000999999548e-01 -3.449762676290000218e-01
1.403715556962142944e+09 7.028564404999999571e-01 1.779082881799999960e+00 1.864490695600000025e+00 4.396286735000000112e-01 6.269055542000000480e-01 5.447717090999999456e-01 -3.419646772120000233e-01
1.403715557012143135e+09 6.976597849000000240e-01 1.811321212700000016e+00 1.856808540699999899e+00 4.365388994000000134e-01 6.285768144000000168e-01 5.468096326000000396e-01 -3.395941744100000048e-01
1.403715557062143087e+09 6.909532938000000346e-01 1.842273067300000067e+00 1.848983190200000015e+00 4.296608816999999969e-01 6.330320828000000066e-01 5.483989724000000177e-01 -3.375210748060000210e-01
1.403715557112143040e+09 6.824656715000000373e-01 1.872115798600000103e+00 1.841431663799999896e+00 4.207386005000000040e-01 6.389192983000000492e-01 5.497131010000000373e-01 -3.355244653789999920e-01
1.403715557162142992e+09 6.718339265999999643e-01 1.901329150300000048e+00 1.834565826299999980e+00 4.107464773000000235e-01 6.458447161999999464e-01 5.504249563999999983e-01 -3.334730893160000043e-01
1.403715557212143183e+09 6.581932153999999757e-01 1.930461596700000060e+00 1.828134066799999902e+00 4.019950399000000174e-01 6.517706066999999770e-01 5.510262937000000028e-01 -3.316098428200000003e-01
1.403715557262142897e+09 6.411642040999999681e-01 1.959936001500000025e+00 1.821864195499999894e+00 3.943572039000000085e-01 6.570746563999999568e-01 5.516293097000000145e-01 -3.293028944720000073e-01
1.403715557312143087e+09 6.201976300000000553e-01 1.990127120299999941e+00 1.816264330499999913e+00 3.902623340999999968e-01 6.602909767000000318e-01 5.518952475999999718e-01 -3.272961539579999912e-01
1.403715557362143040e+09 5.954894809999999872e-01 2.020676379999999828e+00 1.810603631400000024e+00 3.867590305999999978e-01 6.630832131999999657e-01 5.520949081999999564e-01 -3.254678433220000167e-01
1.403715557412142992e+09 5.665026413000000538e-01 2.052231625200000131e+00 1.805426370599999997e+00 3.872238672000000159e-01 6.637442127999999553e-01 5.505834351999999710e-01 -3.261275479180000270e-01
1.403715557462142944e+09 5.335081833000000495e-01 2.084678840400000066e+00 1.800279401899999909e+00 3.916926631000000048e-01 6.617599723000000544e-01 5.487632462000000544e-01 -3.278864076069999967e-01
1.403715557512143135e+09 4.966986894000000041e-01 2.117923165400000141e+00 1.795292178800000027e+00 4.008168033999999769e-01 6.567755664000000104e-01 5.461677950000000115e-01 -3.311985585000000176e-01
1.403715557562143087e+09 4.570601106000000136e-01 2.151583140600000110e+00 1.789921361099999997e+00 4.112949953000000214e-01 6.508761068999999733e-01 5.435362197999999978e-01 -3.343128743920000256e-01
1.403715557612143040e+09 4.149662861999999786e-01 2.185279732500000183e+00 1.783870223399999899e+00 4.212383203000000242e-01 6.450955697000000377e-01 5.419958565000000394e-01 -3.356344365269999797e-01
1.403715557662142992e+09 3.707142880000000029e-01 2.218717656299999952e+00 1.777670996499999934e+00 4.310216472999999771e-01 6.392343120000000267e-01 5.402994812000000424e-01 -3.371591679150000020e-01
1.403715557712143183e+09 3.247739459000000273e-01 2.251545717499999988e+00 1.771228111599999933e+00 4.402283281000000104e-01 6.340417516999999892e-01 5.388151545999999570e-01 -3.374437810620000144e-01
1.403715557762142897e+09 2.778119098999999870e-01 2.282861843400000090e+00 1.764894387300000034e+00 4.452950426000000239e-01 6.316932625000000190e-01 5.366848500999999994e-01 -3.385931463060000146e-01
1.403715557812143087e+09 2.299675828999999949e-01 2.312766112399999852e+00 1.760130664799999911e+00 4.466636218999999741e-01 6.324297789999999697e-01 5.336190319000000404e-01 -3.402571266739999878e-01
1.403715557862143040e+09 1.815340303999999905e-01 2.341659882600000131e+00 1.757977207599999980e+00 4.463267399999999996e-01 6.347865491999999943e-01 5.305663620999999663e-01 -3.410832940679999759e-01
1.403715557912142992e+09 1.323449382000000119e-01 2.369544075999999944e+00 1.758688555600000036e+00 4.455295905000000167e-01 6.375677251000000378e-01 5.277413994999999858e-01 -3.413206632369999993e-01
1.403715557962142944e+09 8.229224450000000024e-02 2.396590612699999845e+00 1.762870319299999933e+00 4.454092711000000038e-01 6.400348111000000451e-01 5.246491577999999878e-01 -3.416274037850000056e-01
1.403715558012143135e+09 3.188990719999999779e-02 2.422778260999999933e+00 1.769933923299999989e+00 4.455021975999999828e-01 6.421557379000000232e-01 5.215792942000000432e-01 -3.422262996029999949e-01
1.403715558062143087e+09 -1.897934570000000057e-02 2.448575631499999794e+00 1.779695882700000009e+00 4.464075276000000203e-01 6.434436416000000047e-01 5.197744589999999665e-01 -3.413723937270000119e-01
1.403715558112143040e+09 -7.055446880000000587e-02 2.473830753900000179e+00 1.792124057799999948e+00 4.456031422999999769e-01 6.457799893000000235e-01 5.183652963999999530e-01 -3.401521195559999988e-01
1.403715558162142992e+09 -1.230695730000000016e-01 2.498586660900000034e+00 1.806946204800000011e+00 4.451122887000000250e-01 6.474485854000000540e-01 5.177920577000000302e-01 -3.384918975410000086e-01
1.403715558212143183e+09 -1.759550119000000135e-01 2.523144160999999830e+00 1.821769298300000006e+00 4.461760897000000003e-01 6.477755186000000442e-01 5.193544489000000430e-01 -3.340430075279999800e-01
1.403715558262142897e+09 -2.297444260000000016e-01 2.547300509199999841e+00 1.836561949100000035e+00 4.483640922000000084e-01 6.471086748000000055e-01 5.206566606000000430e-01 -3.303583593059999934e-01
1.403715558312143087e+09 -2.845027877999999899e-01 2.571228271199999860e+00 1.850600668100000012e+00 4.541288868999999728e-01 6.435402648000000392e-01 5.231826196000000095e-01 -3.254271472110000230e-01
1.403715558362143040e+09 -3.401805411000000112e-01 2.593956297100000086e+00 1.864436908400000092e+00 4.611521680999999817e-01 6.391269890999999870e-01 5.234377573999999811e-01 -3.238337287060000236e-01
1.403715558412142992e+09 -3.967337117999999996e-01 2.615044838999999843e+00 1.878161543500000086e+00 4.685692115000000268e-01 6.339841039000000400e-01 5.227312745000000094e-01 -3.244365341989999818e-01
1.403715558462142944e+09 -4.541790743999999935e-01 2.633668769999999881e+00 1.891355821399999915e+00 4.737120685000000275e-01 6.306043260999999456e-01 5.175892280999999651e-01 -3.317174265310000036e-01
1.403715558512143135e+09 -5.113566508000000344e-01 2.650702553099999914e+00 1.902537551100000002e+00 4.799666183999999891e-01 6.261719913000000082e-01 5.108207833000000253e-01 -3.414715360269999778e-01
1.403715558562143087e+09 -5.671287653000000040e-01 2.666187266200000128e+00 1.910975580899999970e+00 4.851021045999999726e-01 6.223280019000000385e-01 5.038970471999999479e-01 -3.513852187959999873e-01
1.403715558612143040e+09 -6.212436126999999475e-01 2.680725173399999939e+00 1.916561278299999893e+00 4.899435531999999927e-01 6.186446789999999751e-01 4.978503653999999945e-01 -3.596930489990000090e-01
1.403715558662142992e+09 -6.732083595000000198e-01 2.694452852900000028e+00 1.918013750999999933e+00 4.911578952000000275e-01 6.177797458999999547e-01 4.937687532999999740e-01 -3.651089232709999743e-01
1.403715558712143183e+09 -7.228144605999999861e-01 2.707140000399999913e+00 1.916030791699999902e+00 4.921305552999999944e-01 6.164028699000000389e-01 4.914931677000000110e-01 -3.691740572489999872e-01
1.403715558762142897e+09 -7.698479038000000108e-01 2.718278036100000072e+00 1.911720195900000085e+00 4.916080125000000245e-01 6.146018736999999676e-01 4.929215140000000051e-01 -3.709642569719999727e-01
1.403715558812143087e+09 -8.144280289999999978e-01 2.728219305300000119e+00 1.907146972600000101e+00 4.915140950999999925e-01 6.110580734999999653e-01 4.964717444999999785e-01 -3.722065716440000060e-01
1.403715558862143040e+09 -8.564030594000000551e-01 2.736780442900000221e+00 1.902843890700000040e+00 4.909633002000000079e-01 6.063491963999999568e-01 5.020800652000000364e-01 -3.731103027759999913e-01
1.403715558912142992e+09 -8.953840084999999949e-01 2.744113545899999895e+00 1.898908360100000081e+00 4.910679352000000275e-01 6.000123923000000303e-01 5.096237234999999588e-01 -3.729893733310000181e-01
1.403715558962142944e+09 -9.316163305000000339e-01 2.749723000299999942e+00 1.895875861499999981e+00 4.908986640999999929e-01 5.927980465000000088e-01 5.168709998999999611e-01 -3.747710595820000212e-01
1.403715559012143135e+09 -9.646172632999999719e-01 2.753596106499999863e+00 1.893569674000000091e+00 4.908840843999999759e-01 5.847202705999999806e-01 5.254438926000000176e-01 -3.755579003619999856e-01
1.403715559062143087e+09 -9.943851799999999796e-01 2.754833848800000151e+00 1.892283378799999971e+00 4.883018724000000033e-01 5.775356581999999683e-01 5.337127962000000059e-01 -3.783708445990000002e-01
1.403715559112143040e+09 -1.021282489300000096e+00 2.753561536799999931e+00 1.892351846599999998e+00 4.845961678999999855e-01 5.702617049999999521e-01 5.408044881000000359e-01 -3.840555266030000192e-01
1.403715559162142992e+09 -1.045257759200000081e+00 2.749930388500000156e+00 1.893122826399999958e+00 4.801532976999999813e-01 5.629020442000000068e-01 5.482263412000000224e-01 -3.899256058510000011e-01
1.403715559212143183e+09 -1.066349277999999901e+00 2.744280996600000133e+00 1.894414696399999931e+00 4.762416254999999876e-01 5.543962730999999478e-01 5.560175605999999604e-01 -3.958322357180000250e-01
1.403715559262142897e+09 -1.084740000000000038e+00 2.736636783899999870e+00 1.895639181800000017e+00 4.724849951000000270e-01 5.454652621000000146e-01 5.640903241000000401e-01 -4.012825480839999903e-01
1.403715559312143087e+09 -1.100180973100000070e+00 2.727032158400000128e+00 1.896358312400000079e+00 4.686181603999999834e-01 5.359889118999999758e-01 5.728187863000000490e-01 -4.061915116340000242e-01
1.403715559362143040e+09 -1.112393847699999938e+00 2.715622518600000035e+00 1.896645613800000074e+00 4.641146785999999969e-01 5.268081830999999937e-01 5.822419296999999938e-01 -4.099573618499999794e-01
1.403715559412142992e+09 -1.121619532299999999e+00 2.702322388199999814e+00 1.896335099599999907e+00 4.573736914000000042e-01 5.192984913000000535e-01 5.923126843999999558e-01 -4.126791336580000191e-01
1.403715559462142944e+09 -1.128350422600000069e+00 2.687550380999999877e+00 1.894554105399999910e+00 4.494532247999999952e-01 5.136390276000000199e-01 6.039961337999999458e-01 -4.115281503289999754e-01
1.403715559512143135e+09 -1.133249732299999923e+00 2.670469701300000054e+00 1.890639206099999914e+00 4.371366553000000099e-01 5.128327478999999967e-01 6.138949694999999984e-01 -4.111533578170000203e-01
1.403715559562143087e+09 -1.136525014100000064e+00 2.651459107300000007e+00 1.883890138699999994e+00 4.231510599000000150e-01 5.144327116000000366e-01 6.210318831000000150e-01 -4.130636341949999735e-01
1.403715559612143040e+09 -1.138797147300000034e+00 2.631217497100000191e+00 1.874164308499999931e+00 4.104170408999999742e-01 5.161182887999999913e-01 6.261698839999999544e-01 -4.160421142929999760e-01
1.403715559662142992e+09 -1.140563956400000079e+00 2.610382339000000051e+00 1.861170254799999979e+00 4.018932685000000116e-01 5.155971636999999719e-01 6.309000794000000356e-01 -4.178593725829999883e-01
1.403715559712143183e+09 -1.142401263200000017e+00 2.588631547299999891e+00 1.845331384599999902e+00 3.969379742999999960e-01 5.123579976000000036e-01 6.363728443999999707e-01 -4.182811611350000236e-01
1.403715559762142897e+09 -1.144309322800000084e+00 2.565741640600000206e+00 1.828419363200000092e+00 3.944053276000000219e-01 5.067999836000000036e-01 6.419294782000000144e-01 -4.189567509900000153e-01
1.403715559812143087e+09 -1.145814506400000043e+00 2.541536358800000173e+00 1.811160822700000006e+00 3.914410439000000075e-01 5.009244971999999851e-01 6.474711658999999786e-01 -4.202732998090000227e-01
1.403715559862143040e+09 -1.146520694299999921e+00 2.515736245699999873e+00 1.794008088800000067e+00 3.878326260000000136e-01 4.946077993999999922e-01 6.532651345000000109e-01 -4.221298888119999759e-01
1.403715559912142992e+09 -1.146800227099999958e+00 2.488431513700000153e+00 1.776774224900000032e+00 3.854231538999999818e-01 4.861412339999999777e-01 6.602876833999999917e-01 -4.232444543769999790e-01
1.403715559962142944e+09 -1.146704158699999976e+00 2.459196009199999811e+00 1.759687632799999957e+00 3.828679902000000079e-01 4.768878059000000169e-01 6.677686206999999818e-01 -4.243526740010000187e-01
1.403715560012143135e+09 -1.146197423400000082e+00 2.427720000499999919e+00 1.742953233499999977e+00 3.801799691000000148e-01 4.669782478999999764e-01 6.756387915999999549e-01 -4.253313183360000194e-01
1.403715560062143087e+09 -1.145225498899999916e+00 2.393626432400000059e+00 1.727246383900000071e+00 3.756234834000000133e-01 4.579885744000000147e-01 6.823595986999999585e-01 -4.284143351149999890e-01
1.403715560112143040e+09 -1.143723352399999893e+00 2.357021660700000076e+00 1.713467400000000085e+00 3.709697410999999723e-01 4.488258858999999990e-01 6.899353193999999689e-01 -4.300302668429999975e-01
1.403715560162142992e+09 -1.141643695199999975e+00 2.317102285099999825e+00 1.703199333199999943e+00 3.635844105000000104e-01 4.411313467999999904e-01 6.957608266999999458e-01 -4.348866328109999846e-01
1.403715560212143183e+09 -1.138877544799999919e+00 2.274246712000000059e+00 1.696627769000000008e+00 3.527681369999999816e-01 4.361462025000000242e-01 7.004119377999999951e-01 -4.413096973419999847e-01
1.403715560262142897e+09 -1.135884351599999897e+00 2.228909315500000154e+00 1.693652096499999926e+00 3.414957838000000079e-01 4.313464426999999990e-01 7.038980058999999567e-01 -4.492754982730000068e-01
1.403715560312143087e+09 -1.132943428899999994e+00 2.181841996400000205e+00 1.693426669099999948e+00 3.303059575000000248e-01 4.264317301000000171e-01 7.083676652999999490e-01 -4.552682777090000243e-01
1.403715560362143040e+09 -1.130311044900000006e+00 2.133391959199999910e+00 1.695064772000000053e+00 3.200214042000000259e-01 4.205690022999999944e-01 7.123965341000000340e-01 -4.617349817859999761e-01
1.403715560412142992e+09 -1.127936608800000018e+00 2.084103116900000163e+00 1.697307823500000090e+00 3.112973781999999745e-01 4.133972591000000252e-01 7.164224368999999593e-01 -4.679054822850000073e-01
1.403715560462142944e+09 -1.125902574499999975e+00 2.034154860400000153e+00 1.698906057599999908e+00 3.035968855000000244e-01 4.054627338999999830e-01 7.218360912000000296e-01 -4.715734937909999980e-01
1.403715560512143135e+09 -1.124401709700000085e+00 1.983269173600000101e+00 1.700269793299999943e+00 2.964827892999999936e-01 3.973093514000000104e-01 7.261735084999999534e-01 -4.763562431780000161e-01
1.403715560562143087e+09 -1.123021221399999936e+00 1.931878374200000081e+00 1.701051323199999965e+00 2.888902042000000003e-01 3.893784383000000182e-01 7.302888378999999874e-01 -4.812536701139999984e-01
1.403715560612143040e+09 -1.121893574100000013e+00 1.880059593099999926e+00 1.701744575600000031e+00 2.823318894999999884e-01 3.799361992999999993e-01 7.354157810000000461e-01 -4.848719600559999732e-01
1.403715560662142992e+09 -1.121038612700000048e+00 1.827201077200000023e+00 1.703380008799999956e+00 2.755745596999999991e-01 3.700236183999999762e-01 7.399584213000000021e-01 -4.894923070159999945e-01
1.403715560712143183e+09 -1.120519633200000031e+00 1.773271816999999917e+00 1.705216687000000064e+00 2.684597229999999835e-01 3.598326246999999922e-01 7.449490817999999681e-01 -4.934579261570000153e-01
1.403715560762142897e+09 -1.120335142599999889e+00 1.718729258500000023e+00 1.707100063700000003e+00 2.629435686000000105e-01 3.480361389000000139e-01 7.499939046000000387e-01 -4.972330125000000156e-01
1.403715560812143087e+09 -1.120158694599999949e+00 1.663667960599999995e+00 1.708714946700000015e+00 2.573160138000000208e-01 3.359043004000000221e-01 7.551308523999999966e-01 -5.007336275349999477e-01
1.403715560862143040e+09 -1.120073894399999936e+00 1.608068104400000031e+00 1.709927122000000077e+00 2.539056902999999865e-01 3.216195364000000168e-01 7.610686441999999774e-01 -5.028591184589999985e-01
1.403715560912142992e+09 -1.119374400599999930e+00 1.551426767900000003e+00 1.711242727599999958e+00 2.484398288000000121e-01 3.082564687000000081e-01 7.671012673999999532e-01 -5.047883185699999498e-01
1.403715560962142944e+09 -1.118239757300000026e+00 1.493425635299999943e+00 1.712990811400000091e+00 2.424692749000000036e-01 2.944170622999999765e-01 7.725097542000000095e-01 -5.076966849130000181e-01
1.403715561012143135e+09 -1.116342889600000055e+00 1.434344595400000033e+00 1.714968629199999928e+00 2.347048404000000033e-01 2.810269490999999786e-01 7.775545152999999710e-01 -5.112205664159999996e-01
1.403715561062143087e+09 -1.113826474099999908e+00 1.374297348400000063e+00 1.717209788899999978e+00 2.256738244000000004e-01 2.682779209000000220e-01 7.823478119000000230e-01 -5.148108229090000432e-01
1.403715561112143040e+09 -1.110564541900000091e+00 1.313344690200000109e+00 1.719203596999999917e+00 2.148145643999999910e-01 2.565413209999999888e-01 7.866515780999999707e-01 -5.188646724230000506e-01
1.403715561162142992e+09 -1.106813318499999976e+00 1.251365229699999970e+00 1.720989501700000091e+00 2.027912910000000124e-01 2.459494024999999973e-01 7.902994714000000087e-01 -5.232698436079999960e-01
1.403715561212143183e+09 -1.102760577399999997e+00 1.188645915099999950e+00 1.722700437300000109e+00 1.915796781000000115e-01 2.361496046000000071e-01 7.936738964999999757e-01 -5.268893025549999942e-01
1.403715561262142897e+09 -1.098580494399999941e+00 1.124918759799999890e+00 1.725274596200000010e+00 1.775064397999999988e-01 2.311077307999999941e-01 7.947917995000000069e-01 -5.323407518099999569e-01
1.403715561312143087e+09 -1.094679716499999955e+00 1.060906152400000080e+00 1.727402074400000043e+00 1.624791063999999896e-01 2.284985986999999996e-01 7.954233890999999890e-01 -5.372993229739999599e-01
1.403715561362143040e+09 -1.091469283299999926e+00 9.966290715000000189e-01 1.729228889700000105e+00 1.484847293000000068e-01 2.261655737000000110e-01 7.960059461999999808e-01 -5.414572485669999491e-01
1.403715561412142992e+09 -1.089151296899999899e+00 9.326152936999999588e-01 1.730664965699999946e+00 1.365433097000000040e-01 2.222421623999999984e-01 7.963753396999999623e-01 -5.456653407479999940e-01
1.403715561462142944e+09 -1.088278401299999976e+00 8.691353866000000039e-01 1.731590029399999953e+00 1.289880499999999930e-01 2.153050877999999890e-01 7.974936331999999961e-01 -5.486435155400000152e-01
1.403715561512143135e+09 -1.089083594999999960e+00 8.061580958999999824e-01 1.732721217299999950e+00 1.265592231999999873e-01 2.045722768999999885e-01 7.986628192000000404e-01 -5.516073312129999850e-01
1.403715561562143087e+09 -1.090864071299999960e+00 7.437468064000000156e-01 1.733972316300000038e+00 1.250193390000000071e-01 1.933123492999999915e-01 7.995208574000000068e-01 -5.547674278659999736e-01
1.403715561612143040e+09 -1.093542802700000038e+00 6.818781981999999520e-01 1.735292913899999956e+00 1.254839762000000136e-01 1.807454373999999864e-01 8.006959638999999740e-01 -5.571990954679999497e-01
1.403715561662142992e+09 -1.096850849500000002e+00 6.201739921000000155e-01 1.736325620999999986e+00 1.269979994000000056e-01 1.673205275999999908e-01 8.019820870999999629e-01 -5.591959238179999847e-01
1.403715561712143183e+09 -1.099592286500000071e+00 5.582867702999999571e-01 1.738239502799999947e+00 1.257467584999999999e-01 1.553508121000000131e-01 8.006668698000000139e-01 -5.647888468580000154e-01
1.403715561762142897e+09 -1.101735170500000027e+00 4.972656389999999815e-01 1.739840792300000105e+00 1.250226886999999953e-01 1.421269594000000025e-01 7.999901142999999992e-01 -5.693725246020000519e-01
1.403715561812143087e+09 -1.102564327300000091e+00 4.371304563999999782e-01 1.742436909000000034e+00 1.207833390999999978e-01 1.304606956000000095e-01 7.982841365999999717e-01 -5.754422900510000050e-01
1.403715561862143040e+09 -1.102266683699999916e+00 3.781605839000000135e-01 1.745097478099999933e+00 1.165125582000000048e-01 1.179963641000000008e-01 7.972438842000000303e-01 -5.804342089730000209e-01
1.403715561912142992e+09 -1.100142377300000085e+00 3.204426836000000001e-01 1.748646595300000106e+00 1.098059309000000011e-01 1.058512761000000024e-01 7.954006784999999580e-01 -5.865798544139999571e-01
1.403715561962142944e+09 -1.096825310899999906e+00 2.638308156999999987e-01 1.752855143599999943e+00 1.046206655000000013e-01 9.309167999999999610e-02 7.921307467999999519e-01 -5.940684602910000223e-01
1.403715562012143135e+09 -1.091966810399999988e+00 2.093524244999999950e-01 1.757590739400000102e+00 9.857216530000000032e-02 8.120839779999999841e-02 7.881914853999999471e-01 -6.020323137149999893e-01
1.403715562062143087e+09 -1.085656262100000102e+00 1.573207140000000004e-01 1.762891175900000107e+00 9.240373329999999885e-02 7.109150790000000331e-02 7.837720434999999597e-01 -6.100073208049999751e-01
1.403715562112143040e+09 -1.078197109400000020e+00 1.083169422999999965e-01 1.768396194599999971e+00 8.939576139999999560e-02 6.128342719999999716e-02 7.791760765999999894e-01 -6.173632489110000288e-01
1.403715562162142992e+09 -1.069289687900000008e+00 6.227797160000000248e-02 1.774119616999999982e+00 8.742494439999999589e-02 5.308304989999999834e-02 7.749842204000000345e-01 -6.236493622619999622e-01
1.403715562212143183e+09 -1.058719196400000007e+00 1.966224800000000023e-02 1.779630047699999995e+00 8.730820009999999687e-02 4.537689109999999693e-02 7.720644947999999452e-01 -6.278810650320000297e-01
1.403715562262142897e+09 -1.046459271700000082e+00 -1.896500049999999896e-02 1.784108137899999891e+00 8.977475109999999425e-02 3.784543969999999702e-02 7.723024540999999799e-01 -6.277397041459999993e-01
1.403715562312143087e+09 -1.031901216500000107e+00 -5.349565280000000145e-02 1.788053737999999893e+00 9.290627640000000131e-02 3.158363670000000067e-02 7.743853590999999481e-01 -6.250585679000000283e-01
1.403715562362143040e+09 -1.014860281000000031e+00 -8.443736910000000651e-02 1.791371572200000095e+00 9.669759760000000426e-02 2.633598629999999927e-02 7.792157945000000030e-01 -6.186911475209999622e-01
1.403715562412142992e+09 -9.947827017999999466e-01 -1.123985745999999952e-01 1.793958888699999976e+00 1.005285325000000035e-01 2.170845080000000094e-02 7.862944574000000353e-01 -6.092321262080000466e-01
1.403715562462142944e+09 -9.714495053999999685e-01 -1.378413122999999907e-01 1.796129074400000025e+00 1.044545934000000037e-01 1.665554910000000000e-02 7.933387347000000478e-01 -5.995210443830000235e-01
1.403715562512143135e+09 -9.445685149000000447e-01 -1.613999614999999943e-01 1.798291358499999992e+00 1.070219354000000039e-01 1.078463600000000022e-02 7.994619705000000076e-01 -5.910080834950000028e-01
1.403715562562143087e+09 -9.139028861000000337e-01 -1.841580006000000103e-01 1.801392284000000066e+00 1.101916359999999956e-01 2.135669700000000001e-03 8.019099780999999760e-01 -5.871913055580000318e-01
1.403715562612143040e+09 -8.785529192000000043e-01 -2.063946794000000029e-01 1.805194443400000015e+00 1.093789297999999965e-01 -5.914965999999999800e-03 8.026888844999999773e-01 -5.862523497630000024e-01
1.403715562662142992e+09 -8.385133434000000552e-01 -2.273464258000000016e-01 1.809192937800000012e+00 1.000948153000000007e-01 -8.369738999999999304e-03 8.057757452999999570e-01 -5.836406631389999822e-01
1.403715562712143183e+09 -7.944837296000000215e-01 -2.474383907000000105e-01 1.813637209799999983e+00 8.399397549999999824e-02 -5.164234900000000059e-03 8.095533271999999503e-01 -5.809834362360000171e-01
1.403715562762142897e+09 -7.476707106000000103e-01 -2.670395146000000275e-01 1.818249447199999924e+00 6.830833710000000503e-02 -1.155223500000000098e-03 8.125440205999999721e-01 -5.788824156070000448e-01
1.403715562812143087e+09 -6.988944343999999864e-01 -2.863007294000000091e-01 1.822724001000000094e+00 5.398797639999999842e-02 1.841825299999999945e-03 8.145771638000000037e-01 -5.775343715059999550e-01
1.403715562862143040e+09 -6.486246917000000334e-01 -3.049658976999999882e-01 1.826772383400000033e+00 3.981274869999999744e-02 3.450974400000000018e-03 8.166710225000000101e-01 -5.757182269909999484e-01
1.403715562912142992e+09 -5.974581107999999974e-01 -3.228489548999999847e-01 1.830531630400000109e+00 2.642991219999999905e-02 2.741753799999999824e-03 8.178338190999999702e-01 -5.748406621949999629e-01
1.403715562962142944e+09 -5.462278335000000373e-01 -3.402588717000000207e-01 1.833655944199999999e+00 1.512207909999999968e-02 -8.397998999999999959e-04 8.183723723000000394e-01 -5.744887098169999540e-01
1.403715563012143135e+09 -4.950464017000000272e-01 -3.573648850999999738e-01 1.836397694900000044e+00 4.691400600000000289e-03 -6.293333800000000186e-03 8.184365507999999956e-01 -5.745432942860000392e-01
1.403715563062143087e+09 -4.441719754999999825e-01 -3.742167734999999884e-01 1.838661998799999919e+00 4.275260200000000413e-03 1.428084800000000050e-02 -8.166871540000000262e-01 5.768880932119999638e-01
1.403715563112143040e+09 -3.937002727999999729e-01 -3.907639770999999929e-01 1.840580322999999963e+00 9.900248599999999718e-03 2.646693890000000049e-02 -8.134669413999999765e-01 5.809242820319999723e-01
1.403715563162142992e+09 -3.432325450000000000e-01 -4.068148355999999799e-01 1.842651794000000010e+00 1.683042380000000088e-02 3.954513979999999679e-02 -8.093213210999999907e-01 5.857917019170000295e-01
1.403715563212143183e+09 -2.926951731999999917e-01 -4.220326534000000129e-01 1.844785338000000108e+00 2.441507269999999841e-02 5.486625769999999708e-02 -8.038504354000000074e-01 5.917922570050000441e-01
1.403715563262142897e+09 -2.418525001000000063e-01 -4.360880990000000068e-01 1.846979015899999910e+00 3.519723000000000296e-02 7.073465040000000148e-02 -7.975977440999999502e-01 5.979929789219999847e-01
1.403715563312143087e+09 -1.908549921000000094e-01 -4.477719604000000020e-01 1.848656173299999983e+00 4.621049170000000178e-02 8.875313860000000332e-02 -7.917298013000000356e-01 6.026204382090000200e-01
1.403715563362143040e+09 -1.399865070000000100e-01 -4.566639283000000216e-01 1.849969549899999954e+00 5.920547040000000150e-02 1.078269595999999941e-01 -7.863621813000000182e-01 6.053945645849999613e-01
1.403715563412142992e+09 -8.965332319999999577e-02 -4.628035256999999958e-01 1.851069530600000013e+00 7.279471210000000581e-02 1.277132937999999884e-01 -7.812929427999999454e-01 6.066066122750000122e-01
1.403715563462142944e+09 -3.991550979999999860e-02 -4.671135445999999858e-01 1.851148968199999967e+00 8.401346170000000002e-02 1.491749983000000002e-01 -7.765698041999999912e-01 6.063232614289999489e-01
1.403715563512143135e+09 9.403322400000000553e-03 -4.692749461999999872e-01 1.849005475200000026e+00 9.531584360000000533e-02 1.700250922000000053e-01 -7.718197021999999574e-01 6.052278127260000140e-01
1.403715563562143087e+09 5.823838249999999800e-02 -4.688861549000000184e-01 1.843979432900000104e+00 1.061785561999999961e-01 1.904400941999999930e-01 -7.659565076000000028e-01 6.047886516199999507e-01
1.403715563612143040e+09 1.063936937999999943e-01 -4.659147131999999969e-01 1.835650420599999944e+00 1.157101885000000052e-01 2.104351308000000087e-01 -7.598170436000000194e-01 6.041574863069999468e-01
1.403715563662142992e+09 1.540563083000000000e-01 -4.602868907000000065e-01 1.824577603200000064e+00 1.256492634999999969e-01 2.286166162999999918e-01 -7.531932460000000384e-01 6.038597846090000276e-01
1.403715563712143183e+09 2.009923336999999977e-01 -4.519107227999999976e-01 1.810955598500000097e+00 1.344630574000000023e-01 2.466584430000000050e-01 -7.457958894999999755e-01 6.040428708909999500e-01
1.403715563762142897e+09 2.476618775999999966e-01 -4.406829223000000018e-01 1.795481405000000086e+00 1.445271167000000134e-01 2.630067858999999841e-01 -7.381066405999999747e-01 6.042664397329999826e-01
1.403715563812143087e+09 2.942317966999999923e-01 -4.260015991000000168e-01 1.777788874799999919e+00 1.574492184999999878e-01 2.775039429999999752e-01 -7.309432536000000091e-01 6.032605284530000445e-01
1.403715563862143040e+09 3.404403481000000120e-01 -4.078688080000000271e-01 1.757925290299999999e+00 1.762563078000000116e-01 2.885906496000000265e-01 -7.248282497000000379e-01 6.002275896450000037e-01
1.403715563912142992e+09 3.854713821999999901e-01 -3.866466443000000086e-01 1.735374490699999939e+00 1.935937010000000069e-01 3.006560755000000085e-01 -7.196630051000000305e-01 5.951575944660000284e-01
1.403715563962142944e+09 4.290643948000000263e-01 -3.619704370999999865e-01 1.710714685399999935e+00 2.130679655000000117e-01 3.118004175999999905e-01 -7.149623695000000279e-01 5.883972739130000074e-01
1.403715564012143135e+09 4.706432695000000166e-01 -3.342899270999999950e-01 1.684432258600000010e+00 2.332464533999999978e-01 3.226881913999999907e-01 -7.119632358999999910e-01 5.784261178180000185e-01
1.403715564062143087e+09 5.098065429999999454e-01 -3.041839664000000054e-01 1.658066915600000080e+00 2.534862595999999857e-01 3.340655904000000009e-01 -7.089445261000000276e-01 5.670472258990000292e-01
1.403715564112143040e+09 5.457922413000000361e-01 -2.721991173000000153e-01 1.631796756299999984e+00 2.722858007999999774e-01 3.460759948000000086e-01 -7.046372467000000528e-01 5.563975189150000000e-01
1.403715564162142992e+09 5.786275610000000125e-01 -2.389375955999999968e-01 1.606445567399999996e+00 2.902987295000000190e-01 3.582645548999999763e-01 -6.987250457000000470e-01 5.469519785980000437e-01
1.403715564212143183e+09 6.083573952999999923e-01 -2.049842443000000070e-01 1.581278116100000020e+00 3.062364926000000209e-01 3.719292893000000211e-01 -6.930961359999999738e-01 5.361954500450000216e-01
1.403715564262142897e+09 6.347380188000000256e-01 -1.710048087999999911e-01 1.557820160299999923e+00 3.203830059000000174e-01 3.871199414000000005e-01 -6.857916190999999717e-01 5.264814674600000188e-01
1.403715564312143087e+09 6.573641531999999676e-01 -1.372161222999999930e-01 1.537143344099999975e+00 3.314405630999999741e-01 4.051055158999999906e-01 -6.762535570000000051e-01 5.183799771339999696e-01
1.403715564362143040e+09 6.766859469999999543e-01 -1.034256194000000018e-01 1.519925000500000012e+00 3.431926507999999987e-01 4.234361294999999803e-01 -6.659120421999999984e-01 5.093935617100000535e-01
1.403715564412142992e+09 6.923631676000000512e-01 -6.970246880000000034e-02 1.505267017900000059e+00 3.513012079999999759e-01 4.451552731999999790e-01 -6.574142606999999749e-01 4.962164183689999897e-01
1.403715564462142944e+09 7.051346981999999652e-01 -3.639187449999999741e-02 1.494096654400000057e+00 3.572966848999999945e-01 4.683832083999999729e-01 -6.488681847999999697e-01 4.815873002109999912e-01
1.403715564512143135e+09 7.160070177999999785e-01 -3.658504600000000127e-03 1.487613727100000061e+00 3.643649500999999735e-01 4.901950734000000143e-01 -6.391353843999999507e-01 4.673894881619999886e-01
1.403715564562143087e+09 7.249023909999999793e-01 2.850394369999999927e-02 1.485113736299999987e+00 3.703910663000000159e-01 5.117822545000000334e-01 -6.278578232999999509e-01 4.546250495340000142e-01
1.403715564612143040e+09 7.320887569999999789e-01 6.012701649999999814e-02 1.486492061499999906e+00 3.775813510000000095e-01 5.321006481000000177e-01 -6.146951736000000333e-01 4.432280082480000161e-01
1.403715564662142992e+09 7.383866430000000092e-01 9.109701580000000021e-02 1.491706401400000104e+00 3.847052242999999816e-01 5.511449027999999473e-01 -6.003783476999999813e-01 4.333440044179999728e-01
1.403715564712143183e+09 7.440997713000000457e-01 1.215371217999999948e-01 1.500387161399999947e+00 3.913001418000000009e-01 5.696332192999999933e-01 -5.845505291999999464e-01 4.250916057349999888e-01
1.403715564762142897e+09 7.493318359999999734e-01 1.521030613000000087e-01 1.512715577600000083e+00 3.988232540000000159e-01 5.867861484999999933e-01 -5.685366855000000275e-01 4.163989255780000120e-01
1.403715564812143087e+09 7.543294819000000428e-01 1.826424417999999994e-01 1.528688587300000012e+00 4.064083302000000009e-01 6.028664288999999732e-01 -5.513074747999999747e-01 4.091997143400000203e-01
1.403715564862143040e+09 7.593350294999999806e-01 2.135478752999999952e-01 1.547929123699999909e+00 4.145461861999999997e-01 6.174024931999999577e-01 -5.348537166000000287e-01 4.011198359250000012e-01
1.403715564912142992e+09 7.643214753000000528e-01 2.448183834000000059e-01 1.570891373800000101e+00 4.238358623999999852e-01 6.300213653999999774e-01 -5.172217650000000555e-01 3.948643903160000135e-01
1.403715564962142944e+09 7.689037962000000448e-01 2.767367917999999927e-01 1.597169271000000057e+00 4.335312262000000083e-01 6.413823026999999621e-01 -4.989863265000000214e-01 3.894766534610000219e-01
1.403715565012143135e+09 7.723684789000000439e-01 3.097073881999999889e-01 1.626483440899999966e+00 4.428725863999999901e-01 6.523429756999999940e-01 -4.817716050999999999e-01 3.823723771279999850e-01
1.403715565062143087e+09 7.742608602999999645e-01 3.436546838999999798e-01 1.658575585899999982e+00 4.514548247999999875e-01 6.635317469999999496e-01 -4.647451105000000027e-01 3.740670315740000085e-01
1.403715565112143040e+09 7.744831218000000073e-01 3.786701952000000038e-01 1.692321662899999968e+00 4.613268728000000096e-01 6.737006737999999828e-01 -4.491373505999999849e-01 3.627403463389999860e-01
1.403715565162142992e+09 7.730794186999999651e-01 4.144647077999999984e-01 1.725151252399999890e+00 4.716846325999999867e-01 6.831725767999999865e-01 -4.347759842999999735e-01 3.489393659289999894e-01
1.403715565212143183e+09 7.702694343999999527e-01 4.505028495999999771e-01 1.755190313099999955e+00 4.810947884999999813e-01 6.923672412000000387e-01 -4.208695717000000003e-01 3.347300577349999751e-01
1.403715565262142897e+09 7.664671765999999664e-01 4.866278634000000269e-01 1.782041464399999997e+00 4.909254766999999742e-01 7.001247028000000538e-01 -4.070972874000000075e-01 3.210753423289999797e-01
1.403715565312143087e+09 7.622532971000000046e-01 5.228877601000000430e-01 1.805924552100000025e+00 5.022136360000000188e-01 7.055333356999999861e-01 -3.932414228000000178e-01 3.088128227349999921e-01
1.403715565362143040e+09 7.572470407000000403e-01 5.588360480999999824e-01 1.826832375299999978e+00 5.135492705999999963e-01 7.099563861000000031e-01 -3.781498409999999866e-01 2.987168797509999751e-01
1.403715565412142992e+09 7.513054145999999989e-01 5.941521999000000109e-01 1.844706436100000069e+00 5.254382100000000166e-01 7.133161563000000038e-01 -3.630085987000000181e-01 2.886511838220000015e-01
1.403715565462142944e+09 7.437535130000000327e-01 6.284813924000000052e-01 1.859426617700000062e+00 5.372994148999999942e-01 7.161872945999999684e-01 -3.484845839999999861e-01 2.773870805170000065e-01
1.403715565512143135e+09 7.346973586999999695e-01 6.613145071999999569e-01 1.871103130799999903e+00 5.473868499999999804e-01 7.200657762000000073e-01 -3.326815618999999780e-01 2.668255849180000139e-01
1.403715565562143087e+09 7.236580204000000460e-01 6.924311281999999679e-01 1.881510909600000003e+00 5.559185460000000134e-01 7.250310720999999514e-01 -3.158897545000000084e-01 2.559261178139999870e-01
1.403715565612143040e+09 7.104071991000000530e-01 7.215160800000000041e-01 1.892442523900000007e+00 5.637462449000000264e-01 7.305098399999999659e-01 -2.986045688999999781e-01 2.436818753799999959e-01
1.403715565662142992e+09 6.950507462999999664e-01 7.486533409000000194e-01 1.904638826200000024e+00 5.709689592000000147e-01 7.363558269000000100e-01 -2.808835599999999766e-01 2.299542768249999980e-01
1.403715565712143183e+09 6.775803055000000352e-01 7.735737672000000398e-01 1.918137824200000008e+00 5.767969812000000029e-01 7.431099848000000119e-01 -2.620107360000000218e-01 2.155067683130000022e-01
1.403715565762142897e+09 6.579771730000000263e-01 7.959950970000000403e-01 1.932377951799999938e+00 5.810925258000000371e-01 7.508397100000000490e-01 -2.419129423999999973e-01 2.001232986220000121e-01
1.403715565812143087e+09 6.363352312000000177e-01 8.156078321999999936e-01 1.947128419500000041e+00 5.830883640999999784e-01 7.598297592999999628e-01 -2.203974318999999960e-01 1.846392929239999980e-01
1.403715565862143040e+09 6.126031280999999495e-01 8.325147948000000131e-01 1.962786544899999930e+00 5.855174013999999705e-01 7.682227316999999944e-01 -1.991462535000000089e-01 1.653601427299999926e-01
1.403715565912142992e+09 5.875657211000000490e-01 8.468818111000000481e-01 1.978949356600000042e+00 5.882477133000000302e-01 7.755801701000000214e-01 -1.748025471000000108e-01 1.479327453129999914e-01
1.403715565962142944e+09 5.613437609000000439e-01 8.591432780000000102e-01 1.995061756399999942e+00 5.916143628000000154e-01 7.814907754000000040e-01 -1.500537694000000088e-01 1.294159186949999929e-01
1.403715566012143135e+09 5.342697174999999632e-01 8.694140036999999932e-01 2.011162969599999961e+00 5.956487065000000136e-01 7.857653401999999954e-01 -1.246103816000000003e-01 1.106693336640000025e-01
1.403715566062143087e+09 5.066043117999999845e-01 8.775097609999999992e-01 2.027156063000000064e+00 5.981707126999999957e-01 7.898266414000000291e-01 -1.000733074000000056e-01 9.138385118660000139e-02
1.403715566112143040e+09 4.786864617000000099e-01 8.833029176000000149e-01 2.042895103100000220e+00 5.997563067000000192e-01 7.932570857999999836e-01 -7.467243360000000441e-02 7.388907986749999879e-02
1.403715566162142992e+09 4.508389313999999759e-01 8.868796203000000045e-01 2.058468014599999840e+00 6.019174644000000463e-01 7.950025263000000120e-01 -4.965106920000000174e-02 5.657844669099999779e-02
1.403715566212143183e+09 4.227749290000000215e-01 8.882828659000000515e-01 2.073186717100000021e+00 6.028954426999999505e-01 7.964638689999999910e-01 -2.494394039999999965e-02 3.924525904489999800e-02
1.403715566262142897e+09 3.945285614999999857e-01 8.871191105000000299e-01 2.088119915200000065e+00 6.040826596999999687e-01 7.966350381000000258e-01 -7.129627999999999834e-04 2.135996116629999830e-02
1.403715566312143087e+09 3.663176756000000034e-01 8.838086335999999488e-01 2.102747834000000093e+00 6.045362860999999866e-01 7.962325297000000246e-01 2.321248390000000064e-02 3.289068548180000117e-03
1.403715566362143040e+09 3.385020222999999828e-01 8.780520526999999742e-01 2.116439560899999961e+00 6.041740294999999872e-01 7.953423072999999954e-01 4.711463119999999977e-02 -1.358557242469999975e-02
1.403715566412142992e+09 3.110598561999999845e-01 8.700288673999999611e-01 2.127871300399999832e+00 6.031057982999999956e-01 7.939769559999999560e-01 7.068349829999999445e-02 -2.945899660209999951e-02
1.403715566462142944e+09 2.838635498000000035e-01 8.602081940000000371e-01 2.136536905199999836e+00 6.026902669000000490e-01 7.911985087999999777e-01 9.296523680000000345e-02 -4.611753045829999897e-02
1.403715566512143135e+09 2.570209708000000259e-01 8.489508038999999950e-01 2.142327943699999793e+00 6.029808625999999450e-01 7.870677997999999675e-01 1.145978911000000017e-01 -6.169020325179999653e-02
1.403715566562143087e+09 2.304165280000000093e-01 8.359324460999999484e-01 2.145151521299999864e+00 6.025231264000000531e-01 7.828190354999999823e-01 1.347109981999999873e-01 -7.754473965789999979e-02
1.403715566612143040e+09 2.041122596000000122e-01 8.206357238999999471e-01 2.144976561300000029e+00 6.019933934000000209e-01 7.779267409000000244e-01 1.545932057000000137e-01 -9.238441875250000268e-02
1.403715566662142992e+09 1.782768591999999985e-01 8.030209767999999526e-01 2.141865123900000167e+00 6.008778098999999484e-01 7.726489596000000182e-01 1.750843913000000029e-01 -1.063244975320000035e-01
1.403715566712143183e+09 1.528518772000000137e-01 7.830690087999999660e-01 2.136942914600000076e+00 5.986020429999999726e-01 7.671658776999999985e-01 1.964675063000000110e-01 -1.205513549610000013e-01
1.403715566762142897e+09 1.280535425999999866e-01 7.603238918000000401e-01 2.131596279000000038e+00 5.954578594999999641e-01 7.612235457999999566e-01 2.179924786999999919e-01 -1.358231570750000061e-01
1.403715566812143087e+09 1.038991474000000026e-01 7.344293574000000380e-01 2.126322851299999872e+00 5.901200843999999668e-01 7.556741179000000530e-01 2.397014484999999973e-01 -1.525061606950000037e-01
1.403715566862143040e+09 8.055413699999999788e-02 7.060246797000000463e-01 2.121994073200000219e+00 5.852472456999999739e-01 7.484729441999999899e-01 2.610599681999999921e-01 -1.706505383499999917e-01
1.403715566912142992e+09 5.809428850000000061e-02 6.751662764000000427e-01 2.118539904499999960e+00 5.803197305999999722e-01 7.397517500000000412e-01 2.830930084000000124e-01 -1.893533925810000074e-01
1.403715566962142944e+09 3.673487310000000255e-02 6.419241345999999737e-01 2.115215423800000050e+00 5.744108783000000384e-01 7.302133840000000209e-01 3.057416336000000068e-01 -2.082369089170000021e-01
1.403715567012143135e+09 1.702801400000000104e-02 6.062650504000000051e-01 2.111254763399999845e+00 5.655156974999999697e-01 7.213721341000000065e-01 3.291696236000000164e-01 -2.268514908029999888e-01
1.403715567062143087e+09 -8.943716000000000209e-04 5.680615681999999778e-01 2.107266306200000106e+00 5.544747353000000212e-01 7.122032632000000474e-01 3.525322348000000106e-01 -2.470734773930000072e-01
1.403715567112143040e+09 -1.733171110000000098e-02 5.280317745000000507e-01 2.103750475700000067e+00 5.417735483000000185e-01 7.023923304000000423e-01 3.750665150999999975e-01 -2.691682481059999854e-01
1.403715567162142992e+09 -3.178248599999999868e-02 4.865461226000000194e-01 2.100322667799999987e+00 5.295842225000000347e-01 6.904371410999999847e-01 3.988305274999999761e-01 -2.894327481869999885e-01
1.403715567212143183e+09 -4.384341580000000044e-02 4.439241952999999907e-01 2.096909167999999823e+00 5.158026028000000096e-01 6.777538002999999867e-01 4.228998387999999831e-01 -3.094401191589999933e-01
1.403715567262142897e+09 -5.393599949999999810e-02 4.006347808999999871e-01 2.092585617400000153e+00 4.995146877000000152e-01 6.653470076999999927e-01 4.489568944999999811e-01 -3.259388638119999904e-01
1.403715567312143087e+09 -6.280186590000000346e-02 3.571314753000000008e-01 2.088326842599999900e+00 4.834661400999999969e-01 6.508056583000000339e-01 4.746818774000000074e-01 -3.426216598130000235e-01
1.403715567362143040e+09 -7.034582849999999887e-02 3.137065130000000202e-01 2.082891597200000167e+00 4.684459938000000156e-01 6.338678601999999662e-01 5.015766669000000233e-01 -3.566380994039999863e-01
1.403715567412142992e+09 -7.628337540000000583e-02 2.702725004000000042e-01 2.076051460500000001e+00 4.531834109000000277e-01 6.157978911000000499e-01 5.283669387999999634e-01 -3.691153359620000241e-01
1.403715567462142944e+09 -8.120816370000000228e-02 2.270172434999999933e-01 2.066592373000000205e+00 4.378538925000000082e-01 5.967126464999999991e-01 5.539368309000000101e-01 -3.812767678539999983e-01
1.403715567512143135e+09 -8.541971739999999758e-02 1.840837090000000120e-01 2.053620121599999848e+00 4.230572653999999932e-01 5.768659029999999577e-01 5.784232116999999951e-01 -3.920138624560000062e-01
1.403715567562143087e+09 -8.905653080000000554e-02 1.411241399000000007e-01 2.037556484900000076e+00 4.089039411000000013e-01 5.562896623999999957e-01 6.002247657999999486e-01 -4.038187823569999724e-01
1.403715567612143040e+09 -9.247483870000000605e-02 9.810034619999999372e-02 2.018791738000000002e+00 3.945310277999999893e-01 5.358081176000000223e-01 6.198322711000000540e-01 -4.160082750949999908e-01
1.403715567662142992e+09 -9.531772680000000220e-02 5.481971420000000123e-02 1.997795404299999911e+00 3.811652051000000152e-01 5.141392662999999530e-01 6.374623408999999796e-01 -4.289704712879999771e-01
1.403715567712143183e+09 -9.787629009999999907e-02 1.119859630000000043e-02 1.975693190999999960e+00 3.676430855000000220e-01 4.917030219999999896e-01 6.539677802000000151e-01 -4.420326257719999763e-01
1.403715567762142897e+09 -9.998859590000000463e-02 -3.272631680000000209e-02 1.953780939200000066e+00 3.547897885999999890e-01 4.681960360999999904e-01 6.678837363999999832e-01 -4.569988975540000276e-01
1.403715567812143087e+09 -1.011586715999999997e-01 -7.684763270000000146e-02 1.931900086800000027e+00 3.411221697999999858e-01 4.448769644000000190e-01 6.811271582000000269e-01 -4.709415528620000124e-01
1.403715567862143040e+09 -1.013644717000000001e-01 -1.208607748000000010e-01 1.910257874000000022e+00 3.274927179000000077e-01 4.209248763999999809e-01 6.941275752000000132e-01 -4.834849300049999798e-01
1.403715567912142992e+09 -1.005876326999999987e-01 -1.649903924999999993e-01 1.888797878499999916e+00 3.130927985999999996e-01 3.969078434000000155e-01 7.071295815999999457e-01 -4.943731567970000018e-01
1.403715567962142944e+09 -9.875014490000000311e-02 -2.088006739999999917e-01 1.867672369699999946e+00 2.992943057999999934e-01 3.720788212999999733e-01 7.196493321000000387e-01 -5.040685549990000514e-01
1.403715568012143135e+09 -9.589643250000000341e-02 -2.523795627000000041e-01 1.847312576300000009e+00 2.868016535999999839e-01 3.468475588000000109e-01 7.304144298000000424e-01 -5.137473534750000015e-01
1.403715568062143087e+09 -9.145271620000000601e-02 -2.959855432999999869e-01 1.828100790599999970e+00 2.733839718000000141e-01 3.225294799999999795e-01 7.388694684000000068e-01 -5.246978628239999942e-01
1.403715568112143040e+09 -8.511970069999999500e-02 -3.394366963000000070e-01 1.809862646000000019e+00 2.598523752999999936e-01 2.983858367000000178e-01 7.461059769000000230e-01 -5.355077093569999835e-01
1.403715568162142992e+09 -7.656528610000000457e-02 -3.822555239000000049e-01 1.792226269399999961e+00 2.453774699999999864e-01 2.745978834999999729e-01 7.527196187000000371e-01 -5.457096986880000111e-01
1.403715568212143183e+09 -6.592319539999999534e-02 -4.242320446000000245e-01 1.774604443699999923e+00 2.311642546000000076e-01 2.505622759000000199e-01 7.593962055999999849e-01 -5.541651705150000273e-01
1.403715568262142897e+09 -5.280144910000000164e-02 -4.653263782000000015e-01 1.757339590700000009e+00 2.136453180000000007e-01 2.289690701000000050e-01 7.656694590000000522e-01 -5.618532926839999719e-01
1.403715568312143087e+09 -3.765284299999999834e-02 -5.055651531999999504e-01 1.740107138599999992e+00 1.965415613000000006e-01 2.071558192000000076e-01 7.715964168000000178e-01 -5.684160895280000458e-01
1.403715568362143040e+09 -2.062940389999999916e-02 -5.445036524999999905e-01 1.723634428100000004e+00 1.796227294999999946e-01 1.855251773000000104e-01 7.764260183000000204e-01 -5.748727875160000167e-01
1.403715568412142992e+09 -1.854567600000000096e-03 -5.819115860000000362e-01 1.707527049599999902e+00 1.628484306999999909e-01 1.639702678999999941e-01 7.812394348000000210e-01 -5.798785091020000060e-01
1.403715568462142944e+09 1.854763959999999878e-02 -6.177361728000000385e-01 1.692667752400000003e+00 1.468217957000000073e-01 1.415884689999999946e-01 7.849630649000000071e-01 -5.850034637369999624e-01
1.403715568512143135e+09 4.061079969999999845e-02 -6.518577272000000145e-01 1.678892387999999958e+00 1.310138496000000097e-01 1.189985587000000067e-01 7.887643013999999786e-01 -5.886642431159999633e-01
1.403715568562143087e+09 6.461615760000000153e-02 -6.840639606999999733e-01 1.666751704499999986e+00 1.141552626999999959e-01 9.717333000000000220e-02 7.918559281999999477e-01 -5.920220510870000119e-01
1.403715568612143040e+09 9.028216649999999677e-02 -7.144449794999999659e-01 1.655780661299999901e+00 9.912985270000000682e-02 7.407646119999999890e-02 7.945535128999999808e-01 -5.944498846579999718e-01
1.403715568662142992e+09 1.176320906999999971e-01 -7.427034689999999495e-01 1.646028311800000088e+00 8.381715519999999309e-02 5.116015880000000099e-02 7.968915347999999677e-01 -5.960882521379999854e-01
1.403715568712143183e+09 1.468489011000000122e-01 -7.690166405999999677e-01 1.637784472799999946e+00 6.690790580000000043e-02 2.918880160000000140e-02 7.985158197999999707e-01 -5.975314481069999850e-01
1.403715568762142897e+09 1.775564960999999886e-01 -7.934223900000000329e-01 1.630503799700000034e+00 5.047491190000000238e-02 6.996491700000000320e-03 7.996024498999999564e-01 -5.983638145309999601e-01
1.403715568812143087e+09 2.095238533000000070e-01 -8.159762589000000288e-01 1.624068311300000067e+00 3.396963239999999801e-02 -1.485426630000000019e-02 8.007757626000000517e-01 -5.978156847029999499e-01
1.403715568862143040e+09 2.425228074999999928e-01 -8.368152494999999691e-01 1.618385371900000091e+00 1.891261290000000039e-02 -3.670172869999999837e-02 8.013658617000000151e-01 -5.967478963919999879e-01
1.403715568912142992e+09 2.764604270000000086e-01 -8.559341899000000309e-01 1.612954084899999918e+00 3.685320000000000176e-03 -5.741200650000000127e-02 8.015507897000000437e-01 -5.951525951360000510e-01
1.403715568962142944e+09 3.113067514000000258e-01 -8.730295329999999687e-01 1.607194225199999993e+00 1.192450959999999914e-02 7.624708149999999407e-02 -8.033095082000000220e-01 5.905404495970000278e-01
1.403715569012143135e+09 3.466640842000000000e-01 -8.887836129999999724e-01 1.601312391900000076e+00 2.547327270000000060e-02 9.486585270000000292e-02 -8.042270033999999734e-01 5.861488799259999549e-01
1.403715569062143087e+09 3.826009832000000221e-01 -9.032509060000000201e-01 1.595558802900000073e+00 3.871709439999999891e-02 1.130026868999999962e-01 -8.038802284999999603e-01 5.826731138449999792e-01
1.403715569112143040e+09 4.191540955999999984e-01 -9.165596549000000204e-01 1.589399466099999936e+00 5.204126130000000239e-02 1.307241255000000102e-01 -8.032000899000000249e-01 5.788544944019999861e-01
1.403715569162142992e+09 4.565999830999999953e-01 -9.288586978999999744e-01 1.583403431500000069e+00 6.641211480000000500e-02 1.468691246999999922e-01 -8.018795234000000161e-01 5.753330524099999899e-01
1.403715569212143183e+09 4.945571253000000111e-01 -9.403459333999999448e-01 1.577652617300000060e+00 8.075894690000000320e-02 1.613285735999999970e-01 -8.000731543000000334e-01 5.721311314029999817e-01
1.403715569262142897e+09 5.327515964000000270e-01 -9.516088740999999462e-01 1.573030505199999984e+00 9.443734870000000670e-02 1.741049272000000092e-01 -7.961074123000000391e-01 5.718234425960000422e-01
1.403715569312143087e+09 5.711149824000000264e-01 -9.625877860999999536e-01 1.569111228999999996e+00 1.067949891000000012e-01 1.857213430000000109e-01 -7.893268991999999873e-01 5.753828805509999533e-01
1.403715569362143040e+09 6.092770879000000139e-01 -9.729522940000000508e-01 1.565513156099999970e+00 1.179543651999999943e-01 1.964660088999999887e-01 -7.819448835000000209e-01 5.796982614140000489e-01
1.403715569412142992e+09 6.473677619000000050e-01 -9.817814321000000177e-01 1.562429253599999956e+00 1.285903350000000001e-01 2.063061754000000136e-01 -7.746771767000000253e-01 5.837615605929999951e-01
1.403715569462142944e+09 6.850644701000000447e-01 -9.889133554000000270e-01 1.559540688500000050e+00 1.377299315000000135e-01 2.165740475000000054e-01 -7.681215180999999559e-01 5.866135706820000406e-01
1.403715569512143135e+09 7.222718460999999479e-01 -9.941494040999999671e-01 1.556652858399999895e+00 1.444751582000000090e-01 2.284888525999999864e-01 -7.620575793999999625e-01 5.883774457229999921e-01
1.403715569562143087e+09 7.588303801000000348e-01 -9.969354443000000288e-01 1.554019367900000059e+00 1.514513841000000027e-01 2.406657973999999922e-01 -7.570367416000000071e-01 5.882497973400000468e-01
1.403715569612143040e+09 7.947706790999999882e-01 -9.973067909999999703e-01 1.551371764500000028e+00 1.576976820999999862e-01 2.534762661000000139e-01 -7.523846235000000160e-01 5.871955398020000105e-01
1.403715569662142992e+09 8.301201660000000482e-01 -9.948405151000000446e-01 1.548575491600000076e+00 1.645288937000000118e-01 2.667731541999999734e-01 -7.488448949999999549e-01 5.839466161230000285e-01
1.403715569712143183e+09 8.649791255000000012e-01 -9.898018305000000350e-01 1.545978568800000064e+00 1.719326546999999927e-01 2.801896658999999956e-01 -7.459103713000000413e-01 5.792673229300000504e-01
1.403715569762142897e+09 8.994249224999999459e-01 -9.819038083000000139e-01 1.544047711900000008e+00 1.817006760000000054e-01 2.935868846999999948e-01 -7.425633313999999707e-01 5.739262185440000552e-01
1.403715569812143087e+09 9.332900089000000232e-01 -9.712176241000000099e-01 1.542587579199999892e+00 1.923420674000000108e-01 3.077329093000000237e-01 -7.386166550999999636e-01 5.681112764050000319e-01
1.403715569862143040e+09 9.666105524000000448e-01 -9.579289407000000089e-01 1.541651805599999925e+00 2.056569647000000001e-01 3.214243969000000201e-01 -7.341659025000000227e-01 5.615977185539999805e-01
1.403715569912142992e+09 9.993104453000000165e-01 -9.427771543999999837e-01 1.541153981899999970e+00 2.177356957000000093e-01 3.362451343000000259e-01 -7.263427859000000097e-01 5.585306919039999540e-01
1.403715569962142944e+09 1.031276671200000106e+00 -9.253648878000000355e-01 1.540937014200000066e+00 2.304264142000000126e-01 3.506993205999999752e-01 -7.179175539000000050e-01 5.554350007410000511e-01
1.403715570012143135e+09 1.062395133100000111e+00 -9.060814631000000396e-01 1.540830343299999905e+00 2.432744661000000030e-01 3.652644546000000103e-01 -7.093541977999999748e-01 5.515578251220000228e-01
1.403715570062143087e+09 1.092330602299999898e+00 -8.849723614000000183e-01 1.540217826899999976e+00 2.557007363000000089e-01 3.801136786000000045e-01 -7.002093414000000182e-01 5.475742899079999448e-01
1.403715570112143040e+09 1.121257757700000024e+00 -8.618456289000000492e-01 1.539278603699999914e+00 2.682145644000000217e-01 3.952014252000000116e-01 -6.908514380000000399e-01 5.427716569780000055e-01
1.403715570162142992e+09 1.149068931399999993e+00 -8.369392374999999884e-01 1.538177304700000025e+00 2.806321280999999890e-01 4.103564744000000042e-01 -6.812650781000000322e-01 5.373370133299999463e-01
1.403715570212143183e+09 1.174903298300000065e+00 -8.100247642000000248e-01 1.536893542400000090e+00 2.932359366000000245e-01 4.256014531999999795e-01 -6.712595448000000520e-01 5.313066083869999456e-01
1.403715570262142897e+09 1.199075446399999967e+00 -7.811307884000000534e-01 1.535393475300000032e+00 3.058487963000000032e-01 4.411610195999999817e-01 -6.608719308999999598e-01 5.244823729330000406e-01
1.403715570312143087e+09 1.221683668600000106e+00 -7.504262022000000032e-01 1.533563776899999898e+00 3.190211404000000139e-01 4.563651759999999835e-01 -6.490076563000000132e-01 5.184065973460000309e-01
1.403715570362143040e+09 1.242321708199999986e+00 -7.178287013999999910e-01 1.531284098099999991e+00 3.324192165000000032e-01 4.718376890000000046e-01 -6.363051734000000348e-01 5.118421495520000253e-01
1.403715570412142992e+09 1.260719731900000085e+00 -6.833712681000000400e-01 1.528395974299999960e+00 3.456120401000000175e-01 4.873970309999999806e-01 -6.230176646999999734e-01 5.048221877980000327e-01
1.403715570462142944e+09 1.277083909299999931e+00 -6.471774043000000365e-01 1.525556127099999992e+00 3.604007674999999966e-01 5.019301953999999455e-01 -6.095496795999999495e-01 4.966150962950000025e-01
1.403715570512143135e+09 1.291139056900000082e+00 -6.095819898000000014e-01 1.522554943700000107e+00 3.742397867999999739e-01 5.170711722999999926e-01 -5.950943689000000036e-01 4.883079733130000211e-01
1.403715570562143087e+09 1.302202921699999960e+00 -5.706312531999999660e-01 1.518612331299999951e+00 3.870679988999999876e-01 5.326256213000000184e-01 -5.792980250000000497e-01 4.805227465949999943e-01
1.403715570612143040e+09 1.309999984400000095e+00 -5.302408540999999920e-01 1.513833495200000101e+00 3.990969654000000033e-01 5.484174199000000360e-01 -5.638848593999999936e-01 4.711621919180000173e-01
1.403715570662142992e+09 1.314505175599999909e+00 -4.887266120000000047e-01 1.507909975000000014e+00 4.097762660000000001e-01 5.650596369000000507e-01 -5.506626192000000364e-01 4.577790934250000054e-01
1.403715570712143183e+09 1.316202597299999999e+00 -4.463745063999999818e-01 1.501521276599999899e+00 4.195839469000000044e-01 5.817442898000000362e-01 -5.378415873999999874e-01 4.430003608699999984e-01
1.403715570762142897e+09 1.315286231199999989e+00 -4.033835356000000094e-01 1.494915411800000093e+00 4.291986795000000132e-01 5.981722854000000034e-01 -5.230318251000000140e-01 4.294369808380000264e-01
1.403715570812143087e+09 1.311902966399999926e+00 -3.595433297999999778e-01 1.488423963500000058e+00 4.392250636999999736e-01 6.140467189999999631e-01 -5.071393056999999871e-01 4.157375312200000117e-01
1.403715570862143040e+09 1.306623559900000009e+00 -3.152230007999999861e-01 1.481874871800000104e+00 4.486074445000000077e-01 6.292813498999999533e-01 -4.914120583000000098e-01 4.015850250840000135e-01
1.403715570912142992e+09 1.299440179000000084e+00 -2.705169165999999903e-01 1.475548708300000067e+00 4.583090304999999920e-01 6.433485021999999498e-01 -4.754781095999999763e-01 3.872674845049999814e-01
1.403715570962142944e+09 1.290114421399999989e+00 -2.259535219000000095e-01 1.468397887999999929e+00 4.647354338999999945e-01 6.577896382000000264e-01 -4.609558982999999999e-01 3.726304177179999844e-01
1.403715571012143135e+09 1.279250643699999967e+00 -1.811150719000000076e-01 1.461531067299999931e+00 4.716921326999999886e-01 6.700754585999999513e-01 -4.476057779000000014e-01 3.579867026799999907e-01
1.403715571062143087e+09 1.267657539300000025e+00 -1.364374788000000116e-01 1.454810848299999959e+00 4.783417582000000223e-01 6.796496950999999509e-01 -4.362505837999999803e-01 3.448925665320000111e-01
1.403715571112143040e+09 1.255301775499999994e+00 -9.202743409999999957e-02 1.448053078700000107e+00 4.852757981999999970e-01 6.863851468999999650e-01 -4.273844929999999764e-01 3.327541509560000277e-01
1.403715571162142992e+09 1.242529438700000100e+00 -4.814614910000000053e-02 1.441695498000000075e+00 4.930742811000000114e-01 6.900494137999999555e-01 -4.197228043999999825e-01 3.233300592289999886e-01
1.403715571212143183e+09 1.229713280499999950e+00 -4.746323400000000345e-03 1.436134068100000105e+00 5.025189191000000166e-01 6.906125929999999968e-01 -4.115418825000000114e-01 3.180601534849999967e-01
1.403715571262142897e+09 1.216231039700000016e+00 3.753466479999999911e-02 1.431331220299999929e+00 5.111566936000000450e-01 6.897375255000000038e-01 -4.029319094000000101e-01 3.172173654039999735e-01
1.403715571312143087e+09 1.201363928999999997e+00 7.830028470000000018e-02 1.426552864600000081e+00 5.180174940999999755e-01 6.885640145000000434e-01 -3.952245504999999937e-01 3.183316327360000142e-01
1.403715571362143040e+09 1.184763024300000023e+00 1.176043643000000000e-01 1.422001272499999969e+00 5.237389728000000355e-01 6.869562309000000200e-01 -3.894756388000000236e-01 3.195267625279999968e-01
1.403715571412142992e+09 1.165943705999999969e+00 1.554802302999999941e-01 1.417117125599999916e+00 5.246975982999999566e-01 6.881744716000000039e-01 -3.867936565000000271e-01 3.185890679969999861e-01
1.403715571462142944e+09 1.145207615799999967e+00 1.921004436000000037e-01 1.411906550999999954e+00 5.209884552000000335e-01 6.922618486999999599e-01 -3.867022117000000203e-01 3.159208158269999900e-01
1.403715571512143135e+09 1.122591885300000092e+00 2.274031894999999914e-01 1.406772638400000108e+00 5.165511292000000143e-01 6.964304041000000112e-01 -3.886627428000000162e-01 3.116101659469999730e-01
1.403715571562143087e+09 1.098069800700000043e+00 2.619102647000000061e-01 1.400939431699999904e+00 5.126384405999999672e-01 7.001416959999999801e-01 -3.948153429999999853e-01 3.018679837880000050e-01
1.403715571612143040e+09 1.072372620099999896e+00 2.957480182000000180e-01 1.393417982399999921e+00 5.089339925000000431e-01 7.032365264000000060e-01 -4.036872295999999749e-01 2.889311334229999750e-01
1.403715571662142992e+09 1.046581565899999955e+00 3.290932348999999757e-01 1.383905976599999921e+00 5.074286998000000493e-01 7.041765374999999771e-01 -4.162052632000000085e-01 2.709699200189999990e-01
1.403715571712143183e+09 1.021775839000000019e+00 3.612205499999999736e-01 1.371299064800000078e+00 5.049343850999999939e-01 7.049249926999999749e-01 -4.304376562000000184e-01 2.506899389739999928e-01
1.403715571762142897e+09 9.987419721000000417e-01 3.914134486999999996e-01 1.355603005599999911e+00 5.009980327999999927e-01 7.057154224999999670e-01 -4.453641788000000101e-01 2.293849643089999890e-01
1.403715571812143087e+09 9.786209608999999476e-01 4.190566517000000046e-01 1.337672746500000009e+00 4.946658071000000212e-01 7.078096243999999482e-01 -4.583182832000000095e-01 2.103702119299999951e-01
1.403715571862143040e+09 9.631453409000000354e-01 4.441252526999999728e-01 1.319496093399999959e+00 4.881971348999999960e-01 7.095540367999999543e-01 -4.693165599999999937e-01 1.947783172529999884e-01
1.403715571912142992e+09 9.532498526999999555e-01 4.662707736000000214e-01 1.301201933199999994e+00 4.807581083999999949e-01 7.118440325999999541e-01 -4.786966595000000102e-01 1.816568817230000132e-01
1.403715571962142944e+09 9.496677840999999676e-01 4.853145721000000079e-01 1.282728568000000013e+00 4.711034505999999733e-01 7.156655705000000145e-01 -4.862115141999999723e-01 1.717052518409999950e-01
1.403715572012143135e+09 9.535389735000000533e-01 5.014815485000000406e-01 1.264750240299999939e+00 4.607758330999999763e-01 7.207473739999999962e-01 -4.905441083000000035e-01 1.660582194820000024e-01
1.403715572062143087e+09 9.655983730999999626e-01 5.149952879000000427e-01 1.247423495999999910e+00 4.496956484999999892e-01 7.274079610999999446e-01 -4.911168957000000002e-01 1.656975456130000135e-01
1.403715572112143040e+09 9.858536581000000298e-01 5.259041742000000186e-01 1.230451981200000100e+00 4.379103147999999779e-01 7.364369028999999678e-01 -4.856901009999999852e-01 1.732061489039999902e-01
1.403715572162142992e+09 1.014255685399999996e+00 5.357466062000000306e-01 1.214430162500000021e+00 4.291504476999999929e-01 7.456211236999999992e-01 -4.743048515000000132e-01 1.868527254440000007e-01
1.403715572212143183e+09 1.050123495600000068e+00 5.461754522999999750e-01 1.199927478300000017e+00 4.259149644999999929e-01 7.525188177999999617e-01 -4.592534910000000137e-01 2.034652373370000045e-01
1.403715572262142897e+09 1.092708047299999929e+00 5.582432912000000469e-01 1.186599533699999931e+00 4.293061437999999841e-01 7.573555057999999951e-01 -4.371298431000000262e-01 2.258901793749999998e-01
1.403715572312143087e+09 1.139882911299999968e+00 5.727670665999999855e-01 1.173541024299999957e+00 4.371712774000000024e-01 7.599152319999999960e-01 -4.111847173000000022e-01 2.496742730809999866e-01
1.403715572362143040e+09 1.189885375600000073e+00 5.907880494999999677e-01 1.161409019799999998e+00 4.493222666000000198e-01 7.594269380999999486e-01 -3.863762689999999944e-01 2.685025235440000047e-01
1.403715572412142992e+09 1.240588076499999914e+00 6.119369019999999493e-01 1.149364312899999963e+00 4.634475867000000249e-01 7.572499579999999453e-01 -3.618024771000000195e-01 2.844078110900000178e-01
1.403715572462142944e+09 1.290134341399999940e+00 6.361375946999999753e-01 1.137211954399999891e+00 4.770907316999999925e-01 7.549493253000000292e-01 -3.411357380999999744e-01 2.933638662490000160e-01
1.403715572512143135e+09 1.337609881099999898e+00 6.628521313999999887e-01 1.124851327900000086e+00 4.895810731999999943e-01 7.534724714999999629e-01 -3.249237688000000124e-01 2.949816128359999956e-01
1.403715572562143087e+09 1.382459847600000069e+00 6.917398010999999958e-01 1.112318606699999934e+00 5.002945066999999746e-01 7.533795151000000079e-01 -3.114564644000000215e-01 2.917526067030000170e-01
1.403715572612143040e+09 1.424325949600000030e+00 7.224291268000000432e-01 1.099821013399999936e+00 5.087323277999999949e-01 7.548365894999999881e-01 -2.986649201000000087e-01 2.867270607929999771e-01
1.403715572662142992e+09 1.462879333799999904e+00 7.547702220999999989e-01 1.087763248899999979e+00 5.166979629000000296e-01 7.569579028999999792e-01 -2.853607935999999956e-01 2.803696950990000047e-01
1.403715572712143183e+09 1.497915960899999899e+00 7.882291726000000276e-01 1.075454830900000047e+00 5.216072706000000059e-01 7.612428759999999572e-01 -2.726641749000000003e-01 2.721936567400000118e-01
1.403715572762142897e+09 1.529601229599999890e+00 8.230210010999999826e-01 1.064131344199999996e+00 5.243583479000000214e-01 7.668055267000000175e-01 -2.601356723000000093e-01 2.634141969459999899e-01
1.403715572812143087e+09 1.557582135899999942e+00 8.591586445000000127e-01 1.055613337000000040e+00 5.272107163000000485e-01 7.723980605000000388e-01 -2.502191330999999908e-01 2.506800395479999999e-01
1.403715572862143040e+09 1.581950541899999951e+00 8.963127844999999594e-01 1.050330360500000060e+00 5.309107069999999817e-01 7.771753035999999781e-01 -2.404651285999999943e-01 2.372949441970000073e-01
1.403715572912142992e+09 1.603753894100000021e+00 9.348108604000000543e-01 1.049104132999999939e+00 5.363004918999999537e-01 7.804409235000000500e-01 -2.314256104999999897e-01 2.230155468699999977e-01
1.403715572962142944e+09 1.623366745500000041e+00 9.742628983000000131e-01 1.051034857599999928e+00 5.422753756000000536e-01 7.828818761000000404e-01 -2.208144160999999939e-01 2.104147775180000013e-01
1.403715573012143135e+09 1.640694330999999950e+00 1.014117905099999994e+00 1.055834686999999938e+00 5.485419159000000100e-01 7.847157407999999501e-01 -2.095049827999999892e-01 1.985714853570000049e-01
1.403715573062143087e+09 1.655571893599999900e+00 1.054193193199999934e+00 1.063842759199999932e+00 5.544496878000000351e-01 7.865865478000000355e-01 -1.984160001999999978e-01 1.857370112389999939e-01
1.403715573112143040e+09 1.668487853300000046e+00 1.094220976199999917e+00 1.074792222499999950e+00 5.597492655000000372e-01 7.885612289000000219e-01 -1.869274036999999944e-01 1.729453490120000103e-01
1.403715573162142992e+09 1.679344619699999930e+00 1.133730727199999899e+00 1.088069984299999904e+00 5.643113910000000510e-01 7.907431945999999767e-01 -1.766227475000000102e-01 1.583737958560000048e-01
1.403715573212143183e+09 1.688992036499999960e+00 1.172186829299999955e+00 1.101752003999999951e+00 5.672981636999999688e-01 7.935668327999999550e-01 -1.640583948000000070e-01 1.466605553700000009e-01
1.403715573262142897e+09 1.697210283800000052e+00 1.209965206199999921e+00 1.115406059299999919e+00 5.698945747000000450e-01 7.964193885000000472e-01 -1.528974482000000079e-01 1.325092512870000017e-01
1.403715573312143087e+09 1.704484962300000017e+00 1.246643753100000085e+00 1.128221632100000038e+00 5.709930611000000322e-01 7.999465382999999541e-01 -1.408965879999999893e-01 1.191663189959999980e-01
1.403715573362143040e+09 1.711186338000000084e+00 1.282520230700000097e+00 1.140497130800000036e+00 5.716116638999999555e-01 8.033828751999999573e-01 -1.292011073999999871e-01 1.055610500980000005e-01
1.403715573412142992e+09 1.717537869899999903e+00 1.317561061399999955e+00 1.152255424700000086e+00 5.718883751000000126e-01 8.066925455000000245e-01 -1.174243061000000005e-01 9.166436527179999683e-02
1.403715573462142944e+09 1.723895915299999970e+00 1.352325471399999923e+00 1.163747461600000088e+00 5.719088016000000163e-01 8.097367452999999493e-01 -1.080722969000000033e-01 7.461303259809999588e-02
1.403715573512143135e+09 1.730773622100000075e+00 1.386280528699999959e+00 1.174960736899999914e+00 5.717684763999999475e-01 8.124000906999999660e-01 -9.827934100000000617e-02 5.854974856729999733e-02
1.403715573562143087e+09 1.738306917899999915e+00 1.419613256399999912e+00 1.186045999499999892e+00 5.713432137999999716e-01 8.148105584999999484e-01 -8.811012830000000684e-02 4.344296286689999786e-02
1.403715573612143040e+09 1.746987427599999920e+00 1.452444716100000033e+00 1.196886093899999892e+00 5.706366952000000436e-01 8.171086151999999991e-01 -7.511564589999999986e-02 3.263300038849999835e-02
1.403715573662142992e+09 1.756934749500000059e+00 1.484941083400000084e+00 1.207175183199999946e+00 5.690360649000000270e-01 8.197352852999999495e-01 -6.001736839999999990e-02 2.509849354920000095e-02
1.403715573712143183e+09 1.767920617299999941e+00 1.517415980500000039e+00 1.216693993000000029e+00 5.659155303999999775e-01 8.231037332999999734e-01 -4.248581540000000156e-02 2.085215003499999928e-02
1.403715573762142897e+09 1.779349184400000006e+00 1.550043525400000011e+00 1.225938356999999979e+00 5.612633540999999449e-01 8.270916863999999702e-01 -2.562920159999999836e-02 1.568227104540000083e-02
1.403715573812143087e+09 1.791276279200000099e+00 1.583166113000000097e+00 1.234865784199999927e+00 5.563738281000000230e-01 8.308166526000000385e-01 -7.044495599999999781e-03 1.192595248719999917e-02
1.403715573862143040e+09 1.802833320199999978e+00 1.616880854799999989e+00 1.243979967600000069e+00 5.510338381999999591e-01 8.343920293000000044e-01 1.073518069999999935e-02 6.033774492040000319e-03
1.403715573912142992e+09 1.813648681000000096e+00 1.651245347099999927e+00 1.253363065799999898e+00 5.458459965999999941e-01 8.374132115000000320e-01 2.806048170000000064e-02 -1.967377309999999817e-03
1.403715573962142944e+09 1.823563774399999948e+00 1.687027341200000086e+00 1.263218208799999909e+00 5.417728791000000488e-01 8.392325853000000002e-01 4.493350559999999966e-02 -1.232052350990000059e-02
1.403715574012143135e+09 1.832506897700000081e+00 1.724191959999999968e+00 1.272887246700000086e+00 5.370868779999999898e-01 8.409026554999999847e-01 6.186167570000000032e-02 -2.436272747610000039e-02
1.403715574062143087e+09 1.840666482999999909e+00 1.763079257200000027e+00 1.282787631799999994e+00 5.320273304000000536e-01 8.421467298000000490e-01 7.979721700000000362e-02 -3.698931424409999946e-02
1.403715574112143040e+09 1.847712073799999910e+00 1.804264238500000062e+00 1.293424947399999914e+00 5.288601192999999867e-01 8.415622970999999675e-01 9.750733109999999704e-02 -5.071680818970000088e-02
1.403715574162142992e+09 1.853806711700000109e+00 1.847867153499999970e+00 1.304864093800000013e+00 5.279183711999999584e-01 8.389463511000000429e-01 1.151621745000000058e-01 -6.487593437550000230e-02
1.403715574212143183e+09 1.859284551700000065e+00 1.893620042400000036e+00 1.316266606099999903e+00 5.291469854000000472e-01 8.342615299000000206e-01 1.343543980000000138e-01 -7.720144596170000484e-02
1.403715574262142897e+09 1.864167149700000081e+00 1.941317822500000068e+00 1.327983184100000047e+00 5.347954858000000256e-01 8.260899649999999816e-01 1.543341903999999876e-01 -8.803474164739999441e-02
1.403715574312143087e+09 1.868576494400000065e+00 1.990466829200000065e+00 1.339111284499999943e+00 5.416342355000000053e-01 8.165523476999999586e-01 1.758335802999999864e-01 -9.464232877799999555e-02
1.403715574362143040e+09 1.871905095000000019e+00 2.040453710300000001e+00 1.349604713199999972e+00 5.484303436999999892e-01 8.066158132999999841e-01 1.970000289000000127e-01 -9.892459954149999957e-02
1.403715574412142992e+09 1.873981195700000102e+00 2.090826559499999959e+00 1.359111095400000080e+00 5.541022612999999541e-01 7.973591475000000317e-01 2.169557531999999900e-01 -1.005946073189999956e-01
1.403715574462142944e+09 1.874477459600000007e+00 2.140892994400000138e+00 1.367314929800000023e+00 5.572367040000000271e-01 7.903445716000000454e-01 2.338119465000000063e-01 -1.008696563679999936e-01
1.403715574512143135e+09 1.872794129499999904e+00 2.190173257400000129e+00 1.374965035100000010e+00 5.598518193000000531e-01 7.842304385999999683e-01 2.475694726000000068e-01 -1.012813700430000019e-01
1.403715574562143087e+09 1.868403237699999941e+00 2.237923521399999949e+00 1.382006531000000038e+00 5.599544478000000325e-01 7.803073803000000197e-01 2.586525224999999817e-01 -1.032970534190000012e-01
1.403715574612143040e+09 1.861439205199999947e+00 2.284073480099999998e+00 1.387841910899999975e+00 5.578311224999999984e-01 7.780116526999999449e-01 2.694875932999999946e-01 -1.043970505440000029e-01
1.403715574662142992e+09 1.851636190400000048e+00 2.328521905000000114e+00 1.393364881299999913e+00 5.554788328999999969e-01 7.760667138000000298e-01 2.790167657000000023e-01 -1.063643097159999995e-01
1.403715574712143183e+09 1.838359295400000093e+00 2.371068748799999959e+00 1.398743072999999892e+00 5.527804554999999898e-01 7.745011686999999645e-01 2.870914254999999971e-01 -1.102733922579999942e-01
1.403715574762142897e+09 1.821470786299999922e+00 2.411770673599999970e+00 1.403970714099999961e+00 5.491635177000000478e-01 7.738994932999999632e-01 2.931940670000000027e-01 -1.163453659299999998e-01
1.403715574812143087e+09 1.801158273600000026e+00 2.451104566999999790e+00 1.409750422499999933e+00 5.451357614999999823e-01 7.744868770999999708e-01 2.953926531000000133e-01 -1.254601901329999991e-01
1.403715574862143040e+09 1.777335044600000025e+00 2.489255954099999890e+00 1.416371511899999991e+00 5.408515501999999753e-01 7.759999914999999859e-01 2.940681169000000095e-01 -1.372135433960000039e-01
1.403715574912142992e+09 1.751007560799999974e+00 2.526696842199999793e+00 1.423673626100000034e+00 5.386975891999999932e-01 7.764566685999999551e-01 2.917676319999999990e-01 -1.476197751030000060e-01
1.403715574962142944e+09 1.722764290500000017e+00 2.563665880999999924e+00 1.432085719300000060e+00 5.400743462000000550e-01 7.747785806000000441e-01 2.890454556000000008e-01 -1.564946524080000068e-01
1.403715575012143135e+09 1.693286049599999954e+00 2.600184428299999961e+00 1.440956549600000081e+00 5.416559721000000494e-01 7.732255643000000012e-01 2.864356638000000177e-01 -1.633574150690000060e-01
1.403715575062143087e+09 1.662806790299999893e+00 2.636713538400000001e+00 1.450583743599999975e+00 5.464423325999999692e-01 7.697285126999999783e-01 2.844816779000000073e-01 -1.672990400740000105e-01
1.403715575112143040e+09 1.631565110599999979e+00 2.672512794200000208e+00 1.460122383300000104e+00 5.518808872999999560e-01 7.659786165999999952e-01 2.830528640000000151e-01 -1.690719412030000091e-01
1.403715575162142992e+09 1.599604128299999983e+00 2.707428753099999863e+00 1.470797884500000041e+00 5.615980210000000028e-01 7.594282290999999629e-01 2.799688041999999766e-01 -1.717378712039999977e-01
1.403715575212143183e+09 1.567393002700000038e+00 2.741128125099999924e+00 1.481977471700000049e+00 5.734226203000000188e-01 7.513618424000000351e-01 2.767379429999999862e-01 -1.733724061759999990e-01
1.403715575262142897e+09 1.535403274399999907e+00 2.772548449599999909e+00 1.492567304400000072e+00 5.835144252999999726e-01 7.446036562000000192e-01 2.747101252999999965e-01 -1.720774757569999980e-01
1.403715575312143087e+09 1.503951470300000093e+00 2.801098151300000172e+00 1.501910280900000005e+00 5.886155074000000154e-01 7.418898290000000006e-01 2.735762070000000157e-01 -1.681883616610000132e-01
1.403715575362143040e+09 1.472953883600000013e+00 2.826065344299999893e+00 1.509667961099999900e+00 5.850411974000000459e-01 7.461347673999999541e-01 2.717943656999999846e-01 -1.647347233049999971e-01
1.403715575412142992e+09 1.442107921699999906e+00 2.847885781500000046e+00 1.517289810699999908e+00 5.791394371000000429e-01 7.521349982999999684e-01 2.696209923999999813e-01 -1.618486242959999988e-01
1.403715575462142944e+09 1.411363825600000066e+00 2.867540713699999966e+00 1.524968800999999985e+00 5.739074123999999832e-01 7.575210631000000028e-01 2.687742492999999899e-01 -1.566924497909999991e-01
1.403715575512143135e+09 1.380256086599999987e+00 2.885403127600000062e+00 1.533452548799999926e+00 5.715280364000000501e-01 7.607666575000000542e-01 2.685511754000000084e-01 -1.499001751219999901e-01
1.403715575562143087e+09 1.348547732899999962e+00 2.901753640599999962e+00 1.543243178800000059e+00 5.746606043999999969e-01 7.595731817999999969e-01 2.705451045000000221e-01 -1.400682605659999969e-01
1.403715575612143040e+09 1.315761508600000074e+00 2.916048766799999914e+00 1.554063367799999984e+00 5.812422242000000461e-01 7.555590950999999666e-01 2.729304605999999800e-01 -1.296028330879999968e-01
1.403715575662142992e+09 1.281610474899999907e+00 2.927325604800000036e+00 1.565026654600000011e+00 5.865687599000000141e-01 7.522515010000000446e-01 2.749454906000000087e-01 -1.202486850780000033e-01
1.403715575712143183e+09 1.245474754099999970e+00 2.935534482700000058e+00 1.576427028599999947e+00 5.918434590000000162e-01 7.488075110999999895e-01 2.769194723000000247e-01 -1.110145806190000056e-01
1.403715575762142897e+09 1.206905867599999960e+00 2.939887976700000127e+00 1.587690637699999963e+00 5.943844364000000491e-01 7.474725858999999861e-01 2.776914762000000092e-01 -1.043039749069999966e-01
1.403715575812143087e+09 1.165804543999999998e+00 2.940302722599999807e+00 1.598591739800000022e+00 5.935760209999999537e-01 7.489703799000000384e-01 2.768432283999999743e-01 -1.003429334069999984e-01
1.403715575862143040e+09 1.121997398700000037e+00 2.936795196099999838e+00 1.609580761199999932e+00 5.922448511000000249e-01 7.509111815000000245e-01 2.748688576000000161e-01 -9.912388715440000053e-02
1.403715575912142992e+09 1.075695948099999910e+00 2.929174268500000178e+00 1.620474744200000039e+00 5.905419392999999850e-01 7.532465025000000258e-01 2.712352780000000241e-01 -1.015448094910000043e-01
1.403715575962142944e+09 1.026898085100000024e+00 2.917833598400000117e+00 1.631194436499999956e+00 5.861456912000000408e-01 7.579837797999999793e-01 2.645875905999999778e-01 -1.090285523090000069e-01
1.403715576012143135e+09 9.760653727000000446e-01 2.903770101200000120e+00 1.641773010399999899e+00 5.818153942999999551e-01 7.624404106000000070e-01 2.575289702999999930e-01 -1.177042764999999963e-01
1.403715576062143087e+09 9.238058780000000247e-01 2.887434666799999938e+00 1.652070070599999996e+00 5.780615277999999746e-01 7.660379178999999761e-01 2.517957471000000225e-01 -1.250187193650000028e-01
1.403715576112143040e+09 8.709213214000000036e-01 2.868806237899999889e+00 1.661643607300000047e+00 5.759571572999999667e-01 7.681005214999999664e-01 2.474469880000000066e-01 -1.306328061439999966e-01
1.403715576162142992e+09 8.172771235000000356e-01 2.848497197699999983e+00 1.670725367900000036e+00 5.744474956999999771e-01 7.696331270999999807e-01 2.428514713999999908e-01 -1.367409487930000000e-01
1.403715576212143183e+09 7.632033553000000525e-01 2.826978833500000121e+00 1.679297854399999901e+00 5.726127108999999882e-01 7.711261260999999756e-01 2.392267731999999925e-01 -1.423015528809999930e-01
1.403715576262142897e+09 7.092938331000000485e-01 2.804466332600000111e+00 1.687588187100000026e+00 5.720649521999999765e-01 7.714694718000000284e-01 2.375407848999999960e-01 -1.454335587230000115e-01
1.403715576312143087e+09 6.552981187999999957e-01 2.781376163600000062e+00 1.696861951900000109e+00 5.745474898000000330e-01 7.695098606000000396e-01 2.364584835999999912e-01 -1.477739558349999982e-01
1.403715576362143040e+09 6.017993121000000389e-01 2.757261329599999922e+00 1.706635809300000028e+00 5.793700553999999725e-01 7.656851597999999592e-01 2.363833331000000093e-01 -1.489278171769999881e-01
1.403715576412142992e+09 5.485936013000000111e-01 2.731475235500000043e+00 1.717603978200000103e+00 5.868509322999999611e-01 7.596711929999999668e-01 2.350979730999999961e-01 -1.524290156760000070e-01
1.403715576462142944e+09 4.959550313000000155e-01 2.703975596199999831e+00 1.729313087199999988e+00 5.942770517000000030e-01 7.536762498000000310e-01 2.339493935999999996e-01 -1.551598449920000011e-01
1.403715576512143135e+09 4.442569194000000055e-01 2.674269692699999812e+00 1.741279072500000025e+00 6.013257562999999584e-01 7.480448127000000058e-01 2.328541375000000024e-01 -1.568924588800000020e-01
1.403715576562143087e+09 3.939929755000000089e-01 2.642055076500000155e+00 1.753256097299999983e+00 6.082686528999999842e-01 7.429157473999999928e-01 2.309627438000000088e-01 -1.572947840159999999e-01
1.403715576612143040e+09 3.452806009000000120e-01 2.606783718400000005e+00 1.765631152999999953e+00 6.155001749999999827e-01 7.376601790000000269e-01 2.292091280000000120e-01 -1.564614026889999954e-01
1.403715576662142992e+09 2.984281236999999920e-01 2.567865205199999945e+00 1.777063963800000090e+00 6.180073511000000464e-01 7.365480101000000390e-01 2.277685960999999981e-01 -1.539006480269999866e-01
1.403715576712143183e+09 2.532872588999999786e-01 2.525693266899999845e+00 1.788423071199999992e+00 6.191906847000000491e-01 7.369348171999999808e-01 2.261182411000000059e-01 -1.496680069349999864e-01
1.403715576762142897e+09 2.096852267000000047e-01 2.479849288700000098e+00 1.799756771700000035e+00 6.171116881000000554e-01 7.403192174999999597e-01 2.232167288000000138e-01 -1.458592218230000126e-01
1.403715576812143087e+09 1.675512868000000044e-01 2.430589064199999871e+00 1.810627905300000062e+00 6.118792226999999473e-01 7.465175437000000080e-01 2.202386638999999924e-01 -1.407490844819999920e-01
1.403715576862143040e+09 1.266861615000000052e-01 2.378023886999999892e+00 1.821262931099999927e+00 6.045756196999999554e-01 7.541871928000000169e-01 2.176992788999999873e-01 -1.352664862359999887e-01
1.403715576912142992e+09 8.653893729999999340e-02 2.322837340199999989e+00 1.832114434700000016e+00 5.971203358000000128e-01 7.617781690999999578e-01 2.150972842999999968e-01 -1.299018242299999903e-01
1.403715576962142944e+09 4.667790770000000006e-02 2.265558411000000216e+00 1.843221067500000032e+00 5.906949779000000289e-01 7.683967049000000049e-01 2.119216489999999897e-01 -1.254398730450000110e-01
1.403715577012143135e+09 6.872496399999999776e-03 2.206650074000000128e+00 1.855001842400000100e+00 5.862858750999999646e-01 7.735522945999999678e-01 2.058902269000000007e-01 -1.244786514929999977e-01
1.403715577062143087e+09 -3.279029740000000137e-02 2.146424291100000215e+00 1.866976936199999937e+00 5.825924228000000094e-01 7.782396206999999677e-01 1.975384205999999865e-01 -1.261258658249999887e-01
1.403715577112143040e+09 -7.202104550000000549e-02 2.085555519900000210e+00 1.878251318300000028e+00 5.790743835999999645e-01 7.829331310999999571e-01 1.878408887000000138e-01 -1.280795493249999861e-01
1.403715577162142992e+09 -1.105154705000000043e-01 2.024397441300000100e+00 1.888514752400000107e+00 5.766116817999999977e-01 7.868023117000000344e-01 1.779603781999999912e-01 -1.295808412159999978e-01
1.403715577212143183e+09 -1.481237521000000057e-01 1.963081156599999932e+00 1.896198182600000059e+00 5.749890092999999647e-01 7.897904972999999496e-01 1.689722022000000046e-01 -1.306407461820000004e-01
1.403715577262142897e+09 -1.846695976000000128e-01 1.901957330699999948e+00 1.898640285199999944e+00 5.748315107000000479e-01 7.914333788999999841e-01 1.618486024000000134e-01 -1.304107777580000016e-01
1.403715577312143087e+09 -2.202210955999999997e-01 1.841154405499999980e+00 1.894590679800000066e+00 5.751539869999999777e-01 7.924668813999999895e-01 1.576168753999999950e-01 -1.278712387079999901e-01
1.403715577362143040e+09 -2.547148340000000011e-01 1.780531975099999942e+00 1.884595168199999948e+00 5.764599145000000036e-01 7.925927863999999712e-01 1.558073067000000089e-01 -1.233479838429999975e-01
1.403715577412142992e+09 -2.880545530999999992e-01 1.719735087499999926e+00 1.870856163600000066e+00 5.776838981999999900e-01 7.925396211999999885e-01 1.551248903000000123e-01 -1.187372351939999932e-01
1.403715577462142944e+09 -3.204440948000000233e-01 1.658228990300000039e+00 1.855756153399999997e+00 5.782963467999999718e-01 7.927607585000000512e-01 1.546221269999999981e-01 -1.148725941320000027e-01
1.403715577512143135e+09 -3.519101512999999737e-01 1.596509933999999964e+00 1.840422569800000074e+00 5.790300160000000362e-01 7.927206236999999600e-01 1.541306316000000121e-01 -1.120803360130000065e-01
1.403715577562143087e+09 -3.826140008000000203e-01 1.534604366099999950e+00 1.826285347100000012e+00 5.792842068000000344e-01 7.928906596000000473e-01 1.539314589000000122e-01 -1.098149149890000065e-01
1.403715577612143040e+09 -4.124973236000000210e-01 1.472335750600000104e+00 1.815259016499999989e+00 5.790108326999999777e-01 7.933990985000000107e-01 1.530923421000000006e-01 -1.087522910370000012e-01
1.403715577662142992e+09 -4.414703247999999802e-01 1.409987800999999985e+00 1.808103191500000095e+00 5.788049154000000085e-01 7.937409949000000520e-01 1.523904690000000006e-01 -1.083385797440000048e-01
1.403715577712143183e+09 -4.695917683999999981e-01 1.347282101600000059e+00 1.804592777399999903e+00 5.772483579999999614e-01 7.949707629000000164e-01 1.508831016000000136e-01 -1.097274304810000045e-01
1.403715577762142897e+09 -4.970711556999999892e-01 1.284666751899999904e+00 1.804420484900000066e+00 5.757776849000000308e-01 7.960672782000000058e-01 1.480360474000000093e-01 -1.133237605950000032e-01
1.403715577812143087e+09 -5.232878349999999790e-01 1.222830052099999953e+00 1.804998377600000037e+00 5.751387373999999886e-01 7.968577797000000462e-01 1.432757148000000091e-01 -1.170691301239999982e-01
1.403715577862143040e+09 -5.479008680000000409e-01 1.161426869400000061e+00 1.803249203900000097e+00 5.738552633000000291e-01 7.983622697000000157e-01 1.370358838000000079e-01 -1.205362587299999982e-01
1.403715577912142992e+09 -5.707098280000000301e-01 1.100945997199999971e+00 1.798206473600000077e+00 5.729512098000000275e-01 7.999603266000000490e-01 1.298760824000000091e-01 -1.221580544229999982e-01
1.403715577962142944e+09 -5.915181796999999797e-01 1.040894664300000105e+00 1.788969213699999949e+00 5.710440457000000025e-01 8.025194630999999967e-01 1.212632782999999992e-01 -1.231520464980000035e-01
1.403715578012143135e+09 -6.101063270000000038e-01 9.815484420000000210e-01 1.775660741700000100e+00 5.679992547000000114e-01 8.060877552999999862e-01 1.108813366999999994e-01 -1.237121928310000035e-01
1.403715578062143087e+09 -6.264736359999999449e-01 9.231994677999999510e-01 1.758914792499999935e+00 5.637108198000000403e-01 8.105646410000000301e-01 9.936118950000000227e-02 -1.238645570529999934e-01
1.403715578112143040e+09 -6.406367280000000441e-01 8.657072060999999596e-01 1.739032291800000074e+00 5.556765487000000503e-01 8.174240230000000551e-01 8.506359639999999667e-02 -1.257208191320000057e-01
1.403715578162142992e+09 -6.519444439999999563e-01 8.096406092000000276e-01 1.716373939799999970e+00 5.448238368000000165e-01 8.258083143000000126e-01 6.779703730000000150e-02 -1.288843538489999885e-01
1.403715578212143183e+09 -6.595243993999999610e-01 7.567926953000000401e-01 1.692128618099999926e+00 5.387453924999999755e-01 8.312437188000000310e-01 5.139750929999999801e-02 -1.270652511589999978e-01
1.403715578262142897e+09 -6.627475081000000490e-01 7.080102968999999469e-01 1.667397692900000061e+00 5.380450180000000415e-01 8.337123121999999720e-01 3.843964069999999955e-02 -1.181259208399999955e-01
1.403715578312143087e+09 -6.614815690999999998e-01 6.627883917000000347e-01 1.643072768999999989e+00 5.394419285999999536e-01 8.348312881999999657e-01 2.590281089999999994e-02 -1.067153701870000027e-01
1.403715578362143040e+09 -6.558388890999999887e-01 6.197404974000000344e-01 1.618650536000000084e+00 5.422040738000000193e-01 8.350252523000000204e-01 1.468318159999999935e-02 -9.236868873329999452e-02
1.403715578412142992e+09 -6.464869136999999988e-01 5.790118159999999570e-01 1.594045378999999985e+00 5.443716655000000459e-01 8.353214803999999827e-01 3.974576900000000371e-03 -7.669235237259999782e-02
1.403715578462142944e+09 -6.340744404999999473e-01 5.405025701000000238e-01 1.569194912499999983e+00 5.443640799000000197e-01 8.367332602000000508e-01 -5.675897299999999729e-03 -5.927043071810000202e-02
1.403715578512143135e+09 -6.191519722999999642e-01 5.042803032999999546e-01 1.543573597700000022e+00 5.406537189000000243e-01 8.401440795000000294e-01 -1.398790010000000063e-02 -4.069177592079999822e-02
1.403715578562143087e+09 -6.020367757000000264e-01 4.697136557000000101e-01 1.516866522199999956e+00 5.325861340999999971e-01 8.459143028000000175e-01 -1.942660640000000091e-02 -2.009002450209999846e-02
1.403715578612143040e+09 -5.839228006000000137e-01 4.370708036000000019e-01 1.489281316000000022e+00 5.187152493000000142e-01 8.545970807999999641e-01 -2.433566740000000020e-02 -2.468802926120000109e-03
1.403715578662142992e+09 -5.653668471999999667e-01 4.075862514999999964e-01 1.461895076500000057e+00 5.037697004000000200e-01 8.632881202000000087e-01 -2.791817649999999915e-02 1.304936598770000018e-02
1.403715578712143183e+09 -5.469772568999999862e-01 3.824008363999999993e-01 1.435556202599999942e+00 4.893903719000000097e-01 8.711089210000000360e-01 -3.242856890000000297e-02 2.479313581670000016e-02
1.403715578762142897e+09 -5.288114656000000302e-01 3.628438856000000268e-01 1.410438310700000031e+00 4.781706998999999958e-01 8.768468780999999490e-01 -3.666873899999999881e-02 3.387827629040000149e-02
1.403715578812143087e+09 -5.111933556000000101e-01 3.494470098999999941e-01 1.386789051100000059e+00 4.707398488000000270e-01 8.804121820000000431e-01 -4.188973480000000166e-02 3.903376200550000286e-02
1.403715578862143040e+09 -4.939576183000000120e-01 3.426804514999999829e-01 1.364081137099999896e+00 4.676486404999999902e-01 8.816406099000000385e-01 -4.573707190000000228e-02 4.384865149940000290e-02
1.403715578912142992e+09 -4.771978000000000053e-01 3.428793828000000210e-01 1.342708379599999891e+00 4.698362830999999740e-01 8.801022041999999601e-01 -4.700354909999999997e-02 4.964517694290000033e-02
1.403715578962142944e+09 -4.608167589000000119e-01 3.502418495999999881e-01 1.323188793599999968e+00 4.779834255000000032e-01 8.753066765000000471e-01 -4.406447139999999929e-02 5.855244938999999704e-02
1.403715579012143135e+09 -4.456118996999999804e-01 3.640924115999999988e-01 1.305595511900000005e+00 4.896570444000000188e-01 8.683250008999999769e-01 -3.935827210000000104e-02 6.854632132610000150e-02
1.403715579062143087e+09 -4.318529831999999846e-01 3.833325246000000019e-01 1.290272577999999948e+00 5.006900149999999883e-01 8.612236102000000448e-01 -3.114558729999999942e-02 8.144540836659999727e-02
1.403715579112143040e+09 -4.206195556999999807e-01 4.072711573000000196e-01 1.278359572000000055e+00 5.124809128999999741e-01 8.529866301999999845e-01 -2.091200600000000034e-02 9.664269546789999721e-02
1.403715579162142992e+09 -4.132203174999999895e-01 4.351160386999999852e-01 1.270211723899999923e+00 5.248257708000000354e-01 8.438705504000000301e-01 -1.046525849999999959e-02 1.110445083169999958e-01
1.403715579212143183e+09 -4.103424292999999778e-01 4.665138240999999741e-01 1.264978569700000000e+00 5.381777347999999739e-01 8.333278120999999539e-01 1.612803699999999915e-03 1.262017518009999895e-01
1.403715579262142897e+09 -4.136885028000000242e-01 4.999016924999999945e-01 1.262247927200000008e+00 5.488741109000000451e-01 8.250614423000000031e-01 7.171850199999999648e-03 1.340126535039999900e-01
1.403715579312143087e+09 -4.231497543000000139e-01 5.342006692999999862e-01 1.260129327700000079e+00 5.562299992000000470e-01 8.193944727999999955e-01 1.003949170000000002e-02 1.382030913889999990e-01
1.403715579362143040e+09 -4.386730406000000082e-01 5.692656078000000175e-01 1.257543950699999913e+00 5.592057014000000326e-01 8.170112910000000284e-01 1.089824829999999981e-02 1.402239708930000106e-01
1.403715579412142992e+09 -4.598514745000000237e-01 6.046866438000000343e-01 1.254471201899999944e+00 5.595984240000000387e-01 8.169975103000000072e-01 8.921611600000000503e-03 1.388707199820000127e-01
1.403715579462142944e+09 -4.869036413999999757e-01 6.405101336999999839e-01 1.251473510500000108e+00 5.590284303000000454e-01 8.180010674000000037e-01 5.701955100000000339e-03 1.353844731859999984e-01
1.403715579512143135e+09 -5.196313023999999947e-01 6.766131375999999698e-01 1.247841574499999995e+00 5.555371833000000148e-01 8.214831347000000061e-01 9.704349999999999337e-05 1.286230457349999967e-01
1.403715579562143087e+09 -5.574831032000000519e-01 7.132683657999999705e-01 1.244635812500000105e+00 5.521585208999999494e-01 8.253324585000000324e-01 -8.041233300000000597e-03 1.178246122139999935e-01
1.403715579612143040e+09 -5.989129252999999542e-01 7.513702680999999606e-01 1.242089255300000028e+00 5.515823271999999999e-01 8.264825672000000178e-01 -1.145874130000000025e-02 1.120365999490000042e-01
1.403715579662142992e+09 -6.437576883000000194e-01 7.909001034000000541e-01 1.240557232100000018e+00 5.539574028999999511e-01 8.255866882000000295e-01 -1.378825799999999942e-02 1.065255838200000055e-01
1.403715579712143183e+09 -6.920580038000000433e-01 8.314234266000000151e-01 1.240350630800000076e+00 5.575565833000000193e-01 8.238917326000000374e-01 -1.641104380000000043e-02 1.003182289829999962e-01
1.403715579762142897e+09 -7.432059812000000321e-01 8.725291173000000455e-01 1.241827043300000044e+00 5.621525694000000239e-01 8.213612836000000472e-01 -1.797899390000000028e-02 9.500992775040000005e-02
1.403715579812143087e+09 -7.966614545000000325e-01 9.139395174000000122e-01 1.245061525299999916e+00 5.651561993999999478e-01 8.194537409000000050e-01 -1.653978769999999918e-02 9.391736921229999757e-02
1.403715579862143040e+09 -8.527071184000000192e-01 9.554079927999999944e-01 1.251408080999999894e+00 5.683896837999999896e-01 8.170592828999999613e-01 -1.462579240000000044e-02 9.556872811050000360e-02
1.403715579912142992e+09 -9.115913880999999552e-01 9.967324120999999648e-01 1.260189980899999895e+00 5.697836817000000442e-01 8.160134990999999838e-01 -1.522541500000000082e-02 9.610781479509999947e-02
1.403715579962142944e+09 -9.734061230999999648e-01 1.038153472000000077e+00 1.270827753999999921e+00 5.720322033000000417e-01 8.146143909999999932e-01 -2.081421859999999999e-02 9.353780292070000557e-02
1.403715580012143135e+09 -1.037014038099999924e+00 1.079754810899999917e+00 1.280734337900000019e+00 5.736733579999999666e-01 8.134262614999999697e-01 -2.911793110000000101e-02 9.159007333219999769e-02
1.403715580062143087e+09 -1.101775121299999993e+00 1.121242036800000008e+00 1.288322901199999926e+00 5.751654974000000031e-01 8.119607892000000327e-01 -3.941466760000000152e-02 9.138277400829999952e-02
1.403715580112143040e+09 -1.167497112599999998e+00 1.162136106900000021e+00 1.292580155000000008e+00 5.762513375000000160e-01 8.103973719999999492e-01 -5.125579150000000167e-02 9.253831263150000264e-02
1.403715580162142992e+09 -1.234078579099999962e+00 1.202429162100000060e+00 1.293076132900000008e+00 5.766298542000000138e-01 8.089063378999999943e-01 -6.407649020000000251e-02 9.519848253210000388e-02
1.403715580212143183e+09 -1.301197146300000052e+00 1.242264093199999975e+00 1.290497449999999935e+00 5.767010405000000395e-01 8.071901394999999590e-01 -7.779429870000000025e-02 9.903552794830000616e-02
1.403715580262142897e+09 -1.368994112900000060e+00 1.281567437100000095e+00 1.285853429099999889e+00 5.760383928000000209e-01 8.055558231999999652e-01 -9.175338080000000618e-02 1.041196569380000020e-01
1.403715580312143087e+09 -1.437455297400000109e+00 1.319988782400000060e+00 1.280910035400000035e+00 5.758985389999999871e-01 8.032059162000000363e-01 -1.074227920000000031e-01 1.079882989139999971e-01
1.403715580362143040e+09 -1.506100006600000096e+00 1.357619076199999997e+00 1.276296789100000106e+00 5.762810634999999682e-01 8.000476461000000095e-01 -1.252424618999999906e-01 1.101736153250000017e-01
1.403715580412142992e+09 -1.574446882399999970e+00 1.394012497999999933e+00 1.272039574699999953e+00 5.755847511999999666e-01 7.971429011999999759e-01 -1.428116205000000138e-01 1.134470373139999932e-01
1.403715580462142944e+09 -1.642496819800000063e+00 1.429246358000000106e+00 1.268393023800000075e+00 5.750892685999999809e-01 7.937564996000000539e-01 -1.609348979999999929e-01 1.154249154369999947e-01
1.403715580512143135e+09 -1.710079525300000070e+00 1.462925035999999901e+00 1.265090295999999892e+00 5.736105816000000024e-01 7.909999614999999595e-01 -1.775481329999999969e-01 1.173312495530000055e-01
1.403715580562143087e+09 -1.776906225100000070e+00 1.495161730299999991e+00 1.262187398700000074e+00 5.716103778000000135e-01 7.888701254000000107e-01 -1.925261098999999920e-01 1.178100094820000027e-01
1.403715580612143040e+09 -1.842612629500000043e+00 1.526026913900000004e+00 1.259288452600000108e+00 5.686347426000000205e-01 7.877758553000000497e-01 -2.067164324999999914e-01 1.154644873259999954e-01
1.403715580662142992e+09 -1.906592170699999977e+00 1.555293897200000108e+00 1.256314068600000056e+00 5.655191150999999694e-01 7.868065486999999969e-01 -2.207597665000000098e-01 1.113045862709999972e-01
1.403715580712143183e+09 -1.968030598099999917e+00 1.583166078299999890e+00 1.253357221999999993e+00 5.621267726999999992e-01 7.862184140000000321e-01 -2.336649721000000068e-01 1.061827560760000011e-01
1.403715580762142897e+09 -2.026177439200000041e+00 1.609936495399999945e+00 1.250713565300000107e+00 5.587864079000000039e-01 7.858240052999999614e-01 -2.448105164000000111e-01 1.015194270980000063e-01
1.403715580812143087e+09 -2.080647418799999926e+00 1.635367045800000030e+00 1.249132451299999946e+00 5.569267807000000126e-01 7.844006650999999497e-01 -2.560072755999999727e-01 9.491276141679999556e-02
1.403715580862143040e+09 -2.131028774699999850e+00 1.659293757299999950e+00 1.247822708900000022e+00 5.543221658000000440e-01 7.834227807000000432e-01 -2.673302793999999816e-01 8.666143881200000232e-02
1.403715580912142992e+09 -2.176798639999999896e+00 1.681673628500000017e+00 1.247520423499999920e+00 5.516743742999999922e-01 7.823167523999999817e-01 -2.791989733999999945e-01 7.539109294319999710e-02
1.403715580962142944e+09 -2.216737112800000187e+00 1.702149674299999971e+00 1.247573521799999918e+00 5.479114121999999476e-01 7.822466702999999466e-01 -2.891332446000000056e-01 6.546142396979999500e-02
1.403715581012143135e+09 -2.249725076199999840e+00 1.720612452799999970e+00 1.247475623899999997e+00 5.431304326000000460e-01 7.843623559000000300e-01 -2.928076721999999799e-01 6.362935554529999815e-02
1.403715581062143087e+09 -2.276019401500000150e+00 1.737185349900000064e+00 1.247518181600000053e+00 5.362587662000000144e-01 7.886269738000000196e-01 -2.940109107000000166e-01 6.365230736419999480e-02
1.403715581112143040e+09 -2.295227036400000031e+00 1.752704076199999905e+00 1.247964037300000051e+00 5.292610785000000373e-01 7.933994572000000467e-01 -2.931043870999999745e-01 6.700619663579999996e-02
1.403715581162142992e+09 -2.307404520600000009e+00 1.767954324800000032e+00 1.249485812899999937e+00 5.248709028000000387e-01 7.968010058000000173e-01 -2.901435164000000233e-01 7.372538537770000067e-02
1.403715581212143183e+09 -2.312740833599999934e+00 1.782908488499999944e+00 1.251576988999999918e+00 5.230522171999999470e-01 7.989811142999999616e-01 -2.844186717000000142e-01 8.456699278160000055e-02
1.403715581262142897e+09 -2.312796786599999876e+00 1.798177719299999922e+00 1.254983240400000088e+00 5.252757756000000500e-01 7.982832686999999927e-01 -2.798378689000000086e-01 9.230357331289999745e-02
1.403715581312143087e+09 -2.308513279700000087e+00 1.813809613499999918e+00 1.258950838300000097e+00 5.293822392000000487e-01 7.965861745000000216e-01 -2.757140301000000071e-01 9.584719633350000101e-02
1.403715581362143040e+09 -2.300057854799999912e+00 1.829416800700000012e+00 1.263003704399999982e+00 5.335132592000000340e-01 7.956430906000000469e-01 -2.698297253999999978e-01 9.750689107040000358e-02
1.403715581412142992e+09 -2.288030174499999791e+00 1.844251941200000022e+00 1.266515033299999926e+00 5.370819704000000527e-01 7.959025734000000352e-01 -2.615030796999999740e-01 9.847938847470000256e-02
1.403715581462142944e+09 -2.272588181500000193e+00 1.858324773699999932e+00 1.269132531599999947e+00 5.396119011000000132e-01 7.977483117000000457e-01 -2.492731163000000139e-01 1.013880705809999949e-01
1.403715581512143135e+09 -2.253815876900000070e+00 1.872166564000000033e+00 1.270533886599999995e+00 5.426256483000000408e-01 7.999903143000000050e-01 -2.321124648000000013e-01 1.081513129960000041e-01
1.403715581562143087e+09 -2.232891178200000049e+00 1.886303731699999986e+00 1.269204174299999988e+00 5.458093697000000466e-01 8.024258189999999846e-01 -2.120163147000000137e-01 1.151261012770000008e-01
1.403715581612143040e+09 -2.210795652499999875e+00 1.901062970999999990e+00 1.264675862000000039e+00 5.481851792999999917e-01 8.052069726999999677e-01 -1.914197890999999874e-01 1.203877262549999938e-01
1.403715581662142992e+09 -2.188254137099999941e+00 1.916146979399999895e+00 1.257473052099999933e+00 5.505917686000000311e-01 8.077767299000000456e-01 -1.707016727000000011e-01 1.233142239669999946e-01
1.403715581712143183e+09 -2.165851596600000040e+00 1.931422070800000057e+00 1.247588429999999970e+00 5.516919686000000267e-01 8.109962040000000538e-01 -1.493556186999999980e-01 1.249561045689999983e-01
1.403715581762142897e+09 -2.144018412499999915e+00 1.947338852899999972e+00 1.236835550499999936e+00 5.526001697000000323e-01 8.140954097000000500e-01 -1.267459475000000113e-01 1.257663749340000026e-01
1.403715581812143087e+09 -2.123363714399999935e+00 1.964085681200000044e+00 1.227527385999999998e+00 5.537066828000000163e-01 8.165974638999999868e-01 -1.036284110000000036e-01 1.258516738940000101e-01
1.403715581862143040e+09 -2.104876685999999886e+00 1.981707191499999965e+00 1.220830224500000005e+00 5.544487395999999624e-01 8.189781474999999755e-01 -8.214248640000000601e-02 1.229390133739999974e-01
1.403715581912142992e+09 -2.089417395399999933e+00 2.000261201899999897e+00 1.217946774799999909e+00 5.562740263000000018e-01 8.205368530000000105e-01 -6.513846750000000518e-02 1.141729418539999957e-01
1.403715581962142944e+09 -2.076874676500000128e+00 2.019790586500000096e+00 1.218298819899999996e+00 5.585520133000000387e-01 8.217259921999999772e-01 -5.262993430000000028e-02 1.000806280949999988e-01
1.403715582012143135e+09 -2.066687924500000051e+00 2.040492655500000030e+00 1.222833282100000085e+00 5.655132676999999886e-01 8.191800867999999847e-01 -4.078286390000000067e-02 8.646090172190000478e-02
1.403715582062143087e+09 -2.058662825599999913e+00 2.061556908100000030e+00 1.230947253899999927e+00 5.751892355000000068e-01 8.143013385999999798e-01 -3.090235020000000124e-02 7.152424759099999807e-02
1.403715582112143040e+09 -2.051758131100000160e+00 2.082418757000000120e+00 1.239737920500000090e+00 5.852822939999999807e-01 8.083317506999999624e-01 -2.003285659999999926e-02 6.035811251470000333e-02
1.403715582162142992e+09 -2.046153448600000146e+00 2.101869004400000129e+00 1.248160968399999904e+00 5.939937414999999499e-01 8.028221036999999560e-01 -1.059806020000000036e-02 5.035658867639999925e-02
1.403715582212143183e+09 -2.041474142899999844e+00 2.120005795800000037e+00 1.254617387399999950e+00 6.011481257999999883e-01 7.980586267999999484e-01 -2.963594200000000019e-03 4.140744040640000068e-02
1.403715582262142897e+09 -2.037211302999999862e+00 2.136317696899999952e+00 1.256508171899999970e+00 6.025871529999999865e-01 7.972353837000000221e-01 3.971549999999999907e-03 3.589836940910000329e-02
1.403715582312143087e+09 -2.033620525499999943e+00 2.150913708700000093e+00 1.253725417699999900e+00 5.985178533999999662e-01 8.004131776999999781e-01 9.527027699999999349e-03 3.200562201809999813e-02
1.403715582362143040e+09 -2.030520158999999936e+00 2.164217953700000141e+00 1.248423268000000030e+00 5.924896702999999931e-01 8.049080215999999677e-01 1.391715160000000021e-02 2.975533935339999894e-02
1.403715582412142992e+09 -2.028161263699999939e+00 2.176630797100000070e+00 1.242367343800000024e+00 5.859632700000000360e-01 8.096361090000000482e-01 1.740939520000000032e-02 2.886746027789999919e-02
1.403715582462142944e+09 -2.026870873100000026e+00 2.188097816900000048e+00 1.236281592000000096e+00 5.779088647000000245e-01 8.153763334000000418e-01 1.970935409999999971e-02 2.818369118949999932e-02
1.403715582512143135e+09 -2.026604156899999953e+00 2.199265432599999848e+00 1.231471143300000071e+00 5.697033019999999670e-01 8.210869226000000465e-01 2.114302839999999961e-02 2.841453292299999864e-02
1.403715582562143087e+09 -2.027709070799999846e+00 2.210998368099999833e+00 1.229535665100000008e+00 5.634828629000000477e-01 8.253810520000000039e-01 2.110030590000000136e-02 2.807061305779999863e-02
1.403715582612143040e+09 -2.030050786799999951e+00 2.223633608400000128e+00 1.230743376499999986e+00 5.579439818000000439e-01 8.291154275000000018e-01 2.073793319999999926e-02 2.891468834330000043e-02
1.403715582662142992e+09 -2.033783634000000173e+00 2.237379450500000200e+00 1.235295196899999892e+00 5.534944004999999834e-01 8.321027534999999586e-01 1.925958330000000079e-02 2.963148097100000086e-02
1.403715582712143183e+09 -2.038691767800000054e+00 2.252583362200000217e+00 1.241847885100000104e+00 5.495365298000000065e-01 8.347380319999999632e-01 1.694601050000000067e-02 3.057536611370000046e-02
1.403715582762142897e+09 -2.044575337699999995e+00 2.269342282199999783e+00 1.247830418299999966e+00 5.464634903999999738e-01 8.367455765000000323e-01 1.419825169999999921e-02 3.213881805020000343e-02
1.403715582812143087e+09 -2.051310983100000040e+00 2.286911319900000183e+00 1.251165401399999988e+00 5.421508336000000483e-01 8.395289187000000153e-01 1.111237739999999981e-02 3.376660065880000144e-02
1.403715582862143040e+09 -2.058879956300000202e+00 2.305927365300000087e+00 1.251364211999999920e+00 5.366064987999999980e-01 8.430584190000000033e-01 7.709030199999999597e-03 3.530635013789999721e-02
1.403715582912142992e+09 -2.067414807800000087e+00 2.326365104899999814e+00 1.248101566299999909e+00 5.302490448000000134e-01 8.469869214999999896e-01 4.992000400000000046e-03 3.773837837710000004e-02
1.403715582962142944e+09 -2.076899111999999992e+00 2.348987115299999928e+00 1.241637035799999955e+00 5.239831456000000331e-01 8.508108576999999784e-01 1.905341199999999917e-03 3.948312576779999805e-02
1.403715583012143135e+09 -2.087516533100000071e+00 2.374036111300000140e+00 1.232194038999999908e+00 5.184981683999999591e-01 8.540911917000000297e-01 -1.204957999999999897e-03 4.106621174419999853e-02
1.403715583062143087e+09 -2.099021954799999978e+00 2.402321871799999897e+00 1.219781413800000047e+00 5.150768922999999777e-01 8.560710183999999945e-01 -3.784226199999999977e-03 4.270697936609999662e-02
1.403715583112143040e+09 -2.111752384899999946e+00 2.434148774200000087e+00 1.206650257199999965e+00 5.161055128999999519e-01 8.554043201000000041e-01 -7.210807900000000374e-03 4.320362248410000022e-02
1.403715583162142992e+09 -2.125296680800000004e+00 2.470276386700000160e+00 1.194624643100000050e+00 5.260953060999999931e-01 8.492368847000000276e-01 -9.875573400000000474e-03 4.385106155540000050e-02
1.403715583212143183e+09 -2.139737437399999997e+00 2.509138117400000034e+00 1.183280360399999953e+00 5.391848824999999623e-01 8.409737644000000456e-01 -1.329927550000000076e-02 4.319628867809999911e-02
1.403715583262142897e+09 -2.154963343599999970e+00 2.549560790400000165e+00 1.173087297499999959e+00 5.548791333000000492e-01 8.307700905999999552e-01 -1.747336320000000137e-02 4.030986915800000014e-02
1.403715583312143087e+09 -2.170424171200000085e+00 2.590644961100000199e+00 1.162749748600000022e+00 5.699117192999999526e-01 8.205909420000000454e-01 -2.156898529999999939e-02 3.695831299800000219e-02
1.403715583362143040e+09 -2.186075980400000063e+00 2.631118249800000086e+00 1.152166041499999904e+00 5.852416701000000554e-01 8.097937090000000282e-01 -2.550916510000000165e-02 3.279663113109999861e-02
1.403715583412142992e+09 -2.201761595799999860e+00 2.670626298300000201e+00 1.141062070400000072e+00 5.991937964000000338e-01 7.995697217999999662e-01 -2.910880139999999852e-02 2.842062727050000126e-02
1.403715583462142944e+09 -2.217327289800000045e+00 2.708186393500000122e+00 1.129002317599999916e+00 6.113866433000000322e-01 7.903141161000000192e-01 -3.151935730000000185e-02 2.482942660759999975e-02
1.403715583512143135e+09 -2.232506514699999833e+00 2.743269827000000216e+00 1.116863202100000008e+00 6.227277991999999873e-01 7.814390205000000256e-01 -3.225029979999999991e-02 2.287058235110000018e-02
1.403715583562143087e+09 -2.246823819299999858e+00 2.774663905300000177e+00 1.105056860599999968e+00 6.346275917999999461e-01 7.718458593000000478e-01 -3.288069190000000169e-02 2.050973707600000154e-02
1.403715583612143040e+09 -2.260359443900000098e+00 2.801715050799999940e+00 1.094353516400000004e+00 6.508327213000000278e-01 7.582853206999999873e-01 -3.264855490000000138e-02 1.882055137619999957e-02
1.403715583662142992e+09 -2.272822613999999852e+00 2.823252693600000196e+00 1.083593760300000097e+00 6.682297644000000370e-01 7.430534654999999544e-01 -3.088700159999999834e-02 1.966017455039999889e-02
1.403715583712143183e+09 -2.284432306199999818e+00 2.838324561799999923e+00 1.072813032100000008e+00 6.849735260000000547e-01 7.277169715000000316e-01 -2.880577080000000165e-02 2.023624573780000158e-02
1.403715583762142897e+09 -2.295504041500000092e+00 2.845596570200000119e+00 1.061676889799999968e+00 6.993460786999999845e-01 7.139840337999999731e-01 -2.623062509999999833e-02 2.130295713510000147e-02
1.403715583812143087e+09 -2.306122494399999834e+00 2.843809830900000168e+00 1.051367446099999992e+00 7.113124826000000178e-01 7.021230657000000486e-01 -2.381463680000000041e-02 2.214984683730000098e-02
1.403715583862143040e+09 -2.316639729999999897e+00 2.831499208099999887e+00 1.043815186900000080e+00 7.196170062000000200e-01 6.936893482000000555e-01 -2.265407350000000000e-02 2.081454976749999922e-02
1.403715583912142992e+09 -2.326791332099999998e+00 2.807539911200000127e+00 1.040559096399999994e+00 7.222046599000000455e-01 6.910529457999999847e-01 -2.307983610000000074e-02 1.826407359660000077e-02
1.403715583962142944e+09 -2.336505888900000105e+00 2.771541994800000186e+00 1.041833841299999897e+00 7.211832346000000005e-01 6.921638049999999653e-01 -2.511080599999999940e-02 1.317029582660000052e-02
1.403715584012143135e+09 -2.344992508899999883e+00 2.723731145099999917e+00 1.047944570400000108e+00 7.165519988999999867e-01 6.969279015999999549e-01 -2.844130710000000034e-02 5.985382192000000129e-03
1.403715584062143087e+09 -2.351791919000000064e+00 2.664933419400000059e+00 1.058640401499999939e+00 7.079763077999999821e-01 7.055007518000000477e-01 -3.221286109999999675e-02 -7.539480307459999831e-04
1.403715584112143040e+09 -2.356891417699999991e+00 2.596292143599999935e+00 1.072851717000000038e+00 6.950930537999999714e-01 7.179462455999999770e-01 -3.648637460000000304e-02 -8.220672265580000748e-03
1.403715584162142992e+09 -2.359571938799999824e+00 2.518723189100000148e+00 1.090639632800000092e+00 6.788961114999999547e-01 7.330113454000000139e-01 -4.005600520000000137e-02 -1.378237153989999957e-02
1.403715584212143183e+09 -2.359689204099999937e+00 2.433566232700000054e+00 1.112295157699999981e+00 6.597264337999999562e-01 7.499669586999999638e-01 -4.365469439999999923e-02 -2.012116017960000058e-02
1.403715584262142897e+09 -2.356439632899999914e+00 2.342643339999999963e+00 1.135340469199999980e+00 6.364263094000000009e-01 7.696520715000000346e-01 -4.537011810000000228e-02 -2.321193480299999987e-02
1.403715584312143087e+09 -2.350393050800000161e+00 2.248572754000000007e+00 1.157418805600000100e+00 6.140646128000000203e-01 7.875281895000000310e-01 -4.563060359999999982e-02 -2.533475873089999914e-02
1.403715584362143040e+09 -2.341857505800000183e+00 2.153316350899999954e+00 1.176295846099999931e+00 5.947713397999999652e-01 8.020841764999999679e-01 -4.621195749999999769e-02 -2.779356373290000140e-02
1.403715584412142992e+09 -2.330756385900000005e+00 2.057970506000000199e+00 1.190013052499999890e+00 5.785169319999999837e-01 8.140023253999999486e-01 -4.470262359999999796e-02 -2.683372937950000148e-02
1.403715584462142944e+09 -2.317074494599999923e+00 1.962887557399999983e+00 1.198285694099999965e+00 5.658102959999999904e-01 8.230566641000000017e-01 -4.278683629999999877e-02 -2.461144666880000012e-02
1.403715584512143135e+09 -2.300990227699999835e+00 1.868929539700000086e+00 1.203419418900000037e+00 5.572335046999999930e-01 8.290260846000000461e-01 -4.103869660000000058e-02 -2.285602120559999950e-02
1.403715584562143087e+09 -2.282546621199999848e+00 1.777005280600000070e+00 1.207500026399999982e+00 5.500024808000000265e-01 8.339640877999999757e-01 -3.942522829999999673e-02 -2.113818104999999961e-02
1.403715584612143040e+09 -2.261899328200000170e+00 1.687881935100000064e+00 1.211723168300000042e+00 5.450602887000000063e-01 8.373712571000000437e-01 -3.735827979999999798e-02 -1.797271343960000003e-02
1.403715584662142992e+09 -2.238835095999999858e+00 1.601256856300000031e+00 1.216135928099999930e+00 5.407537448000000468e-01 8.404727102000000283e-01 -3.252251099999999701e-02 -1.154544346120000078e-02
1.403715584712143183e+09 -2.213552485600000175e+00 1.517576035500000087e+00 1.220444786500000101e+00 5.363152122000000022e-01 8.436449878999999763e-01 -2.503461159999999935e-02 -1.547843262090000012e-03
1.403715584762142897e+09 -2.187096947600000174e+00 1.437796869500000074e+00 1.225697717999999936e+00 5.319612392000000467e-01 8.465267041999999797e-01 -1.860688619999999877e-02 7.972630253040000059e-03
1.403715584812143087e+09 -2.160459823000000057e+00 1.361821997899999914e+00 1.232298978700000047e+00 5.295304021000000194e-01 8.480271779000000398e-01 -1.397258839999999946e-02 1.588161049529999980e-02
1.403715584862143040e+09 -2.134098792800000144e+00 1.289326784500000045e+00 1.239772407500000062e+00 5.272120379000000412e-01 8.493714202000000046e-01 -1.099097660000000060e-02 2.224536087290000103e-02
1.403715584912142992e+09 -2.108176522599999991e+00 1.220009626199999975e+00 1.247279552900000033e+00 5.228291595999999819e-01 8.519217397999999664e-01 -7.542990599999999622e-03 2.867267736600000172e-02
1.403715584962142944e+09 -2.082787208800000123e+00 1.154270509799999900e+00 1.254403114999999902e+00 5.168208288000000206e-01 8.552581369999999739e-01 -2.206614100000000005e-03 3.774759425069999785e-02
1.403715585012143135e+09 -2.059091388600000183e+00 1.091985547499999987e+00 1.261115084899999905e+00 5.082201074000000096e-01 8.601436681999999889e-01 5.035435000000000215e-04 4.318493743560000014e-02
1.403715585062143087e+09 -2.037229175299999806e+00 1.033885865200000032e+00 1.267776507900000071e+00 4.989985680999999840e-01 8.654211384000000118e-01 2.222902000000000016e-04 4.523972706269999838e-02
1.403715585112143040e+09 -2.017416957600000060e+00 9.808617359000000313e-01 1.274794659599999935e+00 4.902109257000000220e-01 8.704373007000000273e-01 -1.918117900000000089e-03 4.503859110289999690e-02
1.403715585162142992e+09 -1.999437936100000091e+00 9.332191206000000072e-01 1.282205072600000051e+00 4.826667055000000150e-01 8.746219546000000289e-01 -3.209131300000000152e-03 4.537608768229999673e-02
1.403715585212143183e+09 -1.983204562300000084e+00 8.918182340000000430e-01 1.290557774799999891e+00 4.790316641999999847e-01 8.766962500999999630e-01 -5.338338899999999637e-03 4.363315176930000067e-02
1.403715585262142897e+09 -1.968432025000000030e+00 8.571240941000000113e-01 1.299701530099999891e+00 4.806106015000000120e-01 8.758126334000000401e-01 -5.068834700000000165e-03 4.404529359309999892e-02
1.403715585312143087e+09 -1.955259342199999972e+00 8.291572286999999708e-01 1.310278138499999967e+00 4.874460868000000113e-01 8.720794257999999743e-01 -5.449232000000000034e-03 4.294290875330000062e-02
1.403715585362143040e+09 -1.943317829399999974e+00 8.067720026000000377e-01 1.321144958799999936e+00 4.959888445000000257e-01 8.672007702999999790e-01 -3.100426800000000149e-03 4.413929577149999783e-02
1.403715585412142992e+09 -1.932921179000000045e+00 7.893001309999999604e-01 1.332113882200000043e+00 5.045816252000000501e-01 8.622072680000000267e-01 -1.378199999999999998e-03 4.465547189690000085e-02
1.403715585462142944e+09 -1.924110907600000031e+00 7.755905171000000431e-01 1.342603246099999925e+00 5.115927435999999551e-01 8.580600997999999757e-01 4.597493000000000131e-04 4.478301579929999665e-02
1.403715585512143135e+09 -1.917014314700000055e+00 7.658512404999999745e-01 1.353073549599999925e+00 5.196660497999999739e-01 8.531368401000000157e-01 2.990683999999999964e-03 4.577974061259999783e-02
1.403715585562143087e+09 -1.911748177900000067e+00 7.590868186000000462e-01 1.363213067200000017e+00 5.285251316000000310e-01 8.476044111999999631e-01 5.754592400000000350e-03 4.684903468280000177e-02
1.403715585612143040e+09 -1.908300814299999981e+00 7.549581962000000424e-01 1.371999150399999978e+00 5.347522178000000403e-01 8.436379686999999628e-01 7.952153700000000672e-03 4.745320447870000208e-02
1.403715585662142992e+09 -1.906590728999999929e+00 7.529445447000000513e-01 1.379588976500000008e+00 5.395570878000000015e-01 8.405449390000000465e-01 9.732398999999999217e-03 4.761969098169999831e-02
1.403715585712143183e+09 -1.906574541799999967e+00 7.526040932999999988e-01 1.385132343700000046e+00 5.407147075999999553e-01 8.397813259999999946e-01 1.090570390000000084e-02 4.770739099239999781e-02
1.403715585762142897e+09 -1.908324798700000047e+00 7.540146263000000459e-01 1.387769514599999976e+00 5.412695753999999804e-01 8.394581097000000103e-01 1.127453619999999913e-02 4.701290900150000007e-02
1.403715585812143087e+09 -1.911823751600000065e+00 7.570656868999999789e-01 1.385580160900000024e+00 5.414586886000000154e-01 8.395599355999999736e-01 9.213311700000000742e-03 4.332110361879999705e-02
1.403715585862143040e+09 -1.916561594800000101e+00 7.613656041999999902e-01 1.377169585200000101e+00 5.408117460000000376e-01 8.402447020000000100e-01 6.166906300000000313e-03 3.838574459090000196e-02
1.403715585912142992e+09 -1.922604179899999988e+00 7.671333554000000499e-01 1.364361479899999896e+00 5.400821751000000059e-01 8.411090226999999864e-01 -4.138378999999999973e-04 2.909785035720000024e-02
1.403715585962142944e+09 -1.929047724599999958e+00 7.746551352999999640e-01 1.349869007499999940e+00 5.395871879000000426e-01 8.416794574000000528e-01 -8.411364299999999836e-03 1.872449245620000022e-02
1.403715586012143135e+09 -1.935766743599999895e+00 7.843704608999999550e-01 1.335783403900000055e+00 5.395463368999999787e-01 8.417327230000000160e-01 -1.855335019999999890e-02 5.616640810359999590e-03
1.403715586062143087e+09 -1.941300698500000088e+00 7.967381530999999573e-01 1.324451085800000039e+00 5.428706931000000235e-01 8.393165867999999863e-01 -2.828850609999999932e-02 -6.232019081750000099e-03
1.403715586112143040e+09 -1.944536213699999960e+00 8.116172404000000506e-01 1.316976291600000071e+00 5.534662943999999474e-01 8.320365921000000275e-01 -3.483380199999999705e-02 -1.329573527190000028e-02
1.403715586162142992e+09 -1.945112925299999906e+00 8.277712244999999580e-01 1.312535509399999967e+00 5.648018178000000500e-01 8.242716875000000165e-01 -3.684246420000000105e-02 -1.475549681909999952e-02
1.403715586212143183e+09 -1.942999856399999947e+00 8.436660282000000288e-01 1.310498360900000048e+00 5.750885924999999954e-01 8.172756481999999822e-01 -3.484283850000000071e-02 -1.093628462640000056e-02
1.403715586262142897e+09 -1.938640221500000038e+00 8.585691340000000116e-01 1.310023453799999960e+00 5.838691232999999592e-01 8.113263032999999957e-01 -2.902736319999999967e-02 -1.971967916659999893e-03
1.403715586312143087e+09 -1.932796391099999900e+00 8.724749888999999703e-01 1.309614676400000066e+00 5.901693269000000130e-01 8.069455846999999959e-01 -2.130250989999999886e-02 9.229947477919999213e-03
1.403715586362143040e+09 -1.926304230399999984e+00 8.853268928999999954e-01 1.309364676499999991e+00 5.964597120000000308e-01 8.022540530999999753e-01 -1.268666339999999920e-02 2.152428597840000055e-02
1.403715586412142992e+09 -1.920218406000000044e+00 8.968980614999999545e-01 1.308983833799999941e+00 6.024295344000000219e-01 7.975146250000000325e-01 -5.415105699999999724e-03 3.193361215380000062e-02
1.403715586462142944e+09 -1.915149571099999948e+00 9.066436486000000183e-01 1.308551631700000106e+00 6.079119792999999605e-01 7.930487801000000170e-01 -2.023460000000000105e-05 3.894428669799999965e-02
1.403715586512143135e+09 -1.911434488000000043e+00 9.142845200000000450e-01 1.308457322800000044e+00 6.119862722000000144e-01 7.896553553999999808e-01 3.702481300000000190e-03 4.362927946510000016e-02
1.403715586562143087e+09 -1.909510262099999967e+00 9.194638269999999558e-01 1.308924206899999998e+00 6.149775326999999958e-01 7.872296464000000382e-01 5.097348300000000346e-03 4.523422637039999777e-02
1.403715586612143040e+09 -1.909234448799999928e+00 9.219006609000000019e-01 1.309686750800000077e+00 6.166780705000000085e-01 7.858627598999999853e-01 5.559267700000000353e-03 4.579273383920000329e-02
1.403715586662142992e+09 -1.910561797900000025e+00 9.214367758000000519e-01 1.309937067199999916e+00 6.153930432999999978e-01 7.868748461000000249e-01 5.100983899999999779e-03 4.575323817040000129e-02
1.403715586712143183e+09 -1.913543053299999963e+00 9.182583596000000181e-01 1.310322608199999905e+00 6.123300544999999984e-01 7.894313716999999953e-01 2.624297800000000101e-03 4.293165310980000260e-02
1.403715586762142897e+09 -1.918013768600000057e+00 9.122803701999999682e-01 1.310498035900000025e+00 6.061929016999999531e-01 7.943991263999999886e-01 -1.533320199999999977e-03 3.818170727990000124e-02
1.403715586812143087e+09 -1.923620482500000062e+00 9.039114071999999611e-01 1.310562791499999991e+00 5.972337911999999749e-01 8.013866173000000481e-01 -6.658606200000000142e-03 3.235662623840000057e-02
1.403715586862143040e+09 -1.929688626399999940e+00 8.940418995000000146e-01 1.310817142100000110e+00 5.870299016000000147e-01 8.090330892000000551e-01 -1.149682789999999927e-02 2.700329904169999906e-02
1.403715586912142992e+09 -1.935894711200000007e+00 8.835902272000000224e-01 1.311717819500000104e+00 5.776756219999999997e-01 8.157835178000000242e-01 -1.529027730000000022e-02 2.354432722149999921e-02
1.403715586962142944e+09 -1.941935975900000111e+00 8.731475839000000239e-01 1.313208534599999977e+00 5.706871122000000129e-01 8.206787798000000356e-01 -1.779393749999999899e-02 2.204395842870000150e-02
1.403715587012143135e+09 -1.947868317399999993e+00 8.629447264999999812e-01 1.315244352699999952e+00 5.667116368000000293e-01 8.234065421999999801e-01 -1.984369399999999853e-02 2.111432643960000147e-02
1.403715587062143087e+09 -1.953543080600000037e+00 8.532341689000000340e-01 1.317507456299999991e+00 5.646937409000000185e-01 8.247604765999999588e-01 -2.167502669999999895e-02 2.052628826899999953e-02
1.403715587112143040e+09 -1.958782194499999907e+00 8.445072840999999775e-01 1.320646929200000042e+00 5.656863172999999634e-01 8.240463943000000402e-01 -2.256290710000000144e-02 2.091520296629999914e-02
1.403715587162142992e+09 -1.963607765899999968e+00 8.363115274000000321e-01 1.325023066600000021e+00 5.701622773000000199e-01 8.209215665000000328e-01 -2.046566479999999827e-02 2.416434761719999866e-02
1.403715587212143183e+09 -1.968339630900000081e+00 8.286449878999999630e-01 1.331181319099999927e+00 5.768242379000000364e-01 8.162226340999999552e-01 -1.750747160000000122e-02 2.734773248719999869e-02
1.403715587262142897e+09 -1.973430923100000012e+00 8.208126565000000152e-01 1.338002796400000083e+00 5.821516328000000406e-01 8.124094564999999601e-01 -1.466103179999999999e-02 2.958725384510000125e-02
1.403715587312143087e+09 -1.979345079600000057e+00 8.126227329999999860e-01 1.345781626399999986e+00 5.864222668999999888e-01 8.093582977000000067e-01 -1.228766100000000007e-02 2.995136510850000128e-02
1.403715587362143040e+09 -1.986337505799999903e+00 8.034639045999999452e-01 1.353851826000000091e+00 5.888976577000000212e-01 8.077024255000000430e-01 -1.255745200000000020e-02 2.566419813289999921e-02
1.403715587412142992e+09 -1.993775462099999896e+00 7.934776912000000015e-01 1.362210566999999983e+00 5.914096310999999995e-01 8.060152510000000436e-01 -1.473518750000000002e-02 1.889279475710000170e-02
1.403715587462142944e+09 -2.001032855000000055e+00 7.825885583999999673e-01 1.370388084400000039e+00 5.918746136000000435e-01 8.057387217000000490e-01 -1.828928729999999836e-02 1.162136240679999960e-02
1.403715587512143135e+09 -2.007656003300000158e+00 7.707690145000000159e-01 1.378468975999999957e+00 5.907225195999999956e-01 8.065168710000000241e-01 -2.347006719999999991e-02 5.157280533359999593e-03
1.403715587562143087e+09 -2.012885909099999981e+00 7.581738730000000537e-01 1.387027505799999894e+00 5.894020135999999965e-01 8.072345197000000416e-01 -3.124426870000000106e-02 -1.221613472499999929e-03
1.403715587612143040e+09 -2.016232919400000156e+00 7.448185577999999474e-01 1.395814493200000062e+00 5.871228985999999983e-01 8.084337145000000113e-01 -4.101961199999999697e-02 -6.246812037269999611e-03
1.403715587662142992e+09 -2.017001044600000181e+00 7.307123331999999527e-01 1.404475646000000078e+00 5.841380518000000022e-01 8.099579125000000435e-01 -5.169800070000000330e-02 -8.844956821390000459e-03
1.403715587712143183e+09 -2.015040721300000115e+00 7.158157083999999726e-01 1.412318145299999994e+00 5.797731053000000356e-01 8.123501491000000296e-01 -6.234324659999999907e-02 -7.981308550739999938e-03
1.403715587762142897e+09 -2.009679090200000129e+00 7.007636953000000446e-01 1.420145726599999936e+00 5.763645687999999767e-01 8.138048397999999573e-01 -7.421615319999999572e-02 -4.186790527819999642e-03
1.403715587812143087e+09 -2.001189704300000205e+00 6.858949654999999535e-01 1.427954378899999988e+00 5.742918513000000447e-01 8.139656036000000316e-01 -8.743040859999999526e-02 2.188471237100000216e-03
1.403715587862143040e+09 -1.989385367799999971e+00 6.709456558999999931e-01 1.435770926600000053e+00 5.736859850000000094e-01 8.127484530999999901e-01 -1.009443914999999942e-01 1.160053280899999914e-02
1.403715587912142992e+09 -1.974115051999999926e+00 6.559610924000000010e-01 1.443580597299999990e+00 5.737356101999999680e-01 8.106877928000000288e-01 -1.138987971999999987e-01 2.529458957340000036e-02
1.403715587962142944e+09 -1.955749210800000082e+00 6.406892003999999918e-01 1.451391745800000077e+00 5.758868571999999908e-01 8.065828659999999539e-01 -1.265387014000000088e-01 4.202814487820000222e-02
1.403715588012143135e+09 -1.934940469899999904e+00 6.247149167000000114e-01 1.459125084300000097e+00 5.788030373000000450e-01 8.013114319999999902e-01 -1.389526943000000125e-01 5.982626269030000277e-02
1.403715588062143087e+09 -1.912409800500000090e+00 6.078714051000000396e-01 1.466172282899999901e+00 5.823393293999999942e-01 7.949098022999999680e-01 -1.514454571999999943e-01 7.786902556279999554e-02
1.403715588112143040e+09 -1.888564389599999949e+00 5.896090247999999923e-01 1.471084588200000098e+00 5.851754274999999561e-01 7.883597419000000217e-01 -1.640370351999999865e-01 9.565818053590000036e-02
1.403715588162142992e+09 -1.864080421699999990e+00 5.696514840999999940e-01 1.471807395499999949e+00 5.878744038000000005e-01 7.811820353999999744e-01 -1.772328347000000082e-01 1.129018827970000027e-01
1.403715588212143183e+09 -1.839318054900000110e+00 5.484491427000000030e-01 1.467251357299999892e+00 5.900060902999999524e-01 7.738033332999999514e-01 -1.909129571000000025e-01 1.291257429840000082e-01
1.403715588262142897e+09 -1.814962964700000070e+00 5.255889505999999933e-01 1.456790021800000057e+00 5.908829145999999755e-01 7.667962657000000348e-01 -2.059199810000000019e-01 1.431007667849999998e-01
1.403715588312143087e+09 -1.791200387599999999e+00 5.008852941000000447e-01 1.441121788100000023e+00 5.901784446000000184e-01 7.604955119999999846e-01 -2.218817063000000089e-01 1.552562019550000061e-01
1.403715588362143040e+09 -1.768028427800000024e+00 4.739132113999999785e-01 1.422321287199999951e+00 5.886371351000000418e-01 7.545105765999999825e-01 -2.374636435999999962e-01 1.668266493889999924e-01
1.403715588412142992e+09 -1.745575969199999911e+00 4.441614756999999747e-01 1.402851485400000042e+00 5.860970838000000294e-01 7.489824875999999687e-01 -2.520951303000000254e-01 1.787833520899999862e-01
1.403715588462142944e+09 -1.723921272199999910e+00 4.119168644000000268e-01 1.383559025300000078e+00 5.831557863999999869e-01 7.436791367999999736e-01 -2.658047211999999826e-01 1.903116403810000135e-01
1.403715588512143135e+09 -1.703191843699999986e+00 3.771047473999999955e-01 1.364501593900000032e+00 5.785926193999999523e-01 7.394368317999999718e-01 -2.799301671000000158e-01 2.002569699160000050e-01
1.403715588562143087e+09 -1.683147098899999916e+00 3.398798834000000268e-01 1.346142092100000021e+00 5.743872344999999546e-01 7.346306112999999582e-01 -2.937130210000000186e-01 2.100710144140000013e-01
1.403715588612143040e+09 -1.663905839000000109e+00 3.004207034999999970e-01 1.327784898600000041e+00 5.679939389000000505e-01 7.313440736999999858e-01 -3.077806158999999986e-01 2.186088372199999907e-01
1.403715588662142992e+09 -1.645765873700000048e+00 2.587636541000000179e-01 1.309218388599999949e+00 5.596534503000000216e-01 7.294773517000000540e-01 -3.222156096000000081e-01 2.254504600320000052e-01
1.403715588712143183e+09 -1.628210292899999967e+00 2.151951804999999995e-01 1.290405152099999952e+00 5.492270603000000140e-01 7.289444359000000206e-01 -3.358382568000000123e-01 2.328138974739999978e-01
1.403715588762142897e+09 -1.611348114099999895e+00 1.701777077000000138e-01 1.271380895400000099e+00 5.376314161999999897e-01 7.289264749999999626e-01 -3.495809793999999915e-01 2.396075818260000045e-01
1.403715588812143087e+09 -1.594687400400000010e+00 1.237932322000000057e-01 1.251813768399999915e+00 5.233062014999999567e-01 7.304231662000000291e-01 -3.627710180000000006e-01 2.470421143750000104e-01
1.403715588862143040e+09 -1.577909107900000052e+00 7.688161179999999928e-02 1.231530194000000078e+00 5.068230804000000145e-01 7.328786588000000268e-01 -3.760813774999999803e-01 2.541299554809999806e-01
1.403715588912142992e+09 -1.560733757499999985e+00 3.005462620000000015e-02 1.210765076099999948e+00 4.888114097999999852e-01 7.360061333999999844e-01 -3.892048498999999828e-01 2.605339939260000182e-01
1.403715588962142944e+09 -1.542622577800000006e+00 -1.589379189999999900e-02 1.190108464199999938e+00 4.713247166999999793e-01 7.382523645999999884e-01 -4.024211126000000194e-01 2.662587192979999906e-01
1.403715589012143135e+09 -1.523028776899999936e+00 -6.019547719999999991e-02 1.170198880700000110e+00 4.546620626000000276e-01 7.396164992999999521e-01 -4.151572692000000120e-01 2.718350320060000103e-01
1.403715589062143087e+09 -1.501470687300000106e+00 -1.021567460000000066e-01 1.152415487200000088e+00 4.410913546999999935e-01 7.386604400999999820e-01 -4.282805465999999783e-01 2.763963540839999844e-01
1.403715589112143040e+09 -1.477093939600000017e+00 -1.414010122999999897e-01 1.138218320100000014e+00 4.308746473000000243e-01 7.359069960999999882e-01 -4.394992374000000201e-01 2.821849600390000101e-01
1.403715589162142992e+09 -1.449569401500000021e+00 -1.774647639999999971e-01 1.127154679700000051e+00 4.224416125000000077e-01 7.324918293000000080e-01 -4.502633971000000179e-01 2.868129658219999989e-01
1.403715589212143183e+09 -1.418499538699999896e+00 -2.102154717999999978e-01 1.120628062400000013e+00 4.163012718999999917e-01 7.282690256999999612e-01 -4.594112697000000134e-01 2.919910315279999891e-01
1.403715589262142897e+09 -1.384327585999999943e+00 -2.400482971000000021e-01 1.117131583099999936e+00 4.101887381000000055e-01 7.239052065000000091e-01 -4.682988436000000143e-01 2.973258217909999779e-01
1.403715589312143087e+09 -1.346789818500000013e+00 -2.668662949000000228e-01 1.116949948600000075e+00 4.033207139000000163e-01 7.201665122000000530e-01 -4.778211426000000261e-01 3.006319213029999826e-01
1.403715589362143040e+09 -1.305750881200000046e+00 -2.909892671000000042e-01 1.119737640100000098e+00 3.945992065000000215e-01 7.172540276000000103e-01 -4.875293312000000268e-01 3.035675829039999885e-01
1.403715589412142992e+09 -1.261088734199999895e+00 -3.121435041000000243e-01 1.125387737600000104e+00 3.875283669999999847e-01 7.132638397999999658e-01 -4.978261767000000115e-01 3.053613556279999863e-01
1.403715589462142944e+09 -1.212518226200000049e+00 -3.305082449000000255e-01 1.131789701600000031e+00 3.805772293999999945e-01 7.089653146000000072e-01 -5.082206617000000204e-01 3.069868308420000136e-01
1.403715589512143135e+09 -1.159771875599999946e+00 -3.462673949000000251e-01 1.138213265999999946e+00 3.732540436999999822e-01 7.053451711999999540e-01 -5.171885239000000301e-01 3.093309539340000081e-01
1.403715589562143087e+09 -1.102736905600000039e+00 -3.594319561000000052e-01 1.145260903300000077e+00 3.667611954000000174e-01 7.025523783999999550e-01 -5.238861338000000423e-01 3.121693449480000271e-01
1.403715589612143040e+09 -1.041123129999999897e+00 -3.696139367999999870e-01 1.154994030699999952e+00 3.612457785000000032e-01 7.002938372000000466e-01 -5.295469536000000366e-01 3.141178968059999965e-01
1.403715589662142992e+09 -9.737816459999999452e-01 -3.765315295000000173e-01 1.168952456800000039e+00 3.593497343000000011e-01 6.971260381999999645e-01 -5.336401795999999864e-01 3.164035619150000200e-01
1.403715589712143183e+09 -9.007869557000000027e-01 -3.801769537999999948e-01 1.187121409700000019e+00 3.604772660000000184e-01 6.935841333000000164e-01 -5.346978945999999455e-01 3.210846495960000269e-01
1.403715589762142897e+09 -8.215629497999999975e-01 -3.803755055999999968e-01 1.210714210999999985e+00 3.678071898999999978e-01 6.875293478999999763e-01 -5.321030141000000491e-01 3.299812861990000235e-01
1.403715589812143087e+09 -7.372887975999999899e-01 -3.777031790000000000e-01 1.239518773599999957e+00 3.809574325999999789e-01 6.788516393000000315e-01 -5.254612495999999577e-01 3.433982549099999781e-01
1.403715589862143040e+09 -6.497741471000000324e-01 -3.723845158999999905e-01 1.271799074400000062e+00 3.971065751999999782e-01 6.686952939000000429e-01 -5.177568817000000045e-01 3.564839173530000016e-01
1.403715589912142992e+09 -5.612859648000000368e-01 -3.649942436999999984e-01 1.303967339099999956e+00 4.111572347999999932e-01 6.596083678999999922e-01 -5.122628836999999491e-01 3.653125609999999801e-01
1.403715589962142944e+09 -4.727973127999999803e-01 -3.560048304000000274e-01 1.334989550199999986e+00 4.231054882999999989e-01 6.519579734999999543e-01 -5.074802765000000493e-01 3.720165528680000055e-01
1.403715590012143135e+09 -3.851338032000000133e-01 -3.459741100000000014e-01 1.364071460999999985e+00 4.323284790999999960e-01 6.463508795000000307e-01 -5.039861955000000115e-01 3.759262446689999870e-01
1.403715590062143087e+09 -2.984174473999999799e-01 -3.350212290999999842e-01 1.391390173700000066e+00 4.378897171999999727e-01 6.434207049000000289e-01 -5.006483953999999459e-01 3.789638190469999945e-01
1.403715590112143040e+09 -2.131583468999999897e-01 -3.235476520000000189e-01 1.417058374100000018e+00 4.400711144000000186e-01 6.428019471999999457e-01 -4.979800395999999796e-01 3.809973112119999783e-01
1.403715590162142992e+09 -1.295268340999999879e-01 -3.114400552000000100e-01 1.441497778500000049e+00 4.398649874000000182e-01 6.440323801999999764e-01 -4.959978185999999734e-01 3.817423870969999800e-01
1.403715590212143183e+09 -4.777810219999999858e-02 -2.985261605999999790e-01 1.464199996300000084e+00 4.373615386999999965e-01 6.478899063999999930e-01 -4.946709537000000267e-01 3.798081109790000243e-01
1.403715590262142897e+09 3.245784089999999983e-02 -2.846673331999999834e-01 1.486368378899999954e+00 4.351752695000000171e-01 6.527632386999999703e-01 -4.910657756999999846e-01 3.786516115990000153e-01
1.403715590312143087e+09 1.110712293999999989e-01 -2.693531693999999810e-01 1.508272802900000098e+00 4.329481472999999747e-01 6.590957679000000180e-01 -4.851336923999999828e-01 3.778808952330000026e-01
1.403715590362143040e+09 1.882695631999999897e-01 -2.525899573000000009e-01 1.529524788800000090e+00 4.305827292000000139e-01 6.667900164000000185e-01 -4.762006690999999736e-01 3.784474997280000141e-01
1.403715590412142992e+09 2.643231608000000121e-01 -2.330576289000000079e-01 1.550525366900000090e+00 4.288288116999999788e-01 6.754861511999999957e-01 -4.656071093999999966e-01 3.781987962700000261e-01
1.403715590462142944e+09 3.391823823999999821e-01 -2.105987708000000014e-01 1.571193782399999961e+00 4.295477557999999862e-01 6.840112311999999584e-01 -4.529403215999999732e-01 3.774419506069999763e-01
1.403715590512143135e+09 4.123888109000000135e-01 -1.851039355999999914e-01 1.591111278300000098e+00 4.305763007999999781e-01 6.932205155999999757e-01 -4.400542204999999818e-01 3.747020803519999776e-01
1.403715590562143087e+09 4.840201420999999948e-01 -1.564178011000000035e-01 1.610873269500000093e+00 4.321583917999999858e-01 7.029524537000000350e-01 -4.253763245000000137e-01 3.716879802729999849e-01
1.403715590612143040e+09 5.538601987000000282e-01 -1.244212818999999998e-01 1.630021753300000098e+00 4.337769345999999970e-01 7.132374132000000033e-01 -4.119758919000000019e-01 3.652476254550000023e-01
1.403715590662142992e+09 6.213182407999999768e-01 -8.878843320000000261e-02 1.649054829100000008e+00 4.379724332000000109e-01 7.223448478999999756e-01 -4.020359439000000257e-01 3.532211322159999889e-01
1.403715590712143183e+09 6.868353542999999783e-01 -4.948816019999999899e-02 1.668051276899999991e+00 4.444817576000000270e-01 7.304654111999999699e-01 -3.946287774000000192e-01 3.363396769770000128e-01
1.403715590762142897e+09 7.511550972999999631e-01 -7.002041700000000320e-03 1.687392964100000059e+00 4.536907803999999933e-01 7.366404966999999804e-01 -3.864651400999999931e-01 3.196406575719999976e-01
1.403715590812143087e+09 8.146366951000000300e-01 3.812624729999999906e-02 1.707483729300000030e+00 4.652043768999999940e-01 7.412168728000000373e-01 -3.764732252999999917e-01 3.040564846120000220e-01
1.403715590862143040e+09 8.772808530000000271e-01 8.513210829999999507e-02 1.727678832100000061e+00 4.770874520000000230e-01 7.451999285999999501e-01 -3.640673299000000140e-01 2.907225632429999984e-01
1.403715590912142992e+09 9.387531787999999766e-01 1.334424143000000063e-01 1.747369333400000002e+00 4.889292154000000057e-01 7.491227556999999759e-01 -3.496286430000000167e-01 2.784297599860000028e-01
1.403715590962142944e+09 9.990626514999999541e-01 1.829378314000000005e-01 1.766519334100000060e+00 4.976732949000000072e-01 7.549389154000000213e-01 -3.336843348999999903e-01 2.665394721889999818e-01
1.403715591012143135e+09 1.057903931100000028e+00 2.331537501000000012e-01 1.784755976300000047e+00 5.038741460000000227e-01 7.619200273999999773e-01 -3.172983366000000083e-01 2.547753569139999952e-01
1.403715591062143087e+09 1.115128477100000071e+00 2.841851590000000205e-01 1.802244235200000100e+00 5.086644130999999902e-01 7.697715500999999794e-01 -3.002175304999999961e-01 2.420365876339999889e-01
1.403715591112143040e+09 1.171313323299999931e+00 3.360802888000000155e-01 1.819063764500000069e+00 5.128214859999999931e-01 7.775931471999999456e-01 -2.819197728999999764e-01 2.299657857799999872e-01
1.403715591162142992e+09 1.226693707699999969e+00 3.885865359999999824e-01 1.834946430600000067e+00 5.155167313999999834e-01 7.860390407999999773e-01 -2.608413533999999756e-01 2.198793177070000049e-01
1.403715591212143183e+09 1.280460608000000056e+00 4.418125307999999918e-01 1.850279802600000023e+00 5.174201260999999885e-01 7.943432890999999607e-01 -2.390057519000000075e-01 2.101699380369999870e-01
1.403715591262142897e+09 1.332643498399999960e+00 4.961529463000000084e-01 1.864655116500000043e+00 5.191081923999999459e-01 8.020202605999999790e-01 -2.153701838000000035e-01 2.022519966000000113e-01
1.403715591312143087e+09 1.383082326000000029e+00 5.519968769999999969e-01 1.878366548700000083e+00 5.209894512999999616e-01 8.087813913000000410e-01 -1.914808178000000083e-01 1.943649895579999953e-01
1.403715591362143040e+09 1.431175130800000028e+00 6.097295324999999488e-01 1.892483588399999972e+00 5.238373013999999550e-01 8.141899221999999714e-01 -1.696284220000000009e-01 1.841614798519999874e-01
1.403715591412142992e+09 1.476943979699999909e+00 6.694087827000000379e-01 1.906239361399999943e+00 5.264708282000000183e-01 8.190078428999999494e-01 -1.476658238000000123e-01 1.739236177000000050e-01
1.403715591462142944e+09 1.519947487999999902e+00 7.306730652999999798e-01 1.919478309100000057e+00 5.297562489999999569e-01 8.226937584000000303e-01 -1.270421817999999869e-01 1.624610127289999872e-01
1.403715591512143135e+09 1.560072588099999935e+00 7.933583895000000386e-01 1.931435271800000075e+00 5.313633851000000297e-01 8.268206278999999936e-01 -1.080152139000000039e-01 1.495102535910000086e-01
1.403715591562143087e+09 1.597393956399999926e+00 8.575690957999999586e-01 1.940871720899999930e+00 5.333803635999999626e-01 8.301321889999999648e-01 -8.970922829999999903e-02 1.354185764339999876e-01
1.403715591612143040e+09 1.632066992299999963e+00 9.231859068000000113e-01 1.947058772399999915e+00 5.350069828000000305e-01 8.331272274000000033e-01 -7.327307480000000428e-02 1.195726051390000044e-01
1.403715591662142992e+09 1.664543096899999908e+00 9.905600146999999911e-01 1.950522779299999954e+00 5.379413960000000161e-01 8.345560409000000179e-01 -5.695465610000000067e-02 1.043620435370000016e-01
1.403715591712143183e+09 1.695358814200000008e+00 1.059272124200000054e+00 1.950819517300000028e+00 5.417152031999999950e-01 8.344664515999999921e-01 -3.880933250000000168e-02 9.329638564330000605e-02
1.403715591762142897e+09 1.724221562399999907e+00 1.129221686399999980e+00 1.948043229999999904e+00 5.451775021000000443e-01 8.339183970000000334e-01 -2.139450119999999900e-02 8.308955207139999410e-02
1.403715591812143087e+09 1.750839472600000057e+00 1.199805316900000030e+00 1.941983292700000030e+00 5.476313026000000361e-01 8.334900978999999488e-01 -4.157192300000000194e-03 7.332755909429999885e-02
1.403715591862143040e+09 1.774830131599999916e+00 1.271045364199999916e+00 1.932312395200000088e+00 5.494795011999999979e-01 8.329922866000000203e-01 1.201124760000000027e-02 6.365420755410000631e-02
1.403715591912142992e+09 1.796048676200000083e+00 1.342627671400000056e+00 1.919257227899999974e+00 5.509937619000000453e-01 8.321950237999999889e-01 2.898625709999999925e-02 5.492825874949999743e-02
1.403715591962142944e+09 1.814683315899999982e+00 1.414825850199999957e+00 1.902922012499999926e+00 5.525595738999999895e-01 8.307350444000000111e-01 4.741965199999999964e-02 4.804768302719999995e-02
1.403715592012143135e+09 1.830596310800000071e+00 1.487283773899999995e+00 1.883265017700000099e+00 5.532496832000000087e-01 8.291501715000000328e-01 6.733481430000000378e-02 4.348337641060000258e-02
1.403715592062143087e+09 1.842916541499999949e+00 1.559818244199999926e+00 1.860986087099999908e+00 5.539308567999999822e-01 8.271641279000000457e-01 8.682649159999999977e-02 3.769975854720000047e-02
1.403715592112143040e+09 1.851265766600000084e+00 1.632221849100000011e+00 1.837570477100000099e+00 5.552632911999999532e-01 8.242408034000000550e-01 1.064289920000000000e-01 3.134717094009999844e-02
1.403715592162142992e+09 1.854663438500000039e+00 1.704696696400000100e+00 1.815903839500000005e+00 5.590344861999999582e-01 8.192816620999999744e-01 1.254509836000000100e-01 2.280465044669999913e-02
1.403715592212143183e+09 1.852708450499999993e+00 1.776795342100000008e+00 1.797962776599999923e+00 5.653048102000000075e-01 8.120465729000000410e-01 1.443801323999999997e-01 1.285349348999999947e-02
1.403715592262142897e+09 1.845640394699999964e+00 1.847543832099999950e+00 1.783242862500000081e+00 5.698414317000000118e-01 8.053690359999999826e-01 1.632627497999999955e-01 2.594813734720000185e-03
1.403715592312143087e+09 1.833440029899999990e+00 1.916162418399999900e+00 1.772127077099999948e+00 5.736376818999999738e-01 7.985270459000000098e-01 1.823035177000000007e-01 -7.732679327050000044e-03
1.403715592362143040e+09 1.815919397600000096e+00 1.982526903999999979e+00 1.763939619400000103e+00 5.753321798999999626e-01 7.925906041000000402e-01 2.011763641000000047e-01 -1.791891829429999999e-02
1.403715592412142992e+09 1.793006558200000100e+00 2.046360550500000208e+00 1.758812611900000045e+00 5.759148904999999985e-01 7.867089575000000279e-01 2.205574857000000000e-01 -2.766677662329999898e-02
1.403715592462142944e+09 1.765126148000000006e+00 2.107127912899999789e+00 1.755882743499999954e+00 5.749479955999999836e-01 7.815289294999999692e-01 2.392716681000000012e-01 -3.736848404350000263e-02
1.403715592512143135e+09 1.732416919200000072e+00 2.164765641999999879e+00 1.754200164300000031e+00 5.749477290000000185e-01 7.749756600999999634e-01 2.581943257000000047e-01 -4.672820719049999849e-02
1.403715592562143087e+09 1.695530731799999913e+00 2.219012216899999945e+00 1.752685610899999968e+00 5.752006070999999832e-01 7.676960339999999716e-01 2.768375071999999992e-01 -5.610753554490000017e-02
1.403715592612143040e+09 1.654080578000000079e+00 2.269893860399999852e+00 1.750921315400000067e+00 5.751901507000000136e-01 7.601786267000000263e-01 2.949523756999999913e-01 -6.548161642979999364e-02
1.403715592662142992e+09 1.607944448200000043e+00 2.317255106100000184e+00 1.748659965899999946e+00 5.747812157999999672e-01 7.520369367000000471e-01 3.139953315999999828e-01 -7.398602284959999997e-02
1.403715592712143183e+09 1.557094409000000068e+00 2.360044327899999850e+00 1.746847713600000018e+00 5.736498621000000186e-01 7.438876693999999512e-01 3.324795390999999989e-01 -8.375157920860000493e-02
1.403715592762142897e+09 1.501332321300000050e+00 2.398015552199999956e+00 1.745636162500000088e+00 5.704505790999999659e-01 7.371561889000000090e-01 3.491576754999999865e-01 -9.631099415740000669e-02
1.403715592812143087e+09 1.440896517499999918e+00 2.431001567500000071e+00 1.745413450100000041e+00 5.648309889000000528e-01 7.327164968999999584e-01 3.619157158999999901e-01 -1.144967413319999960e-01
1.403715592862143040e+09 1.376309990900000058e+00 2.459176605600000176e+00 1.746007153000000089e+00 5.554537282000000520e-01 7.316629223999999709e-01 3.701166084999999994e-01 -1.383987713319999868e-01
1.403715592912142992e+09 1.308574272900000057e+00 2.483449891299999823e+00 1.747073543399999984e+00 5.446671517000000184e-01 7.309316394000000550e-01 3.769861935000000108e-01 -1.641890442039999898e-01
1.403715592962142944e+09 1.238536143599999972e+00 2.504630278000000043e+00 1.748220234699999986e+00 5.331796482999999753e-01 7.297895307999999748e-01 3.834046040999999905e-01 -1.900726514330000061e-01
1.403715593012143135e+09 1.166797967900000010e+00 2.523788343100000109e+00 1.749248829499999935e+00 5.227727399999999580e-01 7.266302701000000308e-01 3.902520596999999869e-01 -2.154540387849999961e-01
1.403715593062143087e+09 1.094318198499999895e+00 2.541353291900000144e+00 1.749945547200000062e+00 5.131026882000000455e-01 7.216563285999999522e-01 3.983464843999999783e-01 -2.392861324480000107e-01
1.403715593112143040e+09 1.021808798099999915e+00 2.558070490500000016e+00 1.750070302399999944e+00 5.047620869000000177e-01 7.143797683999999482e-01 4.092546207000000158e-01 -2.595909044429999812e-01
1.403715593162142992e+09 9.495726839999999447e-01 2.574317611700000175e+00 1.749431300999999994e+00 4.976428239999999836e-01 7.053807639000000407e-01 4.223125477999999933e-01 -2.764809388600000251e-01
1.403715593212143183e+09 8.778257349000000431e-01 2.590337373200000126e+00 1.748244491899999975e+00 4.923753131999999977e-01 6.946809354999999853e-01 4.360141261000000101e-01 -2.913359411029999846e-01
1.403715593262142897e+09 8.066367005000000256e-01 2.606143172099999905e+00 1.746732631900000055e+00 4.869987648999999919e-01 6.839358626000000552e-01 4.505762828000000053e-01 -3.033891102199999801e-01
1.403715593312143087e+09 7.359505598000000148e-01 2.621756835899999860e+00 1.744297715300000107e+00 4.825099393999999764e-01 6.725395655000000472e-01 4.666918731999999959e-01 -3.115660230310000056e-01
1.403715593362143040e+09 6.659025392999999848e-01 2.637416886800000082e+00 1.741735679999999897e+00 4.810907665999999971e-01 6.589219270999999711e-01 4.845602111999999795e-01 -3.155550188699999814e-01
1.403715593412142992e+09 5.960720537000000485e-01 2.651964824999999859e+00 1.739085770400000008e+00 4.791645548999999837e-01 6.452624046999999585e-01 5.027733146999999736e-01 -3.182086618609999973e-01
1.403715593462142944e+09 5.264549634999999839e-01 2.665062029600000049e+00 1.736597076200000034e+00 4.775095612999999961e-01 6.307760250999999707e-01 5.205871348999999704e-01 -3.210845061989999749e-01
1.403715593512143135e+09 4.568883095999999866e-01 2.676005867200000221e+00 1.733412954400000094e+00 4.745894616999999926e-01 6.170428971000000429e-01 5.374135809000000208e-01 -3.243602151450000193e-01
1.403715593562143087e+09 3.870827855000000262e-01 2.684016213800000106e+00 1.731555942399999992e+00 4.708604108000000177e-01 6.038772711000000015e-01 5.510137097999999733e-01 -3.316724386970000271e-01
1.403715593612143040e+09 3.174698154999999744e-01 2.689127840599999875e+00 1.730371381899999950e+00 4.687442424000000107e-01 5.888057975999999583e-01 5.636564727999999747e-01 -3.404085024010000127e-01
1.403715593662142992e+09 2.485343053000000080e-01 2.691163884299999864e+00 1.729950435199999914e+00 4.656056382000000049e-01 5.746562731000000035e-01 5.730843169999999542e-01 -3.529248123040000240e-01
1.403715593712143183e+09 1.803235186999999906e-01 2.690331091400000041e+00 1.729963501100000078e+00 4.642507100000000109e-01 5.589842166999999806e-01 5.814000799999999858e-01 -3.660353408409999787e-01
1.403715593762142897e+09 1.135786656999999977e-01 2.686242282599999864e+00 1.729978639000000040e+00 4.606801922000000049e-01 5.444253495999999970e-01 5.898307783999999776e-01 -3.787802161739999840e-01
1.403715593812143087e+09 4.882211890000000276e-02 2.679265215400000066e+00 1.729985676499999903e+00 4.558780626999999752e-01 5.297324966999999996e-01 5.991532225000000267e-01 -3.906073346539999935e-01
1.403715593862143040e+09 -1.351360840000000001e-02 2.669513715799999964e+00 1.729266476600000102e+00 4.502611475000000141e-01 5.147434922000000412e-01 6.107970252000000100e-01 -3.990376301419999994e-01
1.403715593912142992e+09 -7.290268719999999647e-02 2.656200927400000023e+00 1.728066215799999972e+00 4.410879141999999864e-01 5.011336811000000058e-01 6.223867336999999722e-01 -4.085844335100000113e-01
1.403715593962142944e+09 -1.294348978000000039e-01 2.640050453200000202e+00 1.725937225500000061e+00 4.300809375999999906e-01 4.880308948000000036e-01 6.354522776000000039e-01 -4.160007639869999774e-01
1.403715594012143135e+09 -1.835136984999999887e-01 2.621279066500000088e+00 1.723847964499999996e+00 4.183342146999999844e-01 4.749367295999999961e-01 6.490360003999999794e-01 -4.221182984990000109e-01
1.403715594062143087e+09 -2.354065560999999973e-01 2.599667007899999938e+00 1.722022194500000047e+00 4.043400307000000193e-01 4.634807315000000205e-01 6.616673436000000130e-01 -4.288252295819999782e-01
1.403715594112143040e+09 -2.851187490000000047e-01 2.575599090699999927e+00 1.720265853099999909e+00 3.900906483000000091e-01 4.525965678000000159e-01 6.736483304999999477e-01 -4.349523648449999946e-01
1.403715594162142992e+09 -3.330875734000000032e-01 2.549079143200000175e+00 1.718888530399999892e+00 3.766963581000000172e-01 4.413140355999999875e-01 6.843733883999999490e-01 -4.415595554689999980e-01
1.403715594212143183e+09 -3.795797680999999923e-01 2.520423205699999780e+00 1.717746505900000109e+00 3.645251519000000107e-01 4.293777013999999781e-01 6.942284850000000063e-01 -4.481104929110000246e-01
1.403715594262142897e+09 -4.244805493000000096e-01 2.489838411600000079e+00 1.717219860599999981e+00 3.531184223000000122e-01 4.174558261999999909e-01 7.032323646000000483e-01 -4.544251911459999960e-01
1.403715594312143087e+09 -4.678209222999999972e-01 2.457324541100000204e+00 1.716897885799999912e+00 3.430941271999999875e-01 4.041966003999999946e-01 7.121492366999999657e-01 -4.601684395940000005e-01
1.403715594362143040e+09 -5.097784220000000088e-01 2.422814610000000091e+00 1.716780200100000098e+00 3.347983310000000046e-01 3.896245803000000230e-01 7.201525482999999728e-01 -4.663508027630000052e-01
1.403715594412142992e+09 -5.501609552999999764e-01 2.386173668200000098e+00 1.716425271300000110e+00 3.270636498000000225e-01 3.738984543000000160e-01 7.286204148999999575e-01 -4.715311292420000244e-01
1.403715594462142944e+09 -5.885974349999999466e-01 2.347473114800000094e+00 1.716028396700000069e+00 3.193795287000000260e-01 3.571127022000000206e-01 7.373344066000000474e-01 -4.762407031859999806e-01
1.403715594512143135e+09 -6.250528020000000184e-01 2.306648328100000089e+00 1.715975121100000056e+00 3.130128931000000225e-01 3.383765274000000156e-01 7.461899081999999739e-01 -4.803382925529999792e-01
1.403715594562143087e+09 -6.594215877000000336e-01 2.263582804099999901e+00 1.715911051500000006e+00 3.055622738000000060e-01 3.194394973999999943e-01 7.549839405999999586e-01 -4.843442513649999781e-01
1.403715594612143040e+09 -6.912804189000000266e-01 2.218464975399999872e+00 1.715403868799999954e+00 2.966149726000000264e-01 3.008043412999999999e-01 7.636702659999999865e-01 -4.882049068379999968e-01
1.403715594662142992e+09 -7.205129193000000543e-01 2.170701929599999858e+00 1.714798465699999941e+00 2.858190721000000156e-01 2.832110102000000018e-01 7.732047452000000431e-01 -4.901565094700000014e-01
1.403715594712143183e+09 -7.468348388000000115e-01 2.120212265999999790e+00 1.713805566700000060e+00 2.707479221999999908e-01 2.681945781999999778e-01 7.838564161000000086e-01 -4.902411138450000205e-01
1.403715594762142897e+09 -7.703216343000000021e-01 2.066868110700000205e+00 1.712591324299999940e+00 2.500836660999999905e-01 2.570128824999999839e-01 7.942485938000000134e-01 -4.904810999370000091e-01
1.403715594812143087e+09 -7.922799751000000334e-01 2.010516121899999842e+00 1.711686838599999927e+00 2.289236357999999971e-01 2.462223041999999917e-01 8.030712652999999479e-01 -4.919807808910000024e-01
1.403715594862143040e+09 -8.132153722999999612e-01 1.951537521999999969e+00 1.710803957200000003e+00 2.079303026000000054e-01 2.351050668000000121e-01 8.103872184999999506e-01 -4.947354371939999829e-01
1.403715594912142992e+09 -8.336683119000000142e-01 1.890181897800000010e+00 1.709753218399999941e+00 1.887314827999999889e-01 2.223643130000000079e-01 8.174992049999999510e-01 -4.966181526530000223e-01
1.403715594962142944e+09 -8.540861638000000200e-01 1.826298076899999900e+00 1.708247368000000099e+00 1.712809637000000107e-01 2.086803063999999874e-01 8.236515573999999562e-01 -4.987118137780000016e-01
1.403715595012143135e+09 -8.744959181000000470e-01 1.760226984900000069e+00 1.706526341300000027e+00 1.563700586000000003e-01 1.931876046999999874e-01 8.288857249000000094e-01 -5.011740308730000537e-01
1.403715595062143087e+09 -8.952518401000000292e-01 1.691477156499999968e+00 1.704321970899999927e+00 1.427709654000000050e-01 1.769750310000000049e-01 8.337032960000000381e-01 -5.032247052780000063e-01
1.403715595112143040e+09 -9.163310890000000430e-01 1.619716713899999938e+00 1.702624961699999995e+00 1.283258624999999986e-01 1.614031331000000125e-01 8.368606009000000290e-01 -5.070954902680000487e-01
1.403715595162142992e+09 -9.374847162999999650e-01 1.545317352399999900e+00 1.701848687600000076e+00 1.120965446999999948e-01 1.473623360999999909e-01 8.377958300000000191e-01 -5.136310483460000409e-01
1.403715595212143183e+09 -9.592713365999999686e-01 1.468926677400000047e+00 1.700979058299999958e+00 9.800776939999999993e-02 1.312880631999999992e-01 8.384736933999999975e-01 -5.197304947530000385e-01
1.403715595262142897e+09 -9.814255027999999603e-01 1.390700186499999935e+00 1.699821949700000001e+00 8.394462190000000212e-02 1.147689528999999986e-01 8.385658150000000477e-01 -5.259170674740000218e-01
1.403715595312143087e+09 -1.004119010899999997e+00 1.310713673400000001e+00 1.697941417800000075e+00 7.054940960000000150e-02 9.757228190000000190e-02 8.374966306000000138e-01 -5.330120301870000521e-01
1.403715595362143040e+09 -1.027091524300000058e+00 1.229511056099999999e+00 1.695011967599999947e+00 5.820824050000000111e-02 7.915285090000000190e-02 8.356397496999999897e-01 -5.404191296060000260e-01
1.403715595412142992e+09 -1.050085287399999956e+00 1.147820083000000047e+00 1.691296861599999923e+00 4.412335190000000323e-02 6.191832580000000003e-02 8.339744552000000199e-01 -5.465398968769999977e-01
1.403715595462142944e+09 -1.073440511999999902e+00 1.065203004900000083e+00 1.687868141100000052e+00 3.103635620000000025e-02 4.363332780000000327e-02 8.306049116000000510e-01 -5.542818399279999531e-01
1.403715595512143135e+09 -1.097359538000000079e+00 9.825712763999999710e-01 1.684136498600000031e+00 2.031511739999999899e-02 2.303526570000000162e-02 8.270169401000000420e-01 -5.613373792910000271e-01
1.403715595562143087e+09 -1.121639537599999903e+00 9.001737369000000211e-01 1.680491268199999944e+00 1.163196459999999918e-02 1.209846199999999950e-03 8.230281860999999477e-01 -5.678801269519999639e-01
1.403715595612143040e+09 -1.146243160800000105e+00 8.182798903000000346e-01 1.676438982100000086e+00 8.440619300000000436e-03 -2.455026919999999876e-02 8.169081768000000521e-01 -5.761831920840000398e-01
1.403715595662142992e+09 -1.169789305699999948e+00 7.369715620000000245e-01 1.672569291999999930e+00 6.603358900000000017e-03 -5.149248020000000287e-02 8.086722947000000161e-01 -5.859641967780000460e-01
1.403715595712143183e+09 -1.192061033199999898e+00 6.572368876999999943e-01 1.668718869899999957e+00 7.354398699999999643e-03 -7.984733550000000513e-02 7.984649902999999549e-01 -5.966774464290000024e-01
1.403715595762142897e+09 -1.211675733000000088e+00 5.798218211000000233e-01 1.665400585700000047e+00 6.856447699999999694e-03 -1.069670370999999953e-01 7.868747594999999651e-01 -6.077327990330000373e-01
1.403715595812143087e+09 -1.228436069700000077e+00 5.057380991000000048e-01 1.662483654599999916e+00 7.420536800000000419e-03 -1.337765009000000116e-01 7.745336606999999596e-01 -6.181799025340000142e-01
1.403715595862143040e+09 -1.241406429300000003e+00 4.359317582000000191e-01 1.661221545799999921e+00 3.465215399999999925e-03 -1.554312133999999901e-01 7.618674550999999795e-01 -6.287981481080000545e-01
1.403715595912142992e+09 -1.250471603400000076e+00 3.713029111999999743e-01 1.661734096700000052e+00 7.168029999999999877e-05 -1.751695504000000125e-01 7.476756481999999870e-01 -6.405441035490000434e-01
1.403715595962142944e+09 -1.255046327599999900e+00 3.134537861000000203e-01 1.664349950499999897e+00 7.880406499999999259e-03 1.899326581999999930e-01 -7.325159022999999658e-01 6.536695935070000463e-01
1.403715596012143135e+09 -1.255281401600000013e+00 2.635292206000000026e-01 1.669552154300000035e+00 2.032236709999999877e-02 1.995372995999999954e-01 -7.172737308000000089e-01 6.673007287740000404e-01
1.403715596062143087e+09 -1.251902407700000053e+00 2.227068345000000060e-01 1.677842616600000003e+00 3.717666029999999733e-02 2.048484234999999876e-01 -7.024893555000000234e-01 6.805613305600000107e-01
1.403715596112143040e+09 -1.246558685799999955e+00 1.921176997000000053e-01 1.688081844799999898e+00 5.481529050000000236e-02 2.069960593000000071e-01 -6.910438670999999866e-01 6.903667786770000259e-01
1.403715596162142992e+09 -1.240090176100000052e+00 1.719440073000000069e-01 1.699641248899999901e+00 6.609023769999999853e-02 2.103057777000000017e-01 -6.854606329000000331e-01 6.939360785829999934e-01
1.403715596212143183e+09 -1.232949658099999901e+00 1.625706581999999956e-01 1.712505244699999984e+00 7.389243989999999540e-02 2.143322512999999985e-01 -6.876454248000000158e-01 6.897429689139999986e-01
1.403715596262142897e+09 -1.225496506200000058e+00 1.634947021000000000e-01 1.726259951000000070e+00 7.671381689999999531e-02 2.198939746999999945e-01 -6.987849020999999938e-01 6.763588476609999622e-01
1.403715596312143087e+09 -1.217728865700000052e+00 1.735485086999999926e-01 1.739620482300000104e+00 7.817198340000000578e-02 2.263637571000000070e-01 -7.179259488000000466e-01 6.536290404760000117e-01
1.403715596362143040e+09 -1.208378818899999985e+00 1.910027354000000122e-01 1.753567803899999999e+00 7.924478690000000269e-02 2.332064131000000096e-01 -7.385915948000000286e-01 6.275487938980000013e-01
1.403715596412142992e+09 -1.197243196200000082e+00 2.141131173999999970e-01 1.768265456900000032e+00 8.366976060000000381e-02 2.383439139999999901e-01 -7.588465287000000226e-01 6.002861781430000043e-01
1.403715596462142944e+09 -1.183756828099999936e+00 2.407753541000000053e-01 1.783738271000000042e+00 8.939312380000000169e-02 2.434266304999999908e-01 -7.762300884999999706e-01 5.746470174910000006e-01
1.403715596512143135e+09 -1.167727754399999984e+00 2.692106073000000155e-01 1.799555577200000034e+00 9.509882029999999764e-02 2.487031141000000112e-01 -7.910335195000000041e-01 5.507893847550000554e-01
1.403715596562143087e+09 -1.148796818099999895e+00 2.980265225000000018e-01 1.815892965099999978e+00 1.014768474000000004e-01 2.544978226999999871e-01 -8.023093098000000367e-01 5.303141325310000154e-01
1.403715596612143040e+09 -1.127054309000000032e+00 3.259775595000000137e-01 1.832049913899999938e+00 1.073765943000000028e-01 2.610497755999999780e-01 -8.116899285999999991e-01 5.113538319760000395e-01
1.403715596662142992e+09 -1.102237008799999973e+00 3.518339797000000213e-01 1.847949936900000090e+00 1.131170811999999970e-01 2.683663761000000259e-01 -8.190224672000000483e-01 4.943543388480000078e-01
1.403715596712143183e+09 -1.073989374599999991e+00 3.747928768000000077e-01 1.863983547899999982e+00 1.187434606999999975e-01 2.764086949999999820e-01 -8.234826307999999484e-01 4.810141169489999813e-01
1.403715596762142897e+09 -1.042146707799999961e+00 3.944699387999999751e-01 1.879814590699999899e+00 1.238215359000000015e-01 2.854722264999999815e-01 -8.259611180000000497e-01 4.700660238700000160e-01
1.403715596812143087e+09 -1.006527872299999959e+00 4.107680246000000035e-01 1.895183714200000091e+00 1.299673000999999883e-01 2.938141530999999751e-01 -8.284165860000000103e-01 4.588111859210000087e-01
1.403715596862143040e+09 -9.670024087999999907e-01 4.227884295000000070e-01 1.910082671699999901e+00 1.358504637999999876e-01 3.008232037999999942e-01 -8.310755286000000019e-01 4.476198356780000109e-01
1.403715596912142992e+09 -9.233319186999999761e-01 4.297955768999999759e-01 1.924185428099999928e+00 1.403005690999999944e-01 3.077536309000000192e-01 -8.331351520999999982e-01 4.375948711529999979e-01
1.403715596962142944e+09 -8.754436744000000381e-01 4.316405809000000149e-01 1.937263428500000106e+00 1.430722882000000085e-01 3.142167163999999846e-01 -8.349542716000000198e-01 4.285435098379999919e-01
1.403715597012143135e+09 -8.230633578999999589e-01 4.279152965999999947e-01 1.949843157799999949e+00 1.453558323999999957e-01 3.200384727000000207e-01 -8.352405947000000053e-01 4.228713833889999885e-01
1.403715597062143087e+09 -7.658559998999999729e-01 4.181288221000000194e-01 1.962319426200000105e+00 1.476666393999999938e-01 3.242725980000000230e-01 -8.345335980000000431e-01 4.202326969140000035e-01
1.403715597112143040e+09 -7.036280656000000189e-01 4.022981964999999827e-01 1.975297519599999996e+00 1.519581023000000086e-01 3.263563912999999928e-01 -8.317830268000000471e-01 4.225366698749999927e-01
1.403715597162142992e+09 -6.361279847999999904e-01 3.807765773999999825e-01 1.988833681800000086e+00 1.590969292999999951e-01 3.265784330000000013e-01 -8.265763132000000235e-01 4.298910240809999950e-01
1.403715597212143183e+09 -5.639906471000000199e-01 3.541523961999999970e-01 2.002751387800000060e+00 1.701334701999999977e-01 3.247891954000000081e-01 -8.193112867999999827e-01 4.407897414390000157e-01
1.403715597262142897e+09 -4.884080761999999853e-01 3.233325575000000063e-01 2.016788153199999822e+00 1.821642931999999937e-01 3.230170923999999832e-01 -8.104862351999999603e-01 4.534183397839999796e-01
1.403715597312143087e+09 -4.101816024000000116e-01 2.890758297000000088e-01 2.030831937799999931e+00 1.962729581000000056e-01 3.209306388000000010e-01 -8.005353237000000233e-01 4.665014968630000203e-01
1.403715597362143040e+09 -3.306968048000000215e-01 2.522913874000000112e-01 2.043824334600000014e+00 2.094220630999999999e-01 3.205032265000000158e-01 -7.907059472999999894e-01 4.777072181090000202e-01
1.403715597412142992e+09 -2.504100305999999998e-01 2.133010921999999865e-01 2.057062233199999923e+00 2.239687136000000078e-01 3.201950927000000169e-01 -7.800503188999999837e-01 4.887070881300000225e-01
1.403715597462142944e+09 -1.701754768000000029e-01 1.719656799000000014e-01 2.069953295499999957e+00 2.359150037999999949e-01 3.230065469999999772e-01 -7.667506934000000163e-01 5.020998464350000523e-01
1.403715597512143135e+09 -9.107150969999999734e-02 1.299584346999999862e-01 2.081578843800000023e+00 2.463732648999999997e-01 3.283180902000000234e-01 -7.542494050000000394e-01 5.124600287349999617e-01
1.403715597562143087e+09 -1.356988880000000071e-02 8.786942629999999754e-02 2.092114233499999809e+00 2.552199788000000247e-01 3.361822319000000170e-01 -7.432008894999999615e-01 5.191307226489999538e-01
1.403715597612143040e+09 6.196006610000000248e-02 4.629814069999999698e-02 2.100853448800000134e+00 2.629531605000000050e-01 3.457899273000000218e-01 -7.341753176999999964e-01 5.217964780120000201e-01
1.403715597662142992e+09 1.355091542999999898e-01 4.975818699999999713e-03 2.108315839599999908e+00 2.700262856999999794e-01 3.565021306000000223e-01 -7.263894725999999746e-01 5.218719862870000448e-01
1.403715597712143183e+09 2.072141841000000040e-01 -3.633063889999999657e-02 2.114700303699999839e+00 2.749828166000000129e-01 3.685384125999999760e-01 -7.209940467000000019e-01 5.183931651040000199e-01
1.403715597762142897e+09 2.774805650000000123e-01 -7.783432649999999509e-02 2.120831368100000169e+00 2.796364011999999954e-01 3.794787955999999740e-01 -7.160908535000000130e-01 5.147943437830000413e-01
1.403715597812143087e+09 3.463967614999999833e-01 -1.194452096999999990e-01 2.126175786300000148e+00 2.845856499000000150e-01 3.881643041000000238e-01 -7.125533398000000185e-01 5.104970311659999815e-01
1.403715597862143040e+09 4.138882131000000131e-01 -1.613638893000000074e-01 2.131243573799999957e+00 2.886248455000000046e-01 3.956642924000000061e-01 -7.079248757999999642e-01 5.089084756159999445e-01
1.403715597912142992e+09 4.802112090000000277e-01 -2.034023748000000076e-01 2.137119866699999982e+00 2.933175259999999951e-01 4.007774322000000056e-01 -7.021501419000000244e-01 5.102229483139999466e-01
1.403715597962142944e+09 5.451167784999999544e-01 -2.455000752000000008e-01 2.143349096100000128e+00 2.984390351000000274e-01 4.037204736000000183e-01 -6.957660386999999780e-01 5.136667605339999554e-01
1.403715598012143135e+09 6.079221420000000542e-01 -2.871836483999999912e-01 2.148806782999999943e+00 3.021843061000000219e-01 4.060342637000000088e-01 -6.910049735000000082e-01 5.160745570600000498e-01
1.403715598062143087e+09 6.683955365000000537e-01 -3.282468954000000161e-01 2.153849903499999829e+00 3.038071399999999755e-01 4.085042569999999817e-01 -6.870816010000000418e-01 5.184056010950000015e-01
1.403715598112143040e+09 7.267244421999999870e-01 -3.685961991999999743e-01 2.157222059500000011e+00 3.028970196999999920e-01 4.116008666000000038e-01 -6.834850992000000014e-01 5.212353030940000131e-01
1.403715598162142992e+09 7.836499813999999731e-01 -4.079790724999999840e-01 2.159052754100000193e+00 3.033291826000000246e-01 4.130141849000000254e-01 -6.795116812000000506e-01 5.250472028339999708e-01
1.403715598212143183e+09 8.387543879000000091e-01 -4.463004973999999958e-01 2.158778083800000136e+00 3.061854900000000046e-01 4.118770472000000127e-01 -6.752111336999999658e-01 5.298090870120000240e-01
1.403715598262142897e+09 8.916688861999999549e-01 -4.832322772000000044e-01 2.155768989499999844e+00 3.102966657999999822e-01 4.090101205000000184e-01 -6.699717146000000456e-01 5.362505032340000310e-01
1.403715598312143087e+09 9.422117976999999645e-01 -5.188139591999999523e-01 2.149541304200000003e+00 3.146272808999999726e-01 4.052637922999999809e-01 -6.644467470999999570e-01 5.433980612459999859e-01
1.403715598362143040e+09 9.897425536999999718e-01 -5.525248423999999936e-01 2.141325089500000001e+00 3.205191135000000080e-01 4.000095940000000239e-01 -6.583742694999999978e-01 5.511834031260000044e-01
1.403715598412142992e+09 1.033665388399999996e+00 -5.841124632999999955e-01 2.133426194400000142e+00 3.287777614999999876e-01 3.923626292999999876e-01 -6.505658640999999465e-01 5.609998280169999907e-01
1.403715598462142944e+09 1.072464494799999946e+00 -6.131851029999999536e-01 2.125665490199999841e+00 3.363084557000000085e-01 3.850816234000000171e-01 -6.438904608000000085e-01 5.692221363449999627e-01
1.403715598512143135e+09 1.105099249000000006e+00 -6.394385441000000059e-01 2.118156643799999905e+00 3.436075601999999951e-01 3.778974737999999944e-01 -6.385273956999999445e-01 5.756822985059999453e-01
1.403715598562143087e+09 1.131084574800000020e+00 -6.629836132999999965e-01 2.110473541899999805e+00 3.482171924999999946e-01 3.727128907000000213e-01 -6.355265066999999934e-01 5.795998163879999554e-01
1.403715598612143040e+09 1.150340901699999918e+00 -6.839065211999999505e-01 2.102196882599999928e+00 3.493423273999999856e-01 3.703329779000000266e-01 -6.346289307000000379e-01 5.814288813560000158e-01
1.403715598662142992e+09 1.163077689799999925e+00 -7.021024555999999528e-01 2.092461002599999897e+00 3.449229988999999996e-01 3.723496626000000198e-01 -6.389483277999999933e-01 5.780388292050000487e-01
1.403715598712143183e+09 1.169891390899999939e+00 -7.175066588999999828e-01 2.081734233400000189e+00 3.372318013000000225e-01 3.768786365999999832e-01 -6.461152677999999483e-01 5.716399794950000057e-01
1.403715598762142897e+09 1.171395835200000013e+00 -7.303777770999999586e-01 2.069552585599999883e+00 3.280229709999999965e-01 3.830967713000000274e-01 -6.554855588000000344e-01 5.621178492789999925e-01
1.403715598812143087e+09 1.168229022900000080e+00 -7.408162915999999543e-01 2.056281410300000001e+00 3.184097517999999738e-01 3.896410012000000034e-01 -6.652637645000000211e-01 5.515607344790000033e-01
1.403715598862143040e+09 1.161482275700000066e+00 -7.494425770999999514e-01 2.042326498300000015e+00 3.101583721000000238e-01 3.951966880000000182e-01 -6.731629684000000058e-01 5.426536464619999833e-01
1.403715598912142992e+09 1.152165335100000076e+00 -7.566261476000000208e-01 2.027358132599999863e+00 3.022951750000000271e-01 4.004137831999999841e-01 -6.794587978999999667e-01 5.353710595270000372e-01
1.403715598962142944e+09 1.141284469899999987e+00 -7.627589562000000045e-01 2.011810553400000146e+00 2.965498194000000254e-01 4.040204760000000173e-01 -6.838504087000000231e-01 5.302586898779999558e-01
1.403715599012143135e+09 1.128921041899999977e+00 -7.678165649999999509e-01 1.995247717900000106e+00 2.919255747000000234e-01 4.071440249000000122e-01 -6.867910594999999674e-01 5.266224856840000523e-01
1.403715599062143087e+09 1.115899576399999926e+00 -7.718689499999999981e-01 1.978647404900000017e+00 2.898792875999999796e-01 4.084292406999999736e-01 -6.882602890000000251e-01 5.248364779680000369e-01
1.403715599112143040e+09 1.102096920599999974e+00 -7.749698350000000513e-01 1.961364955100000085e+00 2.881856333999999742e-01 4.095165760000000210e-01 -6.881386217999999610e-01 5.250813764080000112e-01
1.403715599162142992e+09 1.087573697799999906e+00 -7.769659985000000324e-01 1.943216565900000026e+00 2.884687153000000115e-01 4.092314914999999886e-01 -6.888381617000000068e-01 5.242302677310000103e-01
1.403715599212143183e+09 1.072006201800000058e+00 -7.777793830000000463e-01 1.923977552300000005e+00 2.892441027000000053e-01 4.088770889000000186e-01 -6.921922618000000416e-01 5.196414609859999478e-01
1.403715599262142897e+09 1.055556048399999947e+00 -7.775648580999999782e-01 1.903633439300000063e+00 2.903463864999999977e-01 4.081852525999999926e-01 -6.961533068999999907e-01 5.142512505990000093e-01
1.403715599312143087e+09 1.038495850000000109e+00 -7.766739379999999526e-01 1.882506898499999970e+00 2.928255133000000066e-01 4.065079018000000155e-01 -7.004187803000000434e-01 5.083483813439999555e-01
1.403715599362143040e+09 1.020768836100000021e+00 -7.756056814999999771e-01 1.860715733399999960e+00 2.966719670999999892e-01 4.036428047999999769e-01 -7.045201043000000052e-01 5.027023499899999637e-01
1.403715599412142992e+09 1.002426540000000088e+00 -7.749357381000000489e-01 1.838602997399999994e+00 3.024042719999999740e-01 3.994304515000000055e-01 -7.078204513000000420e-01 4.979931518919999966e-01
1.403715599462142944e+09 9.835819203000000233e-01 -7.750150281000000030e-01 1.815949123900000073e+00 3.088689722999999887e-01 3.948541266000000216e-01 -7.104943055000000340e-01 4.938501984709999792e-01
1.403715599512143135e+09 9.639373378000000159e-01 -7.764155826999999954e-01 1.793394557100000064e+00 3.145771170000000172e-01 3.905555863999999877e-01 -7.119415673000000222e-01 4.915758091569999988e-01
1.403715599562143087e+09 9.430730830000000342e-01 -7.794402020999999792e-01 1.770824113199999994e+00 3.189216806999999876e-01 3.874907457000000277e-01 -7.132046117000000462e-01 4.893659831220000256e-01
1.403715599612143040e+09 9.210049100999999627e-01 -7.845417781000000312e-01 1.749381335500000079e+00 3.239861875999999752e-01 3.837487759000000054e-01 -7.126012267000000344e-01 4.898666337729999931e-01
1.403715599662142992e+09 8.972372328000000063e-01 -7.917172111000000401e-01 1.728525577899999943e+00 3.291464539000000245e-01 3.798051660000000274e-01 -7.118795945000000458e-01 4.905487648469999962e-01
1.403715599712143183e+09 8.715396545000000383e-01 -8.010670296999999884e-01 1.707670635499999978e+00 3.306068985999999765e-01 3.785630587000000102e-01 -7.090880134000000501e-01 4.945536153430000192e-01
1.403715599762142897e+09 8.438860222999999827e-01 -8.119360767000000090e-01 1.687093233699999972e+00 3.305653015000000194e-01 3.780699842999999949e-01 -7.056627120999999780e-01 4.998297762209999995e-01
1.403715599812143087e+09 8.137915272000000311e-01 -8.241651836000000175e-01 1.666126694299999933e+00 3.276520488999999925e-01 3.795621558999999756e-01 -7.022572738000000259e-01 5.053824552550000293e-01
1.403715599862143040e+09 7.811864171000000301e-01 -8.375088826000000042e-01 1.644422114800000001e+00 3.207226865999999732e-01 3.840075840000000129e-01 -6.988213839000000371e-01 5.111984029710000543e-01
1.403715599912142992e+09 7.462602377999999481e-01 -8.512862959000000451e-01 1.622167359899999939e+00 3.115770755999999753e-01 3.901479170000000107e-01 -6.980171727999999742e-01 5.132994791870000295e-01
1.403715599962142944e+09 7.095672945000000009e-01 -8.652227342999999626e-01 1.599718645000000050e+00 3.019008926000000259e-01 3.965790328000000087e-01 -6.989885555000000528e-01 5.128312793629999922e-01
1.403715600012143135e+09 6.719072337999999478e-01 -8.789895880000000439e-01 1.577472471100000107e+00 2.931938727999999772e-01 4.021461344999999743e-01 -7.000854270999999907e-01 5.120510074080000251e-01
1.403715600062143087e+09 6.337021363999999490e-01 -8.923067876000000398e-01 1.555177657500000032e+00 2.841858101999999997e-01 4.094267215999999876e-01 -6.991685644999999782e-01 5.126124298509999733e-01
1.403715600112143040e+09 5.953717643999999476e-01 -9.047140622999999549e-01 1.532982115600000084e+00 2.747046501000000029e-01 4.193410650000000128e-01 -6.953607144000000240e-01 5.149406794659999731e-01
1.403715600162142992e+09 5.572112552000000329e-01 -9.154547613000000306e-01 1.510586661400000086e+00 2.651529139000000090e-01 4.318124448999999809e-01 -6.890211004999999833e-01 5.181523595410000294e-01
1.403715600212143183e+09 5.200980791000000547e-01 -9.237273621999999573e-01 1.488107365499999890e+00 2.569354081999999928e-01 4.457205872000000180e-01 -6.811286833999999901e-01 5.209424832579999665e-01
1.403715600262142897e+09 4.845424320999999757e-01 -9.289468158000000475e-01 1.465950321600000050e+00 2.524280930999999728e-01 4.594749949999999972e-01 -6.728731035999999666e-01 5.219239151169999813e-01
1.403715600312143087e+09 4.506389134000000074e-01 -9.304135062999999706e-01 1.444228792799999939e+00 2.520208493000000161e-01 4.727759189999999889e-01 -6.648497504000000502e-01 5.205220757749999816e-01
1.403715600362143040e+09 4.181884614999999972e-01 -9.278021074000000201e-01 1.422612908799999909e+00 2.538810685999999817e-01 4.867255256999999946e-01 -6.558529427000000522e-01 5.181694540710000130e-01
1.403715600412142992e+09 3.876728288999999883e-01 -9.206842152999999973e-01 1.401499245999999976e+00 2.608800034000000045e-01 4.989903434999999887e-01 -6.493050482000000123e-01 5.112271661239999876e-01
1.403715600462142944e+09 3.586726886000000114e-01 -9.094245761999999456e-01 1.380362265500000074e+00 2.689238136000000057e-01 5.117482800999999526e-01 -6.439261847999999677e-01 5.011514230889999588e-01
1.403715600512143135e+09 3.315711619000000221e-01 -8.938632842999999495e-01 1.359987997599999998e+00 2.810028313999999861e-01 5.227549177000000435e-01 -6.425427957999999551e-01 4.846684025560000220e-01
1.403715600562143087e+09 3.064310916999999912e-01 -8.751748757999999739e-01 1.340834310600000023e+00 2.952822099999999894e-01 5.323841651999999813e-01 -6.415207903999999850e-01 4.667189652229999930e-01
1.403715600612143040e+09 2.835491383000000032e-01 -8.545983295000000313e-01 1.322423557100000036e+00 3.084754828999999865e-01 5.429758672000000175e-01 -6.384983505000000337e-01 4.498221209070000226e-01
1.403715600662142992e+09 2.633505521000000238e-01 -8.327828067000000445e-01 1.305970808299999897e+00 3.208144138999999839e-01 5.539219509999999680e-01 -6.330238304999999954e-01 4.353497605359999967e-01
1.403715600712143183e+09 2.455641149999999995e-01 -8.098516341000000507e-01 1.292662514399999907e+00 3.326542792000000137e-01 5.652683491000000116e-01 -6.244627144000000074e-01 4.240980340350000155e-01
1.403715600762142897e+09 2.302112071000000093e-01 -7.862448011999999542e-01 1.282583583499999902e+00 3.441297072000000234e-01 5.769460521999999481e-01 -6.131518512000000420e-01 4.156354230190000276e-01
1.403715600812143087e+09 2.172108527999999927e-01 -7.621277212999999495e-01 1.275550611899999964e+00 3.546814644999999877e-01 5.884676610000000307e-01 -6.018047334999999665e-01 4.071092401110000258e-01
1.403715600862143040e+09 2.066585374000000086e-01 -7.374836018000000548e-01 1.271914368400000050e+00 3.642847631999999725e-01 6.000550743000000464e-01 -5.879336442000000496e-01 4.019509286799999859e-01
1.403715600912142992e+09 1.982316386999999902e-01 -7.118713416999999932e-01 1.271822820899999984e+00 3.735517186000000267e-01 6.105085427999999981e-01 -5.757584838000000538e-01 3.952728185000000116e-01
1.403715600962142944e+09 1.923071701000000078e-01 -6.856724899999999678e-01 1.275174349000000040e+00 3.816896431999999839e-01 6.199428340999999509e-01 -5.634690133999999961e-01 3.904952876359999991e-01
1.403715601012143135e+09 1.882329927999999986e-01 -6.589527644999999545e-01 1.281343898300000061e+00 3.890936313999999729e-01 6.277896035000000152e-01 -5.524171555000000344e-01 3.864215910430000012e-01
1.403715601062143087e+09 1.866329435000000092e-01 -6.314277391000000517e-01 1.290627782899999909e+00 3.966321367999999792e-01 6.334508080999999846e-01 -5.422039301000000089e-01 3.839764574549999754e-01
1.403715601112143040e+09 1.865749036999999888e-01 -6.035083573999999729e-01 1.302594515000000008e+00 4.014619170000000015e-01 6.386230424000000072e-01 -5.340053998999999552e-01 3.818732405429999810e-01
1.403715601162142992e+09 1.876829681999999944e-01 -5.751157262999999631e-01 1.317338879200000035e+00 4.045304369000000122e-01 6.429248096999999884e-01 -5.269243210999999816e-01 3.812526386699999770e-01
1.403715601212143183e+09 1.901840445000000102e-01 -5.459256690999999551e-01 1.335426747499999900e+00 4.067361509999999902e-01 6.460475932999999449e-01 -5.207695543999999455e-01 3.820828206640000113e-01
1.403715601262142897e+09 1.936412559000000033e-01 -5.157467288000000538e-01 1.355861724499999976e+00 4.072240726999999949e-01 6.490020309999999792e-01 -5.155586690000000250e-01 3.836198343369999764e-01
1.403715601312143087e+09 1.974994733999999863e-01 -4.841704220999999975e-01 1.377505373300000002e+00 4.071035801999999815e-01 6.518104583999999591e-01 -5.104477615000000412e-01 3.858145721380000226e-01
1.403715601362143040e+09 2.017636127999999918e-01 -4.509477183000000222e-01 1.399275346900000105e+00 4.071785432000000204e-01 6.544523351000000044e-01 -5.059514143000000130e-01 3.871833433899999899e-01
1.403715601412142992e+09 2.063333504000000040e-01 -4.158612013999999912e-01 1.420604223200000016e+00 4.087016533000000229e-01 6.554849215000000395e-01 -5.037569471999999715e-01 3.866929199679999818e-01
1.403715601462142944e+09 2.110288314000000054e-01 -3.792222303000000183e-01 1.440798066900000007e+00 4.106114631000000181e-01 6.555813144000000037e-01 -5.029994859999999957e-01 3.854904455179999911e-01
1.403715601512143135e+09 2.160062594000000114e-01 -3.409847980999999861e-01 1.459938974299999970e+00 4.122489382999999785e-01 6.553364221999999906e-01 -5.033496426000000357e-01 3.836979592279999851e-01
1.403715601562143087e+09 2.215818011000000032e-01 -3.013404491000000185e-01 1.478396463199999955e+00 4.146985326000000027e-01 6.541707332999999736e-01 -5.037215676999999836e-01 3.825576571190000275e-01
1.403715601612143040e+09 2.274066801999999887e-01 -2.603282579999999791e-01 1.496137985999999920e+00 4.165657792999999942e-01 6.530729087000000099e-01 -5.048870680999999472e-01 3.808645112110000119e-01
1.403715601662142992e+09 2.335833951000000075e-01 -2.181029932999999921e-01 1.513164169499999989e+00 4.180796439999999725e-01 6.519824312999999982e-01 -5.065841741000000065e-01 3.788149879969999745e-01
1.403715601712143183e+09 2.398822861999999889e-01 -1.749021725000000083e-01 1.530316070900000103e+00 4.211990398000000080e-01 6.497921976999999627e-01 -5.072472029000000271e-01 3.782350378370000210e-01
1.403715601762142897e+09 2.465102671999999939e-01 -1.309355265000000101e-01 1.547582020099999900e+00 4.252230217999999895e-01 6.471308565000000179e-01 -5.062412490000000043e-01 3.796404009930000045e-01
1.403715601812143087e+09 2.532072846000000266e-01 -8.614759439999999935e-02 1.564025398799999911e+00 4.273602625999999849e-01 6.454917574999999852e-01 -5.057170776999999617e-01 3.807280318040000000e-01
1.403715601862143040e+09 2.597969024999999821e-01 -4.078697679999999937e-02 1.580332996999999962e+00 4.300142057999999934e-01 6.422223083000000443e-01 -5.057863432000000437e-01 3.831689765669999970e-01
1.403715601912142992e+09 2.663446200999999847e-01 4.819479300000000313e-03 1.596242844500000091e+00 4.322959591000000157e-01 6.374489795000000125e-01 -5.066565001999999707e-01 3.873992684009999743e-01
1.403715601962142944e+09 2.727269884999999894e-01 5.056439730000000105e-02 1.612523324799999935e+00 4.362055828999999996e-01 6.298947369999999824e-01 -5.073845441000000012e-01 3.943580026190000032e-01
1.403715602012143135e+09 2.784556550000000241e-01 9.644462819999999326e-02 1.628806033300000067e+00 4.424314515000000170e-01 6.194496455000000346e-01 -5.068189825000000148e-01 4.045628090250000253e-01
1.403715602062143087e+09 2.826511916000000180e-01 1.423672317000000132e-01 1.643925970900000033e+00 4.474666031000000266e-01 6.088286777000000427e-01 -5.073885553000000437e-01 4.143164662700000167e-01
1.403715602112143040e+09 2.848402769999999751e-01 1.880200201999999987e-01 1.657772100699999918e+00 4.512211756999999768e-01 5.980393700999999673e-01 -5.094570604999999475e-01 4.233224136739999754e-01
1.403715602162142992e+09 2.841858817999999842e-01 2.332160927999999966e-01 1.669842030100000096e+00 4.521825888000000071e-01 5.884252787000000540e-01 -5.145718427000000039e-01 4.295374447820000108e-01
1.403715602212143183e+09 2.800514607999999850e-01 2.779010035000000212e-01 1.680468086000000083e+00 4.499425556000000159e-01 5.802412606000000306e-01 -5.226776472999999923e-01 4.332203287140000136e-01
1.403715602262142897e+09 2.725447463999999820e-01 3.218423982999999988e-01 1.690018525199999955e+00 4.469992991999999776e-01 5.719605396000000397e-01 -5.321752567999999961e-01 4.357089208930000068e-01
1.403715602312143087e+09 2.620748360999999860e-01 3.647369169999999938e-01 1.697780856799999905e+00 4.397622286000000269e-01 5.662952940000000046e-01 -5.419842343999999867e-01 4.383741688839999928e-01
1.403715602362143040e+09 2.486409276999999862e-01 4.070764112999999962e-01 1.703949509499999904e+00 4.280149341000000218e-01 5.635146658999999891e-01 -5.542575479000000360e-01 4.382385287569999788e-01
1.403715602412142992e+09 2.334439684000000070e-01 4.488422449999999730e-01 1.709419021900000057e+00 4.148837313000000027e-01 5.610371083999999842e-01 -5.666666094000000209e-01 4.381755428260000196e-01
1.403715602462142944e+09 2.163891718000000020e-01 4.900555562999999726e-01 1.715123115099999929e+00 4.024078254999999826e-01 5.577052706999999776e-01 -5.797625583000000082e-01 4.369303708539999942e-01
1.403715602512143135e+09 1.983923052000000076e-01 5.307561174999999576e-01 1.721547261500000037e+00 3.905456821000000134e-01 5.538819406999999639e-01 -5.909383329999999823e-01 4.375851375120000109e-01
1.403715602562143087e+09 1.798043706999999936e-01 5.710452443000000322e-01 1.727611892000000093e+00 3.797342844000000106e-01 5.491459716000000046e-01 -6.012762792000000411e-01 4.389845226379999743e-01
1.403715602612143040e+09 1.611620575999999916e-01 6.107664506000000104e-01 1.731876763600000091e+00 3.696001308999999901e-01 5.434841291999999990e-01 -6.091887317999999940e-01 4.437452350130000056e-01
1.403715602662142992e+09 1.425118351000000116e-01 6.498197847000000138e-01 1.733937266699999924e+00 3.592764104000000236e-01 5.372978653000000104e-01 -6.148271224000000368e-01 4.519060459490000237e-01
1.403715602712143183e+09 1.239973285999999980e-01 6.890674379000000238e-01 1.733284361800000006e+00 3.505529866000000050e-01 5.295487016000000047e-01 -6.214432243999999939e-01 4.588018037089999779e-01
1.403715602762142897e+09 1.053359254000000023e-01 7.285072128999999785e-01 1.728376630300000105e+00 3.406230491000000193e-01 5.224489751999999987e-01 -6.288152688999999462e-01 4.643429382789999726e-01
1.403715602812143087e+09 8.712417879999999337e-02 7.686804344000000011e-01 1.719183994400000026e+00 3.311426842999999898e-01 5.151054333000000263e-01 -6.365657048999999734e-01 4.688230140949999902e-01
1.403715602862143040e+09 6.961023149999999438e-02 8.095751924999999849e-01 1.707613314999999909e+00 3.243004917000000265e-01 5.060116011999999941e-01 -6.447246946000000367e-01 4.723468203260000053e-01
1.403715602912142992e+09 5.228807989999999933e-02 8.509334440000000388e-01 1.692688866699999961e+00 3.167267612999999926e-01 4.977176743999999764e-01 -6.525967383999999871e-01 4.754774150600000193e-01
1.403715602962142944e+09 3.542638179999999665e-02 8.925690184000000249e-01 1.674438285299999940e+00 3.083356172000000228e-01 4.901433989000000269e-01 -6.605210932999999729e-01 4.779126290519999931e-01
1.403715603012143135e+09 1.981669520000000143e-02 9.347304145000000508e-01 1.653989558099999924e+00 3.015091742000000075e-01 4.814874111999999928e-01 -6.672599190000000347e-01 4.816910744910000153e-01
1.403715603062143087e+09 5.003476500000000361e-03 9.773769082000000052e-01 1.631932786499999954e+00 2.955614422999999769e-01 4.720952099999999874e-01 -6.730637876999999714e-01 4.865744385360000202e-01
1.403715603112143040e+09 -9.081153600000000867e-03 1.020370044200000104e+00 1.609626875800000079e+00 2.903146994999999952e-01 4.617345246999999819e-01 -6.788037578000000183e-01 4.916747525890000081e-01
1.403715603162142992e+09 -2.284562539999999975e-02 1.063612999999999920e+00 1.586702393699999991e+00 2.826429107999999801e-01 4.529143927000000014e-01 -6.852816398000000087e-01 4.953489800420000089e-01
1.403715603212143183e+09 -3.598707269999999736e-02 1.107348337799999971e+00 1.564292507100000007e+00 2.760627332000000211e-01 4.439265949000000266e-01 -6.919744580000000145e-01 4.978854237029999852e-01
1.403715603262142897e+09 -4.862447839999999716e-02 1.151617388500000061e+00 1.541502009300000031e+00 2.679103594999999727e-01 4.364068634000000113e-01 -6.997495244000000447e-01 4.981201581629999819e-01
1.403715603312143087e+09 -6.008864070000000113e-02 1.196285807600000028e+00 1.519234601199999979e+00 2.601099666999999727e-01 4.301338427999999992e-01 -7.061709125999999781e-01 4.986484981620000201e-01
1.403715603362143040e+09 -7.034353109999999520e-02 1.241465370600000062e+00 1.497502382700000023e+00 2.539673241000000026e-01 4.242905386999999973e-01 -7.123319322000000176e-01 4.980575824619999925e-01
1.403715603412142992e+09 -7.894754900000000575e-02 1.287093005400000045e+00 1.477515750600000066e+00 2.510723982999999992e-01 4.176932253000000261e-01 -7.171887463999999657e-01 4.981318322909999985e-01
1.403715603462142944e+09 -8.578829409999999545e-02 1.333020362200000086e+00 1.459156058400000067e+00 2.511990310000000171e-01 4.105733006000000240e-01 -7.209402809999999606e-01 4.985716828299999737e-01
1.403715603512143135e+09 -9.110520530000000561e-02 1.378950100099999965e+00 1.442147875399999890e+00 2.532213365000000049e-01 4.031897284000000026e-01 -7.247516754999999700e-01 4.980481969930000141e-01
1.403715603562143087e+09 -9.568385120000000299e-02 1.424616944700000110e+00 1.426294520099999907e+00 2.562610946000000167e-01 3.960552084000000250e-01 -7.285930163999999598e-01 4.966112561909999945e-01
1.403715603612143040e+09 -9.922180969999999656e-02 1.469404601299999946e+00 1.411427613799999925e+00 2.595885894000000138e-01 3.894770469000000124e-01 -7.321768261000000111e-01 4.948115696829999965e-01
1.403715603662142992e+09 -1.021043137000000045e-01 1.513277426299999950e+00 1.397301791999999931e+00 2.652363036000000007e-01 3.814017446999999894e-01 -7.366959251000000375e-01 4.913873484919999979e-01
1.403715603712143183e+09 -1.043246438000000054e-01 1.555114152000000027e+00 1.383810379000000035e+00 2.701987849999999969e-01 3.744459251999999738e-01 -7.390226522999999714e-01 4.905388720619999754e-01
1.403715603762142897e+09 -1.063558079000000017e-01 1.595003897900000078e+00 1.372002464099999930e+00 2.760179481999999740e-01 3.675293061000000083e-01 -7.407834078999999683e-01 4.898737020660000052e-01
1.403715603812143087e+09 -1.088196641999999992e-01 1.632574069099999914e+00 1.362831477500000110e+00 2.811980036000000238e-01 3.618964816999999945e-01 -7.419040840999999720e-01 4.894251212199999812e-01
1.403715603862143040e+09 -1.123322201000000048e-01 1.667548326799999980e+00 1.356480108800000028e+00 2.847181168999999845e-01 3.580883547000000000e-01 -7.449361671999999990e-01 4.855702121139999772e-01
1.403715603912142992e+09 -1.171090099000000051e-01 1.700042006299999908e+00 1.351944668700000074e+00 2.840606721000000223e-01 3.581843109000000247e-01 -7.511403086000000284e-01 4.762370951709999911e-01
1.403715603962142944e+09 -1.221513968000000061e-01 1.728974459600000069e+00 1.349906780700000031e+00 2.819247858999999745e-01 3.594261317999999927e-01 -7.568301537999999606e-01 4.674819666980000177e-01
1.403715604012143135e+09 -1.269538436000000048e-01 1.754010537499999911e+00 1.348693616600000089e+00 2.770340679000000139e-01 3.632786719000000164e-01 -7.611421279000000206e-01 4.603731018780000128e-01
1.403715604062143087e+09 -1.312749381999999965e-01 1.774874213399999956e+00 1.347927111800000022e+00 2.688241510000000112e-01 3.695645518999999823e-01 -7.610851116000000305e-01 4.603314792459999860e-01
1.403715604112143040e+09 -1.346307783000000036e-01 1.792284655300000029e+00 1.347197288700000106e+00 2.603993218000000276e-01 3.759582450999999770e-01 -7.584227385999999793e-01 4.643732773909999834e-01
1.403715604162142992e+09 -1.366724973000000010e-01 1.806963224900000053e+00 1.345740291400000066e+00 2.538832258000000008e-01 3.807675957000000166e-01 -7.547212267999999780e-01 4.700587362670000102e-01
1.403715604212143183e+09 -1.372055789000000137e-01 1.819344350800000010e+00 1.344057375100000007e+00 2.493255084999999871e-01 3.840548725999999857e-01 -7.502221534999999886e-01 4.769752257259999850e-01
1.403715604262142897e+09 -1.361506728999999916e-01 1.830107127900000075e+00 1.342058245200000055e+00 2.469856179000000096e-01 3.857375175000000156e-01 -7.462214056000000539e-01 4.830717193090000028e-01
1.403715604312143087e+09 -1.338478906999999996e-01 1.839677814000000078e+00 1.339295992899999899e+00 2.454946508999999999e-01 3.868757934000000009e-01 -7.434224646999999520e-01 4.872191866480000133e-01
1.403715604362143040e+09 -1.303525433999999927e-01 1.848304308099999904e+00 1.335265867399999973e+00 2.441231782999999933e-01 3.877100875999999752e-01 -7.421561908999999568e-01 4.891716980429999806e-01
1.403715604412142992e+09 -1.255365895999999981e-01 1.856142322099999964e+00 1.330860887100000056e+00 2.430172912000000129e-01 3.882735911999999900e-01 -7.422772278999999473e-01 4.890917414270000152e-01
1.403715604462142944e+09 -1.189885670000000034e-01 1.863113946099999918e+00 1.326432260900000104e+00 2.420464011000000026e-01 3.887650799999999851e-01 -7.419130439000000132e-01 4.897349156279999782e-01
1.403715604512143135e+09 -1.109665133999999942e-01 1.869440317100000026e+00 1.322371955199999949e+00 2.436313472999999952e-01 3.875850589000000013e-01 -7.401874238000000217e-01 4.924877321430000121e-01
1.403715604562143087e+09 -1.017088247000000056e-01 1.874920143200000000e+00 1.318184673700000031e+00 2.457196784000000023e-01 3.861409306999999957e-01 -7.368884624999999522e-01 4.975061960409999928e-01
1.403715604612143040e+09 -9.137163900000000449e-02 1.879778902600000023e+00 1.313977972800000060e+00 2.485226130000000033e-01 3.842678162000000008e-01 -7.333871379999999940e-01 5.027107141569999715e-01
1.403715604662142992e+09 -8.043996920000000272e-02 1.884217833699999955e+00 1.309641666299999896e+00 2.494477420000000001e-01 3.834658230999999917e-01 -7.299800962000000393e-01 5.077980363299999800e-01
1.403715604712143183e+09 -6.896989800000000170e-02 1.888757460799999954e+00 1.304903141700000102e+00 2.501007050999999870e-01 3.826946837999999906e-01 -7.280124909999999838e-01 5.108739856470000396e-01
1.403715604762142897e+09 -5.738742580000000260e-02 1.893461330699999889e+00 1.299990348699999965e+00 2.495439693000000014e-01 3.830875591999999830e-01 -7.263751283999999586e-01 5.131772619769999766e-01
1.403715604812143087e+09 -4.538898689999999736e-02 1.898646027999999930e+00 1.295223437199999994e+00 2.495574781000000075e-01 3.829447225000000010e-01 -7.264366853999999485e-01 5.131901662050000201e-01
1.403715604862143040e+09 -3.298126550000000240e-02 1.904064646099999925e+00 1.290744597200000010e+00 2.498119068000000109e-01 3.828142632000000045e-01 -7.265085594000000313e-01 5.130619497220000325e-01
1.403715604912142992e+09 -2.037492529999999913e-02 1.909519653899999891e+00 1.286904552900000054e+00 2.489935295000000048e-01 3.836287838999999922e-01 -7.260900269000000185e-01 5.134437177330000157e-01
1.403715604962142944e+09 -7.885186199999999826e-03 1.915245190500000083e+00 1.283011236899999963e+00 2.475299440000000017e-01 3.848901887000000244e-01 -7.269682754999999830e-01 5.119624945859999610e-01
1.403715605012143135e+09 4.781460099999999998e-03 1.921254679000000021e+00 1.279500698299999906e+00 2.467867126999999938e-01 3.858415231999999806e-01 -7.282829782999999946e-01 5.097318322889999864e-01
1.403715605062143087e+09 1.828754100000000091e-02 1.927071386900000016e+00 1.277060274099999893e+00 2.467865872999999988e-01 3.861985560999999789e-01 -7.286098783000000134e-01 5.089938122420000211e-01
1.403715605112143040e+09 3.274552549999999729e-02 1.932776779199999906e+00 1.275786864799999920e+00 2.474150236000000058e-01 3.862207854999999967e-01 -7.281627516999999994e-01 5.093116118670000247e-01
1.403715605162142992e+09 4.760629250000000118e-02 1.938546290899999969e+00 1.275432512200000090e+00 2.482535761999999924e-01 3.866374180000000105e-01 -7.266567788000000139e-01 5.107363260649999681e-01
1.403715605212143183e+09 6.309185729999999825e-02 1.944279227900000073e+00 1.275366134500000026e+00 2.496631244999999999e-01 3.866449703000000016e-01 -7.254992726000000225e-01 5.116881830099999640e-01
1.403715605262142897e+09 7.914740520000000668e-02 1.950083546899999964e+00 1.276169871000000011e+00 2.521062922000000261e-01 3.860180523999999780e-01 -7.249242620000000414e-01 5.117785604569999869e-01
1.403715605312143087e+09 9.563974829999999372e-02 1.956002292700000034e+00 1.277893427099999979e+00 2.556396780999999896e-01 3.847870015000000032e-01 -7.245450774999999677e-01 5.114897350549999500e-01
1.403715605362143040e+09 1.122093541999999999e-01 1.961911454900000074e+00 1.279473203900000078e+00 2.603093458999999887e-01 3.827020164000000113e-01 -7.246637053000000162e-01 5.105298476149999765e-01
1.403715605412142992e+09 1.286294390000000121e-01 1.967532487900000016e+00 1.279536815299999963e+00 2.643931420999999782e-01 3.811949130000000241e-01 -7.244351958000000424e-01 5.098826843529999930e-01
1.403715605462142944e+09 1.447334335000000083e-01 1.972488867500000076e+00 1.276759861499999982e+00 2.666009366000000047e-01 3.809009639000000003e-01 -7.251054269000000163e-01 5.079965710689999803e-01
1.403715605512143135e+09 1.605929549000000012e-01 1.977048243700000096e+00 1.271733942400000039e+00 2.689502762000000047e-01 3.804065643000000274e-01 -7.262721829999999601e-01 5.054555480010000101e-01
1.403715605562143087e+09 1.760071237999999982e-01 1.981235229299999956e+00 1.263982144300000110e+00 2.700990871999999765e-01 3.806181227000000056e-01 -7.280686349999999640e-01 5.020880305930000009e-01
1.403715605612143040e+09 1.910700113999999894e-01 1.984830754399999897e+00 1.254043813000000007e+00 2.715423155999999727e-01 3.805424559999999734e-01 -7.292605381000000220e-01 4.996311415760000263e-01
1.403715605662142992e+09 2.058298349999999888e-01 1.987462809399999975e+00 1.242848659400000111e+00 2.714604192999999777e-01 3.814945873000000209e-01 -7.288184250999999447e-01 4.995946595060000162e-01
1.403715605712143183e+09 2.201844421999999968e-01 1.988938121899999967e+00 1.231068671500000100e+00 2.688166363999999753e-01 3.840144061999999914e-01 -7.270226287000000065e-01 5.017057396790000068e-01
1.403715605762142897e+09 2.346387205999999892e-01 1.989353470800000023e+00 1.220464435800000080e+00 2.659031540999999832e-01 3.863988534000000197e-01 -7.241577850999999511e-01 5.055560710969999594e-01
1.403715605812143087e+09 2.489198156000000106e-01 1.989356261900000034e+00 1.210436147500000059e+00 2.632947849000000229e-01 3.885832166000000032e-01 -7.225100387999999763e-01 5.076004175189999801e-01
1.403715605862143040e+09 2.632860443000000217e-01 1.989124011799999980e+00 1.201404852200000040e+00 2.618611057999999936e-01 3.899629848999999759e-01 -7.210924348999999678e-01 5.092968997000000275e-01
1.403715605912142992e+09 2.779486171000000172e-01 1.988826666700000079e+00 1.193595060200000058e+00 2.610952183999999954e-01 3.911266314999999882e-01 -7.197466345999999904e-01 5.106995467699999569e-01
1.403715605962142944e+09 2.927172757000000014e-01 1.988610203699999968e+00 1.185786133499999950e+00 2.607911916999999802e-01 3.918575888999999979e-01 -7.179925208999999864e-01 5.127595189539999598e-01
1.403715606012143135e+09 3.074396501000000170e-01 1.988658537799999904e+00 1.176683942499999969e+00 2.606919263999999958e-01 3.924559791000000186e-01 -7.169965983999999626e-01 5.137449774679999637e-01
1.403715606062143087e+09 3.221370666000000216e-01 1.988812279800000082e+00 1.165497608999999990e+00 2.608700131999999727e-01 3.930783414999999836e-01 -7.160632785999999639e-01 5.144799653380000004e-01
1.403715606112143040e+09 3.369311291000000042e-01 1.989277842399999940e+00 1.153104896399999912e+00 2.609402639000000246e-01 3.941658440999999957e-01 -7.149697661999999676e-01 5.151327008170000221e-01
1.403715606162142992e+09 3.518323590999999917e-01 1.990446217399999940e+00 1.139345223300000098e+00 2.619048518000000048e-01 3.945619928999999915e-01 -7.147427083999999819e-01 5.146547805550000243e-01
1.403715606212143183e+09 3.669516782000000199e-01 1.992101098100000023e+00 1.124834846499999985e+00 2.625313660999999965e-01 3.948702645000000122e-01 -7.149801091999999914e-01 5.137686244339999542e-01
1.403715606262142897e+09 3.820740170999999963e-01 1.994673025600000038e+00 1.111924783200000100e+00 2.661166246000000180e-01 3.933206164999999976e-01 -7.158059520999999759e-01 5.119596406519999476e-01
1.403715606312143087e+09 3.972271920000000067e-01 1.997556544999999906e+00 1.100796793900000070e+00 2.694759233999999837e-01 3.923402468000000143e-01 -7.166005350999999912e-01 5.098387299259999894e-01
1.403715606362143040e+09 4.123507155999999729e-01 2.000223363399999954e+00 1.092337894599999970e+00 2.721676046000000015e-01 3.915857045999999730e-01 -7.173543112000000388e-01 5.079254109799999917e-01
1.403715606412142992e+09 4.273251063999999877e-01 2.002484993199999952e+00 1.086421137799999936e+00 2.746830082999999756e-01 3.908621203000000044e-01 -7.181556784999999499e-01 5.059925585200000242e-01
1.403715606462142944e+09 4.420237128999999765e-01 2.004098820999999919e+00 1.083170825600000109e+00 2.765638480000000010e-01 3.904480886999999734e-01 -7.176934130000000023e-01 5.059435668959999521e-01
1.403715606512143135e+09 4.565538571000000156e-01 2.005530894500000105e+00 1.082059214799999891e+00 2.789997136999999849e-01 3.898574530000000204e-01 -7.169280375000000038e-01 5.061467328209999783e-01
1.403715606562143087e+09 4.705272904999999728e-01 2.006840245499999842e+00 1.081407739399999901e+00 2.817883367999999833e-01 3.893333838999999963e-01 -7.169606551999999633e-01 5.049576895470000437e-01
1.403715606612143040e+09 4.837031210000000137e-01 2.007850422300000215e+00 1.080309092700000084e+00 2.850484951000000211e-01 3.886435006999999775e-01 -7.166471048000000454e-01 5.041036718760000257e-01
1.403715606662142992e+09 4.960175857999999938e-01 2.008518444599999953e+00 1.078424852800000000e+00 2.882314337999999920e-01 3.880104287000000207e-01 -7.164438043999999950e-01 5.030694017119999861e-01
1.403715606712143183e+09 5.077338644000000123e-01 2.008786893299999932e+00 1.075771280199999902e+00 2.925505461999999834e-01 3.864348055999999865e-01 -7.166314348000000223e-01 5.015193970419999925e-01
1.403715606762142897e+09 5.186120473999999980e-01 2.008275018800000034e+00 1.071751138800000058e+00 2.964931214000000037e-01 3.849725949000000202e-01 -7.167351530000000137e-01 5.001786187140000450e-01
1.403715606812143087e+09 5.284303602000000044e-01 2.006528938699999820e+00 1.066681944099999946e+00 3.002711838000000077e-01 3.835888264000000270e-01 -7.155135482000000158e-01 5.007366481260000501e-01
1.403715606862143040e+09 5.370228483000000219e-01 2.003562533200000217e+00 1.060520956500000000e+00 3.010857418999999813e-01 3.839898681999999730e-01 -7.122986881999999742e-01 5.045094013040000158e-01
1.403715606912142992e+09 5.444484441000000396e-01 1.999799492299999981e+00 1.053929024399999914e+00 3.003454862000000114e-01 3.852523292000000210e-01 -7.084100523999999899e-01 5.094393285720000275e-01
1.403715606962142944e+09 5.503361667999999707e-01 1.995648825199999976e+00 1.046810575499999896e+00 2.970125826000000191e-01 3.883422791000000207e-01 -7.039980918999999560e-01 5.151315236129999642e-01
1.403715607012143135e+09 5.544954374999999658e-01 1.991765130499999925e+00 1.038788017299999922e+00 2.920432427999999914e-01 3.924436747999999753e-01 -7.024165001000000075e-01 5.170200835270000184e-01
1.403715607062143087e+09 5.574570863000000154e-01 1.988182379499999985e+00 1.030396699199999988e+00 2.861102802000000112e-01 3.969322940000000188e-01 -7.014934403999999457e-01 5.181627298880000509e-01
1.403715607112143040e+09 5.596456391999999891e-01 1.985390572300000045e+00 1.022110769700000033e+00 2.820130919000000125e-01 4.004752394000000160e-01 -7.014736743999999691e-01 5.177092647430000527e-01
1.403715607162142992e+09 5.613958303999999622e-01 1.983460515099999988e+00 1.014384967600000076e+00 2.792719569000000068e-01 4.030118276999999916e-01 -7.015186419000000173e-01 5.171655787850000241e-01
1.403715607212143183e+09 5.630697526000000286e-01 1.982294153200000020e+00 1.006853812599999953e+00 2.769366166000000185e-01 4.051934300000000211e-01 -7.021122638000000249e-01 5.159096468760000498e-01
1.403715607262142897e+09 5.643627141999999486e-01 1.981944310600000092e+00 1.000315136500000035e+00 2.755929100999999770e-01 4.061751386999999935e-01 -7.026480108999999530e-01 5.151272439640000034e-01
1.403715607312143087e+09 5.651728298999999511e-01 1.982512167000000103e+00 9.942440117999999938e-01 2.749381154000000160e-01 4.068485353999999887e-01 -7.030772186999999507e-01 5.143595303779999739e-01
1.403715607362143040e+09 5.658120318999999565e-01 1.983733782899999909e+00 9.891732707000000513e-01 2.755438964999999962e-01 4.064175266000000231e-01 -7.028351994999999519e-01 5.147067490069999751e-01
1.403715607412142992e+09 5.659929809000000533e-01 1.985335091899999904e+00 9.849551165000000053e-01 2.758300665999999790e-01 4.060883934000000250e-01 -7.024408471999999959e-01 5.153511883010000183e-01
1.403715607462142944e+09 5.657956108999999678e-01 1.987487802600000020e+00 9.813250041000000090e-01 2.752269082000000089e-01 4.061365907000000219e-01 -7.018979756000000014e-01 5.163743317660000054e-01
1.403715607512143135e+09 5.654009547999999663e-01 1.990660627100000024e+00 9.779804632999999914e-01 2.742414868999999977e-01 4.063018911999999871e-01 -7.026100768999999913e-01 5.157998255410000121e-01
1.403715607562143087e+09 5.646257113000000549e-01 1.994546655099999954e+00 9.752704035999999466e-01 2.732734488999999933e-01 4.064432759000000117e-01 -7.028551178999999927e-01 5.158683638969999707e-01
1.403715607612143040e+09 5.639915368000000262e-01 1.999176509300000015e+00 9.733432427000000553e-01 2.727897736000000073e-01 4.059345360000000125e-01 -7.035635087999999593e-01 5.155591925250000429e-01
1.403715607662142992e+09 5.632195130999999577e-01 2.004719467400000177e+00 9.717526628999999527e-01 2.715384785000000134e-01 4.058872193999999989e-01 -7.043091916999999480e-01 5.152387624809999789e-01
1.403715607712143183e+09 5.626248993000000365e-01 2.010946785099999801e+00 9.706031931999999918e-01 2.709425736000000140e-01 4.055063090000000092e-01 -7.041033642999999786e-01 5.161329359649999837e-01
1.403715607762142897e+09 5.618233403000000292e-01 2.017946333699999872e+00 9.681125656000000301e-01 2.704800547999999805e-01 4.051643992999999777e-01 -7.047980364000000497e-01 5.156957217509999802e-01
1.403715607812143087e+09 5.608568177999999627e-01 2.025610248800000068e+00 9.635343519000000301e-01 2.708814701000000214e-01 4.039882854999999884e-01 -7.059618460000000040e-01 5.148150797299999581e-01
1.403715607862143040e+09 5.598867041999999739e-01 2.033995811500000084e+00 9.565432983999999639e-01 2.727739377000000243e-01 4.018563377000000103e-01 -7.079360088999999689e-01 5.127694120789999532e-01
1.403715607912142992e+09 5.590622838000000039e-01 2.042246787099999850e+00 9.472073460000000056e-01 2.694384523999999725e-01 4.071204150000000133e-01 -7.058459697000000199e-01 5.132614880089999554e-01
1.403715607962142944e+09 5.596338691000000143e-01 2.043925402400000202e+00 9.477060443000000500e-01 2.688357921999999789e-01 4.085136819999999891e-01 -7.019484097000000533e-01 5.177956340189999729e-01
1.403715608012143135e+09 5.590484854999999698e-01 2.042962880700000206e+00 9.494267197000000325e-01 2.670351993000000257e-01 4.108184428000000166e-01 -7.032913543000000045e-01 5.150744415219999928e-01
1.403715608062143087e+09 5.587629369000000068e-01 2.042189456200000031e+00 9.482984544000000460e-01 2.672347460000000230e-01 4.109289345000000093e-01 -7.028198411999999617e-01 5.155262089150000060e-01
1.403715608112143040e+09 5.589711700999999699e-01 2.041373569400000143e+00 9.463637459999999502e-01 2.670653865000000016e-01 4.111020539999999945e-01 -7.045260008999999490e-01 5.131415930970000261e-01
1.403715608162142992e+09 5.597089872999999605e-01 2.041833140900000121e+00 9.466529060999999690e-01 2.667656098999999781e-01 4.109531860000000258e-01 -7.054506425000000025e-01 5.121454669530000059e-01
1.403715608212143183e+09 5.589873920000000274e-01 2.042224456900000096e+00 9.467963936000000080e-01 2.668508699000000095e-01 4.111661052999999733e-01 -7.042440545999999468e-01 5.135887057079999707e-01
1.403715608262142897e+09 5.583777027999999865e-01 2.041920863700000144e+00 9.464710038000000436e-01 2.682674025999999823e-01 4.100606914000000103e-01 -7.037324005999999743e-01 5.144351644129999679e-01
1.403715608312143087e+09 5.590750807000000044e-01 2.042139093799999916e+00 9.463176611000000404e-01 2.673374667000000260e-01 4.106820724999999950e-01 -7.045864964000000397e-01 5.132531375890000414e-01
1.403715608362143040e+09 5.592549280999999928e-01 2.041860520400000212e+00 9.462958898000000119e-01 2.676208936000000205e-01 4.104798820000000181e-01 -7.049851500999999576e-01 5.127194767480000026e-01
1.403715608412142992e+09 5.590228164999999638e-01 2.041583552200000096e+00 9.463971773999999559e-01 2.674963780999999874e-01 4.105464777000000232e-01 -7.044559700000000424e-01 5.134579472889999607e-01
