1.403715274312143087e+09 8.687393557999999461e-01 2.207027530199999976e+00 9.257726724999999490e-01 4.259596512000000113e-01 6.262011736999999467e-01 -5.441421095999999791e-01 3.610260795449999893e-01
1.403715274362143040e+09 8.691033299000000545e-01 2.206194771899999907e+00 9.256472292999999851e-01 4.259403229000000013e-01 6.261063148000000078e-01 -5.441748130000000350e-01 3.611640856489999885e-01
1.403715274412142992e+09 8.693648352999999718e-01 2.205555083800000205e+00 9.255692116999999497e-01 4.258371731000000215e-01 6.261730256999999966e-01 -5.442021227000000128e-01 3.611289154430000203e-01
1.403715274462142944e+09 8.695852871000000484e-01 2.205143299299999970e+00 9.255480440000000142e-01 4.258848708999999899e-01 6.260224315000000317e-01 -5.443200516999999738e-01 3.611560234219999832e-01
1.403715274512143135e+09 8.697087755000000309e-01 2.204873152599999830e+00 9.255085441999999496e-01 4.258841321999999874e-01 6.262328711000000325e-01 -5.440339412000000374e-01 3.612231552280000257e-01
1.403715274562143087e+09 8.697613443999999694e-01 2.204777158999999820e+00 9.255325014999999933e-01 4.260009064999999984e-01 6.261932118999999908e-01 -5.441235745000000401e-01 3.610191472789999745e-01
1.403715274612143040e+09 8.697750289000000246e-01 2.204708826200000082e+00 9.255397116000000368e-01 4.260703794999999849e-01 6.262367730000000243e-01 -5.440090116000000364e-01 3.610342520720000170e-01
1.403715274662142992e+09 8.698110061999999587e-01 2.204684668900000144e+00 9.255249064999999664e-01 4.259791601999999844e-01 6.262786476999999685e-01 -5.439174155999999538e-01 3.612072195380000017e-01
1.403715274712143183e+09 8.697598745000000298e-01 2.204778779200000205e+00 9.256188574999999474e-01 4.262045754000000075e-01 6.260968062999999750e-01 -5.439590616999999684e-01 3.611938374659999784e-01
1.403715274762142897e+09 8.697574351000000314e-01 2.204880241500000171e+00 9.256004090999999656e-01 4.261057223999999977e-01 6.260827088999999512e-01 -5.440007453999999854e-01 3.612721189099999952e-01
1.403715274812143087e+09 8.697769664000000178e-01 2.205002869599999915e+00 9.256114189999999908e-01 4.261366092000000161e-01 6.260066783000000079e-01 -5.440845899999999791e-01 3.612411769030000053e-01
1.403715274862143040e+09 8.697276497000000495e-01 2.205099360699999789e+00 9.256334050000000202e-01 4.262027941000000042e-01 6.259287580000000295e-01 -5.441196857000000220e-01 3.612452572090000258e-01
1.403715274912142992e+09 8.697095377000000349e-01 2.205293903699999891e+00 9.256165910000000441e-01 4.262176857000000152e-01 6.259154849000000409e-01 -5.441583043000000064e-01 3.611925111659999854e-01
1.403715274962142944e+09 8.697107647999999802e-01 2.205455964800000057e+00 9.256241202999999640e-01 4.262906081999999763e-01 6.258756255999999851e-01 -5.442420709999999939e-01 3.610492858530000015e-01
1.403715275012143135e+09 8.696795453000000231e-01 2.205613440700000094e+00 9.256739613000000144e-01 4.263311253000000023e-01 6.258142509999999881e-01 -5.442970315999999809e-01 3.610249801190000274e-01
1.403715275062143087e+09 8.696018253999999725e-01 2.205790921599999788e+00 9.256932636000000381e-01 4.263806245000000272e-01 6.257926610999999806e-01 -5.443083865000000188e-01 3.609868263509999897e-01
1.403715275112143040e+09 8.695932276000000183e-01 2.205910588800000127e+00 9.257035882999999910e-01 4.264222450999999858e-01 6.257659881999999563e-01 -5.443687426000000107e-01 3.608928773310000060e-01
1.403715275162142992e+09 8.695763962000000458e-01 2.205971946200000033e+00 9.257185918000000457e-01 4.263973457999999939e-01 6.257714731000000308e-01 -5.443946245999999878e-01 3.608737448079999965e-01
1.403715275212143183e+09 8.695388513999999791e-01 2.206007961100000081e+00 9.257791408000000111e-01 4.264729238000000144e-01 6.257110988999999845e-01 -5.444146843999999597e-01 3.608588607289999750e-01
1.403715275262142897e+09 8.695416608999999575e-01 2.206057606399999926e+00 9.257923326000000452e-01 4.265148449000000230e-01 6.256688055000000359e-01 -5.444933647999999904e-01 3.607639235780000231e-01
1.403715275312143087e+09 8.695360814000000493e-01 2.206087069500000108e+00 9.257901710999999478e-01 4.265528851000000010e-01 6.256322256999999887e-01 -5.445318421000000519e-01 3.607243094049999987e-01
1.403715275362143040e+09 8.695145346999999525e-01 2.206106094399999940e+00 9.257694307999999594e-01 4.265449402000000001e-01 6.256456425999999960e-01 -5.445391122999999611e-01 3.606994581779999764e-01
1.403715275412142992e+09 8.695089389000000279e-01 2.206093040699999897e+00 9.257456808999999787e-01 4.265647546999999928e-01 6.256229782000000128e-01 -5.445617619999999492e-01 3.606811426439999746e-01
1.403715275462142944e+09 8.695065127000000116e-01 2.206065476400000058e+00 9.257443405999999930e-01 4.265787636999999743e-01 6.256007579000000263e-01 -5.445586045000000430e-01 3.607078823629999986e-01
1.403715275512143135e+09 8.695298564000000230e-01 2.206055632700000046e+00 9.257574333000000433e-01 4.265935055999999781e-01 6.255564327999999508e-01 -5.446076917000000073e-01 3.606932110380000056e-01
1.403715275562143087e+09 8.695373884999999525e-01 2.206005397200000218e+00 9.257347862999999455e-01 4.266184512999999789e-01 6.255057214999999449e-01 -5.446410017999999686e-01 3.607013563829999936e-01
1.403715275612143040e+09 8.695048653000000405e-01 2.205931620099999879e+00 9.256947421000000231e-01 4.265920183999999948e-01 6.255101547000000428e-01 -5.446852306999999671e-01 3.606581423149999854e-01
1.403715275662142992e+09 8.694744558000000456e-01 2.205899274600000126e+00 9.256694586000000502e-01 4.266266395000000156e-01 6.254910751000000158e-01 -5.447113584999999647e-01 3.606108170580000216e-01
1.403715275712143183e+09 8.694759165000000012e-01 2.205891659600000221e+00 9.256164931999999457e-01 4.266480697999999738e-01 6.255327276000000047e-01 -5.446860694999999808e-01 3.605514066939999873e-01
1.403715275762142897e+09 8.694808820999999632e-01 2.205871552700000127e+00 9.255846601999999645e-01 4.266735126999999794e-01 6.255276030999999959e-01 -5.447047535000000273e-01 3.605019595339999938e-01
1.403715275812143087e+09 8.694877466000000554e-01 2.205821061099999980e+00 9.255684159000000522e-01 4.266882435000000084e-01 6.255016377000000016e-01 -5.447422146000000520e-01 3.604729722219999766e-01
1.403715275862143040e+09 8.695027622000000012e-01 2.205755785000000024e+00 9.256134978000000180e-01 4.268293773999999874e-01 6.254026572999999978e-01 -5.446856907999999553e-01 3.605630278160000257e-01
1.403715275912142992e+09 8.695064686000000265e-01 2.205720726600000070e+00 9.257204888000000187e-01 4.268859736999999765e-01 6.253193423999999778e-01 -5.446770150999999949e-01 3.606536214759999970e-01
1.403715275962142944e+09 8.694398022999999531e-01 2.205706917800000166e+00 9.259780034000000271e-01 4.272643799999999992e-01 6.250607147000000197e-01 -5.444635307999999840e-01 3.609760602509999861e-01
1.403715276012143135e+09 8.694776159999999532e-01 2.205730048399999976e+00 9.261698741999999651e-01 4.273674425000000276e-01 6.249205799999999478e-01 -5.445404896000000106e-01 3.609805992480000225e-01
1.403715276062143087e+09 8.695250432000000140e-01 2.205768328400000033e+00 9.262217181999999882e-01 4.271350910000000223e-01 6.250900704999999835e-01 -5.445893460999999824e-01 3.608884341220000014e-01
1.403715276112143040e+09 8.696242879000000148e-01 2.205787038600000027e+00 9.260768560000000038e-01 4.269471028999999862e-01 6.252570114000000068e-01 -5.446938303999999675e-01 3.606639323170000022e-01
1.403715276162142992e+09 8.695811704999999447e-01 2.205803172099999987e+00 9.259404822000000257e-01 4.271041615999999763e-01 6.251249153000000280e-01 -5.447315157000000019e-01 3.606500398329999801e-01
1.403715276212143183e+09 8.695265773999999448e-01 2.205774798499999800e+00 9.258470059000000196e-01 4.269827608999999802e-01 6.252435379999999876e-01 -5.447017712999999706e-01 3.606330828109999831e-01
1.403715276262142897e+09 8.695283597999999836e-01 2.205759160599999991e+00 9.257715002999999943e-01 4.270209838999999841e-01 6.251952603000000552e-01 -5.447775231000000495e-01 3.605570915710000213e-01
1.403715276312143087e+09 8.695430596000000012e-01 2.205721341199999852e+00 9.256510522999999990e-01 4.269855438999999864e-01 6.252243657999999593e-01 -5.448093035000000084e-01 3.605005693719999793e-01
1.403715276362143040e+09 8.695333795999999893e-01 2.205711786599999780e+00 9.256466571999999449e-01 4.269538261999999973e-01 6.252438879999999699e-01 -5.448429736000000023e-01 3.604533880179999761e-01
1.403715276412142992e+09 8.694896517000000324e-01 2.205732005499999815e+00 9.256815743999999846e-01 4.269470383000000258e-01 6.252600498000000506e-01 -5.448734950000000410e-01 3.603872514479999900e-01
1.403715276462142944e+09 8.694401617000000471e-01 2.205765381400000003e+00 9.257195709000000106e-01 4.269843873999999984e-01 6.252317555999999943e-01 -5.448314869000000504e-01 3.604555943759999992e-01
1.403715276512143135e+09 8.693011259999999796e-01 2.205791012799999784e+00 9.259869399000000278e-01 4.273665883000000165e-01 6.250553137000000037e-01 -5.446699566999999576e-01 3.605527593599999747e-01
1.403715276562143087e+09 8.692265926000000142e-01 2.205717813600000188e+00 9.261961984000000037e-01 4.272349524999999870e-01 6.250852985999999500e-01 -5.447451778999999883e-01 3.605431401909999778e-01
1.403715276612143040e+09 8.692164665999999595e-01 2.205677986400000012e+00 9.260778134999999578e-01 4.270969889999999825e-01 6.251877556999999586e-01 -5.448175248000000082e-01 3.604196120270000137e-01
1.403715276662142992e+09 8.691783148999999709e-01 2.205667274000000067e+00 9.259607426000000530e-01 4.271155999999999842e-01 6.251841876999999492e-01 -5.448293373999999467e-01 3.603858886030000264e-01
1.403715276712143183e+09 8.690416107999999751e-01 2.205651411499999881e+00 9.260283651999999810e-01 4.271783325999999881e-01 6.251784833000000319e-01 -5.447052691999999530e-01 3.605089539620000005e-01
1.403715276762142897e+09 8.689167877000000262e-01 2.205554038999999911e+00 9.261616223999999953e-01 4.274341456999999900e-01 6.250422675000000261e-01 -5.446397333000000396e-01 3.605409487899999821e-01
1.403715276812143087e+09 8.689940549000000347e-01 2.205443417300000153e+00 9.261529340999999915e-01 4.273088431000000020e-01 6.251067683000000041e-01 -5.447242848000000137e-01 3.604499055050000011e-01
1.403715276862143040e+09 8.691205060000000149e-01 2.205350014299999994e+00 9.262460947999999750e-01 4.272821177000000192e-01 6.251027408999999535e-01 -5.447356443999999964e-01 3.604714038099999796e-01
1.403715276912142992e+09 8.692363327000000028e-01 2.205542930800000079e+00 9.263479943000000327e-01 4.275282703000000128e-01 6.249552426000000160e-01 -5.446221181000000522e-01 3.606068098690000112e-01
1.403715276962142944e+09 8.694342769999999776e-01 2.205811513100000010e+00 9.264091286000000203e-01 4.276747626999999885e-01 6.248600991999999632e-01 -5.444587167000000116e-01 3.608446472749999856e-01
1.403715277012143135e+09 8.696236617999999474e-01 2.205967989399999940e+00 9.266123305000000254e-01 4.278201850999999722e-01 6.247605819999999532e-01 -5.444541579999999659e-01 3.608514573550000160e-01
1.403715277062143087e+09 8.700057771000000439e-01 2.205845768200000112e+00 9.266714458000000487e-01 4.276043036000000130e-01 6.249087980999999958e-01 -5.445393736000000429e-01 3.607220872540000123e-01
1.403715277112143040e+09 8.703669939000000522e-01 2.205772579000000011e+00 9.266868077000000037e-01 4.276819005999999979e-01 6.248768272000000401e-01 -5.444358817000000128e-01 3.608416736830000193e-01
1.403715277162142992e+09 8.708201437000000489e-01 2.205806305099999864e+00 9.267478302999999640e-01 4.276508198000000260e-01 6.249561900000000225e-01 -5.443787290999999584e-01 3.608272942920000004e-01
1.403715277212143183e+09 8.707574619000000293e-01 2.205776977499999791e+00 9.269343519999999614e-01 4.277425297999999931e-01 6.248548070999999648e-01 -5.445380363999999807e-01 3.606537468520000234e-01
1.403715277262142897e+09 8.704606849999999563e-01 2.205633188499999786e+00 9.269381999000000372e-01 4.274933471999999846e-01 6.249479573999999760e-01 -5.445322445000000400e-01 3.607965122799999813e-01
1.403715277312143087e+09 8.700810716000000333e-01 2.205538495199999893e+00 9.268643184000000534e-01 4.274180502000000104e-01 6.249290497999999694e-01 -5.447129990000000310e-01 3.606455902540000036e-01
1.403715277362143040e+09 8.695702168000000176e-01 2.205474200099999837e+00 9.268844823999999871e-01 4.272308456999999726e-01 6.250904561000000248e-01 -5.445760592999999705e-01 3.607944592969999920e-01
1.403715277412142992e+09 8.690493994000000333e-01 2.205407834799999911e+00 9.269312781999999862e-01 4.274097506000000268e-01 6.249749524000000056e-01 -5.445687619000000312e-01 3.607936771510000251e-01
1.403715277462142944e+09 8.686596318999999511e-01 2.205296909499999902e+00 9.268473406999999664e-01 4.275812325000000191e-01 6.248678713999999967e-01 -5.445764361999999581e-01 3.607643802220000251e-01
1.403715277512143135e+09 8.689049516000000306e-01 2.205336472699999995e+00 9.269776226999999480e-01 4.274512925000000241e-01 6.249389467000000531e-01 -5.446285190999999859e-01 3.607166223359999924e-01
1.403715277562143087e+09 8.691105926000000093e-01 2.205285438499999806e+00 9.272863617000000058e-01 4.275358250999999887e-01 6.249484413000000460e-01 -5.443656228000000041e-01 3.609967210059999987e-01
1.403715277612143040e+09 8.692889589000000194e-01 2.205290853999999801e+00 9.272069603000000493e-01 4.275344642000000195e-01 6.250068947000000374e-01 -5.444391590999999586e-01 3.607861770410000224e-01
1.403715277662142992e+09 8.695771154000000447e-01 2.205343341499999887e+00 9.272475714000000258e-01 4.276894119999999910e-01 6.248722330999999519e-01 -5.444854338000000293e-01 3.607659512299999927e-01
1.403715277712143183e+09 8.696279706999999748e-01 2.205290022399999827e+00 9.275500772000000449e-01 4.276621982000000100e-01 6.249528011999999633e-01 -5.444045249000000197e-01 3.607807558560000016e-01
1.403715277762142897e+09 8.696146365000000378e-01 2.205355119700000088e+00 9.277772099000000106e-01 4.277756263999999975e-01 6.248965944000000050e-01 -5.443789051999999851e-01 3.607822991629999754e-01
1.403715277812143087e+09 8.695206061000000375e-01 2.205328058800000157e+00 9.276435347000000498e-01 4.275392141000000090e-01 6.250922543000000386e-01 -5.441653001999999795e-01 3.610457312159999765e-01
1.403715277862143040e+09 8.694615808000000223e-01 2.205106643800000210e+00 9.275550658000000226e-01 4.275035146000000230e-01 6.250197348999999569e-01 -5.446391967999999473e-01 3.604985731179999875e-01
1.403715277912142992e+09 8.694153604000000035e-01 2.204890527799999944e+00 9.276950176999999576e-01 4.272524146000000189e-01 6.252564547000000195e-01 -5.442380522999999970e-01 3.609912498050000251e-01
1.403715277962142944e+09 8.694332880999999791e-01 2.204735227400000053e+00 9.280033509999999763e-01 4.276461052000000151e-01 6.250383283999999540e-01 -5.442261010000000176e-01 3.609208330440000223e-01
1.403715278012143135e+09 8.696323880999999867e-01 2.204528163300000010e+00 9.280984561999999771e-01 4.275012831000000180e-01 6.251696946000000477e-01 -5.443811909000000337e-01 3.606308706470000014e-01
1.403715278062143087e+09 8.698018156000000278e-01 2.204559905400000019e+00 9.280399782999999569e-01 4.274771815999999780e-01 6.252367274000000252e-01 -5.441381912999999626e-01 3.609098539530000149e-01
1.403715278112143040e+09 8.699207683999999885e-01 2.204751476000000210e+00 9.282154356999999800e-01 4.276618209999999976e-01 6.250244547000000095e-01 -5.440582326999999774e-01 3.611792315990000057e-01
1.403715278162142992e+09 8.700876099000000030e-01 2.205020153900000057e+00 9.284372775000000466e-01 4.276586667999999758e-01 6.251226842999999533e-01 -5.442414351000000039e-01 3.607366832850000260e-01
1.403715278212143183e+09 8.704029906000000372e-01 2.205163791799999995e+00 9.284757706999999805e-01 4.277864292999999929e-01 6.251089577999999758e-01 -5.440987749000000262e-01 3.608241745069999951e-01
1.403715278262142897e+09 8.702995514000000377e-01 2.205209704800000114e+00 9.282723684999999447e-01 4.277372038000000209e-01 6.249898354999999794e-01 -5.438445053999999557e-01 3.614716365180000168e-01
1.403715278312143087e+09 8.702653438999999880e-01 2.205267269600000191e+00 9.286694653000000521e-01 4.278103603999999782e-01 6.243019262000000236e-01 -5.442555046999999480e-01 3.619548951000000070e-01
1.403715278362143040e+09 8.703622862000000016e-01 2.205147609099999961e+00 9.294179822000000479e-01 4.277321150000000238e-01 6.235252884999999967e-01 -5.444532984000000075e-01 3.630868467719999826e-01
1.403715278412142992e+09 8.708207527000000336e-01 2.205179562200000110e+00 9.301646980000000120e-01 4.274049186000000167e-01 6.232228945000000131e-01 -5.444620667999999775e-01 3.639770833559999863e-01
1.403715278462142944e+09 8.723348895000000436e-01 2.205790109800000121e+00 9.310349992999999991e-01 4.285647408000000103e-01 6.218091731999999539e-01 -5.447677003999999990e-01 3.645734051150000266e-01
1.403715278512143135e+09 8.750917798999999775e-01 2.206977144700000171e+00 9.321762497000000147e-01 4.299106730000000209e-01 6.201374094999999587e-01 -5.447561996999999989e-01 3.658511849059999932e-01
1.403715278562143087e+09 8.791483776999999833e-01 2.208943309599999960e+00 9.350705015000000397e-01 4.334191202000000076e-01 6.169573476999999917e-01 -5.439682181999999644e-01 3.682527324150000059e-01
1.403715278612143040e+09 8.842869497999999995e-01 2.211439153700000215e+00 9.399381553000000222e-01 4.369311036999999898e-01 6.138478917999999895e-01 -5.431969317000000519e-01 3.704309243389999895e-01
1.403715278662142992e+09 8.904270234000000173e-01 2.214452494000000105e+00 9.468184970999999894e-01 4.376532235000000215e-01 6.130779323999999697e-01 -5.420946854999999509e-01 3.724626918050000235e-01
1.403715278712143183e+09 8.975052811999999491e-01 2.218329124199999836e+00 9.570613638999999617e-01 4.402331184000000119e-01 6.108676600000000345e-01 -5.424756345000000257e-01 3.724992475039999862e-01
1.403715278762142897e+09 9.054323518000000348e-01 2.222475377699999921e+00 9.704680994000000060e-01 4.437171717999999765e-01 6.081986604000000352e-01 -5.419550854000000362e-01 3.734891516859999983e-01
1.403715278812143087e+09 9.137361710000000414e-01 2.226733064699999876e+00 9.861705273999999966e-01 4.462479369999999834e-01 6.064455184999999471e-01 -5.412847630999999549e-01 3.742958951199999995e-01
1.403715278862143040e+09 9.223647717999999829e-01 2.230942586899999913e+00 1.004352249699999922e+00 4.493335573000000194e-01 6.043917885999999795e-01 -5.404198563000000011e-01 3.751750245770000269e-01
1.403715278912142992e+09 9.304926779000000092e-01 2.234741243000000210e+00 1.023308097299999941e+00 4.500145011000000195e-01 6.039743920000000266e-01 -5.401339195000000037e-01 3.754427141419999781e-01
1.403715278962142944e+09 9.381452083000000330e-01 2.238311252099999926e+00 1.041725620200000035e+00 4.504961829999999945e-01 6.035863652999999829e-01 -5.395755839000000442e-01 3.762909486409999893e-01
1.403715279012143135e+09 9.452606289999999634e-01 2.241458994599999865e+00 1.056360307200000070e+00 4.502177334999999947e-01 6.037684473000000107e-01 -5.389260290999999814e-01 3.772616990489999766e-01
1.403715279062143087e+09 9.517637487000000229e-01 2.244614116200000176e+00 1.065977944099999908e+00 4.498372849000000229e-01 6.040446501999999773e-01 -5.388332847000000259e-01 3.774058411649999778e-01
1.403715279112143040e+09 9.579898541000000378e-01 2.247650166600000166e+00 1.070296625399999924e+00 4.497441746999999990e-01 6.040807918999999693e-01 -5.386062525999999462e-01 3.777828461650000191e-01
1.403715279162142992e+09 9.635460384999999794e-01 2.250572926099999815e+00 1.069549765100000105e+00 4.490408947000000262e-01 6.047993103000000037e-01 -5.381824012000000490e-01 3.780737655540000186e-01
1.403715279212143183e+09 9.685106852000000544e-01 2.253173650499999958e+00 1.065580076000000043e+00 4.480662639999999919e-01 6.055611156000000328e-01 -5.380675125999999642e-01 3.781741798289999790e-01
1.403715279262142897e+09 9.733639769999999913e-01 2.255782828600000123e+00 1.060857949799999922e+00 4.475912827999999899e-01 6.061932276000000508e-01 -5.379252421000000339e-01 3.779262472830000053e-01
1.403715279312143087e+09 9.776649524999999619e-01 2.258210879599999998e+00 1.056278150100000035e+00 4.469019075999999813e-01 6.068035706000000085e-01 -5.383134846999999557e-01 3.772090984059999763e-01
1.403715279362143040e+09 9.814980791999999843e-01 2.260433775800000156e+00 1.052812702300000014e+00 4.464426389000000217e-01 6.070973590999999558e-01 -5.391179552999999514e-01 3.761297608640000179e-01
1.403715279412142992e+09 9.850130007999999826e-01 2.262513549599999951e+00 1.050681198199999944e+00 4.469494337000000095e-01 6.068961385000000153e-01 -5.395382257999999931e-01 3.752489622529999735e-01
1.403715279462142944e+09 9.881015010999999459e-01 2.264057376899999863e+00 1.049403890100000014e+00 4.463986817999999746e-01 6.074651083000000007e-01 -5.400226408999999617e-01 3.742858617929999965e-01
1.403715279512143135e+09 9.909593801999999618e-01 2.265399065700000047e+00 1.049609788499999974e+00 4.464624300999999740e-01 6.075731910999999652e-01 -5.402307969999999848e-01 3.737335976450000263e-01
1.403715279562143087e+09 9.937423396000000242e-01 2.266588920099999793e+00 1.050870503799999911e+00 4.462181628999999927e-01 6.078337163000000487e-01 -5.397252203000000303e-01 3.743316858749999865e-01
1.403715279612143040e+09 9.960904128999999996e-01 2.267574979900000010e+00 1.053189072199999909e+00 4.456674869999999733e-01 6.081751602999999617e-01 -5.399430790999999452e-01 3.741188804719999816e-01
1.403715279662142992e+09 9.980832391999999720e-01 2.268213135799999947e+00 1.056346417699999929e+00 4.454704183000000040e-01 6.084848205999999760e-01 -5.398838168999999798e-01 3.739355476189999972e-01
1.403715279712143183e+09 1.000130989899999934e+00 2.268683456899999840e+00 1.060332377299999962e+00 4.456695102000000075e-01 6.083210573999999760e-01 -5.397889806000000235e-01 3.741016374819999823e-01
1.403715279762142897e+09 1.001907160900000093e+00 2.269020873900000179e+00 1.065257746399999927e+00 4.456524924999999970e-01 6.083661622999999574e-01 -5.398568628000000036e-01 3.739505798689999883e-01
1.403715279812143087e+09 1.003280799199999906e+00 2.269015730600000058e+00 1.070873100000000022e+00 4.457004071999999817e-01 6.082225734999999744e-01 -5.402150055000000117e-01 3.736096839449999929e-01
1.403715279862143040e+09 1.004197077499999979e+00 2.268643112099999914e+00 1.077121372799999977e+00 4.454773414000000042e-01 6.084890066999999458e-01 -5.402638256999999777e-01 3.733712171060000196e-01
1.403715279912142992e+09 1.004979990600000095e+00 2.268149386799999778e+00 1.084031932800000098e+00 4.449135980999999740e-01 6.088281666999999509e-01 -5.405167987000000229e-01 3.731243010970000107e-01
1.403715279962142944e+09 1.005627600399999988e+00 2.267543391499999839e+00 1.091130788799999918e+00 4.430736263000000230e-01 6.101592045000000519e-01 -5.412630088000000006e-01 3.720562621110000134e-01
1.403715280012143135e+09 1.006049669300000060e+00 2.266908881500000028e+00 1.097806963900000099e+00 4.394439200999999962e-01 6.127371562000000216e-01 -5.434279347999999565e-01 3.689556860159999840e-01
1.403715280062143087e+09 1.006640338600000018e+00 2.266260384000000183e+00 1.104154179000000013e+00 4.347930788000000102e-01 6.161331575999999810e-01 -5.459498544999999980e-01 3.650666611649999727e-01
1.403715280112143040e+09 1.007946662800000004e+00 2.265341751899999867e+00 1.110456290799999968e+00 4.288245688999999805e-01 6.203322787999999699e-01 -5.468501369999999584e-01 3.636650665889999967e-01
1.403715280162142992e+09 1.010262958300000014e+00 2.264602219199999933e+00 1.117476300299999892e+00 4.250037440000000166e-01 6.232497845000000147e-01 -5.466006057000000196e-01 3.635372079849999993e-01
1.403715280212143183e+09 1.013680595000000073e+00 2.264015333400000163e+00 1.124951453900000065e+00 4.216127389000000059e-01 6.257770777000000173e-01 -5.446442007999999779e-01 3.660716349720000151e-01
1.403715280262142897e+09 1.018173790100000087e+00 2.264089967199999887e+00 1.133169872499999897e+00 4.197504886000000268e-01 6.271074942000000041e-01 -5.422246864999999971e-01 3.695106324149999844e-01
1.403715280312143087e+09 1.023480688200000044e+00 2.265249651600000025e+00 1.141745371200000081e+00 4.190842233000000028e-01 6.276834681999999832e-01 -5.398826719000000551e-01 3.727044110730000082e-01
1.403715280362143040e+09 1.029545118099999934e+00 2.267394485700000129e+00 1.150675816299999932e+00 4.192324065999999960e-01 6.273258467000000227e-01 -5.378104267000000105e-01 3.761202152650000019e-01
1.403715280412142992e+09 1.036394269799999934e+00 2.270407220600000109e+00 1.159605770400000013e+00 4.193354599999999932e-01 6.261070209000000331e-01 -5.365293410999999457e-01 3.798473859709999845e-01
1.403715280462142944e+09 1.043875978199999999e+00 2.274492543800000099e+00 1.168675010300000094e+00 4.203134639000000172e-01 6.233257031000000170e-01 -5.384463641000000189e-01 3.806273412369999831e-01
1.403715280512143135e+09 1.052084797600000066e+00 2.279497658299999951e+00 1.177803880899999989e+00 4.223143800999999975e-01 6.180385902999999681e-01 -5.426983317000000362e-01 3.809952571479999772e-01
1.403715280562143087e+09 1.060602231400000095e+00 2.285165694799999869e+00 1.186709388799999987e+00 4.234403274999999911e-01 6.122121489999999833e-01 -5.477138958999999696e-01 3.819739020969999954e-01
1.403715280612143040e+09 1.069572074499999914e+00 2.290907263299999830e+00 1.195339129900000019e+00 4.238613663999999948e-01 6.053115632000000135e-01 -5.536233940000000464e-01 3.839799358800000117e-01
1.403715280662142992e+09 1.079089699300000094e+00 2.296435443300000045e+00 1.203404811600000013e+00 4.220669344999999906e-01 5.983793603000000516e-01 -5.599433243000000449e-01 3.876404487640000007e-01
1.403715280712143183e+09 1.088778365600000075e+00 2.301957477899999827e+00 1.210958866499999953e+00 4.197762136000000033e-01 5.906958359999999741e-01 -5.670530195999999856e-01 3.915574451569999725e-01
1.403715280762142897e+09 1.098670726799999997e+00 2.307376217999999923e+00 1.217674518299999953e+00 4.160495603000000098e-01 5.831509778000000255e-01 -5.746018070999999727e-01 3.958161993429999970e-01
1.403715280812143087e+09 1.108576491500000039e+00 2.312591935199999948e+00 1.223550576100000065e+00 4.114723887999999774e-01 5.756497799999999998e-01 -5.825903959999999548e-01 3.998827759310000229e-01
1.403715280862143040e+09 1.118724626399999922e+00 2.317712370499999786e+00 1.229376554599999949e+00 4.071301987000000011e-01 5.676334920000000173e-01 -5.898875881999999793e-01 4.050553707319999863e-01
1.403715280912142992e+09 1.128671427000000005e+00 2.322913305100000159e+00 1.234680428599999935e+00 4.026059659999999818e-01 5.604684597000000323e-01 -5.965612141999999674e-01 4.097539012459999741e-01
1.403715280962142944e+09 1.138437418499999909e+00 2.328332507699999887e+00 1.239854017599999914e+00 3.988260657000000098e-01 5.542113163999999870e-01 -6.020482477999999915e-01 4.139148382789999969e-01
1.403715281012143135e+09 1.147728381699999911e+00 2.333825450500000009e+00 1.244741702800000072e+00 3.956510222999999882e-01 5.485038474000000219e-01 -6.070767408999999670e-01 4.172069373689999972e-01
1.403715281062143087e+09 1.156764669199999984e+00 2.339490978500000207e+00 1.249302818399999904e+00 3.918678308999999915e-01 5.442245774999999730e-01 -6.112076128000000219e-01 4.203385141050000051e-01
1.403715281112143040e+09 1.165934400600000087e+00 2.345290180100000121e+00 1.253817130600000107e+00 3.892119206999999914e-01 5.401537430999999723e-01 -6.146528951999999935e-01 4.230246246309999902e-01
1.403715281162142992e+09 1.175179639500000039e+00 2.351327601099999942e+00 1.258167070799999898e+00 3.870686488999999786e-01 5.367542173999999555e-01 -6.171384095999999930e-01 4.256911493100000166e-01
1.403715281212143183e+09 1.184625209500000054e+00 2.357353303200000028e+00 1.262356546399999946e+00 3.848214692999999964e-01 5.337022911000000036e-01 -6.196995539999999858e-01 4.278396476210000188e-01
1.403715281262142897e+09 1.194228693099999905e+00 2.363192856499999994e+00 1.266313127299999897e+00 3.825691815000000218e-01 5.302182111000000031e-01 -6.229273848999999919e-01 4.295008069119999883e-01
1.403715281312143087e+09 1.203659430599999913e+00 2.368697860800000221e+00 1.269633339000000083e+00 3.793508247999999861e-01 5.266719257999999959e-01 -6.266801466000000431e-01 4.312558731700000259e-01
1.403715281362143040e+09 1.213039128599999961e+00 2.373948563099999909e+00 1.272167292700000063e+00 3.757881618000000201e-01 5.226527560000000516e-01 -6.308565336000000467e-01 4.331713148540000113e-01
1.403715281412142992e+09 1.222703435799999960e+00 2.379013876400000171e+00 1.274112958899999981e+00 3.716477941999999923e-01 5.183437589999999595e-01 -6.352860592000000306e-01 4.354414858199999738e-01
1.403715281462142944e+09 1.232724058400000100e+00 2.383627521100000202e+00 1.275633611800000011e+00 3.671536235000000259e-01 5.129460323000000210e-01 -6.398321582999999535e-01 4.389753908929999726e-01
1.403715281512143135e+09 1.242905853499999935e+00 2.387944764599999825e+00 1.276870755500000065e+00 3.620989655999999890e-01 5.067071117000000458e-01 -6.450476700999999702e-01 4.427705334150000005e-01
1.403715281562143087e+09 1.253216041299999972e+00 2.391861502399999839e+00 1.277356504099999901e+00 3.560129342000000197e-01 4.998900023999999775e-01 -6.507866691999999453e-01 4.470363379569999851e-01
1.403715281612143040e+09 1.263697141299999993e+00 2.395591661400000127e+00 1.277206022399999918e+00 3.498913758000000152e-01 4.918783198000000190e-01 -6.570113577999999732e-01 4.516279655980000030e-01
1.403715281662142992e+09 1.274364979000000009e+00 2.399265335900000018e+00 1.276405922699999973e+00 3.435391481000000247e-01 4.828317364999999972e-01 -6.638918089999999994e-01 4.561820184640000275e-01
1.403715281712143183e+09 1.285167332000000107e+00 2.402830596099999827e+00 1.275115433000000076e+00 3.362651949000000084e-01 4.735043923000000210e-01 -6.709554470999999909e-01 4.610185431750000173e-01
1.403715281762142897e+09 1.296162904500000046e+00 2.406252902299999885e+00 1.273747744300000040e+00 3.289058188999999799e-01 4.635441960000000194e-01 -6.784648627999999571e-01 4.654386862550000115e-01
1.403715281812143087e+09 1.307294425100000046e+00 2.409756316400000209e+00 1.271938664000000108e+00 3.212401234000000216e-01 4.532957497999999807e-01 -6.860390133999999529e-01 4.697640029349999802e-01
1.403715281862143040e+09 1.318664154699999980e+00 2.413365191700000079e+00 1.269698551400000097e+00 3.138731230999999844e-01 4.423470325000000147e-01 -6.931642657000000041e-01 4.746957617609999791e-01
1.403715281912142992e+09 1.330183242799999999e+00 2.416954475199999841e+00 1.266815826199999995e+00 3.057486126000000248e-01 4.318349143999999917e-01 -7.001997585000000468e-01 4.793294179090000218e-01
1.403715281962142944e+09 1.341991486099999964e+00 2.420655208299999916e+00 1.263445931399999944e+00 2.983805045999999850e-01 4.209472672999999832e-01 -7.070687554000000263e-01 4.835558372930000015e-01
1.403715282012143135e+09 1.354102321899999906e+00 2.424437266500000021e+00 1.259660823499999971e+00 2.911543623000000247e-01 4.100264967000000205e-01 -7.138037090000000084e-01 4.874337640690000195e-01
1.403715282062143087e+09 1.366663995999999992e+00 2.428080667800000203e+00 1.255166115099999979e+00 2.841122945999999816e-01 3.992524277000000232e-01 -7.201040216999999855e-01 4.912513623040000166e-01
1.403715282112143040e+09 1.379532849000000061e+00 2.431629789900000116e+00 1.250121872100000031e+00 2.761441688999999866e-01 3.895244515999999879e-01 -7.253880900000000409e-01 4.958096595240000237e-01
1.403715282162142992e+09 1.392695787300000099e+00 2.435216903100000163e+00 1.244937922599999913e+00 2.693485033999999945e-01 3.792523282999999967e-01 -7.311110861999999821e-01 4.990948154250000046e-01
1.403715282212143183e+09 1.406229297299999903e+00 2.438768577799999893e+00 1.239614190900000024e+00 2.620545022999999918e-01 3.695046763000000012e-01 -7.358955205999999638e-01 5.032410106100000391e-01
1.403715282262142897e+09 1.420156229000000048e+00 2.442279866999999882e+00 1.234090292799999933e+00 2.546541207999999945e-01 3.595252700000000079e-01 -7.412202515000000380e-01 5.064438741760000084e-01
1.403715282312143087e+09 1.434638140499999936e+00 2.445709728200000210e+00 1.228543911200000061e+00 2.473968263000000112e-01 3.496228333999999993e-01 -7.463001978000000092e-01 5.095043664680000139e-01
1.403715282362143040e+09 1.449408852999999997e+00 2.449110560899999900e+00 1.222869219099999905e+00 2.399738810000000000e-01 3.396583185000000005e-01 -7.511072308999999780e-01 5.127208702390000372e-01
1.403715282412142992e+09 1.464380600499999963e+00 2.452263241799999882e+00 1.216825397700000089e+00 2.310597889000000071e-01 3.309275300000000253e-01 -7.556551573999999993e-01 5.158329447370000320e-01
1.403715282462142944e+09 1.480017721699999900e+00 2.455659180100000061e+00 1.210817684700000063e+00 2.242590570999999922e-01 3.204453869000000177e-01 -7.605181312000000027e-01 5.182999145829999543e-01
1.403715282512143135e+09 1.496488125099999955e+00 2.458724328499999778e+00 1.204552569899999925e+00 2.170781022000000116e-01 3.104158724000000147e-01 -7.644424443999999763e-01 5.216769429630000454e-01
1.403715282562143087e+09 1.513489188799999940e+00 2.461813043299999837e+00 1.198011168799999915e+00 2.100504189999999882e-01 3.002991574000000163e-01 -7.684246472000000328e-01 5.246168117230000094e-01
1.403715282612143040e+09 1.531066774799999974e+00 2.464984905600000165e+00 1.191626126300000088e+00 2.035956204000000103e-01 2.902344910999999916e-01 -7.713024281000000482e-01 5.285880512739999926e-01
1.403715282662142992e+09 1.549146753500000084e+00 2.468238300699999943e+00 1.185173242899999924e+00 1.980495036999999903e-01 2.797040310000000196e-01 -7.742183471000000372e-01 5.320977354570000095e-01
1.403715282712143183e+09 1.567559250299999984e+00 2.471643237199999898e+00 1.178460442700000055e+00 1.927822368000000064e-01 2.687237295000000081e-01 -7.772295438999999861e-01 5.352913249290000008e-01
1.403715282762142897e+09 1.586203816500000086e+00 2.475344656299999890e+00 1.171442553399999920e+00 1.884823013999999963e-01 2.576334979000000081e-01 -7.802769400000000299e-01 5.378357553270000091e-01
1.403715282812143087e+09 1.604936627600000110e+00 2.478750812099999923e+00 1.163901617999999916e+00 1.836320328999999918e-01 2.468033450999999878e-01 -7.837876409999999794e-01 5.394852353439999471e-01
1.403715282862143040e+09 1.623711444100000012e+00 2.481940030200000091e+00 1.156185048400000026e+00 1.776016793000000094e-01 2.367091999000000002e-01 -7.863330084999999858e-01 5.423161420450000048e-01
1.403715282912142992e+09 1.642391049500000033e+00 2.485250194899999876e+00 1.148456109600000108e+00 1.713571886999999960e-01 2.266880993000000011e-01 -7.883725477999999898e-01 5.456353592910000438e-01
1.403715282962142944e+09 1.661194524799999961e+00 2.488566524799999957e+00 1.140578375700000091e+00 1.653833345000000066e-01 2.163542300999999890e-01 -7.910179365999999712e-01 5.478410570659999479e-01
1.403715283012143135e+09 1.680024329999999955e+00 2.491943003099999832e+00 1.133009852500000081e+00 1.597245807000000073e-01 2.056618071999999908e-01 -7.933233440000000414e-01 5.502993287370000486e-01
1.403715283062143087e+09 1.698853376199999987e+00 2.495339234999999878e+00 1.125545811100000071e+00 1.546115579000000018e-01 1.944798637000000052e-01 -7.955582291999999667e-01 5.525938406220000099e-01
1.403715283112143040e+09 1.717550378499999919e+00 2.498969351499999991e+00 1.118171748700000023e+00 1.498703029000000020e-01 1.833067502000000071e-01 -7.979648890999999633e-01 5.542468434339999916e-01
1.403715283162142992e+09 1.735891743100000051e+00 2.502603633200000122e+00 1.111144773099999927e+00 1.458554232000000006e-01 1.718355564999999863e-01 -8.000613755000000049e-01 5.559681037829999894e-01
1.403715283212143183e+09 1.753644614599999985e+00 2.506365829900000008e+00 1.104271629899999940e+00 1.414597686000000076e-01 1.605499307000000098e-01 -8.018953151000000057e-01 5.578321945359999701e-01
1.403715283262142897e+09 1.770821684199999968e+00 2.510143570099999888e+00 1.097532351099999914e+00 1.362444063999999899e-01 1.502005543000000110e-01 -8.035471630999999615e-01 5.596331047400000536e-01
1.403715283312143087e+09 1.787606895399999951e+00 2.513920393699999867e+00 1.090879781399999970e+00 1.315737597999999953e-01 1.396779149000000053e-01 -8.053817604999999880e-01 5.608374502790000049e-01
1.403715283362143040e+09 1.803471437200000027e+00 2.517609818099999952e+00 1.084586221499999947e+00 1.258764138000000032e-01 1.301922613000000006e-01 -8.064178365999999931e-01 5.629346110790000024e-01
1.403715283412142992e+09 1.818414291899999924e+00 2.521492367600000062e+00 1.078030522399999969e+00 1.199794609999999956e-01 1.213441341999999951e-01 -8.088258259999999700e-01 5.627444475480000152e-01
1.403715283462142944e+09 1.832541571399999958e+00 2.525402920399999918e+00 1.071436498600000009e+00 1.140663576000000012e-01 1.129941369000000001e-01 -8.114402913999999578e-01 5.619482578610000001e-01
1.403715283512143135e+09 1.845844937400000108e+00 2.529235102699999960e+00 1.065031598800000090e+00 1.066806029999999988e-01 1.059478994999999979e-01 -8.139108511999999518e-01 5.611981984330000062e-01
1.403715283562143087e+09 1.858386939499999890e+00 2.533042803199999859e+00 1.058993585200000087e+00 9.909813350000000465e-02 9.942706179999999394e-02 -8.162334953000000004e-01 5.604076199070000541e-01
1.403715283612143040e+09 1.870535458300000009e+00 2.536870772399999918e+00 1.053277869199999994e+00 9.217084779999999700e-02 9.349241789999999941e-02 -8.186532019000000160e-01 5.590801709880000026e-01
1.403715283662142992e+09 1.882668891900000085e+00 2.540440869399999801e+00 1.047804225199999939e+00 8.650235280000000138e-02 8.882133870000000209e-02 -8.204614470000000104e-01 5.580959834900000027e-01
1.403715283712143183e+09 1.894776885299999991e+00 2.543522485700000058e+00 1.042489312999999918e+00 8.200703350000000669e-02 8.478634270000000306e-02 -8.214392355999999840e-01 5.579638919470000236e-01
1.403715283762142897e+09 1.907005355899999977e+00 2.546332148199999867e+00 1.037367632400000073e+00 7.912130189999999619e-02 8.119833490000000209e-02 -8.220169373000000279e-01 5.580634414809999555e-01
1.403715283812143087e+09 1.919437417399999957e+00 2.548749370699999961e+00 1.032714241299999891e+00 7.773893989999999810e-02 7.757078850000000136e-02 -8.216828366999999744e-01 5.592644685840000296e-01
1.403715283862143040e+09 1.931811324699999943e+00 2.550789691099999867e+00 1.027787932000000071e+00 7.568208140000000361e-02 7.537323320000000049e-02 -8.210483199000000454e-01 5.607769205789999711e-01
1.403715283912142992e+09 1.944184646999999933e+00 2.552537964699999939e+00 1.023054079300000030e+00 7.560297430000000041e-02 7.297348920000000516e-02 -8.201988446000000321e-01 5.623459037379999748e-01
1.403715283962142944e+09 1.956423159699999914e+00 2.554005355999999782e+00 1.018009836200000073e+00 7.514072239999999847e-02 7.137628040000000562e-02 -8.196580490999999524e-01 5.634003735689999681e-01
1.403715284012143135e+09 1.968863376300000079e+00 2.555426490099999892e+00 1.012122236900000027e+00 7.513399560000000310e-02 7.052490849999999700e-02 -8.206862999999999797e-01 5.620098905360000341e-01
1.403715284062143087e+09 1.981412275300000081e+00 2.556524099799999838e+00 1.006164899799999901e+00 7.511812260000000352e-02 7.044899659999999397e-02 -8.218360699000000213e-01 5.603388980600000346e-01
1.403715284112143040e+09 1.993964244200000069e+00 2.557332610000000006e+00 1.000484479500000079e+00 7.619205229999999329e-02 7.005128929999999976e-02 -8.230653027000000010e-01 5.584362949150000199e-01
1.403715284162142992e+09 2.006286066699999981e+00 2.557998711999999841e+00 9.950542641999999827e-01 7.813656430000000264e-02 6.967953000000000341e-02 -8.240470444999999922e-01 5.567637818870000421e-01
1.403715284212143183e+09 2.018390007699999877e+00 2.558090032299999983e+00 9.900254415999999447e-01 8.200561850000000208e-02 6.827270990000000594e-02 -8.248853405999999611e-01 5.551379021660000079e-01
1.403715284262142897e+09 2.029909266499999809e+00 2.557430058600000056e+00 9.854626276000000296e-01 8.593248779999999865e-02 6.702876239999999708e-02 -8.254141454000000211e-01 5.539081521869999580e-01
1.403715284312143087e+09 2.040928033700000199e+00 2.555842390800000086e+00 9.813028953000000332e-01 9.044791750000000241e-02 6.565028779999999842e-02 -8.257672305000000046e-01 5.528270027930000108e-01
1.403715284362143040e+09 2.051050201299999820e+00 2.553184993199999919e+00 9.775121317999999615e-01 9.381321430000000294e-02 6.511393159999999403e-02 -8.254183819999999505e-01 5.528505688120000094e-01
1.403715284412142992e+09 2.059982833499999888e+00 2.549376076600000207e+00 9.737592563000000423e-01 9.300131720000000268e-02 6.757041760000000175e-02 -8.244234794999999449e-01 5.541758927809999902e-01
1.403715284462142944e+09 2.068084596399999864e+00 2.544629884899999972e+00 9.700985306999999613e-01 9.147677869999999711e-02 7.076509350000000087e-02 -8.233721360000000322e-01 5.555921400519999720e-01
1.403715284512143135e+09 2.075451673199999902e+00 2.538981335099999903e+00 9.665626951000000355e-01 8.856490570000000173e-02 7.510793859999999322e-02 -8.220676302999999630e-01 5.574225204010000434e-01
1.403715284562143087e+09 2.082600776200000059e+00 2.532414847500000121e+00 9.633907141999999979e-01 8.670800730000000067e-02 7.882430370000000075e-02 -8.204050511999999573e-01 5.596463191089999789e-01
1.403715284612143040e+09 2.089537959799999900e+00 2.525467511700000056e+00 9.604127040000000060e-01 8.506328629999999891e-02 8.248212559999999749e-02 -8.185678155000000178e-01 5.620566410280000147e-01
1.403715284662142992e+09 2.096355182900000003e+00 2.518413241799999813e+00 9.572831909000000250e-01 8.335029469999999385e-02 8.609725420000000073e-02 -8.172985499999999570e-01 5.636160673969999868e-01
1.403715284712143183e+09 2.103258125600000028e+00 2.511099298199999996e+00 9.545658795000000474e-01 8.280645009999999806e-02 8.867151090000000013e-02 -8.161281542999999639e-01 5.649914076750000014e-01
1.403715284762142897e+09 2.110094956599999794e+00 2.503668905700000114e+00 9.520166261000000407e-01 8.168034170000000593e-02 9.046225619999999357e-02 -8.150111480999999714e-01 5.664818889110000422e-01
1.403715284812143087e+09 2.116780933699999867e+00 2.496161072100000045e+00 9.495195833999999779e-01 7.988352989999999987e-02 9.039902930000000281e-02 -8.139853980000000266e-01 5.682203876939999621e-01
1.403715284862143040e+09 2.123367879499999944e+00 2.488726182699999789e+00 9.475452396000000332e-01 7.798409209999999925e-02 8.808761280000000637e-02 -8.126620170999999671e-01 5.707359282180000104e-01
1.403715284912142992e+09 2.130031494999999886e+00 2.481398930700000172e+00 9.460435789000000151e-01 7.712679710000000521e-02 8.276251349999999563e-02 -8.116526673999999719e-01 5.730809462960000378e-01
1.403715284962142944e+09 2.136385757599999824e+00 2.474103793199999846e+00 9.449289792999999715e-01 7.484287080000000258e-02 7.554960099999999401e-02 -8.100736873999999643e-01 5.766033501759999513e-01
1.403715285012143135e+09 2.142589679299999883e+00 2.467201095200000083e+00 9.443044634999999687e-01 7.343014959999999425e-02 6.546233719999999812e-02 -8.081841499999999900e-01 5.806557286450000355e-01
1.403715285062143087e+09 2.148427312799999989e+00 2.460680811100000032e+00 9.440901082999999527e-01 7.028535349999999460e-02 5.518319399999999791e-02 -8.067675263000000374e-01 5.840727203479999519e-01
1.403715285112143040e+09 2.153418538199999954e+00 2.454695654800000071e+00 9.440974519000000509e-01 6.399923180000000045e-02 4.538487079999999757e-02 -8.062489467000000243e-01 5.863505331739999882e-01
1.403715285162142992e+09 2.157843783900000201e+00 2.450324938100000072e+00 9.447263379000000461e-01 5.756874840000000132e-02 3.560716099999999829e-02 -8.072117293999999665e-01 5.863677969239999843e-01
1.403715285212143183e+09 2.161830583099999981e+00 2.447231986799999870e+00 9.454085817999999808e-01 5.185791199999999906e-02 2.518424580000000121e-02 -8.094001350999999733e-01 5.844210229470000462e-01
1.403715285262142897e+09 2.165605023999999990e+00 2.445046682300000107e+00 9.472434217999999850e-01 4.746237130000000026e-02 1.570969189999999946e-02 -8.118530025000000316e-01 5.817174840369999655e-01
1.403715285312143087e+09 2.169089678300000212e+00 2.444201775299999824e+00 9.512065969999999870e-01 4.501514940000000270e-02 6.851266699999999758e-03 -8.150810675999999866e-01 5.775548022719999564e-01
1.403715285362143040e+09 2.171982966099999857e+00 2.443738383499999944e+00 9.583532069000000320e-01 4.285677660000000028e-02 -7.160537999999999712e-04 -8.184083212999999635e-01 5.730363021879999463e-01
1.403715285412142992e+09 2.174260486100000112e+00 2.443228775100000139e+00 9.692200738999999787e-01 4.077841649999999762e-02 -6.230832399999999653e-03 -8.217901870999999581e-01 5.682949813890000312e-01
1.403715285462142944e+09 2.175700373599999793e+00 2.442480137600000045e+00 9.839258253999999537e-01 3.880760140000000247e-02 -1.024495800000000019e-02 -8.241355291999999944e-01 5.649687074270000053e-01
1.403715285512143135e+09 2.176175007199999900e+00 2.441594359299999795e+00 1.001332969399999939e+00 3.774215549999999919e-02 -1.378179390000000039e-02 -8.258759169999999594e-01 5.624184932869999987e-01
1.403715285562143087e+09 2.175754222500000168e+00 2.439815292700000082e+00 1.021157318600000030e+00 3.774773120000000232e-02 -1.736999629999999920e-02 -8.266593267999999828e-01 5.611664186939999688e-01
1.403715285612143040e+09 2.174541729099999987e+00 2.437427559300000102e+00 1.041599824800000018e+00 3.790054989999999679e-02 -2.036280340000000064e-02 -8.269380498999999718e-01 5.606445988460000418e-01
1.403715285662142992e+09 2.172231249999999836e+00 2.434428634500000133e+00 1.061691802399999940e+00 3.709548780000000018e-02 -2.199570680000000056e-02 -8.272742191999999939e-01 5.601405893790000201e-01
1.403715285712143183e+09 2.168767051100000121e+00 2.430416150100000117e+00 1.081349803800000009e+00 3.693980749999999785e-02 -2.387116840000000004e-02 -8.275246799000000042e-01 5.597039593529999912e-01
1.403715285762142897e+09 2.163943605400000081e+00 2.425634985799999921e+00 1.100724666799999918e+00 3.485150570000000031e-02 -2.419247709999999829e-02 -8.266962334999999884e-01 5.610467308309999845e-01
1.403715285812143087e+09 2.157942193999999869e+00 2.420159644499999985e+00 1.119558893900000074e+00 3.300424219999999881e-02 -2.438969510000000077e-02 -8.261295093999999617e-01 5.619838933570000528e-01
1.403715285862143040e+09 2.150856580900000203e+00 2.414131033499999912e+00 1.136987872700000013e+00 2.878549749999999990e-02 -2.247221649999999946e-02 -8.259769122000000241e-01 5.625198086699999545e-01
1.403715285912142992e+09 2.142886112099999796e+00 2.407331110199999902e+00 1.154051071899999892e+00 2.362329050000000139e-02 -1.942300870000000096e-02 -8.257558166999999782e-01 5.631980273569999751e-01
1.403715285962142944e+09 2.134389623000000125e+00 2.400111578000000190e+00 1.170417215000000066e+00 1.887069749999999851e-02 -1.643643059999999947e-02 -8.264513955000000189e-01 5.624516258139999891e-01
1.403715286012143135e+09 2.125753570900000167e+00 2.392223965899999971e+00 1.186151791999999983e+00 1.430564599999999999e-02 -1.334510319999999972e-02 -8.266518156000000062e-01 5.623735701730000480e-01
1.403715286062143087e+09 2.117283245399999903e+00 2.383682066200000005e+00 1.201007591700000043e+00 1.031495160000000036e-02 -1.097435960000000058e-02 -8.267529488000000537e-01 5.623635184420000543e-01
1.403715286112143040e+09 2.109281225899999779e+00 2.374640708499999864e+00 1.215220037599999969e+00 8.910299700000000669e-03 -1.038571809999999998e-02 -8.269427447999999625e-01 5.621195959739999637e-01
1.403715286162142992e+09 2.101737357100000203e+00 2.364960011099999981e+00 1.229103826200000027e+00 9.809560599999999492e-03 -1.152072929999999919e-02 -8.271804005999999765e-01 5.617327035579999794e-01
1.403715286212143183e+09 2.094348777400000028e+00 2.354726459000000105e+00 1.242340965899999983e+00 1.174152650000000013e-02 -1.352822390000000055e-02 -8.276942198000000195e-01 5.608933965140000533e-01
1.403715286262142897e+09 2.086989660299999993e+00 2.343804496000000182e+00 1.254927154300000014e+00 1.298106259999999915e-02 -1.456737269999999924e-02 -8.280160798000000266e-01 5.603647520400000248e-01
1.403715286312143087e+09 2.079466508699999938e+00 2.332001798099999856e+00 1.267032658500000020e+00 1.212005080000000054e-02 -1.403475329999999931e-02 -8.278920345000000403e-01 5.605808677350000435e-01
1.403715286362143040e+09 2.072010926599999969e+00 2.319644265600000033e+00 1.278650670200000006e+00 1.100069329999999942e-02 -1.330468429999999945e-02 -8.273032652999999792e-01 5.614902290240000315e-01
1.403715286412142992e+09 2.064852783500000122e+00 2.306657277199999800e+00 1.289357976900000091e+00 9.798819800000000552e-03 -1.251053840000000000e-02 -8.270449534999999575e-01 5.619111268449999974e-01
1.403715286462142944e+09 2.057833321099999946e+00 2.292920748299999811e+00 1.299320708200000007e+00 8.037410700000000713e-03 -1.142985170000000023e-02 -8.263790723999999699e-01 5.629408380689999714e-01
1.403715286512143135e+09 2.050982130199999975e+00 2.278581412799999928e+00 1.309003596800000002e+00 6.169656299999999594e-03 -1.066489670000000077e-02 -8.259543898000000217e-01 5.636022899710000367e-01
1.403715286562143087e+09 2.044524034400000190e+00 2.263611312600000147e+00 1.318497964200000094e+00 4.697501399999999896e-03 -1.040557410000000037e-02 -8.249572973000000031e-01 5.650797422729999520e-01
1.403715286612143040e+09 2.038265303300000220e+00 2.248056104299999802e+00 1.327838915699999900e+00 3.778173200000000190e-03 -1.206476819999999922e-02 -8.237638522000000352e-01 5.667920982649999884e-01
1.403715286662142992e+09 2.032066975399999809e+00 2.231876171800000197e+00 1.337298998499999891e+00 1.616791499999999972e-03 -1.540719620000000067e-02 -8.216317443999999748e-01 5.698081088549999951e-01
1.403715286712143183e+09 2.026017978900000127e+00 2.215353190400000116e+00 1.346262723900000013e+00 1.188967399999999895e-03 1.997675130000000146e-02 8.184400428000000449e-01 -5.742433387990000249e-01
1.403715286762142897e+09 2.020085059499999947e+00 2.198844811799999910e+00 1.354218257599999919e+00 5.169310499999999614e-03 2.527455220000000141e-02 8.163051782000000367e-01 -5.770444794069999883e-01
1.403715286812143087e+09 2.014331048199999863e+00 2.183010074999999883e+00 1.360822744700000086e+00 9.828569100000000142e-03 3.031760080000000038e-02 8.164791059999999545e-01 -5.764946763089999759e-01
1.403715286862143040e+09 2.009084022300000161e+00 2.167792806300000041e+00 1.366323563899999982e+00 1.357628370000000043e-02 3.526102440000000032e-02 8.181734480000000254e-01 -5.737286411169999489e-01
1.403715286912142992e+09 2.004270324899999789e+00 2.152642817199999836e+00 1.371630634299999985e+00 1.775873420000000091e-02 3.880535069999999781e-02 8.204179396999999874e-01 -5.701694277569999691e-01
1.403715286962142944e+09 1.999956335200000046e+00 2.137356570500000164e+00 1.377109094799999989e+00 2.152901949999999967e-02 4.205732599999999904e-02 8.221398316000000372e-01 -5.673215842259999864e-01
1.403715287012143135e+09 1.996202834500000023e+00 2.121630028099999787e+00 1.382843755599999946e+00 2.548186179999999829e-02 4.472153069999999786e-02 8.231652395999999872e-01 -5.654640994370000451e-01
1.403715287062143087e+09 1.993092831600000059e+00 2.105804780000000154e+00 1.388989581799999984e+00 2.807008059999999833e-02 4.786068940000000327e-02 8.235678700999999879e-01 -5.644974653250000030e-01
1.403715287112143040e+09 1.990649375200000071e+00 2.089464111399999879e+00 1.395165024099999984e+00 3.151088760000000238e-02 4.956864319999999824e-02 8.232788546000000540e-01 -5.645900646170000092e-01
1.403715287162142992e+09 1.988965805999999947e+00 2.072371476099999832e+00 1.401673240800000109e+00 3.380502610000000324e-02 5.167626410000000087e-02 8.217242741000000406e-01 -5.665297884940000417e-01
1.403715287212143183e+09 1.987944927900000103e+00 2.054721091699999835e+00 1.408540495700000061e+00 3.575751010000000063e-02 5.339315659999999825e-02 8.190557579999999671e-01 -5.701037068300000010e-01
1.403715287262142897e+09 1.987616706400000099e+00 2.037026539899999822e+00 1.415238916599999897e+00 3.749357849999999936e-02 5.498739369999999793e-02 8.168717354000000208e-01 -5.729670025719999504e-01
1.403715287312143087e+09 1.988017567300000010e+00 2.019169603699999982e+00 1.422144089499999930e+00 3.773865869999999678e-02 5.677469160000000320e-02 8.145769518000000042e-01 -5.760354308109999488e-01
1.403715287362143040e+09 1.989028809199999914e+00 2.001446850399999811e+00 1.428634154600000095e+00 3.797122039999999837e-02 5.826563010000000015e-02 8.131997381000000136e-01 -5.778144068139999812e-01
1.403715287412142992e+09 1.990958913300000077e+00 1.984090010599999898e+00 1.435195362199999991e+00 3.623442100000000277e-02 6.025996380000000346e-02 8.124543977000000528e-01 -5.787690862100000055e-01
1.403715287462142944e+09 1.993389822399999955e+00 1.967077557200000104e+00 1.442082529299999916e+00 3.314488399999999946e-02 6.376108140000000257e-02 8.119958757999999888e-01 -5.792224432999999451e-01
1.403715287512143135e+09 1.995842778999999956e+00 1.950459392500000000e+00 1.449158379500000038e+00 3.082262919999999989e-02 6.798939619999999628e-02 8.117456446999999908e-01 -5.792205243779999790e-01
1.403715287562143087e+09 1.998021896100000028e+00 1.934422018000000021e+00 1.456345474499999959e+00 2.967576560000000085e-02 7.388141130000000500e-02 8.113968605000000389e-01 -5.790475116559999913e-01
1.403715287612143040e+09 1.999677160500000106e+00 1.918976706900000107e+00 1.463810180000000072e+00 2.911018959999999919e-02 8.159590669999999824e-02 8.114945220999999487e-01 -5.779025397849999468e-01
1.403715287662142992e+09 2.000415766100000159e+00 1.903906270700000070e+00 1.471688317299999937e+00 3.001625280000000048e-02 9.020588150000000138e-02 8.112540622999999673e-01 -5.769131390010000526e-01
1.403715287712143183e+09 1.999939204899999989e+00 1.889239134299999900e+00 1.479900385999999957e+00 3.282817670000000299e-02 9.912897989999999715e-02 8.107584949999999679e-01 -5.759916830389999465e-01
1.403715287762142897e+09 1.998279438199999980e+00 1.874974664200000030e+00 1.488508938999999920e+00 3.748472860000000295e-02 1.079988325999999971e-01 8.097922835999999958e-01 -5.754716367729999504e-01
1.403715287812143087e+09 1.995221316499999897e+00 1.861146759399999961e+00 1.497373585500000104e+00 4.475267310000000109e-02 1.164202842000000016e-01 8.081856448999999998e-01 -5.755688308090000094e-01
1.403715287862143040e+09 1.990970566000000108e+00 1.847805452700000073e+00 1.506699039399999940e+00 5.268955300000000008e-02 1.254524984000000010e-01 8.061615974000000406e-01 -5.758376165099999833e-01
1.403715287912142992e+09 1.985324133300000016e+00 1.834485053499999907e+00 1.516293018300000073e+00 6.244153870000000023e-02 1.347453724000000075e-01 8.036646297999999744e-01 -5.762533311449999918e-01
1.403715287962142944e+09 1.978847257299999995e+00 1.821941667699999989e+00 1.525954031499999974e+00 7.278716490000000650e-02 1.445366988000000019e-01 8.010541224999999654e-01 -5.763015392860000308e-01
1.403715288012143135e+09 1.971838365600000031e+00 1.810022248699999947e+00 1.535425250200000091e+00 8.285354629999999720e-02 1.552182471999999924e-01 7.983226748999999733e-01 -5.759544186220000306e-01
1.403715288062143087e+09 1.964705629900000083e+00 1.798877100999999978e+00 1.545072279400000026e+00 9.200757319999999795e-02 1.662128807000000097e-01 7.951712861999999937e-01 -5.758563278339999814e-01
1.403715288112143040e+09 1.957665478700000072e+00 1.788420185099999893e+00 1.554321813500000093e+00 9.930516909999999309e-02 1.765702503999999895e-01 7.926053185000000445e-01 -5.750984604429999481e-01
1.403715288162142992e+09 1.950623340099999936e+00 1.778856437900000032e+00 1.561938856500000083e+00 1.058784928999999958e-01 1.851668979999999964e-01 7.906698544000000384e-01 -5.738851330809999762e-01
1.403715288212143183e+09 1.943779660799999975e+00 1.770208356900000002e+00 1.566603795600000071e+00 1.114861922000000005e-01 1.922711170999999997e-01 7.894578755000000170e-01 -5.721528722619999563e-01
1.403715288262142897e+09 1.937150268699999955e+00 1.762385327699999893e+00 1.568238334999999983e+00 1.159186868000000037e-01 1.985001141000000136e-01 7.886902641999999908e-01 -5.702001665029999833e-01
1.403715288312143087e+09 1.930448180900000033e+00 1.755061217600000001e+00 1.566570063299999926e+00 1.209569882000000041e-01 2.024741687000000123e-01 7.879023879000000008e-01 -5.688439550439999826e-01
1.403715288362143040e+09 1.924198258599999933e+00 1.748262123199999962e+00 1.561578764000000064e+00 1.239306820000000003e-01 2.062565067999999890e-01 7.874564722000000350e-01 -5.674607861699999534e-01
1.403715288412142992e+09 1.918217770999999905e+00 1.741595970099999890e+00 1.554383229699999980e+00 1.252547658000000008e-01 2.096984208000000072e-01 7.869249785999999913e-01 -5.666452981489999985e-01
1.403715288462142944e+09 1.912192947299999890e+00 1.735518004800000069e+00 1.547885075800000010e+00 1.258102255000000114e-01 2.124098865000000058e-01 7.863037581999999803e-01 -5.663746349849999584e-01
1.403715288512143135e+09 1.905824763100000041e+00 1.730311070399999984e+00 1.543738808799999918e+00 1.266209976999999876e-01 2.139891405999999885e-01 7.855580211999999563e-01 -5.666342435729999627e-01
1.403715288562143087e+09 1.899518077400000005e+00 1.725973134199999981e+00 1.542482683700000079e+00 1.260703703000000120e-01 2.155376049999999932e-01 7.855436471000000198e-01 -5.661898807249999832e-01
1.403715288612143040e+09 1.892876632499999934e+00 1.722361192399999963e+00 1.544835951400000074e+00 1.249390690999999942e-01 2.167954031999999864e-01 7.850258396000000527e-01 -5.666784038559999903e-01
1.403715288662142992e+09 1.885486874599999974e+00 1.718838363199999941e+00 1.550632047699999960e+00 1.240126289999999992e-01 2.175994886000000017e-01 7.852657905000000049e-01 -5.662410870089999992e-01
1.403715288712143183e+09 1.877715743200000009e+00 1.715911688600000096e+00 1.558971370599999906e+00 1.241491049999999957e-01 2.171064944999999968e-01 7.851714006000000134e-01 -5.665312361080000469e-01
1.403715288762142897e+09 1.869589515099999932e+00 1.713498087100000067e+00 1.567471606200000034e+00 1.261083819999999911e-01 2.150774380000000097e-01 7.862000140999999553e-01 -5.654448774160000246e-01
1.403715288812143087e+09 1.861248524400000104e+00 1.711660883399999999e+00 1.575022064699999946e+00 1.273300029999999972e-01 2.136246404999999904e-01 7.869246042999999968e-01 -5.647134233180000074e-01
1.403715288862143040e+09 1.852668144799999972e+00 1.710245765800000095e+00 1.579168092800000034e+00 1.299319077999999961e-01 2.121700016999999994e-01 7.877023741999999995e-01 -5.635836756009999782e-01
1.403715288912142992e+09 1.843682557900000019e+00 1.709110610600000024e+00 1.580136382999999922e+00 1.338120913999999995e-01 2.114420350000000004e-01 7.881696139999999629e-01 -5.622946287800000276e-01
1.403715288962142944e+09 1.834413659900000049e+00 1.707954017899999899e+00 1.577912957299999919e+00 1.376388664000000039e-01 2.122791980000000023e-01 7.881449897000000204e-01 -5.610887271350000205e-01
1.403715289012143135e+09 1.825330182100000087e+00 1.707351758099999950e+00 1.572266039699999896e+00 1.405294765000000001e-01 2.150142187000000094e-01 7.882907707999999847e-01 -5.591225381409999917e-01
1.403715289062143087e+09 1.816323659400000068e+00 1.706851277700000002e+00 1.563255886100000103e+00 1.434608390000000067e-01 2.188913144999999894e-01 7.880223744000000030e-01 -5.572488829330000115e-01
1.403715289112143040e+09 1.807457996299999925e+00 1.706390073699999954e+00 1.551069910100000060e+00 1.474739099000000053e-01 2.230900074999999927e-01 7.875647253999999986e-01 -5.551793383730000420e-01
1.403715289162142992e+09 1.798920775600000077e+00 1.705842705400000048e+00 1.537214097299999915e+00 1.519260474999999944e-01 2.266191218999999979e-01 7.871278700999999600e-01 -5.531654055369999989e-01
1.403715289212143183e+09 1.790614613500000063e+00 1.704933355599999922e+00 1.523107298800000065e+00 1.563563426000000034e-01 2.297298060000000086e-01 7.863620636999999469e-01 -5.517350951370000312e-01
1.403715289262142897e+09 1.782937667499999934e+00 1.703939605400000001e+00 1.509040322599999984e+00 1.596198825000000043e-01 2.336605531000000013e-01 7.857738300000000065e-01 -5.499852062710000045e-01
1.403715289312143087e+09 1.775356728500000036e+00 1.702821763200000005e+00 1.494544409099999971e+00 1.642640062999999873e-01 2.377396697999999975e-01 7.850100196999999502e-01 -5.479566174900000197e-01
1.403715289362143040e+09 1.768228933999999919e+00 1.701771759899999958e+00 1.479750234800000008e+00 1.692556356999999900e-01 2.427388924999999975e-01 7.836228707000000293e-01 -5.462284837119999459e-01
1.403715289412142992e+09 1.761537429000000099e+00 1.700152996799999983e+00 1.464094924599999903e+00 1.734538388999999903e-01 2.492848568000000098e-01 7.823768746000000496e-01 -5.437437374729999773e-01
1.403715289462142944e+09 1.755133395799999940e+00 1.698031583799999966e+00 1.447290170800000109e+00 1.774388987999999945e-01 2.566996236999999903e-01 7.808936080999999696e-01 -5.411339143510000005e-01
1.403715289512143135e+09 1.749085471099999900e+00 1.695431837599999936e+00 1.429575094300000071e+00 1.817343566999999882e-01 2.644429253000000202e-01 7.795456068999999655e-01 -5.379137567199999692e-01
1.403715289562143087e+09 1.743275145099999923e+00 1.692136781399999901e+00 1.411237168400000019e+00 1.861372702999999906e-01 2.724863799999999725e-01 7.774850700000000003e-01 -5.353700171499999882e-01
1.403715289612143040e+09 1.737854235399999947e+00 1.688055660100000077e+00 1.392276016200000077e+00 1.899894534999999884e-01 2.802918033999999836e-01 7.758562136000000109e-01 -5.323416650840000486e-01
1.403715289662142992e+09 1.732912315999999953e+00 1.683374016099999926e+00 1.372548235500000047e+00 1.932226253000000060e-01 2.869171278000000047e-01 7.751247313000000361e-01 -5.287014561270000357e-01
1.403715289712143183e+09 1.728286426399999964e+00 1.677676149799999905e+00 1.352698830800000085e+00 1.948755759999999948e-01 2.930342551999999823e-01 7.739860650000000009e-01 -5.264028936279999682e-01
1.403715289762142897e+09 1.723971592400000086e+00 1.671206131699999986e+00 1.334004847699999941e+00 1.975068561999999972e-01 2.965058663999999844e-01 7.728921415999999711e-01 -5.250838508590000009e-01
1.403715289812143087e+09 1.720058998100000069e+00 1.663897156099999997e+00 1.317819430399999936e+00 1.986375325999999997e-01 2.991752646999999987e-01 7.720372584000000371e-01 -5.244003845089999505e-01
1.403715289862143040e+09 1.716395253900000029e+00 1.655636179500000082e+00 1.304373761599999959e+00 1.990871036000000094e-01 3.008410261999999724e-01 7.709294818999999910e-01 -5.249064070290000439e-01
1.403715289912142992e+09 1.712959638200000079e+00 1.646257645900000011e+00 1.293920237999999889e+00 1.978443208000000009e-01 3.022275775000000109e-01 7.699062035000000526e-01 -5.260803683779999851e-01
1.403715289962142944e+09 1.709865310000000083e+00 1.636419548399999924e+00 1.285865147700000044e+00 1.967482164000000089e-01 3.020579351000000079e-01 7.703638715999999720e-01 -5.259188611080000131e-01
1.403715290012143135e+09 1.706695436399999988e+00 1.625680899400000046e+00 1.280429525700000015e+00 1.952558211000000044e-01 3.014136861999999750e-01 7.709351098000000180e-01 -5.260076145690000260e-01
1.403715290062143087e+09 1.703601131499999921e+00 1.614316712399999965e+00 1.278122731100000076e+00 1.941453710999999915e-01 2.994147581000000113e-01 7.713071393999999525e-01 -5.270139222680000346e-01
1.403715290112143040e+09 1.700905248600000030e+00 1.602348834200000072e+00 1.278667730100000011e+00 1.938665220999999939e-01 2.961994788999999795e-01 7.711478582999999887e-01 -5.291621876969999638e-01
1.403715290162142992e+09 1.698127797099999947e+00 1.589567743099999930e+00 1.281642018999999966e+00 1.925950716000000007e-01 2.927868677000000086e-01 7.720733673999999880e-01 -5.301751634169999949e-01
1.403715290212143183e+09 1.695214629000000084e+00 1.576244809999999941e+00 1.287298381000000047e+00 1.913337880000000046e-01 2.894186511999999878e-01 7.744004143999999590e-01 -5.290862160639999701e-01
1.403715290262142897e+09 1.692591073100000010e+00 1.562386575799999955e+00 1.295169261000000072e+00 1.886595523000000052e-01 2.871608790999999883e-01 7.768181928999999819e-01 -5.277307059539999567e-01
1.403715290312143087e+09 1.689856191200000080e+00 1.547080402800000032e+00 1.303053079399999925e+00 1.858832377999999896e-01 2.852582509000000099e-01 7.788156367999999885e-01 -5.268029575349999494e-01
1.403715290362143040e+09 1.687091025299999991e+00 1.530672346600000067e+00 1.310054417199999932e+00 1.828641601000000061e-01 2.838320960999999865e-01 7.809829297000000503e-01 -5.254195501520000366e-01
1.403715290412142992e+09 1.684562730199999914e+00 1.513309178299999891e+00 1.316375787799999975e+00 1.784324409999999972e-01 2.842073980000000000e-01 7.826790474000000497e-01 -5.242151539989999831e-01
1.403715290462142944e+09 1.682258108499999905e+00 1.495289253399999962e+00 1.321940709499999977e+00 1.750138264999999971e-01 2.843279982999999955e-01 7.843435259000000048e-01 -5.228125699869999865e-01
1.403715290512143135e+09 1.679431787800000020e+00 1.476248446799999892e+00 1.327502357500000008e+00 1.731454933999999890e-01 2.838883962000000039e-01 7.840377042999999713e-01 -5.241306086400000508e-01
1.403715290562143087e+09 1.675699041899999964e+00 1.456056186100000094e+00 1.332309340499999939e+00 1.732726357000000106e-01 2.827923016000000178e-01 7.832092797999999911e-01 -5.259166586850000380e-01
1.403715290612143040e+09 1.671777647499999908e+00 1.434992746100000049e+00 1.337116863299999903e+00 1.727493126999999906e-01 2.828707253000000144e-01 7.810950893000000450e-01 -5.291807717640000241e-01
1.403715290662142992e+09 1.667960172599999957e+00 1.413498047400000068e+00 1.340744402199999907e+00 1.717959296999999885e-01 2.837656553999999831e-01 7.800510106000000388e-01 -5.305503107319999856e-01
1.403715290712143183e+09 1.663339712600000020e+00 1.391359418299999984e+00 1.343796267000000100e+00 1.738148448999999873e-01 2.830478805000000153e-01 7.781033488999999914e-01 -5.331298861359999863e-01
1.403715290762142897e+09 1.658488414600000072e+00 1.368862081599999891e+00 1.346626610499999988e+00 1.761682210999999942e-01 2.823616836999999768e-01 7.760078164999999473e-01 -5.357690791470000047e-01
1.403715290812143087e+09 1.653757138300000040e+00 1.346129790800000059e+00 1.349523374000000109e+00 1.768188491000000084e-01 2.829038064000000130e-01 7.739531083999999783e-01 -5.382351873209999527e-01
1.403715290862143040e+09 1.649297222399999985e+00 1.323230104100000082e+00 1.352067754199999916e+00 1.758489795000000022e-01 2.845175031000000132e-01 7.728428387000000344e-01 -5.392966469540000363e-01
1.403715290912142992e+09 1.644954065699999912e+00 1.300268279900000046e+00 1.353672939600000014e+00 1.755319791999999934e-01 2.860568982999999732e-01 7.725171615999999464e-01 -5.390521406320000208e-01
1.403715290962142944e+09 1.641069323199999985e+00 1.277283444700000103e+00 1.355101092199999968e+00 1.745291645000000003e-01 2.888682717000000122e-01 7.707184355999999736e-01 -5.404514643429999543e-01
1.403715291012143135e+09 1.637114034799999951e+00 1.254200221600000109e+00 1.356649672999999945e+00 1.728395916000000088e-01 2.927963470000000124e-01 7.680720600999999537e-01 -5.426436079640000187e-01
1.403715291062143087e+09 1.633024910300000077e+00 1.231189325399999923e+00 1.358251763900000020e+00 1.701437919999999882e-01 2.974230239000000275e-01 7.652982797999999809e-01 -5.448937308289999448e-01
1.403715291112143040e+09 1.628217033200000108e+00 1.208634570499999894e+00 1.359325108499999990e+00 1.676561380000000101e-01 3.026740155000000043e-01 7.629256784000000291e-01 -5.460991384309999974e-01
1.403715291162142992e+09 1.622723648500000060e+00 1.186662802999999933e+00 1.360336134299999999e+00 1.655267641000000012e-01 3.076783550000000145e-01 7.602399861999999953e-01 -5.476952469600000484e-01
1.403715291212143183e+09 1.616394548900000006e+00 1.165703186300000027e+00 1.360966626600000007e+00 1.647625080000000020e-01 3.124461604000000059e-01 7.577572100999999671e-01 -5.486663133420000005e-01
1.403715291262142897e+09 1.609016632699999949e+00 1.145857911300000032e+00 1.360375074900000092e+00 1.652330452000000116e-01 3.168490599000000074e-01 7.556062333999999936e-01 -5.489662413110000250e-01
1.403715291312143087e+09 1.600695476999999922e+00 1.127394829200000004e+00 1.358440033699999994e+00 1.667183193000000008e-01 3.208210384999999887e-01 7.540606397000000349e-01 -5.483351301129999467e-01
1.403715291362143040e+09 1.591184972400000008e+00 1.109958807900000011e+00 1.355921638499999915e+00 1.689240267000000073e-01 3.244669441999999959e-01 7.523417176000000151e-01 -5.478757298469999482e-01
1.403715291412142992e+09 1.580917773099999923e+00 1.093653124900000106e+00 1.352277202300000036e+00 1.709311061000000076e-01 3.284015593999999871e-01 7.513762898000000412e-01 -5.462313098259999888e-01
1.403715291462142944e+09 1.569913601599999931e+00 1.078481203499999985e+00 1.348041428799999997e+00 1.735972400000000138e-01 3.321412825999999763e-01 7.506690135000000375e-01 -5.440976004959999779e-01
1.403715291512143135e+09 1.557882291200000102e+00 1.064565125899999964e+00 1.342898660699999969e+00 1.768401490000000020e-01 3.355122322999999906e-01 7.512915983000000297e-01 -5.401111348999999562e-01
1.403715291562143087e+09 1.545122541300000041e+00 1.051755728400000089e+00 1.337584260200000097e+00 1.791556301999999989e-01 3.399423793999999943e-01 7.510819539999999961e-01 -5.368596997979999674e-01
1.403715291612143040e+09 1.531302695599999986e+00 1.039791557800000099e+00 1.332411319600000033e+00 1.808260888000000066e-01 3.447006021999999836e-01 7.504766577999999466e-01 -5.341050518790000368e-01
1.403715291662142992e+09 1.516251505400000088e+00 1.028353270700000044e+00 1.327192948400000017e+00 1.822512057000000019e-01 3.492489085000000104e-01 7.494841746000000526e-01 -5.320556079429999974e-01
1.403715291712143183e+09 1.499868371400000067e+00 1.017633893099999964e+00 1.321821581200000040e+00 1.834562000000000137e-01 3.535672225000000002e-01 7.487255740999999576e-01 -5.298528631459999971e-01
1.403715291762142897e+09 1.482067226999999932e+00 1.007400280199999942e+00 1.316576345899999945e+00 1.879398291999999915e-01 3.549034113000000268e-01 7.488409552000000469e-01 -5.272185629829999609e-01
1.403715291812143087e+09 1.463185447599999911e+00 9.975702855000000424e-01 1.311267876799999899e+00 1.932164735000000133e-01 3.551172557000000229e-01 7.490406446999999801e-01 -5.248783112210000379e-01
1.403715291862143040e+09 1.443000368499999908e+00 9.881817322000000514e-01 1.305128178399999950e+00 2.016247888999999904e-01 3.524170475999999774e-01 7.505679760000000256e-01 -5.213419054819999898e-01
1.403715291912142992e+09 1.421917495199999992e+00 9.786943764000000101e-01 1.298435215700000089e+00 2.092405646000000119e-01 3.497737140000000133e-01 7.520193191999999804e-01 -5.180189944849999950e-01
1.403715291962142944e+09 1.400453123299999936e+00 9.687946320000000444e-01 1.291571791400000002e+00 2.130433774999999919e-01 3.492258610999999791e-01 7.527740836999999852e-01 -5.157373324520000413e-01
1.403715292012143135e+09 1.378800561500000077e+00 9.586056628000000357e-01 1.284465353100000096e+00 2.163746104000000003e-01 3.484119218000000240e-01 7.537970846999999530e-01 -5.134015151769999452e-01
1.403715292062143087e+09 1.357054040700000019e+00 9.475417854000000029e-01 1.277820795000000009e+00 2.182105530000000015e-01 3.478182335000000180e-01 7.543829322999999754e-01 -5.121650344479999895e-01
1.403715292112143040e+09 1.335329870999999891e+00 9.354226387999999837e-01 1.271290791199999992e+00 2.177962408000000127e-01 3.464082645000000071e-01 7.552699794999999661e-01 -5.119896189299999456e-01
1.403715292162142992e+09 1.314003531200000019e+00 9.227212077999999984e-01 1.264067676000000029e+00 2.161709270000000127e-01 3.436425363999999760e-01 7.569541838000000133e-01 -5.120549785819999977e-01
1.403715292212143183e+09 1.292757103200000035e+00 9.091872278000000529e-01 1.256992505199999943e+00 2.141129082999999877e-01 3.387042674999999892e-01 7.592023892999999468e-01 -5.128808963240000240e-01
1.403715292262142897e+09 1.271537587200000097e+00 8.946970230999999885e-01 1.250307184700000018e+00 2.108031555000000057e-01 3.326475570999999909e-01 7.621522921000000172e-01 -5.138399712390000484e-01
1.403715292312143087e+09 1.250535054199999996e+00 8.795567170000000434e-01 1.243428127400000083e+00 2.065749383999999911e-01 3.249281118999999829e-01 7.659633284000000319e-01 -5.148288031019999655e-01
1.403715292362143040e+09 1.229290478800000086e+00 8.635453950000000489e-01 1.236595054499999957e+00 2.030997019999999931e-01 3.151834770999999980e-01 7.701998915000000112e-01 -5.159476853109999928e-01
1.403715292412142992e+09 1.208531127200000110e+00 8.463619973999999546e-01 1.230408897000000001e+00 1.976928242000000058e-01 3.056726551000000236e-01 7.737708006000000305e-01 -5.184211833699999827e-01
1.403715292462142944e+09 1.187731566200000088e+00 8.280419658000000016e-01 1.224182989500000041e+00 1.918524959000000030e-01 2.947767161000000025e-01 7.788600587999999769e-01 -5.193036839479999722e-01
1.403715292512143135e+09 1.167110186499999980e+00 8.084407732999999707e-01 1.218948674499999996e+00 1.851166170999999916e-01 2.837958266999999757e-01 7.817048642999999686e-01 -5.235735592469999977e-01
1.403715292562143087e+09 1.146884910100000043e+00 7.879485760000000116e-01 1.214257236899999981e+00 1.785126709000000034e-01 2.713211534000000147e-01 7.833864058999999713e-01 -5.299281055160000031e-01
1.403715292612143040e+09 1.126918328799999980e+00 7.666928240000000505e-01 1.210011304900000084e+00 1.729340413999999881e-01 2.570960435999999905e-01 7.846847873000000195e-01 -5.369033676719999759e-01
1.403715292662142992e+09 1.107316767799999990e+00 7.447095540000000513e-01 1.207062571500000070e+00 1.685661011000000042e-01 2.411350577999999967e-01 7.840988507999999690e-01 -5.464689796070000272e-01
1.403715292712143183e+09 1.088960277199999993e+00 7.227109689999999809e-01 1.204149992000000058e+00 1.628563795000000092e-01 2.256630668000000062e-01 7.852849721000000338e-01 -5.530655409389999555e-01
1.403715292762142897e+09 1.071599065100000026e+00 7.004715904999999632e-01 1.202442437700000033e+00 1.573621819000000088e-01 2.097249766000000015e-01 7.861460591000000164e-01 -5.596668219670000166e-01
1.403715292812143087e+09 1.055955258800000074e+00 6.785953909999999922e-01 1.202500849800000049e+00 1.505606731999999948e-01 1.946258992000000076e-01 7.877236348999999693e-01 -5.647510231010000048e-01
1.403715292862143040e+09 1.042217019500000008e+00 6.571763618000000529e-01 1.204883340599999908e+00 1.424935048000000037e-01 1.806686329999999951e-01 7.907882975000000148e-01 -5.671933661920000036e-01
1.403715292912142992e+09 1.030353734800000032e+00 6.360700737000000160e-01 1.209921031299999949e+00 1.324582418999999955e-01 1.682180483000000060e-01 7.952012245999999784e-01 -5.672852145969999871e-01
1.403715292962142944e+09 1.019975595300000037e+00 6.151424187999999793e-01 1.218411023100000046e+00 1.201406879999999955e-01 1.580593533999999911e-01 7.990067416999999672e-01 -5.676016936309999927e-01
1.403715293012143135e+09 1.010729666200000043e+00 5.945917079000000438e-01 1.230051137800000083e+00 1.078729632999999993e-01 1.488279496000000091e-01 8.011688626999999840e-01 -5.695104201189999937e-01
1.403715293062143087e+09 1.002556025999999934e+00 5.744802673000000137e-01 1.244471671699999948e+00 9.584146239999999373e-02 1.394690299000000133e-01 8.030414462999999614e-01 -5.713906188109999507e-01
1.403715293112143040e+09 9.950738243000000205e-01 5.544764210000000526e-01 1.260408601299999987e+00 8.418920509999999746e-02 1.306176970000000048e-01 8.040197920999999637e-01 -5.739367290310000147e-01
1.403715293162142992e+09 9.879464192000000367e-01 5.348925494999999808e-01 1.276337766599999979e+00 7.360602750000000416e-02 1.216615119000000050e-01 8.056695104000000107e-01 -5.750454497679999832e-01
1.403715293212143183e+09 9.810819579999999762e-01 5.158190454000000091e-01 1.292227369899999978e+00 6.430726089999999617e-02 1.118245972000000005e-01 8.073465985000000122e-01 -5.758049196490000465e-01
1.403715293262142897e+09 9.742774020000000146e-01 4.968068283000000029e-01 1.308456688699999981e+00 5.509016369999999996e-02 1.026408599000000060e-01 8.076397642000000543e-01 -5.780553078860000138e-01
1.403715293312143087e+09 9.674180221999999496e-01 4.780662184000000203e-01 1.324370403000000085e+00 4.795797450000000017e-02 9.220095379999999896e-02 8.075299097999999454e-01 -5.805983651489999842e-01
1.403715293362143040e+09 9.605690027000000075e-01 4.599002688000000116e-01 1.340193210700000082e+00 4.108869069999999957e-02 8.213078109999999432e-02 8.067204539000000230e-01 -5.837536840339999644e-01
1.403715293412142992e+09 9.537529261999999619e-01 4.423678128999999903e-01 1.356243050900000080e+00 3.341135630000000023e-02 7.299397439999999460e-02 8.046762885999999559e-01 -5.882615333270000413e-01
1.403715293462142944e+09 9.466186837000000187e-01 4.259505581999999957e-01 1.371881437000000092e+00 2.685590179999999827e-02 6.385997259999999509e-02 8.033686508999999809e-01 -5.914384796770000285e-01
1.403715293512143135e+09 9.394401672000000092e-01 4.109666753999999811e-01 1.387068125499999915e+00 2.041936789999999891e-02 5.505889110000000003e-02 8.041318241999999561e-01 -5.915433857149999808e-01
1.403715293562143087e+09 9.322773495999999716e-01 3.970634867000000234e-01 1.402401148100000050e+00 1.370987700000000052e-02 4.683368809999999965e-02 8.053803117000000178e-01 -5.907463063519999835e-01
1.403715293612143040e+09 9.248842884000000319e-01 3.840700879999999762e-01 1.417750323099999932e+00 7.636886300000000384e-03 3.876183600000000090e-02 8.074020803000000468e-01 -5.886773978020000131e-01
1.403715293662142992e+09 9.172762838000000363e-01 3.718042162999999900e-01 1.433186695300000091e+00 2.106016899999999924e-03 3.083392550000000135e-02 8.100506613000000300e-01 -5.855448401530000124e-01
1.403715293712143183e+09 9.093522037000000280e-01 3.601837616999999936e-01 1.449027890200000002e+00 3.107746499999999943e-03 -2.271561789999999859e-02 -8.118081146000000192e-01 5.834740163530000023e-01
1.403715293762142897e+09 9.010693821999999908e-01 3.491434680000000124e-01 1.464873661599999988e+00 8.439333900000000124e-03 -1.482069490000000045e-02 -8.137400557999999728e-01 5.809786968929999684e-01
1.403715293812143087e+09 8.927153318999999643e-01 3.385518173000000020e-01 1.480511984999999919e+00 1.336353369999999929e-02 -6.564836600000000313e-03 -8.150162519000000438e-01 5.792467764700000021e-01
1.403715293862143040e+09 8.844444838999999670e-01 3.282250250000000036e-01 1.496041887300000095e+00 1.941556909999999844e-02 1.011328099999999957e-03 -8.161083885000000038e-01 5.775717367149999504e-01
1.403715293912142992e+09 8.761198467999999906e-01 3.178718701000000091e-01 1.511177840700000052e+00 2.491593300000000122e-02 9.282336800000000679e-03 -8.171220946999999679e-01 5.758511239289999528e-01
1.403715293962142944e+09 8.676170960000000321e-01 3.074055495999999943e-01 1.525780074000000042e+00 3.050208100000000033e-02 1.797038059999999868e-02 -8.171589452999999947e-01 5.753242099459999759e-01
1.403715294012143135e+09 8.590376470999999681e-01 2.971437257000000276e-01 1.538038139700000029e+00 3.649475039999999781e-02 2.696535400000000041e-02 -8.167275294000000407e-01 5.752365996830000050e-01
1.403715294062143087e+09 8.504984983000000165e-01 2.869224834999999918e-01 1.546858387799999957e+00 4.275365359999999670e-02 3.623287320000000145e-02 -8.161848839999999994e-01 5.750665518990000225e-01
1.403715294112143040e+09 8.419252162999999456e-01 2.768348728999999731e-01 1.552749066899999919e+00 4.991846440000000107e-02 4.503215869999999815e-02 -8.145851657999999551e-01 5.761347579009999942e-01
1.403715294162142992e+09 8.331733958000000495e-01 2.668897570000000052e-01 1.555656223800000015e+00 5.730544330000000158e-02 5.366416119999999762e-02 -8.123437938999999997e-01 5.778700584549999464e-01
1.403715294212143183e+09 8.243306306000000028e-01 2.572888515999999792e-01 1.555428195199999974e+00 6.480142730000000573e-02 6.229528510000000019e-02 -8.099761344999999446e-01 5.795332035820000005e-01
1.403715294262142897e+09 8.154397224999999638e-01 2.485167121000000090e-01 1.551901736600000081e+00 7.288227149999999821e-02 7.072394160000000651e-02 -8.079774644999999644e-01 5.803953096439999904e-01
1.403715294312143087e+09 8.061604045000000385e-01 2.402570411999999933e-01 1.544851625499999992e+00 8.038073810000000152e-02 7.942726730000000679e-02 -8.060935102999999824e-01 5.808988714380000085e-01
1.403715294362143040e+09 7.963737963000000475e-01 2.326635106999999925e-01 1.534235217800000051e+00 8.754663999999999502e-02 8.848634449999999430e-02 -8.047067216000000078e-01 5.804763948400000206e-01
1.403715294412142992e+09 7.862843865999999959e-01 2.253141963999999997e-01 1.521407506100000084e+00 9.444426159999999570e-02 9.789328490000000216e-02 -8.027758604000000409e-01 5.805584417089999505e-01
1.403715294462142944e+09 7.755702528000000262e-01 2.186475082999999875e-01 1.507483147999999940e+00 1.002746659000000040e-01 1.079541588000000052e-01 -8.010302715999999545e-01 5.802080617710000388e-01
1.403715294512143135e+09 7.644140228000000370e-01 2.127556461000000010e-01 1.493342601399999969e+00 1.059413225999999986e-01 1.183171162000000026e-01 -7.993609593999999596e-01 5.794821419390000505e-01
1.403715294562143087e+09 7.529131959000000540e-01 2.080066073000000071e-01 1.478783137299999995e+00 1.120588124999999935e-01 1.286916613000000098e-01 -7.993604410000000327e-01 5.761112428650000394e-01
1.403715294612143040e+09 7.409428968000000282e-01 2.041064942999999965e-01 1.464153129100000061e+00 1.173699651999999954e-01 1.398576592000000118e-01 -8.000948022999999631e-01 5.714126650769999483e-01
1.403715294662142992e+09 7.284629852999999766e-01 2.005328359000000116e-01 1.449588294100000008e+00 1.210384443000000060e-01 1.521275004000000042e-01 -8.004822803000000153e-01 5.669524120109999954e-01
1.403715294712143183e+09 7.160078132999999623e-01 1.972090202000000014e-01 1.435077070700000013e+00 1.247717953000000018e-01 1.644307147000000080e-01 -8.008196095999999820e-01 5.622121415049999849e-01
1.403715294762142897e+09 7.036822477999999936e-01 1.939203784999999902e-01 1.420783232900000082e+00 1.289854524999999863e-01 1.760839368999999877e-01 -8.003638131000000433e-01 5.583681284889999707e-01
1.403715294812143087e+09 6.918356340000000326e-01 1.906252646999999911e-01 1.406816045900000089e+00 1.343464174000000011e-01 1.867686823999999968e-01 -7.994719263999999770e-01 5.548992145829999556e-01
1.403715294862143040e+09 6.804392643000000129e-01 1.871086992000000060e-01 1.392762634399999921e+00 1.394411962000000060e-01 1.973247227000000104e-01 -7.978273804000000080e-01 5.523500499140000519e-01
1.403715294912142992e+09 6.699881224000000524e-01 1.832288770999999927e-01 1.379163904299999910e+00 1.444868638000000038e-01 2.076355547000000024e-01 -7.953205146999999808e-01 5.508868318190000002e-01
1.403715294962142944e+09 6.603028051999999537e-01 1.791353958000000135e-01 1.366485273599999939e+00 1.502429734000000072e-01 2.172503879999999887e-01 -7.912776007999999806e-01 5.514608566149999946e-01
1.403715295012143135e+09 6.515426803999999628e-01 1.751014852999999982e-01 1.354251340700000084e+00 1.572063478999999875e-01 2.257069988000000027e-01 -7.871913427000000185e-01 5.519712898949999946e-01
1.403715295062143087e+09 6.435018450999999695e-01 1.713982247999999986e-01 1.342040178700000030e+00 1.643393669999999862e-01 2.339627489999999976e-01 -7.836197284000000485e-01 5.515379640919999549e-01
1.403715295112143040e+09 6.361916437000000313e-01 1.677906990999999959e-01 1.330818837999999893e+00 1.737106203999999876e-01 2.407215108000000103e-01 -7.794424182000000423e-01 5.516767997050000538e-01
1.403715295162142992e+09 6.290910148999999674e-01 1.646064671999999951e-01 1.320494013100000030e+00 1.830827607999999940e-01 2.469251617999999870e-01 -7.751885414000000418e-01 5.518979910489999474e-01
1.403715295212143183e+09 6.220291087000000552e-01 1.620539431999999946e-01 1.311344833099999940e+00 1.919226888999999991e-01 2.535467646999999825e-01 -7.709691038999999524e-01 5.518028274730000238e-01
1.403715295262142897e+09 6.146072385999999943e-01 1.603023107000000058e-01 1.304528296700000034e+00 2.002635171999999908e-01 2.605165852999999920e-01 -7.677592211000000555e-01 5.500649152000000042e-01
1.403715295312143087e+09 6.069394630000000124e-01 1.589444688999999966e-01 1.301203452400000016e+00 2.075144499000000087e-01 2.690280979999999933e-01 -7.643494793999999759e-01 5.480250987639999627e-01
1.403715295362143040e+09 5.988918548999999647e-01 1.585188395000000083e-01 1.300659640499999936e+00 2.140470171999999949e-01 2.794271782000000148e-01 -7.620803793000000548e-01 5.434499259999999721e-01
1.403715295412142992e+09 5.904224233000000543e-01 1.583980966000000101e-01 1.302779809100000019e+00 2.202037819000000063e-01 2.902781689000000220e-01 -7.589623205000000095e-01 5.396527357820000148e-01
1.403715295462142944e+09 5.819593693000000290e-01 1.584745030999999971e-01 1.307850822500000065e+00 2.266021039999999986e-01 3.015110876000000051e-01 -7.553943842000000464e-01 5.358375452489999580e-01
1.403715295512143135e+09 5.733557247999999662e-01 1.586156230000000111e-01 1.313084261900000049e+00 2.324967635999999893e-01 3.127301464999999725e-01 -7.514239018999999686e-01 5.324539699039999574e-01
1.403715295562143087e+09 5.644558413000000385e-01 1.584082944000000104e-01 1.315494456599999973e+00 2.364913772999999997e-01 3.237805615000000081e-01 -7.468262600999999723e-01 5.305549110859999473e-01
1.403715295612143040e+09 5.555309843000000303e-01 1.583219988000000022e-01 1.314450230400000086e+00 2.407175884999999960e-01 3.328138942000000156e-01 -7.429032751999999906e-01 5.285685178279999619e-01
1.403715295662142992e+09 5.466425239000000103e-01 1.581895457999999977e-01 1.309935939200000066e+00 2.444147556000000054e-01 3.399880010999999924e-01 -7.388013770000000369e-01 5.280550272209999507e-01
1.403715295712143183e+09 5.379628096999999887e-01 1.583779956999999960e-01 1.302475070599999896e+00 2.483296983000000124e-01 3.455142701999999733e-01 -7.352615034999999688e-01 5.275820045100000355e-01
1.403715295762142897e+09 5.294595694000000519e-01 1.592838584999999862e-01 1.293155582900000100e+00 2.525296758000000197e-01 3.512423136000000223e-01 -7.317929143000000414e-01 5.266276963999999561e-01
1.403715295812143087e+09 5.209238967999999526e-01 1.610833775000000134e-01 1.282837975499999894e+00 2.587389335999999984e-01 3.557705565000000014e-01 -7.285304124999999464e-01 5.250951470629999784e-01
1.403715295862143040e+09 5.123641480999999720e-01 1.634016899999999883e-01 1.272406282700000002e+00 2.654230246000000015e-01 3.596426515999999740e-01 -7.248022309999999635e-01 5.242799891820000280e-01
1.403715295912142992e+09 5.031285337999999996e-01 1.664657633999999942e-01 1.261214593999999911e+00 2.718665926000000121e-01 3.641645032999999976e-01 -7.219057582000000250e-01 5.218475320469999623e-01
1.403715295962142944e+09 4.934920541999999744e-01 1.697587124999999919e-01 1.249741673199999958e+00 2.793534595000000120e-01 3.674019078999999910e-01 -7.186810143999999845e-01 5.200721894109999743e-01
1.403715296012143135e+09 4.828842916000000152e-01 1.733408193000000042e-01 1.236756799099999915e+00 2.858897200000000138e-01 3.702728432999999875e-01 -7.160738965999999817e-01 5.180765041949999539e-01
1.403715296062143087e+09 4.712440910999999844e-01 1.770606852000000120e-01 1.222963364299999967e+00 2.921605334999999859e-01 3.723861956999999778e-01 -7.153879230999999894e-01 5.139950033000000307e-01
1.403715296112143040e+09 4.587285731999999894e-01 1.808043203999999959e-01 1.208367209199999959e+00 2.969999210000000001e-01 3.745448802999999938e-01 -7.165385468999999619e-01 5.080154430150000122e-01
1.403715296162142992e+09 4.452240869999999906e-01 1.844645873999999908e-01 1.192869068900000107e+00 2.996025088000000003e-01 3.788712007000000215e-01 -7.181597870000000494e-01 5.009405857309999766e-01
1.403715296212143183e+09 4.309568079000000163e-01 1.875079904999999991e-01 1.176782050499999954e+00 3.008877923000000121e-01 3.843295030000000168e-01 -7.191821288999999950e-01 4.945042314750000001e-01
1.403715296262142897e+09 4.161012048000000130e-01 1.897805321999999906e-01 1.160421423699999899e+00 3.021609525999999768e-01 3.902483746000000031e-01 -7.200760796999999824e-01 4.877452248110000221e-01
1.403715296312143087e+09 4.009049660999999820e-01 1.911483086000000109e-01 1.144588821699999981e+00 3.017442216999999816e-01 3.974890772999999933e-01 -7.217166748000000132e-01 4.796643611199999935e-01
1.403715296362143040e+09 3.854514439999999764e-01 1.913701791000000096e-01 1.131054736999999921e+00 3.006015868999999952e-01 4.053985576999999951e-01 -7.224483312999999685e-01 4.726088276300000057e-01
1.403715296412142992e+09 3.706630109999999867e-01 1.903121172999999999e-01 1.120785753000000051e+00 3.019875691999999723e-01 4.122344847000000145e-01 -7.217096230999999751e-01 4.669062620100000172e-01
1.403715296462142944e+09 3.568817966999999758e-01 1.875835990999999980e-01 1.113582565400000002e+00 3.055913385999999843e-01 4.174623628999999947e-01 -7.199732461000000194e-01 4.625771657880000109e-01
1.403715296512143135e+09 3.436776844000000164e-01 1.832020541000000113e-01 1.108591832299999913e+00 3.091939075999999842e-01 4.214817794999999867e-01 -7.187039616000000519e-01 4.584941140800000148e-01
1.403715296562143087e+09 3.312487407999999967e-01 1.768387623000000075e-01 1.106032811499999990e+00 3.117281298999999839e-01 4.257760914000000008e-01 -7.161105280999999767e-01 4.568654118930000063e-01
1.403715296612143040e+09 3.192263926999999724e-01 1.686184122000000118e-01 1.105927504799999905e+00 3.123943656000000013e-01 4.304513669000000209e-01 -7.125965050000000467e-01 4.575233349960000084e-01
1.403715296662142992e+09 3.081422641000000073e-01 1.589181198999999878e-01 1.107191038599999899e+00 3.136471859000000140e-01 4.339496441999999843e-01 -7.077624590000000104e-01 4.608529598950000250e-01
1.403715296712143183e+09 2.979003620999999824e-01 1.479737428000000021e-01 1.108351923699999908e+00 3.149675390000000186e-01 4.366907016000000086e-01 -7.037707221000000235e-01 4.634689323219999824e-01
1.403715296762142897e+09 2.886220140999999906e-01 1.359665153999999876e-01 1.109856925899999958e+00 3.166421032000000246e-01 4.384630724999999951e-01 -7.008819641000000322e-01 4.650294452320000160e-01
1.403715296812143087e+09 2.799771319000000092e-01 1.232140070000000004e-01 1.110576687300000032e+00 3.168649937999999944e-01 4.414531876000000188e-01 -6.973090586000000313e-01 4.674138804749999876e-01
1.403715296862143040e+09 2.720340085999999880e-01 1.098436683999999969e-01 1.111453786400000032e+00 3.167805268000000174e-01 4.447571638999999744e-01 -6.929953108999999944e-01 4.707426706699999741e-01
1.403715296912142992e+09 2.647443205000000188e-01 9.674291170000000328e-02 1.112006133600000002e+00 3.173686109000000144e-01 4.491278696000000070e-01 -6.881629984999999561e-01 4.732789969289999954e-01
1.403715296962142944e+09 2.579840777999999890e-01 8.406742570000000359e-02 1.112328653000000056e+00 3.192621506000000164e-01 4.539095812000000230e-01 -6.828655740000000307e-01 4.751130171969999982e-01
1.403715297012143135e+09 2.513080972000000246e-01 7.245927259999999925e-02 1.112216587000000034e+00 3.231799075999999826e-01 4.591630916000000173e-01 -6.795079309999999539e-01 4.722213192449999930e-01
1.403715297062143087e+09 2.440054745999999941e-01 6.212328970000000061e-02 1.111548119899999909e+00 3.286716518999999725e-01 4.647738444999999774e-01 -6.785497421999999723e-01 4.642525886309999961e-01
1.403715297112143040e+09 2.370142466000000059e-01 5.204878379999999805e-02 1.110720340599999911e+00 3.347706864000000171e-01 4.707435504999999965e-01 -6.765442085999999744e-01 4.567461341569999944e-01
1.403715297162142992e+09 2.307707126999999914e-01 4.186315530000000312e-02 1.107836329600000003e+00 3.394056100000000242e-01 4.787890522000000093e-01 -6.762162931999999849e-01 4.453048396209999815e-01
1.403715297212143183e+09 2.254327730000000030e-01 3.123722740000000123e-02 1.104197052600000006e+00 3.436323658000000059e-01 4.881857170000000190e-01 -6.746219868999999703e-01 4.341390072379999743e-01
1.403715297262142897e+09 2.214239392000000028e-01 1.999800989999999876e-02 1.100524947600000081e+00 3.495740816999999834e-01 4.971587261000000035e-01 -6.713198071000000544e-01 4.242179618370000016e-01
1.403715297312143087e+09 2.190768000999999965e-01 7.434974599999999781e-03 1.096347709300000028e+00 3.561150799000000200e-01 5.061160000000000103e-01 -6.661895944000000291e-01 4.161971511390000211e-01
1.403715297362143040e+09 2.179893220999999937e-01 -6.306419399999999877e-03 1.091009225499999902e+00 3.621653765999999774e-01 5.152889282999999487e-01 -6.600498180999999631e-01 4.094481627150000080e-01
1.403715297412142992e+09 2.183059658000000014e-01 -2.168744070000000121e-02 1.085435748999999950e+00 3.673297745999999919e-01 5.246355280000000176e-01 -6.518143892000000106e-01 4.061580990790000234e-01
1.403715297462142944e+09 2.204396201999999916e-01 -3.860138359999999713e-02 1.080075636699999952e+00 3.721429122000000089e-01 5.331585893000000409e-01 -6.441152990999999828e-01 4.029479531969999972e-01
1.403715297512143135e+09 2.244454958000000055e-01 -5.673447260000000214e-02 1.075214966699999941e+00 3.765968349000000104e-01 5.414844854999999457e-01 -6.356891694999999842e-01 4.010843498800000240e-01
1.403715297562143087e+09 2.298919295000000085e-01 -7.562789189999999384e-02 1.070220488199999931e+00 3.811949220999999999e-01 5.484695636999999957e-01 -6.293083939000000404e-01 3.972939899649999829e-01
1.403715297612143040e+09 2.366910929999999913e-01 -9.499654840000000544e-02 1.064819706900000051e+00 3.852960525999999941e-01 5.552310562000000171e-01 -6.247943192999999562e-01 3.910210797090000190e-01
1.403715297662142992e+09 2.452858712000000052e-01 -1.149093226000000023e-01 1.059526445299999953e+00 3.893908130000000023e-01 5.611089786999999829e-01 -6.212922221000000134e-01 3.840930662190000233e-01
1.403715297712143183e+09 2.554227491000000128e-01 -1.353542987999999947e-01 1.054736387499999983e+00 3.947062438999999756e-01 5.655789539000000143e-01 -6.180479938999999812e-01 3.772851775889999870e-01
1.403715297762142897e+09 2.677489906000000142e-01 -1.565208448000000030e-01 1.050201965300000095e+00 4.004708216999999792e-01 5.695579751999999552e-01 -6.143060764000000118e-01 3.712881338979999724e-01
1.403715297812143087e+09 2.824594688000000020e-01 -1.787119444999999973e-01 1.047032920099999931e+00 4.083935296999999798e-01 5.719206103999999735e-01 -6.077937211999999700e-01 3.697408994299999918e-01
1.403715297862143040e+09 2.990178685000000058e-01 -2.019954241999999955e-01 1.045089302200000070e+00 4.174226571999999913e-01 5.736584346999999973e-01 -5.999840985000000071e-01 3.697207148189999848e-01
1.403715297912142992e+09 3.172355515999999986e-01 -2.263071084000000122e-01 1.043901834699999975e+00 4.263837381999999732e-01 5.754552642000000384e-01 -5.910987756000000148e-01 3.710126469280000117e-01
1.403715297962142944e+09 3.366012436999999968e-01 -2.514992770999999738e-01 1.043710138000000009e+00 4.384113067000000030e-01 5.752719511999999646e-01 -5.811119407000000514e-01 3.730504264710000073e-01
1.403715298012143135e+09 3.556481188999999765e-01 -2.776642376999999828e-01 1.043287275600000008e+00 4.496677893000000092e-01 5.764017268000000138e-01 -5.691994550000000208e-01 3.762604270789999816e-01
1.403715298062143087e+09 3.735453546999999985e-01 -3.046425446000000092e-01 1.042580255400000100e+00 4.582684018000000026e-01 5.801295095999999818e-01 -5.568806025000000437e-01 3.785813235109999897e-01
1.403715298112143040e+09 3.904660448999999756e-01 -3.327304358000000017e-01 1.041564093200000096e+00 4.633806958000000198e-01 5.865444235000000228e-01 -5.433078779000000136e-01 3.821786492220000109e-01
1.403715298162142992e+09 4.060114879999999760e-01 -3.616055128999999813e-01 1.039316267600000065e+00 4.638019266000000251e-01 5.966534643999999998e-01 -5.297097651000000074e-01 3.850973658410000167e-01
1.403715298212143183e+09 4.197796549000000210e-01 -3.910748949999999780e-01 1.036464173599999983e+00 4.615643600000000069e-01 6.084900065999999663e-01 -5.162471767999999850e-01 3.875398120249999856e-01
1.403715298262142897e+09 4.317068927000000111e-01 -4.200169913999999838e-01 1.033969950999999998e+00 4.593285447000000077e-01 6.201020046999999868e-01 -5.035832059999999499e-01 3.884517298960000198e-01
1.403715298312143087e+09 4.418903854999999825e-01 -4.481521509999999986e-01 1.032187933199999907e+00 4.577712863999999771e-01 6.298483639999999939e-01 -4.933579249000000222e-01 3.877298616100000039e-01
1.403715298362143040e+09 4.501885874000000065e-01 -4.749309684999999948e-01 1.030494911699999960e+00 4.553013160000000115e-01 6.389791996999999446e-01 -4.860090851000000156e-01 3.849694314050000066e-01
1.403715298412142992e+09 4.566963632000000106e-01 -5.000477568000000206e-01 1.030137088100000042e+00 4.528111591999999797e-01 6.464992077000000226e-01 -4.810072175999999811e-01 3.816187693929999902e-01
1.403715298462142944e+09 4.617309326999999852e-01 -5.235749900999999706e-01 1.030552183399999988e+00 4.504114275000000167e-01 6.526196371000000385e-01 -4.771031224999999765e-01 3.789324027200000056e-01
1.403715298512143135e+09 4.659041211000000127e-01 -5.452714958000000056e-01 1.031309459000000039e+00 4.478930433000000155e-01 6.576692375999999562e-01 -4.730998338999999886e-01 3.782056886360000147e-01
1.403715298562143087e+09 4.695096861999999982e-01 -5.645691186000000306e-01 1.032605863699999960e+00 4.444261964999999814e-01 6.621579545000000344e-01 -4.689729534000000033e-01 3.796005376289999789e-01
1.403715298612143040e+09 4.722715902999999882e-01 -5.810104761000000062e-01 1.034369717699999969e+00 4.412840225999999921e-01 6.654887309000000473e-01 -4.649088388000000016e-01 3.824302969999999746e-01
1.403715298662142992e+09 4.737533527000000189e-01 -5.945728488000000533e-01 1.036380024200000083e+00 4.386486066999999989e-01 6.680872369000000477e-01 -4.611607274000000256e-01 3.854576854489999982e-01
1.403715298712143183e+09 4.739461647000000055e-01 -6.048261894999999999e-01 1.039159722800000019e+00 4.363834784999999772e-01 6.697507029000000500e-01 -4.587061403000000093e-01 3.880620215250000227e-01
1.403715298762142897e+09 4.726386300000000040e-01 -6.113072600000000190e-01 1.042907752499999896e+00 4.354378214999999885e-01 6.699881109999999973e-01 -4.577213989000000205e-01 3.898729994380000230e-01
1.403715298812143087e+09 4.694269548000000181e-01 -6.140627798000000137e-01 1.047423420299999908e+00 4.354179570999999749e-01 6.695862564000000239e-01 -4.596113960000000054e-01 3.883591284499999796e-01
1.403715298862143040e+09 4.639028827000000188e-01 -6.130750702999999691e-01 1.051856224600000056e+00 4.367461413000000015e-01 6.687951113000000225e-01 -4.682183025000000165e-01 3.778062048210000246e-01
1.403715298912142992e+09 4.572695082000000077e-01 -6.084197795000000353e-01 1.056952436200000012e+00 4.404051848000000158e-01 6.672176368000000135e-01 -4.782856285000000041e-01 3.634649308649999799e-01
1.403715298962142944e+09 4.500108467999999751e-01 -6.013422121000000509e-01 1.061752416800000098e+00 4.445537357000000078e-01 6.663068565999999970e-01 -4.870515990000000017e-01 3.481205091039999977e-01
1.403715299012143135e+09 4.430472771999999781e-01 -5.925285868999999872e-01 1.066188024699999959e+00 4.471874835999999909e-01 6.672372923999999594e-01 -4.919111518000000016e-01 3.359183962410000057e-01
1.403715299062143087e+09 4.367105727999999742e-01 -5.823773151000000148e-01 1.070420483599999972e+00 4.502438480000000021e-01 6.688009553999999524e-01 -4.940235595999999951e-01 3.254634878559999889e-01
1.403715299112143040e+09 4.315734185999999806e-01 -5.712672261000000251e-01 1.074714218400000032e+00 4.531949049999999812e-01 6.712804808000000234e-01 -4.931124373999999921e-01 3.175484501799999970e-01
1.403715299162142992e+09 4.279022997999999967e-01 -5.592475043000000312e-01 1.079180057599999909e+00 4.562245898000000244e-01 6.740739243000000158e-01 -4.907037906999999755e-01 3.109553956910000028e-01
1.403715299212143183e+09 4.255673133999999802e-01 -5.464115795999999747e-01 1.083418853199999976e+00 4.591826814000000145e-01 6.775186294999999692e-01 -4.868946046000000027e-01 3.050465796679999730e-01
1.403715299262142897e+09 4.246228687999999973e-01 -5.329086246999999998e-01 1.087305839199999902e+00 4.618225847999999911e-01 6.816537397999999914e-01 -4.823767232000000238e-01 2.989661788219999949e-01
1.403715299312143087e+09 4.252003146000000178e-01 -5.188547814999999730e-01 1.091389023500000111e+00 4.656884788999999802e-01 6.854558307000000461e-01 -4.766803896999999846e-01 2.933604452160000209e-01
1.403715299362143040e+09 4.273429226000000081e-01 -5.044268357000000202e-01 1.095336071299999992e+00 4.691146593000000142e-01 6.899298366999999654e-01 -4.705046949000000200e-01 2.873214036139999927e-01
1.403715299412142992e+09 4.314105598999999902e-01 -4.894025322000000178e-01 1.099735604599999972e+00 4.734272553000000161e-01 6.941679155000000101e-01 -4.635067519000000136e-01 2.813521458770000261e-01
1.403715299462142944e+09 4.374473878999999843e-01 -4.741425832000000229e-01 1.104409224699999914e+00 4.779926045999999817e-01 6.985957046999999864e-01 -4.554418210999999772e-01 2.757895194130000061e-01
1.403715299512143135e+09 4.453824553999999880e-01 -4.585202579000000056e-01 1.109462871499999892e+00 4.838450324999999941e-01 7.024873184000000048e-01 -4.463678162999999977e-01 2.704835016020000205e-01
1.403715299562143087e+09 4.545072715999999846e-01 -4.426073701000000082e-01 1.114192820099999981e+00 4.895785246000000090e-01 7.067648774000000467e-01 -4.365610340000000145e-01 2.649730928680000264e-01
1.403715299612143040e+09 4.649886616000000195e-01 -4.264408397000000184e-01 1.118549591599999893e+00 4.959116494999999958e-01 7.106113527999999846e-01 -4.257591901000000179e-01 2.604462579890000073e-01
1.403715299662142992e+09 4.760132738000000252e-01 -4.100405228999999818e-01 1.122116598999999937e+00 5.013695062999999896e-01 7.152337141000000287e-01 -4.153547215000000237e-01 2.540665419509999801e-01
1.403715299712143183e+09 4.880470955999999805e-01 -3.935771735999999965e-01 1.125515334399999956e+00 5.078049296000000101e-01 7.190782328999999473e-01 -4.047878315999999810e-01 2.474014142840000041e-01
1.403715299762142897e+09 5.010382225999999717e-01 -3.772499531999999878e-01 1.128253807399999920e+00 5.120765081000000496e-01 7.246600198000000548e-01 -3.935367517999999731e-01 2.403629143359999887e-01
1.403715299812143087e+09 5.148332218000000182e-01 -3.610349595999999828e-01 1.130863253500000054e+00 5.180235461000000097e-01 7.290417313000000510e-01 -3.821119257999999741e-01 2.326805446250000131e-01
1.403715299862143040e+09 5.292678914999999762e-01 -3.453404030000000180e-01 1.132206154099999917e+00 5.227785278000000035e-01 7.341799383999999540e-01 -3.705951826000000171e-01 2.243694263740000083e-01
1.403715299912142992e+09 5.445277709000000410e-01 -3.298755634000000159e-01 1.133596348099999984e+00 5.276822246000000272e-01 7.390631130000000493e-01 -3.578259339000000039e-01 2.174805413520000119e-01
1.403715299962142944e+09 5.604343924000000365e-01 -3.145165551999999920e-01 1.134907057399999974e+00 5.325363524999999765e-01 7.435931443000000085e-01 -3.452045825999999762e-01 2.104948104019999933e-01
1.403715300012143135e+09 5.771176827999999759e-01 -2.994723705999999819e-01 1.135859785599999894e+00 5.360198330000000011e-01 7.481182730000000003e-01 -3.338438314000000129e-01 2.038383782210000106e-01
1.403715300062143087e+09 5.948805589000000227e-01 -2.845191725999999810e-01 1.137368067599999977e+00 5.417860836000000235e-01 7.501092644000000309e-01 -3.219652154000000044e-01 2.003555119669999940e-01
1.403715300112143040e+09 6.131748003000000447e-01 -2.702616788000000159e-01 1.138744490299999912e+00 5.473920008999999531e-01 7.510535434999999760e-01 -3.120915422000000161e-01 1.971787041530000117e-01
1.403715300162142992e+09 6.319931372999999519e-01 -2.568482189999999887e-01 1.139447293099999925e+00 5.510953550999999617e-01 7.524614352999999811e-01 -3.018940261999999985e-01 1.973719710150000084e-01
1.403715300212143183e+09 6.510831098999999567e-01 -2.440709369000000073e-01 1.139718095299999900e+00 5.531666146999999478e-01 7.542448993000000490e-01 -2.916205591000000097e-01 2.001968478789999950e-01
1.403715300262142897e+09 6.697352396000000319e-01 -2.315736003999999959e-01 1.140493546999999941e+00 5.567497056000000333e-01 7.541522349000000514e-01 -2.833778187000000059e-01 2.024380987609999960e-01
1.403715300312143087e+09 6.872230048999999896e-01 -2.194970091000000012e-01 1.141847816899999923e+00 5.608014604000000070e-01 7.531194567000000228e-01 -2.792977124000000089e-01 2.007625307189999930e-01
1.403715300362143040e+09 7.038047688999999885e-01 -2.079327387000000082e-01 1.143494887999999987e+00 5.649333761000000509e-01 7.514647942000000080e-01 -2.772652264000000089e-01 1.981790551529999944e-01
1.403715300412142992e+09 7.194615743000000174e-01 -1.969947284999999937e-01 1.145682482700000060e+00 5.683244355000000025e-01 7.499963635999999934e-01 -2.770298507999999771e-01 1.943379851229999900e-01
1.403715300462142944e+09 7.342882534000000350e-01 -1.872534022000000020e-01 1.147742100100000107e+00 5.709611796000000350e-01 7.485601083999999794e-01 -2.778121820000000186e-01 1.910012750070000098e-01
1.403715300512143135e+09 7.482412902999999726e-01 -1.788766301999999975e-01 1.149643328300000045e+00 5.720139050000000447e-01 7.480692627999999678e-01 -2.779213583999999848e-01 1.896106249149999978e-01
1.403715300562143087e+09 7.613670288999999647e-01 -1.718386574000000111e-01 1.151358851399999939e+00 5.722708012999999649e-01 7.478077418999999892e-01 -2.794431109000000135e-01 1.876199851270000107e-01
1.403715300612143040e+09 7.737781720999999946e-01 -1.662096658999999976e-01 1.152811657200000006e+00 5.713782790000000444e-01 7.481922023999999505e-01 -2.810670335000000075e-01 1.863776089470000064e-01
1.403715300662142992e+09 7.857047140999999790e-01 -1.619551659000000032e-01 1.154086421499999959e+00 5.705489564000000291e-01 7.483627608999999792e-01 -2.827331822999999966e-01 1.857121807580000006e-01
1.403715300712143183e+09 7.971048729999999916e-01 -1.589839514999999981e-01 1.155712467300000101e+00 5.697213703000000296e-01 7.483709452000000262e-01 -2.850980154000000155e-01 1.846012195579999904e-01
1.403715300762142897e+09 8.080484004000000331e-01 -1.575134829000000014e-01 1.157502425299999915e+00 5.694053134000000016e-01 7.478134815000000435e-01 -2.869740491000000171e-01 1.849283135030000136e-01
1.403715300812143087e+09 8.186188489000000290e-01 -1.575058343999999888e-01 1.158940124699999963e+00 5.691133372000000135e-01 7.472851082000000478e-01 -2.876714948999999910e-01 1.868691724029999945e-01
1.403715300862143040e+09 8.289377035999999643e-01 -1.587952619000000121e-01 1.160152553499999906e+00 5.684234640999999977e-01 7.470382191000000116e-01 -2.873568295999999744e-01 1.904067149470000109e-01
1.403715300912142992e+09 8.385764545999999653e-01 -1.614978984999999867e-01 1.160759091799999920e+00 5.671067918000000097e-01 7.472718914999999518e-01 -2.865129021000000220e-01 1.946406018619999956e-01
1.403715300962142944e+09 8.474533321999999647e-01 -1.654583491999999934e-01 1.161223671799999968e+00 5.657690531000000300e-01 7.475397670000000216e-01 -2.856390764000000249e-01 1.987460523079999930e-01
1.403715301012143135e+09 8.554099165999999865e-01 -1.703138450999999998e-01 1.161498208900000106e+00 5.647320256000000205e-01 7.476048062000000272e-01 -2.851390992999999763e-01 2.021397714160000081e-01
1.403715301062143087e+09 8.623517124999999783e-01 -1.758769691000000024e-01 1.161481262499999945e+00 5.642952498000000094e-01 7.471462919000000369e-01 -2.845276925999999929e-01 2.058817176970000051e-01
1.403715301112143040e+09 8.682535222999999691e-01 -1.822934072999999877e-01 1.161481154499999890e+00 5.647474607000000368e-01 7.459519809000000334e-01 -2.835654371999999923e-01 2.102536340449999985e-01
1.403715301162142992e+09 8.728616401000000025e-01 -1.893167543000000008e-01 1.161133178200000060e+00 5.651339734000000448e-01 7.449247354000000376e-01 -2.819609442000000077e-01 2.149622215789999957e-01
1.403715301212143183e+09 8.759189031999999875e-01 -1.973204775000000077e-01 1.160472028899999897e+00 5.655365956000000249e-01 7.438228631000000091e-01 -2.802458757999999883e-01 2.199048807410000084e-01
1.403715301262142897e+09 8.769824968999999637e-01 -2.061239323000000068e-01 1.159316652900000078e+00 5.652803937000000500e-01 7.434920066000000327e-01 -2.784778827000000123e-01 2.238923433999999990e-01
1.403715301312143087e+09 8.757565310999999575e-01 -2.154081870000000010e-01 1.157772509900000024e+00 5.655457662999999746e-01 7.430239279000000474e-01 -2.768850214999999948e-01 2.267335741629999957e-01
1.403715301362143040e+09 8.719825160999999936e-01 -2.253519579000000106e-01 1.155735195899999956e+00 5.656048060999999683e-01 7.428050064000000230e-01 -2.763035778999999859e-01 2.280093390310000134e-01
1.403715301412142992e+09 8.657228819000000186e-01 -2.357759882999999890e-01 1.153009852799999901e+00 5.650364703000000377e-01 7.432750278999999960e-01 -2.768518104000000091e-01 2.272203673279999947e-01
1.403715301462142944e+09 8.570390026999999966e-01 -2.466123158999999898e-01 1.150037333100000003e+00 5.649014041000000041e-01 7.436535399999999463e-01 -2.797589173000000207e-01 2.227122904809999970e-01
1.403715301512143135e+09 8.463008815000000462e-01 -2.582119650999999960e-01 1.146055951199999923e+00 5.625368326999999891e-01 7.457421260000000052e-01 -2.841790787999999846e-01 2.160167692659999972e-01
1.403715301562143087e+09 8.340447944000000113e-01 -2.704715853999999919e-01 1.140966742000000034e+00 5.583239732000000455e-01 7.490204277999999993e-01 -2.887604669000000124e-01 2.094281080790000027e-01
1.403715301612143040e+09 8.207356076999999805e-01 -2.831553962000000202e-01 1.135486883800000069e+00 5.536211162999999935e-01 7.523739078000000191e-01 -2.932639486999999989e-01 2.035520050300000106e-01
1.403715301662142992e+09 8.069254136000000299e-01 -2.961330759999999951e-01 1.129752354300000095e+00 5.501977561999999988e-01 7.545549334000000163e-01 -2.974800255000000226e-01 1.985822650010000134e-01
1.403715301712143183e+09 7.930824073000000141e-01 -3.096503990000000206e-01 1.123477153999999922e+00 5.475547925000000538e-01 7.559904782999999906e-01 -3.000822189999999834e-01 1.965014194049999885e-01
1.403715301762142897e+09 7.793323208000000335e-01 -3.237184960000000222e-01 1.116489333399999895e+00 5.453416587999999621e-01 7.569843079000000419e-01 -3.011717387000000246e-01 1.971619043760000078e-01
1.403715301812143087e+09 7.658145416999999622e-01 -3.380669525000000175e-01 1.109471904200000081e+00 5.443556749000000305e-01 7.572013021000000288e-01 -2.998158611000000251e-01 2.010809208800000136e-01
1.403715301862143040e+09 7.520351923000000438e-01 -3.522179299000000041e-01 1.102451064600000086e+00 5.434113041999999449e-01 7.573148615000000472e-01 -2.982334306000000157e-01 2.055119848949999994e-01
1.403715301912142992e+09 7.376578150999999473e-01 -3.662577296999999787e-01 1.095704185800000063e+00 5.421935754000000163e-01 7.575535986000000443e-01 -2.974963057000000188e-01 2.088890140430000042e-01
1.403715301962142944e+09 7.225287806000000312e-01 -3.801955630000000141e-01 1.089785930199999919e+00 5.412888658000000186e-01 7.576432374999999553e-01 -2.986090775999999947e-01 2.093220181440000049e-01
1.403715302012143135e+09 7.069947054999999869e-01 -3.938921328000000166e-01 1.084724917499999997e+00 5.405891601000000213e-01 7.575317714000000535e-01 -2.983633090999999737e-01 2.118686172869999884e-01
1.403715302062143087e+09 6.906410498999999703e-01 -4.074144599000000255e-01 1.080109752700000092e+00 5.395307334000000177e-01 7.576734426000000244e-01 -2.983427998000000025e-01 2.140773597350000002e-01
1.403715302112143040e+09 6.734506858000000040e-01 -4.206971116000000066e-01 1.075729582399999940e+00 5.374291043000000156e-01 7.586102611999999690e-01 -2.988082248999999746e-01 2.153928370609999865e-01
1.403715302162142992e+09 6.552373085999999569e-01 -4.337461054000000260e-01 1.071633218799999954e+00 5.339987717999999939e-01 7.604339259000000295e-01 -2.996184701999999866e-01 2.163661902969999939e-01
1.403715302212143183e+09 6.362702220999999492e-01 -4.463900664000000074e-01 1.068120798100000046e+00 5.309548658999999615e-01 7.618305373000000547e-01 -3.008000679000000233e-01 2.173027424610000091e-01
1.403715302262142897e+09 6.166098669999999782e-01 -4.581317536999999773e-01 1.064864714999999906e+00 5.273444574000000218e-01 7.635242269999999998e-01 -3.023869470000000170e-01 2.179465810760000122e-01
1.403715302312143087e+09 5.967465321999999572e-01 -4.686524691999999770e-01 1.062443514099999931e+00 5.243159901999999706e-01 7.647875726999999735e-01 -3.032543484999999928e-01 2.196121833369999998e-01
1.403715302362143040e+09 5.763807696999999619e-01 -4.778133893000000021e-01 1.060959656200000101e+00 5.223682151999999856e-01 7.651114184999999734e-01 -3.044353082999999849e-01 2.214838777529999914e-01
1.403715302412142992e+09 5.554391807999999875e-01 -4.857043898000000248e-01 1.060118909600000103e+00 5.213496960000000291e-01 7.648376637999999561e-01 -3.053522502000000083e-01 2.235572538089999894e-01
1.403715302462142944e+09 5.338229689000000278e-01 -4.922908570000000261e-01 1.060233876799999919e+00 5.218203826999999739e-01 7.635152642000000434e-01 -3.082120702999999740e-01 2.230543639879999929e-01
1.403715302512143135e+09 5.112363057000000044e-01 -4.976375963999999930e-01 1.061388761999999986e+00 5.231339641000000151e-01 7.616685001999999871e-01 -3.133704786000000020e-01 2.190682419849999951e-01
1.403715302562143087e+09 4.884266894000000025e-01 -5.021172261999999886e-01 1.062701242800000001e+00 5.231812050999999908e-01 7.606788999000000384e-01 -3.183776354000000253e-01 2.151388370800000061e-01
1.403715302612143040e+09 4.653280969999999961e-01 -5.059656865999999642e-01 1.063943438499999949e+00 5.237535789999999691e-01 7.594662639999999465e-01 -3.228582964000000222e-01 2.113189601159999875e-01
1.403715302662142992e+09 4.422051486999999947e-01 -5.095982238999999803e-01 1.064657448600000000e+00 5.228292666999999616e-01 7.593161757999999928e-01 -3.258048313999999945e-01 2.096180213209999921e-01
1.403715302712143183e+09 4.193765211000000104e-01 -5.125102316999999852e-01 1.065312023699999999e+00 5.225761341000000337e-01 7.588039258000000009e-01 -3.294977083000000251e-01 2.063057113339999971e-01
1.403715302762142897e+09 3.969883158999999995e-01 -5.150468979000000225e-01 1.064853271700000104e+00 5.213227004999999581e-01 7.591418520999999586e-01 -3.321122350999999862e-01 2.040288059560000089e-01
1.403715302812143087e+09 3.752239808000000232e-01 -5.170603635999999614e-01 1.062991342699999953e+00 5.189462957999999571e-01 7.603810406000000022e-01 -3.348128919000000203e-01 2.010366696289999922e-01
1.403715302862143040e+09 3.547203815000000149e-01 -5.183793847000000010e-01 1.060063326699999919e+00 5.156875295999999720e-01 7.624383679999999774e-01 -3.360967233000000109e-01 1.994820776369999882e-01
1.403715302912142992e+09 3.351095060000000014e-01 -5.185837339000000101e-01 1.056787380799999898e+00 5.134327419999999975e-01 7.645721198999999579e-01 -3.364862095999999747e-01 1.964518355100000058e-01
1.403715302962142944e+09 3.164157153000000111e-01 -5.179438739999999708e-01 1.053725482699999993e+00 5.118850939000000322e-01 7.671880344000000518e-01 -3.348080039999999924e-01 1.931314861790000004e-01
1.403715303012143135e+09 2.989442031999999805e-01 -5.164349376000000325e-01 1.050408543300000108e+00 5.105990563000000204e-01 7.705269674000000402e-01 -3.308751661000000066e-01 1.899958437960000135e-01
1.403715303062143087e+09 2.827229117999999763e-01 -5.138085065999999923e-01 1.047065357099999927e+00 5.104456864999999954e-01 7.738011081000000235e-01 -3.259104395999999904e-01 1.856325174859999871e-01
1.403715303112143040e+09 2.678011914000000271e-01 -5.101230997000000267e-01 1.043337772199999902e+00 5.108048868000000242e-01 7.776777864999999679e-01 -3.186735893000000042e-01 1.809496380349999989e-01
1.403715303162142992e+09 2.541439527000000087e-01 -5.049708175999999549e-01 1.039567807400000099e+00 5.124268011999999484e-01 7.814058230000000549e-01 -3.093923412999999845e-01 1.763521827510000084e-01
1.403715303212143183e+09 2.416588721000000051e-01 -4.983226676999999993e-01 1.036354310199999906e+00 5.161249713000000128e-01 7.843373315999999651e-01 -2.984176869999999870e-01 1.713967571320000050e-01
1.403715303262142897e+09 2.303401928999999904e-01 -4.902713538999999843e-01 1.034249809599999903e+00 5.226332272999999473e-01 7.857859192999999687e-01 -2.855131960999999774e-01 1.669647079150000102e-01
1.403715303312143087e+09 2.199331639000000060e-01 -4.810998619999999892e-01 1.032377559399999978e+00 5.295430019000000321e-01 7.871182709999999805e-01 -2.709233394000000184e-01 1.631857247750000128e-01
1.403715303362143040e+09 2.101016967999999874e-01 -4.710584387999999789e-01 1.030504392999999963e+00 5.359606365000000316e-01 7.886952648999999704e-01 -2.554313621000000034e-01 1.595643900910000135e-01
1.403715303412142992e+09 2.007669599000000138e-01 -4.604046914000000101e-01 1.028892034000000066e+00 5.416591065000000427e-01 7.903623270999999839e-01 -2.402277197999999891e-01 1.556388348609999972e-01
1.403715303462142944e+09 1.912635941999999978e-01 -4.490004310999999859e-01 1.027190337299999978e+00 5.460608227000000037e-01 7.926000399999999502e-01 -2.256110678999999897e-01 1.506731580540000004e-01
1.403715303512143135e+09 1.810716091000000028e-01 -4.370632604999999948e-01 1.025496048099999946e+00 5.497446732999999863e-01 7.950268812999999879e-01 -2.122567068000000001e-01 1.437363648439999864e-01
1.403715303562143087e+09 1.706710626999999869e-01 -4.246314078000000269e-01 1.023937994299999987e+00 5.534558317000000116e-01 7.970619179000000276e-01 -1.980236694999999991e-01 1.384397617170000094e-01
1.403715303612143040e+09 1.592834603999999932e-01 -4.117619739000000223e-01 1.022926111799999926e+00 5.572758251999999635e-01 7.987950072999999707e-01 -1.867506006999999912e-01 1.284305415520000104e-01
1.403715303662142992e+09 1.474851463999999890e-01 -3.983560823000000251e-01 1.022402361599999976e+00 5.625664481000000050e-01 7.991901166999999528e-01 -1.758441883000000094e-01 1.178684449750000002e-01
1.403715303712143183e+09 1.351757335000000060e-01 -3.849235306000000079e-01 1.021732789599999913e+00 5.666474774999999964e-01 8.001047824999999447e-01 -1.652854168000000012e-01 1.068817302099999977e-01
1.403715303762142897e+09 1.224595561000000055e-01 -3.717279358999999728e-01 1.021204509499999968e+00 5.711164823000000057e-01 8.003876877000000167e-01 -1.550961077000000132e-01 9.565934571159999400e-02
1.403715303812143087e+09 1.095504583000000004e-01 -3.588903245000000242e-01 1.020346002699999977e+00 5.751497160999999858e-01 8.006464151000000085e-01 -1.440813058000000035e-01 8.607380132210000478e-02
1.403715303862143040e+09 9.652507120000000662e-02 -3.464838194000000038e-01 1.019857786400000021e+00 5.799004974999999451e-01 7.999460967999999506e-01 -1.343814043000000069e-01 7.578451948849999897e-02
1.403715303912142992e+09 8.356677749999999461e-02 -3.347680700999999814e-01 1.019192817900000048e+00 5.836010064000000108e-01 7.994234073000000551e-01 -1.257828190999999984e-01 6.716221816959999646e-02
1.403715303962142944e+09 7.110369710000000176e-02 -3.235086883000000135e-01 1.018387662200000099e+00 5.863808779000000415e-01 7.990565237000000209e-01 -1.183411820000000031e-01 6.051035103139999760e-02
1.403715304012143135e+09 5.900080349999999724e-02 -3.131597474999999742e-01 1.017166433999999953e+00 5.881046650000000264e-01 7.990792963999999721e-01 -1.122949721999999956e-01 5.472677775879999928e-02
1.403715304062143087e+09 4.732551249999999987e-02 -3.035785787999999985e-01 1.015595266400000085e+00 5.894628269999999670e-01 7.990392042999999722e-01 -1.074590772999999971e-01 5.022422027100000019e-02
1.403715304112143040e+09 3.610846329999999743e-02 -2.950426600000000121e-01 1.013980517300000050e+00 5.909046613999999753e-01 7.986152200999999673e-01 -1.047128352000000068e-01 4.561396229959999854e-02
1.403715304162142992e+09 2.560721369999999913e-02 -2.875791185000000083e-01 1.012352614699999931e+00 5.924764102999999782e-01 7.979246219000000195e-01 -1.024150536000000000e-01 4.241647967469999725e-02
1.403715304212143183e+09 1.577030319999999861e-02 -2.814947784999999869e-01 1.009979873000000028e+00 5.922857530999999787e-01 7.983806251999999715e-01 -1.008727425999999955e-01 4.013295148590000083e-02
1.403715304262142897e+09 6.517316999999999902e-03 -2.764139388999999891e-01 1.007025293799999943e+00 5.911665622999999758e-01 7.993799495000000199e-01 -1.002086907000000054e-01 3.836678598030000137e-02
1.403715304312143087e+09 -2.155708499999999840e-03 -2.721351190999999892e-01 1.003760563299999964e+00 5.894357053000000013e-01 8.007491386999999738e-01 -9.989554500000000226e-02 3.724575452730000125e-02
1.403715304362143040e+09 -1.016004619999999990e-02 -2.685031367999999863e-01 9.999470873000000370e-01 5.877716391999999734e-01 8.019384686999999623e-01 -1.003002052000000061e-01 3.686544954419999909e-02
1.403715304412142992e+09 -1.748637470000000138e-02 -2.658398766000000246e-01 9.955298642000000031e-01 5.858792524999999474e-01 8.032274797999999771e-01 -1.009800787000000033e-01 3.706940509480000090e-02
1.403715304462142944e+09 -2.395789710000000017e-02 -2.637681023999999819e-01 9.907398871999999468e-01 5.844905428000000125e-01 8.040617431000000037e-01 -1.018462994000000066e-01 3.850779002489999880e-02
1.403715304512143135e+09 -2.955733690000000163e-02 -2.622121841999999758e-01 9.846625931000000387e-01 5.844801161999999550e-01 8.039126857999999709e-01 -1.014367095999999940e-01 4.263779182650000166e-02
1.403715304562143087e+09 -3.484647059999999852e-02 -2.610491812999999883e-01 9.755503026999999827e-01 5.838784300999999566e-01 8.041216817999999877e-01 -1.016053150000000016e-01 4.637520483799999899e-02
1.403715304612143040e+09 -3.991363249999999724e-02 -2.601516001999999994e-01 9.639054879999999770e-01 5.836097684000000063e-01 8.040587451999999802e-01 -1.019815335999999933e-01 4.988927073109999943e-02
1.403715304662142992e+09 -4.507420520000000180e-02 -2.598008804999999977e-01 9.510757932000000192e-01 5.844644437999999553e-01 8.031249753000000435e-01 -1.033757337999999942e-01 5.201005361939999710e-02
1.403715304712143183e+09 -5.029846899999999843e-02 -2.601078374999999943e-01 9.374495035000000032e-01 5.845704285999999694e-01 8.027314250999999512e-01 -1.046165606999999997e-01 5.436035680580000168e-02
1.403715304762142897e+09 -5.544478950000000100e-02 -2.609016988000000259e-01 9.236224064000000400e-01 5.834436923000000386e-01 8.032378736999999935e-01 -1.054360250000000027e-01 5.732033404839999985e-02
1.403715304812143087e+09 -6.083101219999999948e-02 -2.625544658999999781e-01 9.116133417999999766e-01 5.827890244000000219e-01 8.034391518000000287e-01 -1.065570448000000003e-01 5.905995783160000040e-02
1.403715304862143040e+09 -6.629625629999999492e-02 -2.646535225000000158e-01 9.024618920000000433e-01 5.814576648000000514e-01 8.041431978999999952e-01 -1.076013605000000067e-01 6.068482935410000195e-02
1.403715304912142992e+09 -7.171202270000000267e-02 -2.666691549999999911e-01 8.965306693000000271e-01 5.803857756000000423e-01 8.046938955000000337e-01 -1.082220093000000050e-01 6.251466011860000449e-02
1.403715304962142944e+09 -7.724830309999999867e-02 -2.689096789000000043e-01 8.942213114000000518e-01 5.790308497999999693e-01 8.055048087999999717e-01 -1.091564867999999938e-01 6.300904180619999739e-02
1.403715305012143135e+09 -8.302980699999999714e-02 -2.714103320999999847e-01 8.949320852000000048e-01 5.785898621999999714e-01 8.057230499999999962e-01 -1.095646388999999971e-01 6.355885377540000658e-02
1.403715305062143087e+09 -8.923769709999999911e-02 -2.741601640999999923e-01 8.979712571000000310e-01 5.776289391000000162e-01 8.063390404000000400e-01 -1.106095101999999969e-01 6.267134084570000208e-02
1.403715305112143040e+09 -9.565967209999999554e-02 -2.769429802999999746e-01 9.030141444000000517e-01 5.772534208999999805e-01 8.065744203000000390e-01 -1.111505663000000033e-01 6.214293355969999905e-02
1.403715305162142992e+09 -1.023414737000000047e-01 -2.797277246000000051e-01 9.085421107000000163e-01 5.762481807999999539e-01 8.073069819999999508e-01 -1.113390367999999991e-01 6.162053011719999945e-02
1.403715305212143183e+09 -1.089567228000000026e-01 -2.824567753000000181e-01 9.135216623999999896e-01 5.748322428000000039e-01 8.083647954999999552e-01 -1.118825445999999946e-01 5.997121269359999979e-02
1.403715305262142897e+09 -1.153120056000000032e-01 -2.847993816000000122e-01 9.179818844999999561e-01 5.740494117000000118e-01 8.089701148000000286e-01 -1.122306145000000061e-01 5.864226657589999975e-02
1.403715305312143087e+09 -1.213932625000000015e-01 -2.872480586000000224e-01 9.217958376999999537e-01 5.734668269999999568e-01 8.095150827999999521e-01 -1.113615708000000037e-01 5.847845333369999787e-02
1.403715305362143040e+09 -1.276232156000000062e-01 -2.895700616999999921e-01 9.253218316000000332e-01 5.724811812000000222e-01 8.103544065000000129e-01 -1.112904225999999941e-01 5.661691370540000018e-02
1.403715305412142992e+09 -1.336286976000000126e-01 -2.916579816000000047e-01 9.288774164999999972e-01 5.719828109000000271e-01 8.109225340000000282e-01 -1.097268413000000026e-01 5.657144310389999875e-02
1.403715305462142944e+09 -1.396285234999999902e-01 -2.935225700999999909e-01 9.338726590000000494e-01 5.726697164999999812e-01 8.107331667999999603e-01 -1.080006136000000033e-01 5.565065639069999986e-02
1.403715305512143135e+09 -1.454120030999999924e-01 -2.955412318999999788e-01 9.418285024000000449e-01 5.738945509999999750e-01 8.101710978999999702e-01 -1.066857060000000051e-01 5.372147135299999710e-02
1.403715305562143087e+09 -1.509416329000000112e-01 -2.975573444999999873e-01 9.529061787999999478e-01 5.745445087999999645e-01 8.100816680000000325e-01 -1.044752396000000055e-01 5.245210172019999784e-02
1.403715305612143040e+09 -1.562248044000000002e-01 -2.997084529999999858e-01 9.670251385999999449e-01 5.743775367000000243e-01 8.105907036999999704e-01 -1.022244001999999957e-01 5.082645272059999747e-02
1.403715305662142992e+09 -1.614047200000000015e-01 -3.015038378000000074e-01 9.849225539999999501e-01 5.754528258000000118e-01 8.102064938999999910e-01 -9.996777299999999589e-02 4.925369959340000076e-02
1.403715305712143183e+09 -1.665816209000000048e-01 -3.031136154999999888e-01 1.005367079200000013e+00 5.757576124000000073e-01 8.102423979999999748e-01 -9.978117649999999894e-02 4.532267720170000264e-02
1.403715305762142897e+09 -1.711883750000000037e-01 -3.048261675999999754e-01 1.027012437200000017e+00 5.763815387999999817e-01 8.100850939000000528e-01 -9.817844579999999988e-02 4.367442211840000255e-02
1.403715305812143087e+09 -1.752741855999999931e-01 -3.065721399999999930e-01 1.048459789200000047e+00 5.764244196000000153e-01 8.102707045000000496e-01 -9.718831390000000348e-02 4.184143400169999805e-02
1.403715305862143040e+09 -1.786570794000000018e-01 -3.082030436000000040e-01 1.069059638399999956e+00 5.760205063000000125e-01 8.107596884000000115e-01 -9.561429589999999312e-02 4.155731409559999812e-02
1.403715305912142992e+09 -1.816835772000000016e-01 -3.098798555000000232e-01 1.088887206299999910e+00 5.750803249999999478e-01 8.115634478000000041e-01 -9.457917799999999986e-02 4.125735296690000165e-02
1.403715305962142944e+09 -1.841371668000000017e-01 -3.109189556999999993e-01 1.108245208899999890e+00 5.748014928000000356e-01 8.118545244999999522e-01 -9.375019060000000515e-02 4.130831247180000165e-02
1.403715306012143135e+09 -1.863141655999999979e-01 -3.116741579000000262e-01 1.126522578299999910e+00 5.743444105999999660e-01 8.122324645999999815e-01 -9.332584400000000502e-02 4.119718819939999915e-02
1.403715306062143087e+09 -1.880069537000000068e-01 -3.124145153999999813e-01 1.143453255600000107e+00 5.731750783000000293e-01 8.130984275999999511e-01 -9.269564939999999642e-02 4.181857611160000321e-02
1.403715306112143040e+09 -1.894430906000000026e-01 -3.129779536000000251e-01 1.159386284400000022e+00 5.714783356999999508e-01 8.142894652000000066e-01 -9.290332969999999524e-02 4.140229489149999803e-02
1.403715306162142992e+09 -1.907309273999999999e-01 -3.130606449000000180e-01 1.175115418799999922e+00 5.710620473999999946e-01 8.144789440999999908e-01 -9.524912709999999727e-02 3.794458504539999916e-02
1.403715306212143183e+09 -1.912513778999999914e-01 -3.124447884000000064e-01 1.190750641499999984e+00 5.728361892000000122e-01 8.129220922000000016e-01 -9.923642280000000149e-02 3.418339804639999868e-02
1.403715306262142897e+09 -1.905859933000000062e-01 -3.116183975999999856e-01 1.205918950600000095e+00 5.756699870999999469e-01 8.104120107000000184e-01 -1.043390275000000006e-01 3.081892581030000119e-02
1.403715306312143087e+09 -1.886459423000000080e-01 -3.108074938000000009e-01 1.220510516999999906e+00 5.794408626000000506e-01 8.069265995000000080e-01 -1.111821840000000033e-01 2.750039700239999968e-02
1.403715306362143040e+09 -1.851983727000000024e-01 -3.101366562000000271e-01 1.234975350200000044e+00 5.831950155999999774e-01 8.032426290999999940e-01 -1.184118128999999964e-01 2.575839888739999903e-02
1.403715306412142992e+09 -1.797537033999999923e-01 -3.098923523000000069e-01 1.249496259600000103e+00 5.881945224000000305e-01 7.984211532999999639e-01 -1.260557541000000004e-01 2.570627411289999956e-02
1.403715306462142944e+09 -1.721258602000000082e-01 -3.103854066000000245e-01 1.263642293700000030e+00 5.916955533000000100e-01 7.945047763000000485e-01 -1.336795842999999873e-01 2.807670559959999854e-02
1.403715306512143135e+09 -1.623330803999999961e-01 -3.122097885999999822e-01 1.276902365900000058e+00 5.942008766999999914e-01 7.911835212000000173e-01 -1.409010156000000125e-01 3.317917585880000159e-02
1.403715306562143087e+09 -1.503928290000000056e-01 -3.154262843999999788e-01 1.289785879899999932e+00 5.961854075000000419e-01 7.880341325999999924e-01 -1.481443281000000001e-01 4.022963819460000090e-02
1.403715306612143040e+09 -1.363198616999999890e-01 -3.200137190999999826e-01 1.302992262699999904e+00 5.988639489999999510e-01 7.839924545999999994e-01 -1.561743687999999908e-01 4.824280565700000273e-02
1.403715306662142992e+09 -1.203960619999999981e-01 -3.263309992000000270e-01 1.316240567199999933e+00 6.011747709000000439e-01 7.799534026000000120e-01 -1.639371052999999967e-01 5.819115111220000275e-02
1.403715306712143183e+09 -1.030017024000000059e-01 -3.349051540999999910e-01 1.328968514100000053e+00 6.023080966999999619e-01 7.765873603999999819e-01 -1.707824239000000077e-01 7.050100725050000017e-02
1.403715306762142897e+09 -8.453775800000000451e-02 -3.460055320000000045e-01 1.340933981300000077e+00 6.022202401999999788e-01 7.737816304000000311e-01 -1.773513382999999943e-01 8.449422224739999709e-02
1.403715306812143087e+09 -6.548713289999999465e-02 -3.594817907999999784e-01 1.353428706599999920e+00 6.040390404000000046e-01 7.690132589999999491e-01 -1.845556590999999913e-01 9.846143376950000636e-02
1.403715306862143040e+09 -4.626939599999999736e-02 -3.752786174000000141e-01 1.365627795800000044e+00 6.055226001000000302e-01 7.640536210999999689e-01 -1.917629690000000053e-01 1.130991091609999943e-01
1.403715306912142992e+09 -2.726814769999999846e-02 -3.934976390000000102e-01 1.376395534400000065e+00 6.048714651000000053e-01 7.603006797000000372e-01 -1.983944386000000004e-01 1.292788991599999882e-01
1.403715306962142944e+09 -8.975377600000000733e-03 -4.138135471000000121e-01 1.386377930100000100e+00 6.014316720000000283e-01 7.583411133999999887e-01 -2.044781417000000046e-01 1.462442790729999997e-01
1.403715307012143135e+09 8.256599899999999756e-03 -4.360875807999999854e-01 1.394790788699999950e+00 5.963438119999999731e-01 7.571429895000000299e-01 -2.100184834000000111e-01 1.643191649949999888e-01
1.403715307062143087e+09 2.347459899999999877e-02 -4.605661497999999909e-01 1.400361696000000045e+00 5.900089157000000251e-01 7.565315544999999808e-01 -2.166384141999999902e-01 1.806025578450000113e-01
1.403715307112143040e+09 3.623788420000000066e-02 -4.867911555000000168e-01 1.402099224399999899e+00 5.817139185999999906e-01 7.572862150000000403e-01 -2.249019395999999893e-01 1.937669297219999920e-01
1.403715307162142992e+09 4.654210699999999923e-02 -5.140306425999999762e-01 1.399701751999999910e+00 5.715307670000000506e-01 7.592279658999999681e-01 -2.340877016000000033e-01 2.052521037720000108e-01
1.403715307212143183e+09 5.430004659999999872e-02 -5.417547678999999894e-01 1.394446974000000061e+00 5.618628386999999780e-01 7.605607156000000479e-01 -2.435340635000000087e-01 2.157514963890000137e-01
1.403715307262142897e+09 5.945356899999999778e-02 -5.695402526999999715e-01 1.386316826200000074e+00 5.520851338000000164e-01 7.618311319999999665e-01 -2.526691969000000038e-01 2.257733559310000082e-01
1.403715307312143087e+09 6.200991150000000063e-02 -5.968420390999999992e-01 1.375912254499999987e+00 5.436877262999999516e-01 7.620034333999999854e-01 -2.630298657999999845e-01 2.336016126930000048e-01
1.403715307362143040e+09 6.185710569999999797e-02 -6.231999342999999802e-01 1.364029687099999943e+00 5.359459396000000320e-01 7.618147401999999513e-01 -2.753993755999999959e-01 2.378138671120000047e-01
1.403715307412142992e+09 5.916067089999999667e-02 -6.480268434000000521e-01 1.352000098700000041e+00 5.295387222999999866e-01 7.607525018999999888e-01 -2.908584564000000205e-01 2.371618240610000039e-01
1.403715307462142944e+09 5.459471030000000169e-02 -6.716309731999999810e-01 1.340056988499999990e+00 5.245053940999999664e-01 7.586352133999999525e-01 -3.061694246000000175e-01 2.358537427769999972e-01
1.403715307512143135e+09 4.880448760000000163e-02 -6.942981679999999933e-01 1.328171651999999980e+00 5.199875761000000152e-01 7.561323356000000384e-01 -3.203652935999999896e-01 2.350380616859999994e-01
1.403715307562143087e+09 4.234441089999999713e-02 -7.157313750999999558e-01 1.316458245400000004e+00 5.162523216000000081e-01 7.529069147000000406e-01 -3.340567435999999835e-01 2.345651513320000103e-01
1.403715307612143040e+09 3.577246049999999872e-02 -7.359011524999999887e-01 1.304765718699999910e+00 5.129030662000000351e-01 7.492786554999999460e-01 -3.466333605999999956e-01 2.352812241689999917e-01
1.403715307662142992e+09 2.946974759999999860e-02 -7.553081485999999511e-01 1.293117756800000073e+00 5.094378858000000454e-01 7.453815187000000231e-01 -3.585115084000000119e-01 2.373792964410000039e-01
1.403715307712143183e+09 2.351959719999999893e-02 -7.741617331000000268e-01 1.280598809200000021e+00 5.046934768999999932e-01 7.419190944000000343e-01 -3.695536193000000247e-01 2.413931941259999936e-01
1.403715307762142897e+09 1.800669179999999855e-02 -7.926982807000000353e-01 1.267571145600000060e+00 4.999626500000000084e-01 7.380780273000000502e-01 -3.796258290000000257e-01 2.473103398239999973e-01
1.403715307812143087e+09 1.323772129999999971e-02 -8.104807569999999961e-01 1.254093080000000082e+00 4.948095443000000149e-01 7.340862467000000002e-01 -3.894719856000000147e-01 2.541504863910000189e-01
1.403715307862143040e+09 8.862964500000000689e-03 -8.274737125000000137e-01 1.240514306099999908e+00 4.899273451000000223e-01 7.297056686999999764e-01 -3.990390422000000270e-01 2.612827518870000088e-01
1.403715307912142992e+09 4.930445799999999719e-03 -8.435334781000000115e-01 1.226825418400000034e+00 4.845220494999999961e-01 7.255728919999999693e-01 -4.081849712999999769e-01 2.686398912519999960e-01
1.403715307962142944e+09 1.565712400000000056e-03 -8.585712200999999766e-01 1.213169930599999891e+00 4.795502231000000060e-01 7.209922511999999895e-01 -4.168605617000000207e-01 2.764580065180000101e-01
1.403715308012143135e+09 -1.150448400000000015e-03 -8.725474484999999891e-01 1.199558728600000013e+00 4.750704189000000133e-01 7.158323747999999487e-01 -4.255783827999999880e-01 2.842096907100000180e-01
1.403715308062143087e+09 -3.290990200000000216e-03 -8.853344399000000475e-01 1.186233149400000020e+00 4.706136702000000005e-01 7.105707382999999489e-01 -4.343772081000000229e-01 2.914248452570000203e-01
1.403715308112143040e+09 -4.899099500000000246e-03 -8.968882862999999483e-01 1.173166254300000100e+00 4.662887286999999881e-01 7.052163960999999759e-01 -4.429810639999999800e-01 2.983495149729999962e-01
1.403715308162142992e+09 -6.047278799999999954e-03 -9.072184402999999842e-01 1.160376615299999914e+00 4.620166654999999789e-01 7.004597143999999886e-01 -4.507714293000000261e-01 3.044698799650000232e-01
1.403715308212143183e+09 -6.743671399999999830e-03 -9.162464138999999452e-01 1.147799455599999963e+00 4.587009953999999778e-01 6.957990856000000335e-01 -4.574103272000000220e-01 3.102141549760000228e-01
1.403715308262142897e+09 -7.118849600000000215e-03 -9.240006283999999681e-01 1.135063545700000009e+00 4.551635823999999886e-01 6.913050915999999768e-01 -4.644507057999999744e-01 3.149744837849999812e-01
1.403715308312143087e+09 -7.135874599999999721e-03 -9.305248578999999465e-01 1.122248585799999976e+00 4.514218590999999892e-01 6.870254042000000227e-01 -4.707909430000000173e-01 3.202659629380000261e-01
1.403715308362143040e+09 -6.789787799999999658e-03 -9.354738294000000121e-01 1.109882005300000030e+00 4.490006637999999772e-01 6.822942285999999967e-01 -4.769763980000000236e-01 3.246020721899999795e-01
1.403715308412142992e+09 -6.391309100000000000e-03 -9.389593458999999642e-01 1.097524658600000036e+00 4.467948864999999881e-01 6.782012711999999555e-01 -4.831586527000000242e-01 3.270704534969999799e-01
1.403715308462142944e+09 -5.674786999999999713e-03 -9.409618161999999675e-01 1.085381973600000105e+00 4.459634149999999742e-01 6.741957698999999637e-01 -4.885442916000000135e-01 3.284831373720000225e-01
1.403715308512143135e+09 -4.509121799999999888e-03 -9.414694568999999458e-01 1.074230104900000038e+00 4.464839235999999989e-01 6.702397812999999482e-01 -4.933967901999999905e-01 3.286188505400000071e-01
1.403715308562143087e+09 -2.780140799999999794e-03 -9.406367333999999802e-01 1.065283194300000069e+00 4.473478754999999918e-01 6.670230451999999977e-01 -4.977163273999999915e-01 3.274730415359999869e-01
1.403715308612143040e+09 -3.152682000000000184e-04 -9.391406320999999835e-01 1.058944668499999908e+00 4.482149983000000004e-01 6.645511696000000468e-01 -5.012133436000000275e-01 3.259758312220000231e-01
1.403715308662142992e+09 3.128459000000000101e-03 -9.373630594999999843e-01 1.055254378399999915e+00 4.490718901999999901e-01 6.627185400999999754e-01 -5.034001046999999618e-01 3.251567447029999891e-01
1.403715308712143183e+09 7.507860499999999618e-03 -9.352144644000000007e-01 1.054057818900000054e+00 4.494459717000000021e-01 6.615527149000000051e-01 -5.056522125000000312e-01 3.235153225040000025e-01
1.403715308762142897e+09 1.300572969999999953e-02 -9.328774652000000334e-01 1.055632786799999945e+00 4.499356649999999846e-01 6.608076913000000552e-01 -5.066996993000000282e-01 3.227173796750000268e-01
1.403715308812143087e+09 1.949245410000000067e-02 -9.304131447000000277e-01 1.059366068399999916e+00 4.495831364999999802e-01 6.610039101000000361e-01 -5.073908417000000393e-01 3.217193931360000092e-01
1.403715308862143040e+09 2.703305879999999897e-02 -9.278280638000000469e-01 1.064637222400000027e+00 4.497782835999999951e-01 6.609910274000000419e-01 -5.085020738000000096e-01 3.197123679730000112e-01
1.403715308912142992e+09 3.545036640000000239e-02 -9.252252377999999888e-01 1.069955822500000098e+00 4.505273960999999772e-01 6.609963924999999740e-01 -5.093595751999999699e-01 3.172722136230000101e-01
1.403715308962142944e+09 4.529691350000000089e-02 -9.224921493000000083e-01 1.075346807699999907e+00 4.524502112000000076e-01 6.604863314000000152e-01 -5.093118025999999743e-01 3.156708732199999812e-01
1.403715309012143135e+09 5.640994590000000114e-02 -9.196379939000000059e-01 1.080700355999999918e+00 4.555624435000000250e-01 6.596632422999999523e-01 -5.085443169000000152e-01 3.141495576400000211e-01
1.403715309062143087e+09 6.877164269999999635e-02 -9.168412364000000370e-01 1.086075643100000043e+00 4.600762029000000086e-01 6.580250971000000115e-01 -5.076634196000000543e-01 3.124271300529999906e-01
1.403715309112143040e+09 8.186733960000000532e-02 -9.144801117999999951e-01 1.090963467999999992e+00 4.643267244000000016e-01 6.567258262999999818e-01 -5.070155602999999456e-01 3.099146714200000097e-01
1.403715309162142992e+09 9.580347300000000010e-02 -9.127066092000000186e-01 1.095414977899999975e+00 4.686863826000000066e-01 6.556708273000000364e-01 -5.053738775999999655e-01 3.082630124549999850e-01
1.403715309212143183e+09 1.105174812999999978e-01 -9.114517979999999797e-01 1.100308958500000100e+00 4.753175028000000135e-01 6.530291317999999956e-01 -5.036134348999999899e-01 3.065937585249999819e-01
1.403715309262142897e+09 1.261179722999999919e-01 -9.110947539000000539e-01 1.105663219800000041e+00 4.838618277999999773e-01 6.489633365000000431e-01 -5.007028690000000504e-01 3.066283685789999991e-01
1.403715309312143087e+09 1.419069202999999890e-01 -9.122173631000000116e-01 1.110469480999999980e+00 4.910482151000000184e-01 6.460670721000000283e-01 -4.969145255999999899e-01 3.074816141089999899e-01
1.403715309362143040e+09 1.575916280999999919e-01 -9.149795189999999634e-01 1.113773046499999975e+00 4.932520819999999806e-01 6.468567910000000420e-01 -4.926993960000000117e-01 3.090727757839999978e-01
1.403715309412142992e+09 1.730292240000000092e-01 -9.192162391000000543e-01 1.116181887500000025e+00 4.925110550999999837e-01 6.499016475000000126e-01 -4.880547377000000187e-01 3.112286653690000127e-01
1.403715309462142944e+09 1.881501586999999864e-01 -9.246816562999999878e-01 1.118526964700000015e+00 4.903257812999999854e-01 6.537084713999999908e-01 -4.837315931000000235e-01 3.134479357769999752e-01
1.403715309512143135e+09 2.029524421999999995e-01 -9.311418945999999641e-01 1.121324655800000070e+00 4.885989621999999866e-01 6.570902431999999793e-01 -4.795559260000000212e-01 3.154830904070000108e-01
1.403715309562143087e+09 2.174360401000000054e-01 -9.379231501000000470e-01 1.124250906899999958e+00 4.869326177000000144e-01 6.602707359999999692e-01 -4.761539469000000135e-01 3.165700551219999825e-01
1.403715309612143040e+09 2.315863029000000128e-01 -9.447551393999999991e-01 1.127934312300000075e+00 4.861772113000000228e-01 6.624527949999999832e-01 -4.733855806999999749e-01 3.173233454850000190e-01
1.403715309662142992e+09 2.450756510000000055e-01 -9.519414589000000371e-01 1.131371294800000094e+00 4.859175709999999926e-01 6.643098968999999743e-01 -4.710431747000000113e-01 3.173244438250000243e-01
1.403715309712143183e+09 2.579559773999999805e-01 -9.590924060000000084e-01 1.134635499000000047e+00 4.861363841999999935e-01 6.656525411000000503e-01 -4.699588943999999935e-01 3.157795878479999763e-01
1.403715309762142897e+09 2.699625967000000015e-01 -9.663955029999999891e-01 1.138263075900000088e+00 4.865690746999999927e-01 6.667023417999999868e-01 -4.694503762000000191e-01 3.136476802959999866e-01
1.403715309812143087e+09 2.812235158999999984e-01 -9.738894018999999513e-01 1.142345603399999909e+00 4.877886838000000114e-01 6.673132599000000109e-01 -4.697457503999999950e-01 3.099905531980000073e-01
1.403715309862143040e+09 2.922343371000000189e-01 -9.815674768000000050e-01 1.146337269300000017e+00 4.895916425999999877e-01 6.669160815000000353e-01 -4.718101259999999963e-01 3.048248165269999976e-01
1.403715309912142992e+09 3.032571658000000059e-01 -9.893683250999999457e-01 1.150083208300000104e+00 4.915953498000000255e-01 6.664534933000000327e-01 -4.743517592000000005e-01 2.986036868429999824e-01
1.403715309962142944e+09 3.143830638999999816e-01 -9.982726670999999552e-01 1.153026367500000093e+00 4.947408092999999729e-01 6.648745356999999911e-01 -4.758806328999999891e-01 2.944673269629999868e-01
1.403715310012143135e+09 3.259966934999999899e-01 -1.008029884699999990e+00 1.155246269799999892e+00 4.989751485000000208e-01 6.624237017999999866e-01 -4.761609023999999746e-01 2.923857649789999846e-01
1.403715310062143087e+09 3.386750474999999927e-01 -1.018590852099999999e+00 1.157174985199999950e+00 5.040001379999999864e-01 6.585255865000000375e-01 -4.758141262999999732e-01 2.931361970949999951e-01
1.403715310112143040e+09 3.518915609000000111e-01 -1.030905390600000082e+00 1.158600686900000065e+00 5.079878875000000127e-01 6.542945985000000464e-01 -4.756053506999999847e-01 2.960514057190000159e-01
1.403715310162142992e+09 3.649976710000000235e-01 -1.045055736299999927e+00 1.159700894900000057e+00 5.107450956000000319e-01 6.499589335000000023e-01 -4.755406227999999791e-01 3.009218307179999941e-01
1.403715310212143183e+09 3.779911056999999963e-01 -1.061215007799999999e+00 1.160802777400000041e+00 5.108532434000000455e-01 6.466823566999999606e-01 -4.757617706999999752e-01 3.073786439430000184e-01
1.403715310262142897e+09 3.904697071000000075e-01 -1.079414962600000027e+00 1.161779192100000024e+00 5.084152029999999822e-01 6.444516689000000520e-01 -4.757913444999999908e-01 3.159408558180000215e-01
1.403715310312143087e+09 4.017941161999999955e-01 -1.099376484300000012e+00 1.162826629400000034e+00 5.042061002000000070e-01 6.427804070000000536e-01 -4.759379444999999875e-01 3.257186361930000107e-01
1.403715310362143040e+09 4.115196331000000041e-01 -1.120329551900000054e+00 1.164630664499999968e+00 4.997015203999999877e-01 6.404893498999999490e-01 -4.780626123999999755e-01 3.339579641270000177e-01
1.403715310412142992e+09 4.194562508999999939e-01 -1.141992393600000044e+00 1.166701681099999943e+00 4.943487514000000083e-01 6.380417886000000482e-01 -4.818519824999999979e-01 3.410874592920000170e-01
1.403715310462142944e+09 4.258053245000000264e-01 -1.164022890700000090e+00 1.168924063299999982e+00 4.887096321000000132e-01 6.352588737000000041e-01 -4.871754292000000097e-01 3.467984428970000144e-01
1.403715310512143135e+09 4.304721797000000127e-01 -1.186211733900000009e+00 1.170843741299999907e+00 4.819280262999999787e-01 6.338836258000000168e-01 -4.931075563999999800e-01 3.504024317919999798e-01
1.403715310562143087e+09 4.337494821999999806e-01 -1.208173832599999997e+00 1.172774144099999916e+00 4.749005103999999755e-01 6.332761053000000029e-01 -4.992622916000000188e-01 3.523748625429999892e-01
1.403715310612143040e+09 4.356262068999999792e-01 -1.230014957499999895e+00 1.175077739200000027e+00 4.676814413000000004e-01 6.334961498000000191e-01 -5.051562752999999573e-01 3.532334005069999727e-01
1.403715310662142992e+09 4.367547259999999820e-01 -1.251352591200000086e+00 1.177536067399999942e+00 4.609014760999999849e-01 6.340331190000000339e-01 -5.106401197000000058e-01 3.532966197180000267e-01
1.403715310712143183e+09 4.372337259999999892e-01 -1.272100937999999903e+00 1.179736532599999999e+00 4.554121347000000264e-01 6.342166589000000076e-01 -5.153967932999999890e-01 3.531786553110000115e-01
1.403715310762142897e+09 4.374294544999999812e-01 -1.292139314299999953e+00 1.182041487900000076e+00 4.511813753999999732e-01 6.341408400000000389e-01 -5.192971185000000434e-01 3.530315343050000054e-01
1.403715310812143087e+09 4.378311092000000126e-01 -1.311357201499999903e+00 1.184378006300000008e+00 4.486798097999999957e-01 6.334803762999999810e-01 -5.224697672000000459e-01 3.527242314869999951e-01
1.403715310862143040e+09 4.382189652999999852e-01 -1.329941458500000007e+00 1.186607523499999983e+00 4.473662273999999828e-01 6.322123943999999884e-01 -5.249247791000000163e-01 3.530225534870000126e-01
1.403715310912142992e+09 4.389470904000000173e-01 -1.347853164800000059e+00 1.188895277999999944e+00 4.467122681999999845e-01 6.308472705000000014e-01 -5.268332500000000307e-01 3.534495685119999897e-01
1.403715310962142944e+09 4.397807637000000214e-01 -1.365239995899999892e+00 1.191598836700000108e+00 4.460153749999999917e-01 6.295225782000000159e-01 -5.294817980999999563e-01 3.527330920830000216e-01
1.403715311012143135e+09 4.404159230999999952e-01 -1.382173700100000069e+00 1.193715967599999983e+00 4.456562009000000213e-01 6.281188089000000474e-01 -5.328715777000000431e-01 3.505783710050000002e-01
1.403715311062143087e+09 4.414479340999999946e-01 -1.398523171099999907e+00 1.195380620099999902e+00 4.459377717999999935e-01 6.262052415000000094e-01 -5.370488950999999789e-01 3.472534858940000135e-01
1.403715311112143040e+09 4.431256786000000170e-01 -1.414665072700000081e+00 1.196636303600000062e+00 4.458154743000000142e-01 6.249167512000000091e-01 -5.401921195000000120e-01 3.448479244609999883e-01
1.403715311162142992e+09 4.457043010000000249e-01 -1.430659453899999933e+00 1.197643674400000080e+00 4.463120402999999903e-01 6.233552874000000132e-01 -5.430236993999999484e-01 3.425770135769999891e-01
1.403715311212143183e+09 4.490966026000000055e-01 -1.446722021300000049e+00 1.198762128200000054e+00 4.477891541999999836e-01 6.211142122999999682e-01 -5.458742001999999927e-01 3.401813725210000028e-01
1.403715311262142897e+09 4.533039998999999765e-01 -1.463022082099999954e+00 1.199147914899999945e+00 4.480475761000000112e-01 6.199773723000000514e-01 -5.477429189000000420e-01 3.389087225560000194e-01
1.403715311312143087e+09 4.584479490000000212e-01 -1.479608630700000038e+00 1.199884974800000004e+00 4.488034329999999739e-01 6.186633825999999781e-01 -5.498423453999999877e-01 3.369042782669999792e-01
1.403715311362143040e+09 4.646389200000000108e-01 -1.496728319400000062e+00 1.200728916499999910e+00 4.485930904000000052e-01 6.181094995999999453e-01 -5.516067730999999474e-01 3.353130680129999819e-01
1.403715311412142992e+09 4.723486765000000087e-01 -1.514446447200000101e+00 1.202203362399999920e+00 4.470163312000000055e-01 6.185835638000000136e-01 -5.519262059999999748e-01 3.360182098760000069e-01
1.403715311462142944e+09 4.812196121000000271e-01 -1.532809314299999892e+00 1.203903413599999972e+00 4.443510452000000166e-01 6.200644229999999757e-01 -5.509542656000000482e-01 3.384104863149999809e-01
1.403715311512143135e+09 4.912091156000000236e-01 -1.551945890400000083e+00 1.205534262000000023e+00 4.409797366000000052e-01 6.218180213999999761e-01 -5.494121840000000256e-01 3.420898598259999868e-01
1.403715311562143087e+09 5.021308237999999591e-01 -1.571091941499999978e+00 1.207547358100000023e+00 4.388538324999999851e-01 6.227785792000000153e-01 -5.479607521999999564e-01 3.453884320939999975e-01
1.403715311612143040e+09 5.141307330000000064e-01 -1.590125534900000082e+00 1.210137796599999982e+00 4.377723426999999834e-01 6.230346091999999780e-01 -5.467630862000000258e-01 3.481858400160000033e-01
1.403715311662142992e+09 5.269488114000000500e-01 -1.608829256799999996e+00 1.212706297700000047e+00 4.365874425999999864e-01 6.232113760999999919e-01 -5.459921994999999972e-01 3.505588449640000270e-01
1.403715311712143183e+09 5.404463360000000272e-01 -1.627043542400000042e+00 1.215362907600000097e+00 4.372677908000000002e-01 6.220726591999999888e-01 -5.464906863999999809e-01 3.509564295120000121e-01
1.403715311762142897e+09 5.546414632999999705e-01 -1.644872138700000042e+00 1.218008986200000088e+00 4.381448535999999949e-01 6.208560532000000354e-01 -5.471445815000000046e-01 3.509980847110000246e-01
1.403715311812143087e+09 5.698805023999999886e-01 -1.662566746200000001e+00 1.220642338500000035e+00 4.390534267000000268e-01 6.192319627000000271e-01 -5.483501333000000422e-01 3.508503901580000139e-01
1.403715311862143040e+09 5.859389792000000430e-01 -1.680239588400000095e+00 1.223500764099999971e+00 4.408543665999999916e-01 6.166365018999999670e-01 -5.504076095000000057e-01 3.499404454530000153e-01
1.403715311912142992e+09 6.027178790999999647e-01 -1.697686320399999893e+00 1.226481807100000099e+00 4.417614797000000149e-01 6.146919645999999737e-01 -5.512640612000000440e-01 3.508682352420000039e-01
1.403715311962142944e+09 6.200673127000000395e-01 -1.715248629700000027e+00 1.229067238300000087e+00 4.406191470999999971e-01 6.140332831999999463e-01 -5.518227503999999506e-01 3.525755898169999902e-01
1.403715312012143135e+09 6.384733164000000460e-01 -1.732739842900000049e+00 1.231286621099999978e+00 4.382338110999999814e-01 6.143083762000000059e-01 -5.516517359999999481e-01 3.553261993180000244e-01
1.403715312062143087e+09 6.575970837000000291e-01 -1.750117892200000025e+00 1.233321697200000067e+00 4.354247796999999864e-01 6.149400426000000142e-01 -5.512387302000000266e-01 3.583153185979999766e-01
1.403715312112143040e+09 6.773558558000000174e-01 -1.767250163699999987e+00 1.235630229699999916e+00 4.342903626999999878e-01 6.143574286999999856e-01 -5.509342058999999736e-01 3.611486279589999904e-01
1.403715312162142992e+09 6.972361668000000012e-01 -1.783972671799999965e+00 1.238037585999999912e+00 4.328131639999999725e-01 6.140631891000000175e-01 -5.505177239999999861e-01 3.640458767759999770e-01
1.403715312212143183e+09 7.175080537000000369e-01 -1.800007746899999983e+00 1.240710845399999984e+00 4.315241173000000097e-01 6.136993695000000359e-01 -5.506912535000000330e-01 3.659223461400000210e-01
1.403715312262142897e+09 7.380578952999999887e-01 -1.815511030799999981e+00 1.243630408300000045e+00 4.307323598999999725e-01 6.129233794999999763e-01 -5.515592163000000436e-01 3.668473742589999920e-01
1.403715312312143087e+09 7.587232396999999962e-01 -1.830396023700000097e+00 1.246803703699999932e+00 4.314444917999999962e-01 6.112114870999999505e-01 -5.531736886000000464e-01 3.664355861370000023e-01
1.403715312362143040e+09 7.795360145999999935e-01 -1.844808727700000039e+00 1.249482639400000039e+00 4.319821204000000026e-01 6.096974305000000260e-01 -5.551471601999999894e-01 3.653383656220000053e-01
1.403715312412142992e+09 8.007606053000000390e-01 -1.859076839599999920e+00 1.252005596300000079e+00 4.329647437999999959e-01 6.079717209999999650e-01 -5.566920005000000060e-01 3.646997857320000147e-01
1.403715312462142944e+09 8.224837592000000530e-01 -1.873190457199999992e+00 1.254271850499999896e+00 4.343755824000000154e-01 6.059854019999999508e-01 -5.580971144999999911e-01 3.641801159640000174e-01
1.403715312512143135e+09 8.443655686000000049e-01 -1.887185383300000074e+00 1.256029260700000094e+00 4.364117730000000028e-01 6.039898795999999459e-01 -5.583426879999999759e-01 3.646840172540000147e-01
1.403715312562143087e+09 8.665998848000000532e-01 -1.901350981700000053e+00 1.256637593100000005e+00 4.367722439000000234e-01 6.034213877999999864e-01 -5.575924166000000293e-01 3.663377303500000015e-01
1.403715312612143040e+09 8.889626748000000189e-01 -1.915707385399999962e+00 1.256589113800000046e+00 4.376430660000000250e-01 6.027595848000000256e-01 -5.554059787999999775e-01 3.696939658180000143e-01
1.403715312662142992e+09 9.114214094999999460e-01 -1.930092509699999903e+00 1.255909828200000078e+00 4.388052472000000259e-01 6.021910587000000037e-01 -5.521408558999999494e-01 3.741074164370000177e-01
1.403715312712143183e+09 9.336137059000000349e-01 -1.944203462099999946e+00 1.254636039400000014e+00 4.406289628000000236e-01 6.013196802000000396e-01 -5.490395906999999687e-01 3.779104223079999825e-01
1.403715312762142897e+09 9.552427856999999856e-01 -1.958084937800000036e+00 1.252326037000000003e+00 4.414967475000000086e-01 6.014995280999999583e-01 -5.456298834999999681e-01 3.815323968770000240e-01
1.403715312812143087e+09 9.763587636999999653e-01 -1.971503095299999897e+00 1.249420495499999895e+00 4.417250784000000263e-01 6.025727639000000302e-01 -5.416249434000000029e-01 3.852628193970000225e-01
1.403715312862143040e+09 9.965918474999999610e-01 -1.984046529600000053e+00 1.247210115699999955e+00 4.439049918999999900e-01 6.027038286000000467e-01 -5.368714761999999752e-01 3.891856513770000081e-01
1.403715312912142992e+09 1.015581697300000030e+00 -1.995861289800000105e+00 1.246383637100000108e+00 4.467049618000000222e-01 6.026537341000000048e-01 -5.324545773000000093e-01 3.921164074180000236e-01
1.403715312962142944e+09 1.033029686699999949e+00 -2.006895422299999954e+00 1.248146157599999917e+00 4.492218533999999819e-01 6.030064636999999950e-01 -5.281231492000000305e-01 3.945489456110000126e-01
1.403715313012143135e+09 1.048221194399999945e+00 -2.017321921300000209e+00 1.252605637000000049e+00 4.513009736999999966e-01 6.036494797000000467e-01 -5.245348736999999595e-01 3.959771496550000269e-01
1.403715313062143087e+09 1.061641146899999999e+00 -2.026843619800000162e+00 1.259333609800000087e+00 4.520549043000000045e-01 6.052788192000000400e-01 -5.214946618000000367e-01 3.966449700329999772e-01
1.403715313112143040e+09 1.072741752800000059e+00 -2.035549167300000128e+00 1.268280047099999974e+00 4.516519400999999823e-01 6.077224916000000254e-01 -5.192997159000000140e-01 3.962470230690000039e-01
1.403715313162142992e+09 1.082277270999999930e+00 -2.043256209299999959e+00 1.279311036299999982e+00 4.521692932999999970e-01 6.093804323000000522e-01 -5.175177278000000491e-01 3.954412982430000056e-01
1.403715313212143183e+09 1.090204801300000081e+00 -2.049755948000000050e+00 1.290967543700000109e+00 4.533332947000000002e-01 6.104885918000000355e-01 -5.173631761000000440e-01 3.925913233050000173e-01
1.403715313262142897e+09 1.096078156599999964e+00 -2.055358387100000073e+00 1.302226312499999983e+00 4.541654055000000079e-01 6.118065710000000212e-01 -5.182853474999999932e-01 3.883385154930000249e-01
1.403715313312143087e+09 1.099870861899999941e+00 -2.060388645100000193e+00 1.312332462299999891e+00 4.545634258999999844e-01 6.132906509000000117e-01 -5.195748423999999588e-01 3.837820377200000244e-01
1.403715313362143040e+09 1.102672988599999959e+00 -2.064809760999999799e+00 1.321828602999999935e+00 4.540054479000000254e-01 6.150360669000000113e-01 -5.209797578000000540e-01 3.797232962459999861e-01
1.403715313412142992e+09 1.104492180600000095e+00 -2.068870048700000019e+00 1.330950883999999945e+00 4.525765701000000196e-01 6.171210718999999845e-01 -5.221667934999999483e-01 3.764012095739999730e-01
1.403715313462142944e+09 1.105697090899999901e+00 -2.072927904899999785e+00 1.339538488599999910e+00 4.512325128999999935e-01 6.178150255000000035e-01 -5.242158673000000269e-01 3.740207722519999778e-01
1.403715313512143135e+09 1.106234241899999970e+00 -2.077250335700000061e+00 1.348135795899999989e+00 4.491755836999999918e-01 6.175318408000000092e-01 -5.259159578000000002e-01 3.745772630040000162e-01
1.403715313562143087e+09 1.106312141499999901e+00 -2.081541844000000197e+00 1.356766974299999928e+00 4.464323930999999912e-01 6.167775092999999709e-01 -5.283258213000000536e-01 3.757065995439999861e-01
1.403715313612143040e+09 1.106073492499999977e+00 -2.085453298300000036e+00 1.365398014599999987e+00 4.425518509999999961e-01 6.164464573000000280e-01 -5.303121324999999775e-01 3.780352714599999886e-01
1.403715313662142992e+09 1.105401402700000091e+00 -2.088906346099999922e+00 1.374032658500000004e+00 4.393220306999999769e-01 6.157263379999999842e-01 -5.316974691000000419e-01 3.810184134710000170e-01
1.403715313712143183e+09 1.103973272399999983e+00 -2.091776744100000140e+00 1.383255253299999987e+00 4.369992528000000154e-01 6.147884835000000381e-01 -5.329402685999999889e-01 3.834598331990000109e-01
1.403715313762142897e+09 1.102031057100000044e+00 -2.093930061200000026e+00 1.393105171500000017e+00 4.356147515000000081e-01 6.134957097000000026e-01 -5.350775957000000194e-01 3.841285839679999814e-01
1.403715313812143087e+09 1.099649684499999891e+00 -2.095032377399999923e+00 1.403457239199999984e+00 4.348493583999999967e-01 6.119573070999999587e-01 -5.367994184000000057e-01 3.850463273140000142e-01
1.403715313862143040e+09 1.096889430500000095e+00 -2.095390983100000160e+00 1.413710251399999951e+00 4.339167520000000167e-01 6.106300053000000005e-01 -5.384412041999999676e-01 3.859123198009999922e-01
1.403715313912142992e+09 1.093865840599999917e+00 -2.094802857299999932e+00 1.424263993699999897e+00 4.345692074999999988e-01 6.086639941000000498e-01 -5.404388823000000341e-01 3.854913238239999762e-01
1.403715313962142944e+09 1.090243795699999962e+00 -2.093460043499999923e+00 1.434525385099999939e+00 4.363239646000000027e-01 6.062845049999999736e-01 -5.427070702999999829e-01 3.840696978109999771e-01
1.403715314012143135e+09 1.086324819599999936e+00 -2.091866765499999836e+00 1.443117755500000099e+00 4.362270925000000243e-01 6.045623056000000162e-01 -5.455667791999999627e-01 3.828410007490000155e-01
1.403715314062143087e+09 1.082151615299999925e+00 -2.090592408400000046e+00 1.450454121199999946e+00 4.337255233000000265e-01 6.031468286000000179e-01 -5.483325552000000158e-01 3.839628660580000075e-01
1.403715314112143040e+09 1.077887807300000000e+00 -2.089601770599999853e+00 1.456615677000000053e+00 4.288640463999999763e-01 6.012726932999999940e-01 -5.514215261999999562e-01 3.879189070219999924e-01
1.403715314162142992e+09 1.073671105300000095e+00 -2.088593813600000182e+00 1.462034033899999974e+00 4.233093834000000166e-01 5.976880706999999626e-01 -5.560415199999999558e-01 3.929325185399999976e-01
1.403715314212143183e+09 1.069305792300000002e+00 -2.087461386599999802e+00 1.466390552400000047e+00 4.159484202000000019e-01 5.939835395000000462e-01 -5.615991890000000542e-01 3.984680882500000187e-01
1.403715314262142897e+09 1.065080810600000039e+00 -2.085774315000000101e+00 1.470893115600000023e+00 4.092037413999999873e-01 5.889205919000000122e-01 -5.673755278000000013e-01 4.047342891849999846e-01
1.403715314312143087e+09 1.060604959399999991e+00 -2.083289028299999845e+00 1.474533267800000047e+00 4.018834492999999730e-01 5.837172803000000298e-01 -5.745883299999999805e-01 4.094045443429999986e-01
1.403715314362143040e+09 1.056289252600000061e+00 -2.079767556999999822e+00 1.477667367000000009e+00 3.951947887999999742e-01 5.779515361000000517e-01 -5.814477677999999594e-01 4.143809770760000233e-01
1.403715314412142992e+09 1.051902153399999928e+00 -2.074785209399999886e+00 1.480046100500000072e+00 3.905562498999999854e-01 5.715910390999999757e-01 -5.883859714000000407e-01 4.177935475099999740e-01
1.403715314462142944e+09 1.047573792399999926e+00 -2.068492205200000100e+00 1.481635661999999964e+00 3.853023769999999737e-01 5.668041618000000392e-01 -5.945327580999999473e-01 4.204829603849999931e-01
1.403715314512143135e+09 1.044040789200000097e+00 -2.060827174900000003e+00 1.483698374300000067e+00 3.818782258999999790e-01 5.617604202999999519e-01 -5.999801592000000294e-01 4.226322979650000145e-01
1.403715314562143087e+09 1.041192522600000059e+00 -2.052034102499999957e+00 1.485704139899999943e+00 3.796567779999999726e-01 5.569017668000000310e-01 -6.057966169999999817e-01 4.227666164400000204e-01
1.403715314612143040e+09 1.038662970599999902e+00 -2.042324976799999803e+00 1.487302890600000094e+00 3.787670363999999790e-01 5.520928564000000538e-01 -6.105074815000000044e-01 4.230952907769999771e-01
1.403715314662142992e+09 1.036279779500000053e+00 -2.031911512200000214e+00 1.488388706300000086e+00 3.780556194999999953e-01 5.480422414000000186e-01 -6.137467932000000292e-01 4.243094674110000075e-01
1.403715314712143183e+09 1.034156028900000024e+00 -2.020654529799999821e+00 1.488813854500000033e+00 3.771254265999999800e-01 5.449807968000000002e-01 -6.163227545999999668e-01 4.253452783639999901e-01
1.403715314762142897e+09 1.032295388299999894e+00 -2.008803570600000032e+00 1.488980821399999988e+00 3.761082983999999851e-01 5.426292400000000127e-01 -6.177936266000000343e-01 4.271148449409999936e-01
1.403715314812143087e+09 1.030906336499999965e+00 -1.996370837700000012e+00 1.489510396600000064e+00 3.763111787999999791e-01 5.401404262000000234e-01 -6.182200874000000068e-01 4.294672749560000113e-01
1.403715314862143040e+09 1.029683776599999989e+00 -1.983515323700000055e+00 1.489866961399999967e+00 3.751403649999999756e-01 5.390784129000000258e-01 -6.183410840999999936e-01 4.316462381939999982e-01
1.403715314912142992e+09 1.028547359999999911e+00 -1.969902379799999936e+00 1.490215815400000032e+00 3.749936768000000087e-01 5.377851040000000138e-01 -6.185875844999999540e-01 4.330315513949999917e-01
1.403715314962142944e+09 1.027346445700000110e+00 -1.955503287500000020e+00 1.490751678599999908e+00 3.758418410000000098e-01 5.363794264000000256e-01 -6.188450151000000066e-01 4.336713834059999773e-01
1.403715315012143135e+09 1.026582235100000018e+00 -1.940169020799999977e+00 1.491108983800000010e+00 3.773238514000000210e-01 5.351270911000000075e-01 -6.189967972000000040e-01 4.337149668659999735e-01
1.403715315062143087e+09 1.026305664799999962e+00 -1.924067167000000023e+00 1.491412955799999995e+00 3.803453668999999815e-01 5.327708969000000128e-01 -6.189349048000000186e-01 4.340646920549999788e-01
1.403715315112143040e+09 1.026204434999999915e+00 -1.907639719699999903e+00 1.490724208400000084e+00 3.815958614000000138e-01 5.320136424000000419e-01 -6.187585272000000192e-01 4.341474033320000259e-01
1.403715315162142992e+09 1.025972693800000002e+00 -1.890926825800000044e+00 1.489916650300000089e+00 3.821679705000000093e-01 5.318177216999999679e-01 -6.192348379000000014e-01 4.332040728839999799e-01
1.403715315212143183e+09 1.025537376800000011e+00 -1.874018127000000034e+00 1.489136531099999994e+00 3.825695486999999839e-01 5.319930792999999491e-01 -6.194696997999999954e-01 4.322975770070000001e-01
1.403715315262142897e+09 1.024982814999999992e+00 -1.857125442799999915e+00 1.488671206300000049e+00 3.826034531999999988e-01 5.318429948999999768e-01 -6.196178573999999717e-01 4.322399069030000152e-01
1.403715315312143087e+09 1.024127321299999949e+00 -1.840572638800000105e+00 1.487998119700000066e+00 3.815984304000000216e-01 5.308379227999999728e-01 -6.207107406999999855e-01 4.327954644090000191e-01
1.403715315362143040e+09 1.023477842099999924e+00 -1.824279798400000097e+00 1.487943696999999954e+00 3.800101455000000072e-01 5.285293062999999458e-01 -6.223416689999999862e-01 4.346721853239999822e-01
1.403715315412142992e+09 1.022719928899999964e+00 -1.807904497600000049e+00 1.488060797199999952e+00 3.782479529000000174e-01 5.252116854999999696e-01 -6.252090440999999998e-01 4.361133142060000245e-01
1.403715315462142944e+09 1.022068649299999965e+00 -1.791483009000000015e+00 1.488086742299999932e+00 3.761338374000000040e-01 5.208775212999999793e-01 -6.289185842000000193e-01 4.378028764760000247e-01
1.403715315512143135e+09 1.021205432899999987e+00 -1.775209413200000030e+00 1.488489714600000013e+00 3.740031825999999837e-01 5.158576713000000424e-01 -6.328164832999999545e-01 4.399497481369999963e-01
1.403715315562143087e+09 1.020349241899999981e+00 -1.759050113300000051e+00 1.489174776500000075e+00 3.720614602000000271e-01 5.105773492999999830e-01 -6.367010871999999599e-01 4.421456386559999840e-01
1.403715315612143040e+09 1.018589999500000065e+00 -1.743049305300000018e+00 1.489852968000000111e+00 3.696382154999999781e-01 5.050785246000000228e-01 -6.408867509000000240e-01 4.444405991409999812e-01
1.403715315662142992e+09 1.016703104699999916e+00 -1.727425004899999950e+00 1.490965421400000102e+00 3.670350025999999932e-01 4.990234299999999901e-01 -6.451161629999999647e-01 4.473098025569999803e-01
1.403715315712143183e+09 1.014727082400000091e+00 -1.711899160199999992e+00 1.492300773600000019e+00 3.667056600999999971e-01 4.906011996999999902e-01 -6.507972158999999479e-01 4.486651373839999901e-01
1.403715315762142897e+09 1.012329969500000093e+00 -1.696732145299999939e+00 1.493786147300000033e+00 3.665315988999999774e-01 4.814523790999999941e-01 -6.572395964999999673e-01 4.493265031600000015e-01
1.403715315812143087e+09 1.009390148000000043e+00 -1.682405735199999919e+00 1.494847211499999995e+00 3.653676935999999875e-01 4.723932247000000029e-01 -6.640606731000000540e-01 4.498605473289999934e-01
1.403715315862143040e+09 1.006189207300000055e+00 -1.669409474600000109e+00 1.495564062899999991e+00 3.621539328000000224e-01 4.641354873999999908e-01 -6.704229568999999778e-01 4.516146999649999771e-01
1.403715315912142992e+09 1.002416766400000103e+00 -1.657606647399999966e+00 1.495863405499999965e+00 3.569851566000000198e-01 4.569105773000000092e-01 -6.762685311999999671e-01 4.543734103489999732e-01
1.403715315962142944e+09 9.980457081000000397e-01 -1.646691917000000061e+00 1.495920012900000096e+00 3.509909298000000177e-01 4.498467998999999828e-01 -6.812120601000000164e-01 4.586865520150000264e-01
1.403715316012143135e+09 9.928816322000000305e-01 -1.636716616800000024e+00 1.494848278000000086e+00 3.440667673999999732e-01 4.431419911999999739e-01 -6.865682817999999576e-01 4.624578139030000035e-01
1.403715316062143087e+09 9.872359624000000000e-01 -1.627683653999999924e+00 1.492909476399999935e+00 3.361534441999999845e-01 4.369622872000000213e-01 -6.908862530999999585e-01 4.676975590570000008e-01
1.403715316112143040e+09 9.814722046999999616e-01 -1.619527667899999912e+00 1.489913983299999911e+00 3.270800087999999883e-01 4.313440237999999760e-01 -6.951207029999999509e-01 4.730414455640000182e-01
1.403715316162142992e+09 9.755335927999999601e-01 -1.612258151300000053e+00 1.485574279199999959e+00 3.172784969999999927e-01 4.258217416999999783e-01 -6.994785208999999560e-01 4.782677057949999977e-01
1.403715316212143183e+09 9.693734446999999754e-01 -1.605583753299999916e+00 1.480359899900000054e+00 3.068703474000000209e-01 4.204357772999999798e-01 -7.042006780999999771e-01 4.828723972919999885e-01
1.403715316262142897e+09 9.629854511000000006e-01 -1.599418783900000030e+00 1.474294731599999908e+00 2.941267079000000062e-01 4.160736353999999748e-01 -7.098019679000000526e-01 4.863675318230000211e-01
1.403715316312143087e+09 9.570031326000000282e-01 -1.593479221299999971e+00 1.468045972799999932e+00 2.815343294000000052e-01 4.110668121000000119e-01 -7.163033218000000035e-01 4.885407337620000234e-01
1.403715316362143040e+09 9.515336070000000035e-01 -1.587241930300000048e+00 1.460340146699999897e+00 2.683816267999999949e-01 4.074760672000000139e-01 -7.226743294999999900e-01 4.895675342099999883e-01
1.403715316412142992e+09 9.471301650000000238e-01 -1.580424635299999991e+00 1.452456571299999943e+00 2.568357242000000040e-01 4.040207947000000188e-01 -7.283103097999999997e-01 4.902720682369999805e-01
1.403715316462142944e+09 9.445176173999999536e-01 -1.572938892999999894e+00 1.444774357800000075e+00 2.480402503999999952e-01 3.999039926999999883e-01 -7.326469380000000253e-01 4.917126143339999866e-01
1.403715316512143135e+09 9.441389984000000402e-01 -1.564731076700000001e+00 1.437098198599999987e+00 2.430340377999999912e-01 3.948406387999999767e-01 -7.361896048999999609e-01 4.930113508050000259e-01
1.403715316562143087e+09 9.457882219000000035e-01 -1.556183544700000088e+00 1.429410676300000071e+00 2.400840855999999968e-01 3.892989501999999935e-01 -7.383823819999999483e-01 4.955778618139999869e-01
1.403715316612143040e+09 9.494278500999999704e-01 -1.547219185399999919e+00 1.421573305199999915e+00 2.394948936000000084e-01 3.833564368999999861e-01 -7.398640347999999589e-01 4.982782839270000208e-01
1.403715316662142992e+09 9.548151457000000342e-01 -1.538006715100000088e+00 1.413537694600000005e+00 2.399833333999999985e-01 3.776998885000000250e-01 -7.400255111000000330e-01 5.021085907190000475e-01
1.403715316712143183e+09 9.617034549999999848e-01 -1.528511060600000082e+00 1.404894572599999947e+00 2.407854426999999908e-01 3.715398790000000173e-01 -7.405590718000000239e-01 5.055222547290000312e-01
1.403715316762142897e+09 9.695771527000000001e-01 -1.518953607300000064e+00 1.395538728000000006e+00 2.405536652999999969e-01 3.652424146000000094e-01 -7.412424675000000018e-01 5.092067527500000468e-01
1.403715316812143087e+09 9.783362339000000185e-01 -1.509341220000000039e+00 1.385468788400000095e+00 2.392258761000000122e-01 3.590222094000000141e-01 -7.423286100999999526e-01 5.126619431990000475e-01
1.403715316862143040e+09 9.879433958000000127e-01 -1.499750699700000078e+00 1.374938716700000008e+00 2.368833267000000076e-01 3.520641013999999958e-01 -7.438278348000000317e-01 5.163887201179999664e-01
1.403715316912142992e+09 9.985248807000000060e-01 -1.490135560899999989e+00 1.364178897299999971e+00 2.342205994000000069e-01 3.440130906000000155e-01 -7.458730026000000013e-01 5.200665037680000102e-01
1.403715316962142944e+09 1.009619262399999995e+00 -1.480545096900000024e+00 1.353598622500000070e+00 2.299414312999999987e-01 3.355302840000000120e-01 -7.473870085999999580e-01 5.253180236950000248e-01
1.403715317012143135e+09 1.020689957599999920e+00 -1.470642539400000004e+00 1.343404369099999940e+00 2.264136971000000054e-01 3.251700330000000250e-01 -7.491570605999999799e-01 5.308153973029999806e-01
1.403715317062143087e+09 1.031786939999999930e+00 -1.459948837400000032e+00 1.332759774699999955e+00 2.220579008999999937e-01 3.145187771999999882e-01 -7.527443878999999782e-01 5.339888705799999968e-01
1.403715317112143040e+09 1.042618693399999907e+00 -1.448880229300000044e+00 1.322046221599999960e+00 2.157568636999999956e-01 3.041497730000000121e-01 -7.574158430999999858e-01 5.359693386070000232e-01
1.403715317162142992e+09 1.053324340699999917e+00 -1.437572076499999962e+00 1.311663504900000055e+00 2.084296824999999909e-01 2.936265151999999934e-01 -7.627377588000000541e-01 5.371886523969999772e-01
1.403715317212143183e+09 1.063911405999999893e+00 -1.426043885599999950e+00 1.301592483200000094e+00 2.004022856000000075e-01 2.828963975000000075e-01 -7.681168503999999952e-01 5.383354496640000431e-01
1.403715317262142897e+09 1.074627246099999933e+00 -1.414527556599999958e+00 1.292005657999999890e+00 1.912634410999999868e-01 2.726272876999999983e-01 -7.726886215999999585e-01 5.404118356999999540e-01
1.403715317312143087e+09 1.085555495900000000e+00 -1.402949475600000051e+00 1.282826867899999890e+00 1.824680800000000047e-01 2.615606545999999977e-01 -7.771406780999999819e-01 5.425345981789999605e-01
1.403715317362143040e+09 1.096634137199999914e+00 -1.390918145599999933e+00 1.274281295400000014e+00 1.746936601000000089e-01 2.493050169000000094e-01 -7.817991374999999632e-01 5.441683952270000013e-01
1.403715317412142992e+09 1.107898505599999917e+00 -1.378550613000000036e+00 1.266397509099999930e+00 1.682579331000000067e-01 2.358252560000000109e-01 -7.861533316000000049e-01 5.459291674199999722e-01
1.403715317462142944e+09 1.119255954300000022e+00 -1.366177061199999931e+00 1.258754505400000001e+00 1.613584137999999890e-01 2.229897808000000092e-01 -7.904315090000000321e-01 5.472266892870000232e-01
1.403715317512143135e+09 1.130669842999999952e+00 -1.353862172599999969e+00 1.251506533899999996e+00 1.543018143999999869e-01 2.104860108999999924e-01 -7.941280808999999774e-01 5.488598914240000459e-01
1.403715317562143087e+09 1.142067411099999985e+00 -1.341909616899999991e+00 1.244436757999999976e+00 1.467760395000000107e-01 1.984203264999999938e-01 -7.969317872000000191e-01 5.513491586609999828e-01
1.403715317612143040e+09 1.153622780300000095e+00 -1.330181661399999937e+00 1.237626348100000051e+00 1.397542156000000091e-01 1.863285255000000085e-01 -7.995833881999999670e-01 5.535493159109999839e-01
1.403715317662142992e+09 1.165210062499999921e+00 -1.318674690099999935e+00 1.231205432399999911e+00 1.338991314000000099e-01 1.736616914000000123e-01 -8.020858133999999584e-01 5.554916628389999778e-01
1.403715317712143183e+09 1.176506017199999921e+00 -1.307441705500000051e+00 1.224934015000000098e+00 1.275490014000000005e-01 1.614758021000000099e-01 -8.044396842000000047e-01 5.572554280089999645e-01
1.403715317762142897e+09 1.187534662300000043e+00 -1.296410589399999980e+00 1.218963358199999902e+00 1.225640196000000043e-01 1.485999135999999943e-01 -8.069482045000000436e-01 5.583285072089999579e-01
1.403715317812143087e+09 1.198310572700000076e+00 -1.285598159300000098e+00 1.213543314000000040e+00 1.206202464000000057e-01 1.338955944999999925e-01 -8.096112882999999538e-01 5.586164048799999726e-01
1.403715317862143040e+09 1.208339958899999900e+00 -1.275360100399999919e+00 1.208131156899999947e+00 1.182824754999999978e-01 1.192536272000000036e-01 -8.125952709000000551e-01 5.581010250590000554e-01
1.403715317912142992e+09 1.217319429300000033e+00 -1.265707247099999933e+00 1.202731024900000056e+00 1.139496723999999933e-01 1.067741111999999937e-01 -8.146593197999999481e-01 5.585203255759999541e-01
1.403715317962142944e+09 1.224912327500000009e+00 -1.256654828400000090e+00 1.197248922600000043e+00 1.082282407000000057e-01 9.562339999999999729e-02 -8.164565137000000528e-01 5.590541785399999464e-01
1.403715318012143135e+09 1.231269361799999906e+00 -1.248064885700000071e+00 1.191558025099999973e+00 1.021993870000000026e-01 8.521816829999999399e-02 -8.180413938999999690e-01 5.595546684329999465e-01
1.403715318062143087e+09 1.236645795799999892e+00 -1.239899417499999990e+00 1.186084615900000028e+00 9.789697299999999824e-02 7.568627260000000689e-02 -8.186651109000000481e-01 5.607808904269999672e-01
1.403715318112143040e+09 1.240840870500000026e+00 -1.232428343000000037e+00 1.180732606000000073e+00 9.483535880000000529e-02 6.728033199999999825e-02 -8.193927493999999534e-01 5.613155386120000090e-01
1.403715318162142992e+09 1.243636740399999940e+00 -1.225729411599999930e+00 1.175492471499999914e+00 9.117928390000000494e-02 6.085081879999999777e-02 -8.197011950999999463e-01 5.622041148249999898e-01
1.403715318212143183e+09 1.245080278000000096e+00 -1.219830731000000057e+00 1.169914700300000110e+00 8.701387670000000629e-02 5.636696170000000256e-02 -8.203072912000000105e-01 5.624475965449999837e-01
1.403715318262142897e+09 1.245280693700000052e+00 -1.214484131899999930e+00 1.164444524699999928e+00 8.402534570000000369e-02 5.232433620000000174e-02 -8.205643794000000435e-01 5.629174046139999721e-01
1.403715318312143087e+09 1.243814684700000006e+00 -1.209968764499999905e+00 1.158640714199999922e+00 8.005363980000000657e-02 4.920595939999999890e-02 -8.210766704999999943e-01 5.630304516109999602e-01
1.403715318362143040e+09 1.240849134100000084e+00 -1.206316751499999951e+00 1.153108724900000048e+00 7.577254290000000336e-02 4.601939470000000060e-02 -8.213134125000000063e-01 5.635468174259999907e-01
1.403715318412142992e+09 1.236444662000000028e+00 -1.203147507800000016e+00 1.147432714200000037e+00 6.984586959999999900e-02 4.379746059999999747e-02 -8.218438796000000490e-01 5.637162181039999664e-01
1.403715318462142944e+09 1.230512239200000080e+00 -1.200480528199999952e+00 1.141273984899999983e+00 6.124709030000000110e-02 4.246926310000000149e-02 -8.224880962999999712e-01 5.638780782600000263e-01
1.403715318512143135e+09 1.223707700200000081e+00 -1.198228868199999964e+00 1.134810767200000070e+00 5.180159980000000053e-02 4.142177710000000124e-02 -8.234075932000000098e-01 5.635607918289999851e-01
1.403715318562143087e+09 1.216451958099999953e+00 -1.196464433799999894e+00 1.128267539399999908e+00 4.311388070000000267e-02 3.904620479999999783e-02 -8.251792502000000473e-01 5.618681270149999962e-01
1.403715318612143040e+09 1.209072520100000103e+00 -1.195293237000000008e+00 1.121499720699999925e+00 3.498492510000000139e-02 3.573258700000000315e-02 -8.283054626000000420e-01 5.580405879569999561e-01
1.403715318662142992e+09 1.201816738600000045e+00 -1.194914451100000052e+00 1.114624666299999900e+00 2.760866320000000124e-02 3.113936990000000168e-02 -8.321178819000000226e-01 5.530351995750000249e-01
1.403715318712143183e+09 1.194912945200000021e+00 -1.195429653900000000e+00 1.107448887499999923e+00 2.118054030000000171e-02 2.560509899999999922e-02 -8.367474460999999586e-01 5.465797975210000548e-01
1.403715318762142897e+09 1.188520158500000035e+00 -1.197716484599999909e+00 1.100805843699999897e+00 1.650236869999999884e-02 1.799978849999999894e-02 -8.398581851999999959e-01 5.422563122160000137e-01
1.403715318812143087e+09 1.182173487700000081e+00 -1.202162721599999928e+00 1.094036648599999939e+00 9.752675199999999781e-03 1.109854029999999929e-02 -8.423724819000000252e-01 5.386931496219999893e-01
1.403715318862143040e+09 1.176315376400000057e+00 -1.209026388200000079e+00 1.088006814499999919e+00 4.017772799999999589e-03 3.354400600000000208e-03 -8.429505483000000465e-01 5.379655923749999680e-01
1.403715318912142992e+09 1.170917422700000099e+00 -1.218061319800000097e+00 1.082219667599999990e+00 1.778719900000000093e-03 3.564159999999999811e-03 8.424327443000000359e-01 -5.387867892819999671e-01
1.403715318962142944e+09 1.166083244600000013e+00 -1.229536353300000107e+00 1.076856203600000006e+00 7.290511199999999588e-03 9.832920499999999939e-03 8.411740815999999565e-01 -5.406258656289999465e-01
1.403715319012143135e+09 1.161639977100000110e+00 -1.243005253099999985e+00 1.071766090199999910e+00 1.258221869999999985e-02 1.697207099999999830e-02 8.393723521999999493e-01 -5.431461046450000163e-01
1.403715319062143087e+09 1.157469293999999982e+00 -1.258316837099999974e+00 1.066809789699999955e+00 1.899508080000000126e-02 2.386968290000000131e-02 8.371516411999999630e-01 -5.461195425739999720e-01
1.403715319112143040e+09 1.153763793900000056e+00 -1.274845586499999905e+00 1.062101272999999901e+00 2.632511389999999882e-02 3.024677019999999841e-02 8.342213389999999507e-01 -5.499698890769999515e-01
1.403715319162142992e+09 1.150572281300000110e+00 -1.292707109099999974e+00 1.057808991499999962e+00 3.413907439999999682e-02 3.663928539999999900e-02 8.312217361999999499e-01 -5.536808751989999999e-01
1.403715319212143183e+09 1.148175370599999967e+00 -1.311914891700000085e+00 1.054021077100000037e+00 4.144230940000000196e-02 4.403660439999999843e-02 8.285100292000000533e-01 -5.566995993559999967e-01
1.403715319262142897e+09 1.146652282400000056e+00 -1.332190594400000094e+00 1.050386650799999932e+00 4.868586939999999808e-02 5.186741300000000110e-02 8.266622482000000049e-01 -5.581836480190000005e-01
1.403715319312143087e+09 1.146049422299999954e+00 -1.353467361100000099e+00 1.047108419800000023e+00 5.636076839999999699e-02 5.940647029999999995e-02 8.248242497000000117e-01 -5.594276468879999520e-01
1.403715319362143040e+09 1.146400741799999956e+00 -1.375499726199999939e+00 1.043905943800000014e+00 6.415971700000000499e-02 6.734062529999999824e-02 8.230895389000000284e-01 -5.602431452299999615e-01
1.403715319412142992e+09 1.148213257799999942e+00 -1.398419782199999961e+00 1.040940355700000097e+00 7.086102190000000134e-02 7.573903690000000077e-02 8.210301479999999597e-01 -5.613838347059999512e-01
1.403715319462142944e+09 1.151305487599999955e+00 -1.421831121399999898e+00 1.038115730899999978e+00 7.542163070000000580e-02 8.537068829999999720e-02 8.188640801000000025e-01 -5.625700325039999505e-01
1.403715319512143135e+09 1.155129793700000018e+00 -1.445503189999999938e+00 1.035125828600000020e+00 7.994227819999999429e-02 9.558916389999999597e-02 8.167189260999999645e-01 -5.634200383390000066e-01
1.403715319562143087e+09 1.159812901600000057e+00 -1.469756578699999983e+00 1.032048123000000039e+00 8.528233089999999461e-02 1.049334895000000045e-01 8.149619623999999618e-01 -5.635183108200000346e-01
1.403715319612143040e+09 1.165722658400000000e+00 -1.494381755600000083e+00 1.030307171400000055e+00 8.923450659999999923e-02 1.140554079000000026e-01 8.130266966000000428e-01 -5.639292131030000377e-01
1.403715319662142992e+09 1.172922754400000045e+00 -1.519120492199999894e+00 1.030412646800000109e+00 9.392473340000000170e-02 1.204081023999999944e-01 8.118553659999999672e-01 -5.635342918279999669e-01
1.403715319712143183e+09 1.181373286799999978e+00 -1.543924198900000100e+00 1.033481802899999913e+00 9.616756310000000585e-02 1.260690446999999936e-01 8.107302593999999862e-01 -5.635377913219999924e-01
1.403715319762142897e+09 1.190819256499999979e+00 -1.569057568999999930e+00 1.039309205199999919e+00 9.832079589999999369e-02 1.294301680999999926e-01 8.105498998000000288e-01 -5.626630542230000032e-01
1.403715319812143087e+09 1.201170519800000003e+00 -1.594697712899999953e+00 1.048559117900000004e+00 9.877742709999999537e-02 1.321929564000000057e-01 8.100596062999999569e-01 -5.626468488060000217e-01
1.403715319862143040e+09 1.212031206800000094e+00 -1.620765877500000007e+00 1.060599450400000032e+00 9.956014679999999895e-02 1.344255706999999966e-01 8.096126581000000488e-01 -5.626232192819999867e-01
1.403715319912142992e+09 1.223456848299999900e+00 -1.647368292899999975e+00 1.075128037200000053e+00 9.985410640000000337e-02 1.373118396000000130e-01 8.094546333000000038e-01 -5.621012477779999683e-01
1.403715319962142944e+09 1.235415948600000036e+00 -1.673999732700000020e+00 1.090702187400000023e+00 1.012338905000000067e-01 1.394587516999999943e-01 8.088876777000000295e-01 -5.621420468860000019e-01
1.403715320012143135e+09 1.247910617300000080e+00 -1.701304643600000110e+00 1.105985801299999904e+00 1.032697459000000012e-01 1.425424211999999913e-01 8.079658536999999585e-01 -5.623239252570000346e-01
1.403715320062143087e+09 1.260934819200000057e+00 -1.729174944699999994e+00 1.120657343199999989e+00 1.060164121999999931e-01 1.465137586999999963e-01 8.070026166999999528e-01 -5.621752533330000023e-01
1.403715320112143040e+09 1.274336023100000048e+00 -1.757425932699999915e+00 1.134505298299999909e+00 1.108624683000000027e-01 1.507781670999999990e-01 8.052210425000000393e-01 -5.626673352659999905e-01
1.403715320162142992e+09 1.288347619100000063e+00 -1.785747319700000002e+00 1.147442750499999997e+00 1.163251203999999955e-01 1.566810549000000052e-01 8.035072989999999526e-01 -5.624015769729999725e-01
1.403715320212143183e+09 1.302866934799999932e+00 -1.814252491400000000e+00 1.160245899099999978e+00 1.225882796000000025e-01 1.643547223999999862e-01 8.003964416000000082e-01 -5.633162301720000542e-01
1.403715320262142897e+09 1.318000967499999954e+00 -1.842836546000000020e+00 1.172846308700000062e+00 1.301465615999999881e-01 1.732432366999999973e-01 7.955868181999999900e-01 -5.657652057759999797e-01
1.403715320312143087e+09 1.333964974199999931e+00 -1.871293120400000065e+00 1.185213615099999895e+00 1.364344007999999941e-01 1.848859303000000009e-01 7.893351920000000188e-01 -5.693441856580000460e-01
1.403715320362143040e+09 1.350742970400000020e+00 -1.899294815199999986e+00 1.196975833300000014e+00 1.416393817999999916e-01 1.991738621999999959e-01 7.831832769000000027e-01 -5.717447095459999851e-01
1.403715320412142992e+09 1.368049200199999982e+00 -1.926517509399999994e+00 1.208408809000000028e+00 1.466151648000000030e-01 2.148243581000000013e-01 7.780006615000000236e-01 -5.718998682379999865e-01
1.403715320462142944e+09 1.385776224700000059e+00 -1.952664489000000003e+00 1.219846793799999940e+00 1.525185450000000054e-01 2.308722330000000100e-01 7.729665651999999554e-01 -5.709280117260000509e-01
1.403715320512143135e+09 1.404000110399999945e+00 -1.976984680099999947e+00 1.230714894499999934e+00 1.581013581999999862e-01 2.472898850999999953e-01 7.687016986000000385e-01 -5.682863467109999789e-01
1.403715320562143087e+09 1.422417557900000018e+00 -2.000414345999999899e+00 1.241145941300000111e+00 1.634690363000000091e-01 2.637328523999999952e-01 7.640112417000000100e-01 -5.656939802539999729e-01
1.403715320612143040e+09 1.441018281799999912e+00 -2.022719383400000126e+00 1.252064622100000024e+00 1.680094578999999921e-01 2.801869804000000075e-01 7.590409221999999678e-01 -5.631384878959999618e-01
1.403715320662142992e+09 1.459451495599999982e+00 -2.043646627799999838e+00 1.262878669300000034e+00 1.720246049999999971e-01 2.968006912999999747e-01 7.533231908999999948e-01 -5.610891684519999645e-01
1.403715320712143183e+09 1.477696024000000108e+00 -2.062924147399999963e+00 1.272990336299999914e+00 1.750497923999999872e-01 3.124380622999999857e-01 7.475914820000000294e-01 -5.593272775199999991e-01
1.403715320762142897e+09 1.495831273599999900e+00 -2.080795594800000092e+00 1.282646796499999908e+00 1.760334987000000129e-01 3.272347954000000003e-01 7.413866444000000167e-01 -5.588161053019999880e-01
1.403715320812143087e+09 1.513751081399999920e+00 -2.096825446700000040e+00 1.291751273300000058e+00 1.763458253999999892e-01 3.400009838999999978e-01 7.355765059000000106e-01 -5.587742699869999718e-01
1.403715320862143040e+09 1.531107450099999934e+00 -2.110674968900000170e+00 1.299660836199999947e+00 1.756412291999999986e-01 3.512096227000000015e-01 7.316954566000000160e-01 -5.571568166210000284e-01
1.403715320912142992e+09 1.547300640100000013e+00 -2.122136530200000148e+00 1.306756372099999952e+00 1.751649171999999921e-01 3.603410515000000092e-01 7.296195490000000339e-01 -5.541903031649999534e-01
1.403715320962142944e+09 1.561703432999999919e+00 -2.131323746900000149e+00 1.313326856200000003e+00 1.764607679000000096e-01 3.668000492999999862e-01 7.285364503000000269e-01 -5.509573139829999633e-01
1.403715321012143135e+09 1.574350532500000011e+00 -2.138251314700000183e+00 1.319247544700000052e+00 1.792446007999999869e-01 3.710212347999999882e-01 7.285922835999999458e-01 -5.471452281609999746e-01
1.403715321062143087e+09 1.585059492799999914e+00 -2.143168487200000083e+00 1.324782243000000026e+00 1.828422963999999928e-01 3.735403950999999778e-01 7.288196988999999792e-01 -5.439284091970000290e-01
1.403715321112143040e+09 1.593956474100000076e+00 -2.146536028199999890e+00 1.330153703999999992e+00 1.864265314999999923e-01 3.750643866999999743e-01 7.290897069999999758e-01 -5.412947933110000553e-01
1.403715321162142992e+09 1.600971459399999963e+00 -2.148465407999999854e+00 1.335086209900000043e+00 1.895831283999999950e-01 3.759895556000000250e-01 7.294155710999999931e-01 -5.391131757510000400e-01
1.403715321212143183e+09 1.606292506199999970e+00 -2.148994446500000155e+00 1.339402043600000036e+00 1.923169698999999955e-01 3.763575527999999948e-01 7.303465220000000535e-01 -5.366219650839999522e-01
1.403715321262142897e+09 1.610372520300000110e+00 -2.148183710100000088e+00 1.343645466999999982e+00 1.940369100999999874e-01 3.766871254999999974e-01 7.309275067999999598e-01 -5.349780059049999981e-01
1.403715321312143087e+09 1.612950129299999924e+00 -2.146147872399999823e+00 1.347847321900000006e+00 1.940506176000000027e-01 3.772481925000000236e-01 7.312151222999999645e-01 -5.341840543239999572e-01
1.403715321362143040e+09 1.613959724999999956e+00 -2.142839919000000037e+00 1.351931146000000084e+00 1.936397337000000107e-01 3.776950666000000179e-01 7.313362629999999864e-01 -5.338514405859999812e-01
1.403715321412142992e+09 1.613359931600000019e+00 -2.138208394399999879e+00 1.356128845600000021e+00 1.930333132000000007e-01 3.779520467999999966e-01 7.306558158000000525e-01 -5.348200342910000016e-01
1.403715321462142944e+09 1.611063329500000085e+00 -2.132354004999999830e+00 1.360220334399999897e+00 1.929532230000000070e-01 3.774603885000000214e-01 7.299030166000000097e-01 -5.362222441620000390e-01
1.403715321512143135e+09 1.607273072699999972e+00 -2.125244068899999839e+00 1.363963220800000098e+00 1.930029343999999925e-01 3.760281911000000199e-01 7.304092518999999450e-01 -5.365211939689999987e-01
1.403715321562143087e+09 1.602036343400000007e+00 -2.117050492999999811e+00 1.367602319600000005e+00 1.922193942000000044e-01 3.745188045000000243e-01 7.314826131999999648e-01 -5.363958949980000002e-01
1.403715321612143040e+09 1.595161250200000103e+00 -2.107580265200000191e+00 1.371017784299999986e+00 1.931508465000000008e-01 3.713848035000000269e-01 7.331441958000000092e-01 -5.359717029349999606e-01
1.403715321662142992e+09 1.586361106800000087e+00 -2.097200165099999847e+00 1.374878678900000040e+00 1.951255397999999974e-01 3.690198035999999737e-01 7.334911334999999477e-01 -5.364151054529999740e-01
1.403715321712143183e+09 1.575613696200000025e+00 -2.086156640900000081e+00 1.379634894600000106e+00 1.975532872999999912e-01 3.679972663000000144e-01 7.310575457000000332e-01 -5.395420053070000277e-01
1.403715321762142897e+09 1.563513892500000058e+00 -2.074012230700000181e+00 1.384561244599999963e+00 1.998711911000000119e-01 3.683492581000000210e-01 7.286260673000000132e-01 -5.417327616420000158e-01
1.403715321812143087e+09 1.550408002800000018e+00 -2.060648969399999864e+00 1.389991173499999899e+00 2.002726987000000014e-01 3.711905234000000275e-01 7.242136773999999777e-01 -5.455483396810000274e-01
1.403715321862143040e+09 1.536284454100000030e+00 -2.045927487999999794e+00 1.396199618800000097e+00 2.005104409000000032e-01 3.743861036000000198e-01 7.182279131000000039e-01 -5.511617488750000238e-01
1.403715321912142992e+09 1.521084984700000087e+00 -2.029230255099999880e+00 1.401949671199999914e+00 2.020992766999999968e-01 3.771086563000000114e-01 7.133215107999999471e-01 -5.550832062539999834e-01
1.403715321962142944e+09 1.505086291900000095e+00 -2.009831428200000047e+00 1.406828334999999930e+00 2.039982636999999877e-01 3.807856306999999885e-01 7.105132132000000489e-01 -5.554799597389999954e-01
1.403715322012143135e+09 1.488541451099999913e+00 -1.987825856599999996e+00 1.410946327500000042e+00 2.062104825999999946e-01 3.851047734999999972e-01 7.101578124999999853e-01 -5.521299046819999612e-01
1.403715322062143087e+09 1.471359348300000036e+00 -1.963697441000000099e+00 1.415342286600000055e+00 2.063748492999999962e-01 3.904551148000000027e-01 7.107799625999999815e-01 -5.474907027859999831e-01
1.403715322112143040e+09 1.453137816599999965e+00 -1.937315962700000060e+00 1.419918914299999946e+00 2.090858663999999867e-01 3.938352392000000202e-01 7.125618777000000126e-01 -5.416940790319999532e-01
1.403715322162142992e+09 1.433989387100000013e+00 -1.909003681399999985e+00 1.423915036399999945e+00 2.157543661000000113e-01 3.936087663999999764e-01 7.159771807000000488e-01 -5.346951180019999805e-01
1.403715322212143183e+09 1.413521619600000001e+00 -1.879398930600000073e+00 1.428010072900000038e+00 2.239774391000000087e-01 3.922123948999999832e-01 7.189235776000000300e-01 -5.283487802449999826e-01
1.403715322262142897e+09 1.392022708400000086e+00 -1.848774296700000042e+00 1.432000025600000059e+00 2.320766354000000087e-01 3.923970706000000086e-01 7.207456917000000240e-01 -5.221978764920000016e-01
1.403715322312143087e+09 1.370061054000000000e+00 -1.817655462699999891e+00 1.435774544300000066e+00 2.390075329999999942e-01 3.941281099999999760e-01 7.223618326999999839e-01 -5.154918183369999740e-01
1.403715322362143040e+09 1.347315502999999914e+00 -1.786500589100000091e+00 1.438451539899999965e+00 2.457280343000000089e-01 3.973302986000000203e-01 7.229679687000000188e-01 -5.089829891020000163e-01
1.403715322412142992e+09 1.323771280399999917e+00 -1.755621040400000110e+00 1.438194934800000047e+00 2.528162694000000155e-01 4.018127803000000053e-01 7.226505712999999886e-01 -5.024008114810000203e-01
1.403715322462142944e+09 1.300114668600000023e+00 -1.725234937900000043e+00 1.434954902100000096e+00 2.586935740999999900e-01 4.074245711000000214e-01 7.218154060000000483e-01 -4.960497688480000056e-01
1.403715322512143135e+09 1.276540165399999927e+00 -1.695778799299999973e+00 1.428722841199999927e+00 2.636342354000000276e-01 4.130589010999999866e-01 7.205580932999999799e-01 -4.905867592040000225e-01
1.403715322562143087e+09 1.253091087300000073e+00 -1.667516282000000016e+00 1.419658531400000090e+00 2.664288705000000257e-01 4.185766128999999780e-01 7.194956701000000399e-01 -4.859375029499999887e-01
1.403715322612143040e+09 1.229501094299999986e+00 -1.640463060899999936e+00 1.408880975800000046e+00 2.696523946000000116e-01 4.225189818000000264e-01 7.187161618999999835e-01 -4.818841921529999905e-01
1.403715322662142992e+09 1.205437133400000027e+00 -1.615103678699999934e+00 1.397506221600000043e+00 2.715951776000000151e-01 4.260174228999999979e-01 7.180951660000000070e-01 -4.786277755000000189e-01
1.403715322712143183e+09 1.180702035599999977e+00 -1.591403670899999900e+00 1.386068326700000020e+00 2.734760741000000217e-01 4.285250721000000151e-01 7.170798907000000000e-01 -4.768370055110000005e-01
1.403715322762142897e+09 1.154906965899999971e+00 -1.569457338899999943e+00 1.374765215300000065e+00 2.754745778000000089e-01 4.300975580999999992e-01 7.156115038999999456e-01 -4.764766762900000119e-01
1.403715322812143087e+09 1.128250821900000034e+00 -1.548902445099999969e+00 1.364092084599999977e+00 2.770251683000000131e-01 4.311708504000000275e-01 7.150182848999999674e-01 -4.754972199129999799e-01
1.403715322862143040e+09 1.100784409200000091e+00 -1.530071301100000003e+00 1.355542282200000059e+00 2.783655373000000210e-01 4.315438753999999988e-01 7.150564774000000012e-01 -4.743171359159999989e-01
1.403715322912142992e+09 1.072670894300000066e+00 -1.512748488199999963e+00 1.350123649599999975e+00 2.808553581000000077e-01 4.307950943000000144e-01 7.146522864000000030e-01 -4.741391821770000181e-01
1.403715322962142944e+09 1.044061428800000080e+00 -1.497143061700000111e+00 1.347679894499999920e+00 2.827832492999999836e-01 4.302657067999999807e-01 7.140982966000000154e-01 -4.743086318879999874e-01
1.403715323012143135e+09 1.015186711699999966e+00 -1.483366861900000000e+00 1.348180826799999954e+00 2.841331024000000038e-01 4.294839283999999924e-01 7.139757080999999950e-01 -4.743950079800000053e-01
1.403715323062143087e+09 9.859762810000000099e-01 -1.471406283899999945e+00 1.351391094600000065e+00 2.845412856000000268e-01 4.289129315999999914e-01 7.140502609000000112e-01 -4.745547163969999760e-01
1.403715323112143040e+09 9.560603667999999500e-01 -1.461286108099999925e+00 1.356058388699999950e+00 2.853284966999999894e-01 4.282042112000000178e-01 7.141849405000000317e-01 -4.745194129029999819e-01
1.403715323162142992e+09 9.257870937000000078e-01 -1.453183646300000076e+00 1.359183151100000098e+00 2.859507776999999917e-01 4.272436550000000000e-01 7.147315331000000382e-01 -4.741875658170000007e-01
1.403715323212143183e+09 8.953586337000000173e-01 -1.446849942799999900e+00 1.359675361599999910e+00 2.874206228000000252e-01 4.254812265999999843e-01 7.152678487000000418e-01 -4.740749054519999839e-01
1.403715323262142897e+09 8.648641603000000178e-01 -1.442167873300000069e+00 1.357120384799999968e+00 2.888789044999999778e-01 4.240547926000000079e-01 7.151726260999999862e-01 -4.746099729189999783e-01
1.403715323312143087e+09 8.344395435000000472e-01 -1.439329744099999919e+00 1.351633516599999973e+00 2.894249218000000123e-01 4.231030749999999951e-01 7.154165570999999613e-01 -4.747590465839999774e-01
1.403715323362143040e+09 8.039640270000000255e-01 -1.438421874100000108e+00 1.345141567199999999e+00 2.890355480999999838e-01 4.230859947000000232e-01 7.148862060999999768e-01 -4.758092110059999880e-01
1.403715323412142992e+09 7.732347319000000274e-01 -1.439650333899999968e+00 1.340382652700000010e+00 2.892412574000000069e-01 4.228539190999999753e-01 7.147073478000000035e-01 -4.761590754619999810e-01
1.403715323462142944e+09 7.423114884999999497e-01 -1.442986691200000005e+00 1.337515455599999958e+00 2.886652071999999958e-01 4.231683070000000213e-01 7.149620960000000469e-01 -4.758468067459999951e-01
1.403715323512143135e+09 7.109617815000000007e-01 -1.448606031299999986e+00 1.337317332100000034e+00 2.886329718999999794e-01 4.232318976000000177e-01 7.149122422000000476e-01 -4.758847069919999728e-01
1.403715323562143087e+09 6.796537688999999549e-01 -1.455964360200000085e+00 1.339791828499999893e+00 2.883946602999999942e-01 4.236355619000000128e-01 7.149889279000000153e-01 -4.755546904479999726e-01
1.403715323612143040e+09 6.478814799000000013e-01 -1.465228812799999947e+00 1.346817801700000095e+00 2.906108888000000223e-01 4.225205899999999737e-01 7.111753933000000139e-01 -4.808858723559999993e-01
1.403715323662142992e+09 6.155848563000000384e-01 -1.476218667799999995e+00 1.356007830700000083e+00 2.941194944000000144e-01 4.207460454999999988e-01 7.050941050000000265e-01 -4.891919778470000257e-01
1.403715323712143183e+09 5.838334858000000516e-01 -1.488163931199999901e+00 1.365476875399999956e+00 2.989062095000000197e-01 4.183968362000000107e-01 6.987123453000000373e-01 -4.973934297379999925e-01
1.403715323762142897e+09 5.532958028000000139e-01 -1.500858911299999932e+00 1.374704849300000031e+00 3.041534257999999880e-01 4.153949809999999965e-01 6.918370198000000082e-01 -5.062600530840000168e-01
1.403715323812143087e+09 5.248343627999999539e-01 -1.514033133399999898e+00 1.383167319600000056e+00 3.081373902999999803e-01 4.128867435999999946e-01 6.857658089000000512e-01 -5.141022670210000367e-01
1.403715323862143040e+09 4.984917193000000246e-01 -1.527377363000000043e+00 1.391207118499999895e+00 3.116791110000000087e-01 4.107774939000000125e-01 6.803215948999999929e-01 -5.208459559270000039e-01
1.403715323912142992e+09 4.744686135999999776e-01 -1.540747763699999995e+00 1.399300671500000037e+00 3.155275115000000241e-01 4.081146154999999998e-01 6.750493756000000012e-01 -5.274402247149999612e-01
1.403715323962142944e+09 4.535664131000000099e-01 -1.554225146000000057e+00 1.408116347099999999e+00 3.194574928999999730e-01 4.047784320999999741e-01 6.683785233000000270e-01 -5.360704065729999801e-01
1.403715324012143135e+09 4.361815041000000059e-01 -1.567028116699999973e+00 1.416901470900000071e+00 3.216384830999999833e-01 4.026101511999999882e-01 6.630307466000000538e-01 -5.429953788060000175e-01
1.403715324062143087e+09 4.227068889000000218e-01 -1.578886754800000070e+00 1.424547115500000016e+00 3.214430643999999782e-01 4.019845931000000094e-01 6.606908768000000487e-01 -5.464158750750000015e-01
1.403715324112143040e+09 4.132802506000000098e-01 -1.589450590400000030e+00 1.430838096500000045e+00 3.179706936000000206e-01 4.036778114999999834e-01 6.615987894000000535e-01 -5.461006357569999636e-01
1.403715324162142992e+09 4.075228815999999976e-01 -1.598847031800000096e+00 1.436654337200000020e+00 3.132090987000000215e-01 4.063249682999999779e-01 6.641896591000000516e-01 -5.437390709830000057e-01
1.403715324212143183e+09 4.047111641000000204e-01 -1.607539945499999900e+00 1.442324590899999981e+00 3.080633869000000136e-01 4.093220590000000159e-01 6.664704742999999487e-01 -5.416359557459999863e-01
1.403715324262142897e+09 4.046910377999999864e-01 -1.615431490099999978e+00 1.448471035699999909e+00 3.025280978000000065e-01 4.123972147000000144e-01 6.682021382999999704e-01 -5.402880618259999768e-01
1.403715324312143087e+09 4.070653838000000135e-01 -1.622314239000000047e+00 1.454616197600000049e+00 2.959671409999999891e-01 4.158971430000000247e-01 6.693295513000000474e-01 -5.398434676890000450e-01
1.403715324362143040e+09 4.115721117999999734e-01 -1.627915866900000008e+00 1.461784506100000103e+00 2.871774147999999749e-01 4.212567228999999913e-01 6.702242435999999914e-01 -5.393249198309999493e-01
1.403715324412142992e+09 4.180982914999999966e-01 -1.631742842700000029e+00 1.468284965100000061e+00 2.772991477000000260e-01 4.269708810000000243e-01 6.737980358999999808e-01 -5.355345518620000522e-01
1.403715324462142944e+09 4.259718907000000221e-01 -1.633605383699999969e+00 1.474636974400000078e+00 2.681145612999999983e-01 4.324820862000000044e-01 6.788064526000000543e-01 -5.294295298159999996e-01
1.403715324512143135e+09 4.338069036000000156e-01 -1.634070675300000053e+00 1.480878470700000005e+00 2.610229505000000172e-01 4.368353153000000266e-01 6.832512339999999851e-01 -5.236503393160000241e-01
1.403715324562143087e+09 4.408033538000000195e-01 -1.633342276400000070e+00 1.487575069400000061e+00 2.562687318999999908e-01 4.398846412999999900e-01 6.873126303000000048e-01 -5.181015224910000549e-01
1.403715324612143040e+09 4.464719871000000229e-01 -1.631711021999999955e+00 1.495103321600000035e+00 2.541011115999999848e-01 4.415360676000000262e-01 6.898712681999999985e-01 -5.143502303060000225e-01
1.403715324662142992e+09 4.508195756000000221e-01 -1.629066675300000044e+00 1.502558425699999978e+00 2.542964467000000117e-01 4.416402394999999759e-01 6.916491970000000489e-01 -5.117700698529999981e-01
1.403715324712143183e+09 4.540262433000000208e-01 -1.625274494799999969e+00 1.510263320900000039e+00 2.556498903000000156e-01 4.410976694000000031e-01 6.925252493000000342e-01 -5.103770750539999845e-01
1.403715324762142897e+09 4.561455554000000134e-01 -1.620536525899999969e+00 1.517411291399999973e+00 2.586006578999999750e-01 4.394004805000000236e-01 6.934395768000000126e-01 -5.091114522649999863e-01
1.403715324812143087e+09 4.574302083999999824e-01 -1.615219174099999933e+00 1.523923416099999928e+00 2.642774310000000071e-01 4.356945568000000213e-01 6.949738000999999832e-01 -5.072860236770000419e-01
1.403715324862143040e+09 4.580768897999999978e-01 -1.609651650200000006e+00 1.529698323899999934e+00 2.712777879000000114e-01 4.309214144999999885e-01 6.961682288999999635e-01 -5.060285499719999747e-01
1.403715324912142992e+09 4.582738823999999989e-01 -1.604359315600000002e+00 1.535339707000000109e+00 2.780239265000000182e-01 4.260381701000000021e-01 6.961213993000000544e-01 -5.065660582119999589e-01
1.403715324962142944e+09 4.585616632000000248e-01 -1.599498022799999974e+00 1.540791034800000014e+00 2.826697899000000236e-01 4.224193084000000264e-01 6.946822327999999658e-01 -5.089953961609999800e-01
1.403715325012143135e+09 4.592042049000000237e-01 -1.594916015799999975e+00 1.545773101600000032e+00 2.860254131000000144e-01 4.194222326000000001e-01 6.929336730999999805e-01 -5.119740017510000518e-01
1.403715325062143087e+09 4.605755156999999933e-01 -1.590539472499999940e+00 1.550358945699999991e+00 2.879834705000000050e-01 4.175175972999999874e-01 6.911834784999999481e-01 -5.147911962329999591e-01
1.403715325112143040e+09 4.630134698000000215e-01 -1.586117055899999961e+00 1.554520748699999899e+00 2.885994802999999886e-01 4.161823386999999874e-01 6.890479860999999540e-01 -5.183777327309999627e-01
1.403715325162142992e+09 4.663692490999999940e-01 -1.581475966299999980e+00 1.557616359599999889e+00 2.888830103999999732e-01 4.150862416000000166e-01 6.881909627000000196e-01 -5.202338101219999844e-01
1.403715325212143183e+09 4.706958271000000193e-01 -1.576527969400000062e+00 1.560506584499999905e+00 2.889314022000000204e-01 4.141753951000000100e-01 6.873979719999999682e-01 -5.219783663470000112e-01
1.403715325262142897e+09 4.762824642999999858e-01 -1.571419118899999967e+00 1.562249191800000103e+00 2.875477801999999916e-01 4.141436432000000223e-01 6.874586764000000239e-01 -5.226871771650000165e-01
1.403715325312143087e+09 4.831134197999999991e-01 -1.566070256499999980e+00 1.563627184300000028e+00 2.855014032000000035e-01 4.144819730000000035e-01 6.882607124999999826e-01 -5.224852480880000094e-01
1.403715325362143040e+09 4.909653783999999854e-01 -1.560009903899999939e+00 1.564666041800000018e+00 2.829845252000000033e-01 4.153533631999999920e-01 6.899993201999999881e-01 -5.208668545800000382e-01
1.403715325412142992e+09 4.996479577999999866e-01 -1.553526310499999896e+00 1.565462629600000044e+00 2.787026867999999880e-01 4.172234932000000174e-01 6.919731730999999497e-01 -5.190592421109999632e-01
1.403715325462142944e+09 5.089338187999999930e-01 -1.546601103700000035e+00 1.565756515299999929e+00 2.741605196999999938e-01 4.196499596000000110e-01 6.943396304000000185e-01 -5.163549152199999881e-01
1.403715325512143135e+09 5.180434672999999490e-01 -1.539602128799999914e+00 1.565535449400000001e+00 2.699182562999999924e-01 4.219796149999999746e-01 6.963607053000000491e-01 -5.139641111480000024e-01
1.403715325562143087e+09 5.269848994000000397e-01 -1.532713295800000042e+00 1.565581010700000109e+00 2.657207322999999843e-01 4.246319296000000132e-01 6.969257379000000086e-01 -5.132004799570000220e-01
1.403715325612143040e+09 5.351056659999999798e-01 -1.525883995700000106e+00 1.566875056500000030e+00 2.601898449000000224e-01 4.284283808000000082e-01 6.955734638999999664e-01 -5.147114953179999786e-01
1.403715325662142992e+09 5.423296019000000134e-01 -1.518338780199999904e+00 1.567479810800000095e+00 2.548435621999999845e-01 4.321751368000000260e-01 6.939327033000000089e-01 -5.164656941149999847e-01
1.403715325712143183e+09 5.486312119999999792e-01 -1.509838381000000007e+00 1.567759967600000026e+00 2.507212500000000066e-01 4.351236199999999887e-01 6.930453510999999844e-01 -5.171986382580000541e-01
1.403715325762142897e+09 5.535752028999999519e-01 -1.500101636499999946e+00 1.567937249799999933e+00 2.475254292999999883e-01 4.375967955999999770e-01 6.929350693000000394e-01 -5.167989899439999757e-01
1.403715325812143087e+09 5.574413807000000443e-01 -1.488872759900000009e+00 1.568011268600000063e+00 2.464081633000000104e-01 4.387007435999999982e-01 6.937787020000000249e-01 -5.152628331909999693e-01
1.403715325862143040e+09 5.600904935999999612e-01 -1.476715527499999903e+00 1.567668676500000080e+00 2.464703675000000094e-01 4.390903117000000133e-01 6.947251706999999499e-01 -5.136233963749999853e-01
1.403715325912142992e+09 5.616576259000000126e-01 -1.463484210100000071e+00 1.566899274200000081e+00 2.470623301000000049e-01 4.392669161000000155e-01 6.957475697999999653e-01 -5.118008407040000041e-01
1.403715325962142944e+09 5.619848869000000358e-01 -1.449395168299999925e+00 1.565816289000000028e+00 2.480492891999999949e-01 4.390123588000000021e-01 6.971101907000000208e-01 -5.096833144060000098e-01
1.403715326012143135e+09 5.605543321000000523e-01 -1.434563825299999928e+00 1.564344394199999932e+00 2.506445064999999750e-01 4.381793623999999943e-01 6.979109814999999717e-01 -5.080319277189999649e-01
1.403715326062143087e+09 5.574685003999999555e-01 -1.419065382899999950e+00 1.562462904099999994e+00 2.547951855000000210e-01 4.364965046000000015e-01 6.985350082000000294e-01 -5.065560750740000229e-01
1.403715326112143040e+09 5.530903845000000318e-01 -1.403078510899999909e+00 1.559567018899999935e+00 2.603279917999999915e-01 4.340337355000000175e-01 6.994491764000000389e-01 -5.045937997489999827e-01
1.403715326162142992e+09 5.477061832999999824e-01 -1.386978037700000055e+00 1.556455574599999947e+00 2.662959719999999919e-01 4.312333960999999993e-01 7.000762609999999775e-01 -5.030083918209999894e-01
1.403715326212143183e+09 5.416793220000000186e-01 -1.370832965099999967e+00 1.552449307999999917e+00 2.713599809000000196e-01 4.289893869999999998e-01 7.004558934000000292e-01 -5.016905500460000500e-01
1.403715326262142897e+09 5.350459799000000238e-01 -1.355013914399999964e+00 1.547869657499999940e+00 2.765868169999999848e-01 4.265757654999999815e-01 7.002068489999999645e-01 -5.012416757269999579e-01
1.403715326312143087e+09 5.284556252000000010e-01 -1.339359576099999893e+00 1.543324634800000039e+00 2.809504273000000274e-01 4.247134486999999958e-01 6.986186779999999930e-01 -5.026104721049999835e-01
1.403715326362143040e+09 5.217192355999999975e-01 -1.324177438300000009e+00 1.538993209700000087e+00 2.859855495999999997e-01 4.225103563000000007e-01 6.955571030999999627e-01 -5.058632033709999920e-01
1.403715326412142992e+09 5.150919009000000104e-01 -1.309761071000000054e+00 1.535010818099999952e+00 2.901522753999999926e-01 4.208584202000000274e-01 6.915882072000000269e-01 -5.102897206359999771e-01
1.403715326462142944e+09 5.086061261000000000e-01 -1.296018670300000064e+00 1.531119060199999993e+00 2.930322463000000210e-01 4.199704818000000173e-01 6.881734381999999872e-01 -5.139788089719999897e-01
1.403715326512143135e+09 5.031326108000000463e-01 -1.282161891599999937e+00 1.527226731600000109e+00 2.961598270999999949e-01 4.187816065000000143e-01 6.849132190000000175e-01 -5.174989906289999553e-01
1.403715326562143087e+09 4.995978506000000041e-01 -1.267852472199999969e+00 1.522333202600000046e+00 2.985681403000000067e-01 4.181362999000000080e-01 6.824794189999999761e-01 -5.198470380609999664e-01
1.403715326612143040e+09 4.975844400000000167e-01 -1.253160202999999973e+00 1.516992646600000105e+00 3.012773732999999843e-01 4.171259414999999859e-01 6.808098855999999977e-01 -5.212828339430000124e-01
1.403715326662142992e+09 4.971649839000000237e-01 -1.238011459800000047e+00 1.512072197800000017e+00 3.022818025999999825e-01 4.174815932000000007e-01 6.797529288000000447e-01 -5.217957329319999893e-01
1.403715326712143183e+09 4.979625878999999755e-01 -1.222355176400000021e+00 1.506967139699999958e+00 3.027110712000000148e-01 4.183984687000000258e-01 6.795494429999999753e-01 -5.210770415750000106e-01
1.403715326762142897e+09 5.002068478000000207e-01 -1.206581842999999932e+00 1.501339748699999976e+00 3.002463134000000200e-01 4.212349355000000184e-01 6.803801468000000296e-01 -5.191301727139999711e-01
1.403715326812143087e+09 5.038379766999999676e-01 -1.190370511300000045e+00 1.495686573700000022e+00 2.961158123000000031e-01 4.250247339000000069e-01 6.818885947999999697e-01 -5.164274833190000136e-01
1.403715326862143040e+09 5.087229068999999937e-01 -1.173986547199999952e+00 1.489934566899999924e+00 2.917515817999999928e-01 4.292769746999999803e-01 6.832079313000000154e-01 -5.136430823940000279e-01
1.403715326912142992e+09 5.145000788000000380e-01 -1.157099576900000093e+00 1.483974083699999946e+00 2.880454895999999820e-01 4.326726600999999950e-01 6.854054329000000001e-01 -5.099446613550000507e-01
1.403715326962142944e+09 5.208906639000000505e-01 -1.139850808600000098e+00 1.478567229700000096e+00 2.846241353999999779e-01 4.362401361000000088e-01 6.861082873999999610e-01 -5.078770158319999561e-01
1.403715327012143135e+09 5.272960361999999845e-01 -1.122360963400000022e+00 1.473527593200000041e+00 2.808173428999999888e-01 4.398294564999999934e-01 6.861770592999999474e-01 -5.068063856019999758e-01
1.403715327062143087e+09 5.334970426999999793e-01 -1.104375636299999908e+00 1.469117224799999954e+00 2.774675515000000203e-01 4.429292570000000206e-01 6.858189385999999832e-01 -5.064363875259999537e-01
1.403715327112143040e+09 5.390919258999999908e-01 -1.085750552599999974e+00 1.464728837200000022e+00 2.745203458000000096e-01 4.457589209000000219e-01 6.857876441000000378e-01 -5.056014946450000380e-01
1.403715327162142992e+09 5.441398023000000306e-01 -1.066378296699999950e+00 1.460194282500000051e+00 2.720390060999999804e-01 4.479411989000000038e-01 6.863459587000000361e-01 -5.042545849870000430e-01
1.403715327212143183e+09 5.484487433000000411e-01 -1.046337622800000089e+00 1.455483808799999945e+00 2.695170919000000054e-01 4.501850647999999788e-01 6.867945456999999809e-01 -5.029982073309999802e-01
1.403715327262142897e+09 5.518551095000000517e-01 -1.025357166600000092e+00 1.451387811800000094e+00 2.673389977000000250e-01 4.524039148999999815e-01 6.871554740999999966e-01 -5.016751065640000506e-01
1.403715327312143087e+09 5.539943586000000142e-01 -1.003877868800000073e+00 1.448196159399999905e+00 2.653522198000000110e-01 4.545052896999999814e-01 6.870855718999999695e-01 -5.009257010290000256e-01
1.403715327362143040e+09 5.546965454000000184e-01 -9.817550403999999453e-01 1.445152608299999919e+00 2.636078756999999939e-01 4.564746928000000259e-01 6.870934572000000351e-01 -5.000443218529999623e-01
1.403715327412142992e+09 5.540812958999999926e-01 -9.588594093000000207e-01 1.441854989399999898e+00 2.621244748000000069e-01 4.584674515000000117e-01 6.867426783000000201e-01 -4.994825817110000177e-01
1.403715327462142944e+09 5.521475235999999676e-01 -9.353347746000000296e-01 1.438413630000000110e+00 2.616135889999999797e-01 4.584584258000000134e-01 6.875015311000000073e-01 -4.987141933470000121e-01
1.403715327512143135e+09 5.489309682999999884e-01 -9.109501382000000369e-01 1.435264134000000080e+00 2.605012157000000106e-01 4.577275256000000181e-01 6.882492194999999535e-01 -4.989365098019999945e-01
1.403715327562143087e+09 5.441406627999999523e-01 -8.853870430000000402e-01 1.431769717399999919e+00 2.614400850999999970e-01 4.542133434000000247e-01 6.906850078999999809e-01 -4.982906183940000178e-01
1.403715327612143040e+09 5.377113575999999950e-01 -8.593885033000000506e-01 1.428109300600000076e+00 2.629288296999999774e-01 4.491693876999999779e-01 6.939183433000000178e-01 -4.975868009569999750e-01
1.403715327662142992e+09 5.303067658000000240e-01 -8.332508087000000119e-01 1.424384234299999941e+00 2.632908332000000184e-01 4.434382612000000168e-01 6.975903789999999827e-01 -4.974013559279999996e-01
1.403715327712143183e+09 5.219197012999999830e-01 -8.069933675999999556e-01 1.420652542600000068e+00 2.631652939999999941e-01 4.364818824999999736e-01 7.018055142000000357e-01 -4.976912843940000108e-01
1.403715327762142897e+09 5.128617353000000101e-01 -7.810820163999999677e-01 1.417207787299999966e+00 2.610381714000000186e-01 4.293093188000000060e-01 7.059444432999999464e-01 -4.991943757449999741e-01
1.403715327812143087e+09 5.030649324000000533e-01 -7.552542588999999751e-01 1.413268135900000111e+00 2.580844875000000149e-01 4.214866210000000057e-01 7.108122739000000134e-01 -5.004870996110000192e-01
1.403715327862143040e+09 4.926957849999999972e-01 -7.298457404000000537e-01 1.409157580600000070e+00 2.538577618000000258e-01 4.132333431999999918e-01 7.155208291000000331e-01 -5.028164515299999859e-01
1.403715327912142992e+09 4.816735842000000045e-01 -7.051123276999999856e-01 1.404846775200000009e+00 2.502178254999999907e-01 4.040172152000000017e-01 7.198332728999999874e-01 -5.059656005220000141e-01
1.403715327962142944e+09 4.698021935999999732e-01 -6.808534237000000156e-01 1.400244927499999958e+00 2.471475885999999955e-01 3.943788049999999989e-01 7.237873865999999712e-01 -5.094263898130000356e-01
1.403715328012143135e+09 4.571595527999999797e-01 -6.568169538000000474e-01 1.395780747100000108e+00 2.456563901000000105e-01 3.852811542999999839e-01 7.268214753999999722e-01 -5.127786199649999599e-01
1.403715328062143087e+09 4.439343452000000245e-01 -6.329719133000000220e-01 1.391454117499999921e+00 2.441589912999999890e-01 3.780840266000000116e-01 7.288792388000000511e-01 -5.159204503030000444e-01
1.403715328112143040e+09 4.299820800999999970e-01 -6.095998331999999964e-01 1.387608213999999895e+00 2.442656857000000126e-01 3.715469385999999874e-01 7.296764902000000275e-01 -5.194799003540000459e-01
1.403715328162142992e+09 4.158234022999999779e-01 -5.866813334999999574e-01 1.384539283799999909e+00 2.453408024000000021e-01 3.661480764999999749e-01 7.297787854999999713e-01 -5.226532320690000510e-01
1.403715328212143183e+09 4.017768420999999757e-01 -5.642291525999999502e-01 1.382102393100000048e+00 2.478764863000000040e-01 3.613725930000000197e-01 7.290405620000000031e-01 -5.258012509530000100e-01
1.403715328262142897e+09 3.885263142000000003e-01 -5.419999465999999488e-01 1.380160831800000043e+00 2.502645969000000248e-01 3.579931896999999918e-01 7.276771572000000354e-01 -5.288614776359999992e-01
1.403715328312143087e+09 3.761007069999999786e-01 -5.197589125999999560e-01 1.378328749300000045e+00 2.534740400000000116e-01 3.555104957999999926e-01 7.262533321999999902e-01 -5.309607292050000371e-01
1.403715328362143040e+09 3.647408171000000032e-01 -4.977851454000000175e-01 1.376500967099999917e+00 2.567900316000000238e-01 3.543763127999999818e-01 7.249835970000000351e-01 -5.318600310369999695e-01
1.403715328412142992e+09 3.548894516000000166e-01 -4.759063982999999776e-01 1.375011867100000007e+00 2.599552231999999741e-01 3.541390911999999780e-01 7.236195520000000547e-01 -5.323377968660000237e-01
1.403715328462142944e+09 3.467840510999999903e-01 -4.541440528999999837e-01 1.373520528600000068e+00 2.625146420000000202e-01 3.547609905999999924e-01 7.228556039000000322e-01 -5.317052550259999677e-01
1.403715328512143135e+09 3.403007120000000052e-01 -4.327329533000000006e-01 1.372044688699999959e+00 2.641420049000000048e-01 3.562597766999999749e-01 7.223755546000000249e-01 -5.305483303550000418e-01
1.403715328562143087e+09 3.355722763999999803e-01 -4.115210762000000022e-01 1.370044052099999909e+00 2.642519494000000191e-01 3.585924301000000258e-01 7.234881645999999833e-01 -5.273966743169999916e-01
1.403715328612143040e+09 3.325317494999999735e-01 -3.908059952999999864e-01 1.367539404700000016e+00 2.631137010999999859e-01 3.598998024000000240e-01 7.262809962999999813e-01 -5.232200559220000491e-01
1.403715328662142992e+09 3.309774461000000167e-01 -3.709390397999999811e-01 1.365075649300000027e+00 2.607390492000000171e-01 3.604134211999999726e-01 7.299435119999999610e-01 -5.189410209620000103e-01
1.403715328712143183e+09 3.307758097999999869e-01 -3.522100488000000085e-01 1.363025351699999943e+00 2.576570262999999805e-01 3.594966352999999781e-01 7.327777277999999450e-01 -5.171187751110000175e-01
1.403715328762142897e+09 3.320212773999999811e-01 -3.348947789000000230e-01 1.360755318400000080e+00 2.518821535999999917e-01 3.578812108000000158e-01 7.364903821999999600e-01 -5.158084300949999923e-01
1.403715328812143087e+09 3.344257460000000237e-01 -3.189590854000000086e-01 1.358579560599999958e+00 2.456222554999999974e-01 3.537689574999999809e-01 7.400122329999999637e-01 -5.166228094920000125e-01
1.403715328862143040e+09 3.376698788999999978e-01 -3.044253008999999732e-01 1.356650545199999947e+00 2.385812505999999888e-01 3.477250649999999998e-01 7.431598550000000358e-01 -5.194994667540000499e-01
1.403715328912142992e+09 3.414692606999999991e-01 -2.911061320000000174e-01 1.354629361600000026e+00 2.306918793999999939e-01 3.397723100999999746e-01 7.468171689000000502e-01 -5.230680169400000468e-01
1.403715328962142944e+09 3.462205628000000202e-01 -2.787490619999999919e-01 1.352497351300000039e+00 2.223877770000000087e-01 3.295629983999999735e-01 7.508965927999999845e-01 -5.273388034420000148e-01
1.403715329012143135e+09 3.516202972999999954e-01 -2.673239778000000011e-01 1.350462396399999987e+00 2.132236989000000082e-01 3.178964920999999832e-01 7.550359648000000146e-01 -5.323515439470000166e-01
1.403715329062143087e+09 3.578013420999999750e-01 -2.564373502999999777e-01 1.347956117500000106e+00 2.031883861999999874e-01 3.055084021999999733e-01 7.598044229999999510e-01 -5.367274304489999537e-01
1.403715329112143040e+09 3.643914142999999939e-01 -2.462934522999999931e-01 1.345595076599999995e+00 1.916784884999999938e-01 2.929004834999999751e-01 7.641459833999999507e-01 -5.418021593580000239e-01
1.403715329162142992e+09 3.710248765999999976e-01 -2.368102133999999970e-01 1.342702663300000099e+00 1.803085017999999928e-01 2.795203191000000253e-01 7.690804836000000311e-01 -5.457769188750000167e-01
1.403715329212143183e+09 3.775608972000000230e-01 -2.277216724999999997e-01 1.339078431799999969e+00 1.696962294000000093e-01 2.661252191999999850e-01 7.740938362000000517e-01 -5.487798194759999637e-01
1.403715329262142897e+09 3.839444575000000026e-01 -2.189259885000000017e-01 1.334956229699999941e+00 1.598025507999999983e-01 2.534782407000000237e-01 7.790945092000000072e-01 -5.506574906469999808e-01
1.403715329312143087e+09 3.897761008000000249e-01 -2.106242177000000049e-01 1.331034542300000068e+00 1.510698386999999865e-01 2.427164076999999975e-01 7.828279597999999728e-01 -5.526726288279999455e-01
1.403715329362143040e+09 3.952682593999999883e-01 -2.027265370999999927e-01 1.326665143200000063e+00 1.435392674000000035e-01 2.339285510999999929e-01 7.858512247000000173e-01 -5.541766544430000163e-01
1.403715329412142992e+09 4.005018747999999906e-01 -1.951206289000000094e-01 1.321208468000000025e+00 1.372451795000000085e-01 2.266476973999999867e-01 7.877880040000000417e-01 -5.560437417689999551e-01
1.403715329462142944e+09 4.053577991999999797e-01 -1.877049145999999946e-01 1.314441237200000057e+00 1.320176587999999929e-01 2.208634909999999951e-01 7.900206260000000036e-01 -5.564692862529999617e-01
1.403715329512143135e+09 4.097748213999999889e-01 -1.808818691000000090e-01 1.307798691299999927e+00 1.286740923999999953e-01 2.158855997999999943e-01 7.915906713999999456e-01 -5.569745009709999861e-01
1.403715329562143087e+09 4.140099677999999894e-01 -1.745785770999999931e-01 1.300920753600000035e+00 1.248763387000000058e-01 2.126449216999999892e-01 7.933084921999999928e-01 -5.566414227320000130e-01
1.403715329612143040e+09 4.178206130000000074e-01 -1.684468041000000138e-01 1.294658855200000014e+00 1.232577769999999989e-01 2.095695971000000046e-01 7.948138852999999671e-01 -5.560206760279999827e-01
1.403715329662142992e+09 4.208884674000000214e-01 -1.630799340999999902e-01 1.289352995300000027e+00 1.222863121999999969e-01 2.077027721999999965e-01 7.950677240000000312e-01 -5.565724844820000294e-01
1.403715329712143183e+09 4.235918274000000094e-01 -1.583750543000000122e-01 1.283705768499999955e+00 1.223245079000000041e-01 2.063219101000000055e-01 7.946188081999999708e-01 -5.577176111939999847e-01
1.403715329762142897e+09 4.265148463999999806e-01 -1.539925127000000005e-01 1.277247840000000023e+00 1.221163356000000005e-01 2.059578240999999921e-01 7.936203906000000030e-01 -5.593171290370000381e-01
1.403715329812143087e+09 4.292804956999999866e-01 -1.500171231999999910e-01 1.269915281500000104e+00 1.220481355000000018e-01 2.058647583000000059e-01 7.927873172999999607e-01 -5.605463615350000373e-01
1.403715329862143040e+09 4.320532409000000240e-01 -1.464344133000000103e-01 1.262039856099999913e+00 1.217577452999999976e-01 2.064680002000000014e-01 7.922888728000000436e-01 -5.610921121730000349e-01
1.403715329912142992e+09 4.344218885000000197e-01 -1.434683442999999947e-01 1.253612209099999930e+00 1.221681986999999942e-01 2.069672613000000105e-01 7.916517721000000396e-01 -5.617178612559999840e-01
1.403715329962142944e+09 4.366259787999999809e-01 -1.409841186000000135e-01 1.245017336499999905e+00 1.217738037000000023e-01 2.076664289000000052e-01 7.913868689999999928e-01 -5.619186939829999838e-01
1.403715330012143135e+09 4.391119646000000154e-01 -1.384545527000000109e-01 1.235759068699999963e+00 1.202511332999999932e-01 2.074810913000000034e-01 7.911533495000000471e-01 -5.626434388350000093e-01
1.403715330062143087e+09 4.418105491000000051e-01 -1.361314651999999958e-01 1.225767245999999977e+00 1.181309848999999995e-01 2.064060108000000116e-01 7.909123124000000393e-01 -5.638256319809999972e-01
1.403715330112143040e+09 4.443422401000000077e-01 -1.334962791000000037e-01 1.214342027300000071e+00 1.164711479000000022e-01 2.049755534999999906e-01 7.916968578999999950e-01 -5.635916778420000384e-01
1.403715330162142992e+09 4.463368567000000064e-01 -1.308628550000000001e-01 1.202192339900000073e+00 1.166857183000000048e-01 2.022922832999999865e-01 7.929517492000000001e-01 -5.627519869089999682e-01
1.403715330212143183e+09 4.479565153999999771e-01 -1.285746380999999994e-01 1.190502752300000022e+00 1.171275900999999980e-01 1.999570763999999889e-01 7.946407290000000456e-01 -5.611099777039999514e-01
1.403715330262142897e+09 4.493641737999999886e-01 -1.269892216000000074e-01 1.179242837599999927e+00 1.174645569999999972e-01 1.984058863000000006e-01 7.966890908000000548e-01 -5.586802973729999566e-01
1.403715330312143087e+09 4.505610058000000251e-01 -1.257689855999999939e-01 1.168703058900000036e+00 1.182666346999999979e-01 1.970638365000000058e-01 7.981942300000000046e-01 -5.568346421859999840e-01
1.403715330362143040e+09 4.517260915999999904e-01 -1.251041079999999917e-01 1.158635110799999923e+00 1.186400321999999952e-01 1.965604797999999931e-01 7.993218846999999849e-01 -5.553134656549999493e-01
1.403715330412142992e+09 4.528917805000000074e-01 -1.252555663000000097e-01 1.149720068499999970e+00 1.180938069999999951e-01 1.966819491000000031e-01 7.994403754000000140e-01 -5.552163090339999885e-01
1.403715330462142944e+09 4.540344346999999892e-01 -1.256600576000000136e-01 1.143330550499999987e+00 1.173648776999999949e-01 1.970365037000000041e-01 7.984857279000000529e-01 -5.566171431799999958e-01
1.403715330512143135e+09 4.549160871999999856e-01 -1.264295357000000120e-01 1.139449903800000108e+00 1.158843340999999999e-01 1.980657057000000110e-01 7.978801292999999628e-01 -5.574299027869999978e-01
1.403715330562143087e+09 4.552739653999999803e-01 -1.278798157000000102e-01 1.138394010200000084e+00 1.161759472999999987e-01 1.977206334999999926e-01 7.977771235999999710e-01 -5.576390959929999891e-01
1.403715330612143040e+09 4.552724029999999922e-01 -1.300509039999999950e-01 1.141099829200000082e+00 1.155301682000000052e-01 1.984201945000000078e-01 7.962054551999999674e-01 -5.597669870529999869e-01
1.403715330662142992e+09 4.552239227000000055e-01 -1.322546531000000081e-01 1.147574410300000070e+00 1.142456884000000034e-01 1.998501652999999934e-01 7.932571950000000260e-01 -5.636939388670000328e-01
1.403715330712143183e+09 4.553557203999999969e-01 -1.340534385000000106e-01 1.156650517000000100e+00 1.116762698999999998e-01 2.017502790000000046e-01 7.906620870999999662e-01 -5.671672590330000263e-01
1.403715330762142897e+09 4.556796076999999889e-01 -1.355990746000000080e-01 1.166965355999999954e+00 1.065203173999999947e-01 2.036816005000000041e-01 7.888938601999999634e-01 -5.699242974760000413e-01
1.403715330812143087e+09 4.562927951999999898e-01 -1.367561542000000074e-01 1.177419641199999978e+00 9.978061330000000118e-02 2.039713444000000042e-01 7.880717988000000007e-01 -5.721733652279999971e-01
1.403715330862143040e+09 4.569582896000000116e-01 -1.372045369999999875e-01 1.187362955100000006e+00 9.419322970000000572e-02 2.008628597000000071e-01 7.889754760999999617e-01 -5.729742098060000011e-01
1.403715330912142992e+09 4.576192343000000107e-01 -1.372679068000000058e-01 1.196633797799999899e+00 8.673987969999999437e-02 1.962577634000000071e-01 7.903826658000000505e-01 -5.738068710010000295e-01
1.403715330962142944e+09 4.576892032000000055e-01 -1.371128752999999922e-01 1.205702704999999986e+00 7.904396180000000660e-02 1.896543556999999991e-01 7.917177012999999652e-01 -5.752967572520000239e-01
1.403715331012143135e+09 4.571274329000000192e-01 -1.361121187999999871e-01 1.214749586399999970e+00 7.063555620000000479e-02 1.816393713999999993e-01 7.935408309999999465e-01 -5.764639680149999945e-01
1.403715331062143087e+09 4.557655856999999755e-01 -1.340760008999999919e-01 1.224146719499999980e+00 6.099828840000000307e-02 1.730257336999999895e-01 7.956797561999999768e-01 -5.772651296120000497e-01
1.403715331112143040e+09 4.531348709999999946e-01 -1.310465094999999913e-01 1.234366211500000032e+00 5.238022440000000141e-02 1.628376186999999919e-01 7.980931091999999838e-01 -5.777435513469999506e-01
1.403715331162142992e+09 4.488756289999999982e-01 -1.273548612000000024e-01 1.245254551399999965e+00 4.628823740000000131e-02 1.504852591999999989e-01 8.017895887000000554e-01 -5.764937478049999564e-01
1.403715331212143183e+09 4.426959790000000172e-01 -1.234299772999999933e-01 1.257497485600000076e+00 4.143111070000000257e-02 1.388021610000000072e-01 8.045016449999999875e-01 -5.760160816349999546e-01
1.403715331262142897e+09 4.347705025999999973e-01 -1.192176501000000027e-01 1.270932033400000050e+00 3.862857010000000230e-02 1.276250190000000062e-01 8.067951389999999945e-01 -5.755877793300000489e-01
1.403715331312143087e+09 4.253643270999999948e-01 -1.146707745000000028e-01 1.285409889899999936e+00 3.825116280000000202e-02 1.168220130999999967e-01 8.091583641999999799e-01 -5.745887289840000411e-01
1.403715331362143040e+09 4.148562962999999826e-01 -1.101823100999999999e-01 1.301567591400000001e+00 3.933647629999999923e-02 1.068009919000000030e-01 8.109129924000000322e-01 -5.739915578299999988e-01
1.403715331412142992e+09 4.034500469999999783e-01 -1.057079568000000025e-01 1.319380286099999910e+00 3.953444019999999975e-02 9.931810829999999923e-02 8.120665766000000341e-01 -5.736905232819999867e-01
1.403715331462142944e+09 3.915254676000000100e-01 -1.014441727000000015e-01 1.338136771600000108e+00 3.851304529999999976e-02 9.454898019999999348e-02 8.123033732000000118e-01 -5.742303245500000042e-01
1.403715331512143135e+09 3.792777612000000076e-01 -9.739750090000000304e-02 1.357023098200000000e+00 3.781412480000000131e-02 9.041970579999999980e-02 8.128241239000000284e-01 -5.742049394120000150e-01
1.403715331562143087e+09 3.668272182999999798e-01 -9.354101110000000163e-02 1.375937033800000098e+00 3.651937069999999785e-02 8.751301159999999579e-02 8.127051647999999906e-01 -5.749070563760000363e-01
1.403715331612143040e+09 3.542489824000000231e-01 -8.970308640000000666e-02 1.394014152500000048e+00 3.443102919999999761e-02 8.608753880000000192e-02 8.131111525999999978e-01 -5.746770339990000531e-01
1.403715331662142992e+09 3.412197834999999846e-01 -8.600518699999999683e-02 1.411626099100000031e+00 3.447240210000000055e-02 8.421962739999999670e-02 8.127575997000000552e-01 -5.754509466199999590e-01
1.403715331712143183e+09 3.277662849999999906e-01 -8.242531390000000513e-02 1.428421586100000029e+00 3.720664500000000346e-02 8.165857360000000620e-02 8.122740084999999777e-01 -5.763319165069999972e-01
1.403715331762142897e+09 3.142415882999999854e-01 -7.902743339999999950e-02 1.444354383200000091e+00 4.030529620000000007e-02 7.952306770000000524e-02 8.124862823999999817e-01 -5.761229085460000121e-01
1.403715331812143087e+09 3.007186615999999924e-01 -7.574009249999999471e-02 1.459357444799999959e+00 4.250796369999999824e-02 7.889669059999999956e-02 8.122456496000000081e-01 -5.763899633650000354e-01
1.403715331862143040e+09 2.875728368000000090e-01 -7.273711780000000071e-02 1.473897415599999983e+00 4.322085629999999901e-02 7.976129460000000448e-02 8.117847091000000015e-01 -5.768671246990000334e-01
1.403715331912142992e+09 2.747037122000000053e-01 -6.980619799999999986e-02 1.487012379100000059e+00 4.428159770000000134e-02 8.095395580000000479e-02 8.118432515000000294e-01 -5.765380578209999829e-01
1.403715331962142944e+09 2.623964577999999825e-01 -6.684085709999999791e-02 1.498018324500000054e+00 4.300499490000000286e-02 8.360106159999999842e-02 8.131740474999999968e-01 -5.743774033249999800e-01
1.403715332012143135e+09 2.506193790999999838e-01 -6.422267689999999751e-02 1.506370848600000034e+00 4.098923819999999996e-02 8.744927800000000528e-02 8.135948316000000125e-01 -5.733550001420000264e-01
1.403715332062143087e+09 2.386856591000000027e-01 -6.187374670000000271e-02 1.511316503300000003e+00 4.109654079999999765e-02 9.066019170000000349e-02 8.148842143000000204e-01 -5.710127154290000062e-01
1.403715332112143040e+09 2.267063699999999904e-01 -5.990971369999999879e-02 1.513357130599999989e+00 4.178917129999999702e-02 9.359875630000000224e-02 8.160918025000000187e-01 -5.687592706209999571e-01
1.403715332162142992e+09 2.148845057000000058e-01 -5.850665759999999771e-02 1.513873236200000028e+00 3.955948869999999923e-02 9.873708920000000278e-02 8.171648019999999679e-01 -5.665048282810000169e-01
1.403715332212143183e+09 2.030614688999999862e-01 -5.831601859999999832e-02 1.514303073200000016e+00 3.497319790000000261e-02 1.044155974999999986e-01 8.173287498000000317e-01 -5.655510349779999668e-01
1.403715332262142897e+09 1.911257742999999953e-01 -5.892061230000000122e-02 1.515604205700000096e+00 2.979488619999999879e-02 1.088747407000000000e-01 8.162695375999999836e-01 -5.665356101149999768e-01
1.403715332312143087e+09 1.786460329000000014e-01 -5.986583580000000293e-02 1.517445061100000103e+00 2.541847549999999914e-02 1.115959702000000053e-01 8.150325265000000208e-01 -5.679984342180000034e-01
1.403715332362143040e+09 1.654798678000000134e-01 -6.097581610000000346e-02 1.519285820699999956e+00 2.163002459999999877e-02 1.119735864999999997e-01 8.153602236000000447e-01 -5.676105739740000544e-01
1.403715332412142992e+09 1.512703153000000134e-01 -6.246489920000000001e-02 1.521099427800000070e+00 1.951513230000000154e-02 1.101364789999999955e-01 8.163322298999999838e-01 -5.666487502020000067e-01
1.403715332462142944e+09 1.357046056000000001e-01 -6.470564169999999671e-02 1.523182961600000107e+00 1.891262750000000104e-02 1.074741906999999996e-01 8.179618159999999527e-01 -5.648274766980000416e-01
1.403715332512143135e+09 1.190948582000000006e-01 -6.778279369999999637e-02 1.525489060199999969e+00 1.730901959999999948e-02 1.053065239000000042e-01 8.199085960999999978e-01 -5.624596233959999747e-01
1.403715332562143087e+09 1.013875154000000028e-01 -7.212991589999999398e-02 1.527212313599999982e+00 1.749241039999999831e-02 1.026495037999999999e-01 8.215631711999999975e-01 -5.605274753719999836e-01
1.403715332612143040e+09 8.255826219999999604e-02 -7.796403970000000128e-02 1.529558692199999959e+00 1.714619729999999898e-02 1.009062057999999956e-01 8.215098215999999676e-01 -5.609327576729999931e-01
1.403715332662142992e+09 6.268317969999999406e-02 -8.496793989999999741e-02 1.532570862800000100e+00 1.673918679999999992e-02 9.935848749999999507e-02 8.207007082999999703e-01 -5.624038033460000419e-01
1.403715332712143183e+09 4.149443220000000043e-02 -9.274402950000000534e-02 1.535903305599999991e+00 1.677610490000000162e-02 9.721755869999999800e-02 8.197337985000000549e-01 -5.641841970380000459e-01
1.403715332762142897e+09 1.934228019999999909e-02 -1.012723038999999992e-01 1.539171496500000069e+00 1.686502280000000062e-02 9.458875790000000061e-02 8.198706142999999669e-01 -5.644295471010000176e-01
1.403715332812143087e+09 -3.601984600000000120e-03 -1.109367101999999966e-01 1.542363939699999964e+00 1.752740820000000047e-02 9.070457110000000600e-02 8.198657051000000084e-01 -5.650537110690000420e-01
1.403715332862143040e+09 -2.723870899999999984e-02 -1.218956560999999994e-01 1.545342712300000088e+00 1.793433939999999893e-02 8.607750090000000631e-02 8.201563981999999697e-01 -5.653428214679999675e-01
1.403715332912142992e+09 -5.111310609999999977e-02 -1.341395103999999949e-01 1.549522650399999923e+00 1.748330299999999865e-02 8.118660530000000597e-02 8.165525286000000493e-01 -5.712661702619999948e-01
1.403715332962142944e+09 -7.542203379999999624e-02 -1.472670202999999955e-01 1.554624567400000101e+00 1.670019810000000077e-02 7.566409109999999716e-02 8.104705776999999722e-01 -5.806319758050000335e-01
1.403715333012143135e+09 -9.981525380000000336e-02 -1.601747173999999996e-01 1.560326307900000042e+00 1.498317099999999999e-02 6.979089989999999466e-02 8.039838400000000052e-01 -5.903513528839999802e-01
1.403715333062143087e+09 -1.246568708999999942e-01 -1.722551720000000119e-01 1.565446966399999917e+00 1.269904110000000079e-02 6.449751970000000556e-02 7.984722449000000166e-01 -5.984320164980000412e-01
1.403715333112143040e+09 -1.499146786999999981e-01 -1.828224763999999891e-01 1.569414306200000109e+00 1.115910080000000019e-02 5.992163810000000063e-02 7.944358622999999620e-01 -6.042818319789999837e-01
1.403715333162142992e+09 -1.753056316000000114e-01 -1.921135224999999946e-01 1.572255554400000088e+00 1.039572849999999965e-02 5.576251620000000075e-02 7.918995009000000529e-01 -6.080112260960000015e-01
1.403715333212143183e+09 -2.008366736999999957e-01 -1.996086118000000020e-01 1.573646791700000103e+00 9.914317699999999553e-03 5.259663910000000192e-02 7.907991409000000305e-01 -6.097311035189999506e-01
1.403715333262142897e+09 -2.262659468999999868e-01 -2.051175862999999877e-01 1.573651522100000033e+00 9.261283299999999163e-03 5.021371530000000305e-02 7.916850220000000160e-01 -6.087919492019999712e-01
1.403715333312143087e+09 -2.515954429999999742e-01 -2.090639199999999864e-01 1.572588118499999910e+00 8.435230300000000694e-03 4.848431140000000056e-02 7.937412445000000538e-01 -6.062614577489999768e-01
1.403715333362143040e+09 -2.768624679000000199e-01 -2.116066000000000058e-01 1.570602836399999980e+00 8.667570100000000777e-03 4.692927780000000215e-02 7.961895032000000372e-01 -6.031623257010000350e-01
1.403715333412142992e+09 -3.017422324999999850e-01 -2.126089918000000079e-01 1.567972780000000066e+00 8.636647600000000105e-03 4.589357940000000219e-02 7.988729473000000247e-01 -5.996842516789999689e-01
1.403715333462142944e+09 -3.263046425000000195e-01 -2.121488064000000007e-01 1.564938126499999971e+00 8.460895799999999800e-03 4.537532579999999788e-02 8.009384753999999607e-01 -5.969648663159999868e-01
1.403715333512143135e+09 -3.506274055999999972e-01 -2.105073151000000087e-01 1.562086078599999928e+00 8.111447900000000669e-03 4.549668560000000306e-02 8.015761133000000038e-01 -5.961040099109999879e-01
1.403715333562143087e+09 -3.748115719999999818e-01 -2.081141240999999920e-01 1.559267131099999926e+00 7.296080600000000131e-03 4.603753239999999747e-02 8.012875889999999668e-01 -5.964608223459999525e-01
1.403715333612143040e+09 -3.988750118000000122e-01 -2.048999112000000067e-01 1.555887370800000058e+00 7.517245100000000124e-03 4.582386549999999809e-02 8.005957267000000099e-01 -5.974028346120000554e-01
1.403715333662142992e+09 -4.226517971000000040e-01 -2.004593299999999911e-01 1.551545196800000026e+00 6.913031299999999706e-03 4.584537479999999804e-02 8.022052804999999509e-01 -5.952454111830000061e-01
1.403715333712143183e+09 -4.462397840999999810e-01 -1.948080353999999959e-01 1.546535642899999896e+00 6.196901700000000124e-03 4.585871620000000343e-02 8.053349193000000072e-01 -5.910112048540000496e-01
1.403715333762142897e+09 -4.697415724999999820e-01 -1.882810487000000088e-01 1.541096941099999951e+00 5.298525299999999778e-03 4.607824409999999871e-02 8.099446484000000224e-01 -5.846694686779999595e-01
1.403715333812143087e+09 -4.930510567999999982e-01 -1.811687895000000104e-01 1.535810242499999978e+00 3.821924899999999854e-03 4.564892589999999806e-02 8.141706591999999798e-01 -5.788157791460000201e-01
1.403715333862143040e+09 -5.161460450999999505e-01 -1.738347795999999890e-01 1.531152562599999989e+00 1.394943899999999924e-03 4.368536459999999844e-02 8.174846563000000010e-01 -5.742895435499999479e-01
1.403715333912142992e+09 -5.392223848999999625e-01 -1.667833110999999979e-01 1.527339321599999966e+00 1.596707400000000080e-03 -4.082999119999999871e-02 -8.198603500000000155e-01 5.711036411100000043e-01
1.403715333962142944e+09 -5.621820436000000143e-01 -1.604664219999999974e-01 1.524593107500000100e+00 3.976396000000000097e-03 -3.626469859999999906e-02 -8.210478191000000203e-01 5.696924947939999706e-01
1.403715334012143135e+09 -5.848937245999999979e-01 -1.548004239999999920e-01 1.523001161799999892e+00 8.140430699999999520e-03 -3.175968509999999717e-02 -8.214010702999999802e-01 5.694078832450000238e-01
1.403715334062143087e+09 -6.073884721000000209e-01 -1.501081152000000030e-01 1.522093141500000080e+00 1.291881060000000039e-02 -2.708380130000000163e-02 -8.219212501999999532e-01 5.688101884080000170e-01
1.403715334112143040e+09 -6.300838822000000006e-01 -1.460593313000000115e-01 1.521946707299999924e+00 1.720548499999999953e-02 -2.270314660000000151e-02 -8.221885442999999905e-01 5.685020105370000021e-01
1.403715334162142992e+09 -6.531866401999999461e-01 -1.426286865999999987e-01 1.522229914800000028e+00 2.062729849999999851e-02 -1.805706259999999980e-02 -8.227934270000000216e-01 5.676789880849999470e-01
1.403715334212143183e+09 -6.766458445999999904e-01 -1.399135646999999927e-01 1.522955336499999923e+00 2.407937549999999982e-02 -1.458511640000000054e-02 -8.233746326999999976e-01 5.667994992410000377e-01
1.403715334262142897e+09 -7.002660707000000206e-01 -1.379649954000000123e-01 1.523858811700000038e+00 2.679283299999999854e-02 -1.158417450000000064e-02 -8.240534886000000503e-01 5.657594885819999808e-01
1.403715334312143087e+09 -7.242668400999999756e-01 -1.368320484999999975e-01 1.524897670100000102e+00 2.877797329999999890e-02 -8.932209499999999719e-03 -8.239904646000000277e-01 5.658018717880000104e-01
1.403715334362143040e+09 -7.486070364000000366e-01 -1.363811223999999989e-01 1.525728606599999981e+00 3.015937499999999868e-02 -6.539662299999999574e-03 -8.242422161000000358e-01 5.653958030290000547e-01
1.403715334412142992e+09 -7.732853507000000404e-01 -1.370240513000000049e-01 1.526565702000000080e+00 3.100425039999999896e-02 -4.728606899999999655e-03 -8.241286650000000380e-01 5.655336597400000276e-01
1.403715334462142944e+09 -7.979651150000000026e-01 -1.385286018000000119e-01 1.527685781199999981e+00 3.209510050000000114e-02 -3.397848800000000027e-03 -8.240173564999999645e-01 5.656445486419999780e-01
1.403715334512143135e+09 -8.228524775000000124e-01 -1.407494176000000097e-01 1.528769214300000012e+00 3.256033020000000111e-02 -2.379477799999999907e-03 -8.237457880999999871e-01 5.660185858289999983e-01
1.403715334562143087e+09 -8.480444460999999601e-01 -1.436073133000000113e-01 1.529937432000000097e+00 3.259126670000000309e-02 -1.153406500000000003e-03 -8.229313434999999677e-01 5.672040928270000171e-01
1.403715334612143040e+09 -8.732672836000000549e-01 -1.468257446000000022e-01 1.530541839699999906e+00 3.191124089999999858e-02 7.679978999999999539e-04 -8.227902469000000218e-01 5.674480526370000444e-01
1.403715334662142992e+09 -8.986272470999999706e-01 -1.504574332999999986e-01 1.530720722599999917e+00 3.030559570000000008e-02 2.775927399999999785e-03 -8.228532446999999861e-01 5.674384572580000174e-01
1.403715334712143183e+09 -9.238865573000000220e-01 -1.546261537999999991e-01 1.530906273600000089e+00 2.965211270000000024e-02 3.585176099999999848e-03 -8.225022596000000075e-01 5.679770521350000489e-01
1.403715334762142897e+09 -9.489624522999999812e-01 -1.594249888000000004e-01 1.530863337099999999e+00 2.885749840000000066e-02 4.254240700000000083e-03 -8.222187294999999674e-01 5.684237038099999584e-01
1.403715334812143087e+09 -9.737265721000000207e-01 -1.648006189000000010e-01 1.530800822100000014e+00 2.782609720000000023e-02 4.741958099999999711e-03 -8.223176330999999450e-01 5.683281908259999460e-01
1.403715334862143040e+09 -9.983114288000000114e-01 -1.706840192999999894e-01 1.530567527200000111e+00 2.675845409999999883e-02 5.146250500000000387e-03 -8.220893243000000350e-01 5.687061140260000203e-01
1.403715334912142992e+09 -1.022811818999999955e+00 -1.769925213000000108e-01 1.530209921500000014e+00 2.604152129999999857e-02 5.300375300000000067e-03 -8.220491340000000147e-01 5.687960675109999809e-01
1.403715334962142944e+09 -1.047071352199999916e+00 -1.837397669999999983e-01 1.529407064599999977e+00 2.497888659999999983e-02 5.409196100000000264e-03 -8.225307352999999821e-01 5.681460949779999492e-01
1.403715335012143135e+09 -1.070910584099999951e+00 -1.906786806000000112e-01 1.528682674099999916e+00 2.475946769999999922e-02 5.584928799999999693e-03 -8.224230413999999989e-01 5.683098787910000338e-01
1.403715335062143087e+09 -1.094169300199999917e+00 -1.978666953999999867e-01 1.527697363199999936e+00 2.492953529999999973e-02 6.468259500000000245e-03 -8.228091046000000075e-01 5.677339670059999843e-01
1.403715335112143040e+09 -1.116939502799999984e+00 -2.056140368000000107e-01 1.526826181299999918e+00 2.503145470000000053e-02 7.363958099999999909e-03 -8.230137339999999968e-01 5.674218819040000028e-01
1.403715335162142992e+09 -1.139419327499999968e+00 -2.138567332000000099e-01 1.525845850100000067e+00 2.461768439999999919e-02 8.482204700000000805e-03 -8.230720638999999839e-01 5.673397566079999566e-01
1.403715335212143183e+09 -1.161194474700000034e+00 -2.226002783999999901e-01 1.524876582299999894e+00 2.477412990000000051e-02 8.823433500000000054e-03 -8.233621795000000132e-01 5.669066156590000238e-01
1.403715335262142897e+09 -1.182388483700000048e+00 -2.315254935000000125e-01 1.523732041499999967e+00 2.481531080000000042e-02 1.045832820000000031e-02 -8.235895849000000046e-01 5.665465730269999556e-01
1.403715335312143087e+09 -1.202856092099999996e+00 -2.407271548999999899e-01 1.522656704799999927e+00 2.588667399999999841e-02 1.262701329999999997e-02 -8.236152131999999737e-01 5.664171777330000435e-01
1.403715335362143040e+09 -1.222650328100000072e+00 -2.503554129000000184e-01 1.521760190299999982e+00 2.786785199999999851e-02 1.559981499999999952e-02 -8.234581777999999685e-01 5.664774116870000542e-01
1.403715335412142992e+09 -1.241828965799999906e+00 -2.602790635000000186e-01 1.520820510200000086e+00 3.031205849999999910e-02 1.943412710000000029e-02 -8.231416293000000106e-01 5.666933491660000044e-01
1.403715335462142944e+09 -1.260360342200000039e+00 -2.705538184999999873e-01 1.519645886399999979e+00 3.320372819999999753e-02 2.318486380000000027e-02 -8.230153440999999903e-01 5.665736649899999477e-01
1.403715335512143135e+09 -1.278492230299999921e+00 -2.814904705999999868e-01 1.518663973800000067e+00 3.739936979999999855e-02 2.540212999999999846e-02 -8.230571829999999700e-01 5.661562438860000546e-01
1.403715335562143087e+09 -1.296443692800000047e+00 -2.929417535000000128e-01 1.518050980199999955e+00 4.191248100000000143e-02 2.675500789999999893e-02 -8.226992519000000392e-01 5.662980261529999559e-01
1.403715335612143040e+09 -1.314011033499999925e+00 -3.046535438999999901e-01 1.517194145900000013e+00 4.591227509999999679e-02 2.862061369999999855e-02 -8.225349994999999748e-01 5.661352294589999667e-01
1.403715335662142992e+09 -1.331128797100000094e+00 -3.165752708999999832e-01 1.516345515000000033e+00 5.034154619999999664e-02 3.144465230000000056e-02 -8.222418516999999705e-01 5.660347161269999594e-01
1.403715335712143183e+09 -1.347960030299999890e+00 -3.289252866999999858e-01 1.515112948999999931e+00 5.337186299999999856e-02 3.653744369999999825e-02 -8.223579562999999704e-01 5.652820986890000343e-01
1.403715335762142897e+09 -1.364467464899999927e+00 -3.417610099999999762e-01 1.513947511600000073e+00 5.707574249999999849e-02 4.195349679999999665e-02 -8.218052081000000175e-01 5.653480906719999810e-01
1.403715335812143087e+09 -1.380916296399999910e+00 -3.549824548000000135e-01 1.512328886099999936e+00 6.022673120000000130e-02 4.713709900000000175e-02 -8.213260883999999873e-01 5.653090228089999725e-01
1.403715335862143040e+09 -1.397353877800000088e+00 -3.686963883000000108e-01 1.510653077600000005e+00 6.316888090000000178e-02 5.177176049999999974e-02 -8.207217028000000081e-01 5.654602230559999665e-01
1.403715335912142992e+09 -1.413766126200000084e+00 -3.827003601999999782e-01 1.508802017600000100e+00 6.558905460000000187e-02 5.623357179999999983e-02 -8.202408438999999607e-01 5.654562929759999745e-01
1.403715335962142944e+09 -1.430110856400000019e+00 -3.971300441999999764e-01 1.507489559099999932e+00 6.891694430000000482e-02 5.955363369999999712e-02 -8.186057433000000216e-01 5.670876973689999989e-01
1.403715336012143135e+09 -1.446562349599999964e+00 -4.117941197000000164e-01 1.505964268700000108e+00 7.030187029999999948e-02 6.377041360000000603e-02 -8.169773645000000251e-01 5.688048586859999478e-01
1.403715336062143087e+09 -1.462795491500000100e+00 -4.267277089000000023e-01 1.504893985799999889e+00 7.233996169999999670e-02 6.639238980000000678e-02 -8.147721672000000082e-01 5.714064193579999618e-01
1.403715336112143040e+09 -1.478867075599999970e+00 -4.417430070000000208e-01 1.503867165199999967e+00 7.452416019999999475e-02 6.814700199999999819e-02 -8.124207713000000108e-01 5.742600683020000485e-01
1.403715336162142992e+09 -1.494889252299999916e+00 -4.567213401999999922e-01 1.502488093199999986e+00 7.522054659999999338e-02 7.027736369999999788e-02 -8.099920217999999617e-01 5.773351592300000057e-01
1.403715336212143183e+09 -1.510528708100000062e+00 -4.714611258999999999e-01 1.501242826699999977e+00 7.699677570000000582e-02 7.119085599999999681e-02 -8.078360542000000422e-01 5.800036793709999472e-01
1.403715336262142897e+09 -1.526059573800000013e+00 -4.851792155999999911e-01 1.499395218399999896e+00 7.901087149999999615e-02 7.188990480000000127e-02 -8.074627350999999953e-01 5.801664030240000214e-01
1.403715336312143087e+09 -1.541787523300000018e+00 -4.983085097000000130e-01 1.497108873199999968e+00 7.949266929999999898e-02 7.330585189999999640e-02 -8.086894933999999591e-01 5.782114412790000380e-01
1.403715336362143040e+09 -1.557598083800000088e+00 -5.109314708000000094e-01 1.494611572900000018e+00 8.023121530000000556e-02 7.491995320000000014e-02 -8.108730022000000259e-01 5.748346953449999797e-01
1.403715336412142992e+09 -1.573387361800000050e+00 -5.232913645000000225e-01 1.492458226299999913e+00 7.999444529999999443e-02 7.651597139999999353e-02 -8.127186375999999601e-01 5.720442385689999965e-01
1.403715336462142944e+09 -1.589096051200000081e+00 -5.356099449000000234e-01 1.490801075999999892e+00 7.854351580000000499e-02 7.884329919999999436e-02 -8.141111314000000210e-01 5.699453622850000345e-01
1.403715336512143135e+09 -1.604244105100000040e+00 -5.479309627999999766e-01 1.489585464299999940e+00 7.883969679999999758e-02 7.946531129999999388e-02 -8.151768025000000195e-01 5.682924837580000110e-01
1.403715336562143087e+09 -1.619193178900000030e+00 -5.605280367999999624e-01 1.488884329900000081e+00 7.884532889999999739e-02 7.967261039999999628e-02 -8.154925857999999472e-01 5.678094149739999486e-01
1.403715336612143040e+09 -1.633756180300000027e+00 -5.732075495999999770e-01 1.488430433500000039e+00 7.940951240000000688e-02 7.944361569999999761e-02 -8.155173404000000126e-01 5.677273190580000017e-01
1.403715336662142992e+09 -1.648058212700000080e+00 -5.860634622000000515e-01 1.487853654600000075e+00 7.913254429999999617e-02 7.936517939999999938e-02 -8.157968933000000478e-01 5.673752176540000081e-01
1.403715336712143183e+09 -1.662012476899999980e+00 -5.989206623999999701e-01 1.487366643299999902e+00 7.872390549999999654e-02 7.916584640000000339e-02 -8.159205367999999847e-01 5.672821106890000298e-01
1.403715336762142897e+09 -1.675720175299999948e+00 -6.121079024000000146e-01 1.487293873700000102e+00 7.842875709999999612e-02 7.879612390000000077e-02 -8.160565625000000267e-01 5.671787969249999506e-01
1.403715336812143087e+09 -1.689130878200000074e+00 -6.256181277000000263e-01 1.487649462100000042e+00 7.747759930000000517e-02 7.908960449999999365e-02 -8.159767276999999597e-01 5.673834998340000491e-01
1.403715336862143040e+09 -1.702125694400000055e+00 -6.393112802000000539e-01 1.488656854500000071e+00 7.686165729999999696e-02 7.907493229999999762e-02 -8.157036407000000100e-01 5.678617888260000246e-01
1.403715336912142992e+09 -1.714543603899999935e+00 -6.532590108000000395e-01 1.490389175300000035e+00 7.680625889999999345e-02 7.896561729999999890e-02 -8.155893325999999943e-01 5.680486515339999709e-01
1.403715336962142944e+09 -1.726615193100000001e+00 -6.673918024999999643e-01 1.492979497399999911e+00 7.584340709999999597e-02 7.929042290000000437e-02 -8.151284577999999836e-01 5.687938147969999747e-01
1.403715337012143135e+09 -1.738069747800000009e+00 -6.814149003999999676e-01 1.496223027399999905e+00 7.562733189999999717e-02 7.983427510000000449e-02 -8.150057828000000226e-01 5.689222875310000482e-01
1.403715337062143087e+09 -1.748749409199999993e+00 -6.949864452999999775e-01 1.500237435100000072e+00 7.568033729999999737e-02 8.169782829999999718e-02 -8.150434079999999692e-01 5.685966887009999970e-01
1.403715337112143040e+09 -1.758571708000000067e+00 -7.079393140999999945e-01 1.504604292000000010e+00 7.747950709999999741e-02 8.402539309999999817e-02 -8.158543475999999739e-01 5.668494886420000212e-01
1.403715337162142992e+09 -1.767485366600000107e+00 -7.205300974999999664e-01 1.509081579400000095e+00 7.889657810000000326e-02 8.871973019999999932e-02 -8.164903179000000399e-01 5.650200882620000087e-01
1.403715337212143183e+09 -1.775396307999999923e+00 -7.331477723999999530e-01 1.513782416399999997e+00 8.254682110000000073e-02 9.315172600000000414e-02 -8.170813550000000092e-01 5.629270268560000456e-01
1.403715337262142897e+09 -1.782287356799999944e+00 -7.460533180999999736e-01 1.518687064200000103e+00 8.821418940000000375e-02 9.754910399999999759e-02 -8.175561002000000244e-01 5.606286222869999447e-01
1.403715337312143087e+09 -1.788437210199999905e+00 -7.591845927000000493e-01 1.523592999299999917e+00 9.473901930000000471e-02 1.026034017999999937e-01 -8.180270084999999858e-01 5.579685238139999726e-01
1.403715337362143040e+09 -1.794258545399999960e+00 -7.729565714999999670e-01 1.528251576099999953e+00 1.014033268999999932e-01 1.069311133999999996e-01 -8.185364768999999763e-01 5.552307071909999836e-01
1.403715337412142992e+09 -1.800024163700000068e+00 -7.875337780000000176e-01 1.532802437800000028e+00 1.079592360000000001e-01 1.104402973000000038e-01 -8.188388245000000065e-01 5.528568744359999565e-01
1.403715337462142944e+09 -1.805817377899999965e+00 -8.030583851000000495e-01 1.537444343400000024e+00 1.144551298999999939e-01 1.130324998000000053e-01 -8.180233956000000362e-01 5.522331042539999624e-01
1.403715337512143135e+09 -1.811665196299999891e+00 -8.193003627999999594e-01 1.542088340999999918e+00 1.221863891999999951e-01 1.136849159999999970e-01 -8.173965177999999998e-01 5.513702556520000408e-01
1.403715337562143087e+09 -1.817979766099999894e+00 -8.365689679000000156e-01 1.546212367799999932e+00 1.275513410000000125e-01 1.148788258999999951e-01 -8.159743658000000455e-01 5.520138993169999564e-01
1.403715337612143040e+09 -1.824847101900000101e+00 -8.548779909000000510e-01 1.549921942099999894e+00 1.291918250999999906e-01 1.181018719999999966e-01 -8.146839778000000143e-01 5.528575191610000106e-01
1.403715337662142992e+09 -1.832181066600000019e+00 -8.739861754000000094e-01 1.553510781199999968e+00 1.294585034000000079e-01 1.213478847999999999e-01 -8.128569075999999560e-01 5.547781849439999968e-01
1.403715337712143183e+09 -1.839776892199999958e+00 -8.935533092999999871e-01 1.556370707999999992e+00 1.290274966999999939e-01 1.243862647999999932e-01 -8.117751849000000020e-01 5.557886390690000011e-01
1.403715337762142897e+09 -1.847570385700000095e+00 -9.136290111000000547e-01 1.559428157399999959e+00 1.287582395000000102e-01 1.265013049000000001e-01 -8.110873353999999980e-01 5.563776325220000096e-01
1.403715337812143087e+09 -1.855551130799999893e+00 -9.342813276000000444e-01 1.562496034000000034e+00 1.282738645000000011e-01 1.276848181999999943e-01 -8.103663104999999645e-01 5.572690962349999833e-01
1.403715337862143040e+09 -1.863719296400000003e+00 -9.553462893999999928e-01 1.565562567299999985e+00 1.271946163999999879e-01 1.281992483999999932e-01 -8.097383331999999934e-01 5.583102309830000332e-01
1.403715337912142992e+09 -1.871771390799999990e+00 -9.768082996000000406e-01 1.568597587600000010e+00 1.249688639000000046e-01 1.289688063999999967e-01 -8.094109593999999630e-01 5.591097645120000070e-01
1.403715337962142944e+09 -1.879725473499999966e+00 -9.985854644999999641e-01 1.571793089500000073e+00 1.228295028999999983e-01 1.290409175999999991e-01 -8.092570529000000512e-01 5.597895829829999670e-01
1.403715338012143135e+09 -1.887567875100000014e+00 -1.020211856600000022e+00 1.575259484600000093e+00 1.218512484000000007e-01 1.276148256999999897e-01 -8.090853868999999809e-01 5.605778859329999531e-01
1.403715338062143087e+09 -1.895470488099999962e+00 -1.041815219799999914e+00 1.578745808300000109e+00 1.215330119999999958e-01 1.252706759999999975e-01 -8.091703804000000000e-01 5.610528319580000423e-01
1.403715338112143040e+09 -1.903336773900000001e+00 -1.063257708799999923e+00 1.582342491099999915e+00 1.215128790000000042e-01 1.226756234999999973e-01 -8.092218204000000137e-01 5.615561921510000554e-01
1.403715338162142992e+09 -1.911149026199999934e+00 -1.084516994199999917e+00 1.585486984000000099e+00 1.217803893999999942e-01 1.216126210999999985e-01 -8.091887875000000063e-01 5.617770138790000312e-01
1.403715338212143183e+09 -1.918721739500000023e+00 -1.105617689500000056e+00 1.588053306499999984e+00 1.228590073000000032e-01 1.209541150000000009e-01 -8.091660004999999822e-01 5.617171441270000232e-01
1.403715338262142897e+09 -1.925871126000000100e+00 -1.126527086200000083e+00 1.590452658600000069e+00 1.250471908000000132e-01 1.208632761999999944e-01 -8.089301039999999832e-01 5.615935855679999866e-01
1.403715338312143087e+09 -1.932894424099999897e+00 -1.147359947500000033e+00 1.592670968399999998e+00 1.278527503999999926e-01 1.216012803999999975e-01 -8.090359127999999789e-01 5.606493508940000314e-01
1.403715338362143040e+09 -1.939792682300000015e+00 -1.167968704500000010e+00 1.595300915399999964e+00 1.320813234000000058e-01 1.228834662999999938e-01 -8.091453168000000140e-01 5.592298579169999728e-01
1.403715338412142992e+09 -1.946890106599999948e+00 -1.188649045100000023e+00 1.598283363199999974e+00 1.364893437999999959e-01 1.261339674999999994e-01 -8.083400477000000084e-01 5.586118944129999653e-01
1.403715338462142944e+09 -1.954570677600000028e+00 -1.209364912200000086e+00 1.601432594300000067e+00 1.410694674999999898e-01 1.305454082999999987e-01 -8.074889661999999912e-01 5.576906590279999687e-01
1.403715338512143135e+09 -1.962485366499999939e+00 -1.230188809900000013e+00 1.604645180299999918e+00 1.460484588000000028e-01 1.361482135000000038e-01 -8.067242578000000108e-01 5.561739688079999633e-01
1.403715338562143087e+09 -1.970837204900000028e+00 -1.251509582800000020e+00 1.608274872099999975e+00 1.500657924999999893e-01 1.436909682999999993e-01 -8.048601784000000148e-01 5.559075973049999453e-01
1.403715338612143040e+09 -1.979714679800000043e+00 -1.272922077100000049e+00 1.612525348299999939e+00 1.540294714000000065e-01 1.522608081000000058e-01 -8.027159809999999673e-01 5.556425309179999772e-01
1.403715338662142992e+09 -1.988954461300000087e+00 -1.294589743399999993e+00 1.617086598700000044e+00 1.585621274000000025e-01 1.615524792999999959e-01 -8.001843874999999828e-01 5.553951694419999585e-01
1.403715338712143183e+09 -1.998772775199999963e+00 -1.316310575399999960e+00 1.621753511200000109e+00 1.630104850999999910e-01 1.711158557999999941e-01 -7.976753130999999497e-01 5.548522690930000056e-01
1.403715338762142897e+09 -2.009014044699999779e+00 -1.337842173000000079e+00 1.626361903300000078e+00 1.681070991999999986e-01 1.798897402000000090e-01 -7.957313073999999764e-01 5.533456162400000045e-01
1.403715338812143087e+09 -2.019905689499999824e+00 -1.359287316200000095e+00 1.630338103599999977e+00 1.711010927999999931e-01 1.885409466000000089e-01 -7.942479815999999859e-01 5.516764188930000090e-01
1.403715338862143040e+09 -2.030859555999999788e+00 -1.381034836400000021e+00 1.634384888600000085e+00 1.745374929000000075e-01 1.950909942000000064e-01 -7.927909335999999696e-01 5.504168448259999513e-01
1.403715338912142992e+09 -2.042045395899999782e+00 -1.403020496399999928e+00 1.637789186100000016e+00 1.773796676999999933e-01 2.006430646000000040e-01 -7.921153230999999906e-01 5.484816578540000487e-01
1.403715338962142944e+09 -2.053765241999999880e+00 -1.424852815900000014e+00 1.640251435499999966e+00 1.784239438999999927e-01 2.066223946999999894e-01 -7.915480763000000142e-01 5.467391746459999702e-01
1.403715339012143135e+09 -2.065482804200000189e+00 -1.446635026600000096e+00 1.642060035899999937e+00 1.796694561999999940e-01 2.111726035000000001e-01 -7.916416885999999487e-01 5.444524358919999862e-01
1.403715339062143087e+09 -2.077177905300000127e+00 -1.468593338000000026e+00 1.643266528799999904e+00 1.805073487999999948e-01 2.150678364999999981e-01 -7.919833763000000415e-01 5.421487382270000488e-01
1.403715339112143040e+09 -2.088844039300000066e+00 -1.490982000300000054e+00 1.643611494499999992e+00 1.798491044999999955e-01 2.191851442999999955e-01 -7.917975225000000172e-01 5.409887757469999947e-01
1.403715339162142992e+09 -2.099953129399999785e+00 -1.513677156700000026e+00 1.643370851500000063e+00 1.787218590000000107e-01 2.231249429000000117e-01 -7.910585109000000115e-01 5.408328662850000468e-01
1.403715339212143183e+09 -2.110596794200000126e+00 -1.536650845700000101e+00 1.642490514099999910e+00 1.768078060999999923e-01 2.267449839000000023e-01 -7.903949313000000476e-01 5.409265795979999458e-01
1.403715339262142897e+09 -2.120411521599999904e+00 -1.559571228700000090e+00 1.641494875700000078e+00 1.767091613000000005e-01 2.285501473999999866e-01 -7.897024161000000264e-01 5.412104917800000248e-01
1.403715339312143087e+09 -2.129413228499999811e+00 -1.582734794100000064e+00 1.640902228999999934e+00 1.789204168000000095e-01 2.281910620000000001e-01 -7.887541907999999768e-01 5.420176658849999995e-01
1.403715339362143040e+09 -2.137759750999999930e+00 -1.606239365099999983e+00 1.640056587199999916e+00 1.809689160999999880e-01 2.272631726999999879e-01 -7.876292203000000436e-01 5.433616780090000375e-01
1.403715339412142992e+09 -2.145793301999999958e+00 -1.629485313800000057e+00 1.638764141300000032e+00 1.831060073000000121e-01 2.257266643999999989e-01 -7.871380182999999642e-01 5.439976133020000271e-01
1.403715339462142944e+09 -2.153801174999999901e+00 -1.652566591500000071e+00 1.636895300599999992e+00 1.842580886000000084e-01 2.242673171000000021e-01 -7.869646123000000326e-01 5.444628787040000084e-01
1.403715339512143135e+09 -2.161674321600000059e+00 -1.675824887100000105e+00 1.634697520100000023e+00 1.847881124999999902e-01 2.225817026999999948e-01 -7.864040815999999712e-01 5.457832532249999868e-01
1.403715339562143087e+09 -2.169545873400000158e+00 -1.698571109700000026e+00 1.631818775599999993e+00 1.854839195999999912e-01 2.206456538999999883e-01 -7.870607453000000309e-01 5.453866465050000167e-01
1.403715339612143040e+09 -2.177366720499999797e+00 -1.721112147299999950e+00 1.627602601300000007e+00 1.840212669000000079e-01 2.198757097000000049e-01 -7.890051836999999457e-01 5.433798539159999663e-01
1.403715339662142992e+09 -2.185295354199999984e+00 -1.743409480199999972e+00 1.622745902799999973e+00 1.804255193000000035e-01 2.199762858000000043e-01 -7.901585110000000078e-01 5.428688544249999914e-01
1.403715339712143183e+09 -2.193026267000000029e+00 -1.765768284099999974e+00 1.617284783899999967e+00 1.748204257000000039e-01 2.215937712999999920e-01 -7.908833155000000170e-01 5.429895031539999639e-01
1.403715339762142897e+09 -2.200259751099999939e+00 -1.788315666599999965e+00 1.611598218999999999e+00 1.684476477999999888e-01 2.232672025000000116e-01 -7.902038796000000476e-01 5.453026451889999571e-01
1.403715339812143087e+09 -2.206683066300000107e+00 -1.810343511299999930e+00 1.605188775300000037e+00 1.614777931999999971e-01 2.253635314999999917e-01 -7.894240249999999737e-01 5.476731777709999971e-01
1.403715339862143040e+09 -2.212006365999999780e+00 -1.831752170799999968e+00 1.598638886800000103e+00 1.555051893000000129e-01 2.274526129999999979e-01 -7.881781460000000239e-01 5.503259534819999743e-01
1.403715339912142992e+09 -2.215865221500000093e+00 -1.852037801999999900e+00 1.592098350399999918e+00 1.512782145999999883e-01 2.306389976000000064e-01 -7.865104522000000431e-01 5.525593752509999623e-01
1.403715339962142944e+09 -2.217841201700000209e+00 -1.871190209099999890e+00 1.585269132499999900e+00 1.484340735999999938e-01 2.352914590000000084e-01 -7.850362347999999546e-01 5.534648725869999453e-01
1.403715340012143135e+09 -2.218005791399999982e+00 -1.889061159399999967e+00 1.579261860499999948e+00 1.462850290000000109e-01 2.414776308000000093e-01 -7.829321814999999907e-01 5.543522736449999488e-01
1.403715340062143087e+09 -2.215506392700000049e+00 -1.905262546299999915e+00 1.574197674799999946e+00 1.475525192999999902e-01 2.477240356000000032e-01 -7.810570218000000287e-01 5.539052129089999665e-01
1.403715340112143040e+09 -2.210760561999999929e+00 -1.919485210399999975e+00 1.570632737800000012e+00 1.517777684000000127e-01 2.538653981999999809e-01 -7.792441862000000219e-01 5.525344938549999751e-01
1.403715340162142992e+09 -2.204071608800000082e+00 -1.931841719299999927e+00 1.569058887299999983e+00 1.579760527999999886e-01 2.600742788000000028e-01 -7.765975469000000464e-01 5.516350119559999543e-01
1.403715340212143183e+09 -2.195328098900000136e+00 -1.942019031999999923e+00 1.569050488100000029e+00 1.676447783999999996e-01 2.658047809999999900e-01 -7.744576568000000050e-01 5.490522602070000424e-01
1.403715340262142897e+09 -2.184710934800000004e+00 -1.950708597099999997e+00 1.570756207599999899e+00 1.788994020000000129e-01 2.716553894000000025e-01 -7.718764935999999910e-01 5.462646172330000160e-01
1.403715340312143087e+09 -2.172348451600000008e+00 -1.958181739300000057e+00 1.574420548199999992e+00 1.907835660999999960e-01 2.790510458000000082e-01 -7.687275541000000434e-01 5.429457545550000486e-01
1.403715340362143040e+09 -2.158698306399999822e+00 -1.964551542699999986e+00 1.580204749700000022e+00 2.045119410000000026e-01 2.866648714000000209e-01 -7.654557295999999678e-01 5.385867093999999744e-01
1.403715340412142992e+09 -2.144663556499999846e+00 -1.969977668899999923e+00 1.587295728500000003e+00 2.165767504999999982e-01 2.961649015999999746e-01 -7.615888130000000311e-01 5.341941053090000224e-01
1.403715340462142944e+09 -2.130127763299999977e+00 -1.974606054199999905e+00 1.595290177100000095e+00 2.266425737999999968e-01 3.058627614000000161e-01 -7.582562999999999942e-01 5.292716679279999559e-01
1.403715340512143135e+09 -2.114977015300000041e+00 -1.978952237999999975e+00 1.603248189199999896e+00 2.351456047000000105e-01 3.144539997999999947e-01 -7.553916416000000522e-01 5.246033686609999913e-01
1.403715340562143087e+09 -2.099479808199999908e+00 -1.983086048799999945e+00 1.610544663099999996e+00 2.435019109999999876e-01 3.211865406000000145e-01 -7.540925830000000385e-01 5.185464316460000056e-01
1.403715340612143040e+09 -2.084003637699999967e+00 -1.987358130699999892e+00 1.617189636500000027e+00 2.502994966000000043e-01 3.270998446999999754e-01 -7.520301424999999984e-01 5.145935468240000477e-01
1.403715340662142992e+09 -2.068353063500000033e+00 -1.992178900200000102e+00 1.622992508300000081e+00 2.559070432000000173e-01 3.319139454999999739e-01 -7.504613757000000440e-01 5.110307639419999770e-01
1.403715340712143183e+09 -2.052500437700000013e+00 -1.997538734599999977e+00 1.628181032000000084e+00 2.599430904000000209e-01 3.357421765999999974e-01 -7.493158811000000252e-01 5.081658105099999823e-01
1.403715340762142897e+09 -2.036346659399999925e+00 -2.003361637199999823e+00 1.632778848999999921e+00 2.626895499999999939e-01 3.386762992999999833e-01 -7.489523384999999811e-01 5.053345023349999909e-01
1.403715340812143087e+09 -2.019943414800000170e+00 -2.009890275400000093e+00 1.637324766699999934e+00 2.646932940000000234e-01 3.407626816000000058e-01 -7.486902006000000220e-01 5.032705419440000050e-01
1.403715340862143040e+09 -2.003528280099999836e+00 -2.017013151600000054e+00 1.642153874999999985e+00 2.683688155000000242e-01 3.397874516000000122e-01 -7.496672559000000513e-01 5.005214001109999922e-01
1.403715340912142992e+09 -1.986818569600000028e+00 -2.024880180499999849e+00 1.646742613900000096e+00 2.720825815999999842e-01 3.378142209000000173e-01 -7.509589701000000117e-01 4.979088733520000143e-01
1.403715340962142944e+09 -1.970080281600000038e+00 -2.033640366200000216e+00 1.650842911900000098e+00 2.737655210000000117e-01 3.362857521000000016e-01 -7.521785319999999553e-01 4.961771744310000121e-01
1.403715341012143135e+09 -1.953333309900000092e+00 -2.043625294599999975e+00 1.654960003500000054e+00 2.750194799999999828e-01 3.342011115999999893e-01 -7.538662476999999917e-01 4.943274048479999738e-01
1.403715341062143087e+09 -1.936648145499999973e+00 -2.055291921499999841e+00 1.659199223199999906e+00 2.745488217000000009e-01 3.324349495000000210e-01 -7.543851172000000105e-01 4.949879228549999843e-01
1.403715341112143040e+09 -1.920161116999999917e+00 -2.068553999900000218e+00 1.663102001299999966e+00 2.717132259999999744e-01 3.318494802999999993e-01 -7.536965003000000163e-01 4.979853719610000118e-01
1.403715341162142992e+09 -1.903762700199999935e+00 -2.083071420100000015e+00 1.667023840099999932e+00 2.669827545999999829e-01 3.324762441999999929e-01 -7.520905752000000000e-01 5.025331058959999764e-01
1.403715341212143183e+09 -1.887037580499999923e+00 -2.098452919000000083e+00 1.672021804499999931e+00 2.665836108999999898e-01 3.291393377999999870e-01 -7.504168233000000354e-01 5.074200095530000398e-01
1.403715341262142897e+09 -1.870429743000000089e+00 -2.114762567900000167e+00 1.677185811099999979e+00 2.658412750999999963e-01 3.257813372999999735e-01 -7.495497026999999868e-01 5.112437577730000182e-01
1.403715341312143087e+09 -1.854185120699999967e+00 -2.131728649899999883e+00 1.682150177200000041e+00 2.636959521999999723e-01 3.232300336999999746e-01 -7.483637780999999878e-01 5.156922005470000459e-01
1.403715341362143040e+09 -1.839004371799999982e+00 -2.148586846600000211e+00 1.687295632899999953e+00 2.608030742999999929e-01 3.211812896999999833e-01 -7.467756889000000120e-01 5.207210443409999723e-01
1.403715341412142992e+09 -1.824073367300000026e+00 -2.165122147099999950e+00 1.692608461300000089e+00 2.585595399000000238e-01 3.185975570999999840e-01 -7.460235052999999450e-01 5.244916495979999871e-01
1.403715341462142944e+09 -1.809891147100000097e+00 -2.181112863900000143e+00 1.697283076599999996e+00 2.541573082999999955e-01 3.179766734999999733e-01 -7.459801913000000395e-01 5.270753760070000515e-01
1.403715341512143135e+09 -1.796218430599999971e+00 -2.196786064999999954e+00 1.702435871200000062e+00 2.508327329000000216e-01 3.167801539999999805e-01 -7.469967889999999944e-01 5.279479816490000310e-01
1.403715341562143087e+09 -1.783150130399999922e+00 -2.212182831299999819e+00 1.707195035300000052e+00 2.453960387999999937e-01 3.174806448999999975e-01 -7.470337910000000026e-01 5.300257911800000388e-01
1.403715341612143040e+09 -1.770291427899999936e+00 -2.227178030500000183e+00 1.711807853799999890e+00 2.412657666999999950e-01 3.179765331000000139e-01 -7.455580662999999886e-01 5.336899137699999685e-01
1.403715341662142992e+09 -1.757741886800000097e+00 -2.241549279400000039e+00 1.716148182199999983e+00 2.369998687000000048e-01 3.184299131000000171e-01 -7.436590534000000474e-01 5.379634420200000156e-01
1.403715341712143183e+09 -1.745318865600000047e+00 -2.254936770900000109e+00 1.720176735699999959e+00 2.322047556000000068e-01 3.196769367000000250e-01 -7.414014357999999527e-01 5.424126829700000041e-01
1.403715341762142897e+09 -1.732832418899999949e+00 -2.267051875900000013e+00 1.723426550899999965e+00 2.277129169000000064e-01 3.212381597999999783e-01 -7.411624940000000050e-01 5.437196241120000328e-01
1.403715341812143087e+09 -1.720486513400000028e+00 -2.277253508899999890e+00 1.725861999699999982e+00 2.239361447000000060e-01 3.228297465000000144e-01 -7.412607835000000200e-01 5.442113640800000374e-01
1.403715341862143040e+09 -1.707492168899999996e+00 -2.285921926099999890e+00 1.727915496000000051e+00 2.198445719999999881e-01 3.250779589000000191e-01 -7.408821147999999912e-01 5.450563060199999921e-01
1.403715341912142992e+09 -1.693399852700000041e+00 -2.292065930600000190e+00 1.730379090700000067e+00 2.220723810000000131e-01 3.240708734000000146e-01 -7.430185916999999529e-01 5.418351216119999814e-01
1.403715341962142944e+09 -1.678771473000000070e+00 -2.296638868100000064e+00 1.733132370299999891e+00 2.263074700000000106e-01 3.221381373000000159e-01 -7.455172981000000032e-01 5.377879766090000180e-01
1.403715342012143135e+09 -1.664316584600000093e+00 -2.299841734600000187e+00 1.735654637699999947e+00 2.309279082000000038e-01 3.200209407999999867e-01 -7.486432723000000511e-01 5.327214559020000406e-01
1.403715342062143087e+09 -1.649788908000000109e+00 -2.302265364200000164e+00 1.737942388600000054e+00 2.343441133999999981e-01 3.191734299999999802e-01 -7.518104423999999453e-01 5.272496721939999853e-01
1.403715342112143040e+09 -1.635588045099999999e+00 -2.303754358499999988e+00 1.740063155000000084e+00 2.364749741999999932e-01 3.194576671000000090e-01 -7.546489156000000253e-01 5.220454000930000449e-01
1.403715342162142992e+09 -1.621588795599999910e+00 -2.304484837600000002e+00 1.742309538099999999e+00 2.403806500000000013e-01 3.182977240000000041e-01 -7.582403313000000145e-01 5.157279340229999898e-01
1.403715342212143183e+09 -1.607333347800000034e+00 -2.305460115899999884e+00 1.744209914700000086e+00 2.427936598000000057e-01 3.185099704000000087e-01 -7.602506664000000525e-01 5.114895519390000311e-01
1.403715342262142897e+09 -1.592634163799999891e+00 -2.307338465700000008e+00 1.746007251500000024e+00 2.453233340000000040e-01 3.186586947999999753e-01 -7.613886573000000491e-01 5.084883583279999897e-01
1.403715342312143087e+09 -1.577410962200000100e+00 -2.310303340699999985e+00 1.746986545099999955e+00 2.480438184000000046e-01 3.193251482999999724e-01 -7.615279700000000540e-01 5.065381178159999997e-01
1.403715342362143040e+09 -1.562200167499999903e+00 -2.313554427500000177e+00 1.747153543100000039e+00 2.496962300999999995e-01 3.225531473000000093e-01 -7.608751806000000339e-01 5.046585176310000032e-01
1.403715342412142992e+09 -1.546836730899999957e+00 -2.317041739800000055e+00 1.746922714399999910e+00 2.510321005999999744e-01 3.280012312999999735e-01 -7.588363188000000203e-01 5.035528948790000126e-01
1.403715342462142944e+09 -1.530935817500000073e+00 -2.320869297699999834e+00 1.746424541899999960e+00 2.536979575000000153e-01 3.342256276000000192e-01 -7.575737367999999528e-01 5.000126093900000290e-01
1.403715342512143135e+09 -1.514507620799999899e+00 -2.325451972100000209e+00 1.745764356300000042e+00 2.554331274000000152e-01 3.424905160999999754e-01 -7.547877492000000244e-01 4.977445303570000035e-01
1.403715342562143087e+09 -1.497505400699999933e+00 -2.330883164299999866e+00 1.744986552699999915e+00 2.560818800999999922e-01 3.521931448999999770e-01 -7.506050113000000135e-01 4.969649649289999971e-01
1.403715342612143040e+09 -1.479849958700000023e+00 -2.337240050000000124e+00 1.744662453799999957e+00 2.557718466000000190e-01 3.630975873999999770e-01 -7.445622145000000414e-01 4.983653411239999942e-01
1.403715342662142992e+09 -1.461095323399999923e+00 -2.343885066699999964e+00 1.744595272099999983e+00 2.556732599000000050e-01 3.741967032999999887e-01 -7.367260835000000174e-01 5.018393062020000128e-01
1.403715342712143183e+09 -1.440914554099999911e+00 -2.350081368800000181e+00 1.744611397199999914e+00 2.573787221000000125e-01 3.842824206000000076e-01 -7.294597439000000128e-01 5.039560462969999710e-01
1.403715342762142897e+09 -1.419817215799999977e+00 -2.355403677199999990e+00 1.744572088700000023e+00 2.612241737000000064e-01 3.919958715999999899e-01 -7.243611355000000307e-01 5.033906167430000078e-01
1.403715342812143087e+09 -1.397879010500000074e+00 -2.359539104500000040e+00 1.745094724000000097e+00 2.683855244000000195e-01 3.962310519999999725e-01 -7.216908826000000277e-01 5.001324161779999722e-01
1.403715342862143040e+09 -1.375197124200000065e+00 -2.363120871600000061e+00 1.746344661299999990e+00 2.754098158000000129e-01 3.991129057000000202e-01 -7.187272826999999698e-01 4.982864787760000191e-01
1.403715342912142992e+09 -1.351823052300000105e+00 -2.366167461599999911e+00 1.747254059499999901e+00 2.818901127999999812e-01 4.008478639999999982e-01 -7.172009736000000135e-01 4.954611162020000070e-01
1.403715342962142944e+09 -1.327792422099999925e+00 -2.369230781500000216e+00 1.748086017299999906e+00 2.878678633999999792e-01 4.016354513000000015e-01 -7.149534553999999931e-01 4.946338181639999831e-01
1.403715343012143135e+09 -1.303286039699999899e+00 -2.372422944399999789e+00 1.748338830900000085e+00 2.926843572000000226e-01 4.020828253000000019e-01 -7.129475341000000022e-01 4.943390357620000009e-01
1.403715343062143087e+09 -1.278477525600000053e+00 -2.375637919699999934e+00 1.747992204100000002e+00 2.971854112999999797e-01 4.020552338000000225e-01 -7.117482614000000263e-01 4.934033165419999811e-01
1.403715343112143040e+09 -1.253565395200000099e+00 -2.378918504300000070e+00 1.746618601600000042e+00 2.986799394999999913e-01 4.036218292000000041e-01 -7.101326981000000149e-01 4.935496568059999922e-01
1.403715343162142992e+09 -1.228674228000000035e+00 -2.382073399799999880e+00 1.744693661599999945e+00 3.004451505999999883e-01 4.047589059999999739e-01 -7.095673995000000289e-01 4.923586549760000097e-01
1.403715343212143183e+09 -1.203612565100000031e+00 -2.385299050800000042e+00 1.742729066899999957e+00 3.026188190999999916e-01 4.052845440000000243e-01 -7.083274550999999475e-01 4.923804475469999997e-01
1.403715343262142897e+09 -1.178725908399999911e+00 -2.388496587900000190e+00 1.739571233199999956e+00 3.026845448000000105e-01 4.069029793000000228e-01 -7.086491981000000440e-01 4.905388321929999851e-01
1.403715343312143087e+09 -1.154073877799999925e+00 -2.391673943699999860e+00 1.735979292799999962e+00 3.025587511000000229e-01 4.080891495999999785e-01 -7.093544191999999748e-01 4.886079779740000184e-01
1.403715343362143040e+09 -1.129507689199999998e+00 -2.394901146500000078e+00 1.731929938700000005e+00 3.017568368999999917e-01 4.092255750000000081e-01 -7.107414533999999451e-01 4.861314910719999882e-01
1.403715343412142992e+09 -1.104954693500000085e+00 -2.398198115200000036e+00 1.727494586900000018e+00 2.990312734000000194e-01 4.114820618000000207e-01 -7.117145810999999656e-01 4.844844324709999817e-01
1.403715343462142944e+09 -1.080369910800000000e+00 -2.401600386200000159e+00 1.723154961499999915e+00 2.967513728000000239e-01 4.128312113000000005e-01 -7.121386457999999697e-01 4.841152371499999885e-01
1.403715343512143135e+09 -1.055120048200000049e+00 -2.405081843200000069e+00 1.719006292600000041e+00 2.960444534000000183e-01 4.126099535000000151e-01 -7.130605230000000017e-01 4.833791456150000054e-01
1.403715343562143087e+09 -1.029337576200000104e+00 -2.408579226600000123e+00 1.714766511999999965e+00 2.943742809000000071e-01 4.128346229000000034e-01 -7.134823413999999975e-01 4.835848480959999973e-01
1.403715343612143040e+09 -1.002734223200000052e+00 -2.411963903499999784e+00 1.710932331299999998e+00 2.934233576999999982e-01 4.123699366999999949e-01 -7.139570194000000036e-01 4.838585981160000160e-01
1.403715343662142992e+09 -9.755262112999999458e-01 -2.415392230000000140e+00 1.707114558500000046e+00 2.918337210999999987e-01 4.122372275000000252e-01 -7.137685669000000122e-01 4.852092130269999859e-01
1.403715343712143183e+09 -9.476528211000000423e-01 -2.419055890000000097e+00 1.703953646600000038e+00 2.902791819000000162e-01 4.120712817000000139e-01 -7.131431093000000221e-01 4.871982768229999872e-01
1.403715343762142897e+09 -9.190646117999999865e-01 -2.422793094899999833e+00 1.701431145399999956e+00 2.881241407999999837e-01 4.121052445999999758e-01 -7.114649044999999949e-01 4.908884155350000111e-01
1.403715343812143087e+09 -8.898012897000000532e-01 -2.426165296499999791e+00 1.699691509700000047e+00 2.879572657000000202e-01 4.108177591000000128e-01 -7.095114525000000283e-01 4.948766318080000115e-01
1.403715343862143040e+09 -8.600109881999999928e-01 -2.428841810399999801e+00 1.697845193200000047e+00 2.875522917000000178e-01 4.100185519999999806e-01 -7.091115162000000138e-01 4.963459722760000248e-01
1.403715343912142992e+09 -8.300227180999999455e-01 -2.430620584700000197e+00 1.696493049299999889e+00 2.883199012000000061e-01 4.091128928000000164e-01 -7.085003476000000244e-01 4.975193794350000198e-01
1.403715343962142944e+09 -7.994852713000000222e-01 -2.431416900299999906e+00 1.695862614099999943e+00 2.909477797000000199e-01 4.086965492999999894e-01 -7.076046059999999693e-01 4.976065128889999856e-01
1.403715344012143135e+09 -7.687161313999999468e-01 -2.431334337900000087e+00 1.695214714000000011e+00 2.930499494000000094e-01 4.100371003000000125e-01 -7.063614220999999693e-01 4.970360599649999989e-01
1.403715344062143087e+09 -7.379281704000000275e-01 -2.430140312799999869e+00 1.694697431600000082e+00 2.971417431999999748e-01 4.120076321000000208e-01 -7.036173997000000346e-01 4.968692488379999883e-01
1.403715344112143040e+09 -7.072264460999999613e-01 -2.428003200500000069e+00 1.694493485299999991e+00 3.018994962000000060e-01 4.152633239999999892e-01 -7.003244901999999827e-01 4.959422087300000004e-01
1.403715344162142992e+09 -6.764767593999999606e-01 -2.424920298800000040e+00 1.693787391299999889e+00 3.071415370999999728e-01 4.197565497999999895e-01 -6.964459862999999862e-01 4.944001448129999865e-01
1.403715344212143183e+09 -6.461357093999999801e-01 -2.421313295800000098e+00 1.692406166300000070e+00 3.103402055000000215e-01 4.264287454999999838e-01 -6.913157602999999707e-01 4.938927023579999798e-01
1.403715344262142897e+09 -6.160113150999999565e-01 -2.417166350400000052e+00 1.691000304899999973e+00 3.127371764999999915e-01 4.329326937999999902e-01 -6.851392131000000330e-01 4.953271644539999907e-01
1.403715344312143087e+09 -5.866205436000000439e-01 -2.412085738300000060e+00 1.689404615099999951e+00 3.140292002000000249e-01 4.395681998000000035e-01 -6.783204422999999927e-01 4.980430068910000063e-01
1.403715344362143040e+09 -5.578652266000000415e-01 -2.405861005599999825e+00 1.687769421500000089e+00 3.158062099999999761e-01 4.449126091000000227e-01 -6.718932277000000397e-01 5.008779278199999574e-01
1.403715344412142992e+09 -5.294792930999999703e-01 -2.398436268200000221e+00 1.686089226100000005e+00 3.177418898000000103e-01 4.496568287000000108e-01 -6.652208837999999957e-01 5.043114153119999665e-01
1.403715344462142944e+09 -5.018357346999999802e-01 -2.389396155100000030e+00 1.684071454399999945e+00 3.198103924999999848e-01 4.534783192999999879e-01 -6.602764021999999455e-01 5.060768710899999911e-01
1.403715344512143135e+09 -4.753626539999999956e-01 -2.378624372900000061e+00 1.681678359399999989e+00 3.206022626999999736e-01 4.574853668000000151e-01 -6.553264068999999914e-01 5.083981006590000407e-01
1.403715344562143087e+09 -4.498562186999999768e-01 -2.365630662600000100e+00 1.678905235800000062e+00 3.223372144000000161e-01 4.605330838000000204e-01 -6.522987328999999557e-01 5.084430764849999784e-01
1.403715344612143040e+09 -4.253694391999999769e-01 -2.350442955000000111e+00 1.675332364399999996e+00 3.234483932000000173e-01 4.636073725000000034e-01 -6.515150650000000043e-01 5.059421519869999884e-01
1.403715344662142992e+09 -4.019902347000000042e-01 -2.333145564800000127e+00 1.670631598599999990e+00 3.214255998000000170e-01 4.683156331000000172e-01 -6.516746150000000126e-01 5.026790704050000391e-01
1.403715344712143183e+09 -3.793162769000000267e-01 -2.313561503399999886e+00 1.665682336799999996e+00 3.199852722000000038e-01 4.720565514000000240e-01 -6.527089652999999991e-01 4.987414604779999983e-01
1.403715344762142897e+09 -3.570012054999999740e-01 -2.291637806199999794e+00 1.660581676200000079e+00 3.184704723999999820e-01 4.754187653999999985e-01 -6.540853155000000418e-01 4.946978429169999747e-01
1.403715344812143087e+09 -3.349252637999999838e-01 -2.267682915199999982e+00 1.655832833500000101e+00 3.179896090000000064e-01 4.777171915999999796e-01 -6.546404622000000506e-01 4.920515813099999858e-01
1.403715344862143040e+09 -3.131348562999999863e-01 -2.241914274099999993e+00 1.651147461200000111e+00 3.177267364999999955e-01 4.792906572000000254e-01 -6.549974041999999663e-01 4.902127980400000085e-01
1.403715344912142992e+09 -2.914028188000000186e-01 -2.214144443599999956e+00 1.646500782499999982e+00 3.180324145000000269e-01 4.803477887000000002e-01 -6.554313012000000382e-01 4.883965547510000227e-01
1.403715344962142944e+09 -2.694750113000000113e-01 -2.184397042900000141e+00 1.642122971800000109e+00 3.205892820999999837e-01 4.794640942999999766e-01 -6.557502103000000249e-01 4.871635826190000018e-01
1.403715345012143135e+09 -2.472078124000000043e-01 -2.152640181399999797e+00 1.638809046700000049e+00 3.269520517000000237e-01 4.756326512999999867e-01 -6.567567492000000451e-01 4.853313396250000245e-01
1.403715345062143087e+09 -2.248815144999999904e-01 -2.119447194000000145e+00 1.635802698700000057e+00 3.328222195000000161e-01 4.718317462000000129e-01 -6.572178062000000320e-01 4.844263913699999868e-01
1.403715345112143040e+09 -2.030739572999999965e-01 -2.085198163599999877e+00 1.633085661399999999e+00 3.380015941000000246e-01 4.683032354000000175e-01 -6.573726223000000424e-01 4.840539613320000156e-01
1.403715345162142992e+09 -1.820187907999999966e-01 -2.050034508099999986e+00 1.629785074199999961e+00 3.412268082000000091e-01 4.659443159000000168e-01 -6.582162356999999853e-01 4.829198141389999810e-01
1.403715345212143183e+09 -1.618184384999999947e-01 -2.014457463299999862e+00 1.626295602399999929e+00 3.431508068999999939e-01 4.644292697999999886e-01 -6.597458617000000469e-01 4.809245003520000172e-01
1.403715345262142897e+09 -1.425743281999999890e-01 -1.978537688499999891e+00 1.622421577399999926e+00 3.426715402000000132e-01 4.646943016000000259e-01 -6.607011941999999527e-01 4.796971478520000165e-01
1.403715345312143087e+09 -1.243734593000000027e-01 -1.942296493399999990e+00 1.618524304099999922e+00 3.435143733000000088e-01 4.638351410000000064e-01 -6.619457452000000464e-01 4.782077663159999825e-01
1.403715345362143040e+09 -1.070088968000000029e-01 -1.905524715599999919e+00 1.614414330200000025e+00 3.433907828000000162e-01 4.638561272000000235e-01 -6.627519796999999935e-01 4.771583354100000229e-01
1.403715345412142992e+09 -9.023396100000000142e-02 -1.868269198499999950e+00 1.610296947699999981e+00 3.432747775000000168e-01 4.639207866000000235e-01 -6.636016234999999597e-01 4.759966556660000236e-01
1.403715345462142944e+09 -7.408548149999999444e-02 -1.830518180899999958e+00 1.606237648400000051e+00 3.438687380000000071e-01 4.637319737000000219e-01 -6.643428572999999782e-01 4.747162473350000078e-01
1.403715345512143135e+09 -5.865876820000000269e-02 -1.792519970799999918e+00 1.601809109600000003e+00 3.429991708999999833e-01 4.644525816000000251e-01 -6.641311707999999481e-01 4.749370023050000222e-01
1.403715345562143087e+09 -4.378623140000000025e-02 -1.754053011599999934e+00 1.597864205500000079e+00 3.438592947999999927e-01 4.641618564000000169e-01 -6.640197680999999630e-01 4.747549936889999822e-01
1.403715345612143040e+09 -2.947093389999999938e-02 -1.715236692900000026e+00 1.593746899000000106e+00 3.447651869000000202e-01 4.638602035000000123e-01 -6.642340690000000381e-01 4.740925850059999891e-01
1.403715345662142992e+09 -1.588317350000000017e-02 -1.676099206800000019e+00 1.589399030300000071e+00 3.454450188000000033e-01 4.637706202999999916e-01 -6.642205101000000500e-01 4.737041953680000139e-01
1.403715345712143183e+09 -3.150987599999999830e-03 -1.636810067599999918e+00 1.584864293100000099e+00 3.462031286000000208e-01 4.635436552000000154e-01 -6.644737671999999540e-01 4.730172154930000206e-01
1.403715345762142897e+09 8.956792800000000151e-03 -1.597386395000000014e+00 1.580097812200000007e+00 3.469362657000000238e-01 4.631814691999999734e-01 -6.647240937999999710e-01 4.724828390570000036e-01
1.403715345812143087e+09 2.047772360000000083e-02 -1.558076452299999914e+00 1.575168145899999983e+00 3.473105559999999925e-01 4.631317936000000079e-01 -6.651423159999999557e-01 4.716672756599999961e-01
1.403715345862143040e+09 3.119337579999999915e-02 -1.518653497799999919e+00 1.569953748299999896e+00 3.470980792000000204e-01 4.635363428000000008e-01 -6.662868101000000154e-01 4.698072678890000131e-01
1.403715345912142992e+09 4.097161249999999727e-02 -1.479338317400000102e+00 1.563941167699999912e+00 3.438467465999999750e-01 4.659451953000000035e-01 -6.692224367000000340e-01 4.656241189020000060e-01
1.403715345962142944e+09 5.068301620000000007e-02 -1.439805271300000022e+00 1.557860172100000051e+00 3.394219942999999740e-01 4.693100525000000189e-01 -6.731613784000000100e-01 4.597766230390000208e-01
1.403715346012143135e+09 6.040628380000000186e-02 -1.400354386500000103e+00 1.552860344499999989e+00 3.362248058000000261e-01 4.715188103999999880e-01 -6.766852623000000344e-01 4.546646535269999734e-01
1.403715346062143087e+09 7.051042089999999540e-02 -1.361254923700000008e+00 1.548452619200000102e+00 3.335431546000000025e-01 4.731872977000000091e-01 -6.805942315999999881e-01 4.490370109680000277e-01
1.403715346112143040e+09 8.163981139999999803e-02 -1.322999705199999987e+00 1.544996988200000088e+00 3.313173298000000044e-01 4.741817608000000184e-01 -6.829631299999999738e-01 4.460289764850000060e-01
1.403715346162142992e+09 9.381641920000000079e-02 -1.285273393300000011e+00 1.542519558900000032e+00 3.304197161999999910e-01 4.744587108000000164e-01 -6.840731895999999645e-01 4.446972162569999831e-01
1.403715346212143183e+09 1.073751738000000011e-01 -1.248364095199999912e+00 1.541435999499999987e+00 3.316710236000000034e-01 4.730145968000000201e-01 -6.835005007000000132e-01 4.461822373129999963e-01
1.403715346262142897e+09 1.220920323000000002e-01 -1.212130888799999973e+00 1.540765170000000017e+00 3.333135170000000036e-01 4.711529844999999828e-01 -6.821435800999999799e-01 4.489956578229999939e-01
1.403715346312143087e+09 1.373120670999999904e-01 -1.176355680199999920e+00 1.540090610700000084e+00 3.350305874999999767e-01 4.686596322000000092e-01 -6.814027380999999606e-01 4.514454154679999887e-01
1.403715346362143040e+09 1.531140943000000032e-01 -1.140864165500000027e+00 1.539618881100000003e+00 3.363203886000000198e-01 4.667832966000000083e-01 -6.803547735999999624e-01 4.540036698639999813e-01
1.403715346412142992e+09 1.693594153000000102e-01 -1.105930824999999951e+00 1.539710950399999945e+00 3.380766941000000192e-01 4.641081705999999807e-01 -6.794141196999999854e-01 4.568415576850000104e-01
1.403715346462142944e+09 1.855966406000000013e-01 -1.071676465799999978e+00 1.540154594799999943e+00 3.394745732000000182e-01 4.614537286000000016e-01 -6.785127331000000428e-01 4.598238157699999773e-01
1.403715346512143135e+09 2.017633930999999936e-01 -1.037774546799999920e+00 1.541010016600000032e+00 3.414202993000000075e-01 4.583253889000000192e-01 -6.782282375000000529e-01 4.619269151789999750e-01
1.403715346562143087e+09 2.176900032000000096e-01 -1.004343701200000050e+00 1.541728177400000011e+00 3.425487422999999865e-01 4.555570929000000158e-01 -6.788209017999999872e-01 4.629581811510000144e-01
1.403715346612143040e+09 2.331842963000000102e-01 -9.715843950000000451e-01 1.542738705899999951e+00 3.441839783999999791e-01 4.518737931999999846e-01 -6.798958014999999522e-01 4.637770618629999952e-01
1.403715346662142992e+09 2.478404576999999886e-01 -9.395903235000000464e-01 1.543611922199999986e+00 3.441428095999999881e-01 4.490834094999999748e-01 -6.812827526000000411e-01 4.644821083580000232e-01
1.403715346712143183e+09 2.617007411999999755e-01 -9.082765001000000504e-01 1.544941289999999912e+00 3.443968773000000150e-01 4.460419536999999934e-01 -6.820391705999999665e-01 4.661115062510000073e-01
1.403715346762142897e+09 2.746388900999999771e-01 -8.774793040999999683e-01 1.546162724500000030e+00 3.442117385999999835e-01 4.434881888000000161e-01 -6.833559337000000289e-01 4.667560104460000137e-01
1.403715346812143087e+09 2.867046696000000172e-01 -8.474152983999999611e-01 1.547182758299999961e+00 3.430389811999999816e-01 4.415216297999999817e-01 -6.851243060999999690e-01 4.668914144899999896e-01
1.403715346862143040e+09 2.981022865999999882e-01 -8.181325101999999960e-01 1.547835715800000012e+00 3.401559196000000229e-01 4.410234446999999891e-01 -6.868132228000000117e-01 4.669902231429999828e-01
1.403715346912142992e+09 3.089506894999999864e-01 -7.892450729000000109e-01 1.548574418300000088e+00 3.391338555999999782e-01 4.392278989999999772e-01 -6.899858439999999593e-01 4.647436022470000094e-01
1.403715346962142944e+09 3.193296797999999881e-01 -7.611831633000000208e-01 1.549198716999999892e+00 3.376932779999999856e-01 4.377602807000000040e-01 -6.936286309000000427e-01 4.617450693080000224e-01
1.403715347012143135e+09 3.294709243999999759e-01 -7.341653973999999749e-01 1.550098746199999988e+00 3.362646048999999859e-01 4.366655520000000124e-01 -6.968553095999999725e-01 4.589575021060000037e-01
1.403715347062143087e+09 3.390661400000000159e-01 -7.084647343000000097e-01 1.551269092400000105e+00 3.342617487999999804e-01 4.362997891000000017e-01 -6.996800398000000420e-01 4.564640392909999900e-01
1.403715347112143040e+09 3.485473873000000111e-01 -6.840108843000000105e-01 1.553002844399999915e+00 3.314109721999999869e-01 4.382523251000000064e-01 -6.995598938000000544e-01 4.568562377839999744e-01
1.403715347162142992e+09 3.577669553999999752e-01 -6.601505621000000046e-01 1.554495179199999910e+00 3.289271524999999863e-01 4.419440376000000059e-01 -6.980890040999999657e-01 4.573446603019999945e-01
1.403715347212143183e+09 3.672501174999999729e-01 -6.372032546000000464e-01 1.556823536600000057e+00 3.274948664999999814e-01 4.470872505999999857e-01 -6.946009842999999462e-01 4.586824341099999813e-01
1.403715347262142897e+09 3.772037239000000097e-01 -6.146536562000000092e-01 1.559622704399999948e+00 3.283356497000000096e-01 4.525416244000000088e-01 -6.900390174999999626e-01 4.596171598750000142e-01
1.403715347312143087e+09 3.878093819000000275e-01 -5.925224121000000066e-01 1.563273166299999906e+00 3.302204482000000163e-01 4.591534663999999877e-01 -6.842043924999999804e-01 4.604312100649999850e-01
1.403715347362143040e+09 3.978974610000000078e-01 -5.705698013000000124e-01 1.566758899599999921e+00 3.330679555000000125e-01 4.665907288999999736e-01 -6.772645106000000359e-01 4.611633240599999906e-01
1.403715347412142992e+09 4.080990089000000043e-01 -5.486199696000000348e-01 1.570475258399999907e+00 3.356280294999999803e-01 4.753200191999999991e-01 -6.688954146000000156e-01 4.626052632229999961e-01
1.403715347462142944e+09 4.181208925000000076e-01 -5.258376876000000477e-01 1.574401681099999895e+00 3.390399747999999769e-01 4.840176453000000212e-01 -6.613735017999999855e-01 4.619133096390000137e-01
1.403715347512143135e+09 4.281891896999999725e-01 -5.026484519999999678e-01 1.578580555000000052e+00 3.417029368000000233e-01 4.922670762999999949e-01 -6.539388505000000018e-01 4.618183716559999819e-01
1.403715347562143087e+09 4.385911123999999828e-01 -4.790505153999999877e-01 1.583068135900000062e+00 3.444637360000000204e-01 4.990217259999999988e-01 -6.471319065999999731e-01 4.621064238240000233e-01
1.403715347612143040e+09 4.488657943000000095e-01 -4.545727392000000200e-01 1.587771268800000080e+00 3.472574529999999937e-01 5.046479812999999925e-01 -6.412779562000000544e-01 4.620662931260000050e-01
1.403715347662142992e+09 4.592401143000000019e-01 -4.291244008999999804e-01 1.592616794500000044e+00 3.513125643000000187e-01 5.082147178999999459e-01 -6.368072670000000102e-01 4.612740912930000103e-01
1.403715347712143183e+09 4.692552871999999820e-01 -4.028193762000000233e-01 1.597591155299999954e+00 3.572666917999999803e-01 5.092696443999999989e-01 -6.348976466000000318e-01 4.581592720700000121e-01
1.403715347762142897e+09 4.790508030999999778e-01 -3.756201605000000221e-01 1.602332728199999945e+00 3.632455784999999993e-01 5.096504697000000528e-01 -6.345509259999999596e-01 4.534910922759999852e-01
1.403715347812143087e+09 4.887204363000000051e-01 -3.477584417999999844e-01 1.606847473900000045e+00 3.686540092000000213e-01 5.109684328000000386e-01 -6.333760567999999758e-01 4.492663495209999747e-01
1.403715347862143040e+09 4.979148957000000264e-01 -3.193425605999999917e-01 1.610738196700000069e+00 3.753427263999999930e-01 5.123351631000000461e-01 -6.323490836999999809e-01 4.435821848470000162e-01
1.403715347912142992e+09 5.062838509999999514e-01 -2.906870359000000015e-01 1.614482288899999896e+00 3.823656330999999908e-01 5.145521027999999664e-01 -6.304841573999999671e-01 4.376327038430000149e-01
1.403715347962142944e+09 5.138785552000000312e-01 -2.622303991000000112e-01 1.618521906000000010e+00 3.912370020000000004e-01 5.162167243999999933e-01 -6.290812644000000065e-01 4.297797860149999982e-01
1.403715348012143135e+09 5.209032730999999528e-01 -2.342976810000000076e-01 1.622730662699999993e+00 4.008601562999999923e-01 5.185156333999999534e-01 -6.266958373000000027e-01 4.215507093490000190e-01
1.403715348062143087e+09 5.273406204999999680e-01 -2.073825356000000009e-01 1.626048403800000042e+00 4.087879533000000065e-01 5.232083873999999746e-01 -6.231647095000000247e-01 4.132930406909999799e-01
1.403715348112143040e+09 5.331485729999999590e-01 -1.816761895000000016e-01 1.629930638700000101e+00 4.163576232000000266e-01 5.294479476000000240e-01 -6.171653421999999667e-01 4.067408767049999763e-01
1.403715348162142992e+09 5.380855941000000087e-01 -1.573994378999999944e-01 1.632979954899999919e+00 4.223906785000000053e-01 5.377146337000000553e-01 -6.108214737999999588e-01 3.991819316690000119e-01
1.403715348212143183e+09 5.423923953999999492e-01 -1.347616806999999972e-01 1.636074483200000040e+00 4.285676599000000087e-01 5.465375531999999703e-01 -6.031666533999999746e-01 3.921944058990000093e-01
1.403715348262142897e+09 5.464000479999999715e-01 -1.139234534999999937e-01 1.638563816100000015e+00 4.325100044999999893e-01 5.572342425999999849e-01 -5.951095494999999458e-01 3.850580720219999864e-01
1.403715348312143087e+09 5.503202425000000009e-01 -9.512401739999999661e-02 1.640711336699999912e+00 4.360740905000000112e-01 5.674354086999999769e-01 -5.866994268999999873e-01 3.789989801829999894e-01
1.403715348362143040e+09 5.543965798000000111e-01 -7.791881100000000449e-02 1.641489957599999938e+00 4.391968195000000019e-01 5.765933533000000555e-01 -5.797073980000000404e-01 3.722708574849999952e-01
1.403715348412142992e+09 5.590037700000000109e-01 -6.251525709999999902e-02 1.640679997799999956e+00 4.409020585999999797e-01 5.848153965000000287e-01 -5.732525063000000198e-01 3.673933732569999999e-01
1.403715348462142944e+09 5.638636586999999922e-01 -4.879724369999999950e-02 1.637352065299999992e+00 4.421590418999999939e-01 5.914513472000000327e-01 -5.688939358000000279e-01 3.619949935339999980e-01
1.403715348512143135e+09 5.693334038999999791e-01 -3.655816230000000222e-02 1.630769375799999921e+00 4.429481245999999928e-01 5.968966083000000200e-01 -5.647593708000000490e-01 3.585502071619999787e-01
1.403715348562143087e+09 5.758766091000000475e-01 -2.530583429999999981e-02 1.621313849899999937e+00 4.442793440000000205e-01 6.004674653999999556e-01 -5.617984918999999744e-01 3.555800077960000194e-01
1.403715348612143040e+09 5.838319612000000269e-01 -1.518485150000000068e-02 1.609692473600000007e+00 4.473850342999999841e-01 6.018602271999999864e-01 -5.590153646000000087e-01 3.537127649590000034e-01
1.403715348662142992e+09 5.921357611999999992e-01 -6.105091600000000195e-03 1.595718372199999902e+00 4.521749968000000064e-01 6.010575189000000318e-01 -5.575405368000000417e-01 3.513063920119999795e-01
1.403715348712143183e+09 6.010045598000000044e-01 1.290019199999999956e-03 1.579597379900000043e+00 4.560770751000000067e-01 6.004069578999999823e-01 -5.563715851999999629e-01 3.492217714479999846e-01
1.403715348762142897e+09 6.108433805999999855e-01 7.109336699999999759e-03 1.562507108599999972e+00 4.589872428999999809e-01 6.004066289999999695e-01 -5.557903505000000299e-01 3.463230818149999890e-01
1.403715348812143087e+09 6.209884984000000330e-01 1.144370509999999980e-02 1.545361258600000065e+00 4.617195631000000078e-01 6.012740099000000171e-01 -5.538745432999999663e-01 3.442493288139999996e-01
1.403715348862143040e+09 6.314221238999999652e-01 1.417621399999999948e-02 1.528722997300000053e+00 4.649885369999999796e-01 6.026455201000000539e-01 -5.507260053000000433e-01 3.424980360700000115e-01
1.403715348912142992e+09 6.418888669000000213e-01 1.483570019999999948e-02 1.512520322100000092e+00 4.674579392000000055e-01 6.044073747000000552e-01 -5.478687260000000281e-01 3.406092476740000263e-01
1.403715348962142944e+09 6.524312420000000223e-01 1.352053360000000058e-02 1.496976565600000031e+00 4.688273652000000125e-01 6.068121736999999571e-01 -5.452999452000000247e-01 3.385673598000000228e-01
1.403715349012143135e+09 6.636388075000000386e-01 1.023960190000000083e-02 1.482123679300000108e+00 4.699901421000000079e-01 6.091603767000000058e-01 -5.414831841999999673e-01 3.388640774980000159e-01
1.403715349062143087e+09 6.754129056000000020e-01 5.252581099999999691e-03 1.467539986000000019e+00 4.705746442000000029e-01 6.116751924000000118e-01 -5.377068667000000080e-01 3.395354011519999826e-01
1.403715349112143040e+09 6.873676999000000176e-01 -1.272643400000000088e-03 1.453467264199999942e+00 4.707747023000000142e-01 6.150365133999999845e-01 -5.324751930000000133e-01 3.414255930790000004e-01
1.403715349162142992e+09 6.990136744999999596e-01 -9.187810399999999517e-03 1.440051950199999986e+00 4.721063138000000103e-01 6.175666348999999666e-01 -5.278624538999999727e-01 3.421816910869999728e-01
1.403715349212143183e+09 7.108803039000000101e-01 -1.840525529999999937e-02 1.427207864099999890e+00 4.737757371999999911e-01 6.196002792000000481e-01 -5.230366637000000152e-01 3.436054326249999846e-01
1.403715349262142897e+09 7.225641848999999617e-01 -2.868504969999999960e-02 1.414912313399999899e+00 4.759782833999999796e-01 6.209912462000000133e-01 -5.190192367000000528e-01 3.441417989309999981e-01
1.403715349312143087e+09 7.340330738000000466e-01 -4.024440280000000231e-02 1.403592325400000007e+00 4.793781783000000130e-01 6.209221750000000206e-01 -5.158610482000000053e-01 3.442957938649999772e-01
1.403715349362143040e+09 7.452092227000000069e-01 -5.315462440000000288e-02 1.391843371800000062e+00 4.804848111000000199e-01 6.222686094999999584e-01 -5.125395334000000247e-01 3.452815526229999765e-01
1.403715349412142992e+09 7.558362175999999710e-01 -6.728699779999999797e-02 1.379871953299999898e+00 4.811728194000000070e-01 6.232240395000000488e-01 -5.090519078999999891e-01 3.477508727529999843e-01
1.403715349462142944e+09 7.657752119999999829e-01 -8.252710659999999698e-02 1.367435716899999987e+00 4.804993725999999743e-01 6.244560792000000138e-01 -5.068248014999999773e-01 3.497192856379999770e-01
1.403715349512143135e+09 7.750367341999999660e-01 -9.832510149999999782e-02 1.354959898499999982e+00 4.792974845999999900e-01 6.257646113999999482e-01 -5.045858832999999821e-01 3.522579434549999999e-01
1.403715349562143087e+09 7.831761515999999812e-01 -1.144821396000000047e-01 1.341590192600000009e+00 4.769985143000000094e-01 6.286058451999999575e-01 -5.029819259000000153e-01 3.526135149849999872e-01
1.403715349612143040e+09 7.900782590999999577e-01 -1.307858474999999965e-01 1.328178949100000006e+00 4.757079979000000125e-01 6.318139286999999715e-01 -5.007641847999999563e-01 3.517787535820000033e-01
1.403715349662142992e+09 7.958169468000000357e-01 -1.471472956000000054e-01 1.315087933600000092e+00 4.756289202000000271e-01 6.350556470999999537e-01 -4.984092891999999941e-01 3.493846529719999983e-01
1.403715349712143183e+09 8.003276062999999940e-01 -1.633351304000000004e-01 1.302200877500000020e+00 4.761660235999999879e-01 6.389603712000000435e-01 -4.959179934999999873e-01 3.450520332179999872e-01
1.403715349762142897e+09 8.041611210000000343e-01 -1.794978262999999963e-01 1.290422267000000067e+00 4.779195426000000246e-01 6.429275931000000277e-01 -4.923950621000000027e-01 3.402706623940000008e-01
1.403715349812143087e+09 8.071239840999999693e-01 -1.955951113999999935e-01 1.279693806200000061e+00 4.807902453999999826e-01 6.468828959000000323e-01 -4.891732317999999968e-01 3.333058778540000100e-01
1.403715349862143040e+09 8.096109243000000344e-01 -2.116946671000000113e-01 1.269592651800000027e+00 4.844666537999999800e-01 6.508505492999999698e-01 -4.845583018999999880e-01 3.269386422880000143e-01
1.403715349912142992e+09 8.119350905000000118e-01 -2.279837007999999943e-01 1.259918115799999905e+00 4.877732730000000072e-01 6.556296074999999890e-01 -4.782813759000000275e-01 3.216737127190000267e-01
1.403715349962142944e+09 8.136569522000000054e-01 -2.444639949000000090e-01 1.250721042999999977e+00 4.911413192999999899e-01 6.607420397000000056e-01 -4.716810980000000209e-01 3.157801501999999982e-01
1.403715350012143135e+09 8.151256856999999911e-01 -2.617595892999999840e-01 1.241492040200000035e+00 4.933312831000000176e-01 6.663143971999999637e-01 -4.645866444999999789e-01 3.111408345539999898e-01
1.403715350062143087e+09 8.165917061999999893e-01 -2.797536816000000259e-01 1.232541802499999894e+00 4.950872331000000237e-01 6.711592239000000459e-01 -4.579314803000000267e-01 3.077867559069999981e-01
1.403715350112143040e+09 8.175967443999999640e-01 -2.983775216999999813e-01 1.222580655300000041e+00 4.931009882999999872e-01 6.777622142000000460e-01 -4.529443106000000108e-01 3.038605729400000177e-01
1.403715350162142992e+09 8.186848702000000255e-01 -3.172707080000000124e-01 1.212683618600000068e+00 4.915445452000000159e-01 6.830070142999999927e-01 -4.497908554999999753e-01 2.992884306629999824e-01
1.403715350212143183e+09 8.204937985000000378e-01 -3.364676562000000204e-01 1.202881855200000016e+00 4.886411339000000242e-01 6.882726746999999756e-01 -4.466579464000000055e-01 2.966601531429999827e-01
1.403715350262142897e+09 8.225527092000000096e-01 -3.559606627999999939e-01 1.192556922899999927e+00 4.829566638000000189e-01 6.947460155000000359e-01 -4.441457630999999795e-01 2.946444909200000017e-01
1.403715350312143087e+09 8.253174475000000232e-01 -3.749547904000000154e-01 1.182243937700000025e+00 4.776132433999999982e-01 7.002265951999999682e-01 -4.417462155999999918e-01 2.939873912550000079e-01
1.403715350362143040e+09 8.286613631000000479e-01 -3.931769021000000031e-01 1.171900991100000011e+00 4.726509863000000200e-01 7.046690609000000327e-01 -4.403901420999999927e-01 2.934264515500000226e-01
1.403715350412142992e+09 8.328343071999999569e-01 -4.102551551999999990e-01 1.161649010299999896e+00 4.675815824999999815e-01 7.086075306000000351e-01 -4.385777829999999988e-01 2.947750999920000226e-01
1.403715350462142944e+09 8.377548542999999626e-01 -4.255913642999999968e-01 1.151498490000000041e+00 4.633457760999999953e-01 7.115507709999999708e-01 -4.371266992999999768e-01 2.965239296170000260e-01
1.403715350512143135e+09 8.434655936999999604e-01 -4.388185931999999956e-01 1.141549862099999979e+00 4.601546378999999964e-01 7.134254051999999735e-01 -4.357481058000000074e-01 2.990075062040000176e-01
1.403715350562143087e+09 8.499538569000000265e-01 -4.498167410999999727e-01 1.131862550899999986e+00 4.577471153000000070e-01 7.145222634000000239e-01 -4.354947344999999803e-01 3.004494129429999827e-01
1.403715350612143040e+09 8.573382363999999534e-01 -4.581154857999999996e-01 1.122726401700000043e+00 4.573358547999999968e-01 7.139868169999999958e-01 -4.364341520999999724e-01 3.009850028050000126e-01
1.403715350662142992e+09 8.653845437999999612e-01 -4.639214398000000017e-01 1.114169153800000034e+00 4.579065547999999763e-01 7.128527796000000416e-01 -4.380336210999999924e-01 3.004813613369999858e-01
1.403715350712143183e+09 8.740654868999999660e-01 -4.673280733999999881e-01 1.106061429199999946e+00 4.596782375999999837e-01 7.109855961000000057e-01 -4.402485036000000074e-01 2.989592865449999803e-01
1.403715350762142897e+09 8.835861893999999994e-01 -4.687468886999999751e-01 1.098308848300000085e+00 4.613753627000000135e-01 7.092563398000000241e-01 -4.424479805000000043e-01 2.972002756129999979e-01
1.403715350812143087e+09 8.940849158000000463e-01 -4.683342869000000075e-01 1.091138305100000094e+00 4.635035492999999840e-01 7.075753470000000211e-01 -4.434497772000000060e-01 2.964015572889999728e-01
1.403715350862143040e+09 9.055521528000000098e-01 -4.666117650000000117e-01 1.084324333399999896e+00 4.647985222000000083e-01 7.066379361000000303e-01 -4.423241896999999812e-01 2.982858900579999917e-01
1.403715350912142992e+09 9.175504338000000093e-01 -4.634059226000000198e-01 1.077849883000000064e+00 4.648811145999999783e-01 7.067696002000000144e-01 -4.400937288999999808e-01 3.011308539600000000e-01
1.403715350962142944e+09 9.299877014999999858e-01 -4.584997304000000273e-01 1.072063482399999934e+00 4.655021208999999827e-01 7.064991744999999934e-01 -4.378604448000000260e-01 3.040475665460000143e-01
1.403715351012143135e+09 9.424915660999999556e-01 -4.518394109000000158e-01 1.066719490099999890e+00 4.656795833999999856e-01 7.066857651000000295e-01 -4.363346146000000036e-01 3.055320916600000047e-01
1.403715351062143087e+09 9.548667945000000046e-01 -4.431180726000000236e-01 1.062045136000000056e+00 4.657140537000000191e-01 7.071530306000000099e-01 -4.352679769999999726e-01 3.059195969230000256e-01
1.403715351112143040e+09 9.673446984000000359e-01 -4.323086488999999810e-01 1.058431005799999935e+00 4.659558885000000261e-01 7.071939791000000364e-01 -4.345211183000000088e-01 3.065178358319999852e-01
1.403715351162142992e+09 9.796673112999999544e-01 -4.193939590999999911e-01 1.055565467100000099e+00 4.667973981999999911e-01 7.069857724000000454e-01 -4.351329784999999895e-01 3.048452028870000108e-01
1.403715351212143183e+09 9.920605998000000536e-01 -4.048278892000000129e-01 1.052940824400000031e+00 4.674819289000000100e-01 7.070069737999999937e-01 -4.357972260999999903e-01 3.027912858449999800e-01
1.403715351262142897e+09 1.004699128499999983e+00 -3.886696485000000201e-01 1.050754384300000011e+00 4.679585130000000204e-01 7.070576270999999746e-01 -4.361179678000000060e-01 3.014721548809999874e-01
1.403715351312143087e+09 1.017872824699999956e+00 -3.704651797999999885e-01 1.050061534599999957e+00 4.722168883000000261e-01 7.044896858000000428e-01 -4.357928054999999912e-01 3.013139950200000028e-01
1.403715351362143040e+09 1.031122217200000080e+00 -3.510541415000000276e-01 1.049376942399999901e+00 4.750826385999999957e-01 7.026435537999999870e-01 -4.348792927999999836e-01 3.024376356649999820e-01
1.403715351412142992e+09 1.044179014700000074e+00 -3.304059529999999745e-01 1.049152293999999985e+00 4.785246910000000020e-01 7.002867337000000525e-01 -4.342081004000000188e-01 3.034401690860000222e-01
1.403715351462142944e+09 1.057041932700000020e+00 -3.088452361999999840e-01 1.049005154799999895e+00 4.802444813000000257e-01 6.989782131999999759e-01 -4.330786330999999989e-01 3.053483144640000146e-01
1.403715351512143135e+09 1.069415936499999997e+00 -2.862279910000000149e-01 1.049077414699999933e+00 4.814188102999999996e-01 6.979042012999999711e-01 -4.324402923999999815e-01 3.068567229279999808e-01
1.403715351562143087e+09 1.081496555600000020e+00 -2.624976216000000084e-01 1.050248124699999952e+00 4.848092380999999840e-01 6.951889144999999770e-01 -4.308035635999999946e-01 3.099688136370000180e-01
1.403715351612143040e+09 1.092916073200000060e+00 -2.378539151000000074e-01 1.052303384300000033e+00 4.895887465000000049e-01 6.913497295999999626e-01 -4.281715500000000119e-01 3.146546273899999968e-01
1.403715351662142992e+09 1.102778887199999946e+00 -2.123293277999999951e-01 1.053974101799999952e+00 4.919483154000000025e-01 6.899189109000000153e-01 -4.262917607999999747e-01 3.166608375669999753e-01
1.403715351712143183e+09 1.111131432399999897e+00 -1.857787875999999949e-01 1.055645650500000032e+00 4.923119890000000054e-01 6.908520750000000099e-01 -4.244246161999999933e-01 3.165692043459999994e-01
1.403715351762142897e+09 1.117805772999999947e+00 -1.582039507999999928e-01 1.057638674999999973e+00 4.920164403000000242e-01 6.932399914000000329e-01 -4.227775093999999734e-01 3.140020929480000222e-01
1.403715351812143087e+09 1.122917920099999911e+00 -1.293985128000000040e-01 1.060351554599999968e+00 4.939288762999999860e-01 6.951815072000000484e-01 -4.211322532999999813e-01 3.088762897460000101e-01
1.403715351862143040e+09 1.126768108899999898e+00 -9.961978089999999619e-02 1.063543660699999949e+00 4.962852998000000238e-01 6.976838000999999734e-01 -4.192736076999999950e-01 3.019070355919999948e-01
1.403715351912142992e+09 1.129586879100000107e+00 -6.919852440000000271e-02 1.066626783500000064e+00 4.991982065000000190e-01 7.004111325999999860e-01 -4.163678512999999803e-01 2.947256492890000246e-01
1.403715351962142944e+09 1.131824540400000023e+00 -3.812032459999999817e-02 1.070239965200000087e+00 5.028315244000000073e-01 7.031057262000000030e-01 -4.137555874000000133e-01 2.856730820000000226e-01
1.403715352012143135e+09 1.133464148500000102e+00 -6.873348700000000283e-03 1.074717129599999987e+00 5.065220535000000135e-01 7.061853403000000196e-01 -4.098588348000000159e-01 2.770440580080000270e-01
1.403715352062143087e+09 1.134648364200000037e+00 2.418255240000000139e-02 1.079812380499999946e+00 5.097928033999999942e-01 7.096023473000000470e-01 -4.055275602999999784e-01 2.685576366999999909e-01
1.403715352112143040e+09 1.136159988399999987e+00 5.489391670000000334e-02 1.085926577199999965e+00 5.119773465000000412e-01 7.131634569999999451e-01 -4.004102374999999880e-01 2.625808867650000211e-01
1.403715352162142992e+09 1.137600324699999943e+00 8.537523850000000580e-02 1.092358044400000061e+00 5.150405256000000209e-01 7.154197871999999903e-01 -3.965338518000000034e-01 2.562590281109999868e-01
1.403715352212143183e+09 1.139138364999999986e+00 1.153905999000000016e-01 1.098854992199999936e+00 5.181727262999999972e-01 7.168314650999999538e-01 -3.934916142000000061e-01 2.506272649249999818e-01
1.403715352262142897e+09 1.141054951299999898e+00 1.447179436000000097e-01 1.104846700600000009e+00 5.192423400000000244e-01 7.189225057999999446e-01 -3.908645494999999914e-01 2.465009676709999931e-01
1.403715352312143087e+09 1.143533739200000010e+00 1.736481994999999889e-01 1.110198309500000091e+00 5.192220624000000173e-01 7.213479917999999769e-01 -3.888347249999999922e-01 2.426377572919999892e-01
1.403715352362143040e+09 1.146701416900000048e+00 2.020498884999999967e-01 1.115219541299999895e+00 5.197840358999999966e-01 7.228270149000000089e-01 -3.870414412000000026e-01 2.398845250499999915e-01
1.403715352412142992e+09 1.150284036600000004e+00 2.300269528999999979e-01 1.119920716300000008e+00 5.220567535000000259e-01 7.224456301999999663e-01 -3.878135159000000165e-01 2.347972198970000035e-01
1.403715352462142944e+09 1.154203403599999955e+00 2.574090263000000101e-01 1.124515323000000011e+00 5.258792678000000498e-01 7.204995316000000205e-01 -3.907993445999999871e-01 2.271723857440000049e-01
1.403715352512143135e+09 1.159350046399999945e+00 2.839079116000000069e-01 1.128806677900000111e+00 5.299759588000000354e-01 7.181608533000000127e-01 -3.927796189000000160e-01 2.215731094579999894e-01
1.403715352562143087e+09 1.165700044700000104e+00 3.089916020999999846e-01 1.132034292599999992e+00 5.319393188000000050e-01 7.175069039999999454e-01 -3.920876812999999905e-01 2.202082060610000003e-01
1.403715352612143040e+09 1.173413317999999927e+00 3.325715066000000109e-01 1.134248397899999983e+00 5.318144202000000265e-01 7.184080521000000275e-01 -3.885870804000000067e-01 2.237484616189999997e-01
1.403715352662142992e+09 1.181785365999999948e+00 3.549030127000000201e-01 1.135721738099999989e+00 5.310950465999999537e-01 7.196313819999999861e-01 -3.853255855000000119e-01 2.271407464140000054e-01
1.403715352712143183e+09 1.191051380500000034e+00 3.764090717999999947e-01 1.137440918700000081e+00 5.317559792999999591e-01 7.195043356000000445e-01 -3.823860628999999900e-01 2.309328654799999991e-01
1.403715352762142897e+09 1.200631879299999927e+00 3.969517994999999799e-01 1.138784439900000001e+00 5.321209742000000409e-01 7.195433656999999927e-01 -3.785272157999999831e-01 2.362662918360000086e-01
1.403715352812143087e+09 1.210097931600000010e+00 4.165913963000000275e-01 1.140178822900000055e+00 5.337202852000000330e-01 7.185730633000000367e-01 -3.755002045999999982e-01 2.404059196920000085e-01
1.403715352862143040e+09 1.219279250100000045e+00 4.353700616000000245e-01 1.141175508399999927e+00 5.343383297999999559e-01 7.183522782000000273e-01 -3.728036290000000252e-01 2.438647327239999996e-01
1.403715352912142992e+09 1.227997708900000040e+00 4.532791098000000241e-01 1.142092480899999929e+00 5.335951802999999716e-01 7.189751791999999808e-01 -3.706869326000000187e-01 2.468644834679999955e-01
1.403715352962142944e+09 1.235767238700000048e+00 4.705254051000000159e-01 1.143597573000000089e+00 5.347489193000000141e-01 7.182358908000000541e-01 -3.705581787000000182e-01 2.467132640440000135e-01
1.403715353012143135e+09 1.242821736600000060e+00 4.872180711999999914e-01 1.145529161900000092e+00 5.364491083000000327e-01 7.171143737999999823e-01 -3.715810250000000092e-01 2.447383725070000071e-01
1.403715353062143087e+09 1.249461722399999974e+00 5.029480174999999553e-01 1.147542485900000075e+00 5.366080905000000234e-01 7.171948465999999911e-01 -3.715334200000000031e-01 2.442257708799999982e-01
1.403715353112143040e+09 1.255570489599999950e+00 5.177799874999999830e-01 1.150204285600000098e+00 5.356058638999999788e-01 7.183585259000000445e-01 -3.707857449999999999e-01 2.441420038619999955e-01
1.403715353162142992e+09 1.261225744799999937e+00 5.316313726000000406e-01 1.154648440399999920e+00 5.342296305000000523e-01 7.199118140000000388e-01 -3.701208999000000222e-01 2.435902325679999980e-01
1.403715353212143183e+09 1.266387484200000024e+00 5.446163027999999517e-01 1.161759141699999942e+00 5.334653630000000257e-01 7.210229825999999731e-01 -3.692179342999999947e-01 2.433488896509999888e-01
1.403715353262142897e+09 1.270971161400000105e+00 5.567122420000000238e-01 1.171984555399999905e+00 5.332663631999999820e-01 7.219355744000000019e-01 -3.682384172000000011e-01 2.425623227610000099e-01
1.403715353312143087e+09 1.275035827800000021e+00 5.678774484999999927e-01 1.184989088500000065e+00 5.327674741000000269e-01 7.230651267000000049e-01 -3.675960303999999956e-01 2.412649984920000046e-01
1.403715353362143040e+09 1.278672616900000003e+00 5.782798839999999663e-01 1.199020114499999901e+00 5.319234725999999469e-01 7.246265389999999584e-01 -3.666223041000000182e-01 2.399205792759999956e-01
1.403715353412142992e+09 1.282116912700000055e+00 5.881771275999999604e-01 1.211468387600000085e+00 5.307204938999999788e-01 7.266236846000000416e-01 -3.644812684000000025e-01 2.398065538860000012e-01
1.403715353462142944e+09 1.285394121099999953e+00 5.981254654000000004e-01 1.221190753699999965e+00 5.304268024999999609e-01 7.279262660999999968e-01 -3.623730863999999885e-01 2.397008647470000031e-01
1.403715353512143135e+09 1.288398727999999993e+00 6.078559645000000122e-01 1.227343966799999908e+00 5.297327447999999883e-01 7.293689542000000303e-01 -3.609255432999999846e-01 2.390332611519999928e-01
1.403715353562143087e+09 1.291056251799999943e+00 6.171047403999999625e-01 1.229569426300000101e+00 5.289755194999999910e-01 7.307235934000000377e-01 -3.593421779000000038e-01 2.389584253750000054e-01
1.403715353612143040e+09 1.293178358000000028e+00 6.261939886999999816e-01 1.228185897099999924e+00 5.289470713999999685e-01 7.316661317000000553e-01 -3.581681684999999948e-01 2.378975210469999879e-01
1.403715353662142992e+09 1.295130679399999929e+00 6.349183752999999486e-01 1.223887815699999937e+00 5.287439463999999978e-01 7.326883202999999734e-01 -3.560443282999999903e-01 2.383906471920000103e-01
1.403715353712143183e+09 1.296705152799999983e+00 6.433794318000000123e-01 1.217915297500000049e+00 5.286074169000000156e-01 7.335539092999999733e-01 -3.542506229999999867e-01 2.387034920070000010e-01
1.403715353762142897e+09 1.297782479100000108e+00 6.516604244999999462e-01 1.211092899400000089e+00 5.287410535000000023e-01 7.343169069999999632e-01 -3.524663724000000053e-01 2.387028170299999863e-01
1.403715353812143087e+09 1.298417509499999900e+00 6.601576126999999516e-01 1.203627470700000091e+00 5.290095745999999766e-01 7.349451795000000454e-01 -3.503092991999999795e-01 2.393487998430000041e-01
1.403715353862143040e+09 1.298512945499999960e+00 6.687711340999999976e-01 1.195692739600000110e+00 5.292999455000000353e-01 7.353947213000000538e-01 -3.492242986999999910e-01 2.389111983199999900e-01
1.403715353912142992e+09 1.298115839200000066e+00 6.774275155000000215e-01 1.187541683699999906e+00 5.302055967000000036e-01 7.354660936000000371e-01 -3.478938414000000146e-01 2.386242349159999887e-01
1.403715353962142944e+09 1.296946700799999963e+00 6.859641841000000406e-01 1.178627025800000006e+00 5.299928542999999825e-01 7.362428789999999612e-01 -3.472457601000000227e-01 2.376433874960000026e-01
1.403715354012143135e+09 1.295304194999999936e+00 6.944618912000000144e-01 1.169059297400000030e+00 5.298950024999999897e-01 7.369195226000000432e-01 -3.469048297999999808e-01 2.362582117450000019e-01
1.403715354062143087e+09 1.293033869400000091e+00 7.032215901999999685e-01 1.159108687500000068e+00 5.294172748000000039e-01 7.377840302999999489e-01 -3.486360392999999780e-01 2.320452237350000002e-01
1.403715354112143040e+09 1.290234500099999959e+00 7.120577957000000513e-01 1.149954895500000074e+00 5.309844325999999448e-01 7.370896643000000026e-01 -3.523860501000000145e-01 2.248964892280000127e-01
1.403715354162142992e+09 1.287445571299999925e+00 7.204403270000000470e-01 1.140786070299999899e+00 5.325481664000000226e-01 7.362367650000000152e-01 -3.561353445000000062e-01 2.179804869629999864e-01
1.403715354212143183e+09 1.284931793199999950e+00 7.280539866999999887e-01 1.131349465700000057e+00 5.333291811999999465e-01 7.359289735999999804e-01 -3.590513687999999926e-01 2.122513718450000086e-01
1.403715354262142897e+09 1.283367562800000083e+00 7.347437381000000434e-01 1.122010746199999964e+00 5.326656450000000209e-01 7.366542697000000306e-01 -3.603311605000000251e-01 2.092110234569999894e-01
1.403715354312143087e+09 1.282650292000000025e+00 7.405914650999999571e-01 1.113003123799999994e+00 5.317309019000000525e-01 7.376778410000000008e-01 -3.596363643000000110e-01 2.091777626309999916e-01
1.403715354362143040e+09 1.282746953600000017e+00 7.455678892999999530e-01 1.103602274400000027e+00 5.291380357999999617e-01 7.398666108000000463e-01 -3.579049167999999725e-01 2.109843780900000076e-01
1.403715354412142992e+09 1.283747386599999984e+00 7.500806330999999494e-01 1.094293464499999979e+00 5.260938218999999805e-01 7.423594069000000184e-01 -3.553658471000000207e-01 2.141095893009999918e-01
1.403715354462142944e+09 1.285586077700000107e+00 7.545352851000000083e-01 1.085293417499999968e+00 5.234616466000000523e-01 7.445701018000000504e-01 -3.528904520999999739e-01 2.169598968960000096e-01
1.403715354512143135e+09 1.287975947100000074e+00 7.590683077000000001e-01 1.076583785700000018e+00 5.217206292999999606e-01 7.460716665000000081e-01 -3.507268366999999887e-01 2.194888139310000041e-01
1.403715354562143087e+09 1.290637888400000044e+00 7.638931073000000405e-01 1.068548426500000037e+00 5.210678898999999697e-01 7.466457990000000544e-01 -3.498145963000000025e-01 2.205403662360000128e-01
1.403715354612143040e+09 1.293523036300000095e+00 7.690560473999999980e-01 1.062998976300000065e+00 5.217210763999999834e-01 7.461756887999999588e-01 -3.496286136999999794e-01 2.208818514039999903e-01
1.403715354662142992e+09 1.296951028100000070e+00 7.745140382999999851e-01 1.059789129399999918e+00 5.216963553000000253e-01 7.460695744999999990e-01 -3.497452728000000066e-01 2.211138778089999923e-01
1.403715354712143183e+09 1.301194751799999993e+00 7.803482384000000049e-01 1.059747898999999993e+00 5.219886709000000069e-01 7.457003200999999803e-01 -3.501997282000000045e-01 2.209502442759999907e-01
1.403715354762142897e+09 1.306152858099999925e+00 7.862126965000000300e-01 1.063243440299999953e+00 5.220864227000000524e-01 7.453935025000000270e-01 -3.506494407999999896e-01 2.210413158260000066e-01
1.403715354812143087e+09 1.311375182399999950e+00 7.922728439999999761e-01 1.069930818700000064e+00 5.219486047000000406e-01 7.453920939999999495e-01 -3.515550172999999945e-01 2.199303300480000001e-01
1.403715354862143040e+09 1.317044755700000014e+00 7.982606700000000055e-01 1.079300770299999934e+00 5.219188868999999897e-01 7.453240508999999792e-01 -3.513069577999999860e-01 2.206267346930000095e-01
1.403715354912142992e+09 1.322926783700000053e+00 8.046297242000000072e-01 1.091924317699999980e+00 5.239380035999999796e-01 7.440350288000000534e-01 -3.527879619000000022e-01 2.178106936110000003e-01
1.403715354962142944e+09 1.329161145100000052e+00 8.110374961999999854e-01 1.106198117699999983e+00 5.259434169000000159e-01 7.428876159999999729e-01 -3.536373800000000012e-01 2.155043287669999863e-01
1.403715355012143135e+09 1.335815579099999928e+00 8.171882767999999464e-01 1.121754311599999943e+00 5.284629873999999727e-01 7.415104997000000475e-01 -3.538127722000000142e-01 2.137886152959999897e-01
1.403715355062143087e+09 1.343057662199999891e+00 8.229707159000000383e-01 1.136389065099999929e+00 5.290434741999999746e-01 7.415830141000000486e-01 -3.529078860000000040e-01 2.135969557000000074e-01
1.403715355112143040e+09 1.350567472899999899e+00 8.284242762000000315e-01 1.150064400600000036e+00 5.284284097000000457e-01 7.429475719000000478e-01 -3.508008510999999774e-01 2.138482734280000019e-01
1.403715355162142992e+09 1.358046481699999974e+00 8.338218586000000210e-01 1.163119078000000028e+00 5.286815626999999962e-01 7.447154015000000404e-01 -3.472512925999999833e-01 2.128645479650000116e-01
1.403715355212143183e+09 1.365451389500000001e+00 8.391303914000000086e-01 1.175590631699999999e+00 5.289226488999999587e-01 7.473533316999999565e-01 -3.432372384999999859e-01 2.095042414759999971e-01
1.403715355262142897e+09 1.373144360600000002e+00 8.442607224999999493e-01 1.187421472300000058e+00 5.300044147000000372e-01 7.501818323000000177e-01 -3.369893120999999936e-01 2.067867073859999960e-01
1.403715355312143087e+09 1.380931409400000032e+00 8.494091150000000479e-01 1.198223156200000084e+00 5.303698019000000485e-01 7.542806441999999612e-01 -3.290824747000000161e-01 2.036499639440000065e-01
1.403715355362143040e+09 1.388760397099999988e+00 8.547496867999999637e-01 1.208628859100000064e+00 5.314669472999999922e-01 7.582879583999999618e-01 -3.204979426999999825e-01 1.995578231110000100e-01
1.403715355412142992e+09 1.396570668999999931e+00 8.603651797000000379e-01 1.219398952399999958e+00 5.344188839000000302e-01 7.613024152999999794e-01 -3.114760025000000154e-01 1.944165343779999944e-01
1.403715355462142944e+09 1.404436329799999994e+00 8.660303389000000296e-01 1.230007218999999985e+00 5.380117599999999500e-01 7.641163709999999609e-01 -3.024987708999999914e-01 1.875206955840000023e-01
1.403715355512143135e+09 1.412572751999999987e+00 8.717349146999999743e-01 1.240788208699999950e+00 5.424686905000000170e-01 7.662825929000000036e-01 -2.928275512999999886e-01 1.810821163580000059e-01
1.403715355562143087e+09 1.420652840900000102e+00 8.770541107999999531e-01 1.251160051899999903e+00 5.461116826999999896e-01 7.689308013000000219e-01 -2.829152933999999897e-01 1.745462392380000005e-01
1.403715355612143040e+09 1.428626700599999966e+00 8.822282732999999766e-01 1.260958853300000015e+00 5.492017866999999720e-01 7.718552917000000013e-01 -2.731599637000000080e-01 1.673333209600000038e-01
1.403715355662142992e+09 1.437132400699999923e+00 8.870563114999999721e-01 1.269701006500000062e+00 5.512639277999999976e-01 7.749773247000000254e-01 -2.629720226000000216e-01 1.623697735859999935e-01
1.403715355712143183e+09 1.445889777599999926e+00 8.916154871999999454e-01 1.278087448800000026e+00 5.530335428000000553e-01 7.775895090000000121e-01 -2.541602177999999768e-01 1.578323150900000083e-01
1.403715355762142897e+09 1.454895877200000021e+00 8.957505177000000263e-01 1.285882269500000064e+00 5.540954533999999931e-01 7.799721164999999790e-01 -2.465643120000000077e-01 1.543624503159999883e-01
1.403715355812143087e+09 1.463918430399999915e+00 8.995371343000000408e-01 1.293176798500000002e+00 5.540010789999999519e-01 7.824154305999999615e-01 -2.405317762999999998e-01 1.518333395620000137e-01
1.403715355862143040e+09 1.472881524800000008e+00 9.034298463000000057e-01 1.300359239899999908e+00 5.534683885000000192e-01 7.846128535999999931e-01 -2.360465941999999873e-01 1.494570783920000090e-01
1.403715355912142992e+09 1.482101925899999895e+00 9.076701675999999663e-01 1.307724952600000101e+00 5.532419253000000481e-01 7.861918877000000361e-01 -2.322571981999999868e-01 1.479266092659999865e-01
1.403715355962142944e+09 1.491620044600000083e+00 9.119942130999999508e-01 1.314610605900000007e+00 5.521382146000000102e-01 7.879590773000000326e-01 -2.288940029000000043e-01 1.478898911419999906e-01
1.403715356012143135e+09 1.500868510799999944e+00 9.164590707999999974e-01 1.321450132000000055e+00 5.514547442999999660e-01 7.890083723999999910e-01 -2.262006612999999944e-01 1.489856171260000028e-01
1.403715356062143087e+09 1.509980534000000096e+00 9.211889267999999742e-01 1.328035038999999973e+00 5.496620218000000113e-01 7.905129038999999525e-01 -2.235488971000000047e-01 1.516143174709999875e-01
1.403715356112143040e+09 1.518668916500000021e+00 9.262893072000000227e-01 1.334430888900000056e+00 5.472779075999999465e-01 7.919768920999999962e-01 -2.214023018000000065e-01 1.556936574339999879e-01
1.403715356162142992e+09 1.526689531099999941e+00 9.320397682000000072e-01 1.340652494400000005e+00 5.449896117000000428e-01 7.930161145999999883e-01 -2.202753312000000074e-01 1.599704461220000096e-01
1.403715356212143183e+09 1.533752784800000102e+00 9.384541891000000025e-01 1.347037705400000007e+00 5.437881852999999488e-01 7.929277552000000284e-01 -2.204658525000000036e-01 1.641791470669999864e-01
1.403715356262142897e+09 1.539974475499999995e+00 9.458501231000000509e-01 1.352978808200000049e+00 5.426769458000000323e-01 7.926309527999999549e-01 -2.217583449999999956e-01 1.675146012969999931e-01
1.403715356312143087e+09 1.544990563800000105e+00 9.539116062000000396e-01 1.358182115800000034e+00 5.405560810999999743e-01 7.929094029000000043e-01 -2.238586295999999976e-01 1.702384091499999919e-01
1.403715356362143040e+09 1.548818281500000005e+00 9.632606262999999780e-01 1.362631603000000080e+00 5.375858140000000507e-01 7.937153638999999705e-01 -2.275126795000000091e-01 1.710420835679999918e-01
1.403715356412142992e+09 1.551484515000000064e+00 9.738558661999999755e-01 1.366321515699999933e+00 5.345837431000000084e-01 7.946076412000000477e-01 -2.315382866000000039e-01 1.709062314260000048e-01
1.403715356462142944e+09 1.553161271800000076e+00 9.857128501999999903e-01 1.369391283099999912e+00 5.326136907999999837e-01 7.947381972000000516e-01 -2.367297814000000056e-01 1.693306378860000017e-01
1.403715356512143135e+09 1.553883232400000036e+00 9.988824644999999558e-01 1.372032893499999906e+00 5.323908914999999631e-01 7.937016076999999781e-01 -2.440259784000000098e-01 1.644658578750000100e-01
1.403715356562143087e+09 1.554306588500000030e+00 1.013134900200000077e+00 1.373900525000000039e+00 5.330005100000000384e-01 7.925093482999999717e-01 -2.490615972000000122e-01 1.606477826499999872e-01
1.403715356612143040e+09 1.554422606699999987e+00 1.028544555399999894e+00 1.375179800600000002e+00 5.339678310000000039e-01 7.916747509999999544e-01 -2.521834437000000095e-01 1.566299931969999948e-01
1.403715356662142992e+09 1.554464270600000031e+00 1.045058777199999955e+00 1.376072366600000096e+00 5.359658338999999661e-01 7.907824596000000428e-01 -2.531790763000000277e-01 1.526567449139999977e-01
1.403715356712143183e+09 1.554772920700000061e+00 1.062642925300000041e+00 1.376545873300000000e+00 5.373579993999999527e-01 7.909933298000000335e-01 -2.518438718000000076e-01 1.488307658559999969e-01
1.403715356762142897e+09 1.555322247100000110e+00 1.081190006399999959e+00 1.376847474499999890e+00 5.393478108000000493e-01 7.913332015999999802e-01 -2.490112951000000019e-01 1.445305432579999938e-01
1.403715356812143087e+09 1.556097918799999924e+00 1.100118156700000016e+00 1.376789164000000065e+00 5.420812216999999489e-01 7.917518477999999638e-01 -2.444800545999999963e-01 1.396655417459999882e-01
1.403715356862143040e+09 1.557193068499999944e+00 1.119188646500000051e+00 1.376163280899999952e+00 5.429316936000000426e-01 7.940255389999999469e-01 -2.380298666000000007e-01 1.345005655189999982e-01
1.403715356912142992e+09 1.558783819300000095e+00 1.139120429399999912e+00 1.376071935299999938e+00 5.448322316000000498e-01 7.958502834999999775e-01 -2.314625101999999990e-01 1.272999297969999999e-01
1.403715356962142944e+09 1.561433821799999899e+00 1.159619567000000018e+00 1.377919502999999990e+00 5.481001385999999531e-01 7.971105199000000363e-01 -2.236409910999999917e-01 1.191040060160000053e-01
1.403715357012143135e+09 1.565058459200000085e+00 1.180455031199999949e+00 1.381240373200000038e+00 5.518838042999999471e-01 7.982893142000000442e-01 -2.131987052000000049e-01 1.127153468259999985e-01
1.403715357062143087e+09 1.569405606899999972e+00 1.201198317600000065e+00 1.385990427699999916e+00 5.549820103999999477e-01 7.999923340000000271e-01 -2.025056335000000041e-01 1.048746967579999995e-01
1.403715357112143040e+09 1.574345719999999949e+00 1.222002718099999941e+00 1.391942740800000022e+00 5.588919649000000378e-01 8.009445300999999962e-01 -1.910883633999999887e-01 9.804523724420000086e-02
1.403715357162142992e+09 1.579822708900000094e+00 1.242617009900000014e+00 1.398174520300000001e+00 5.616057531000000491e-01 8.025029147000000140e-01 -1.793154204000000085e-01 9.183697530899999351e-02
1.403715357212143183e+09 1.586257378500000037e+00 1.263268737800000041e+00 1.405122257299999955e+00 5.636019870999999792e-01 8.041034397999999861e-01 -1.681753817999999956e-01 8.653033628150000323e-02
1.403715357262142897e+09 1.593906688799999971e+00 1.284115136700000104e+00 1.412554725199999917e+00 5.661280957000000003e-01 8.047495481999999978e-01 -1.576793066999999937e-01 8.375189619839999711e-02
1.403715357312143087e+09 1.602792044000000082e+00 1.305242123800000043e+00 1.420270764799999919e+00 5.675438421999999816e-01 8.055690196000000469e-01 -1.485866965000000040e-01 8.291281843570000309e-02
1.403715357362143040e+09 1.612485909099999892e+00 1.326749289000000109e+00 1.428912710000000086e+00 5.683844103999999842e-01 8.063391787999999449e-01 -1.409753548999999884e-01 8.295926745170000005e-02
1.403715357412142992e+09 1.621974764600000007e+00 1.348125542000000010e+00 1.437645131700000078e+00 5.689429059999999705e-01 8.069321556999999867e-01 -1.357787151000000025e-01 8.202808316199999839e-02
1.403715357462142944e+09 1.631349737999999938e+00 1.369275729699999999e+00 1.445821026600000003e+00 5.692427475000000348e-01 8.074717874000000295e-01 -1.307821235000000137e-01 8.275290480609999444e-02
1.403715357512143135e+09 1.640307546100000069e+00 1.390250932899999903e+00 1.453145182799999935e+00 5.678307017999999484e-01 8.090315074999999689e-01 -1.272461626999999984e-01 8.273287165829999734e-02
1.403715357562143087e+09 1.648922634200000070e+00 1.411356588200000095e+00 1.459247299600000103e+00 5.662984184999999560e-01 8.105338747000000454e-01 -1.244507011999999996e-01 8.278261979199999510e-02
1.403715357612143040e+09 1.657108240999999982e+00 1.432626562100000056e+00 1.464822569599999902e+00 5.647637743000000210e-01 8.119773858000000066e-01 -1.217059258999999977e-01 8.320019123060000410e-02
1.403715357662142992e+09 1.664921294900000071e+00 1.454422456999999946e+00 1.469860103100000037e+00 5.644990418999999982e-01 8.124212180000000005e-01 -1.191198489999999999e-01 8.439820991700000552e-02
1.403715357712143183e+09 1.672380865899999902e+00 1.476602247500000020e+00 1.475450230599999912e+00 5.664725259999999762e-01 8.112300563000000020e-01 -1.164729382000000008e-01 8.630601214859999482e-02
1.403715357762142897e+09 1.679158959900000081e+00 1.498752005300000079e+00 1.480107357300000093e+00 5.668657018999999631e-01 8.110733749999999853e-01 -1.139189085999999934e-01 8.857617421760000109e-02
1.403715357812143087e+09 1.685019806099999906e+00 1.521038378399999891e+00 1.483982795600000015e+00 5.673911101999999929e-01 8.107747920000000219e-01 -1.104058395999999997e-01 9.231530371109999966e-02
1.403715357862143040e+09 1.689655673200000097e+00 1.543486388700000100e+00 1.486420372600000039e+00 5.667805743999999590e-01 8.111788614999999592e-01 -1.069405281999999957e-01 9.650056206300000605e-02
1.403715357912142992e+09 1.692813566599999930e+00 1.566407804800000081e+00 1.488028785300000045e+00 5.658337517000000538e-01 8.118017832999999683e-01 -1.048856167999999978e-01 9.904058483470000451e-02
1.403715357962142944e+09 1.694540264900000093e+00 1.589900025099999947e+00 1.489046459100000108e+00 5.639586254999999770e-01 8.130611186999999740e-01 -1.041156156999999971e-01 1.002109005939999936e-01
1.403715358012143135e+09 1.694813193499999926e+00 1.613930528600000081e+00 1.489302856099999905e+00 5.620406921999999694e-01 8.143864691000000100e-01 -1.035558746999999946e-01 1.008023811320000046e-01
1.403715358062143087e+09 1.693578704599999929e+00 1.638576845000000004e+00 1.488986259999999895e+00 5.601254996000000208e-01 8.156702572999999790e-01 -1.033042235999999947e-01 1.013394956219999948e-01
1.403715358112143040e+09 1.690555000900000104e+00 1.664026732299999978e+00 1.488566266599999910e+00 5.591652884000000157e-01 8.163663705999999465e-01 -1.048915363999999989e-01 9.938759888150000554e-02
1.403715358162142992e+09 1.686053844099999921e+00 1.690520207999999913e+00 1.488083866600000027e+00 5.592788532000000368e-01 8.163061168999999895e-01 -1.076761237999999954e-01 9.621507236840000366e-02
1.403715358212143183e+09 1.680140945500000038e+00 1.718082844300000023e+00 1.487138542799999907e+00 5.581231196000000505e-01 8.171044952999999555e-01 -1.118041374000000032e-01 9.131627406219999799e-02
1.403715358262142897e+09 1.673194277699999954e+00 1.746509813499999897e+00 1.486380181799999978e+00 5.580116121999999512e-01 8.171827644000000390e-01 -1.147932878999999989e-01 8.750926381840000434e-02
1.403715358312143087e+09 1.665831019599999907e+00 1.775724743999999911e+00 1.484883480299999947e+00 5.566800777999999505e-01 8.180975418999999471e-01 -1.164810287999999971e-01 8.518141133310000446e-02
1.403715358362143040e+09 1.658290580500000111e+00 1.806232311900000109e+00 1.482994432299999943e+00 5.553736630000000174e-01 8.191660048000000138e-01 -1.156186334000000038e-01 8.461372621889999557e-02
1.403715358412142992e+09 1.650181035199999924e+00 1.837547783400000023e+00 1.480959476600000047e+00 5.550519507000000186e-01 8.197935616000000536e-01 -1.115149757000000047e-01 8.614092246120000351e-02
1.403715358462142944e+09 1.640988364700000091e+00 1.869584953399999971e+00 1.478738560000000035e+00 5.562680422000000346e-01 8.196264894000000467e-01 -1.063675116000000059e-01 8.639580739919999752e-02
1.403715358512143135e+09 1.630705510599999908e+00 1.903004192100000047e+00 1.476579283800000031e+00 5.594227650999999968e-01 8.182768449999999749e-01 -9.997344760000000108e-02 8.645510137379999738e-02
1.403715358562143087e+09 1.619467162200000088e+00 1.937195391399999966e+00 1.474158200500000016e+00 5.626214540999999736e-01 8.169056370999999706e-01 -9.381620479999999707e-02 8.556166895769999614e-02
1.403715358612143040e+09 1.606979584400000105e+00 1.971794867899999915e+00 1.471267321900000091e+00 5.659354836000000111e-01 8.154356694000000072e-01 -8.835492059999999759e-02 8.351709749650000625e-02
1.403715358662142992e+09 1.593002885700000038e+00 2.006949564600000180e+00 1.468885452999999952e+00 5.703067201999999503e-01 8.132514790000000549e-01 -8.466758080000000297e-02 7.876342812099999813e-02
1.403715358712143183e+09 1.577563355799999956e+00 2.042293154099999786e+00 1.467318867899999990e+00 5.759057851000000117e-01 8.102378451999999731e-01 -8.375494769999999867e-02 6.951452782139999620e-02
1.403715358762142897e+09 1.561401432900000108e+00 2.077452587399999828e+00 1.465719385100000105e+00 5.804343245999999956e-01 8.078350757000000160e-01 -8.267286540000000350e-02 6.052836319209999733e-02
1.403715358812143087e+09 1.545007485199999975e+00 2.112151537999999995e+00 1.463731643000000027e+00 5.842476440999999632e-01 8.057655506999999995e-01 -8.105478100000000630e-02 5.316662637559999710e-02
1.403715358862143040e+09 1.528444652799999970e+00 2.146146809599999816e+00 1.461351941099999996e+00 5.872975186000000125e-01 8.041375340999999954e-01 -7.937088420000000533e-02 4.631105377240000293e-02
1.403715358912142992e+09 1.512249935500000086e+00 2.179358702500000078e+00 1.458456659199999894e+00 5.906497116000000158e-01 8.021468040000000466e-01 -7.715941969999999539e-02 4.171147165389999661e-02
1.403715358962142944e+09 1.496044643999999924e+00 2.211452303799999797e+00 1.454687838099999908e+00 5.922679508999999509e-01 8.013662102999999926e-01 -7.464002299999999979e-02 3.820652108059999913e-02
1.403715359012143135e+09 1.480023727599999894e+00 2.242540651500000148e+00 1.450450030999999917e+00 5.921263522999999918e-01 8.018085006999999820e-01 -7.308200010000000246e-02 3.389000409460000279e-02
1.403715359062143087e+09 1.464531743500000038e+00 2.272700657800000190e+00 1.445353020500000030e+00 5.906624150999999490e-01 8.031772401000000228e-01 -7.108173419999999632e-02 3.117081143679999861e-02
1.403715359112143040e+09 1.449627070600000067e+00 2.301625694200000183e+00 1.440583555399999938e+00 5.904199205000000283e-01 8.035725373000000005e-01 -6.923918229999999341e-02 2.968889484540000040e-02
1.403715359162142992e+09 1.435130264499999919e+00 2.329569113199999819e+00 1.435828299700000033e+00 5.913409805999999547e-01 8.030727184999999491e-01 -6.745282399999999456e-02 2.898568673300000106e-02
1.403715359212143183e+09 1.420943877300000047e+00 2.356725275200000080e+00 1.430991979699999916e+00 5.929822043000000376e-01 8.019687368000000260e-01 -6.637285510000000277e-02 2.851130789109999897e-02
1.403715359262142897e+09 1.407294660500000072e+00 2.382511611500000015e+00 1.426180050299999946e+00 5.941961313000000411e-01 8.011460562000000118e-01 -6.502721399999999985e-02 2.945191994709999914e-02
1.403715359312143087e+09 1.394137314600000011e+00 2.406825544000000150e+00 1.421373383900000009e+00 5.943106383999999798e-01 8.010982909999999624e-01 -6.351908800000000133e-02 3.164994175460000142e-02
1.403715359362143040e+09 1.380910188200000110e+00 2.429584761800000159e+00 1.416367966299999948e+00 5.936434295000000416e-01 8.016018830000000150e-01 -6.212711769999999800e-02 3.408989655869999746e-02
1.403715359412142992e+09 1.367734918700000080e+00 2.451114879299999938e+00 1.411673139899999985e+00 5.931198640000000522e-01 8.019413729000000046e-01 -6.013466180000000272e-02 3.850563355020000106e-02
1.403715359462142944e+09 1.354227884699999995e+00 2.471696945999999784e+00 1.407364249100000020e+00 5.927409855999999921e-01 8.021315592000000105e-01 -5.811496869999999842e-02 4.319416817079999721e-02
1.403715359512143135e+09 1.339973628899999936e+00 2.491236258499999856e+00 1.404379098599999987e+00 5.926422957000000435e-01 8.020899863999999546e-01 -5.665872389999999925e-02 4.708027292820000237e-02
1.403715359562143087e+09 1.324946881400000054e+00 2.509810130700000030e+00 1.402515412100000081e+00 5.932458570999999958e-01 8.015007883000000444e-01 -5.630119900000000316e-02 4.985994847269999836e-02
1.403715359612143040e+09 1.308752829899999970e+00 2.527261157099999878e+00 1.401534257500000047e+00 5.940540289000000307e-01 8.008174829999999966e-01 -5.693423250000000102e-02 5.049418673890000014e-02
1.403715359662142992e+09 1.291435267600000047e+00 2.543566293100000042e+00 1.400989685199999890e+00 5.939249023999999544e-01 8.008514088000000530e-01 -5.844859530000000303e-02 4.973925066099999653e-02
1.403715359712143183e+09 1.273277615200000046e+00 2.558758848500000127e+00 1.401142941999999891e+00 5.933343292999999630e-01 8.012306518999999794e-01 -6.057570830000000295e-02 4.810820878870000067e-02
1.403715359762142897e+09 1.254366551800000007e+00 2.572878758499999918e+00 1.401717537399999935e+00 5.921437979000000462e-01 8.020590262000000248e-01 -6.265743229999999608e-02 4.627188485230000065e-02
1.403715359812143087e+09 1.234876462299999922e+00 2.585838746999999938e+00 1.403000231600000092e+00 5.920944315999999708e-01 8.020247283000000449e-01 -6.477775239999999934e-02 4.454618006990000018e-02
1.403715359862143040e+09 1.215039732199999944e+00 2.597665868600000039e+00 1.404452315299999920e+00 5.908121776000000436e-01 8.029357149000000415e-01 -6.587099640000000644e-02 4.354561278280000280e-02
1.403715359912142992e+09 1.194787268100000022e+00 2.608305210800000218e+00 1.406187364600000045e+00 5.885158942999999532e-01 8.045886227999999862e-01 -6.776439989999999414e-02 4.116037205829999740e-02
1.403715359962142944e+09 1.174317986699999983e+00 2.618113984799999905e+00 1.408394707500000065e+00 5.867192320999999877e-01 8.058465168999999761e-01 -7.067543020000000009e-02 3.710683906500000101e-02
1.403715360012143135e+09 1.154083619999999977e+00 2.627170612200000033e+00 1.410541639300000094e+00 5.847482896000000263e-01 8.072754076999999473e-01 -7.127950630000000343e-02 3.598730240069999975e-02
1.403715360062143087e+09 1.134025118999999915e+00 2.635726243800000201e+00 1.412377065000000043e+00 5.830670607000000283e-01 8.085076048999999543e-01 -7.116051399999999416e-02 3.583904176759999949e-02
1.403715360112143040e+09 1.114030945599999933e+00 2.643964331799999901e+00 1.414145223600000056e+00 5.819095935000000441e-01 8.093832345999999456e-01 -7.058430270000000395e-02 3.602583431970000222e-02
1.403715360162142992e+09 1.094137006500000009e+00 2.652118047800000156e+00 1.415981991500000037e+00 5.811567046000000181e-01 8.099773833000000200e-01 -6.964608819999999756e-02 3.664622237359999729e-02
1.403715360212143183e+09 1.074444403900000067e+00 2.659987335399999875e+00 1.417869975299999918e+00 5.806117445999999793e-01 8.104054333000000332e-01 -6.898368689999999359e-02 3.707137170589999697e-02
1.403715360262142897e+09 1.055098295699999911e+00 2.667415111700000008e+00 1.419995652499999927e+00 5.802117056000000161e-01 8.106453085999999475e-01 -6.933882419999999602e-02 3.742576410810000143e-02
1.403715360312143087e+09 1.036039515999999994e+00 2.674691959900000082e+00 1.422187958499999905e+00 5.800638017999999452e-01 8.105406496000000516e-01 -7.184713689999999708e-02 3.725359109200000046e-02
1.403715360362143040e+09 1.017440372500000079e+00 2.681909870300000165e+00 1.424747054900000087e+00 5.799475904999999987e-01 8.101779617000000044e-01 -7.773856980000000416e-02 3.505962663309999949e-02
1.403715360412142992e+09 9.994375664000000326e-01 2.688844450800000008e+00 1.427818818800000056e+00 5.801046507999999546e-01 8.093502384999999855e-01 -8.611841870000000454e-02 3.184970107429999781e-02
1.403715360462142944e+09 9.824747373000000117e-01 2.695339782200000034e+00 1.431141618200000076e+00 5.799089031999999921e-01 8.084909488000000533e-01 -9.579475680000000548e-02 2.951972675289999890e-02
1.403715360512143135e+09 9.669622270000000075e-01 2.701732915500000054e+00 1.434346317099999935e+00 5.797234212999999858e-01 8.073437070000000215e-01 -1.063317195000000048e-01 2.846856061320000159e-02
1.403715360562143087e+09 9.532156920000000033e-01 2.707849230099999893e+00 1.436925304000000070e+00 5.795416492999999614e-01 8.059993692000000376e-01 -1.166602057999999997e-01 2.978069901110000015e-02
1.403715360612143040e+09 9.414623965999999733e-01 2.713630683799999943e+00 1.439562429300000002e+00 5.788403784000000218e-01 8.048729728000000305e-01 -1.262597057000000023e-01 3.437732763580000211e-02
1.403715360662142992e+09 9.318729285000000306e-01 2.719060890000000175e+00 1.442801153200000019e+00 5.785892858000000194e-01 8.032735264999999458e-01 -1.350156020000000123e-01 4.191500031849999808e-02
1.403715360712143183e+09 9.243430501999999604e-01 2.723342466500000114e+00 1.446518215400000029e+00 5.778226991999999562e-01 8.018009668000000145e-01 -1.438089973999999993e-01 5.054809786949999995e-02
1.403715360762142897e+09 9.189346005999999845e-01 2.726949935699999994e+00 1.450375129800000051e+00 5.759914911000000304e-01 8.009300817000000183e-01 -1.510987330000000128e-01 6.256180363589999849e-02
1.403715360812143087e+09 9.150700606999999653e-01 2.730076633099999928e+00 1.453897171399999966e+00 5.736223329999999843e-01 8.000079368000000413e-01 -1.590669540999999909e-01 7.511607136730000245e-02
1.403715360862143040e+09 9.121811228999999743e-01 2.732898045899999850e+00 1.457831985299999911e+00 5.711475160000000217e-01 7.987956778999999452e-01 -1.672050610999999964e-01 8.808204979519999867e-02
1.403715360912142992e+09 9.102326763000000431e-01 2.735332359500000088e+00 1.461845443100000086e+00 5.692046095999999666e-01 7.968091438000000082e-01 -1.758012384000000039e-01 1.009714085570000003e-01
1.403715360962142944e+09 9.088001953000000022e-01 2.737693181800000097e+00 1.466106665200000103e+00 5.663404815000000481e-01 7.950770028000000433e-01 -1.855417282000000057e-01 1.126289741709999986e-01
1.403715361012143135e+09 9.077415583000000288e-01 2.739934063899999828e+00 1.470857420500000012e+00 5.636756833999999605e-01 7.928904806000000027e-01 -1.959527839000000105e-01 1.232757734959999962e-01
1.403715361062143087e+09 9.068070414000000135e-01 2.741991825199999955e+00 1.475594813699999897e+00 5.607712647000000494e-01 7.905455813999999748e-01 -2.068091548000000057e-01 1.334288044899999970e-01
1.403715361112143040e+09 9.056654936000000378e-01 2.744041288500000064e+00 1.480278725400000051e+00 5.576011560000000422e-01 7.880748619999999871e-01 -2.184486452999999939e-01 1.424750925849999905e-01
1.403715361162142992e+09 9.043562390999999590e-01 2.746144229300000017e+00 1.484953372000000105e+00 5.543104903000000139e-01 7.854685149000000255e-01 -2.300552147999999908e-01 1.511743712530000117e-01
1.403715361212143183e+09 9.033376887999999827e-01 2.748297560700000197e+00 1.489595253100000072e+00 5.505588203000000291e-01 7.828696484999999594e-01 -2.412731378000000093e-01 1.605844690999999880e-01
1.403715361262142897e+09 9.022973436000000236e-01 2.750757306400000157e+00 1.494300571299999936e+00 5.471555107000000140e-01 7.798566971999999486e-01 -2.523333546000000038e-01 1.696238695969999877e-01
1.403715361312143087e+09 9.010945920999999803e-01 2.753361520599999945e+00 1.498677523100000020e+00 5.434122287000000551e-01 7.768830854999999591e-01 -2.629439345999999844e-01 1.789310157979999982e-01
1.403715361362143040e+09 8.998734805000000447e-01 2.756202586400000154e+00 1.502890150800000102e+00 5.400629984000000494e-01 7.733209070000000018e-01 -2.733206273000000075e-01 1.886864256530000061e-01
1.403715361412142992e+09 8.983376136999999817e-01 2.759292376799999946e+00 1.506234077500000046e+00 5.365237189999999545e-01 7.697215867000000156e-01 -2.838864683999999805e-01 1.976852319419999948e-01
1.403715361462142944e+09 8.963467408999999941e-01 2.762975126999999809e+00 1.508885609400000050e+00 5.334096574000000146e-01 7.659047610000000450e-01 -2.941627433999999819e-01 2.057481833910000113e-01
1.403715361512143135e+09 8.937926605999999552e-01 2.767263167899999932e+00 1.510964143500000079e+00 5.308777272000000380e-01 7.622453567000000429e-01 -3.029279182999999875e-01 2.130388022539999870e-01
1.403715361562143087e+09 8.906442490999999517e-01 2.772155609099999918e+00 1.512261030499999936e+00 5.280424220999999640e-01 7.594667191999999734e-01 -3.103379741999999775e-01 2.192529240159999948e-01
1.403715361612143040e+09 8.867937058000000539e-01 2.777595332399999783e+00 1.512902355200000049e+00 5.248235989999999740e-01 7.575580750999999502e-01 -3.158866397000000270e-01 2.255694652549999901e-01
1.403715361662142992e+09 8.823439532000000307e-01 2.783909391599999950e+00 1.513134578100000072e+00 5.224565803999999813e-01 7.556926095999999538e-01 -3.210228748000000243e-01 2.300263359730000123e-01
1.403715361712143183e+09 8.774990030000000552e-01 2.791172886200000036e+00 1.512657029499999917e+00 5.197724358999999961e-01 7.539953860000000452e-01 -3.271477821000000064e-01 2.330276837589999872e-01
1.403715361762142897e+09 8.724864305999999736e-01 2.799248225499999965e+00 1.511399857200000030e+00 5.163380689000000023e-01 7.525112781999999667e-01 -3.343199156000000172e-01 2.352699913550000133e-01
1.403715361812143087e+09 8.675062297000000200e-01 2.808200628299999835e+00 1.509501888900000033e+00 5.127306678999999923e-01 7.509382183999999683e-01 -3.419449948000000128e-01 2.372186224310000036e-01
1.403715361862143040e+09 8.628004492999999941e-01 2.818001633799999794e+00 1.507071498199999970e+00 5.087992590000000037e-01 7.490743052999999652e-01 -3.500636449000000261e-01 2.397215963179999965e-01
1.403715361912142992e+09 8.586967891000000241e-01 2.828506747700000101e+00 1.504090413599999954e+00 5.047347011999999689e-01 7.466056502000000261e-01 -3.579294822999999903e-01 2.443550083369999959e-01
1.403715361962142944e+09 8.549375590000000136e-01 2.840057549800000025e+00 1.501433005500000029e+00 5.026894253000000479e-01 7.423222212000000209e-01 -3.662908563000000228e-01 2.491828049289999958e-01
1.403715362012143135e+09 8.516697532000000459e-01 2.852244814500000114e+00 1.498450725999999955e+00 5.004924266000000399e-01 7.375430510999999578e-01 -3.750602566999999832e-01 2.546907586850000182e-01
1.403715362062143087e+09 8.488371799999999689e-01 2.865142058300000016e+00 1.494879471800000026e+00 4.974502163000000254e-01 7.328693625000000100e-01 -3.834518619000000239e-01 2.615539132460000249e-01
1.403715362112143040e+09 8.465215402000000333e-01 2.878744974900000031e+00 1.490903551299999963e+00 4.943601868999999982e-01 7.275282802000000437e-01 -3.925930329000000274e-01 2.686658103710000134e-01
1.403715362162142992e+09 8.446001385000000417e-01 2.892961148900000001e+00 1.485982977299999952e+00 4.898620227000000105e-01 7.226037652000000255e-01 -4.017709567000000148e-01 2.765123787889999796e-01
1.403715362212143183e+09 8.433413431999999821e-01 2.907807690499999875e+00 1.480952948899999955e+00 4.854927544000000039e-01 7.168642545000000199e-01 -4.113572620000000013e-01 2.849344294739999950e-01
1.403715362262142897e+09 8.425530082000000087e-01 2.923376962999999940e+00 1.475635716500000028e+00 4.812664629999999777e-01 7.104445100999999818e-01 -4.210409361999999933e-01 2.938974646609999741e-01
1.403715362312143087e+09 8.420916076000000139e-01 2.939835195700000181e+00 1.469726761100000001e+00 4.759062698000000036e-01 7.043909494000000215e-01 -4.310802579999999939e-01 3.025168158559999876e-01
1.403715362362143040e+09 8.419824264999999919e-01 2.957286738500000123e+00 1.463863575400000006e+00 4.706041163999999943e-01 6.977905879000000366e-01 -4.415299120000000244e-01 3.109202435699999767e-01
1.403715362412142992e+09 8.417425014999999622e-01 2.975675897099999911e+00 1.458019440499999986e+00 4.654221215000000078e-01 6.907477357000000318e-01 -4.521351784000000040e-01 3.190980960490000240e-01
1.403715362462142944e+09 8.413624680000000300e-01 2.995210482700000121e+00 1.452174718300000000e+00 4.606383553999999769e-01 6.830094648000000213e-01 -4.631140020999999773e-01 3.268574574720000125e-01
1.403715362512143135e+09 8.409751675000000093e-01 3.015621408899999967e+00 1.446175274600000060e+00 4.556259979999999765e-01 6.750260558999999772e-01 -4.739251616999999861e-01 3.348726844389999791e-01
1.403715362562143087e+09 8.406514161000000485e-01 3.036994030199999806e+00 1.440007382399999925e+00 4.492399630999999727e-01 6.678996608999999696e-01 -4.844525559000000259e-01 3.426356951219999836e-01
1.403715362612143040e+09 8.405885536999999630e-01 3.059612024000000208e+00 1.434343434000000084e+00 4.440153955000000208e-01 6.599986372999999684e-01 -4.950944593000000116e-01 3.494761847799999765e-01
1.403715362662142992e+09 8.407878306999999607e-01 3.083349535500000016e+00 1.429235468599999948e+00 4.389220467000000125e-01 6.519696616000000278e-01 -5.053502429999999768e-01 3.562360582499999873e-01
1.403715362712143183e+09 8.413873017999999870e-01 3.108177625899999796e+00 1.424684009299999943e+00 4.345027035999999843e-01 6.433786515999999622e-01 -5.158855208999999498e-01 3.621235156490000273e-01
1.403715362762142897e+09 8.423802714000000469e-01 3.134155674000000058e+00 1.420752511799999951e+00 4.315623625000000185e-01 6.337551546999999896e-01 -5.275531766000000067e-01 3.657813240950000266e-01
1.403715362812143087e+09 8.435661773999999502e-01 3.161017836900000155e+00 1.417762786599999991e+00 4.300151542000000271e-01 6.230881239000000127e-01 -5.400103853000000065e-01 3.677457555359999741e-01
1.403715362862143040e+09 8.449551135999999740e-01 3.188396226600000105e+00 1.415660543800000060e+00 4.312855919999999954e-01 6.104171965000000366e-01 -5.535573543999999790e-01 3.673660842059999765e-01
1.403715362912142992e+09 8.469862953000000250e-01 3.215658585099999911e+00 1.414931987599999941e+00 4.358418069000000172e-01 5.953241754000000441e-01 -5.665393603999999694e-01 3.669662091049999963e-01
1.403715362962142944e+09 8.497851920000000225e-01 3.241703202500000103e+00 1.414923583099999993e+00 4.395668636000000240e-01 5.810469514999999641e-01 -5.770169654000000259e-01 3.690756484609999943e-01
1.403715363012143135e+09 8.530180801000000201e-01 3.266150695099999890e+00 1.415335005300000004e+00 4.425794422000000061e-01 5.679050187999999944e-01 -5.866492930000000161e-01 3.707424091539999744e-01
1.403715363062143087e+09 8.563012445000000028e-01 3.288511139700000196e+00 1.415997580400000011e+00 4.432262574999999982e-01 5.568632478999999691e-01 -5.954573070999999995e-01 3.726719780100000157e-01
1.403715363112143040e+09 8.593730695000000308e-01 3.308384730399999807e+00 1.416997775400000048e+00 4.418789625999999804e-01 5.477821352999999727e-01 -6.031986968000000449e-01 3.752719638750000031e-01
1.403715363162142992e+09 8.619803849999999601e-01 3.325534982399999784e+00 1.417813079299999890e+00 4.377905758000000258e-01 5.411891114000000336e-01 -6.107901247000000478e-01 3.773449099089999925e-01
1.403715363212143183e+09 8.644658877999999991e-01 3.339762930900000093e+00 1.419292721199999940e+00 4.332012097999999867e-01 5.349855059000000468e-01 -6.175948045000000386e-01 3.803996289680000031e-01
1.403715363262142897e+09 8.670688985000000182e-01 3.351147975199999962e+00 1.421441584200000108e+00 4.282338035000000098e-01 5.291624359000000055e-01 -6.236115733000000549e-01 3.843325795890000229e-01
1.403715363312143087e+09 8.696937493999999935e-01 3.359965888000000067e+00 1.424306337500000019e+00 4.234104240000000074e-01 5.233461776000000176e-01 -6.296033092999999692e-01 3.878557258779999906e-01
1.403715363362143040e+09 8.720835359999999925e-01 3.366131589000000091e+00 1.427746848399999990e+00 4.186279828999999730e-01 5.172514584999999832e-01 -6.351375500999999479e-01 3.921757680019999914e-01
1.403715363412142992e+09 8.743420541999999962e-01 3.369934571199999951e+00 1.431871600600000072e+00 4.142277560000000025e-01 5.110757219999999545e-01 -6.399486092999999709e-01 3.970928732049999743e-01
1.403715363462142944e+09 8.765073783000000285e-01 3.370984844100000100e+00 1.436283574499999993e+00 4.091597544000000197e-01 5.048788030999999954e-01 -6.447575870999999736e-01 4.024591201180000022e-01
1.403715363512143135e+09 8.784975049000000036e-01 3.369504145200000078e+00 1.441099998999999965e+00 4.037139942999999898e-01 4.988005487000000127e-01 -6.493441614999999612e-01 4.081239804280000216e-01
1.403715363562143087e+09 8.801760360999999477e-01 3.365665786200000120e+00 1.445963960700000106e+00 3.960880623999999961e-01 4.941781865000000051e-01 -6.529040640000000062e-01 4.154737657579999910e-01
1.403715363612143040e+09 8.818202671000000548e-01 3.359563458399999814e+00 1.450610641499999964e+00 3.863768042999999874e-01 4.908484654999999974e-01 -6.553770624000000433e-01 4.245723200989999779e-01
1.403715363662142992e+09 8.834035481999999995e-01 3.351817146200000153e+00 1.455647581400000057e+00 3.778137514000000086e-01 4.864885360000000269e-01 -6.586095481000000529e-01 4.322257936760000030e-01
1.403715363712143183e+09 8.849825921999999734e-01 3.342582644400000191e+00 1.460981214700000086e+00 3.695283815000000027e-01 4.811989036000000053e-01 -6.618941390999999452e-01 4.402187399590000161e-01
1.403715363762142897e+09 8.863726513999999890e-01 3.332473750800000190e+00 1.466425571400000072e+00 3.623672258000000257e-01 4.743011646999999997e-01 -6.662045383000000376e-01 4.471016796710000074e-01
1.403715363812143087e+09 8.875036431999999698e-01 3.321708822100000180e+00 1.471811440400000004e+00 3.553160127000000168e-01 4.664277683999999979e-01 -6.710602841999999679e-01 4.537331406819999913e-01
1.403715363862143040e+09 8.884535692999999679e-01 3.310406463200000093e+00 1.476957302199999988e+00 3.485703883999999864e-01 4.573022352000000179e-01 -6.771230512000000479e-01 4.592142456919999782e-01
1.403715363912142992e+09 8.891166906999999897e-01 3.298557716299999942e+00 1.482111530300000091e+00 3.413443601999999744e-01 4.477654503999999869e-01 -6.827061226999999732e-01 4.657279024920000232e-01
1.403715363962142944e+09 8.894493551000000053e-01 3.285842852100000044e+00 1.487303960700000038e+00 3.335060847999999911e-01 4.373532720000000151e-01 -6.878831644999999773e-01 4.736164681639999929e-01
1.403715364012143135e+09 8.892763347000000040e-01 3.272897536499999926e+00 1.492270827100000030e+00 3.260385123000000274e-01 4.259965728999999812e-01 -6.944628452000000118e-01 4.795280647899999860e-01
1.403715364062143087e+09 8.886255145000000466e-01 3.259650948400000026e+00 1.497150813900000044e+00 3.181001895000000190e-01 4.148249392000000202e-01 -7.003549758999999542e-01 4.860405816100000220e-01
1.403715364112143040e+09 8.871733400000000325e-01 3.246684521600000206e+00 1.502380906900000035e+00 3.115814051999999945e-01 4.040313669000000218e-01 -7.058643667999999760e-01 4.913564675550000094e-01
1.403715364162142992e+09 8.848384241000000205e-01 3.234096454599999948e+00 1.507747898399999897e+00 3.055202772999999761e-01 3.944796771999999896e-01 -7.103603714999999763e-01 4.964184595669999811e-01
1.403715364212143183e+09 8.819176494999999560e-01 3.222112077499999838e+00 1.512673000599999984e+00 2.996689069999999844e-01 3.870404775999999880e-01 -7.148830856000000233e-01 4.993399530959999888e-01
1.403715364262142897e+09 8.788345618999999775e-01 3.210585044000000110e+00 1.518057663300000026e+00 2.955983406000000091e-01 3.802282156999999829e-01 -7.193662164999999886e-01 5.005600580000000299e-01
1.403715364312143087e+09 8.749806849000000275e-01 3.199299762499999922e+00 1.523838704100000108e+00 2.928894558999999842e-01 3.744076081000000111e-01 -7.237842501000000262e-01 5.001710397120000540e-01
1.403715364362143040e+09 8.703371259000000082e-01 3.188494950800000005e+00 1.529909036100000064e+00 2.909437738000000273e-01 3.699745644999999916e-01 -7.278958401999999772e-01 4.986363282419999932e-01
1.403715364412142992e+09 8.654054407000000282e-01 3.177711806100000036e+00 1.536805645600000103e+00 2.905520059000000210e-01 3.659508208000000207e-01 -7.312804511999999590e-01 4.968786877079999775e-01
1.403715364462142944e+09 8.603239695000000076e-01 3.166290763900000194e+00 1.544078666299999902e+00 2.900364622000000114e-01 3.631106231999999823e-01 -7.330474733999999826e-01 4.966597704210000130e-01
1.403715364512143135e+09 8.548519557999999519e-01 3.154265103100000189e+00 1.551367972700000042e+00 2.908522485999999740e-01 3.609199430000000208e-01 -7.348050042999999532e-01 4.951801388150000038e-01
1.403715364562143087e+09 8.484841709999999537e-01 3.141670194300000052e+00 1.559168478699999971e+00 2.918414541000000084e-01 3.595624680999999767e-01 -7.353203820999999474e-01 4.948205057069999802e-01
1.403715364612143040e+09 8.415549920999999545e-01 3.128072581200000091e+00 1.567277014799999924e+00 2.920365231000000006e-01 3.590685793000000237e-01 -7.354397476999999794e-01 4.948866557900000185e-01
1.403715364662142992e+09 8.341606636999999713e-01 3.113279026799999905e+00 1.575655822100000103e+00 2.921258267999999880e-01 3.577284848000000239e-01 -7.351725126999999471e-01 4.961997672719999919e-01
1.403715364712143183e+09 8.259349126999999680e-01 3.097308711000000159e+00 1.584542454699999992e+00 2.896295868000000051e-01 3.571033443000000140e-01 -7.339172817000000348e-01 4.999573256909999874e-01
1.403715364762142897e+09 8.166052285999999549e-01 3.080494111500000187e+00 1.593178196200000007e+00 2.839238032999999994e-01 3.575697252000000215e-01 -7.330075485999999474e-01 5.042133469859999551e-01
1.403715364812143087e+09 8.066722279000000384e-01 3.063296107199999785e+00 1.601127351599999971e+00 2.761101945000000168e-01 3.585351011999999837e-01 -7.330759718999999563e-01 5.077552176280000218e-01
1.403715364862143040e+09 7.964048660000000446e-01 3.046130289899999788e+00 1.608990052000000004e+00 2.682915480999999991e-01 3.586484018000000162e-01 -7.341086592000000133e-01 5.103679511430000426e-01
1.403715364912142992e+09 7.860839991000000415e-01 3.029374108799999910e+00 1.617016953900000109e+00 2.617956617000000152e-01 3.572260715999999725e-01 -7.359587992999999662e-01 5.120714900759999466e-01
1.403715364962142944e+09 7.758451762000000418e-01 3.012893211699999796e+00 1.624963394699999952e+00 2.543432729999999808e-01 3.555403135999999908e-01 -7.380595602999999727e-01 5.139734139830000048e-01
1.403715365012143135e+09 7.660266366000000327e-01 2.996775450499999938e+00 1.633391056700000066e+00 2.497530715999999873e-01 3.514306253000000213e-01 -7.409764355000000302e-01 5.148532226780000443e-01
1.403715365062143087e+09 7.563135999000000220e-01 2.980687177200000093e+00 1.641566937499999934e+00 2.437173696000000112e-01 3.478292553999999814e-01 -7.437484399999999551e-01 5.161927070780000237e-01
1.403715365112143040e+09 7.470594555999999775e-01 2.964987619099999971e+00 1.650191308899999987e+00 2.392933067000000136e-01 3.425404799999999805e-01 -7.458322085999999906e-01 5.187861308229999580e-01
1.403715365162142992e+09 7.383951684999999765e-01 2.949868594399999822e+00 1.659191668899999916e+00 2.361433398999999989e-01 3.357676501999999896e-01 -7.470185978000000171e-01 5.229336693830000105e-01
1.403715365212143183e+09 7.302266930999999905e-01 2.935431626599999788e+00 1.668086770499999982e+00 2.327932852000000052e-01 3.292159774000000261e-01 -7.483884548000000470e-01 5.266297060469999902e-01
1.403715365262142897e+09 7.223532850999999644e-01 2.921898397800000158e+00 1.676433186599999958e+00 2.291499213000000035e-01 3.237905238000000074e-01 -7.494883520999999771e-01 5.300162452719999751e-01
1.403715365312143087e+09 7.146832242999999751e-01 2.909298164399999997e+00 1.684249705999999902e+00 2.257252077999999940e-01 3.191441286999999738e-01 -7.505187653999999542e-01 5.328383792719999512e-01
1.403715365362143040e+09 7.073942155000000342e-01 2.897810989099999901e+00 1.691644323900000080e+00 2.231944348000000078e-01 3.143125834000000118e-01 -7.519378896999999728e-01 5.347721517110000100e-01
1.403715365412142992e+09 7.004242702999999848e-01 2.887161619200000029e+00 1.698923748699999958e+00 2.216396375999999946e-01 3.077645471000000077e-01 -7.538530915000000165e-01 5.365280710269999531e-01
1.403715365462142944e+09 6.931972050000000385e-01 2.877210257999999854e+00 1.705457418399999980e+00 2.181557386999999903e-01 3.015688282000000275e-01 -7.562102957999999875e-01 5.381545354029999562e-01
1.403715365512143135e+09 6.860613787999999547e-01 2.868054391099999823e+00 1.711739066400000064e+00 2.151571164999999952e-01 2.939949204999999788e-01 -7.585915170000000485e-01 5.401974752820000170e-01
1.403715365562143087e+09 6.788734109999999822e-01 2.859560150500000120e+00 1.717470533800000032e+00 2.103553673999999929e-01 2.863717379999999868e-01 -7.614361085999999945e-01 5.421779224910000528e-01
1.403715365612143040e+09 6.716104214000000461e-01 2.851810923199999959e+00 1.723362347899999980e+00 2.074215242999999931e-01 2.760295247999999813e-01 -7.650736610999999687e-01 5.435497270510000201e-01
1.403715365662142992e+09 6.641613411000000244e-01 2.844504997700000093e+00 1.729263881999999919e+00 2.050546195999999877e-01 2.640620423999999744e-01 -7.690832141000000233e-01 5.447337428509999580e-01
1.403715365712143183e+09 6.564301426999999967e-01 2.837389787699999832e+00 1.734784940199999959e+00 2.021379194000000046e-01 2.515832753999999727e-01 -7.732593896999999661e-01 5.458168496230000333e-01
1.403715365762142897e+09 6.480343861999999788e-01 2.830189643299999780e+00 1.739819348099999941e+00 1.983827430000000003e-01 2.390077201999999956e-01 -7.775396715000000292e-01 5.467647173680000305e-01
1.403715365812143087e+09 6.387729908000000512e-01 2.823280084399999890e+00 1.744447562900000026e+00 1.936133931000000030e-01 2.272011915000000104e-01 -7.816578011000000492e-01 5.476354212639999997e-01
1.403715365862143040e+09 6.287394161999999564e-01 2.816706475999999792e+00 1.748942124200000059e+00 1.885207067999999930e-01 2.168685894000000058e-01 -7.847819588000000124e-01 5.491313460819999825e-01
1.403715365912142992e+09 6.179461125999999860e-01 2.810520116799999801e+00 1.752979622200000032e+00 1.833461952000000061e-01 2.076759267000000131e-01 -7.878687538999999962e-01 5.500160987209999908e-01
1.403715365962142944e+09 6.065921233000000079e-01 2.804444090600000106e+00 1.756767325800000057e+00 1.794150096999999888e-01 1.992876356000000126e-01 -7.907800184000000066e-01 5.502378168470000164e-01
1.403715366012143135e+09 5.946861861000000138e-01 2.798430788100000122e+00 1.760432105600000074e+00 1.785979953000000064e-01 1.903528432000000103e-01 -7.928939703999999811e-01 5.506248295710000074e-01
1.403715366062143087e+09 5.818670177000000443e-01 2.792388258999999984e+00 1.763341505100000095e+00 1.777512764999999995e-01 1.827813500999999896e-01 -7.952304767000000219e-01 5.500944925580000255e-01
1.403715366112143040e+09 5.679958957999999836e-01 2.786043497900000165e+00 1.766150448100000103e+00 1.784991720999999920e-01 1.752867124999999970e-01 -7.971029688999999863e-01 5.495811777889999528e-01
1.403715366162142992e+09 5.525848092999999794e-01 2.779427337600000048e+00 1.768633327899999941e+00 1.773327895000000043e-01 1.703991920000000049e-01 -7.979775554000000382e-01 5.502263336339999755e-01
1.403715366212143183e+09 5.354266502000000205e-01 2.772841900700000028e+00 1.770508903999999939e+00 1.764963451999999877e-01 1.668397554000000116e-01 -7.985221422999999596e-01 5.507957193279999775e-01
1.403715366262142897e+09 5.167548308999999618e-01 2.765914817500000122e+00 1.772164222400000044e+00 1.753839902000000062e-01 1.643588916000000011e-01 -7.986531948999999742e-01 5.517061582369999773e-01
1.403715366312143087e+09 4.966822370000000264e-01 2.758555415200000027e+00 1.773783996199999935e+00 1.728671398000000137e-01 1.639748013000000004e-01 -7.987457641999999858e-01 5.524802446450000071e-01
1.403715366362143040e+09 4.753820785999999798e-01 2.750708585299999953e+00 1.775603645099999905e+00 1.707398088000000036e-01 1.640184483000000082e-01 -7.985706880999999813e-01 5.533811728330000346e-01
1.403715366412142992e+09 4.525808277999999740e-01 2.742929228499999983e+00 1.776869131300000015e+00 1.672420229000000091e-01 1.661722754000000135e-01 -7.993789035999999681e-01 5.526393481900000459e-01
1.403715366462142944e+09 4.282568263000000042e-01 2.735023708900000017e+00 1.777913174400000074e+00 1.618111341000000036e-01 1.697814263999999906e-01 -7.995047921000000279e-01 5.529769539319999705e-01
1.403715366512143135e+09 4.033987072999999923e-01 2.726987639199999869e+00 1.779121562600000095e+00 1.568001581000000033e-01 1.737232327999999881e-01 -7.996139974999999511e-01 5.530383384210000308e-01
1.403715366562143087e+09 3.782241411000000220e-01 2.719149794699999845e+00 1.780159809299999951e+00 1.539204228000000119e-01 1.768797514999999876e-01 -7.999894738999999699e-01 5.523032668139999934e-01
1.403715366612143040e+09 3.527196325999999993e-01 2.711228206899999993e+00 1.780819599600000025e+00 1.512226023999999891e-01 1.800588713999999868e-01 -8.009049355999999786e-01 5.506921203429999689e-01
1.403715366662142992e+09 3.275639912000000153e-01 2.703125171499999979e+00 1.781440264700000053e+00 1.493321897000000065e-01 1.829220223999999950e-01 -8.015119623999999998e-01 5.493796545929999775e-01
1.403715366712143183e+09 3.027899767000000186e-01 2.694906666200000078e+00 1.781965240199999911e+00 1.482867307999999884e-01 1.857939389999999913e-01 -8.024187296000000469e-01 5.473717567379999815e-01
1.403715366762142897e+09 2.781779052000000196e-01 2.686500359100000068e+00 1.782647706899999962e+00 1.480000166999999867e-01 1.878872956000000038e-01 -8.035368311999999680e-01 5.450898276250000229e-01
1.403715366812143087e+09 2.536587042999999819e-01 2.677989216299999864e+00 1.782972049999999919e+00 1.471984383999999924e-01 1.904686288999999921e-01 -8.050428303000000119e-01 5.421811159599999597e-01
1.403715366862143040e+09 2.296360795000000066e-01 2.668988416899999994e+00 1.783686338499999913e+00 1.472525869999999903e-01 1.926790248999999955e-01 -8.061955413000000403e-01 5.396667658239999721e-01
1.403715366912142992e+09 2.063620747999999894e-01 2.659294871799999793e+00 1.784928715700000001e+00 1.477895161999999984e-01 1.943195648000000109e-01 -8.067171113000000116e-01 5.381502280979999497e-01
1.403715366962142944e+09 1.838055993000000110e-01 2.649233295000000155e+00 1.786614852999999892e+00 1.496590063000000081e-01 1.948458859999999959e-01 -8.077095657999999734e-01 5.359501094249999875e-01
1.403715367012143135e+09 1.618789761999999965e-01 2.638436229299999880e+00 1.788725414700000016e+00 1.513745706999999885e-01 1.955836136999999919e-01 -8.081415241999999610e-01 5.345465987569999466e-01
1.403715367062143087e+09 1.407392242999999932e-01 2.626816617499999840e+00 1.791400492900000030e+00 1.534850986999999889e-01 1.957953493000000045e-01 -8.083705518999999562e-01 5.335199682689999445e-01
1.403715367112143040e+09 1.201660699999999998e-01 2.614341234699999905e+00 1.794383599499999926e+00 1.550425648000000045e-01 1.965194249999999976e-01 -8.084309746000000185e-01 5.327112520929999651e-01
1.403715367162142992e+09 1.002704036999999965e-01 2.601070241900000024e+00 1.797534284099999935e+00 1.567437143000000033e-01 1.972928505000000055e-01 -8.088530106000000330e-01 5.312849955099999688e-01
1.403715367212143183e+09 8.092279970000000600e-02 2.586699773399999902e+00 1.801053809799999961e+00 1.576258408000000000e-01 1.985305525999999932e-01 -8.082886556999999694e-01 5.314218315959999828e-01
1.403715367262142897e+09 6.217887689999999912e-02 2.571589027499999958e+00 1.804605444299999917e+00 1.605075348999999985e-01 1.982638570999999961e-01 -8.084975538999999989e-01 5.303399660430000440e-01
1.403715367312143087e+09 4.346460619999999858e-02 2.555537305300000117e+00 1.807575087300000050e+00 1.615413136000000138e-01 1.992464228999999976e-01 -8.090654680000000099e-01 5.287895001539999473e-01
1.403715367362143040e+09 2.538227930000000118e-02 2.538101105800000035e+00 1.810628477999999930e+00 1.629671306000000097e-01 1.997473213000000025e-01 -8.099223246000000209e-01 5.268477484510000197e-01
1.403715367412142992e+09 7.553413499999999878e-03 2.519505243399999816e+00 1.813389157800000095e+00 1.641433478000000057e-01 2.003673368999999982e-01 -8.102904971000000067e-01 5.256797522539999878e-01
1.403715367462142944e+09 -9.901964699999999883e-03 2.499713198799999869e+00 1.816091060500000021e+00 1.650532795999999913e-01 2.011992813000000047e-01 -8.102651704000000121e-01 5.251158136929999776e-01
1.403715367512143135e+09 -2.724880359999999960e-02 2.478733268600000095e+00 1.819022093699999898e+00 1.654694099000000029e-01 2.022189107000000041e-01 -8.108161654000000107e-01 5.237409021300000189e-01
1.403715367562143087e+09 -4.414697070000000306e-02 2.456329304300000071e+00 1.822240325399999916e+00 1.660267374000000129e-01 2.033973786999999922e-01 -8.107748241000000133e-01 5.231718774350000434e-01
1.403715367612143040e+09 -6.062696000000000057e-02 2.432565664599999788e+00 1.825833428799999991e+00 1.669468034000000101e-01 2.041139590000000115e-01 -8.102198121999999447e-01 5.234597525549999908e-01
1.403715367662142992e+09 -7.657811840000000592e-02 2.407678142800000032e+00 1.829534589999999961e+00 1.682814049999999950e-01 2.045485830999999866e-01 -8.098933013000000347e-01 5.233680219559999625e-01
1.403715367712143183e+09 -9.209333540000000373e-02 2.381323130999999815e+00 1.833368120500000087e+00 1.683245468000000022e-01 2.056979824999999873e-01 -8.088609129999999592e-01 5.244990089479999451e-01
1.403715367762142897e+09 -1.070794159000000023e-01 2.353790383499999805e+00 1.837444322999999935e+00 1.688863706000000020e-01 2.064673706000000053e-01 -8.082327376000000285e-01 5.249842478659999534e-01
1.403715367812143087e+09 -1.216539179999999998e-01 2.325066081800000184e+00 1.841507244600000037e+00 1.684673234999999880e-01 2.077635124999999972e-01 -8.072690732999999730e-01 5.260890866709999614e-01
1.403715367862143040e+09 -1.360137540999999950e-01 2.295430972900000199e+00 1.845645886800000079e+00 1.675808547000000037e-01 2.092192264999999940e-01 -8.057198104999999666e-01 5.281662232910000476e-01
1.403715367912142992e+09 -1.500616426999999975e-01 2.264597341700000044e+00 1.849689166899999959e+00 1.660957610999999889e-01 2.106311204000000104e-01 -8.033820401000000277e-01 5.316239525820000145e-01
1.403715367962142944e+09 -1.633697658000000108e-01 2.232937807299999911e+00 1.854147841200000091e+00 1.665409277000000077e-01 2.102635733999999867e-01 -8.005273578999999584e-01 5.359191155129999773e-01
1.403715368012143135e+09 -1.763398153000000079e-01 2.200749599899999964e+00 1.858127803199999928e+00 1.673450254000000137e-01 2.093356039000000002e-01 -7.982673153999999549e-01 5.393918246619999746e-01
1.403715368062143087e+09 -1.890588367000000103e-01 2.168157760899999786e+00 1.861807048099999973e+00 1.690537136999999968e-01 2.076427438000000014e-01 -7.963188003000000181e-01 5.423851963329999748e-01
1.403715368112143040e+09 -2.019379790999999980e-01 2.135505677699999882e+00 1.864651949700000033e+00 1.699944704999999945e-01 2.063907764000000034e-01 -7.949653657999999901e-01 5.445500845130000211e-01
1.403715368162142992e+09 -2.149652878999999961e-01 2.102851541600000207e+00 1.866834577299999909e+00 1.711066333000000050e-01 2.048096339000000099e-01 -7.940409099999999887e-01 5.461451887599999555e-01
1.403715368212143183e+09 -2.282767729000000079e-01 2.070479814000000029e+00 1.868280840499999984e+00 1.723768412999999999e-01 2.032025778999999865e-01 -7.937909362999999718e-01 5.467091423390000315e-01
1.403715368262142897e+09 -2.419685883000000093e-01 2.038401363799999810e+00 1.869306019799999996e+00 1.750599519000000104e-01 2.006433193000000115e-01 -7.940672624000000290e-01 5.464004524829999543e-01
1.403715368312143087e+09 -2.562588328000000026e-01 2.006249031899999924e+00 1.870062679099999903e+00 1.776094344999999963e-01 1.981137561999999908e-01 -7.946383608999999515e-01 5.456699586580000538e-01
1.403715368362143040e+09 -2.712156000000000011e-01 1.973933478299999988e+00 1.870743503099999927e+00 1.816431263999999934e-01 1.944728226000000115e-01 -7.950546493000000270e-01 5.450451362599999516e-01
1.403715368412142992e+09 -2.872718168000000238e-01 1.941403511899999934e+00 1.870956397999999909e+00 1.846858678999999948e-01 1.916287087999999916e-01 -7.953077203999999734e-01 5.446606264529999519e-01
1.403715368462142944e+09 -3.041215918999999879e-01 1.908291359799999976e+00 1.871186481000000068e+00 1.873835903000000136e-01 1.888572322000000026e-01 -7.945913641999999832e-01 5.457516832990000344e-01
1.403715368512143135e+09 -3.221899268999999788e-01 1.874738177600000055e+00 1.870990250099999974e+00 1.883004587999999868e-01 1.871924755000000107e-01 -7.939728671000000348e-01 5.469085852730000141e-01
1.403715368562143087e+09 -3.418603997999999922e-01 1.841036361500000051e+00 1.870125833499999946e+00 1.861804223000000091e-01 1.876593669999999936e-01 -7.929881744000000232e-01 5.488994148610000234e-01
1.403715368612143040e+09 -3.629122826999999774e-01 1.807188496400000011e+00 1.868653883399999938e+00 1.813133462000000029e-01 1.900181079000000106e-01 -7.920569010000000354e-01 5.510575784169999825e-01
1.403715368662142992e+09 -3.851799687999999944e-01 1.773489261499999969e+00 1.866885626700000023e+00 1.758378720999999867e-01 1.929114114999999907e-01 -7.915684359000000336e-01 5.525265978569999792e-01
1.403715368712143183e+09 -4.081801107999999956e-01 1.740282175900000006e+00 1.864975863099999964e+00 1.722793388999999953e-01 1.945545569000000086e-01 -7.915743707000000295e-01 5.530627174940000446e-01
1.403715368762142897e+09 -4.319472587000000030e-01 1.707053509599999908e+00 1.863073473999999896e+00 1.683064257999999924e-01 1.962126157999999898e-01 -7.914977895999999458e-01 5.538093585209999947e-01
1.403715368812143087e+09 -4.561369140000000044e-01 1.674284128500000079e+00 1.861354370399999958e+00 1.651412411000000025e-01 1.974073065999999987e-01 -7.913376801999999488e-01 5.545659579299999642e-01
1.403715368862143040e+09 -4.803729231000000155e-01 1.642149106900000044e+00 1.859611984400000084e+00 1.633200154999999987e-01 1.976487289999999952e-01 -7.920620072999999817e-01 5.539849538819999752e-01
1.403715368912142992e+09 -5.046295140000000012e-01 1.610455758100000079e+00 1.857863706100000067e+00 1.622287976000000020e-01 1.988442810999999921e-01 -7.925426575999999779e-01 5.531897550050000056e-01
1.403715368962142944e+09 -5.288990024999999928e-01 1.579868691800000002e+00 1.855972312000000013e+00 1.623443685000000025e-01 2.011569481000000104e-01 -7.932453295000000404e-01 5.513093827039999839e-01
1.403715369012143135e+09 -5.529321360000000185e-01 1.550084016800000075e+00 1.853836057299999895e+00 1.637509753999999984e-01 2.045072853999999885e-01 -7.941785375000000036e-01 5.483090723229999686e-01
1.403715369062143087e+09 -5.768959160000000086e-01 1.520682492299999966e+00 1.851932442300000092e+00 1.661151834000000049e-01 2.092038837000000095e-01 -7.949503601999999836e-01 5.446957000829999451e-01
1.403715369112143040e+09 -6.005313664000000440e-01 1.491585251899999909e+00 1.850521797399999890e+00 1.694352644999999880e-01 2.152479535000000055e-01 -7.948773028000000185e-01 5.414148900370000517e-01
1.403715369162142992e+09 -6.236094799000000410e-01 1.462482443699999912e+00 1.848928098200000036e+00 1.730477505999999943e-01 2.227351096999999891e-01 -7.940270954999999464e-01 5.384835360109999636e-01
1.403715369212143183e+09 -6.460746830000000385e-01 1.433185834199999897e+00 1.847748907099999949e+00 1.776800607000000032e-01 2.309686995000000131e-01 -7.926316022999999600e-01 5.355542913590000120e-01
1.403715369262142897e+09 -6.680699261000000444e-01 1.403770817300000084e+00 1.846744031500000105e+00 1.820596498000000008e-01 2.406248730999999974e-01 -7.900309466999999586e-01 5.336713011360000314e-01
1.403715369312143087e+09 -6.895980779999999477e-01 1.374765610499999902e+00 1.845694395800000054e+00 1.875187500000000118e-01 2.506240554999999981e-01 -7.876693451999999818e-01 5.306611949270000350e-01
1.403715369362143040e+09 -7.103282099000000072e-01 1.345486236700000005e+00 1.845291649900000053e+00 1.938226822000000127e-01 2.608280801999999787e-01 -7.843265350000000469e-01 5.284253654989999882e-01
1.403715369412142992e+09 -7.303396771000000287e-01 1.316179347999999916e+00 1.844865954000000086e+00 1.999974526999999946e-01 2.718525742999999828e-01 -7.809491007000000096e-01 5.255622692670000040e-01
1.403715369462142944e+09 -7.493495409999999524e-01 1.286789100700000077e+00 1.844730632200000109e+00 2.070252820000000049e-01 2.825931501000000234e-01 -7.773431196000000210e-01 5.225125056770000276e-01
1.403715369512143135e+09 -7.677283194999999782e-01 1.257394259900000089e+00 1.844750704500000005e+00 2.144347755999999883e-01 2.934600964999999895e-01 -7.733353380999999915e-01 5.194721875960000013e-01
1.403715369562143087e+09 -7.855475240000000525e-01 1.228055590599999913e+00 1.844739658800000015e+00 2.219895581000000118e-01 3.042398284999999758e-01 -7.690641486999999499e-01 5.164291800910000285e-01
1.403715369612143040e+09 -8.027239284999999613e-01 1.198862099999999931e+00 1.844647028600000072e+00 2.294748097000000042e-01 3.152320417000000208e-01 -7.644053443999999642e-01 5.134730188310000498e-01
1.403715369662142992e+09 -8.191767356000000389e-01 1.169447192500000066e+00 1.844687129300000006e+00 2.360919816000000004e-01 3.256546740999999856e-01 -7.599389678000000314e-01 5.105902219179999646e-01
1.403715369712143183e+09 -8.350471415000000341e-01 1.139342069500000054e+00 1.844695519100000070e+00 2.418323028999999902e-01 3.346769649999999929e-01 -7.556708954999999950e-01 5.083994138840000065e-01
1.403715369762142897e+09 -8.503066430000000286e-01 1.108954988300000055e+00 1.844455691300000089e+00 2.459707022000000021e-01 3.432909292999999917e-01 -7.516594739999999941e-01 5.066140410510000525e-01
1.403715369812143087e+09 -8.647128614000000324e-01 1.078292815199999977e+00 1.844072364699999911e+00 2.495085251999999976e-01 3.501947462000000177e-01 -7.486229921999999481e-01 5.046511182489999969e-01
1.403715369862143040e+09 -8.782997329999999714e-01 1.047408740400000093e+00 1.843148415299999954e+00 2.509474613000000076e-01 3.567555712000000101e-01 -7.456647357000000254e-01 5.037210894789999616e-01
1.403715369912142992e+09 -8.908476172999999498e-01 1.016544138400000019e+00 1.841561437199999984e+00 2.511412266999999976e-01 3.625063946000000037e-01 -7.440003008000000140e-01 5.019768426949999807e-01
1.403715369962142944e+09 -9.023816943000000368e-01 9.857447196999999939e-01 1.839534310699999953e+00 2.505703789000000015e-01 3.675592596999999739e-01 -7.432467767999999531e-01 4.996988139579999766e-01
1.403715370012143135e+09 -9.126492081999999506e-01 9.549811382999999765e-01 1.837152237900000040e+00 2.486274668000000021e-01 3.722105911999999961e-01 -7.422542315000000279e-01 4.987006259380000195e-01
1.403715370062143087e+09 -9.213946890999999972e-01 9.244805743999999770e-01 1.834288901100000091e+00 2.459017588000000087e-01 3.764625800999999994e-01 -7.409348959999999540e-01 4.988223439039999874e-01
1.403715370112143040e+09 -9.283358940000000503e-01 8.942109380999999635e-01 1.831654411199999943e+00 2.442806409000000123e-01 3.789750285999999857e-01 -7.394158603999999579e-01 4.999690806659999875e-01
1.403715370162142992e+09 -9.332925122999999878e-01 8.643232091000000450e-01 1.829398513699999951e+00 2.440421177000000053e-01 3.801240428000000060e-01 -7.365884657000000280e-01 5.033751970559999789e-01
1.403715370212143183e+09 -9.361229320999999715e-01 8.354945572999999959e-01 1.827971117699999981e+00 2.486386338999999890e-01 3.769081116999999925e-01 -7.353123644000000292e-01 5.054056111179999755e-01
1.403715370262142897e+09 -9.377455600999999863e-01 8.074719284000000386e-01 1.827021870999999908e+00 2.537494061000000189e-01 3.726832439000000163e-01 -7.345580536000000382e-01 5.070925995260000541e-01
1.403715370312143087e+09 -9.383141734000000067e-01 7.801148544999999546e-01 1.825924828100000008e+00 2.582140799000000042e-01 3.687617361000000149e-01 -7.343240072000000174e-01 5.080438203829999999e-01
1.403715370362143040e+09 -9.382662210000000114e-01 7.536081434000000412e-01 1.825104465599999948e+00 2.631112754000000109e-01 3.640617783000000274e-01 -7.349350033999999532e-01 5.080374190899999975e-01
1.403715370412142992e+09 -9.376658757000000399e-01 7.275623343999999548e-01 1.824563206799999948e+00 2.680182132000000217e-01 3.591719144000000141e-01 -7.360092716999999674e-01 5.073974037409999527e-01
1.403715370462142944e+09 -9.369549007999999901e-01 7.019383957999999479e-01 1.823916870699999970e+00 2.712483050000000229e-01 3.552825886000000044e-01 -7.372827220000000015e-01 5.065696665379999519e-01
1.403715370512143135e+09 -9.361957928999999901e-01 6.762648491999999623e-01 1.823396529400000077e+00 2.734118098000000163e-01 3.517421721999999806e-01 -7.383487725999999807e-01 5.063245171500000419e-01
1.403715370562143087e+09 -9.357494487999999944e-01 6.506021323999999773e-01 1.822644841800000082e+00 2.747529207000000140e-01 3.491637095999999829e-01 -7.394789660999999681e-01 5.057335219470000531e-01
1.403715370612143040e+09 -9.356446346000000247e-01 6.247164426000000326e-01 1.822160595299999963e+00 2.751459582999999931e-01 3.471965470000000220e-01 -7.398003996999999998e-01 5.064036216189999884e-01
1.403715370662142992e+09 -9.360810406999999778e-01 5.986631810000000442e-01 1.821427294800000096e+00 2.751720509000000203e-01 3.455885690000000121e-01 -7.409326031999999840e-01 5.058337284749999663e-01
1.403715370712143183e+09 -9.368197947999999942e-01 5.722259055999999733e-01 1.820686424200000042e+00 2.744912633000000102e-01 3.448365702999999782e-01 -7.413594890000000381e-01 5.060912904640000320e-01
1.403715370762142897e+09 -9.376360471000000363e-01 5.454823858999999775e-01 1.819984902200000088e+00 2.720917614999999734e-01 3.454424759999999983e-01 -7.410992389999999652e-01 5.073534143529999652e-01
1.403715370812143087e+09 -9.387886373999999590e-01 5.187309908999999664e-01 1.819372989899999959e+00 2.690018008999999766e-01 3.467146457999999987e-01 -7.410528379999999915e-01 5.082004297229999468e-01
1.403715370862143040e+09 -9.401441756999999733e-01 4.920709945000000252e-01 1.818766813999999954e+00 2.657486103000000210e-01 3.480099647000000074e-01 -7.414705963000000066e-01 5.084172453380000345e-01
1.403715370912142992e+09 -9.414093178000000339e-01 4.656660066000000153e-01 1.818135478200000099e+00 2.636593601000000175e-01 3.485933316000000004e-01 -7.421033350000000306e-01 5.081821239889999786e-01
1.403715370962142944e+09 -9.425355893000000318e-01 4.395841236999999957e-01 1.816834803399999920e+00 2.611534135999999950e-01 3.493597874000000103e-01 -7.440163705000000238e-01 5.061484703049999867e-01
1.403715371012143135e+09 -9.433047697999999981e-01 4.135652705999999790e-01 1.815040988000000022e+00 2.581777565999999746e-01 3.505708611000000197e-01 -7.470010031999999578e-01 5.024279236950000005e-01
1.403715371062143087e+09 -9.438932324000000040e-01 3.875577680000000247e-01 1.812728419899999999e+00 2.542807376999999813e-01 3.523641337000000262e-01 -7.511554967000000360e-01 4.969368606389999998e-01
1.403715371112143040e+09 -9.434279587999999661e-01 3.614146835000000002e-01 1.810265235499999958e+00 2.501062439000000248e-01 3.544374330000000239e-01 -7.548377255999999536e-01 4.919766059339999997e-01
1.403715371162142992e+09 -9.416456755000000012e-01 3.350889353000000015e-01 1.807829994300000021e+00 2.469455412999999877e-01 3.560275218999999769e-01 -7.580151752999999548e-01 4.875195352419999795e-01
1.403715371212143183e+09 -9.381627775999999974e-01 3.080805240999999750e-01 1.805063623399999928e+00 2.438669645000000052e-01 3.577251292999999999e-01 -7.603518684000000194e-01 4.841762817040000111e-01
1.403715371262142897e+09 -9.327350430999999942e-01 2.801787440999999879e-01 1.802256874000000009e+00 2.419189056999999921e-01 3.586593893000000199e-01 -7.616317593000000441e-01 4.824476641970000257e-01
1.403715371312143087e+09 -9.252790427000000539e-01 2.513388517999999849e-01 1.799267681499999938e+00 2.408783674999999957e-01 3.593500734999999779e-01 -7.618538529999999698e-01 4.821035609439999758e-01
1.403715371362143040e+09 -9.160639942999999619e-01 2.218729399000000102e-01 1.796203360600000076e+00 2.406433719000000138e-01 3.595464290000000007e-01 -7.618704195000000068e-01 4.820483345880000048e-01
1.403715371412142992e+09 -9.051582355999999718e-01 1.917809893000000099e-01 1.793132569199999971e+00 2.412086381999999918e-01 3.594314909999999919e-01 -7.609606009999999587e-01 4.832870367709999893e-01
1.403715371462142944e+09 -8.924258925000000398e-01 1.610368897999999993e-01 1.790787841700000049e+00 2.449884133000000130e-01 3.570443294999999795e-01 -7.589634288000000062e-01 4.862864771259999830e-01
1.403715371512143135e+09 -8.779815300000000100e-01 1.297092122000000070e-01 1.789012794400000050e+00 2.511844186000000145e-01 3.527483511000000238e-01 -7.566259825000000161e-01 4.898898970569999789e-01
1.403715371562143087e+09 -8.625650450999999830e-01 9.804992379999999397e-02 1.787318383499999941e+00 2.582271168999999977e-01 3.482598620999999839e-01 -7.543761395000000425e-01 4.929000555759999735e-01
1.403715371612143040e+09 -8.464655436000000366e-01 6.569960739999999855e-02 1.785282184900000013e+00 2.642793320999999862e-01 3.444165933000000179e-01 -7.522860887000000218e-01 4.955797469789999798e-01
1.403715371662142992e+09 -8.301846480000000250e-01 3.276145359999999701e-02 1.783198239100000082e+00 2.702874130999999847e-01 3.404623316000000011e-01 -7.507629333999999988e-01 4.973782594210000019e-01
1.403715371712143183e+09 -8.141004017999999842e-01 -7.555176999999999509e-04 1.780775045800000012e+00 2.759192180999999744e-01 3.369335688000000273e-01 -7.501709038999999635e-01 4.975821241410000040e-01
1.403715371762142897e+09 -7.984505753999999733e-01 -3.516162159999999814e-02 1.778007775200000085e+00 2.796114648999999952e-01 3.350346996999999938e-01 -7.497196113999999856e-01 4.974833494379999888e-01
1.403715371812143087e+09 -7.833491838999999679e-01 -7.075148790000000687e-02 1.774855646500000050e+00 2.810616609000000099e-01 3.345758815000000053e-01 -7.490598061000000030e-01 4.979686026730000270e-01
1.403715371862143040e+09 -7.693278095000000150e-01 -1.067781037999999960e-01 1.770299576200000002e+00 2.782370123999999834e-01 3.377464954000000130e-01 -7.489450597000000265e-01 4.975869445100000177e-01
1.403715371912142992e+09 -7.561782165000000555e-01 -1.434860417999999915e-01 1.765533144800000009e+00 2.739628127000000024e-01 3.417920240000000276e-01 -7.482724630000000543e-01 4.982076982959999789e-01
1.403715371962142944e+09 -7.432358961999999680e-01 -1.808059626999999892e-01 1.760683093499999963e+00 2.694597832000000248e-01 3.459634744000000262e-01 -7.473771886000000197e-01 4.991272759190000241e-01
1.403715372012143135e+09 -7.302542265999999449e-01 -2.182870719999999987e-01 1.756171790400000043e+00 2.664774260000000172e-01 3.489423777999999809e-01 -7.471263208999999739e-01 4.990303186980000194e-01
1.403715372062143087e+09 -7.168778959999999589e-01 -2.561563760000000189e-01 1.752387768700000015e+00 2.652978280000000133e-01 3.504390287999999964e-01 -7.457594987000000231e-01 5.006518947179999790e-01
1.403715372112143040e+09 -7.032507591000000113e-01 -2.940099503999999975e-01 1.749158447499999935e+00 2.654532833000000092e-01 3.508715264000000222e-01 -7.447982237000000394e-01 5.016964543559999656e-01
1.403715372162142992e+09 -6.893042473999999586e-01 -3.319031693999999755e-01 1.746512957900000051e+00 2.663480351999999995e-01 3.513145297999999972e-01 -7.437983205999999514e-01 5.023951468320000391e-01
1.403715372212143183e+09 -6.751726539000000304e-01 -3.695516879999999893e-01 1.745166095200000100e+00 2.694104639000000079e-01 3.518319643000000219e-01 -7.425764192999999569e-01 5.022076585329999787e-01
1.403715372262142897e+09 -6.606812600999999452e-01 -4.072440205999999785e-01 1.744577558800000094e+00 2.709186885000000045e-01 3.545262189999999758e-01 -7.408072729000000356e-01 5.021143382599999594e-01
1.403715372312143087e+09 -6.461757603000000127e-01 -4.447041742000000242e-01 1.744889235300000063e+00 2.734430596999999907e-01 3.580787923000000039e-01 -7.386134389999999827e-01 5.014565378490000169e-01
1.403715372362143040e+09 -6.317095524000000406e-01 -4.818581959000000081e-01 1.746145059899999907e+00 2.764029941999999740e-01 3.627405318999999961e-01 -7.360544153000000422e-01 5.002445292599999593e-01
1.403715372412142992e+09 -6.171733796999999688e-01 -5.188140090999999732e-01 1.748679188599999934e+00 2.796165753000000032e-01 3.686936452999999836e-01 -7.320896405000000273e-01 4.999243192250000245e-01
1.403715372462142944e+09 -6.026562997000000088e-01 -5.556506960999999523e-01 1.752308762299999989e+00 2.830426395999999789e-01 3.736642295000000003e-01 -7.289975751999999698e-01 4.988230579819999955e-01
1.403715372512143135e+09 -5.881979581999999818e-01 -5.922511754999999489e-01 1.756842039199999927e+00 2.855147804000000011e-01 3.787092462000000159e-01 -7.260458105999999523e-01 4.979137454670000129e-01
1.403715372562143087e+09 -5.736358751000000256e-01 -6.288201978999999886e-01 1.762826997599999945e+00 2.882725630999999900e-01 3.829170413999999911e-01 -7.227890841999999871e-01 4.978447634939999755e-01
1.403715372612143040e+09 -5.590850466000000241e-01 -6.651680866000000414e-01 1.769371843100000063e+00 2.908250323000000082e-01 3.864031077999999786e-01 -7.202790493999999821e-01 4.973042627750000055e-01
1.403715372662142992e+09 -5.444914485999999831e-01 -7.014057630000000154e-01 1.775891559499999994e+00 2.926017714999999964e-01 3.896967701999999867e-01 -7.180603781000000074e-01 4.969003159729999952e-01
1.403715372712143183e+09 -5.300267636000000060e-01 -7.372562190000000459e-01 1.782334927099999966e+00 2.947473038999999795e-01 3.918644680999999741e-01 -7.166420144999999797e-01 4.959742821279999880e-01
1.403715372762142897e+09 -5.157718627999999805e-01 -7.726742052999999721e-01 1.787835736799999964e+00 2.954145579999999938e-01 3.942608347000000069e-01 -7.154615725999999842e-01 4.953820457070000072e-01
1.403715372812143087e+09 -5.016061410000000054e-01 -8.077186715999999933e-01 1.793163545999999942e+00 2.968938662000000228e-01 3.954889866999999892e-01 -7.144620242000000454e-01 4.949611193149999755e-01
1.403715372862143040e+09 -4.875026867000000208e-01 -8.425185885999999513e-01 1.798061335999999955e+00 2.980796447999999876e-01 3.963814036000000152e-01 -7.141840336000000455e-01 4.939346864210000243e-01
1.403715372912142992e+09 -4.732471820999999967e-01 -8.770564870999999485e-01 1.802745727300000045e+00 2.999959286000000169e-01 3.962890244999999756e-01 -7.142957634000000056e-01 4.926855124830000210e-01
1.403715372962142944e+09 -4.590169018999999961e-01 -9.113795676000000512e-01 1.807310432400000000e+00 3.022317730999999896e-01 3.954879786000000119e-01 -7.145995751000000507e-01 4.915207639160000253e-01
1.403715373012143135e+09 -4.449146071000000258e-01 -9.455206042999999561e-01 1.811648725900000034e+00 3.038734177999999897e-01 3.948567144999999834e-01 -7.152521768999999807e-01 4.900647348420000271e-01
1.403715373062143087e+09 -4.308736678000000264e-01 -9.796074351000000346e-01 1.815574030100000069e+00 3.054188780000000047e-01 3.939925142999999852e-01 -7.157371287999999554e-01 4.890905540859999956e-01
1.403715373112143040e+09 -4.170866397999999919e-01 -1.013734987100000096e+00 1.818984589500000082e+00 3.065729844000000259e-01 3.929905170999999919e-01 -7.162673572000000100e-01 4.883979235550000020e-01
1.403715373162142992e+09 -4.036743318000000080e-01 -1.047979255500000040e+00 1.822060801399999930e+00 3.072183763999999928e-01 3.922873608999999928e-01 -7.167238428000000106e-01 4.878877216020000018e-01
1.403715373212143183e+09 -3.905594597000000001e-01 -1.082530116600000092e+00 1.824811044700000107e+00 3.074066759999999898e-01 3.915807756999999945e-01 -7.170880830000000428e-01 4.878015096880000123e-01
1.403715373262142897e+09 -3.780223898000000249e-01 -1.117118985000000064e+00 1.827331659299999966e+00 3.062960819000000168e-01 3.916094546000000176e-01 -7.174140946999999491e-01 4.879977070389999727e-01
1.403715373312143087e+09 -3.657174926999999798e-01 -1.151979113999999971e+00 1.830014254499999993e+00 3.035981798999999870e-01 3.926570193999999736e-01 -7.166183495000000292e-01 4.900068891220000222e-01
1.403715373362143040e+09 -3.536070543000000010e-01 -1.186606436799999997e+00 1.832731575199999963e+00 3.021028320999999961e-01 3.926686507000000104e-01 -7.165637336000000301e-01 4.910006366770000019e-01
1.403715373412142992e+09 -3.416548320000000194e-01 -1.221128106699999938e+00 1.835389741800000030e+00 3.009556903999999755e-01 3.926037525000000139e-01 -7.165820907000000073e-01 4.917296749739999973e-01
1.403715373462142944e+09 -3.297287653000000041e-01 -1.255341551599999939e+00 1.837771876499999957e+00 2.996717476999999907e-01 3.928456390999999770e-01 -7.162612288999999910e-01 4.927869716709999959e-01
1.403715373512143135e+09 -3.179673471000000196e-01 -1.288918692700000035e+00 1.839530116699999995e+00 2.989903519000000065e-01 3.939342469000000069e-01 -7.156976655000000243e-01 4.931505147610000250e-01
1.403715373562143087e+09 -3.061837440999999882e-01 -1.322178571100000033e+00 1.841011493199999904e+00 2.978335637000000258e-01 3.969501099000000144e-01 -7.136517605000000097e-01 4.943955332250000168e-01
1.403715373612143040e+09 -2.944548893999999750e-01 -1.354771891399999983e+00 1.841793641400000014e+00 2.954764247000000177e-01 4.025980284999999825e-01 -7.107757511000000195e-01 4.953850436230000098e-01
1.403715373662142992e+09 -2.827433708000000046e-01 -1.386320082699999956e+00 1.842587839999999977e+00 2.948816384999999873e-01 4.089061775000000232e-01 -7.069812235000000333e-01 4.960021238730000226e-01
1.403715373712143183e+09 -2.710979470000000058e-01 -1.416452139200000016e+00 1.843175482199999937e+00 2.950086772000000135e-01 4.166518542000000047e-01 -7.019145145999999835e-01 4.966760785120000188e-01
1.403715373762142897e+09 -2.591322870000000167e-01 -1.444923399599999936e+00 1.844029034799999911e+00 2.972451287000000275e-01 4.243364635999999912e-01 -6.970023507000000507e-01 4.957535901499999786e-01
1.403715373812143087e+09 -2.465239897000000013e-01 -1.471656273600000064e+00 1.844648689800000074e+00 3.019858407000000078e-01 4.316827469000000250e-01 -6.920542653000000266e-01 4.934728482299999830e-01
1.403715373862143040e+09 -2.333362465999999913e-01 -1.496788775099999969e+00 1.845424339800000091e+00 3.083714478999999842e-01 4.392267455000000154e-01 -6.873040214000000203e-01 4.894896304879999827e-01
1.403715373912142992e+09 -2.198082185000000133e-01 -1.520513715799999943e+00 1.846607007500000064e+00 3.157614511999999873e-01 4.469727095000000094e-01 -6.822296080999999957e-01 4.848431341350000201e-01
1.403715373962142944e+09 -2.061846931999999910e-01 -1.542964007599999965e+00 1.848154037500000069e+00 3.240612409999999999e-01 4.547337350999999805e-01 -6.767758850999999742e-01 4.797665512009999800e-01
1.403715374012143135e+09 -1.928431099000000037e-01 -1.564081461800000072e+00 1.849170870800000088e+00 3.317313832000000073e-01 4.634813007999999956e-01 -6.706745648999999920e-01 4.746946400429999935e-01
1.403715374062143087e+09 -1.796382521000000065e-01 -1.583731093899999998e+00 1.849606598300000071e+00 3.398931653000000219e-01 4.722391528000000060e-01 -6.642876082999999987e-01 4.692385237710000045e-01
1.403715374112143040e+09 -1.662018416000000109e-01 -1.602179842399999998e+00 1.849932301499999987e+00 3.482328196999999737e-01 4.810649083999999909e-01 -6.574502986000000382e-01 4.637559293629999746e-01
1.403715374162142992e+09 -1.529614400000000041e-01 -1.619670292599999950e+00 1.850044118300000040e+00 3.549060192999999863e-01 4.908705051000000208e-01 -6.500105549000000371e-01 4.588835835480000180e-01
1.403715374212143183e+09 -1.396939900999999984e-01 -1.636122908099999940e+00 1.850376078700000093e+00 3.623500048000000140e-01 5.001416831999999646e-01 -6.428764775999999959e-01 4.530679920049999754e-01
1.403715374262142897e+09 -1.269193375000000068e-01 -1.651850614200000011e+00 1.850712941600000105e+00 3.695659540999999826e-01 5.093035518999999844e-01 -6.354278727000000071e-01 4.475067777319999829e-01
1.403715374312143087e+09 -1.142738184000000046e-01 -1.666755469099999942e+00 1.850924467400000051e+00 3.763769423000000169e-01 5.183631428999999624e-01 -6.288442375999999667e-01 4.406755884390000100e-01
1.403715374362143040e+09 -1.020935205000000068e-01 -1.681521926200000072e+00 1.851296585600000100e+00 3.815953530999999788e-01 5.275148975000000240e-01 -6.220104539999999904e-01 4.349896717480000174e-01
1.403715374412142992e+09 -9.002531969999999495e-02 -1.695912983199999946e+00 1.851813573600000096e+00 3.854399099999999967e-01 5.359604510000000044e-01 -6.163572157000000162e-01 4.292857479220000272e-01
1.403715374462142944e+09 -7.760348390000000596e-02 -1.709847268799999931e+00 1.852545326400000025e+00 3.882335026000000022e-01 5.433172796999999887e-01 -6.117411576000000295e-01 4.240917791300000128e-01
1.403715374512143135e+09 -6.489718390000000225e-02 -1.723390668600000009e+00 1.852844440599999976e+00 3.886511437999999874e-01 5.504299859000000295e-01 -6.090162437999999678e-01 4.184212397279999940e-01
1.403715374562143087e+09 -5.166096790000000022e-02 -1.736552840399999909e+00 1.853447240900000015e+00 3.890459977999999874e-01 5.559228182000000018e-01 -6.068031158000000147e-01 4.139843118609999872e-01
1.403715374612143040e+09 -3.816873140000000275e-02 -1.749320184499999931e+00 1.854017270299999964e+00 3.883262030999999892e-01 5.608528641000000148e-01 -6.053270573000000265e-01 4.101536035839999927e-01
1.403715374662142992e+09 -2.360673740000000104e-02 -1.761322888300000056e+00 1.854934210299999942e+00 3.882862660999999993e-01 5.638609473000000261e-01 -6.046996077999999830e-01 4.069803336960000073e-01
1.403715374712143183e+09 -7.822945099999999152e-03 -1.772741561199999927e+00 1.855891152599999927e+00 3.878093704000000197e-01 5.663120064000000120e-01 -6.039828560000000124e-01 4.050917344980000112e-01
1.403715374762142897e+09 9.031252199999999231e-03 -1.783677639900000056e+00 1.856990545399999970e+00 3.870344284000000190e-01 5.679504709999999568e-01 -6.035389442999999909e-01 4.041996492109999894e-01
1.403715374812143087e+09 2.719877630000000143e-02 -1.793927920700000067e+00 1.858218095000000014e+00 3.862759158999999887e-01 5.689251267999999584e-01 -6.031770130000000396e-01 4.040948005769999796e-01
1.403715374862143040e+09 4.684180310000000264e-02 -1.803489922500000064e+00 1.859413232899999935e+00 3.857810482999999846e-01 5.690209397000000058e-01 -6.033450720999999906e-01 4.041817374980000155e-01
1.403715374912142992e+09 6.780957090000000465e-02 -1.812347826899999959e+00 1.860595484599999905e+00 3.849122205000000130e-01 5.689962990000000387e-01 -6.027664807000000513e-01 4.059043779259999818e-01
1.403715374962142944e+09 8.989179980000000514e-02 -1.820187190800000021e+00 1.862226321300000098e+00 3.862115327999999792e-01 5.672042643000000384e-01 -6.012960137999999732e-01 4.093446937340000091e-01
1.403715375012143135e+09 1.129116604000000024e-01 -1.827022289300000102e+00 1.863493854999999977e+00 3.873790773999999937e-01 5.651059147000000449e-01 -6.003680553000000364e-01 4.124935803390000211e-01
1.403715375062143087e+09 1.369150728999999900e-01 -1.832960205400000042e+00 1.864624105399999898e+00 3.876230665000000020e-01 5.634217857000000107e-01 -5.990737310999999510e-01 4.164311641060000069e-01
1.403715375112143040e+09 1.613941170000000036e-01 -1.837578000199999950e+00 1.865278309400000056e+00 3.877040650999999949e-01 5.616225536000000185e-01 -5.990078396000000360e-01 4.188738154319999740e-01
1.403715375162142992e+09 1.863330376000000010e-01 -1.841078331899999920e+00 1.865703999900000021e+00 3.880559625000000179e-01 5.593802399999999730e-01 -5.993544596000000002e-01 4.210469674769999893e-01
1.403715375212143183e+09 2.116103601000000056e-01 -1.843332853800000004e+00 1.865871496000000018e+00 3.882587235000000137e-01 5.569989531000000271e-01 -6.001507403000000407e-01 4.228787282009999760e-01
1.403715375262142897e+09 2.368329372999999904e-01 -1.844197647099999893e+00 1.865394390500000110e+00 3.882470190999999793e-01 5.548101747000000472e-01 -6.019552651999999782e-01 4.232018206450000042e-01
1.403715375312143087e+09 2.620405464000000184e-01 -1.844073400599999912e+00 1.864429156699999979e+00 3.875208654000000252e-01 5.528985755999999974e-01 -6.035830138000000122e-01 4.240498667120000120e-01
1.403715375362143040e+09 2.870878150999999767e-01 -1.842961752199999914e+00 1.863470399799999955e+00 3.887721954000000202e-01 5.496384255999999802e-01 -6.060676957999999726e-01 4.235985474649999749e-01
1.403715375412142992e+09 3.125176083000000271e-01 -1.841428600299999996e+00 1.861522734800000078e+00 3.860992384999999971e-01 5.489963481999999839e-01 -6.078436420999999701e-01 4.243306428360000271e-01
1.403715375462142944e+09 3.383761619999999803e-01 -1.838762486500000071e+00 1.860152076699999935e+00 3.865986915999999884e-01 5.463282914000000545e-01 -6.099794316000000105e-01 4.242545729480000083e-01
1.403715375512143135e+09 3.642372527000000137e-01 -1.835478029199999916e+00 1.858217993600000062e+00 3.859282898999999989e-01 5.447049615000000289e-01 -6.119597878000000435e-01 4.241003160840000064e-01
1.403715375562143087e+09 3.904802251999999751e-01 -1.831426185300000009e+00 1.856050043600000032e+00 3.861451085000000005e-01 5.423409912000000110e-01 -6.145558811000000343e-01 4.231775908929999996e-01
1.403715375612143040e+09 4.165264268000000158e-01 -1.826908533199999907e+00 1.853293081299999923e+00 3.860208697999999994e-01 5.403510821000000464e-01 -6.164892369000000150e-01 4.230243691200000211e-01
1.403715375662142992e+09 4.426287231000000100e-01 -1.822191767400000106e+00 1.850092364400000022e+00 3.860840190000000005e-01 5.383570227999999736e-01 -6.178581458999999887e-01 4.235116972920000000e-01
1.403715375712143183e+09 4.689777773000000094e-01 -1.817214515499999905e+00 1.846681098199999926e+00 3.857875947000000139e-01 5.367920566999999643e-01 -6.182645490000000521e-01 4.251719265689999916e-01
1.403715375762142897e+09 4.957009372999999774e-01 -1.811671509600000007e+00 1.843219943000000027e+00 3.860540712000000152e-01 5.352864819000000551e-01 -6.187040443000000334e-01 4.261876839829999986e-01
1.403715375812143087e+09 5.224075387000000070e-01 -1.805889126400000100e+00 1.839729012100000061e+00 3.859265633000000251e-01 5.340790656999999664e-01 -6.189720589999999634e-01 4.274269873229999961e-01
1.403715375862143040e+09 5.492559597999999710e-01 -1.799831832199999981e+00 1.836460581999999953e+00 3.852695211000000119e-01 5.335187291999999859e-01 -6.182253352000000035e-01 4.297936673930000118e-01
1.403715375912142992e+09 5.760854311999999977e-01 -1.793360249700000075e+00 1.832817456599999950e+00 3.836600743999999952e-01 5.339839894000000253e-01 -6.173215432999999974e-01 4.319492545870000089e-01
1.403715375962142944e+09 6.026670447999999958e-01 -1.786208046300000074e+00 1.829835115599999895e+00 3.837003151000000223e-01 5.334404687999999561e-01 -6.163134765000000126e-01 4.340196230219999785e-01
1.403715376012143135e+09 6.288827734999999919e-01 -1.778562557000000099e+00 1.826754575200000064e+00 3.832392068000000096e-01 5.336632451999999693e-01 -6.151623881000000127e-01 4.357826149060000098e-01
1.403715376062143087e+09 6.547920153999999826e-01 -1.770024742299999954e+00 1.823462480899999960e+00 3.844335421999999780e-01 5.327736490000000158e-01 -6.152710108000000178e-01 4.356657821759999938e-01
1.403715376112143040e+09 6.801770711000000302e-01 -1.760811304500000007e+00 1.819700946800000052e+00 3.864130492000000250e-01 5.317993805999999823e-01 -6.156412726000000113e-01 4.345804847440000174e-01
1.403715376162142992e+09 7.050382572000000181e-01 -1.751191443800000025e+00 1.815645652900000018e+00 3.892231085999999785e-01 5.304750890999999635e-01 -6.161532207000000039e-01 4.329627700740000251e-01
1.403715376212143183e+09 7.296936335999999468e-01 -1.741318719199999920e+00 1.811400329500000073e+00 3.920675927000000227e-01 5.288333498999999716e-01 -6.168908091999999455e-01 4.313513884910000207e-01
1.403715376262142897e+09 7.537583721999999709e-01 -1.731144989399999945e+00 1.806702080600000038e+00 3.946358931999999764e-01 5.275798811999999893e-01 -6.173983509999999564e-01 4.298153754180000230e-01
1.403715376312143087e+09 7.775936433000000259e-01 -1.721110039800000102e+00 1.802427145100000017e+00 3.983750306000000130e-01 5.253339459000000433e-01 -6.146453855000000299e-01 4.330503785340000245e-01
1.403715376362143040e+09 8.008252922999999912e-01 -1.711193972700000066e+00 1.798320612799999996e+00 4.034347153999999769e-01 5.218894170000000221e-01 -6.110830979000000385e-01 4.375492135499999824e-01
1.403715376412142992e+09 8.228108926999999628e-01 -1.701354392500000090e+00 1.793554947999999927e+00 4.054411149000000103e-01 5.208245482000000148e-01 -6.069214908000000186e-01 4.427251928559999827e-01
1.403715376462142944e+09 8.428057017000000206e-01 -1.691424212200000055e+00 1.787596745699999934e+00 4.031930294000000137e-01 5.229452394000000393e-01 -6.049807301999999831e-01 4.449291783620000218e-01
1.403715376512143135e+09 8.611123062000000106e-01 -1.681103737799999998e+00 1.780887161000000107e+00 3.994795864999999835e-01 5.265057198000000493e-01 -6.046431540000000160e-01 4.445384610240000200e-01
1.403715376562143087e+09 8.781721662000000483e-01 -1.670197733900000037e+00 1.774053022399999957e+00 3.958058960999999987e-01 5.303562802000000298e-01 -6.050826294000000161e-01 4.426453662659999844e-01
1.403715376612143040e+09 8.941043848999999932e-01 -1.658593063599999917e+00 1.767203203000000000e+00 3.929406985000000185e-01 5.335635932000000192e-01 -6.053850331000000251e-01 4.409268205999999912e-01
1.403715376662142992e+09 9.091860975000000122e-01 -1.646330035399999892e+00 1.760314170100000020e+00 3.905401856999999866e-01 5.366286855999999883e-01 -6.061810727999999981e-01 4.382379765950000228e-01
1.403715376712143183e+09 9.237370151999999557e-01 -1.633422291800000092e+00 1.754190760199999977e+00 3.902150243999999990e-01 5.380849602999999703e-01 -6.060731510000000322e-01 4.368891687679999913e-01
1.403715376762142897e+09 9.376914595999999991e-01 -1.619891058000000106e+00 1.748218901600000041e+00 3.898004863999999792e-01 5.396131067999999642e-01 -6.048661756000000000e-01 4.370471203280000272e-01
1.403715376812143087e+09 9.511123910000000015e-01 -1.605717212600000110e+00 1.742680506399999940e+00 3.910140400000000072e-01 5.399549067000000147e-01 -6.030914582999999940e-01 4.379924795760000156e-01
1.403715376862143040e+09 9.638592611999999837e-01 -1.590839691200000017e+00 1.737963954600000083e+00 3.940108073999999960e-01 5.391741933999999459e-01 -6.010154881999999477e-01 4.391207758730000243e-01
1.403715376912142992e+09 9.757264023999999702e-01 -1.575279911800000043e+00 1.734053202799999971e+00 3.986426373999999995e-01 5.372253103999999890e-01 -5.975278915999999718e-01 4.420785363470000062e-01
1.403715376962142944e+09 9.865029444999999786e-01 -1.559011769200000064e+00 1.730547469100000013e+00 4.031309545000000272e-01 5.353238844000000052e-01 -5.927180034000000264e-01 4.467651964900000161e-01
1.403715377012143135e+09 9.955014388999999797e-01 -1.541708397799999908e+00 1.726698490500000016e+00 4.081238097000000065e-01 5.333771465000000100e-01 -5.903668931000000120e-01 4.476725444770000006e-01
1.403715377062143087e+09 1.002609197099999960e+00 -1.523729581200000016e+00 1.721748489599999932e+00 4.089221961999999766e-01 5.347533291999999605e-01 -5.889742340000000409e-01 4.471362946970000030e-01
1.403715377112143040e+09 1.007910304899999998e+00 -1.505067042000000077e+00 1.715935780099999919e+00 4.064842914999999834e-01 5.383457055000000491e-01 -5.897800699999999896e-01 4.439751019079999916e-01
1.403715377162142992e+09 1.011653289899999919e+00 -1.485966151900000032e+00 1.710256682000000028e+00 4.034207222000000259e-01 5.424008997999999471e-01 -5.899780010999999824e-01 4.415642002690000067e-01
1.403715377212143183e+09 1.014330825300000072e+00 -1.465947530600000048e+00 1.704746227500000044e+00 4.007698640999999840e-01 5.459495840000000433e-01 -5.903313352000000291e-01 4.391258162139999865e-01
1.403715377262142897e+09 1.016152653400000050e+00 -1.444968103499999934e+00 1.699674272900000060e+00 3.997360368000000275e-01 5.484438984999999711e-01 -5.904486723999999853e-01 4.367960123529999739e-01
1.403715377312143087e+09 1.017015264100000094e+00 -1.422953418899999933e+00 1.695340276000000035e+00 4.003014347000000139e-01 5.495803817000000091e-01 -5.907398111999999646e-01 4.344498139319999952e-01
1.403715377362143040e+09 1.017000032099999896e+00 -1.400289470699999983e+00 1.691361555400000105e+00 4.013960624999999838e-01 5.500248099000000224e-01 -5.902739079000000055e-01 4.335096575369999927e-01
1.403715377412142992e+09 1.016231881900000023e+00 -1.376858958999999993e+00 1.687740117599999978e+00 4.044371467999999803e-01 5.492368002999999943e-01 -5.894505038999999780e-01 4.328020736839999771e-01
1.403715377462142944e+09 1.014562514200000098e+00 -1.353084530500000104e+00 1.683910846000000072e+00 4.061065178000000109e-01 5.490024782000000325e-01 -5.882334680999999899e-01 4.331918306199999957e-01
1.403715377512143135e+09 1.011793275799999892e+00 -1.328706375099999892e+00 1.679967513300000048e+00 4.076032772000000026e-01 5.489642323000000212e-01 -5.874426381999999780e-01 4.329075962269999800e-01
1.403715377562143087e+09 1.008111145099999995e+00 -1.303707175500000037e+00 1.675939895600000007e+00 4.089269027999999917e-01 5.488201025000000177e-01 -5.873852457999999555e-01 4.319188074570000091e-01
1.403715377612143040e+09 1.003342976099999895e+00 -1.278332319800000061e+00 1.671578477700000009e+00 4.089667303999999781e-01 5.493297404000000439e-01 -5.874527144000000201e-01 4.311407635580000175e-01
1.403715377662142992e+09 9.976243236999999819e-01 -1.252304332600000070e+00 1.667089323399999934e+00 4.081011068000000019e-01 5.505573214000000215e-01 -5.881439199000000340e-01 4.294494754040000251e-01
1.403715377712143183e+09 9.911972726000000122e-01 -1.225933284199999918e+00 1.662476228600000105e+00 4.071926421000000018e-01 5.514341141999999918e-01 -5.891464624000000150e-01 4.278095554279999768e-01
1.403715377762142897e+09 9.842215530000000268e-01 -1.199086607899999990e+00 1.658094017800000097e+00 4.068514324999999987e-01 5.518419820000000087e-01 -5.893720572999999741e-01 4.272972230320000175e-01
1.403715377812143087e+09 9.764275213999999981e-01 -1.171635407399999940e+00 1.654107999600000101e+00 4.065140906999999970e-01 5.522030087999999504e-01 -5.898654523999999899e-01 4.264702558560000134e-01
1.403715377862143040e+09 9.678816674000000342e-01 -1.143707474700000004e+00 1.650167873900000082e+00 4.062433677999999770e-01 5.524503658999999622e-01 -5.903775664000000534e-01 4.256985416790000087e-01
1.403715377912142992e+09 9.587320150000000485e-01 -1.115413344999999889e+00 1.645731381400000082e+00 4.062205065000000226e-01 5.525802225000000512e-01 -5.905058734000000475e-01 4.253737312599999987e-01
1.403715377962142944e+09 9.491093546000000103e-01 -1.086690636099999940e+00 1.641091534000000074e+00 4.067672407999999851e-01 5.523798022000000474e-01 -5.905668394999999959e-01 4.250267921420000095e-01
1.403715378012143135e+09 9.389553133000000384e-01 -1.057418325600000042e+00 1.636693029699999968e+00 4.081974587000000154e-01 5.514491739000000337e-01 -5.915041052999999716e-01 4.235581857160000130e-01
1.403715378062143087e+09 9.283849048000000215e-01 -1.027685400199999988e+00 1.632502823600000097e+00 4.108508584000000186e-01 5.499195644000000049e-01 -5.923559924000000310e-01 4.217871775029999881e-01
1.403715378112143040e+09 9.170467142999999544e-01 -9.978475380000000339e-01 1.627944945000000088e+00 4.131479710000000027e-01 5.486788280000000073e-01 -5.932265863000000250e-01 4.199315599160000079e-01
1.403715378162142992e+09 9.051005545000000430e-01 -9.679653705999999858e-01 1.623368390500000036e+00 4.158952437999999807e-01 5.472608021000000544e-01 -5.939374133999999472e-01 4.180611315280000073e-01
1.403715378212143183e+09 8.927206391999999990e-01 -9.385480863999999812e-01 1.618948297800000047e+00 4.188410623000000110e-01 5.453980261999999968e-01 -5.948566025000000534e-01 4.162436545609999872e-01
1.403715378262142897e+09 8.796838500000000449e-01 -9.096091251000000266e-01 1.614118517699999922e+00 4.199685282000000242e-01 5.450559807999999506e-01 -5.967179429000000201e-01 4.128778387200000011e-01
1.403715378312143087e+09 8.662726973000000052e-01 -8.812743583000000047e-01 1.609161000999999924e+00 4.211436503000000053e-01 5.445608924000000517e-01 -5.990478102999999832e-01 4.089415375350000104e-01
1.403715378362143040e+09 8.524851114999999480e-01 -8.539911009999999747e-01 1.603871767700000062e+00 4.211510708999999797e-01 5.448145893000000406e-01 -6.016766651999999604e-01 4.047147504959999753e-01
1.403715378412142992e+09 8.382619395999999501e-01 -8.278765992000000074e-01 1.598526122700000052e+00 4.194686930000000036e-01 5.462784061000000024e-01 -6.040015547999999512e-01 4.010087784270000011e-01
1.403715378462142944e+09 8.241344083999999626e-01 -8.031910987000000501e-01 1.593386494400000020e+00 4.168970315000000149e-01 5.480271719999999513e-01 -6.050492867000000219e-01 3.997229597759999753e-01
1.403715378512143135e+09 8.101162080999999571e-01 -7.796541641999999994e-01 1.588569084800000031e+00 4.133882220000000274e-01 5.506473865000000023e-01 -6.051158707999999553e-01 3.996653807650000223e-01
1.403715378562143087e+09 7.963261581999999672e-01 -7.572518861999999462e-01 1.584492153800000080e+00 4.097584032000000098e-01 5.532218464000000502e-01 -6.042400200999999971e-01 4.011703350799999956e-01
1.403715378612143040e+09 7.828831088000000049e-01 -7.353787153999999937e-01 1.581477119899999950e+00 4.076291314000000110e-01 5.546725130999999864e-01 -6.040534666000000330e-01 4.016171111080000244e-01
1.403715378662142992e+09 7.697210434000000268e-01 -7.137755116999999760e-01 1.578547057800000042e+00 4.050153980999999792e-01 5.565239076000000340e-01 -6.039932326000000407e-01 4.017907944990000146e-01
1.403715378712143183e+09 7.574784169999999595e-01 -6.925380346999999714e-01 1.576213212599999913e+00 4.027439146999999831e-01 5.582172434000000072e-01 -6.041506304999999521e-01 4.014883112009999810e-01
1.403715378762142897e+09 7.456542723000000317e-01 -6.718413425000000494e-01 1.574502332100000013e+00 4.007014443999999953e-01 5.596568108999999680e-01 -6.049063544999999653e-01 4.003884473120000176e-01
1.403715378812143087e+09 7.346327320000000105e-01 -6.515240948999999615e-01 1.573198639899999973e+00 3.985603154999999842e-01 5.612252165000000126e-01 -6.062278064999999661e-01 3.983262204670000028e-01
1.403715378862143040e+09 7.245849107999999816e-01 -6.315263435000000314e-01 1.572708499099999990e+00 3.972105277999999906e-01 5.622101809999999755e-01 -6.074938456999999792e-01 3.963517837409999967e-01
1.403715378912142992e+09 7.160874298999999610e-01 -6.119055662000000284e-01 1.572860533200000077e+00 3.963760807999999747e-01 5.629081287999999628e-01 -6.084119501000000430e-01 3.947851822899999807e-01
1.403715378962142944e+09 7.088939778999999719e-01 -5.926252381000000069e-01 1.573858455299999903e+00 3.959825280000000003e-01 5.630844162999999458e-01 -6.091102077000000170e-01 3.938509012290000166e-01
1.403715379012143135e+09 7.030912044999999555e-01 -5.736636944999999876e-01 1.575768404700000014e+00 3.961432195999999850e-01 5.629149369999999486e-01 -6.093496041000000529e-01 3.935611556959999757e-01
1.403715379062143087e+09 6.986633880000000518e-01 -5.551797858000000474e-01 1.578072729100000071e+00 3.954931042000000008e-01 5.631143666000000270e-01 -6.088041262000000176e-01 3.947720234620000213e-01
1.403715379112143040e+09 6.953713965000000163e-01 -5.370124921000000162e-01 1.580982822600000004e+00 3.954659067999999889e-01 5.632855687000000167e-01 -6.073806305000000183e-01 3.967428062650000253e-01
1.403715379162142992e+09 6.933565499999999604e-01 -5.192951448999999498e-01 1.584280289899999916e+00 3.947228828000000078e-01 5.635501684000000511e-01 -6.044893087999999581e-01 4.014943699869999993e-01
1.403715379212143183e+09 6.920941900000000535e-01 -5.015602735999999950e-01 1.587533104200000045e+00 3.933137183000000037e-01 5.643148461000000449e-01 -6.022376481000000226e-01 4.051701971480000108e-01
1.403715379262142897e+09 6.911773697999999966e-01 -4.835367964999999768e-01 1.590827078900000080e+00 3.918277871999999995e-01 5.651896517000000175e-01 -6.000958481999999483e-01 4.085542994890000168e-01
1.403715379312143087e+09 6.909105258000000083e-01 -4.653825748000000040e-01 1.594350136499999904e+00 3.902932982000000273e-01 5.659439090000000228e-01 -5.985292526000000057e-01 4.112679990499999994e-01
1.403715379362143040e+09 6.913422326999999479e-01 -4.465591863000000217e-01 1.597987814699999953e+00 3.891621766999999732e-01 5.666970840999999703e-01 -5.967446731000000115e-01 4.138876782679999922e-01
1.403715379412142992e+09 6.922551157999999871e-01 -4.270005881000000225e-01 1.601589778199999925e+00 3.876710763999999809e-01 5.674613415000000494e-01 -5.957595436000000522e-01 4.156553003119999867e-01
1.403715379462142944e+09 6.936219822000000423e-01 -4.065588039999999959e-01 1.604906439000000073e+00 3.858525032999999826e-01 5.686171370999999475e-01 -5.953777894999999765e-01 4.163144062879999829e-01
1.403715379512143135e+09 6.955691148999999518e-01 -3.852822186000000038e-01 1.608239323799999898e+00 3.841578351000000113e-01 5.696192088999999514e-01 -5.950735445000000512e-01 4.169462689399999755e-01
1.403715379562143087e+09 6.981814022000000231e-01 -3.629112306999999760e-01 1.611591725999999891e+00 3.833325390999999804e-01 5.700853501000000545e-01 -5.957791783000000452e-01 4.160601264050000081e-01
1.403715379612143040e+09 7.017343991000000170e-01 -3.396710796999999893e-01 1.615169632900000041e+00 3.819765332000000235e-01 5.710846992000000455e-01 -5.958014266000000170e-01 4.159048623100000119e-01
1.403715379662142992e+09 7.057807306000000169e-01 -3.154713351000000277e-01 1.618614422400000086e+00 3.800782683000000217e-01 5.722178681999999794e-01 -5.967493377000000487e-01 4.147257517940000082e-01
1.403715379712143183e+09 7.108962285000000048e-01 -2.902677852000000169e-01 1.622473710199999974e+00 3.796501612000000025e-01 5.725875436999999790e-01 -5.959945599000000538e-01 4.156918865009999742e-01
1.403715379762142897e+09 7.168612670999999770e-01 -2.639572236000000127e-01 1.626641316199999965e+00 3.795593274999999878e-01 5.725557176000000137e-01 -5.956941386999999866e-01 4.162489163440000195e-01
1.403715379812143087e+09 7.237694623000000549e-01 -2.365670951999999938e-01 1.631507742099999936e+00 3.808441294000000088e-01 5.717491384999999759e-01 -5.942479242000000550e-01 4.182464301789999839e-01
1.403715379862143040e+09 7.315424040000000350e-01 -2.082041508999999957e-01 1.636392822899999988e+00 3.820752653000000221e-01 5.708892652999999484e-01 -5.921183388999999853e-01 4.213072644990000226e-01
1.403715379912142992e+09 7.399603730999999573e-01 -1.786658589000000019e-01 1.641406671799999994e+00 3.841226459000000037e-01 5.695058197000000266e-01 -5.898734034000000515e-01 4.244552770639999917e-01
1.403715379962142944e+09 7.488040558999999874e-01 -1.480210724999999894e-01 1.646129943600000090e+00 3.855051700000000081e-01 5.682820373000000425e-01 -5.883722246000000489e-01 4.269185114219999910e-01
1.403715380012143135e+09 7.578065809999999791e-01 -1.160391979000000018e-01 1.650422830699999954e+00 3.856205851999999767e-01 5.678342052000000528e-01 -5.870119970999999603e-01 4.292761288879999859e-01
1.403715380062143087e+09 7.669886941000000347e-01 -8.261109010000000641e-02 1.654845307099999996e+00 3.879241246999999837e-01 5.658125937000000327e-01 -5.865306756999999482e-01 4.305261300870000252e-01
1.403715380112143040e+09 7.757893742999999454e-01 -4.775314459999999844e-02 1.658937450000000036e+00 3.916977586000000011e-01 5.627527435000000411e-01 -5.877743148999999834e-01 4.294223681639999790e-01
1.403715380162142992e+09 7.840138062000000518e-01 -1.171118210000000014e-02 1.662946251099999939e+00 3.966425429000000058e-01 5.589889030000000369e-01 -5.897034140000000368e-01 4.271486661330000101e-01
1.403715380212143183e+09 7.918281008999999981e-01 2.460165170000000109e-02 1.666546877400000071e+00 3.996107396999999950e-01 5.567248407999999538e-01 -5.907862405999999567e-01 4.258407287950000120e-01
1.403715380262142897e+09 7.990761740999999807e-01 6.139016259999999919e-02 1.669892814300000028e+00 4.022414592999999927e-01 5.547452786000000025e-01 -5.926219201000000325e-01 4.233895891380000109e-01
1.403715380312143087e+09 8.057962261000000126e-01 9.817082539999999469e-02 1.672841176599999979e+00 4.035501188000000239e-01 5.535168309000000342e-01 -5.944050853000000245e-01 4.212469751499999804e-01
1.403715380362143040e+09 8.122608157999999801e-01 1.346268120000000124e-01 1.675385305700000105e+00 4.034408243000000005e-01 5.527242634000000265e-01 -5.963014921000000523e-01 4.197093285460000156e-01
1.403715380412142992e+09 8.187803474000000525e-01 1.707513696000000081e-01 1.677778997699999941e+00 4.020404417999999813e-01 5.530915114000000132e-01 -5.975937339000000348e-01 4.187302142839999797e-01
1.403715380462142944e+09 8.255445282000000162e-01 2.065247097000000032e-01 1.680314271300000106e+00 4.007251922000000244e-01 5.536982361000000186e-01 -5.972958066000000343e-01 4.196132779949999780e-01
1.403715380512143135e+09 8.318998404999999874e-01 2.419741625000000063e-01 1.682773665900000104e+00 3.999277626000000141e-01 5.542662878999999876e-01 -5.965454860000000137e-01 4.206900878020000123e-01
1.403715380562143087e+09 8.376291072999999532e-01 2.773610490999999789e-01 1.685129625000000075e+00 3.989204647999999853e-01 5.551344532999999970e-01 -5.957175447000000457e-01 4.216738176329999921e-01
1.403715380612143040e+09 8.427918027999999895e-01 3.129875361000000189e-01 1.687904771299999940e+00 3.983530467999999991e-01 5.560571339000000002e-01 -5.950597409000000226e-01 4.219232379499999741e-01
1.403715380662142992e+09 8.478043191999999895e-01 3.488908157000000232e-01 1.691126767200000103e+00 3.983211329999999939e-01 5.564632497999999483e-01 -5.946196779000000321e-01 4.220383457640000113e-01
1.403715380712143183e+09 8.525874243000000074e-01 3.850411525999999918e-01 1.694574478600000100e+00 3.988743566999999879e-01 5.564981914000000085e-01 -5.940706395000000528e-01 4.222429227699999732e-01
1.403715380762142897e+09 8.573076393999999878e-01 4.214710343999999997e-01 1.698232399699999950e+00 3.991069273000000250e-01 5.566303348000000151e-01 -5.933130052999999737e-01 4.229137130360000052e-01
1.403715380812143087e+09 8.616997548000000506e-01 4.581849537000000083e-01 1.702374641500000063e+00 3.997428908999999808e-01 5.565535272999999616e-01 -5.926753800999999822e-01 4.233080276100000261e-01
1.403715380862143040e+09 8.658131480999999852e-01 4.949138056999999868e-01 1.706136499399999895e+00 4.002025649000000018e-01 5.564892168999999722e-01 -5.919036708999999563e-01 4.240373838900000081e-01
1.403715380912142992e+09 8.693607374999999804e-01 5.315362811999999604e-01 1.709043268200000076e+00 3.999500382999999770e-01 5.567988590000000348e-01 -5.913136032000000375e-01 4.246919119629999906e-01
1.403715380962142944e+09 8.724451604999999832e-01 5.685393676000000118e-01 1.711942556999999976e+00 3.999786867999999829e-01 5.569054838000000451e-01 -5.906370529000000147e-01 4.254658670650000030e-01
1.403715381012143135e+09 8.749981704000000526e-01 6.058314393999999492e-01 1.714648620600000006e+00 3.992558098000000277e-01 5.574357068999999942e-01 -5.900594278999999887e-01 4.262512200699999920e-01
1.403715381062143087e+09 8.771409564000000048e-01 6.432645058999999499e-01 1.717478478100000094e+00 3.993624548999999968e-01 5.567520933999999810e-01 -5.899356063999999789e-01 4.272150704120000198e-01
1.403715381112143040e+09 8.786826668999999645e-01 6.811562871999999880e-01 1.720008310499999915e+00 4.000053626000000251e-01 5.557173879000000261e-01 -5.911132560999999841e-01 4.263320457259999752e-01
1.403715381162142992e+09 8.799925658999999678e-01 7.190963209999999828e-01 1.722901175500000104e+00 4.015035328000000070e-01 5.537395751000000477e-01 -5.924421251999999471e-01 4.256521166989999938e-01
1.403715381212143183e+09 8.808069750000000475e-01 7.571210770999999840e-01 1.725453712600000022e+00 4.028316323000000199e-01 5.518506127000000205e-01 -5.935729150999999870e-01 4.252749367449999984e-01
1.403715381262142897e+09 8.811407422000000489e-01 7.949727586000000512e-01 1.727372746199999920e+00 4.040929085000000143e-01 5.497849147000000158e-01 -5.947277273000000086e-01 4.251404464929999794e-01
1.403715381312143087e+09 8.808109485999999766e-01 8.325299085999999793e-01 1.728896886600000071e+00 4.048768369999999894e-01 5.481424081000000337e-01 -5.955356688999999815e-01 4.253844313190000004e-01
1.403715381362143040e+09 8.801194870999999864e-01 8.695352772000000119e-01 1.730008961800000078e+00 4.056627689000000259e-01 5.461278040000000500e-01 -5.973509868999999917e-01 4.246809838749999733e-01
1.403715381412142992e+09 8.790743274000000218e-01 9.060000636999999690e-01 1.731131843600000053e+00 4.068267709999999759e-01 5.436502163999999970e-01 -5.987331302999999716e-01 4.248000228029999992e-01
1.403715381462142944e+09 8.776433448999999554e-01 9.417424854000000511e-01 1.731880645699999999e+00 4.070075985000000118e-01 5.417810655000000475e-01 -5.997830385000000319e-01 4.255330756869999953e-01
1.403715381512143135e+09 8.755656866000000038e-01 9.767538088999999646e-01 1.732531896700000074e+00 4.082128619000000014e-01 5.391835092000000218e-01 -5.997848566000000270e-01 4.276698827209999831e-01
1.403715381562143087e+09 8.722762894000000156e-01 1.011089060400000017e+00 1.731882844500000074e+00 4.062088569999999788e-01 5.394160647000000308e-01 -5.990000717000000252e-01 4.303761003089999759e-01
1.403715381612143040e+09 8.681582782000000220e-01 1.044991554299999903e+00 1.730738065900000011e+00 4.041868905000000067e-01 5.397404937999999985e-01 -5.989364311000000551e-01 4.319586882520000115e-01
1.403715381662142992e+09 8.630959611999999836e-01 1.078581644000000006e+00 1.728558021000000000e+00 4.006062866999999805e-01 5.414020380999999826e-01 -5.992186433999999728e-01 4.328226584329999960e-01
1.403715381712143183e+09 8.573708729000000250e-01 1.112113614499999903e+00 1.726015320999999991e+00 3.958687483000000173e-01 5.441243303999999670e-01 -6.002641919000000215e-01 4.323188026170000087e-01
1.403715381762142897e+09 8.514204774000000420e-01 1.145715608499999982e+00 1.723851566700000060e+00 3.915985846000000214e-01 5.469412997000000498e-01 -6.012096008999999741e-01 4.313383578619999770e-01
1.403715381812143087e+09 8.451288614999999949e-01 1.179372748200000043e+00 1.721931878599999965e+00 3.876019170000000180e-01 5.497345893999999733e-01 -6.023100455000000020e-01 4.298595634010000111e-01
1.403715381862143040e+09 8.388652095999999947e-01 1.213287409699999930e+00 1.719596456099999893e+00 3.831232560999999759e-01 5.524427739999999698e-01 -6.041736782000000083e-01 4.277823261970000179e-01
1.403715381912142992e+09 8.332871858000000520e-01 1.247243780100000032e+00 1.717182376400000043e+00 3.783587813000000022e-01 5.539422803000000339e-01 -6.066030918999999466e-01 4.266441978139999813e-01
1.403715381962142944e+09 8.282979162000000395e-01 1.281399175200000018e+00 1.714832406300000001e+00 3.731048719999999763e-01 5.539026509000000154e-01 -6.096144300000000404e-01 4.270302735370000158e-01
1.403715382012143135e+09 8.241572424999999980e-01 1.316016352199999906e+00 1.713056469699999917e+00 3.693991012000000240e-01 5.512536578000000187e-01 -6.138260789999999689e-01 4.276461779519999951e-01
1.403715382062143087e+09 8.213085714000000204e-01 1.350807979400000081e+00 1.711381264399999935e+00 3.651032817000000041e-01 5.475381059999999689e-01 -6.187522833999999916e-01 4.290072586740000249e-01
1.403715382112143040e+09 8.195697345000000356e-01 1.386214983599999950e+00 1.709933655199999958e+00 3.620605423000000100e-01 5.419316386000000429e-01 -6.243964804999999618e-01 4.305244451720000032e-01
1.403715382162142992e+09 8.185655724999999494e-01 1.421898842100000060e+00 1.708821554500000062e+00 3.592044711999999862e-01 5.352305707000000190e-01 -6.304549544999999977e-01 4.324661078079999887e-01
1.403715382212143183e+09 8.187610895000000388e-01 1.457655753400000087e+00 1.708508925799999911e+00 3.564984393000000251e-01 5.274891038000000254e-01 -6.369455198000000262e-01 4.347004863989999968e-01
1.403715382262142897e+09 8.198661179999999771e-01 1.493383197100000004e+00 1.708245502900000101e+00 3.527025844000000188e-01 5.198289430000000433e-01 -6.430388498000000341e-01 4.380408596099999996e-01
1.403715382312143087e+09 8.220150899999999483e-01 1.528983420899999945e+00 1.708102976099999948e+00 3.490832329999999928e-01 5.114519670999999601e-01 -6.494708436999999668e-01 4.412996770559999837e-01
1.403715382362143040e+09 8.251326908999999654e-01 1.564403249699999998e+00 1.707753485800000082e+00 3.446021763000000071e-01 5.032198560999999737e-01 -6.555230944000000060e-01 4.453185256130000047e-01
1.403715382412142992e+09 8.292483941999999608e-01 1.599485339199999911e+00 1.707161761699999891e+00 3.401871589000000085e-01 4.943084164000000058e-01 -6.613347099999999923e-01 4.500758688090000237e-01
1.403715382462142944e+09 8.341221597000000321e-01 1.634600428800000005e+00 1.706328284700000086e+00 3.353043405999999726e-01 4.865807013999999819e-01 -6.673828512999999685e-01 4.532221861140000030e-01
1.403715382512143135e+09 8.400132848000000374e-01 1.669931318399999975e+00 1.705555842499999919e+00 3.314913687000000109e-01 4.790692724999999763e-01 -6.726309249999999906e-01 4.562606090979999807e-01
1.403715382562143087e+09 8.468257703999999553e-01 1.705386527199999946e+00 1.704804542199999995e+00 3.278231705999999912e-01 4.723577178000000210e-01 -6.776011564999999681e-01 4.585486102079999737e-01
1.403715382612143040e+09 8.543408886000000146e-01 1.740444705600000086e+00 1.703977962399999990e+00 3.249466371999999992e-01 4.654803933000000171e-01 -6.825111983999999632e-01 4.603435135519999832e-01
1.403715382662142992e+09 8.626864668000000513e-01 1.775001087599999972e+00 1.702528923200000044e+00 3.205062101999999746e-01 4.593181846000000124e-01 -6.872153453999999551e-01 4.626420252189999971e-01
1.403715382712143183e+09 8.719077356000000112e-01 1.809189406800000066e+00 1.700999947199999918e+00 3.171326588000000224e-01 4.522406192999999797e-01 -6.920818904000000105e-01 4.646804880170000152e-01
1.403715382762142897e+09 8.821071460999999614e-01 1.842774407600000108e+00 1.698839884300000103e+00 3.114655223000000195e-01 4.466127085000000108e-01 -6.967786586999999976e-01 4.669323481820000232e-01
1.403715382812143087e+09 8.932729265000000085e-01 1.875818300399999972e+00 1.696906738500000067e+00 3.067439703000000017e-01 4.403152611999999744e-01 -7.005686474000000219e-01 4.703553739660000232e-01
1.403715382862143040e+09 9.051267551999999661e-01 1.908472800600000019e+00 1.694780592499999905e+00 3.019587388000000150e-01 4.338092947000000144e-01 -7.050041461999999592e-01 4.728631617299999812e-01
1.403715382912142992e+09 9.179151031000000183e-01 1.940699659999999938e+00 1.692615652600000020e+00 2.970718579000000137e-01 4.275078596999999925e-01 -7.089853363000000464e-01 4.757364123260000022e-01
1.403715382962142944e+09 9.318071892000000522e-01 1.972524024799999998e+00 1.690414637599999992e+00 2.927589929000000146e-01 4.209261094999999786e-01 -7.136021994000000257e-01 4.773733165430000258e-01
1.403715383012143135e+09 9.467350036999999663e-01 2.003789702899999803e+00 1.688374364900000035e+00 2.890559001999999933e-01 4.140204469000000054e-01 -7.180090977999999957e-01 4.790581296749999995e-01
1.403715383062143087e+09 9.623770243000000502e-01 2.034770720000000033e+00 1.686004478899999937e+00 2.863848037999999763e-01 4.076380418000000172e-01 -7.225506758999999946e-01 4.793073042200000078e-01
1.403715383112143040e+09 9.788536723999999856e-01 2.065312255699999877e+00 1.683562071799999948e+00 2.850442946999999783e-01 4.018768677999999817e-01 -7.264787603000000260e-01 4.790337607560000155e-01
1.403715383162142992e+09 9.959646900999999941e-01 2.095252392299999933e+00 1.680798190099999978e+00 2.837508394000000100e-01 3.976569598999999955e-01 -7.293797153000000089e-01 4.789150595230000085e-01
1.403715383212143183e+09 1.014176193099999956e+00 2.124554752399999913e+00 1.678040399599999954e+00 2.831520765000000162e-01 3.937736231999999781e-01 -7.327245754000000222e-01 4.773698061289999850e-01
1.403715383262142897e+09 1.033736572200000037e+00 2.152745858399999879e+00 1.675138204300000044e+00 2.816117912000000167e-01 3.919411442999999884e-01 -7.340774453999999727e-01 4.777104170390000237e-01
1.403715383312143087e+09 1.054245180299999918e+00 2.180034599199999867e+00 1.672151231199999977e+00 2.818029559999999933e-01 3.895365430000000129e-01 -7.356941272000000476e-01 4.770770660349999970e-01
1.403715383362143040e+09 1.075565646400000075e+00 2.206262135399999824e+00 1.669309178000000005e+00 2.829051968999999889e-01 3.872287488999999749e-01 -7.367304861000000260e-01 4.767040344230000226e-01
1.403715383412142992e+09 1.097306546400000027e+00 2.231156601499999947e+00 1.666030660999999968e+00 2.834145438999999822e-01 3.859848457000000232e-01 -7.367332109999999989e-01 4.774055624110000173e-01
1.403715383462142944e+09 1.119644042100000014e+00 2.254603499599999950e+00 1.662727236799999897e+00 2.845004972999999882e-01 3.841927504000000049e-01 -7.365976237000000371e-01 4.784133551040000154e-01
1.403715383512143135e+09 1.142648469600000105e+00 2.276508105300000029e+00 1.659854576599999909e+00 2.857730186999999922e-01 3.810328866000000092e-01 -7.361204314000000526e-01 4.809100036939999989e-01
1.403715383562143087e+09 1.166132470300000001e+00 2.296900171099999888e+00 1.656725056400000007e+00 2.854771723000000261e-01 3.778969182999999954e-01 -7.355882178999999521e-01 4.843621341359999888e-01
1.403715383612143040e+09 1.189971199299999949e+00 2.315788265300000148e+00 1.653266213500000026e+00 2.842697345999999903e-01 3.737789556000000180e-01 -7.350251680999999593e-01 4.890991847610000054e-01
1.403715383662142992e+09 1.213620686699999895e+00 2.333482951800000205e+00 1.649160584799999940e+00 2.816864423000000062e-01 3.687543824000000248e-01 -7.362236200999999758e-01 4.925928692820000232e-01
1.403715383712143183e+09 1.236818339100000053e+00 2.349852018900000061e+00 1.645018263000000092e+00 2.780929798999999814e-01 3.628749231000000242e-01 -7.381865798000000201e-01 4.960510640240000102e-01
1.403715383762142897e+09 1.259826526099999899e+00 2.364909384600000219e+00 1.640712190599999953e+00 2.738776454999999888e-01 3.555366703000000239e-01 -7.406855073000000456e-01 4.999696896970000082e-01
1.403715383812143087e+09 1.282585115699999889e+00 2.378968602000000043e+00 1.636404206599999966e+00 2.690359487000000271e-01 3.470928958999999758e-01 -7.440465204999999749e-01 5.035285049359999876e-01
1.403715383862143040e+09 1.305046598699999949e+00 2.392173275000000210e+00 1.632183216000000048e+00 2.628069705000000145e-01 3.382746985999999789e-01 -7.482041981000000508e-01 5.066489933950000246e-01
1.403715383912142992e+09 1.327068418399999894e+00 2.404435382099999963e+00 1.628179754400000068e+00 2.563376562999999941e-01 3.280375473000000097e-01 -7.526748033000000282e-01 5.100617746429999544e-01
1.403715383962142944e+09 1.348606805299999989e+00 2.415827324999999970e+00 1.623818062700000064e+00 2.478818591999999987e-01 3.179137307000000079e-01 -7.573012181999999592e-01 5.137901405810000321e-01
1.403715384012143135e+09 1.370031268299999994e+00 2.426585371999999907e+00 1.620113110699999970e+00 2.404924549999999939e-01 3.064257841999999954e-01 -7.619680382000000307e-01 5.173696228030000288e-01
1.403715384062143087e+09 1.390643077900000080e+00 2.436780708700000186e+00 1.616230366699999976e+00 2.321657550000000014e-01 2.952131029000000240e-01 -7.669968072999999720e-01 5.202539607360000540e-01
1.403715384112143040e+09 1.410506683299999953e+00 2.446616297199999845e+00 1.612979155799999953e+00 2.240327188000000025e-01 2.833310922000000232e-01 -7.716792292999999914e-01 5.234921204820000007e-01
1.403715384162142992e+09 1.429834102600000101e+00 2.455820610299999984e+00 1.610053872099999950e+00 2.162083982999999932e-01 2.714818449999999994e-01 -7.760395718000000498e-01 5.266062280319999678e-01
1.403715384212143183e+09 1.448784351300000051e+00 2.464381857599999837e+00 1.607438677500000024e+00 2.085483881000000095e-01 2.596679855999999842e-01 -7.806848516000000071e-01 5.287828189409999879e-01
1.403715384262142897e+09 1.467404302899999902e+00 2.472224762499999784e+00 1.605362448800000008e+00 2.016179490999999990e-01 2.473895778999999906e-01 -7.847651833000000021e-01 5.313117789479999686e-01
1.403715384312143087e+09 1.485576929100000054e+00 2.479592872900000078e+00 1.603756318899999922e+00 1.951605023000000105e-01 2.348253891000000038e-01 -7.888728423999999961e-01 5.333376543569999795e-01
1.403715384362143040e+09 1.503053498000000099e+00 2.486338967100000019e+00 1.602417198699999989e+00 1.883800852999999997e-01 2.224272857000000048e-01 -7.925148456999999702e-01 5.356857898100000348e-01
1.403715384412142992e+09 1.519855604600000021e+00 2.492560337700000073e+00 1.601159726899999969e+00 1.812878656999999949e-01 2.107134176000000081e-01 -7.958598982000000266e-01 5.379048129819999913e-01
1.403715384462142944e+09 1.535889581599999998e+00 2.498412194200000158e+00 1.599844788399999995e+00 1.745812858000000134e-01 1.988751719000000084e-01 -7.995557841999999527e-01 5.391480209719999861e-01
1.403715384512143135e+09 1.551101638500000046e+00 2.503720400000000179e+00 1.598511930299999939e+00 1.681282027999999873e-01 1.871355919000000090e-01 -8.035598421999999852e-01 5.394485681409999511e-01
1.403715384562143087e+09 1.565544612600000107e+00 2.507955133499999878e+00 1.596794112700000046e+00 1.602254455999999883e-01 1.767031521000000105e-01 -8.078146454000000309e-01 5.390169768750000534e-01
1.403715384612143040e+09 1.579538492900000035e+00 2.511031695699999844e+00 1.595763616900000015e+00 1.533632416000000054e-01 1.655962425999999987e-01 -8.117853999999999903e-01 5.385741035150000133e-01
1.403715384662142992e+09 1.592543461100000002e+00 2.513309029200000211e+00 1.594670560099999967e+00 1.457067773999999871e-01 1.550755417000000136e-01 -8.156865231000000049e-01 5.379373638279999481e-01
1.403715384712143183e+09 1.604654960299999988e+00 2.514221418600000035e+00 1.593577263300000046e+00 1.369323318000000012e-01 1.457142077999999952e-01 -8.191320855999999484e-01 5.376239693859999891e-01
1.403715384762142897e+09 1.616229912299999905e+00 2.513973673000000186e+00 1.593516665099999896e+00 1.302782799999999963e-01 1.352191766999999989e-01 -8.217880097999999967e-01 5.379663659260000008e-01
1.403715384812143087e+09 1.626978544700000029e+00 2.512551333199999792e+00 1.593516841300000042e+00 1.230750689000000009e-01 1.254113709000000132e-01 -8.243982496999999743e-01 5.380446462700000376e-01
1.403715384862143040e+09 1.637279958699999982e+00 2.509921090899999818e+00 1.593838113899999964e+00 1.165529299999999990e-01 1.157701500000000022e-01 -8.266441852000000479e-01 5.382119265610000314e-01
1.403715384912142992e+09 1.647281004699999940e+00 2.505886398499999945e+00 1.594752409100000046e+00 1.110838212999999963e-01 1.065287998999999985e-01 -8.279579370999999854e-01 5.392565751950000319e-01
1.403715384962142944e+09 1.656715017600000062e+00 2.500701472699999872e+00 1.596285839899999948e+00 1.069202409000000048e-01 9.890141919999999309e-02 -8.280723390999999989e-01 5.413711966590000202e-01
1.403715385012143135e+09 1.665603481200000013e+00 2.494307191099999876e+00 1.597939201800000042e+00 1.021463078999999968e-01 9.364907029999999799e-02 -8.277926008999999530e-01 5.436500651490000502e-01
1.403715385062143087e+09 1.673656023800000003e+00 2.486836216399999966e+00 1.599522656300000012e+00 9.678944230000000037e-02 8.996086650000000018e-02 -8.276582148000000139e-01 5.454546047749999627e-01
1.403715385112143040e+09 1.680970230500000051e+00 2.478188617799999882e+00 1.601551455500000110e+00 9.061121860000000139e-02 8.691600330000000263e-02 -8.274322956999999867e-01 5.473490764480000159e-01
1.403715385162142992e+09 1.687913639900000096e+00 2.468603049499999980e+00 1.603901855399999965e+00 8.423674909999999405e-02 8.343606600000000317e-02 -8.273192349000000334e-01 5.490769313040000377e-01
1.403715385212143183e+09 1.694523899800000066e+00 2.458368599099999940e+00 1.606495363500000106e+00 7.783332279999999326e-02 7.980078000000000171e-02 -8.272847118999999694e-01 5.506122181849999464e-01
1.403715385262142897e+09 1.701168483400000042e+00 2.447499181199999985e+00 1.609403261800000040e+00 7.235813829999999947e-02 7.674044369999999393e-02 -8.274078853999999872e-01 5.516080087100000418e-01
1.403715385312143087e+09 1.708143604700000040e+00 2.436009105800000185e+00 1.612360636400000047e+00 6.820679859999999317e-02 7.381660950000000498e-02 -8.279323822999999916e-01 5.517489565380000460e-01
1.403715385362143040e+09 1.715530264699999918e+00 2.423687582899999970e+00 1.615614046099999923e+00 6.592668779999999451e-02 7.090284230000000465e-02 -8.279700665000000459e-01 5.523513626649999564e-01
1.403715385412142992e+09 1.722884659900000059e+00 2.410826612600000196e+00 1.618719806599999922e+00 6.369250240000000340e-02 6.897128119999999807e-02 -8.285956314000000322e-01 5.519198376430000108e-01
1.403715385462142944e+09 1.730306930100000029e+00 2.397635759499999963e+00 1.622547986600000103e+00 6.399211409999999711e-02 6.621006910000000467e-02 -8.284041321999999763e-01 5.525104793289999927e-01
1.403715385512143135e+09 1.737887172800000046e+00 2.383907393799999941e+00 1.626811105300000060e+00 6.581597250000000010e-02 6.339516470000000625e-02 -8.275009982000000042e-01 5.539778054309999478e-01
1.403715385562143087e+09 1.745440519199999985e+00 2.369575617699999803e+00 1.631438217599999962e+00 6.942785090000000436e-02 5.961964069999999699e-02 -8.268078505999999495e-01 5.549901352439999824e-01
1.403715385612143040e+09 1.752846789699999963e+00 2.354819736700000110e+00 1.636528430100000042e+00 7.462258210000000114e-02 5.571675630000000323e-02 -8.261106671000000290e-01 5.557591915840000008e-01
1.403715385662142992e+09 1.759665358399999935e+00 2.339740647400000206e+00 1.641296717399999938e+00 7.926557089999999861e-02 5.255840350000000327e-02 -8.266608255999999821e-01 5.546047807659999496e-01
1.403715385712143183e+09 1.765544274700000082e+00 2.324139958800000016e+00 1.646318735099999930e+00 8.323708720000000394e-02 5.051666500000000226e-02 -8.264448035000000470e-01 5.545346162900000042e-01
1.403715385762142897e+09 1.770179588900000045e+00 2.307948823999999899e+00 1.651248773899999911e+00 8.569524019999999465e-02 4.975200989999999795e-02 -8.257015231000000011e-01 5.553359865860000300e-01
1.403715385812143087e+09 1.773360268800000084e+00 2.291122854300000178e+00 1.657010862699999976e+00 8.842614190000000485e-02 4.879025449999999792e-02 -8.242480900999999971e-01 5.571493646280000211e-01
1.403715385862143040e+09 1.774756190099999964e+00 2.273631173000000061e+00 1.663235074199999941e+00 8.967559490000000244e-02 4.890240220000000027e-02 -8.226245966999999881e-01 5.593349761879999882e-01
1.403715385912142992e+09 1.774408156700000072e+00 2.255556662800000112e+00 1.669924563099999926e+00 8.949164280000000693e-02 4.988877330000000138e-02 -8.202652883000000061e-01 5.627319193319999524e-01
1.403715385962142944e+09 1.772365801000000074e+00 2.237088712399999846e+00 1.676404424000000004e+00 8.633305950000000339e-02 5.284425539999999810e-02 -8.172466202999999485e-01 5.673288721489999631e-01
1.403715386012143135e+09 1.768824742000000061e+00 2.218789672000000213e+00 1.682402805099999954e+00 8.190674209999999900e-02 5.646113760000000259e-02 -8.146438743999999677e-01 5.713657177359999784e-01
1.403715386062143087e+09 1.764130944399999956e+00 2.201230373500000059e+00 1.688162315700000082e+00 7.791090870000000335e-02 5.964980730000000314e-02 -8.130523284999999767e-01 5.738620930879999582e-01
1.403715386112143040e+09 1.758461425299999936e+00 2.184480483100000203e+00 1.693719323600000104e+00 7.465848899999999455e-02 6.219472980000000095e-02 -8.119918489999999878e-01 5.755233815770000039e-01
1.403715386162142992e+09 1.751927582099999992e+00 2.168722446699999917e+00 1.698856896799999960e+00 7.185860450000000621e-02 6.402026700000000570e-02 -8.118669168000000047e-01 5.758557595609999913e-01
1.403715386212143183e+09 1.744924595899999931e+00 2.153799092899999934e+00 1.703213756400000056e+00 6.933043279999999420e-02 6.554551279999999702e-02 -8.123977323000000084e-01 5.752451663900000067e-01
1.403715386262142897e+09 1.737602641600000108e+00 2.139404608900000060e+00 1.706610649699999982e+00 6.806877949999999566e-02 6.592752050000000308e-02 -8.133225915999999778e-01 5.740440447219999909e-01
1.403715386312143087e+09 1.730087625799999973e+00 2.125737972900000106e+00 1.709861048600000100e+00 6.818660790000000138e-02 6.508313559999999443e-02 -8.139782384999999509e-01 5.731964753029999970e-01
1.403715386362143040e+09 1.722083484799999953e+00 2.112326101799999911e+00 1.713119121100000086e+00 6.830513059999999970e-02 6.436827330000000069e-02 -8.135844448000000284e-01 5.738218239869999904e-01
1.403715386412142992e+09 1.713622513700000072e+00 2.099634688600000132e+00 1.716102020199999911e+00 6.854635030000000295e-02 6.339001469999999694e-02 -8.124512168999999950e-01 5.755051034350000538e-01
1.403715386462142944e+09 1.704832790400000020e+00 2.087457734500000051e+00 1.718504265400000008e+00 6.886534769999999583e-02 6.227317470000000299e-02 -8.112389557000000417e-01 5.772962605060000252e-01
1.403715386512143135e+09 1.695581399599999983e+00 2.075977953299999790e+00 1.720479925100000029e+00 6.977961039999999726e-02 6.096790889999999935e-02 -8.098362611999999627e-01 5.792917659249999796e-01
1.403715386562143087e+09 1.685898410699999905e+00 2.065501620400000071e+00 1.722017096999999941e+00 7.235960639999999833e-02 5.863859409999999661e-02 -8.089756983000000456e-01 5.804170243170000409e-01
1.403715386612143040e+09 1.675604684999999927e+00 2.056130404800000200e+00 1.722579403699999956e+00 7.406113420000000336e-02 5.715368889999999924e-02 -8.085784176000000434e-01 5.809039049399999932e-01
1.403715386662142992e+09 1.664626525699999915e+00 2.047714662000000185e+00 1.722984455900000045e+00 7.800492800000000115e-02 5.409585439999999718e-02 -8.077425818000000257e-01 5.818425829279999517e-01
1.403715386712143183e+09 1.652659796400000047e+00 2.040328949500000100e+00 1.722624576699999910e+00 8.121269070000000645e-02 5.197472630000000288e-02 -8.076625848999999802e-01 5.817080673250000222e-01
1.403715386762142897e+09 1.639716395100000002e+00 2.034165625600000027e+00 1.721729007900000052e+00 8.418576120000000051e-02 5.001228290000000326e-02 -8.085455141999999817e-01 5.802289898810000235e-01
1.403715386812143087e+09 1.625375713199999961e+00 2.029096893699999793e+00 1.719561979300000099e+00 8.836350129999999414e-02 4.750480990000000014e-02 -8.116647753000000298e-01 5.754437219889999566e-01
1.403715386862143040e+09 1.609451491299999981e+00 2.024468957999999930e+00 1.717416236500000082e+00 9.301880760000000303e-02 4.504614199999999735e-02 -8.144279268999999877e-01 5.709864258069999865e-01
1.403715386912142992e+09 1.591422216100000009e+00 2.020210980599999928e+00 1.714973532999999994e+00 9.693340899999999816e-02 4.270700219999999658e-02 -8.170367363999999633e-01 5.667724389060000423e-01
1.403715386962142944e+09 1.571452923699999893e+00 2.015866052699999855e+00 1.712100786399999963e+00 9.973950600000000555e-02 4.126635840000000138e-02 -8.191153686000000045e-01 5.633818700799999579e-01
1.403715387012143135e+09 1.549220065299999893e+00 2.011128581599999965e+00 1.708721832499999982e+00 1.013360885999999988e-01 4.051212740000000034e-02 -8.207790403000000401e-01 5.607241136549999672e-01
1.403715387062143087e+09 1.524587057199999984e+00 2.005977307999999848e+00 1.704594630299999913e+00 1.007114499999999940e-01 4.128942349999999845e-02 -8.218103237999999644e-01 5.592675379220000131e-01
1.403715387112143040e+09 1.497984505500000063e+00 1.999974239799999998e+00 1.699973444500000097e+00 9.785418090000000402e-02 4.393726130000000230e-02 -8.219919583999999446e-01 5.593060849230000464e-01
1.403715387162142992e+09 1.469392771899999950e+00 1.993335652999999930e+00 1.695050781800000017e+00 9.356328499999999604e-02 4.739222629999999964e-02 -8.221465853999999629e-01 5.595309470670000174e-01
1.403715387212143183e+09 1.439267715599999997e+00 1.986316319699999999e+00 1.689912813699999905e+00 8.865933769999999325e-02 5.189513729999999797e-02 -8.216882720999999501e-01 5.606021762470000391e-01
1.403715387262142897e+09 1.407900201699999965e+00 1.979007888299999962e+00 1.684684982899999905e+00 8.530221670000000256e-02 5.520827500000000110e-02 -8.214542187000000162e-01 5.611493070609999689e-01
1.403715387312143087e+09 1.375563244599999901e+00 1.971281710700000023e+00 1.679424343099999994e+00 8.230389920000000248e-02 5.826271079999999908e-02 -8.206817078000000487e-01 5.624171576419999541e-01
1.403715387362143040e+09 1.342703297899999981e+00 1.963080331100000020e+00 1.673978966800000023e+00 8.035462259999999468e-02 6.076186330000000330e-02 -8.200298500999999574e-01 5.633845716059999731e-01
1.403715387412142992e+09 1.309301518400000086e+00 1.954736592199999956e+00 1.668300756899999904e+00 7.838368539999999995e-02 6.323427339999999897e-02 -8.196435654999999487e-01 5.639519926870000255e-01
1.403715387462142944e+09 1.275551180599999945e+00 1.946351107699999972e+00 1.662707932000000000e+00 7.731243560000000681e-02 6.518877589999999556e-02 -8.196808676000000293e-01 5.638230981590000024e-01
1.403715387512143135e+09 1.241290981999999987e+00 1.937864560099999967e+00 1.657429504900000072e+00 7.619836530000000108e-02 6.741707330000000498e-02 -8.209967866999999808e-01 5.617944674660000359e-01
1.403715387562143087e+09 1.206795569999999929e+00 1.929136919300000086e+00 1.653586727700000036e+00 7.591603230000000535e-02 6.890063740000000603e-02 -8.223811502000000218e-01 5.596237146960000297e-01
1.403715387612143040e+09 1.171954565000000059e+00 1.920355940299999897e+00 1.651813527899999912e+00 7.712579649999999620e-02 6.946714499999999404e-02 -8.244422952000000082e-01 5.563459617570000182e-01
1.403715387662142992e+09 1.136947271799999992e+00 1.910911986599999945e+00 1.652767861799999904e+00 7.775449830000000229e-02 7.043372000000000521e-02 -8.263502146000000215e-01 5.532979774389999994e-01
1.403715387712143183e+09 1.101968281700000052e+00 1.900463794300000009e+00 1.656863206799999988e+00 7.791474959999999950e-02 7.227205820000000280e-02 -8.277301782000000552e-01 5.509707737290000518e-01
1.403715387762142897e+09 1.067075884999999946e+00 1.889082308299999902e+00 1.664302175400000028e+00 7.879302779999999840e-02 7.379048350000000367e-02 -8.289563716000000193e-01 5.487968269530000276e-01
1.403715387812143087e+09 1.031921822299999958e+00 1.876468037300000002e+00 1.674610622699999940e+00 7.968635100000000249e-02 7.528122900000000506e-02 -8.295733698999999683e-01 5.475315935769999864e-01
1.403715387862143040e+09 9.968725095999999564e-01 1.862392618299999913e+00 1.686570970900000077e+00 8.088860529999999938e-02 7.642693000000000403e-02 -8.303665375000000015e-01 5.459920982499999464e-01
1.403715387912142992e+09 9.618810733999999529e-01 1.847249171399999890e+00 1.697821641900000067e+00 8.221515679999999437e-02 7.748268499999999559e-02 -8.307145102999999864e-01 5.451151290789999493e-01
1.403715387962142944e+09 9.268113215000000071e-01 1.831399076799999914e+00 1.706225713600000082e+00 8.306816070000000440e-02 7.865457210000000032e-02 -8.307958321999999729e-01 5.446938811610000375e-01
1.403715388012143135e+09 8.919249311000000402e-01 1.814305567199999913e+00 1.711368264100000092e+00 8.427974679999999941e-02 7.927321390000000023e-02 -8.305123461000000207e-01 5.448503692530000109e-01
1.403715388062143087e+09 8.569290871000000420e-01 1.796253546600000028e+00 1.713261313300000088e+00 8.433066969999999940e-02 8.084567700000000467e-02 -8.300239847000000504e-01 5.453553882520000284e-01
1.403715388112143040e+09 8.219186900999999601e-01 1.777579693400000105e+00 1.711810959799999976e+00 8.474160190000000481e-02 8.163340530000000317e-02 -8.291021493000000353e-01 5.465752226810000058e-01
1.403715388162142992e+09 7.870588842000000307e-01 1.758065990400000000e+00 1.706870780700000090e+00 8.523533660000000289e-02 8.252324229999999372e-02 -8.280208763999999944e-01 5.480020804349999830e-01
1.403715388212143183e+09 7.524176025000000045e-01 1.737552182099999953e+00 1.698870483499999917e+00 8.514383509999999544e-02 8.356407289999999433e-02 -8.262270618999999483e-01 5.505600923050000262e-01
1.403715388262142897e+09 7.179888261000000327e-01 1.716270586400000075e+00 1.688516058000000042e+00 8.509508509999999526e-02 8.447036509999999998e-02 -8.240845758999999493e-01 5.536318232600000444e-01
1.403715388312143087e+09 6.833606155000000459e-01 1.694301297900000058e+00 1.676616653900000031e+00 8.475438420000000472e-02 8.562763739999999790e-02 -8.222783764000000106e-01 5.561860064189999564e-01
1.403715388362143040e+09 6.487076867000000080e-01 1.671634534500000102e+00 1.664212768100000073e+00 8.383150139999999417e-02 8.678629720000000103e-02 -8.206241098000000012e-01 5.585843610520000446e-01
1.403715388412142992e+09 6.141942607000000498e-01 1.648640397499999910e+00 1.651560088999999953e+00 8.388125379999999964e-02 8.740176030000000595e-02 -8.196991318999999887e-01 5.598376556780000346e-01
1.403715388462142944e+09 5.796008668000000030e-01 1.625191438599999927e+00 1.638685895999999920e+00 8.261539410000000305e-02 8.854241919999999988e-02 -8.186644458999999818e-01 5.613585857239999921e-01
1.403715388512143135e+09 5.453027360000000101e-01 1.601636450200000006e+00 1.625290503900000072e+00 8.226749590000000112e-02 8.885002370000000260e-02 -8.185593392000000135e-01 5.615143281409999965e-01
1.403715388562143087e+09 5.114254455000000199e-01 1.577921053599999901e+00 1.612362638100000023e+00 8.320402720000000252e-02 8.852192370000000476e-02 -8.181032152999999640e-01 5.620925973239999651e-01
1.403715388612143040e+09 4.773979931999999815e-01 1.554162983199999903e+00 1.599705761200000076e+00 8.352034660000000332e-02 8.824964879999999678e-02 -8.177973743999999989e-01 5.625333817940000314e-01
1.403715388662142992e+09 4.435341529999999866e-01 1.530496902699999939e+00 1.587228120200000037e+00 8.365986760000000688e-02 8.840928829999999961e-02 -8.172687335999999636e-01 5.632553962440000062e-01
1.403715388712143183e+09 4.098971430000000193e-01 1.506804028299999931e+00 1.575227218900000059e+00 8.406172739999999421e-02 8.854644000000000403e-02 -8.166054387000000192e-01 5.641353663139999641e-01
1.403715388762142897e+09 3.762744949999999866e-01 1.482959065800000031e+00 1.563687004499999977e+00 8.364287600000000489e-02 8.909832800000000441e-02 -8.163010391999999671e-01 5.645511230990000184e-01
1.403715388812143087e+09 3.429218088000000053e-01 1.459182166900000022e+00 1.552884389799999987e+00 8.386406080000000096e-02 8.927841270000000384e-02 -8.160884236000000014e-01 5.647971930540000018e-01
1.403715388862143040e+09 3.097705994000000129e-01 1.435388796800000089e+00 1.542810111699999931e+00 8.383173180000000335e-02 9.011382330000000662e-02 -8.158696873999999877e-01 5.649853031639999745e-01
1.403715388912142992e+09 2.765004336999999923e-01 1.411654265699999966e+00 1.534511573999999934e+00 8.247958900000000593e-02 9.165708579999999606e-02 -8.151515423999999843e-01 5.659717828860000299e-01
1.403715388962142944e+09 2.435146921999999936e-01 1.388086018100000096e+00 1.528731308900000085e+00 8.262366869999999974e-02 9.249555349999999398e-02 -8.145591677000000308e-01 5.666668017760000398e-01
1.403715389012143135e+09 2.106190987999999875e-01 1.364214970299999941e+00 1.525435379099999933e+00 8.227265300000000114e-02 9.358410309999999621e-02 -8.141742120999999610e-01 5.670922135070000092e-01
1.403715389062143087e+09 1.781367808000000053e-01 1.340129472999999960e+00 1.525442132200000023e+00 8.243585589999999352e-02 9.455855520000000514e-02 -8.134675637999999598e-01 5.679203570009999646e-01
1.403715389112143040e+09 1.458930395999999963e-01 1.316137819900000006e+00 1.528638609199999943e+00 8.192050550000000431e-02 9.592704850000000061e-02 -8.132171523000000235e-01 5.681240140800000171e-01
1.403715389162142992e+09 1.139764099000000058e-01 1.292210140199999913e+00 1.534383097899999937e+00 8.116255899999999524e-02 9.756706029999999419e-02 -8.129653177000000230e-01 5.683139096670000168e-01
1.403715389212143183e+09 8.256311400000000689e-02 1.268333371400000020e+00 1.540782682599999953e+00 8.050090949999999523e-02 9.907650349999999606e-02 -8.124894290999999935e-01 5.688271948790000199e-01
1.403715389262142897e+09 5.155325620000000136e-02 1.244744335700000093e+00 1.547010922299999924e+00 7.875796079999999866e-02 1.013735132999999955e-01 -8.121129298000000496e-01 5.692039911980000255e-01
1.403715389312143087e+09 2.110387790000000166e-02 1.221941439799999918e+00 1.553098230300000049e+00 7.770851630000000232e-02 1.030544786999999934e-01 -8.118738455999999770e-01 5.693874074389999596e-01
1.403715389362143040e+09 -8.662585900000000297e-03 1.199526975699999998e+00 1.558741786899999981e+00 7.689493020000000290e-02 1.049571152000000063e-01 -8.116497233999999672e-01 5.694698413459999831e-01
1.403715389412142992e+09 -3.776323239999999914e-02 1.177230582199999986e+00 1.563815785999999930e+00 7.586950119999999465e-02 1.065750352000000012e-01 -8.114039608999999986e-01 5.696570836150000039e-01
1.403715389462142944e+09 -6.602332130000000687e-02 1.155225532800000066e+00 1.568279845600000000e+00 7.580949959999999654e-02 1.075308964000000062e-01 -8.115214955999999757e-01 5.693179148820000091e-01
1.403715389512143135e+09 -9.346613210000000171e-02 1.133499680699999956e+00 1.572523506100000024e+00 7.650270369999999376e-02 1.078937662999999991e-01 -8.116631898999999706e-01 5.689544249189999459e-01
1.403715389562143087e+09 -1.201474919000000002e-01 1.112004629699999914e+00 1.576486828399999984e+00 7.815252279999999885e-02 1.072481086999999972e-01 -8.117660791999999903e-01 5.687054237699999959e-01
1.403715389612143040e+09 -1.459548230999999918e-01 1.090827280400000099e+00 1.580387916799999903e+00 8.138289199999999834e-02 1.063718886000000058e-01 -8.116508435999999493e-01 5.685813523799999603e-01
1.403715389662142992e+09 -1.708045670999999988e-01 1.069957973600000001e+00 1.583496833599999931e+00 8.504746220000000689e-02 1.069812230999999947e-01 -8.115669484999999961e-01 5.680502048529999515e-01
1.403715389712143183e+09 -1.950082180999999915e-01 1.049298853400000064e+00 1.586138999299999908e+00 8.915354470000000364e-02 1.088350287999999971e-01 -8.113475968000000149e-01 5.673814053860000151e-01
1.403715389762142897e+09 -2.187694436000000020e-01 1.028841567299999982e+00 1.588173149700000009e+00 9.364087949999999605e-02 1.119138456000000059e-01 -8.110772030999999771e-01 5.664454496499999880e-01
1.403715389812143087e+09 -2.421401541000000046e-01 1.008638404999999905e+00 1.589763189799999976e+00 9.855763459999999920e-02 1.165058469000000013e-01 -8.103433263000000553e-01 5.657353390329999954e-01
1.403715389862143040e+09 -2.653026683999999968e-01 9.887763072999999903e-01 1.590389403699999926e+00 1.034406405000000001e-01 1.222290050000000017e-01 -8.104106961999999470e-01 5.635553280649999719e-01
1.403715389912142992e+09 -2.883474917000000137e-01 9.690618980999999854e-01 1.590368826900000032e+00 1.079188794999999951e-01 1.293672540999999954e-01 -8.108165084999999772e-01 5.605303012460000067e-01
1.403715389962142944e+09 -3.112900399999999901e-01 9.491882300999999744e-01 1.589848488699999951e+00 1.122381593000000011e-01 1.370047600000000032e-01 -8.113957331000000162e-01 5.570181824609999888e-01
1.403715390012143135e+09 -3.341108602999999788e-01 9.291827836999999590e-01 1.588471521400000031e+00 1.158463230999999954e-01 1.457476564000000085e-01 -8.123345292000000439e-01 5.526751874130000353e-01
1.403715390062143087e+09 -3.567121399000000026e-01 9.088021938000000466e-01 1.586204375599999938e+00 1.196066085000000029e-01 1.548172153000000051e-01 -8.129672723999999961e-01 5.484615784790000115e-01
1.403715390112143040e+09 -3.787972680999999731e-01 8.879135985999999647e-01 1.583789530200000018e+00 1.234992429999999947e-01 1.642570973999999961e-01 -8.130077894999999666e-01 5.447805770600000486e-01
1.403715390162142992e+09 -4.001095035000000188e-01 8.660712827000000003e-01 1.581024023999999972e+00 1.267586525000000131e-01 1.744352093000000048e-01 -8.125082702999999462e-01 5.416040182110000156e-01
1.403715390212143183e+09 -4.203752593999999787e-01 8.433206194000000266e-01 1.577884735000000038e+00 1.303781219000000047e-01 1.846773966999999961e-01 -8.114621074000000212e-01 5.389109876969999657e-01
1.403715390262142897e+09 -4.393862910999999927e-01 8.198549646999999663e-01 1.573973272499999965e+00 1.337980832000000009e-01 1.951201633000000102e-01 -8.105855762000000464e-01 5.357025466350000542e-01
1.403715390312143087e+09 -4.566934213000000131e-01 7.951819183999999652e-01 1.570052888099999988e+00 1.380701477000000066e-01 2.051242365000000012e-01 -8.078657658000000241e-01 5.349893329299999500e-01
1.403715390362143040e+09 -4.728428607999999866e-01 7.698558298000000022e-01 1.566061075999999996e+00 1.428423501999999956e-01 2.148934811000000056e-01 -8.051547058000000368e-01 5.339875977460000200e-01
1.403715390412142992e+09 -4.877395196000000044e-01 7.437536162000000228e-01 1.562005896200000077e+00 1.465827530999999906e-01 2.253545862999999927e-01 -8.018356569000000267e-01 5.336556813180000081e-01
1.403715390462142944e+09 -5.012911094999999984e-01 7.170271584999999837e-01 1.557750890699999946e+00 1.495872209999999924e-01 2.365485425999999947e-01 -7.979470516000000124e-01 5.338061006309999801e-01
1.403715390512143135e+09 -5.131596726999999580e-01 6.901109034000000308e-01 1.553525189099999926e+00 1.532475285999999881e-01 2.471863092000000095e-01 -7.941521337000000402e-01 5.336070764779999864e-01
1.403715390562143087e+09 -5.233721019000000529e-01 6.629330504999999540e-01 1.549344722100000071e+00 1.567653702000000038e-01 2.578912751999999919e-01 -7.897187129999999611e-01 5.340983647999999473e-01
1.403715390612143040e+09 -5.319594761999999477e-01 6.359628546000000160e-01 1.545289140800000016e+00 1.607300677000000066e-01 2.681610614000000115e-01 -7.848438589999999770e-01 5.350472945849999995e-01
1.403715390662142992e+09 -5.387666640999999590e-01 6.092529136000000012e-01 1.541189943900000081e+00 1.661107220999999967e-01 2.771055309000000078e-01 -7.808618321000000417e-01 5.346723781309999923e-01
1.403715390712143183e+09 -5.436334245999999704e-01 5.831659906999999698e-01 1.537357628999999948e+00 1.736932144999999983e-01 2.841985870000000025e-01 -7.778791349000000466e-01 5.328844920880000391e-01
1.403715390762142897e+09 -5.464649434999999666e-01 5.578230319000000437e-01 1.533838725799999914e+00 1.839185177999999865e-01 2.889706805999999739e-01 -7.762437850000000195e-01 5.292593984640000526e-01
1.403715390812143087e+09 -5.479572141999999868e-01 5.323506472000000267e-01 1.530097452699999971e+00 1.919134160000000033e-01 2.943303253999999813e-01 -7.748515553000000500e-01 5.254940223730000248e-01
1.403715390862143040e+09 -5.481811844999999739e-01 5.064768053999999520e-01 1.526214020600000110e+00 1.988927819000000097e-01 2.981736153999999805e-01 -7.740785236999999652e-01 5.218587888739999459e-01
1.403715390912142992e+09 -5.472402338999999838e-01 4.802724592000000015e-01 1.522056134699999896e+00 2.031699154000000118e-01 3.021014162999999808e-01 -7.733545915999999742e-01 5.190177217120000019e-01
1.403715390962142944e+09 -5.450170034000000330e-01 4.536767792999999993e-01 1.518157220700000032e+00 2.072866475000000042e-01 3.047415853000000063e-01 -7.732434529999999695e-01 5.160032696809999653e-01
1.403715391012143135e+09 -5.418545359999999977e-01 4.266930683999999863e-01 1.514097187499999997e+00 2.108798500999999881e-01 3.071480973999999864e-01 -7.733570242999999733e-01 5.129411741089999754e-01
1.403715391062143087e+09 -5.375941561000000535e-01 3.994097098000000123e-01 1.509971819600000043e+00 2.152916718000000007e-01 3.097293816000000199e-01 -7.730856616000000292e-01 5.099566315839999531e-01
1.403715391112143040e+09 -5.324167928999999910e-01 3.716607136999999783e-01 1.505806587699999977e+00 2.201915664000000106e-01 3.126143759000000188e-01 -7.726397418999999545e-01 5.067699233810000203e-01
1.403715391162142992e+09 -5.258999828000000543e-01 3.433355061999999736e-01 1.502301640500000035e+00 2.268138335000000061e-01 3.149454499000000074e-01 -7.714890559999999509e-01 5.041522438800000172e-01
1.403715391212143183e+09 -5.184723985000000424e-01 3.141568800999999800e-01 1.498872431499999935e+00 2.326685646999999968e-01 3.178695391999999953e-01 -7.699556170000000366e-01 5.019886880499999648e-01
1.403715391262142897e+09 -5.101598625000000053e-01 2.837384009999999734e-01 1.496137159699999941e+00 2.387379071999999880e-01 3.194707995000000134e-01 -7.678973355999999528e-01 5.012746770879999980e-01
1.403715391312143087e+09 -5.014022592000000333e-01 2.520713836999999846e-01 1.493665823800000014e+00 2.433849030000000135e-01 3.207931895999999727e-01 -7.660414061000000441e-01 5.010350113920000181e-01
1.403715391362143040e+09 -4.922566686000000025e-01 2.191112658999999907e-01 1.490883388999999948e+00 2.461031721999999977e-01 3.225603262000000249e-01 -7.643024167999999952e-01 5.012283713239999994e-01
1.403715391412142992e+09 -4.829084647999999924e-01 1.850927206999999908e-01 1.487825246799999945e+00 2.475612986000000071e-01 3.243972478000000104e-01 -7.629496103999999779e-01 5.013858005629999726e-01
1.403715391462142944e+09 -4.733561010999999819e-01 1.502211729000000051e-01 1.484616864199999942e+00 2.485350551000000130e-01 3.254850263999999882e-01 -7.627249477999999971e-01 5.005401861310000422e-01
1.403715391512143135e+09 -4.632236023999999897e-01 1.140570350000000011e-01 1.481363839699999962e+00 2.486565866000000069e-01 3.265945607999999889e-01 -7.625148685000000537e-01 5.000769642650000346e-01
1.403715391562143087e+09 -4.525553283000000038e-01 7.717527640000000633e-02 1.478468797499999932e+00 2.501127202999999799e-01 3.268729509000000144e-01 -7.622299763000000006e-01 4.996030067239999872e-01
1.403715391612143040e+09 -4.414759089999999997e-01 3.977559459999999852e-02 1.476117149100000026e+00 2.536182881999999861e-01 3.267410700000000223e-01 -7.624265502999999500e-01 4.976181191549999827e-01
1.403715391662142992e+09 -4.302104455999999910e-01 1.156507399999999897e-03 1.474676939000000075e+00 2.571237882999999891e-01 3.274175449000000238e-01 -7.617127953000000229e-01 4.964662388180000052e-01
1.403715391712143183e+09 -4.188522598000000152e-01 -3.860962589999999972e-02 1.475422660300000022e+00 2.598594189999999804e-01 3.297472845000000152e-01 -7.599225036000000211e-01 4.962434878240000180e-01
1.403715391762142897e+09 -4.075195603000000277e-01 -7.931336540000000213e-02 1.479113387499999988e+00 2.628406932999999834e-01 3.330907282000000191e-01 -7.574910774999999985e-01 4.961578419959999930e-01
1.403715391812143087e+09 -3.958703147000000033e-01 -1.214407832999999937e-01 1.485777655499999961e+00 2.640701379000000015e-01 3.386870409000000137e-01 -7.540792491000000153e-01 4.969130071089999934e-01
1.403715391862143040e+09 -3.839783788999999725e-01 -1.647168251999999999e-01 1.494894088299999924e+00 2.639916659000000054e-01 3.461571789999999815e-01 -7.502805663999999597e-01 4.975567097770000058e-01
1.403715391912142992e+09 -3.721430299999999858e-01 -2.086230678000000061e-01 1.506756707399999895e+00 2.643135502000000248e-01 3.531412827000000032e-01 -7.469577078000000370e-01 4.974774007869999792e-01
1.403715391962142944e+09 -3.602166317000000118e-01 -2.531367825999999988e-01 1.520075408699999908e+00 2.640005572999999939e-01 3.596876018999999869e-01 -7.446764497000000205e-01 4.963723602590000006e-01
1.403715392012143135e+09 -3.477885662999999905e-01 -2.977817374999999767e-01 1.533259301399999996e+00 2.630457666000000083e-01 3.654494649999999734e-01 -7.444440583000000444e-01 4.930077659839999793e-01
1.403715392062143087e+09 -3.346126701000000092e-01 -3.428469207000000019e-01 1.546342420100000004e+00 2.629199882000000099e-01 3.700691018000000221e-01 -7.437484583000000260e-01 4.906731808800000039e-01
1.403715392112143040e+09 -3.205280826999999944e-01 -3.883615834999999961e-01 1.559122798300000001e+00 2.631702720999999912e-01 3.730978242999999916e-01 -7.438081595000000101e-01 4.881483824649999748e-01
1.403715392162142992e+09 -3.054524042000000272e-01 -4.342590889999999870e-01 1.571566762700000064e+00 2.635761862000000066e-01 3.758182623999999916e-01 -7.434085463999999810e-01 4.864483126549999925e-01
1.403715392212143183e+09 -2.893610381999999759e-01 -4.805167260000000051e-01 1.584193020200000079e+00 2.655872294000000133e-01 3.782003651999999994e-01 -7.420816632000000190e-01 4.855334308809999833e-01
1.403715392262142897e+09 -2.721124066999999758e-01 -5.269433663999999462e-01 1.597024330300000017e+00 2.684598165000000036e-01 3.814489402999999834e-01 -7.392722288999999947e-01 4.856980588609999816e-01
1.403715392312143087e+09 -2.537440080000000209e-01 -5.732061925000000446e-01 1.609339869200000050e+00 2.727887749999999834e-01 3.850642851000000144e-01 -7.357985645000000297e-01 4.857079915509999735e-01
1.403715392362143040e+09 -2.340918949999999943e-01 -6.197826910999999495e-01 1.621926304999999902e+00 2.780826024999999979e-01 3.896963990000000266e-01 -7.299144879000000197e-01 4.878848461909999767e-01
1.403715392412142992e+09 -2.138294379000000023e-01 -6.662335953000000366e-01 1.635082275100000038e+00 2.863334115999999763e-01 3.931197166000000021e-01 -7.221851186000000089e-01 4.918523358140000079e-01
1.403715392462142944e+09 -1.932651675000000013e-01 -7.126696923999999989e-01 1.648261833799999909e+00 2.952997157000000206e-01 3.966477163000000083e-01 -7.129763314999999491e-01 4.971251529960000193e-01
1.403715392512143135e+09 -1.733012422000000108e-01 -7.584360602999999923e-01 1.660200234399999974e+00 3.025073743000000204e-01 4.021623228999999800e-01 -7.042079894999999645e-01 5.008451478230000475e-01
1.403715392562143087e+09 -1.540773062999999943e-01 -8.031518228999999787e-01 1.670508134299999892e+00 3.084061790000000025e-01 4.091129821000000222e-01 -6.974323383999999626e-01 5.010991218989999663e-01
1.403715392612143040e+09 -1.355571490999999962e-01 -8.467373740000000426e-01 1.679281084499999910e+00 3.125701309999999733e-01 4.175210415000000230e-01 -6.923183797999999944e-01 4.986695840200000007e-01
1.403715392662142992e+09 -1.180000768000000061e-01 -8.893014150000000395e-01 1.687563919100000032e+00 3.180504996999999889e-01 4.254807950000000227e-01 -6.866095480999999667e-01 4.963640812430000215e-01
1.403715392712143183e+09 -1.014984349000000036e-01 -9.311521686000000519e-01 1.695246554599999955e+00 3.240684964000000168e-01 4.330787011000000186e-01 -6.806273263000000018e-01 4.941344867429999788e-01
1.403715392762142897e+09 -8.602869770000000360e-02 -9.719799668999999920e-01 1.701677592300000041e+00 3.292512859000000236e-01 4.413138315999999839e-01 -6.752941336000000128e-01 4.907275475019999833e-01
1.403715392812143087e+09 -7.125872510000000326e-02 -1.011777777800000111e+00 1.706967713300000078e+00 3.324374498000000067e-01 4.513758935000000139e-01 -6.712991686000000513e-01 4.848737680560000207e-01
1.403715392862143040e+09 -5.733611920000000056e-02 -1.050339611000000062e+00 1.711742644100000099e+00 3.350311960999999839e-01 4.619380243999999802e-01 -6.683534308999999896e-01 4.771488768570000261e-01
1.403715392912142992e+09 -4.393566549999999848e-02 -1.087913344099999957e+00 1.716304685799999952e+00 3.379822556000000033e-01 4.724401047999999825e-01 -6.644993586999999868e-01 4.701158842070000121e-01
1.403715392962142944e+09 -3.107812589999999972e-02 -1.124306941299999973e+00 1.720320828299999993e+00 3.404618426000000087e-01 4.835615887999999973e-01 -6.599887586999999556e-01 4.633236040040000225e-01
1.403715393012143135e+09 -1.788580920000000171e-02 -1.159931390099999904e+00 1.724720325999999915e+00 3.440660647000000072e-01 4.939343118999999782e-01 -6.545752813999999864e-01 4.573605138269999926e-01
1.403715393062143087e+09 -4.503842899999999962e-03 -1.194680541399999907e+00 1.729649130999999951e+00 3.492920648999999766e-01 5.031878956999999986e-01 -6.491723079000000229e-01 4.509681913970000067e-01
1.403715393112143040e+09 9.256302699999999911e-03 -1.228607326799999955e+00 1.733996705300000052e+00 3.537925573999999851e-01 5.132526168000000055e-01 -6.420463438000000300e-01 4.462948242550000000e-01
1.403715393162142992e+09 2.317998329999999829e-02 -1.261568140400000093e+00 1.737440397300000106e+00 3.580276238999999805e-01 5.236470711999999805e-01 -6.332350069000000081e-01 4.434223621989999975e-01
1.403715393212143183e+09 3.720142500000000324e-02 -1.293181684999999970e+00 1.739917149700000110e+00 3.625740499999999811e-01 5.341858164999999659e-01 -6.235366247000000417e-01 4.408941476889999822e-01
1.403715393262142897e+09 5.148366969999999820e-02 -1.323221703400000004e+00 1.742269287699999891e+00 3.689320287999999781e-01 5.434956814000000414e-01 -6.135224918999999666e-01 4.382827333939999792e-01
1.403715393312143087e+09 6.574324870000000653e-02 -1.351438985799999992e+00 1.744539694299999999e+00 3.757135086000000235e-01 5.527058534000000023e-01 -6.030262711999999636e-01 4.355627571310000112e-01
1.403715393362143040e+09 7.979219279999999470e-02 -1.378192267500000012e+00 1.746613459199999996e+00 3.824496423000000034e-01 5.619099389999999694e-01 -5.927655152999999899e-01 4.319936751680000242e-01
1.403715393412142992e+09 9.353994670000000122e-02 -1.403491314000000045e+00 1.748461871099999954e+00 3.883393775000000270e-01 5.715839243000000458e-01 -5.821470922999999464e-01 4.284729959729999815e-01
1.403715393462142944e+09 1.069401157999999991e-01 -1.427074199500000029e+00 1.749502762499999919e+00 3.939463235999999813e-01 5.812985619999999631e-01 -5.713647683000000477e-01 4.247829769529999910e-01
1.403715393512143135e+09 1.198386776999999931e-01 -1.448830160800000044e+00 1.750111440900000037e+00 4.005204299999999829e-01 5.901245030999999752e-01 -5.604043214999999689e-01 4.210504155879999932e-01
1.403715393562143087e+09 1.319561022999999889e-01 -1.468473011299999964e+00 1.750318257099999997e+00 4.066270771000000117e-01 5.991808967999999735e-01 -5.490634865000000309e-01 4.173319553470000165e-01
1.403715393612143040e+09 1.431611638999999991e-01 -1.485857863199999906e+00 1.750393713700000076e+00 4.135907171000000049e-01 6.076706131000000344e-01 -5.385133809000000049e-01 4.119253369779999896e-01
1.403715393662142992e+09 1.529789098000000069e-01 -1.500883572200000016e+00 1.750291571600000040e+00 4.220236176000000117e-01 6.150053686999999991e-01 -5.297971782999999490e-01 4.037070874090000205e-01
1.403715393712143183e+09 1.621062675000000119e-01 -1.513790312700000085e+00 1.749879819400000036e+00 4.300265223999999997e-01 6.225202073000000169e-01 -5.224982367999999600e-01 3.931175066779999949e-01
1.403715393762142897e+09 1.700786122000000067e-01 -1.524641100199999988e+00 1.749218751499999946e+00 4.377764064999999927e-01 6.298525954999999454e-01 -5.158748303000000313e-01 3.814586286030000051e-01
1.403715393812143087e+09 1.774425124000000020e-01 -1.533922688100000098e+00 1.748025713399999903e+00 4.442618985999999826e-01 6.377686339999999454e-01 -5.089969492999999456e-01 3.698711133970000176e-01
1.403715393862143040e+09 1.841457320999999869e-01 -1.542186488600000072e+00 1.747166363300000080e+00 4.508890729999999736e-01 6.450790871999999565e-01 -5.022220225000000315e-01 3.582527811649999783e-01
1.403715393912142992e+09 1.905192608000000065e-01 -1.549712646699999974e+00 1.745939395599999999e+00 4.561098293999999997e-01 6.529729195000000264e-01 -4.934231211999999811e-01 3.494621773500000139e-01
1.403715393962142944e+09 1.963820866000000054e-01 -1.556196933999999921e+00 1.744892809700000047e+00 4.619376419999999817e-01 6.600503816999999662e-01 -4.855643123999999755e-01 3.393735508290000036e-01
1.403715394012143135e+09 2.018460692999999861e-01 -1.562067410799999889e+00 1.743824897999999957e+00 4.683806974999999984e-01 6.664458377999999961e-01 -4.768578654999999777e-01 3.302666249639999996e-01
1.403715394062143087e+09 2.071474628999999956e-01 -1.567254115599999942e+00 1.742740884100000054e+00 4.743964378000000148e-01 6.730110993000000263e-01 -4.673833618000000079e-01 3.218025375040000080e-01
1.403715394112143040e+09 2.122957588000000118e-01 -1.571937321300000079e+00 1.741401592000000109e+00 4.798336755000000009e-01 6.799598449000000544e-01 -4.574061837000000241e-01 3.133589576119999998e-01
1.403715394162142992e+09 2.173346197999999896e-01 -1.576116255000000077e+00 1.739855487700000092e+00 4.848894201000000237e-01 6.870900883999999653e-01 -4.458559705999999845e-01 3.065973160220000215e-01
1.403715394212143183e+09 2.218185534000000070e-01 -1.579687255300000093e+00 1.738118113599999903e+00 4.899757572999999811e-01 6.942455644999999675e-01 -4.344570293000000194e-01 2.986535502739999792e-01
1.403715394262142897e+09 2.257774606000000073e-01 -1.582793000899999969e+00 1.736104014699999976e+00 4.949547083999999986e-01 7.013456205000000443e-01 -4.225943823000000155e-01 2.907716376860000063e-01
1.403715394312143087e+09 2.294105391000000049e-01 -1.585252581500000035e+00 1.734569896900000074e+00 5.011672177999999533e-01 7.073056731000000319e-01 -4.106352887999999979e-01 2.827167559900000127e-01
1.403715394362143040e+09 2.330222633000000043e-01 -1.587234705900000042e+00 1.733085767700000002e+00 5.070169132999999828e-01 7.133379424000000357e-01 -3.968512629000000014e-01 2.767524249359999966e-01
1.403715394412142992e+09 2.360986486999999967e-01 -1.588832994199999904e+00 1.731990826399999905e+00 5.129914459000000093e-01 7.190702839000000512e-01 -3.829910293000000077e-01 2.703619328060000160e-01
1.403715394462142944e+09 2.389371723000000003e-01 -1.589827723099999979e+00 1.731351948799999985e+00 5.193168584999999782e-01 7.240774729000000187e-01 -3.683825076000000198e-01 2.651719099889999764e-01
1.403715394512143135e+09 2.408833618000000010e-01 -1.590368903299999914e+00 1.730625200600000024e+00 5.248514314000000125e-01 7.292812574000000492e-01 -3.539889730999999928e-01 2.595604544149999748e-01
1.403715394562143087e+09 2.416356866999999908e-01 -1.590505089899999946e+00 1.729942467000000095e+00 5.299248771000000247e-01 7.346398480000000397e-01 -3.402943426999999743e-01 2.523562535169999732e-01
1.403715394612143040e+09 2.411041110999999904e-01 -1.590262414199999919e+00 1.729217953300000055e+00 5.349829909000000105e-01 7.398056994999999691e-01 -3.274465775000000023e-01 2.434326709309999892e-01
1.403715394662142992e+09 2.387956280000000098e-01 -1.589856500600000055e+00 1.728299526500000072e+00 5.396676465999999950e-01 7.450917987999999825e-01 -3.152249097000000000e-01 2.328739979380000102e-01
1.403715394712143183e+09 2.351375568999999888e-01 -1.589066769900000065e+00 1.727105912300000101e+00 5.432380917000000364e-01 7.508748927999999712e-01 -3.029979553000000103e-01 2.219718679359999891e-01
1.403715394762142897e+09 2.299403047999999949e-01 -1.588189288799999987e+00 1.725574207299999996e+00 5.455325126000000191e-01 7.573737143000000005e-01 -2.908017837999999911e-01 2.102704381830000080e-01
1.403715394812143087e+09 2.237998062999999871e-01 -1.587294521800000080e+00 1.724086830999999931e+00 5.474296456999999672e-01 7.638526976999999718e-01 -2.781876020999999866e-01 1.986491812520000122e-01
1.403715394862143040e+09 2.169357034999999934e-01 -1.586447397399999959e+00 1.722735973500000073e+00 5.495605673000000246e-01 7.700206016999999736e-01 -2.647744999000000155e-01 1.869382785850000062e-01
1.403715394912142992e+09 2.094170640999999944e-01 -1.585521147499999950e+00 1.721182556000000030e+00 5.512827885000000094e-01 7.763454352999999974e-01 -2.502446808000000078e-01 1.753643407450000136e-01
1.403715394962142944e+09 2.014128817999999987e-01 -1.584135669599999963e+00 1.719996915100000079e+00 5.536451911999999975e-01 7.819571706000000288e-01 -2.350319198999999970e-01 1.636459046410000118e-01
1.403715395012143135e+09 1.930751564000000031e-01 -1.582641664699999895e+00 1.718598623000000103e+00 5.555004972999999513e-01 7.875204257000000263e-01 -2.189407023000000119e-01 1.526294383540000021e-01
1.403715395062143087e+09 1.839904470000000014e-01 -1.580815937399999926e+00 1.717132684599999903e+00 5.578727453999999808e-01 7.923377327999999720e-01 -2.025958200999999903e-01 1.411872896939999900e-01
1.403715395112143040e+09 1.745442843999999993e-01 -1.578426699600000038e+00 1.715685317599999982e+00 5.604196275999999699e-01 7.964184324999999953e-01 -1.864833763000000033e-01 1.298902294629999954e-01
1.403715395162142992e+09 1.648727675999999975e-01 -1.575517501500000028e+00 1.714088952300000024e+00 5.622799955999999710e-01 8.002729315000000065e-01 -1.707949558000000090e-01 1.193043365180000009e-01
1.403715395212143183e+09 1.548370400999999896e-01 -1.572176434199999973e+00 1.712538512799999912e+00 5.635749585999999534e-01 8.038745991000000313e-01 -1.569318587000000098e-01 1.074303805769999953e-01
1.403715395262142897e+09 1.444559287000000136e-01 -1.568432860099999937e+00 1.710680895899999943e+00 5.650837013999999714e-01 8.067132608000000538e-01 -1.427217745999999898e-01 9.759416100010000206e-02
1.403715395312143087e+09 1.336733411000000094e-01 -1.563998431099999920e+00 1.708351431999999948e+00 5.665483473000000325e-01 8.090425405000000181e-01 -1.288737504999999950e-01 8.868311144040000316e-02
1.403715395362143040e+09 1.226385571000000035e-01 -1.559228492499999952e+00 1.705477960999999931e+00 5.675086940000000357e-01 8.111988037999999790e-01 -1.159763463000000050e-01 8.024880113420000682e-02
1.403715395412142992e+09 1.112174533000000048e-01 -1.554246811500000103e+00 1.702018926500000084e+00 5.681985589000000392e-01 8.131358428999999610e-01 -1.040476728000000045e-01 7.165598594619999873e-02
1.403715395462142944e+09 9.947156919999999847e-02 -1.548862440600000001e+00 1.697976263499999972e+00 5.682235240999999881e-01 8.151653779999999960e-01 -9.315256480000000394e-02 6.284928671289999325e-02
1.403715395512143135e+09 8.756193319999999725e-02 -1.543029088800000004e+00 1.693223141899999895e+00 5.685291975999999803e-01 8.166836871999999525e-01 -8.272376110000000116e-02 5.439747991470000182e-02
1.403715395562143087e+09 7.536200819999999689e-02 -1.536688874099999991e+00 1.687929583899999919e+00 5.689469756999999683e-01 8.178463078000000053e-01 -7.291650989999999555e-02 4.593406371230000090e-02
1.403715395612143040e+09 6.292702729999999356e-02 -1.529964381399999906e+00 1.682003393200000030e+00 5.695982059999999958e-01 8.185355131999999534e-01 -6.439849150000000189e-02 3.755438231569999813e-02
1.403715395662142992e+09 5.041079539999999970e-02 -1.522659770099999976e+00 1.675613019000000037e+00 5.702796301000000456e-01 8.190034792000000508e-01 -5.545096630000000137e-02 3.065346356990000104e-02
1.403715395712143183e+09 3.776090020000000269e-02 -1.514974209400000049e+00 1.668248375599999944e+00 5.697251863000000194e-01 8.201607121999999750e-01 -4.601150059999999792e-02 2.515074703019999983e-02
1.403715395762142897e+09 2.502007720000000088e-02 -1.506389625099999963e+00 1.660652282800000101e+00 5.705244388000000333e-01 8.202168843999999570e-01 -3.681387089999999668e-02 1.977033904230000166e-02
1.403715395812143087e+09 1.219072820000000057e-02 -1.497055631600000103e+00 1.652497013300000095e+00 5.708735815000000047e-01 8.204089728000000248e-01 -2.785725179999999981e-02 1.601389097349999874e-02
1.403715395862143040e+09 -1.068638700000000032e-03 -1.487192249000000022e+00 1.644623902800000037e+00 5.710589251000000033e-01 8.205491535000000169e-01 -2.219548719999999906e-02 9.907124703670000532e-03
1.403715395912142992e+09 -1.447419879999999916e-02 -1.476701203099999971e+00 1.636638207799999911e+00 5.710687723999999799e-01 8.206851332000000276e-01 -1.845397489999999960e-02 3.977463256610000268e-03
1.403715395962142944e+09 -2.805276550000000008e-02 -1.465478843100000095e+00 1.628939395099999965e+00 5.710522988999999772e-01 8.207314165000000328e-01 -1.708197759999999926e-02 -2.723945423280000212e-03
1.403715396012143135e+09 -4.165734730000000136e-02 -1.453538525299999939e+00 1.621407628799999889e+00 5.712142714000000288e-01 8.205638312999999906e-01 -1.716209819999999983e-02 -9.732281802649999161e-03
1.403715396062143087e+09 -5.481643320000000041e-02 -1.440946423600000026e+00 1.614641985200000018e+00 5.719761290000000553e-01 8.198588071000000310e-01 -1.938719269999999995e-02 -1.729106708029999953e-02
1.403715396112143040e+09 -6.697419050000000262e-02 -1.428398809599999986e+00 1.608227135399999952e+00 5.726361568000000180e-01 8.191916355999999677e-01 -2.179270529999999956e-02 -2.319426699160000160e-02
1.403715396162142992e+09 -7.774807079999999926e-02 -1.415390880199999923e+00 1.602248552500000089e+00 5.740769515000000434e-01 8.179887720999999834e-01 -2.413527479999999850e-02 -2.734064464870000072e-02
1.403715396212143183e+09 -8.690933289999999700e-02 -1.402156421799999997e+00 1.596522147499999988e+00 5.752177615000000355e-01 8.170905331000000160e-01 -2.554299469999999836e-02 -2.889884039829999918e-02
1.403715396262142897e+09 -9.449713630000000641e-02 -1.388723698499999992e+00 1.590918448899999893e+00 5.764701510999999945e-01 8.162899844000000016e-01 -2.520662720000000148e-02 -2.678529717369999841e-02
1.403715396312143087e+09 -1.005289292000000057e-01 -1.374808663000000042e+00 1.585163242499999958e+00 5.769800091000000242e-01 8.161440105999999695e-01 -2.308192950000000077e-02 -2.168519389279999904e-02
1.403715396362143040e+09 -1.053898682999999947e-01 -1.360548440499999900e+00 1.579592359600000107e+00 5.781628608000000114e-01 8.155322176999999506e-01 -2.007211550000000122e-02 -1.523215077450000045e-02
1.403715396412142992e+09 -1.098207598999999951e-01 -1.346402024799999930e+00 1.574227351900000071e+00 5.789118051999999626e-01 8.151204572000000370e-01 -1.802014979999999947e-02 -1.072549746530000042e-02
1.403715396462142944e+09 -1.138343956999999934e-01 -1.332451443999999929e+00 1.568428778499999954e+00 5.786994439000000545e-01 8.153775493999999568e-01 -1.528226100000000011e-02 -5.732195366700000051e-03
1.403715396512143135e+09 -1.181181327000000031e-01 -1.318545208900000043e+00 1.563003717900000034e+00 5.792653193000000256e-01 8.150507892999999671e-01 -1.171446349999999935e-02 -2.583050746219999784e-03
1.403715396562143087e+09 -1.229919894000000014e-01 -1.304554302899999962e+00 1.557855934200000014e+00 5.802462132000000272e-01 8.143945882999999997e-01 -8.533821100000000062e-03 -1.720636159370000050e-03
1.403715396612143040e+09 -1.284914759000000128e-01 -1.290880124100000081e+00 1.552453705300000042e+00 5.806698858000000074e-01 8.141260545999999820e-01 -4.302274099999999629e-03 -1.655730893760000043e-03
1.403715396662142992e+09 -1.346749208999999947e-01 -1.277571094700000076e+00 1.547024023599999909e+00 5.821047241000000261e-01 8.131059750000000363e-01 3.890732999999999735e-04 -3.551376342840000064e-03
1.403715396712143183e+09 -1.413824657999999956e-01 -1.264908781599999976e+00 1.540875142199999992e+00 5.829064234999999927e-01 8.124988940999999798e-01 4.731610699999999614e-03 -6.577259114049999709e-03
1.403715396762142897e+09 -1.486225401999999862e-01 -1.252711513399999976e+00 1.534204794000000094e+00 5.821301554000000156e-01 8.129835425000000448e-01 7.957884800000000411e-03 -1.090476365070000044e-02
1.403715396812143087e+09 -1.563299068000000014e-01 -1.240814227700000050e+00 1.527413199299999969e+00 5.809968610000000311e-01 8.136801847000000310e-01 1.060974339999999974e-02 -1.595737741639999957e-02
1.403715396862143040e+09 -1.642719759000000057e-01 -1.229055890099999937e+00 1.520108789500000057e+00 5.788257243000000107e-01 8.150926183000000158e-01 1.356513999999999984e-02 -2.001977755750000004e-02
1.403715396912142992e+09 -1.724203025000000111e-01 -1.217416496300000039e+00 1.512298385500000064e+00 5.765512371000000025e-01 8.165612751999999919e-01 1.620583310000000068e-02 -2.353137928389999883e-02
1.403715396962142944e+09 -1.807280809000000044e-01 -1.205788321500000038e+00 1.503356852000000021e+00 5.719560341999999631e-01 8.196551324999999943e-01 1.941685970000000053e-02 -2.558797117989999870e-02
1.403715397012143135e+09 -1.890307991999999881e-01 -1.193726637799999990e+00 1.493986640099999930e+00 5.671759212000000439e-01 8.228312777999999827e-01 2.128147310000000000e-02 -2.841234989149999876e-02
1.403715397062143087e+09 -1.972417758999999993e-01 -1.181136569800000036e+00 1.484142690599999925e+00 5.627006171999999751e-01 8.257734332999999705e-01 2.366595650000000162e-02 -3.010273678480000076e-02
1.403715397112143040e+09 -2.055621599000000133e-01 -1.167660538800000092e+00 1.474294772699999978e+00 5.594052187000000398e-01 8.278802207000000024e-01 2.491511669999999998e-02 -3.254809436710000281e-02
1.403715397162142992e+09 -2.141672340000000119e-01 -1.152655365900000062e+00 1.464439521000000077e+00 5.567513526999999796e-01 8.295155764999999626e-01 2.493377119999999961e-02 -3.619594771890000118e-02
1.403715397212143183e+09 -2.230141183000000082e-01 -1.136287679200000067e+00 1.454940020600000050e+00 5.548521999000000093e-01 8.305929290000000353e-01 2.335926840000000088e-02 -4.133723799760000150e-02
1.403715397262142897e+09 -2.319091114999999870e-01 -1.118564378499999901e+00 1.445618125300000001e+00 5.531457213999999567e-01 8.314637735000000029e-01 2.074531749999999897e-02 -4.761760179269999838e-02
1.403715397312143087e+09 -2.403746729000000026e-01 -1.098958819799999986e+00 1.436930362900000091e+00 5.530913595999999988e-01 8.312183278000000453e-01 1.754607630000000126e-02 -5.346190025110000160e-02
1.403715397362143040e+09 -2.478237504999999952e-01 -1.077787299399999954e+00 1.428081715100000038e+00 5.531757662999999825e-01 8.309018491999999867e-01 1.506615990000000072e-02 -5.806633646150000105e-02
1.403715397412142992e+09 -2.543356493000000218e-01 -1.055031663699999900e+00 1.419291950300000105e+00 5.532333011000000189e-01 8.306667975999999509e-01 1.327743169999999993e-02 -6.123149300760000191e-02
1.403715397462142944e+09 -2.596671521999999732e-01 -1.030774795599999960e+00 1.410704693700000067e+00 5.527378456999999523e-01 8.308201466000000313e-01 1.227572059999999972e-02 -6.378138207349999533e-02
1.403715397512143135e+09 -2.636768842000000168e-01 -1.004934750899999951e+00 1.402570219000000007e+00 5.525244975999999975e-01 8.308846707999999470e-01 1.181713409999999957e-02 -6.486677606110000105e-02
1.403715397562143087e+09 -2.663218146999999925e-01 -9.773771318999999735e-01 1.394785169900000010e+00 5.534428178000000420e-01 8.301726624999999915e-01 1.140201880000000015e-02 -6.621474054169999846e-02
1.403715397612143040e+09 -2.673004451000000059e-01 -9.481405183000000125e-01 1.388018141799999938e+00 5.550302628000000071e-01 8.290249087000000072e-01 1.091952610000000018e-02 -6.737857269230000667e-02
1.403715397662142992e+09 -2.665879219999999772e-01 -9.174274124000000308e-01 1.382461876600000084e+00 5.580511027000000235e-01 8.270198778999999778e-01 1.121716269999999994e-02 -6.701689109019999535e-02
1.403715397712143183e+09 -2.644039081999999818e-01 -8.855358096000000012e-01 1.378202528000000093e+00 5.627795631999999992e-01 8.238630279999999972e-01 1.186477690000000036e-02 -6.624274675680000279e-02
1.403715397762142897e+09 -2.608673934999999888e-01 -8.528581885999999557e-01 1.374684030799999901e+00 5.666101544999999629e-01 8.213813411000000508e-01 1.285824330000000064e-02 -6.418949158259999732e-02
1.403715397812143087e+09 -2.562863686999999890e-01 -8.197521706999999491e-01 1.372080724099999927e+00 5.703091861000000318e-01 8.189205602000000361e-01 1.327382130000000042e-02 -6.277223877859999801e-02
1.403715397862143040e+09 -2.504249144999999843e-01 -7.860875836999999811e-01 1.370119337300000018e+00 5.730560627999999879e-01 8.171326916000000162e-01 1.398061469999999952e-02 -6.087245451000000002e-02
1.403715397912142992e+09 -2.433719890999999913e-01 -7.521189656000000223e-01 1.368511616799999997e+00 5.758298209000000112e-01 8.153999363999999694e-01 1.551358840000000017e-02 -5.746555219360000022e-02
1.403715397962142944e+09 -2.354467491999999995e-01 -7.179576233000000141e-01 1.367746819499999988e+00 5.808699738999999473e-01 8.120229147999999952e-01 1.673983340000000097e-02 -5.411688482359999774e-02
1.403715398012143135e+09 -2.268853775000000128e-01 -6.838641255999999835e-01 1.366812843599999994e+00 5.863362805999999816e-01 8.083003684999999772e-01 1.798637819999999998e-02 -5.036636258399999899e-02
1.403715398062143087e+09 -2.178969865000000006e-01 -6.504510123000000199e-01 1.365590604599999924e+00 5.915212633999999969e-01 8.046881649999999553e-01 1.878646440000000112e-02 -4.718708171089999737e-02
1.403715398112143040e+09 -2.085946871000000091e-01 -6.179440384000000064e-01 1.363487352599999980e+00 5.957716460999999963e-01 8.016846302000000257e-01 1.924771720000000019e-02 -4.458054359210000123e-02
1.403715398162142992e+09 -1.991678292000000072e-01 -5.863816488999999965e-01 1.360899600099999995e+00 5.993706920000000382e-01 7.991236493000000163e-01 1.958034499999999900e-02 -4.210435669789999724e-02
1.403715398212143183e+09 -1.896613600000000011e-01 -5.564988717000000085e-01 1.357390883099999890e+00 6.008191604000000519e-01 7.981423734999999464e-01 1.965756490000000051e-02 -3.998335007070000224e-02
1.403715398262142897e+09 -1.801316146999999979e-01 -5.285192163999999915e-01 1.352863311199999918e+00 6.002836719999999904e-01 7.986298569999999986e-01 1.921281929999999957e-02 -3.848028191559999672e-02
1.403715398312143087e+09 -1.704414878999999938e-01 -5.022682716999999908e-01 1.347465440399999936e+00 5.985140997000000240e-01 8.000581951999999886e-01 1.907431349999999873e-02 -3.638581144200000311e-02
1.403715398362143040e+09 -1.606946109000000067e-01 -4.775530659000000178e-01 1.341705899699999982e+00 5.971065462000000323e-01 8.012121545000000511e-01 1.872480569999999955e-02 -3.423795531590000107e-02
1.403715398412142992e+09 -1.511985617999999920e-01 -4.539813520000000047e-01 1.336243142799999895e+00 5.957754836999999970e-01 8.022322051000000398e-01 1.685941889999999915e-02 -3.450828899700000146e-02
1.403715398462142944e+09 -1.414602789000000138e-01 -4.316160464000000085e-01 1.330166626600000068e+00 5.941924800000000229e-01 8.035099963999999817e-01 1.670746050000000010e-02 -3.205999294839999986e-02
1.403715398512143135e+09 -1.317499671000000039e-01 -4.104328522999999840e-01 1.324213586700000000e+00 5.931220017999999650e-01 8.044021706999999743e-01 1.628008619999999837e-02 -2.963777122350000001e-02
1.403715398562143087e+09 -1.223169152000000010e-01 -3.903501316999999915e-01 1.318680161400000106e+00 5.928342355000000286e-01 8.047095958000000104e-01 1.621287470000000105e-02 -2.696624473550000151e-02
1.403715398612143040e+09 -1.132246578999999975e-01 -3.713092953000000085e-01 1.314238516100000087e+00 5.948542914000000126e-01 8.032918136000000153e-01 1.537147959999999973e-02 -2.518634244189999968e-02
1.403715398662142992e+09 -1.043678687999999993e-01 -3.535287375000000232e-01 1.310030455699999985e+00 5.975698703999999806e-01 8.013731551999999647e-01 1.597683639999999961e-02 -2.135548599199999995e-02
1.403715398712143183e+09 -9.585205469999999450e-02 -3.370824626000000213e-01 1.306086867100000104e+00 6.011636149000000318e-01 7.987679171999999550e-01 1.761718859999999998e-02 -1.617891568539999922e-02
1.403715398762142897e+09 -8.792179579999999384e-02 -3.222201460999999933e-01 1.302416397500000045e+00 6.044410943000000369e-01 7.963441398999999699e-01 1.947352390000000114e-02 -1.038056698530000037e-02
1.403715398812143087e+09 -8.097098640000000014e-02 -3.094293988999999856e-01 1.298948763400000095e+00 6.065930798999999984e-01 7.947122156000000492e-01 2.107139330000000130e-02 -5.772876841909999751e-03
1.403715398862143040e+09 -7.549174869999999982e-02 -2.986623024000000237e-01 1.295577946200000108e+00 6.078409688999999450e-01 7.937340707000000162e-01 2.261328820000000142e-02 -2.054444687269999913e-03
1.403715398912142992e+09 -7.168594820000000201e-02 -2.897882098999999823e-01 1.292449999700000074e+00 6.087579320999999544e-01 7.930045060000000534e-01 2.361203129999999914e-02 3.249444822430000066e-04
1.403715398962142944e+09 -6.969186600000000509e-02 -2.827940746000000005e-01 1.289703520800000058e+00 6.091302466000000360e-01 7.927086288000000369e-01 2.392794440000000147e-02 9.088437275160000245e-04
1.403715399012143135e+09 -6.914678009999999930e-02 -2.779383778999999777e-01 1.287541000799999891e+00 6.098645132000000135e-01 7.921252237999999446e-01 2.451272029999999880e-02 1.425435841569999956e-03
1.403715399062143087e+09 -7.024169850000000492e-02 -2.754247348000000151e-01 1.285803415199999966e+00 6.094860895999999473e-01 7.924238906999999665e-01 2.431209380000000017e-02 7.824754750269999456e-05
1.403715399112143040e+09 -7.302538229999999686e-02 -2.750954883000000240e-01 1.283890892600000111e+00 6.078016541999999856e-01 7.937272981999999866e-01 2.382633210000000001e-02 -2.535990600340000053e-03
1.403715399162142992e+09 -7.747544820000000498e-02 -2.765555062000000230e-01 1.282237424799999914e+00 6.068424383999999616e-01 7.944746156999999975e-01 2.255693229999999883e-02 -6.597333665799999698e-03
1.403715399212143183e+09 -8.306587390000000348e-02 -2.798787566000000004e-01 1.280900489700000033e+00 6.061642349000000429e-01 7.949726515999999688e-01 2.225907619999999837e-02 -9.377475419079999569e-03
1.403715399262142897e+09 -8.969274570000000668e-02 -2.854197889000000266e-01 1.280137058900000069e+00 6.063774245999999923e-01 7.947859803000000278e-01 2.181401050000000147e-02 -1.207532162060000018e-02
1.403715399312143087e+09 -9.704867229999999956e-02 -2.927902685000000060e-01 1.278818035200000036e+00 6.048781135999999892e-01 7.958907656000000497e-01 2.284331690000000054e-02 -1.259125539829999973e-02
1.403715399362143040e+09 -1.051363336000000065e-01 -3.018796954999999893e-01 1.277410757199999969e+00 6.024033975000000485e-01 7.977361639000000171e-01 2.384861500000000009e-02 -1.258582667159999918e-02
1.403715399412142992e+09 -1.141178256000000002e-01 -3.125026316999999776e-01 1.275793831599999928e+00 5.987999864999999922e-01 8.004055074000000491e-01 2.545937740000000019e-02 -1.189201654699999916e-02
1.403715399462142944e+09 -1.240307954999999990e-01 -3.243346997000000065e-01 1.274592293700000045e+00 5.963013997999999649e-01 8.022348057999999504e-01 2.686890550000000169e-02 -1.104621310349999941e-02
1.403715399512143135e+09 -1.347892558000000074e-01 -3.370575557000000111e-01 1.273582663200000020e+00 5.949515818999999706e-01 8.032047783000000329e-01 2.868066290000000074e-02 -8.492285662749999436e-03
1.403715399562143087e+09 -1.468316045999999986e-01 -3.513580323000000116e-01 1.271882001100000048e+00 5.899099073000000359e-01 8.068975272999999726e-01 2.944558640000000116e-02 -7.459168753200000161e-03
1.403715399612143040e+09 -1.605368664999999861e-01 -3.665592965999999731e-01 1.270196517100000033e+00 5.828864754000000481e-01 8.120319496000000248e-01 2.717812660000000144e-02 -1.043164029410000027e-02
1.403715399662142992e+09 -1.753970944999999892e-01 -3.822070525999999857e-01 1.268814056200000095e+00 5.762678237999999675e-01 8.167776424999999563e-01 2.487852689999999964e-02 -1.306663293170000004e-02
1.403715399712143183e+09 -1.914027132999999992e-01 -3.975961042999999751e-01 1.267789505399999905e+00 5.703635467000000014e-01 8.209407904000000089e-01 2.246979049999999964e-02 -1.538674194250000057e-02
1.403715399762142897e+09 -2.081068614999999900e-01 -4.121307095999999781e-01 1.267773682000000068e+00 5.660098748999999874e-01 8.239777933999999915e-01 2.063791040000000077e-02 -1.635524896549999871e-02
1.403715399812143087e+09 -2.253814238999999886e-01 -4.258340982000000108e-01 1.268655218699999976e+00 5.631124500999999949e-01 8.259908014000000298e-01 1.896444200000000149e-02 -1.684976343619999997e-02
1.403715399862143040e+09 -2.432617753000000105e-01 -4.390278246000000051e-01 1.269924541099999971e+00 5.610326942000000150e-01 8.274282197000000227e-01 1.802908120000000156e-02 -1.672750772579999906e-02
1.403715399912142992e+09 -2.617357533999999930e-01 -4.513412854000000141e-01 1.271683998899999946e+00 5.592789545999999890e-01 8.286442794999999695e-01 1.736925099999999875e-02 -1.593794890179999965e-02
1.403715399962142944e+09 -2.806901737999999980e-01 -4.622528087000000174e-01 1.273868403100000046e+00 5.579726524000000465e-01 8.295872891000000138e-01 1.610163989999999906e-02 -1.386312058099999946e-02
1.403715400012143135e+09 -3.001407837000000245e-01 -4.717947683000000003e-01 1.276859577099999976e+00 5.579008998000000163e-01 8.297258009000000323e-01 1.408692060000000038e-02 -1.016070620210000018e-02
1.403715400062143087e+09 -3.203730055999999826e-01 -4.798670004999999739e-01 1.280580373100000058e+00 5.589877903000000092e-01 8.290805479999999728e-01 1.108649700000000071e-02 -5.931678570100000318e-03
1.403715400112143040e+09 -3.415410884999999785e-01 -4.864065121999999741e-01 1.284410092399999925e+00 5.603135366000000506e-01 8.282472268999999665e-01 7.396784200000000066e-03 -7.479195228299999896e-04
1.403715400162142992e+09 -3.635128282000000266e-01 -4.919060512000000274e-01 1.288377430599999984e+00 5.612436706000000219e-01 8.276374146999999626e-01 1.908055199999999932e-03 4.267471211189999628e-03
1.403715400212143183e+09 -3.864017305999999929e-01 -4.962175738999999863e-01 1.292527020799999926e+00 5.622329205999999635e-01 8.268999728999999466e-01 -3.891392100000000062e-03 1.074406655940000031e-02
1.403715400262142897e+09 -4.102678880999999778e-01 -4.994499114000000017e-01 1.296660346699999966e+00 5.621642833000000117e-01 8.267342800000000436e-01 -8.410917199999999594e-03 2.027326681269999917e-02
1.403715400312143087e+09 -4.354300164000000084e-01 -5.016409295999999518e-01 1.301000421499999948e+00 5.617470745999999515e-01 8.266694265999999791e-01 -1.452130320000000023e-02 2.910352252619999996e-02
1.403715400362143040e+09 -4.620926035999999848e-01 -5.028671528000000501e-01 1.304912144600000046e+00 5.614220572000000464e-01 8.263628457999999677e-01 -2.122980749999999958e-02 3.845797849279999903e-02
1.403715400412142992e+09 -4.903601129999999864e-01 -5.033340145000000376e-01 1.308447576799999901e+00 5.601329870000000266e-01 8.265552533000000146e-01 -2.964498609999999951e-02 4.667574147850000327e-02
1.403715400462142944e+09 -5.203840777999999556e-01 -5.026987908000000171e-01 1.312190075299999981e+00 5.596152253999999715e-01 8.260884935000000207e-01 -4.060081539999999684e-02 5.253736063330000094e-02
1.403715400512143135e+09 -5.520427275000000522e-01 -5.009633030000000264e-01 1.315799798300000045e+00 5.585383778000000410e-01 8.257850007000000492e-01 -5.337454090000000317e-02 5.714167939329999751e-02
1.403715400562143087e+09 -5.851451105999999625e-01 -4.980935994999999838e-01 1.318780386100000035e+00 5.567578241999999733e-01 8.256599029000000201e-01 -6.687784900000000310e-02 6.191771382559999731e-02
1.403715400612143040e+09 -6.193473147000000401e-01 -4.942213786999999914e-01 1.321420579700000042e+00 5.550775907999999648e-01 8.251157543999999566e-01 -8.187967929999999395e-02 6.609522060030000035e-02
1.403715400662142992e+09 -6.542601202000000171e-01 -4.894379048999999982e-01 1.323296884099999904e+00 5.523412504000000389e-01 8.248847298999999467e-01 -9.709876480000000087e-02 7.110664791580000033e-02
1.403715400712143183e+09 -6.896669235000000286e-01 -4.833458561999999792e-01 1.324567091200000046e+00 5.498192205999999915e-01 8.240958479000000114e-01 -1.123234862999999972e-01 7.712517455100000030e-02
1.403715400762142897e+09 -7.254634491000000462e-01 -4.759467441999999937e-01 1.325372389200000001e+00 5.470232727999999600e-01 8.231212142999999593e-01 -1.281539791000000095e-01 8.254431068749999711e-02
1.403715400812143087e+09 -7.616228006999999911e-01 -4.671316741000000050e-01 1.326029663199999931e+00 5.456794860000000469e-01 8.208087573000000248e-01 -1.446668865000000082e-01 8.705385931839999814e-02
1.403715400862143040e+09 -7.977203738999999461e-01 -4.569918338000000246e-01 1.326227150300000046e+00 5.447443171000000417e-01 8.178546602999999804e-01 -1.613695119999999927e-01 9.125384498369999708e-02
1.403715400912142992e+09 -8.338401839000000315e-01 -4.457287585999999968e-01 1.325369398799999932e+00 5.420104338000000244e-01 8.161789929999999638e-01 -1.763464533999999917e-01 9.475478543130000375e-02
1.403715400962142944e+09 -8.697184218000000300e-01 -4.331691069999999977e-01 1.324004121700000036e+00 5.392451295000000311e-01 8.147770772000000328e-01 -1.894588744000000047e-01 9.725399558750000284e-02
1.403715401012143135e+09 -9.047834842999999960e-01 -4.194755522999999986e-01 1.322756564999999940e+00 5.364815831000000479e-01 8.135611192999999686e-01 -2.010215164999999971e-01 9.947947502479999315e-02
1.403715401062143087e+09 -9.386755555000000362e-01 -4.046706284000000098e-01 1.321547049599999912e+00 5.328967293999999910e-01 8.133926901000000376e-01 -2.093672427999999919e-01 1.028531245729999988e-01
1.403715401112143040e+09 -9.711344291000000295e-01 -3.887696421999999874e-01 1.321112929000000102e+00 5.309575329000000288e-01 8.125338480999999557e-01 -2.159391673000000123e-01 1.060335789839999959e-01
1.403715401162142992e+09 -1.002197938599999949e+00 -3.714470825999999781e-01 1.321016747999999907e+00 5.284952822999999800e-01 8.123274285999999567e-01 -2.204379314000000090e-01 1.105622167939999956e-01
1.403715401212143183e+09 -1.031743552300000033e+00 -3.527107728000000164e-01 1.321349253399999979e+00 5.261653423000000052e-01 8.124934852999999846e-01 -2.226600236000000066e-01 1.158744269379999997e-01
1.403715401262142897e+09 -1.059715666300000025e+00 -3.320627271000000102e-01 1.322069357599999995e+00 5.240370345999999513e-01 8.128784167999999477e-01 -2.234515451000000097e-01 1.211745550840000046e-01
1.403715401312143087e+09 -1.086723103299999993e+00 -3.094643518999999898e-01 1.323147703799999908e+00 5.225639412000000483e-01 8.128873272000000094e-01 -2.242407661999999968e-01 1.259253721180000063e-01
1.403715401362143040e+09 -1.112948536500000030e+00 -2.843954577000000206e-01 1.325413088599999956e+00 5.235855537000000393e-01 8.115019664999999494e-01 -2.252798913999999875e-01 1.287311028810000091e-01
1.403715401412142992e+09 -1.138397420800000059e+00 -2.568732772999999803e-01 1.328686362500000051e+00 5.252874443999999698e-01 8.098730344000000247e-01 -2.261263809999999874e-01 1.305589087829999995e-01
1.403715401462142944e+09 -1.162610965000000052e+00 -2.275895531999999888e-01 1.332197170199999947e+00 5.272364320000000326e-01 8.082423771000000201e-01 -2.262963218000000054e-01 1.324989785590000024e-01
1.403715401512143135e+09 -1.185619583600000082e+00 -1.966578807999999901e-01 1.336452723100000073e+00 5.304979293999999568e-01 8.058478883999999898e-01 -2.269522424000000038e-01 1.329428724839999965e-01
1.403715401562143087e+09 -1.207665125099999903e+00 -1.649054108999999935e-01 1.341268856399999931e+00 5.335463285000000555e-01 8.035428518999999659e-01 -2.283982373000000010e-01 1.322174182710000034e-01
1.403715401612143040e+09 -1.228482234899999970e+00 -1.322535715000000001e-01 1.347250081899999952e+00 5.388740411000000341e-01 7.998082719000000340e-01 -2.296552986000000018e-01 1.310722693989999910e-01
1.403715401662142992e+09 -1.248093178299999995e+00 -9.903481940000000150e-02 1.353276872999999991e+00 5.429451642000000522e-01 7.966771137999999475e-01 -2.311141989000000119e-01 1.307759613829999890e-01
1.403715401712143183e+09 -1.266427955599999988e+00 -6.464931009999999589e-02 1.360023251299999902e+00 5.489202100000000195e-01 7.915514823000000533e-01 -2.357565863999999956e-01 1.286533551969999967e-01
1.403715401762142897e+09 -1.283499614399999933e+00 -2.972052509999999897e-02 1.366479036999999952e+00 5.540604032999999484e-01 7.863433808999999997e-01 -2.426416717999999861e-01 1.257226148170000057e-01
1.403715401812143087e+09 -1.298778159200000060e+00 4.954426199999999690e-03 1.372480200600000089e+00 5.571220791000000006e-01 7.824921610999999722e-01 -2.475367015999999920e-01 1.266751287650000057e-01
1.403715401862143040e+09 -1.312566548099999952e+00 3.858854650000000108e-02 1.378459150499999897e+00 5.588225257000000168e-01 7.795069795000000301e-01 -2.522173214999999802e-01 1.283459248530000041e-01
1.403715401912142992e+09 -1.325232633299999963e+00 7.125541650000000171e-02 1.383599124500000110e+00 5.587402361000000095e-01 7.785301650999999490e-01 -2.531882789000000078e-01 1.326492594829999927e-01
1.403715401962142944e+09 -1.336549522100000109e+00 1.030969820000000037e-01 1.387879641400000086e+00 5.578401675999999920e-01 7.785714900000000327e-01 -2.518746726000000158e-01 1.385638180240000017e-01
1.403715402012143135e+09 -1.347218829700000065e+00 1.339432912999999892e-01 1.391674725299999915e+00 5.569865657000000470e-01 7.788504018999999889e-01 -2.497493420999999936e-01 1.441640841759999903e-01
1.403715402062143087e+09 -1.357235538200000091e+00 1.646738110000000033e-01 1.395697493599999950e+00 5.558853919999999782e-01 7.795593657999999593e-01 -2.473421966000000083e-01 1.486622476099999923e-01
1.403715402112143040e+09 -1.366630554199999903e+00 1.955612124999999979e-01 1.400002130300000092e+00 5.583556714999999837e-01 7.778948721999999760e-01 -2.449306515000000128e-01 1.520772430610000114e-01
1.403715402162142992e+09 -1.375505955900000021e+00 2.257943448999999991e-01 1.404717795100000055e+00 5.647661099999999879e-01 7.732440497000000468e-01 -2.421175788000000106e-01 1.565629545889999918e-01
1.403715402212143183e+09 -1.384396204199999980e+00 2.552597328000000276e-01 1.408980446800000008e+00 5.698321908000000269e-01 7.690778437999999939e-01 -2.412999302000000124e-01 1.599527684879999967e-01
1.403715402262142897e+09 -1.393367776100000066e+00 2.833192225999999758e-01 1.412418841400000069e+00 5.725899125000000200e-01 7.661746502999999819e-01 -2.420124623000000086e-01 1.629330089390000069e-01
1.403715402312143087e+09 -1.402498912800000053e+00 3.096007579000000232e-01 1.414188949199999934e+00 5.707530929999999891e-01 7.663637328000000304e-01 -2.427899900000000111e-01 1.672738970529999980e-01
1.403715402362143040e+09 -1.411706628699999966e+00 3.344799615999999864e-01 1.415105712599999954e+00 5.660379031000000172e-01 7.680522024999999475e-01 -2.446831047999999953e-01 1.727051958459999981e-01
1.403715402412142992e+09 -1.420887505000000051e+00 3.584468865000000060e-01 1.416042164700000106e+00 5.623341231999999801e-01 7.682526276000000154e-01 -2.475506967999999974e-01 1.796855215070000122e-01
1.403715402462142944e+09 -1.430312165199999930e+00 3.815063602000000054e-01 1.416501243399999943e+00 5.587449091999999728e-01 7.676658859999999640e-01 -2.509140923000000023e-01 1.885081754990000080e-01
1.403715402512143135e+09 -1.440432410299999910e+00 4.044048513999999872e-01 1.417103062600000074e+00 5.571532142999999770e-01 7.654426224000000500e-01 -2.532816353999999825e-01 1.988122249029999900e-01
1.403715402562143087e+09 -1.451866099100000085e+00 4.271998376000000208e-01 1.417925169799999940e+00 5.556097285000000108e-01 7.636278256999999847e-01 -2.562728060000000196e-01 2.061422381909999990e-01
1.403715402612143040e+09 -1.464562138000000013e+00 4.498953580000000230e-01 1.419124099000000028e+00 5.561254330999999551e-01 7.606012403999999894e-01 -2.587288262999999922e-01 2.127666567179999912e-01
1.403715402662142992e+09 -1.478912958100000008e+00 4.724768323999999908e-01 1.419815807500000027e+00 5.559423391000000159e-01 7.583710512000000348e-01 -2.611891827999999749e-01 2.181322421380000043e-01
1.403715402712143183e+09 -1.495327404900000046e+00 4.950629260000000142e-01 1.420408636199999908e+00 5.561259500999999883e-01 7.562708684000000181e-01 -2.642760793999999747e-01 2.212158563440000114e-01
1.403715402762142897e+09 -1.514170253200000094e+00 5.174349352999999541e-01 1.420797769099999996e+00 5.544448950000000487e-01 7.559478639000000166e-01 -2.714412907000000041e-01 2.178378092409999911e-01
1.403715402812143087e+09 -1.534855140399999929e+00 5.392063074999999817e-01 1.421260689699999968e+00 5.533154639999999791e-01 7.554484178999999466e-01 -2.785997156000000197e-01 2.133585801940000026e-01
1.403715402862143040e+09 -1.556876131099999894e+00 5.604735337999999789e-01 1.421604066400000033e+00 5.521821590000000057e-01 7.551920381000000182e-01 -2.853188070000000076e-01 2.082619199229999996e-01
1.403715402912142992e+09 -1.579678820999999900e+00 5.814200017999999748e-01 1.421692147499999948e+00 5.507508949999999626e-01 7.551420009999999516e-01 -2.919439460000000097e-01 2.029845865580000019e-01
1.403715402962142944e+09 -1.602897357700000081e+00 6.021214269000000341e-01 1.421664812399999978e+00 5.477849511000000282e-01 7.561809612000000014e-01 -2.983428363999999777e-01 1.977714671849999939e-01
1.403715403012143135e+09 -1.626022277999999988e+00 6.225927607000000252e-01 1.421779390099999985e+00 5.440875062000000151e-01 7.578678975999999512e-01 -3.048961943999999868e-01 1.914245179480000003e-01
1.403715403062143087e+09 -1.648344251199999944e+00 6.423938653999999859e-01 1.421812340300000033e+00 5.385863395000000109e-01 7.608507089999999584e-01 -3.099629776000000225e-01 1.869596372629999947e-01
1.403715403112143040e+09 -1.669439188799999974e+00 6.619503795000000190e-01 1.422388897300000066e+00 5.338917953999999799e-01 7.633363470999999789e-01 -3.145870774999999786e-01 1.825161437330000136e-01
1.403715403162142992e+09 -1.689109598199999951e+00 6.811571996999999934e-01 1.423264757899999955e+00 5.296354060000000308e-01 7.657663277999999796e-01 -3.178810604999999789e-01 1.789969250619999896e-01
1.403715403212143183e+09 -1.706899966900000010e+00 7.006425657999999501e-01 1.425406736900000082e+00 5.268831443999999475e-01 7.671160817000000076e-01 -3.205738543000000162e-01 1.765204610760000015e-01
1.403715403262142897e+09 -1.722598827199999905e+00 7.203611532000000484e-01 1.427609712800000041e+00 5.238335633999999796e-01 7.691965863999999931e-01 -3.202921598999999842e-01 1.770534995080000062e-01
1.403715403312143087e+09 -1.736452311399999893e+00 7.405250716000000288e-01 1.429960029100000085e+00 5.223469283999999657e-01 7.703823091999999484e-01 -3.187846871000000193e-01 1.790002996289999926e-01
1.403715403362143040e+09 -1.748481790900000110e+00 7.609121228999999875e-01 1.432637488999999986e+00 5.218741145999999942e-01 7.705130749999999917e-01 -3.174042757000000159e-01 1.822403236980000008e-01
1.403715403412142992e+09 -1.758449775599999931e+00 7.818532513999999489e-01 1.435513175399999897e+00 5.216806238000000207e-01 7.698842144999999970e-01 -3.170601456000000096e-01 1.860120617959999945e-01
1.403715403462142944e+09 -1.766462707400000109e+00 8.034230146999999933e-01 1.438749975499999945e+00 5.216266732000000017e-01 7.685094333999999971e-01 -3.180572815000000109e-01 1.901011053389999872e-01
1.403715403512143135e+09 -1.772557132900000054e+00 8.256628604000000315e-01 1.442114933000000043e+00 5.217741329999999733e-01 7.660812007999999729e-01 -3.208183388999999996e-01 1.947997465169999942e-01
1.403715403562143087e+09 -1.777234908400000091e+00 8.485619059000000242e-01 1.445207555499999907e+00 5.214317446999999772e-01 7.631791998000000410e-01 -3.257508395000000001e-01 1.988789460969999923e-01
1.403715403612143040e+09 -1.780701456899999924e+00 8.718802350000000034e-01 1.447537144500000039e+00 5.190277942000000033e-01 7.609657853000000305e-01 -3.320593535999999957e-01 2.031694074819999918e-01
1.403715403662142992e+09 -1.783107948999999914e+00 8.954979929999999921e-01 1.449438586799999928e+00 5.161794277000000264e-01 7.584526547000000063e-01 -3.392609907999999952e-01 2.078709917969999987e-01
1.403715403712143183e+09 -1.784456622400000025e+00 9.195177529000000405e-01 1.450601815900000036e+00 5.118622912000000413e-01 7.564242183999999591e-01 -3.480194473000000066e-01 2.114281462020000113e-01
1.403715403762142897e+09 -1.784418952900000077e+00 9.440640796000000501e-01 1.451931353900000055e+00 5.078255465000000024e-01 7.535825283000000541e-01 -3.583242278000000058e-01 2.140802071940000051e-01
1.403715403812143087e+09 -1.782510665200000011e+00 9.693785733999999987e-01 1.453650884400000010e+00 5.045121972999999649e-01 7.497920338000000351e-01 -3.688866802999999917e-01 2.172601343259999984e-01
1.403715403862143040e+09 -1.778623387499999930e+00 9.951915869999999886e-01 1.455962825200000088e+00 5.017396238000000341e-01 7.453490806000000468e-01 -3.790167573000000067e-01 2.214912993950000075e-01
1.403715403912142992e+09 -1.772755016899999925e+00 1.021241024600000102e+00 1.458250747799999969e+00 4.984575069000000136e-01 7.410157699999999625e-01 -3.887448425000000207e-01 2.265241486069999866e-01
1.403715403962142944e+09 -1.764800557200000064e+00 1.047787638800000032e+00 1.460848721100000080e+00 4.956734755000000159e-01 7.361806852000000179e-01 -3.982460609999999845e-01 2.318315751599999974e-01
1.403715404012143135e+09 -1.755034129700000056e+00 1.074427623899999906e+00 1.463736180800000009e+00 4.929398051000000169e-01 7.312833915999999990e-01 -4.065392407000000263e-01 2.386646090350000027e-01
1.403715404062143087e+09 -1.743377991300000041e+00 1.100983402000000000e+00 1.467565310399999934e+00 4.918386013000000112e-01 7.250499790000000111e-01 -4.138689354999999792e-01 2.472040097850000118e-01
1.403715404112143040e+09 -1.730130903300000078e+00 1.127618415799999996e+00 1.471471995899999996e+00 4.901107237999999811e-01 7.193315221999999620e-01 -4.200660639000000085e-01 2.567063331830000128e-01
1.403715404162142992e+09 -1.715338219499999983e+00 1.154329945600000018e+00 1.475188791299999913e+00 4.876216015000000015e-01 7.140143793000000016e-01 -4.242705245000000236e-01 2.690783565550000089e-01
1.403715404212143183e+09 -1.699556839200000002e+00 1.181296864699999949e+00 1.478691248599999897e+00 4.847202165999999757e-01 7.090038652000000274e-01 -4.288197142999999878e-01 2.801311896340000218e-01
1.403715404262142897e+09 -1.683399243300000014e+00 1.208854031300000020e+00 1.481646216099999913e+00 4.818339683999999790e-01 7.047513552999999931e-01 -4.317761921000000114e-01 2.910856814680000126e-01
1.403715404312143087e+09 -1.666940795199999936e+00 1.237247203799999973e+00 1.483633782300000092e+00 4.781173337999999884e-01 7.016753360999999911e-01 -4.343801675000000251e-01 3.006150493160000270e-01
1.403715404362143040e+09 -1.650827829500000066e+00 1.266693763899999992e+00 1.485404103000000031e+00 4.753106931000000146e-01 6.989988604000000327e-01 -4.375926453999999799e-01 3.065828025990000039e-01
1.403715404412142992e+09 -1.634850530400000057e+00 1.296982084399999957e+00 1.486760127799999998e+00 4.728552983000000043e-01 6.967348975999999583e-01 -4.396427393999999822e-01 3.125421748239999853e-01
1.403715404462142944e+09 -1.619096073499999955e+00 1.328493451900000011e+00 1.488133240600000073e+00 4.721778777999999788e-01 6.939655204000000355e-01 -4.416168953999999869e-01 3.169139092770000277e-01
1.403715404512143135e+09 -1.603623579399999999e+00 1.361037424200000068e+00 1.488896375900000013e+00 4.712876559999999992e-01 6.920914009999999950e-01 -4.423859529999999984e-01 3.212352822669999886e-01
1.403715404562143087e+09 -1.588714745399999906e+00 1.394594999499999988e+00 1.489044217200000020e+00 4.711443021000000231e-01 6.902955009000000253e-01 -4.431709558999999965e-01 3.242139292339999979e-01
1.403715404612143040e+09 -1.574766341699999961e+00 1.429085049900000071e+00 1.488174414299999970e+00 4.718407554999999864e-01 6.882486203000000025e-01 -4.443061932999999852e-01 3.259940869330000268e-01
1.403715404662142992e+09 -1.561420719400000046e+00 1.464971941700000002e+00 1.486946161599999927e+00 4.745744928000000251e-01 6.853980111999999902e-01 -4.468752483000000275e-01 3.245167631820000120e-01
1.403715404712143183e+09 -1.548773124600000051e+00 1.501367144300000067e+00 1.485209498299999931e+00 4.772399332999999744e-01 6.828351549000000187e-01 -4.488242367999999982e-01 3.233187309830000133e-01
1.403715404762142897e+09 -1.536653487099999937e+00 1.538420343200000096e+00 1.483454562599999971e+00 4.810339003999999918e-01 6.796019499000000019e-01 -4.513275280999999861e-01 3.210156362609999925e-01
1.403715404812143087e+09 -1.524891274600000068e+00 1.575437384300000021e+00 1.480959002799999924e+00 4.824737982000000258e-01 6.774473157000000523e-01 -4.542210610999999898e-01 3.193233409530000233e-01
1.403715404862143040e+09 -1.513017487099999947e+00 1.612306128399999983e+00 1.478054798500000100e+00 4.827250200000000047e-01 6.749149169999999476e-01 -4.578610741999999956e-01 3.191075783169999847e-01
1.403715404912142992e+09 -1.501388836600000110e+00 1.649109535900000090e+00 1.474902057099999997e+00 4.833228648999999821e-01 6.712801560000000167e-01 -4.618376974000000246e-01 3.201373169739999969e-01
1.403715404962142944e+09 -1.489930480399999979e+00 1.685578454100000068e+00 1.471588495900000071e+00 4.840063888999999731e-01 6.664078291999999681e-01 -4.669609478000000258e-01 3.218476252599999921e-01
1.403715405012143135e+09 -1.478372741899999898e+00 1.721370828600000014e+00 1.468191167799999919e+00 4.846593535000000008e-01 6.604110775000000544e-01 -4.730230594000000011e-01 3.243635384799999910e-01
1.403715405062143087e+09 -1.467163193300000001e+00 1.756309568800000109e+00 1.464738496000000056e+00 4.844395506999999990e-01 6.537105340000000098e-01 -4.805940307000000078e-01 3.271241922059999752e-01
1.403715405112143040e+09 -1.456666293899999909e+00 1.790311272500000106e+00 1.461290017300000077e+00 4.839111114999999907e-01 6.459907656000000165e-01 -4.901048315000000044e-01 3.291249322290000223e-01
1.403715405162142992e+09 -1.446632407799999909e+00 1.822771224200000040e+00 1.457374688999999890e+00 4.809246381000000237e-01 6.384941966999999607e-01 -5.007944479000000504e-01 3.320264661560000108e-01
1.403715405212143183e+09 -1.437040914600000052e+00 1.853540104599999960e+00 1.453331495300000054e+00 4.766428073000000265e-01 6.305779417000000331e-01 -5.123887202000000363e-01 3.356201618429999756e-01
1.403715405262142897e+09 -1.427680334399999973e+00 1.882807638699999897e+00 1.448942684900000000e+00 4.714336038999999978e-01 6.222508107999999982e-01 -5.243229835999999588e-01 3.400583692720000051e-01
1.403715405312143087e+09 -1.418319787900000017e+00 1.910304973499999948e+00 1.444319352900000020e+00 4.647103194000000159e-01 6.143238560999999542e-01 -5.355027047000000540e-01 3.462475590560000205e-01
1.403715405362143040e+09 -1.408920637999999892e+00 1.936263793900000030e+00 1.439649094299999987e+00 4.572952306999999994e-01 6.065393518999999678e-01 -5.463162080000000254e-01 3.528876414429999997e-01
1.403715405412142992e+09 -1.399680609700000078e+00 1.960590266399999892e+00 1.434835874500000052e+00 4.487831391000000059e-01 5.992573101000000513e-01 -5.566758953999999537e-01 3.599948858750000036e-01
1.403715405462142944e+09 -1.390462430499999957e+00 1.983740059699999891e+00 1.430109270600000038e+00 4.406370501999999911e-01 5.914448237999999636e-01 -5.674992402999999852e-01 3.660281719099999775e-01
1.403715405512143135e+09 -1.381152683600000097e+00 2.005474274200000018e+00 1.425682859799999980e+00 4.328564140000000227e-01 5.829816487000000214e-01 -5.779858011999999823e-01 3.724246712490000277e-01
1.403715405562143087e+09 -1.371784673500000107e+00 2.025991655899999966e+00 1.421386391500000013e+00 4.247804793000000134e-01 5.744501458999999866e-01 -5.880877007999999462e-01 3.791060938110000222e-01
1.403715405612143040e+09 -1.362426875699999984e+00 2.045050585999999893e+00 1.416844999200000066e+00 4.150096618999999931e-01 5.671053511000000436e-01 -5.968212608999999835e-01 3.872504147329999813e-01
1.403715405662142992e+09 -1.352788071099999989e+00 2.063194205299999862e+00 1.411935851500000005e+00 4.037271345999999816e-01 5.610041158999999888e-01 -6.050637730000000269e-01 3.951918690169999859e-01
1.403715405712143183e+09 -1.342664802600000096e+00 2.080937473700000151e+00 1.407211016700000039e+00 3.932656327999999868e-01 5.545699635999999932e-01 -6.132852649000000156e-01 4.020888973330000171e-01
1.403715405762142897e+09 -1.331888683699999909e+00 2.098247612299999787e+00 1.402709864900000047e+00 3.831915779999999772e-01 5.479133094999999454e-01 -6.210265177999999553e-01 4.090003473430000036e-01
1.403715405812143087e+09 -1.320788706100000098e+00 2.115405306300000010e+00 1.397985656599999960e+00 3.735872389000000071e-01 5.408570732999999908e-01 -6.295876847000000387e-01 4.141564299750000178e-01
1.403715405862143040e+09 -1.308765347000000023e+00 2.132278183099999946e+00 1.393360297599999909e+00 3.643219755000000060e-01 5.334590901000000329e-01 -6.377999395000000238e-01 4.194068841829999839e-01
1.403715405912142992e+09 -1.295976756399999985e+00 2.149186656299999942e+00 1.388728923199999965e+00 3.575761176999999735e-01 5.235893769999999670e-01 -6.461943264999999714e-01 4.247662613329999948e-01
1.403715405962142944e+09 -1.281929133700000056e+00 2.165783164000000038e+00 1.384077972999999906e+00 3.523154836999999873e-01 5.124058929000000484e-01 -6.535432758000000453e-01 4.315034037000000100e-01
1.403715406012143135e+09 -1.266710605000000101e+00 2.181930256599999840e+00 1.379507387599999912e+00 3.473474015999999942e-01 5.004894801000000504e-01 -6.598036033999999939e-01 4.399082492609999728e-01
1.403715406062143087e+09 -1.250933740100000024e+00 2.198083793599999947e+00 1.374460156200000061e+00 3.427340528000000219e-01 4.878316316999999902e-01 -6.665898826999999693e-01 4.474501049719999957e-01
1.403715406112143040e+09 -1.234865287399999900e+00 2.213726598700000103e+00 1.368504877999999980e+00 3.369727574999999975e-01 4.760961897000000054e-01 -6.730068877999999533e-01 4.548005142359999864e-01
1.403715406162142992e+09 -1.218716776399999979e+00 2.229312392899999828e+00 1.361627398400000022e+00 3.313302593999999934e-01 4.641268769999999932e-01 -6.799458486999999662e-01 4.609556855790000185e-01
1.403715406212143183e+09 -1.202397251300000081e+00 2.244575270099999909e+00 1.354268844399999949e+00 3.256350451999999729e-01 4.521651152999999757e-01 -6.870338000000000278e-01 4.663615373639999895e-01
1.403715406262142897e+09 -1.186251405499999967e+00 2.259583377699999840e+00 1.346174129900000072e+00 3.188258633000000120e-01 4.411246209999999945e-01 -6.939332919999999794e-01 4.713976281189999895e-01
1.403715406312143087e+09 -1.169978474199999896e+00 2.274432986199999895e+00 1.337820411100000051e+00 3.121802852000000184e-01 4.301955694999999857e-01 -7.010213998000000002e-01 4.754410989739999982e-01
1.403715406362143040e+09 -1.153975467600000027e+00 2.289264500499999855e+00 1.329045358599999949e+00 3.062501373000000027e-01 4.190075182999999925e-01 -7.090039982000000407e-01 4.774483045919999946e-01
1.403715406412142992e+09 -1.137769784899999914e+00 2.303374586499999932e+00 1.319889630700000094e+00 2.998892333000000021e-01 4.081702432000000047e-01 -7.168932626999999780e-01 4.790903361839999874e-01
1.403715406462142944e+09 -1.121292474599999922e+00 2.316786764999999804e+00 1.310572910599999918e+00 2.950195427000000259e-01 3.962970787000000272e-01 -7.250698916000000160e-01 4.797767679730000068e-01
1.403715406512143135e+09 -1.104931548299999955e+00 2.329481004199999816e+00 1.300809606699999899e+00 2.886158743000000193e-01 3.856416699999999920e-01 -7.324337495999999614e-01 4.811675196099999829e-01
1.403715406562143087e+09 -1.088545356600000069e+00 2.341400542500000181e+00 1.290683412699999977e+00 2.826396688000000212e-01 3.746469678000000081e-01 -7.394986889000000341e-01 4.825931581360000111e-01
1.403715406612143040e+09 -1.072389995700000043e+00 2.352172685199999780e+00 1.280569931200000067e+00 2.766596555999999985e-01 3.638185109000000028e-01 -7.455675476999999995e-01 4.849995441359999937e-01
1.403715406662142992e+09 -1.056349695300000002e+00 2.361628420999999811e+00 1.270754464099999925e+00 2.704656756000000106e-01 3.532623294000000191e-01 -7.509215031999999512e-01 4.880276027239999759e-01
1.403715406712143183e+09 -1.040322651899999951e+00 2.369565149500000079e+00 1.260653736499999900e+00 2.641921695000000181e-01 3.430336406999999754e-01 -7.557333171000000238e-01 4.913222693300000055e-01
1.403715406762142897e+09 -1.024270579099999967e+00 2.375904221799999938e+00 1.250057557100000105e+00 2.566627749000000014e-01 3.333937173000000032e-01 -7.595249304000000201e-01 4.960793579400000208e-01
1.403715406812143087e+09 -1.008513337799999965e+00 2.381125024500000187e+00 1.239647420699999891e+00 2.492798840000000071e-01 3.234802351000000131e-01 -7.631111820000000545e-01 5.008806254190000251e-01
1.403715406862143040e+09 -9.928785486000000216e-01 2.385170518999999878e+00 1.229556389100000091e+00 2.413356466999999894e-01 3.138602094999999870e-01 -7.665923715000000360e-01 5.055541617550000089e-01
1.403715406912142992e+09 -9.773135251000000245e-01 2.388364992800000142e+00 1.219844828400000081e+00 2.331979811999999874e-01 3.045184027000000238e-01 -7.701895287000000145e-01 5.096031141010000098e-01
1.403715406962142944e+09 -9.618405784000000347e-01 2.390673004900000009e+00 1.210825361499999975e+00 2.250823842000000130e-01 2.950147887999999829e-01 -7.733783933000000221e-01 5.139942173189999686e-01
1.403715407012143135e+09 -9.463219124999999732e-01 2.392315416499999792e+00 1.202355981700000020e+00 2.175953230000000072e-01 2.854681983999999839e-01 -7.771514883000000262e-01 5.169098058350000136e-01
1.403715407062143087e+09 -9.305398355999999760e-01 2.392928032099999935e+00 1.194407522000000110e+00 2.107409191999999876e-01 2.755154249000000277e-01 -7.814407266999999768e-01 5.186809291559999480e-01
1.403715407112143040e+09 -9.150855397999999585e-01 2.392758810800000191e+00 1.186409921100000098e+00 2.036744771000000009e-01 2.658250946999999864e-01 -7.859345829999999644e-01 5.197697159090000074e-01
1.403715407162142992e+09 -8.998023799000000045e-01 2.392075009200000046e+00 1.178311998699999918e+00 1.967276524999999887e-01 2.569916154999999924e-01 -7.906320196999999661e-01 5.197639365030000125e-01
1.403715407212143183e+09 -8.847427588999999815e-01 2.391100471200000133e+00 1.170386237300000021e+00 1.895180875999999959e-01 2.503653854999999817e-01 -7.959330884999999967e-01 5.175814785400000284e-01
1.403715407262142897e+09 -8.692874015999999537e-01 2.389043418700000032e+00 1.163148292600000078e+00 1.831747049999999932e-01 2.448806914999999973e-01 -8.010783922999999973e-01 5.145424022519999863e-01
1.403715407312143087e+09 -8.534088132999999576e-01 2.386034007700000181e+00 1.155916316099999896e+00 1.765868308999999914e-01 2.416016923000000038e-01 -8.056182022000000220e-01 5.112973945890000316e-01
1.403715407362143040e+09 -8.365478392999999846e-01 2.381423400600000129e+00 1.150064320700000087e+00 1.717240217000000069e-01 2.385273509999999986e-01 -8.088389203000000416e-01 5.093085157379999561e-01
1.403715407412142992e+09 -8.186419354999999731e-01 2.374808043999999896e+00 1.145046143200000088e+00 1.680043461999999876e-01 2.361396176999999985e-01 -8.105581638000000089e-01 5.089283679539999827e-01
1.403715407462142944e+09 -7.994624748999999975e-01 2.366258210099999815e+00 1.141183537000000081e+00 1.661907586999999964e-01 2.336098669999999988e-01 -8.105006265999999959e-01 5.107795963329999633e-01
1.403715407512143135e+09 -7.795729840999999771e-01 2.355744079199999952e+00 1.137996147399999991e+00 1.637497159000000091e-01 2.322772285999999964e-01 -8.101447184000000190e-01 5.127366330870000155e-01
1.403715407562143087e+09 -7.584754719999999839e-01 2.343830064300000071e+00 1.135608618700000072e+00 1.635709382999999961e-01 2.301025063000000093e-01 -8.094574885999999969e-01 5.148552795140000082e-01
1.403715407612143040e+09 -7.366839927999999649e-01 2.330627695800000065e+00 1.134084351000000046e+00 1.626712466999999940e-01 2.292095818999999868e-01 -8.079071061999999470e-01 5.179644204709999977e-01
1.403715407662142992e+09 -7.142272659999999718e-01 2.316167361799999824e+00 1.133506256500000031e+00 1.605134501999999908e-01 2.299617666000000060e-01 -8.055344356000000428e-01 5.219839951410000234e-01
1.403715407712143183e+09 -6.909824491999999596e-01 2.300787358400000038e+00 1.133704278199999971e+00 1.572702608999999863e-01 2.324489760000000016e-01 -8.017317869000000208e-01 5.276927899279999501e-01
1.403715407762142897e+09 -6.666819202999999527e-01 2.284803054999999805e+00 1.134827995900000053e+00 1.546384457999999962e-01 2.350371913000000035e-01 -7.985686494999999496e-01 5.321020408009999869e-01
1.403715407812143087e+09 -6.415585724000000267e-01 2.268589033600000082e+00 1.136206051400000083e+00 1.529512685999999955e-01 2.373387871000000038e-01 -7.964776831000000001e-01 5.346957170330000064e-01
1.403715407862143040e+09 -6.155146784999999676e-01 2.252333460400000043e+00 1.137447824499999927e+00 1.521148347000000067e-01 2.389944266000000039e-01 -7.946952176999999562e-01 5.368447188349999566e-01
1.403715407912142992e+09 -5.880858288000000433e-01 2.236199696199999920e+00 1.139054981099999919e+00 1.542449156000000043e-01 2.386215547999999964e-01 -7.938254661000000434e-01 5.376889332230000429e-01
1.403715407962142944e+09 -5.599619700000000311e-01 2.220103802100000134e+00 1.141876048799999932e+00 1.553035966000000101e-01 2.389282443999999894e-01 -7.935791304999999518e-01 5.376116167819999792e-01
1.403715408012143135e+09 -5.308233454999999879e-01 2.203931170300000186e+00 1.147300898099999911e+00 1.588218835999999912e-01 2.369586167000000132e-01 -7.931801494000000341e-01 5.380441188569999866e-01
1.403715408062143087e+09 -5.014536586000000185e-01 2.188028704899999788e+00 1.154844138999999936e+00 1.605376709000000124e-01 2.364259395999999958e-01 -7.933452827000000429e-01 5.375255284519999677e-01
1.403715408112143040e+09 -4.715837402999999983e-01 2.172159804900000157e+00 1.165907444199999921e+00 1.627954845000000039e-01 2.354709610000000064e-01 -7.930860545000000261e-01 5.376481813240000518e-01
1.403715408162142992e+09 -4.414604509000000232e-01 2.155912519000000138e+00 1.180447855499999976e+00 1.651796152999999989e-01 2.347683492000000038e-01 -7.927289060000000109e-01 5.377549614450000126e-01
1.403715408212143183e+09 -4.110669100000000076e-01 2.139336966700000175e+00 1.197787811199999997e+00 1.675997868000000113e-01 2.339732882999999986e-01 -7.919767505999999457e-01 5.384604333639999574e-01
1.403715408262142897e+09 -3.806408944999999933e-01 2.122435071399999984e+00 1.215581038100000066e+00 1.687011233000000054e-01 2.339344825000000128e-01 -7.915339016000000338e-01 5.387844387869999974e-01
1.403715408312143087e+09 -3.501048495999999899e-01 2.105540026899999972e+00 1.232668553299999914e+00 1.704019743000000087e-01 2.335222160000000047e-01 -7.914276362000000065e-01 5.385841053500000086e-01
1.403715408362143040e+09 -3.192449210000000148e-01 2.088356145200000125e+00 1.247777077500000109e+00 1.717680617000000021e-01 2.331952012999999879e-01 -7.908410609999999563e-01 5.391531761410000012e-01
1.403715408412142992e+09 -2.879986915000000147e-01 2.070996943699999981e+00 1.260313770100000008e+00 1.742583944999999968e-01 2.332101581000000090e-01 -7.890769122999999885e-01 5.409294414290000130e-01
1.403715408462142944e+09 -2.567970035000000095e-01 2.054032479700000025e+00 1.269172947699999998e+00 1.767623812000000127e-01 2.346137046000000004e-01 -7.863184641999999558e-01 5.435206923249999988e-01
1.403715408512143135e+09 -2.255866783999999903e-01 2.037486603800000129e+00 1.274707389300000049e+00 1.814456513999999909e-01 2.366441625000000049e-01 -7.825739322000000442e-01 5.464934186100000035e-01
1.403715408562143087e+09 -1.947341740000000099e-01 2.021617432599999820e+00 1.276381188900000074e+00 1.857446969000000059e-01 2.407451881999999876e-01 -7.785839816999999830e-01 5.489514052309999448e-01
1.403715408612143040e+09 -1.640507901000000102e-01 2.006292912400000183e+00 1.275300415400000054e+00 1.918131053999999891e-01 2.451267607000000015e-01 -7.735827897000000508e-01 5.519875643910000518e-01
1.403715408662142992e+09 -1.340263023000000109e-01 1.991639789699999996e+00 1.271984087699999932e+00 1.965326903999999875e-01 2.521528006000000044e-01 -7.680629906000000506e-01 5.548631445899999681e-01
1.403715408712143183e+09 -1.049708062999999969e-01 1.978333187100000057e+00 1.268300995900000006e+00 2.028141240000000123e-01 2.595073943999999799e-01 -7.628808012000000138e-01 5.563589008299999472e-01
1.403715408762142897e+09 -7.699970579999999842e-02 1.966474719999999898e+00 1.264701347399999953e+00 2.101673350000000107e-01 2.676409714999999911e-01 -7.581481892000000444e-01 5.562457414060000271e-01
1.403715408812143087e+09 -5.004409800000000214e-02 1.955682704900000068e+00 1.261725902300000035e+00 2.173937971000000080e-01 2.770742858999999947e-01 -7.531808385999999578e-01 5.555973375549999593e-01
1.403715408862143040e+09 -2.395774939999999881e-02 1.946347244500000073e+00 1.259371784500000091e+00 2.254826943000000083e-01 2.868899182999999908e-01 -7.490347993000000537e-01 5.529905955489999858e-01
1.403715408912142992e+09 8.748077000000000370e-04 1.938251310300000085e+00 1.257826301899999999e+00 2.338488965999999947e-01 2.974314734999999876e-01 -7.446243997000000503e-01 5.498942766279999450e-01
1.403715408962142944e+09 2.470515090000000025e-02 1.931627397400000001e+00 1.256822842000000051e+00 2.417313030000000085e-01 3.088840821000000125e-01 -7.399664986999999750e-01 5.464486999900000086e-01
1.403715409012143135e+09 4.735218239999999801e-02 1.926031985200000074e+00 1.256790525500000033e+00 2.507677504999999973e-01 3.200376645999999936e-01 -7.346627440999999870e-01 5.431041161830000297e-01
1.403715409062143087e+09 6.863691469999999573e-02 1.921660004000000033e+00 1.257580906100000062e+00 2.590929987999999740e-01 3.318039167999999872e-01 -7.295125093000000005e-01 5.390625915669999824e-01
1.403715409112143040e+09 8.851277879999999709e-02 1.918390824400000083e+00 1.260071554400000071e+00 2.690210208000000103e-01 3.421588206000000243e-01 -7.246850379999999481e-01 5.342158996750000499e-01
1.403715409162142992e+09 1.067315320000000040e-01 1.915625512100000094e+00 1.263096218799999892e+00 2.790177623000000273e-01 3.507853324999999911e-01 -7.205450959000000433e-01 5.290685244349999650e-01
1.403715409212143183e+09 1.232636966999999945e-01 1.913229162799999994e+00 1.266749412500000060e+00 2.868950927000000206e-01 3.591542481000000175e-01 -7.173015638999999943e-01 5.236199941239999545e-01
1.403715409262142897e+09 1.382895892999999876e-01 1.911047466799999928e+00 1.271067721499999914e+00 2.925401038000000065e-01 3.665455568000000053e-01 -7.154486965999999892e-01 5.178781758249999534e-01
1.403715409312143087e+09 1.520842032999999982e-01 1.908984858499999993e+00 1.276732687099999985e+00 2.980294303000000089e-01 3.723000939000000176e-01 -7.135644648000000201e-01 5.132220311780000266e-01
1.403715409362143040e+09 1.646129923999999911e-01 1.906729222000000057e+00 1.283282203700000013e+00 3.021227592999999878e-01 3.772696763999999758e-01 -7.114857157999999737e-01 5.100759804719999790e-01
1.403715409412142992e+09 1.756161136999999928e-01 1.904139493099999969e+00 1.290555158799999935e+00 3.046418558999999804e-01 3.814997882999999756e-01 -7.093738765999999529e-01 5.083698991649999721e-01
1.403715409462142944e+09 1.851823529000000135e-01 1.901374798600000027e+00 1.298534248099999955e+00 3.055660372999999819e-01 3.854828076999999853e-01 -7.068061590999999977e-01 5.083871116320000105e-01
1.403715409512143135e+09 1.936027573000000113e-01 1.898512422700000091e+00 1.307287791300000057e+00 3.047291469999999780e-01 3.891143994999999856e-01 -7.038867205000000071e-01 5.101701831389999775e-01
1.403715409562143087e+09 2.006736726999999998e-01 1.895497339500000100e+00 1.315992485900000064e+00 3.007756979000000275e-01 3.922533295999999781e-01 -7.029803391000000179e-01 5.113608781609999543e-01
1.403715409612143040e+09 2.069576729000000004e-01 1.892986638900000074e+00 1.325118372199999950e+00 2.979796574999999947e-01 3.926633218000000203e-01 -7.054710842000000426e-01 5.092486513060000552e-01
1.403715409662142992e+09 2.126145013999999889e-01 1.891122640400000110e+00 1.334648985000000065e+00 2.955473496000000089e-01 3.924918820000000141e-01 -7.084060017000000098e-01 5.067176961049999484e-01
1.403715409712143183e+09 2.176219722999999939e-01 1.889484181100000049e+00 1.344260511499999922e+00 2.927823527000000259e-01 3.922199229000000176e-01 -7.124980109999999867e-01 5.027808771499999718e-01
1.403715409762142897e+09 2.221825242999999894e-01 1.887879213800000011e+00 1.354115074599999913e+00 2.893347567999999814e-01 3.919870051000000077e-01 -7.167620926000000114e-01 4.988824400740000109e-01
1.403715409812143087e+09 2.268216497999999970e-01 1.886205291900000081e+00 1.364229835599999996e+00 2.856621125000000094e-01 3.917924254999999856e-01 -7.210268613000000437e-01 4.949910281950000157e-01
1.403715409862143040e+09 2.316667300999999957e-01 1.884431500999999898e+00 1.374992166600000010e+00 2.819920316999999788e-01 3.910814945000000153e-01 -7.248455782999999597e-01 4.920717899179999910e-01
1.403715409912142992e+09 2.369696182000000095e-01 1.882551735999999920e+00 1.385646685500000030e+00 2.783161675999999973e-01 3.901900414999999733e-01 -7.295318466000000335e-01 4.879294284949999838e-01
1.403715409962142944e+09 2.430024605999999976e-01 1.880179381800000105e+00 1.396318604900000038e+00 2.744888783000000165e-01 3.897016383999999944e-01 -7.331329470999999876e-01 4.850820245720000035e-01
1.403715410012143135e+09 2.500526229999999739e-01 1.877210251499999982e+00 1.407244661600000057e+00 2.718894696999999971e-01 3.881933638999999769e-01 -7.363772348999999551e-01 4.828359932919999986e-01
1.403715410062143087e+09 2.583681938999999872e-01 1.873516520499999949e+00 1.418509573799999979e+00 2.701421250000000107e-01 3.865025252000000022e-01 -7.381356684000000001e-01 4.824880985930000143e-01
1.403715410112143040e+09 2.681548503999999777e-01 1.868764727200000086e+00 1.430263709599999933e+00 2.694150879000000165e-01 3.841501835999999726e-01 -7.379509637000000177e-01 4.850489893830000065e-01
1.403715410162142992e+09 2.789932576999999969e-01 1.863146122899999924e+00 1.441621517500000005e+00 2.693496602000000073e-01 3.819413385000000050e-01 -7.359519369999999450e-01 4.898431595550000184e-01
1.403715410212143183e+09 2.904734989000000156e-01 1.857159429099999981e+00 1.450823496199999951e+00 2.703482088999999977e-01 3.793615423999999736e-01 -7.341286749000000000e-01 4.940159458439999929e-01
1.403715410262142897e+09 3.024472035999999919e-01 1.851099631200000095e+00 1.456701787399999892e+00 2.712612531999999965e-01 3.770375955999999973e-01 -7.322198154000000292e-01 4.981105560090000051e-01
1.403715410312143087e+09 3.149752714999999870e-01 1.845059226600000102e+00 1.459159920899999907e+00 2.717817889999999958e-01 3.753148230000000196e-01 -7.305742819999999638e-01 5.015323133069999884e-01
1.403715410362143040e+09 3.277874628999999929e-01 1.839495321400000050e+00 1.458651364400000094e+00 2.722690828000000063e-01 3.742166183999999785e-01 -7.292332657000000218e-01 5.040340397610000300e-01
1.403715410412142992e+09 3.410026686000000029e-01 1.834003946199999957e+00 1.456568090800000048e+00 2.715578801999999903e-01 3.741617253999999781e-01 -7.282328160000000050e-01 5.059014593930000192e-01
1.403715410462142944e+09 3.539894091999999937e-01 1.828803865200000045e+00 1.453469131799999925e+00 2.698727049999999905e-01 3.752074508000000086e-01 -7.273744054999999875e-01 5.072618320039999906e-01
1.403715410512143135e+09 3.668917179999999778e-01 1.823885111999999920e+00 1.450143480799999995e+00 2.669178739999999994e-01 3.773645669999999841e-01 -7.262924806999999650e-01 5.087730973940000068e-01
1.403715410562143087e+09 3.802281357999999778e-01 1.819481535800000049e+00 1.447356986399999990e+00 2.647798336000000141e-01 3.792008700999999760e-01 -7.247845572000000125e-01 5.106717982580000204e-01
1.403715410612143040e+09 3.941972599999999938e-01 1.815921383000000056e+00 1.444412783400000011e+00 2.636979331000000037e-01 3.808942215000000187e-01 -7.241464865000000195e-01 5.108765587000000385e-01
1.403715410662142992e+09 4.087628764999999831e-01 1.812976519100000017e+00 1.441770130999999955e+00 2.635922470000000017e-01 3.819270319999999996e-01 -7.231870644000000237e-01 5.115186598840000265e-01
1.403715410712143183e+09 4.238131131999999801e-01 1.810761988199999895e+00 1.439348208299999987e+00 2.652909681000000242e-01 3.818588613000000187e-01 -7.227260844999999767e-01 5.113428585429999895e-01
1.403715410762142897e+09 4.393151544000000186e-01 1.808910118500000053e+00 1.437722748599999933e+00 2.686960982000000109e-01 3.808994777999999970e-01 -7.205002735000000103e-01 5.134173258849999977e-01
1.403715410812143087e+09 4.550400191999999788e-01 1.807702183900000037e+00 1.436887249099999986e+00 2.743134054999999960e-01 3.783604482999999852e-01 -7.170477548999999451e-01 5.171441229369999615e-01
1.403715410862143040e+09 4.702235593999999907e-01 1.807138842799999923e+00 1.435604048999999938e+00 2.781559925000000044e-01 3.773971490999999956e-01 -7.131800342999999875e-01 5.211284624409999733e-01
1.403715410912142992e+09 4.846270503999999812e-01 1.807767937299999961e+00 1.433793425800000021e+00 2.827600053000000058e-01 3.762447925999999887e-01 -7.110926073000000125e-01 5.223350833469999621e-01
1.403715410962142944e+09 4.979211664000000037e-01 1.809417243499999994e+00 1.430828934900000071e+00 2.837862583999999910e-01 3.777119042000000038e-01 -7.103010415999999605e-01 5.217964231549999665e-01
1.403715411012143135e+09 5.103510538000000096e-01 1.812416319900000072e+00 1.427214966900000048e+00 2.851969149999999953e-01 3.794367143999999858e-01 -7.114846862999999466e-01 5.181505963860000286e-01
1.403715411062143087e+09 5.217910335000000011e-01 1.816329370600000104e+00 1.423235922799999997e+00 2.861647039999999920e-01 3.814746166999999910e-01 -7.127816241000000108e-01 5.143240568000000401e-01
1.403715411112143040e+09 5.325733954000000381e-01 1.820787914899999915e+00 1.419212922700000101e+00 2.865939437999999728e-01 3.838776685999999994e-01 -7.142631108000000451e-01 5.102254948190000361e-01
1.403715411162142992e+09 5.433079952999999573e-01 1.825589559099999981e+00 1.415698696099999987e+00 2.885387247999999794e-01 3.849725781000000180e-01 -7.158310520999999760e-01 5.060903311140000360e-01
1.403715411212143183e+09 5.536737900999999518e-01 1.830392343600000027e+00 1.413072372900000095e+00 2.917890029999999912e-01 3.846806368999999837e-01 -7.172629324000000528e-01 5.024080722810000399e-01
1.403715411262142897e+09 5.636522992000000398e-01 1.835174886499999936e+00 1.410897934100000084e+00 2.948347277999999738e-01 3.845318168999999897e-01 -7.180186942999999822e-01 4.996568019450000064e-01
1.403715411312143087e+09 5.730153287000000484e-01 1.839691185700000009e+00 1.409069796500000082e+00 2.982124125000000237e-01 3.836907737999999957e-01 -7.176202901999999550e-01 4.988705906420000113e-01
1.403715411362143040e+09 5.817954389999999698e-01 1.844007511200000060e+00 1.407444620599999974e+00 3.019281686999999992e-01 3.824799528999999754e-01 -7.160489060000000405e-01 4.998223992229999801e-01
1.403715411412142992e+09 5.898022660999999722e-01 1.847965842600000075e+00 1.405722395199999974e+00 3.063702192000000157e-01 3.806304542000000235e-01 -7.141046370000000421e-01 5.013105957950000358e-01
1.403715411462142944e+09 5.969898417000000235e-01 1.851523454999999929e+00 1.403847038599999930e+00 3.104871750000000041e-01 3.788747017999999911e-01 -7.117083467999999469e-01 5.035105793949999908e-01
1.403715411512143135e+09 6.027178975000000438e-01 1.854826958999999942e+00 1.401288865399999972e+00 3.118771224999999925e-01 3.790688170000000023e-01 -7.098306268999999835e-01 5.051534157839999706e-01
1.403715411562143087e+09 6.069430029000000282e-01 1.858156536200000097e+00 1.397956888900000028e+00 3.110058371000000155e-01 3.811668780999999950e-01 -7.094836879000000485e-01 5.045989267870000239e-01
1.403715411612143040e+09 6.098651269000000541e-01 1.861302603099999953e+00 1.394650360600000027e+00 3.089429712000000272e-01 3.838422107000000194e-01 -7.096093213999999927e-01 5.036606087920000308e-01
1.403715411662142992e+09 6.117879487999999810e-01 1.864385670499999925e+00 1.391405937400000070e+00 3.065409344999999730e-01 3.868552704000000064e-01 -7.101537253999999910e-01 5.020531261989999994e-01
1.403715411712143183e+09 6.129774648000000381e-01 1.867279548299999981e+00 1.388548597800000062e+00 3.048999954000000123e-01 3.891795771000000070e-01 -7.103000280000000277e-01 5.010480214710000268e-01
1.403715411762142897e+09 6.135868542000000314e-01 1.870033236100000051e+00 1.385811958999999982e+00 3.034449517000000207e-01 3.913365380000000116e-01 -7.102615856999999755e-01 5.003052619190000438e-01
1.403715411812143087e+09 6.135216087999999512e-01 1.872729785500000022e+00 1.382961432599999929e+00 3.027819365000000151e-01 3.925772611000000190e-01 -7.096120915000000418e-01 5.006564416309999821e-01
1.403715411862143040e+09 6.127982713999999831e-01 1.875812870499999896e+00 1.379528308999999897e+00 3.023676115000000220e-01 3.937071375000000262e-01 -7.095784937000000347e-01 5.000668741629999969e-01
1.403715411912142992e+09 6.115027472999999825e-01 1.879004199399999964e+00 1.376352699699999960e+00 3.024717263999999739e-01 3.941527886999999786e-01 -7.094093525000000344e-01 4.998927930159999811e-01
1.403715411962142944e+09 6.095972743999999999e-01 1.882394205700000045e+00 1.373497002699999969e+00 3.034086188999999822e-01 3.940014735999999851e-01 -7.095353792999999909e-01 4.992650542489999732e-01
1.403715412012143135e+09 6.073088198999999632e-01 1.885699709200000074e+00 1.370578484099999939e+00 3.036727712999999773e-01 3.941358456999999871e-01 -7.097511094999999770e-01 4.986914333910000274e-01
1.403715412062143087e+09 6.046000114999999786e-01 1.888996571000000069e+00 1.367573293700000026e+00 3.038725196000000017e-01 3.940898103000000097e-01 -7.102589024000000029e-01 4.978825210819999847e-01
1.403715412112143040e+09 6.013911384000000249e-01 1.892355079899999959e+00 1.364936868100000034e+00 3.040073534000000133e-01 3.940221616999999843e-01 -7.105803462999999986e-01 4.973948497869999930e-01
1.403715412162142992e+09 5.976983525000000297e-01 1.895598997600000057e+00 1.362115516000000026e+00 3.026398421000000005e-01 3.947703589000000068e-01 -7.114302070000000366e-01 4.964197319470000092e-01
1.403715412212143183e+09 5.937722941999999948e-01 1.899028627100000088e+00 1.359294279100000002e+00 3.018765093999999927e-01 3.952718118999999919e-01 -7.120416321000000437e-01 4.956081939490000199e-01
1.403715412262142897e+09 5.895470618000000496e-01 1.902446430299999935e+00 1.356229778699999944e+00 3.009732310000000077e-01 3.957556233000000256e-01 -7.123558639999999498e-01 4.953198198209999847e-01
1.403715412312143087e+09 5.849795262000000440e-01 1.905855103699999997e+00 1.353086952900000028e+00 3.002867207000000094e-01 3.961017408999999989e-01 -7.127660899000000105e-01 4.948694749549999994e-01
1.403715412362143040e+09 5.803041485000000055e-01 1.909147450599999907e+00 1.350062426999999898e+00 2.997072573999999823e-01 3.962030053000000218e-01 -7.133771740000000028e-01 4.942587844970000033e-01
1.403715412412142992e+09 5.754436269999999576e-01 1.912523597799999919e+00 1.347192742999999915e+00 2.993291096999999845e-01 3.962304043000000053e-01 -7.139312949999999658e-01 4.936655313380000076e-01
1.403715412462142944e+09 5.703798506999999685e-01 1.916020056500000068e+00 1.344462016100000046e+00 2.988967444999999779e-01 3.962379831000000241e-01 -7.151832039000000085e-01 4.921068803509999756e-01
1.403715412512143135e+09 5.651857154999999633e-01 1.919502547500000045e+00 1.341827390800000019e+00 2.981737877999999786e-01 3.965087847000000054e-01 -7.161758495000000169e-01 4.908821941900000096e-01
1.403715412562143087e+09 5.601269322999999911e-01 1.922837389399999930e+00 1.339079011799999996e+00 2.975888991999999789e-01 3.968034025000000131e-01 -7.170969238000000079e-01 4.896528451520000269e-01
1.403715412612143040e+09 5.552888996999999494e-01 1.925958454699999933e+00 1.336592511899999947e+00 2.962848573999999902e-01 3.975068798999999986e-01 -7.173895819000000174e-01 4.894443292910000132e-01
1.403715412662142992e+09 5.508612001999999563e-01 1.928911317300000094e+00 1.334444156200000009e+00 2.957638362000000187e-01 3.978877424000000218e-01 -7.177128389000000386e-01 4.889758466149999871e-01
1.403715412712143183e+09 5.464020062000000122e-01 1.931635814400000095e+00 1.332334708799999934e+00 2.942986686999999879e-01 3.989975128000000093e-01 -7.184371768999999741e-01 4.878906652100000185e-01
1.403715412762142897e+09 5.423947331999999788e-01 1.934028607799999966e+00 1.330876566299999952e+00 2.933781159000000138e-01 3.995489676999999795e-01 -7.188200027000000158e-01 4.874296946409999998e-01
1.403715412812143087e+09 5.385619216000000486e-01 1.936420063899999988e+00 1.329542045700000008e+00 2.925182124999999855e-01 4.000365361000000064e-01 -7.192747478000000028e-01 4.868754485260000098e-01
1.403715412862143040e+09 5.351625106999999826e-01 1.938643265699999896e+00 1.328576077099999919e+00 2.919977576000000186e-01 4.004976379999999891e-01 -7.196071549000000456e-01 4.863172772330000004e-01
1.403715412912142992e+09 5.323573315999999833e-01 1.940608957600000073e+00 1.327959749899999986e+00 2.915174204000000047e-01 4.006636734999999838e-01 -7.196148971000000394e-01 4.864572070090000255e-01
1.403715412962142944e+09 5.301462769000000463e-01 1.942324385899999895e+00 1.327817203499999987e+00 2.917112566999999768e-01 4.001537278000000253e-01 -7.192977153999999818e-01 4.872292412120000082e-01
1.403715413012143135e+09 5.283720925999999540e-01 1.943880036499999964e+00 1.327205129099999992e+00 2.921639684999999820e-01 3.994643554999999790e-01 -7.181871746000000334e-01 4.891580792090000074e-01
1.403715413062143087e+09 5.268164847999999845e-01 1.945557442299999940e+00 1.324015485000000103e+00 2.919195685000000040e-01 3.991577733000000183e-01 -7.173253190999999696e-01 4.908160797480000115e-01
1.403715413112143040e+09 5.256603842000000526e-01 1.947368093799999977e+00 1.318346760699999898e+00 2.919806970000000113e-01 3.988963604999999912e-01 -7.165672356000000187e-01 4.920979201590000018e-01
1.403715413162142992e+09 5.249157317000000544e-01 1.949278088400000053e+00 1.310620421499999910e+00 2.924351484000000112e-01 3.982737662999999984e-01 -7.158991289999999674e-01 4.933032821560000003e-01
1.403715413212143183e+09 5.242662174000000119e-01 1.951305688499999968e+00 1.300172817800000047e+00 2.923810606999999728e-01 3.982189899999999949e-01 -7.151274146999999637e-01 4.944974540970000221e-01
1.403715413262142897e+09 5.236180498000000405e-01 1.953679431300000102e+00 1.287564063100000045e+00 2.932957214999999951e-01 3.974924572999999905e-01 -7.148289478999999558e-01 4.949716571030000067e-01
1.403715413312143087e+09 5.229380677999999616e-01 1.956422800499999948e+00 1.272881273599999918e+00 2.956233151000000059e-01 3.956016372999999753e-01 -7.152085452999999982e-01 4.945532699560000189e-01
1.403715413362143040e+09 5.222392451999999796e-01 1.959432961899999937e+00 1.257115256300000095e+00 2.990344018000000159e-01 3.931718946000000159e-01 -7.158275014999999630e-01 4.935435907019999902e-01
1.403715413412142992e+09 5.214231668000000042e-01 1.962188871399999979e+00 1.241779082000000090e+00 3.020550154000000154e-01 3.908604602999999900e-01 -7.165594305000000386e-01 4.924768530490000185e-01
1.403715413462142944e+09 5.203573450999999794e-01 1.964635214999999935e+00 1.227389278700000030e+00 3.044912712000000243e-01 3.889976103000000185e-01 -7.172671952000000406e-01 4.914200806130000210e-01
1.403715413512143135e+09 5.188069051999999459e-01 1.966528406399999929e+00 1.214111418799999953e+00 3.059270323000000125e-01 3.879964756000000015e-01 -7.174039316000000444e-01 4.911201326469999962e-01
1.403715413562143087e+09 5.166493930000000123e-01 1.967755109600000107e+00 1.202000350000000051e+00 3.054709092999999820e-01 3.881750446000000188e-01 -7.172511008999999937e-01 4.914860288239999986e-01
1.403715413612143040e+09 5.138469757000000415e-01 1.968444704499999975e+00 1.191293527300000044e+00 3.043283370000000043e-01 3.886790615999999865e-01 -7.166212775000000423e-01 4.927137048460000224e-01
1.403715413662142992e+09 5.105668705000000474e-01 1.968462640100000050e+00 1.181912386300000062e+00 3.028368965000000079e-01 3.896057887000000108e-01 -7.154243869999999950e-01 4.946363210470000049e-01
1.403715413712143183e+09 5.068645013999999449e-01 1.968293862399999927e+00 1.173436831500000110e+00 3.008119591000000259e-01 3.909187935999999808e-01 -7.140069166000000411e-01 4.968790447659999776e-01
1.403715413762142897e+09 5.028913929999999644e-01 1.968195890799999903e+00 1.164466069099999945e+00 2.985719047000000015e-01 3.922028428000000067e-01 -7.135592943999999882e-01 4.978603029320000095e-01
1.403715413812143087e+09 4.986465741000000174e-01 1.968296781400000084e+00 1.154024551200000026e+00 2.969266788000000101e-01 3.932082762999999925e-01 -7.136557852999999563e-01 4.979128629239999992e-01
1.403715413862143040e+09 4.945103118999999992e-01 1.968592234900000015e+00 1.142264238999999959e+00 2.952808914000000229e-01 3.941554483999999969e-01 -7.138164194999999657e-01 4.979124390829999802e-01
1.403715413912142992e+09 4.904572063000000037e-01 1.969075555599999916e+00 1.129775975200000060e+00 2.946861491000000166e-01 3.945389617000000237e-01 -7.132913063000000387e-01 4.987129370949999752e-01
1.403715413962142944e+09 4.862172149999999804e-01 1.969839118899999963e+00 1.116951847599999992e+00 2.937964665999999725e-01 3.953350972999999935e-01 -7.121514496999999944e-01 5.002340549660000413e-01
1.403715414012143135e+09 4.816715163999999993e-01 1.971134742700000109e+00 1.105812847199999949e+00 2.930746967999999786e-01 3.956933465999999955e-01 -7.119052610999999642e-01 5.007243721440000073e-01
1.403715414062143087e+09 4.768775980000000136e-01 1.973285435800000043e+00 1.097600712600000028e+00 2.929297688999999982e-01 3.959033084999999952e-01 -7.123438300000000112e-01 5.000189883179999573e-01
1.403715414112143040e+09 4.718420376999999943e-01 1.976009412400000054e+00 1.092204240500000090e+00 2.915780394999999969e-01 3.967031475000000196e-01 -7.135815352000000056e-01 4.984077168209999908e-01
1.403715414162142992e+09 4.667447630000000069e-01 1.979366678000000102e+00 1.089778640300000045e+00 2.899221470000000189e-01 3.977857416000000201e-01 -7.159855326999999825e-01 4.950518855630000048e-01
1.403715414212143183e+09 4.618644489000000020e-01 1.983117654399999985e+00 1.089544834800000084e+00 2.872064296999999877e-01 3.993134267999999820e-01 -7.194122345000000252e-01 4.904154267770000075e-01
1.403715414262142897e+09 4.577329017000000277e-01 1.987247987499999979e+00 1.092036523800000047e+00 2.848895095000000266e-01 4.007610454000000155e-01 -7.223112204999999619e-01 4.863075699280000053e-01
1.403715414312143087e+09 4.547168624999999853e-01 1.991220697299999953e+00 1.096083010100000088e+00 2.825222776999999907e-01 4.021663147000000271e-01 -7.251849009999999929e-01 4.822346703250000033e-01
1.403715414362143040e+09 4.530158660999999976e-01 1.994681907099999929e+00 1.100276117599999992e+00 2.798088096999999941e-01 4.037495939999999894e-01 -7.269347321000000361e-01 4.798533010380000019e-01
1.403715414412142992e+09 4.528224827999999813e-01 1.997763151200000031e+00 1.104221858600000106e+00 2.786297388000000264e-01 4.044900508000000006e-01 -7.271247623000000049e-01 4.796278218369999791e-01
1.403715414462142944e+09 4.540385377000000222e-01 2.000595840599999953e+00 1.106794890099999984e+00 2.783062728999999846e-01 4.046157517999999786e-01 -7.266101338999999548e-01 4.804887356609999771e-01
1.403715414512143135e+09 4.566343986999999993e-01 2.003385786299999971e+00 1.107938400999999962e+00 2.784365014999999888e-01 4.044051455000000073e-01 -7.254088710999999634e-01 4.824018683869999990e-01
1.403715414562143087e+09 4.605147715999999836e-01 2.006188092799999989e+00 1.107273096599999951e+00 2.796810135000000197e-01 4.034112126000000131e-01 -7.233536101999999968e-01 4.855898257760000170e-01
1.403715414612143040e+09 4.654727620999999926e-01 2.009200915900000162e+00 1.104985022199999944e+00 2.810276902000000132e-01 4.023279786000000247e-01 -7.208982870000000265e-01 4.893478260240000099e-01
1.403715414662142992e+09 4.713002591000000074e-01 2.012689716000000129e+00 1.101707902100000025e+00 2.834560119000000267e-01 4.003132106000000245e-01 -7.197077080999999543e-01 4.913479801360000065e-01
1.403715414712143183e+09 4.778226687000000084e-01 2.016842598699999822e+00 1.097540045399999942e+00 2.865275150000000104e-01 3.975529045000000261e-01 -7.186554912999999489e-01 4.933436490779999906e-01
1.403715414762142897e+09 4.846578141999999811e-01 2.021520098499999918e+00 1.092472466400000064e+00 2.902182714000000052e-01 3.943796427999999854e-01 -7.184593545999999886e-01 4.940184289030000175e-01
1.403715414812143087e+09 4.914310779000000129e-01 2.026421236000000015e+00 1.086448203100000010e+00 2.938757651000000193e-01 3.909299703999999931e-01 -7.195414189000000071e-01 4.930222503710000037e-01
1.403715414862143040e+09 4.985117386999999844e-01 2.031175816999999828e+00 1.079687439800000037e+00 2.985075580000000062e-01 3.865880745999999979e-01 -7.211786336000000075e-01 4.912680296379999811e-01
1.403715414912142992e+09 5.054069582000000338e-01 2.035575577599999963e+00 1.071573454099999934e+00 3.036304667999999984e-01 3.817309888000000040e-01 -7.228651592000000514e-01 4.894445355320000135e-01
1.403715414962142944e+09 5.118002782999999667e-01 2.039362758299999800e+00 1.062597645999999951e+00 3.075354102000000256e-01 3.777605928000000168e-01 -7.245505330000000521e-01 4.875914593110000084e-01
1.403715415012143135e+09 5.173447284000000090e-01 2.042447261900000033e+00 1.053287966799999920e+00 3.110871796999999939e-01 3.737588323000000101e-01 -7.260212356999999894e-01 4.862327294480000006e-01
1.403715415062143087e+09 5.223178240000000416e-01 2.044665700499999961e+00 1.043417960199999994e+00 3.133619281000000201e-01 3.706469832000000020e-01 -7.272331577999999741e-01 4.853421989300000239e-01
1.403715415112143040e+09 5.267189811000000388e-01 2.045818427099999948e+00 1.033287892499999971e+00 3.143779984000000249e-01 3.682399100000000036e-01 -7.282412566999999504e-01 4.850056853649999944e-01
1.403715415162142992e+09 5.300422295000000172e-01 2.045865677400000138e+00 1.023112546799999967e+00 3.148042213999999728e-01 3.661539662000000139e-01 -7.291867470999999767e-01 4.848878871039999927e-01
1.403715415212143183e+09 5.321707062999999627e-01 2.044798341099999917e+00 1.013483606999999953e+00 3.141966956000000200e-01 3.647270464999999851e-01 -7.292321519000000141e-01 4.862870414859999935e-01
1.403715415262142897e+09 5.333768485000000004e-01 2.042758648099999963e+00 1.004283481999999950e+00 3.127875902000000208e-01 3.642148339999999873e-01 -7.293268479000000193e-01 4.874359722309999920e-01
1.403715415312143087e+09 5.333763290999999906e-01 2.039294801400000079e+00 9.954380470999999453e-01 3.065814297000000188e-01 3.672060985999999749e-01 -7.273757181000000127e-01 4.920285285100000072e-01
1.403715415362143040e+09 5.327483902999999854e-01 2.035006081800000199e+00 9.873067335999999861e-01 2.996426286000000161e-01 3.705015026999999850e-01 -7.259836643999999506e-01 4.958736237320000018e-01
1.403715415412142992e+09 5.316831480000000498e-01 2.030287663400000220e+00 9.807543455999999660e-01 2.926171692000000268e-01 3.735435335999999773e-01 -7.237397808000000099e-01 5.010400688020000270e-01
1.403715415462142944e+09 5.300439912000000087e-01 2.025745279400000154e+00 9.749540136000000023e-01 2.846665300999999815e-01 3.775014300999999795e-01 -7.227202819000000389e-01 5.041160888879999691e-01
1.403715415512143135e+09 5.285682186000000282e-01 2.021478483300000129e+00 9.712587319000000052e-01 2.794841610000000087e-01 3.796833854000000175e-01 -7.208476242000000367e-01 5.080431411679999787e-01
1.403715415562143087e+09 5.274023496999999949e-01 2.018275163100000213e+00 9.681011541999999803e-01 2.764138096000000044e-01 3.808849740999999955e-01 -7.202047293000000128e-01 5.097324693950000540e-01
1.403715415612143040e+09 5.265256981000000502e-01 2.016078058000000173e+00 9.641677479000000384e-01 2.743778309000000082e-01 3.812588302000000096e-01 -7.190502536999999750e-01 5.121769645349999456e-01
1.403715415662142992e+09 5.254865549999999663e-01 2.014858949899999807e+00 9.577913822000000410e-01 2.724128439999999873e-01 3.812541016000000060e-01 -7.186800233000000260e-01 5.137466074109999781e-01
1.403715415712143183e+09 5.245165886999999527e-01 2.014828970199999958e+00 9.487288217999999551e-01 2.713550880999999748e-01 3.809930378999999978e-01 -7.191811044000000486e-01 5.137988520159999517e-01
1.403715415762142897e+09 5.242727909000000075e-01 2.014615133299999972e+00 9.453703763999999898e-01 2.715901521999999901e-01 3.807285870000000072e-01 -7.204971350000000108e-01 5.120238380689999813e-01
1.403715415812143087e+09 5.246510620000000014e-01 2.015058734600000179e+00 9.487191653000000002e-01 2.707007597000000154e-01 3.813133584000000242e-01 -7.198641600999999834e-01 5.129491324239999761e-01
1.403715415862143040e+09 5.252955389000000253e-01 2.016327952300000170e+00 9.509710448000000538e-01 2.712250828000000169e-01 3.807810468999999753e-01 -7.186913284000000512e-01 5.147091637770000450e-01
1.403715415912142992e+09 5.264462950999999613e-01 2.018609511799999812e+00 9.510148843000000296e-01 2.727038112999999875e-01 3.791030233000000083e-01 -7.181647912999999939e-01 5.159000499239999593e-01
1.403715415962142944e+09 5.273645500000000430e-01 2.021540214799999902e+00 9.487328066000000337e-01 2.724802277000000217e-01 3.795221778000000268e-01 -7.180104445999999641e-01 5.159248428560000432e-01
1.403715416012143135e+09 5.272233725999999621e-01 2.022226747699999994e+00 9.474736977000000060e-01 2.705304774000000245e-01 3.817616859999999890e-01 -7.188184418999999936e-01 5.141705198139999711e-01
1.403715416062143087e+09 5.267286197999999642e-01 2.021252023300000200e+00 9.483548397000000074e-01 2.692738791000000020e-01 3.819410032000000177e-01 -7.185748523999999637e-01 5.150367263899999770e-01
1.403715416112143040e+09 5.269698869000000174e-01 2.021113887299999856e+00 9.488795885999999902e-01 2.692745280000000130e-01 3.812863858000000161e-01 -7.185835564000000453e-01 5.155090620290000425e-01
1.403715416162142992e+09 5.272818628000000007e-01 2.021256750800000113e+00 9.483904664000000206e-01 2.697309223000000089e-01 3.808080050000000050e-01 -7.186333826999999896e-01 5.155546083950000025e-01
1.403715416212143183e+09 5.273077693000000066e-01 2.021181567999999817e+00 9.482115313000000212e-01 2.697424836999999798e-01 3.806398584999999835e-01 -7.197577914999999660e-01 5.141021418460000048e-01
1.403715416262142897e+09 5.273668693999999935e-01 2.021748029299999860e+00 9.476142199999999516e-01 2.697842053000000240e-01 3.807907052000000236e-01 -7.205643156000000049e-01 5.128371949359999959e-01
1.403715416312143087e+09 5.273099855999999752e-01 2.022021919200000184e+00 9.472206386000000533e-01 2.699363336000000224e-01 3.806263596000000193e-01 -7.208375085999999543e-01 5.124951086569999870e-01
1.403715416362143040e+09 5.273626687000000368e-01 2.021607779200000010e+00 9.470429243000000330e-01 2.696028408000000209e-01 3.808568744999999978e-01 -7.211739108000000398e-01 5.120259170600000020e-01
1.403715416412142992e+09 5.275022178999999589e-01 2.021132500799999843e+00 9.471109196000000452e-01 2.696372531999999822e-01 3.807659062000000039e-01 -7.213979522000000255e-01 5.117597784699999819e-01
1.403715416462142944e+09 5.275374593999999639e-01 2.021080428799999940e+00 9.468618258000000010e-01 2.694459853999999766e-01 3.809336884000000256e-01 -7.217388327999999520e-01 5.112547732729999517e-01
1.403715416512143135e+09 5.275770624000000186e-01 2.021447418000000162e+00 9.465042863000000528e-01 2.695695698000000196e-01 3.805866893000000029e-01 -7.218249848000000135e-01 5.113264223410000087e-01
1.403715416562143087e+09 5.274688140000000081e-01 2.021439383700000203e+00 9.463934198000000242e-01 2.697013609000000200e-01 3.805305185000000257e-01 -7.214512794999999867e-01 5.118258998169999963e-01
1.403715416612143040e+09 5.274573042000000322e-01 2.021104451899999876e+00 9.462235447000000299e-01 2.695432979999999867e-01 3.806511240000000074e-01 -7.217513148999999961e-01 5.113962961760000203e-01
1.403715416662142992e+09 5.275025710999999840e-01 2.021010655200000006e+00 9.460909175999999698e-01 2.698111899000000258e-01 3.804066857999999773e-01 -7.220285550999999691e-01 5.110454390959999760e-01
1.403715416712143183e+09 5.273614946000000359e-01 2.021176830899999999e+00 9.458537989999999951e-01 2.697685886999999783e-01 3.804137361000000106e-01 -7.220598730999999715e-01 5.110184317029999868e-01
1.403715416762142897e+09 5.271586705999999900e-01 2.021425787300000110e+00 9.456811877999999894e-01 2.698069874999999840e-01 3.803811413000000030e-01 -7.221544603999999756e-01 5.108887473250000033e-01
1.403715416812143087e+09 5.270655692000000281e-01 2.021503621499999959e+00 9.455757041000000251e-01 2.699785692000000181e-01 3.801735262000000004e-01 -7.219549725999999668e-01 5.112344665279999756e-01
1.403715416862143040e+09 5.271435975999999579e-01 2.021448139699999924e+00 9.454783132999999840e-01 2.698758882000000248e-01 3.802942091000000024e-01 -7.222236763999999587e-01 5.108192251080000412e-01
1.403715416912142992e+09 5.271555661000000281e-01 2.021319798199999962e+00 9.454149938000000475e-01 2.697849385000000155e-01 3.803010412999999756e-01 -7.225127166999999462e-01 5.104533075279999998e-01
1.403715416962142944e+09 5.270604562999999798e-01 2.021477824100000209e+00 9.453871142999999977e-01 2.698271877000000263e-01 3.802714500000000108e-01 -7.223202277000000393e-01 5.107253682129999639e-01
1.403715417012143135e+09 5.270185472999999732e-01 2.021729991099999957e+00 9.452934415000000534e-01 2.700842411000000109e-01 3.800413692999999871e-01 -7.222548040999999808e-01 5.108532649229999834e-01
1.403715417062143087e+09 5.270373218999999665e-01 2.021681381200000072e+00 9.452118491000000011e-01 2.699562374000000209e-01 3.801242302000000239e-01 -7.222586117999999500e-01 5.108538902000000492e-01
1.403715417112143040e+09 5.271682507999999601e-01 2.021508410300000058e+00 9.451720228000000112e-01 2.699660895000000060e-01 3.800864367999999827e-01 -7.225280482000000504e-01 5.104956715480000184e-01
1.403715417162142992e+09 5.272086714999999479e-01 2.021425304800000156e+00 9.451771189000000017e-01 2.699822821000000261e-01 3.800261958000000218e-01 -7.226082471000000451e-01 5.104184352789999934e-01
1.403715417212143183e+09 5.271885330000000147e-01 2.021574468499999888e+00 9.451798558999999766e-01 2.700997492000000166e-01 3.799307613999999833e-01 -7.225078788000000030e-01 5.105693950099999823e-01
1.403715417262142897e+09 5.271891523999999718e-01 2.021765029600000041e+00 9.451628654999999490e-01 2.701314231999999982e-01 3.799292994999999840e-01 -7.225383283999999851e-01 5.105106322329999724e-01
1.403715417312143087e+09 5.272027578000000325e-01 2.021820376600000024e+00 9.452016000999999834e-01 2.701862748000000147e-01 3.798215168999999891e-01 -7.225169447999999495e-01 5.105920647630000087e-01
1.403715417362143040e+09 5.272653967000000552e-01 2.021766549900000154e+00 9.451859700000000419e-01 2.701770297000000154e-01 3.798915422999999958e-01 -7.226683748000000129e-01 5.103304897820000186e-01
1.403715417412142992e+09 5.272837586999999937e-01 2.021750845600000179e+00 9.451710902000000081e-01 2.701594560999999728e-01 3.798261654000000265e-01 -7.227575958999999939e-01 5.102620991920000515e-01
1.403715417462142944e+09 5.272102105000000538e-01 2.021906412799999941e+00 9.451294786999999697e-01 2.702562423000000047e-01 3.797645935999999778e-01 -7.227364537999999561e-01 5.102866207709999546e-01
1.403715417512143135e+09 5.270933448000000299e-01 2.022006153199999989e+00 9.450763465000000529e-01 2.703463492000000024e-01 3.797277473999999819e-01 -7.226964076999999875e-01 5.103230267920000340e-01
1.403715417562143087e+09 5.270295697000000334e-01 2.021887988900000099e+00 9.450605416999999786e-01 2.703151866999999875e-01 3.796735169000000076e-01 -7.227378146999999808e-01 5.103212435359999466e-01
1.403715417612143040e+09 5.269915324999999706e-01 2.021713525900000086e+00 9.450268009000000191e-01 2.702935600999999965e-01 3.796591925999999728e-01 -7.228483249999999583e-01 5.101868167340000149e-01
1.403715417662142992e+09 5.269400037000000481e-01 2.021637712099999984e+00 9.449850977000000540e-01 2.702581815000000276e-01 3.796865624999999911e-01 -7.228909589999999996e-01 5.101247797989999500e-01
1.403715417712143183e+09 5.269172695999999601e-01 2.021619715699999986e+00 9.450235033999999645e-01 2.703605117999999807e-01 3.796028278999999950e-01 -7.228665373999999533e-01 5.101674781510000534e-01
1.403715417762142897e+09 5.269290501000000182e-01 2.021574539299999973e+00 9.450942475000000398e-01 2.703804028999999831e-01 3.795952194000000168e-01 -7.228192477999999532e-01 5.102295975659999483e-01
1.403715417812143087e+09 5.270096471999999865e-01 2.021407663300000213e+00 9.451792752000000020e-01 2.703311447999999784e-01 3.795785990000000165e-01 -7.229010420000000492e-01 5.101521761709999492e-01
