1.403715888384057999e+09 9.080302786999999709e-01 2.091356906500000168e+00 9.301217440000000281e-01 3.470018899999999795e-01 5.477973657000000385e-01 -6.209279079999999729e-01 4.404046633270000122e-01
1.403715888434057951e+09 9.082768931000000379e-01 2.090848750000000145e+00 9.298010705000000486e-01 3.469776734000000196e-01 5.477940396999999573e-01 -6.209674630000000528e-01 4.403721087679999813e-01
1.403715888484058142e+09 9.084458504000000323e-01 2.090465955099999995e+00 9.295440871000000271e-01 3.469659420999999799e-01 5.478223888000000041e-01 -6.209793274999999557e-01 4.403293542239999914e-01
1.403715888534058094e+09 9.085648833999999674e-01 2.090221555199999859e+00 9.293704457000000474e-01 3.470085601999999825e-01 5.478222586000000005e-01 -6.209905191000000269e-01 4.402801463389999781e-01
1.403715888584058046e+09 9.086428494999999605e-01 2.090064975799999836e+00 9.292402184000000398e-01 3.469500113000000274e-01 5.478489412000000502e-01 -6.210240492999999917e-01 4.402457921119999895e-01
1.403715888634057999e+09 9.086788274999999526e-01 2.089994066000000039e+00 9.291810782999999629e-01 3.469458418999999960e-01 5.478257090000000495e-01 -6.210598133000000409e-01 4.402275362979999884e-01
1.403715888684058189e+09 9.086778238999999591e-01 2.089978326399999808e+00 9.291674663000000223e-01 3.469134260999999775e-01 5.478480224999999759e-01 -6.210671577999999915e-01 4.402149525949999864e-01
1.403715888734057903e+09 9.086430991999999707e-01 2.089998876500000158e+00 9.291711056000000468e-01 3.469313333999999860e-01 5.478433891999999750e-01 -6.210905335999999943e-01 4.401736246840000089e-01
1.403715888784058094e+09 9.085780047999999498e-01 2.090037695299999942e+00 9.291776708000000218e-01 3.469018897999999740e-01 5.478820151000000083e-01 -6.210927534000000305e-01 4.401456213280000029e-01
1.403715888834058046e+09 9.085268865000000194e-01 2.090092615200000115e+00 9.291975118999999950e-01 3.468845791999999872e-01 5.478879687000000054e-01 -6.211204232999999464e-01 4.401128062540000108e-01
1.403715888884057999e+09 9.085014326000000473e-01 2.090141191099999851e+00 9.291929812000000455e-01 3.468663041000000224e-01 5.479041851999999491e-01 -6.211372300999999929e-01 4.400833014869999782e-01
1.403715888934057951e+09 9.084830189000000500e-01 2.090178473099999934e+00 9.292156043999999504e-01 3.468657774000000193e-01 5.479071089000000505e-01 -6.211552739000000267e-01 4.400546081730000170e-01
1.403715888984058142e+09 9.084416751999999651e-01 2.090190262100000140e+00 9.292354240000000321e-01 3.468533267999999725e-01 5.479078718000000014e-01 -6.211793745000000477e-01 4.400294517789999915e-01
1.403715889034058094e+09 9.084135358999999577e-01 2.090205047600000032e+00 9.292465833999999925e-01 3.468231603999999968e-01 5.479328764999999990e-01 -6.211754917999999792e-01 4.400275747879999755e-01
1.403715889084058046e+09 9.084129812000000248e-01 2.090243760399999928e+00 9.292576563000000123e-01 3.467947445999999823e-01 5.479431151000000444e-01 -6.211934071000000390e-01 4.400119303100000212e-01
1.403715889134057999e+09 9.084189684000000264e-01 2.090261552099999864e+00 9.292627463000000532e-01 3.467623154999999735e-01 5.479566276999999763e-01 -6.212144754999999741e-01 4.399909159609999842e-01
1.403715889184058189e+09 9.084179119999999941e-01 2.090279847700000193e+00 9.292838452999999665e-01 3.467734599999999778e-01 5.479471529999999646e-01 -6.212137466999999580e-01 4.399949611330000177e-01
1.403715889234057903e+09 9.084272970000000225e-01 2.090279638200000178e+00 9.292686117999999773e-01 3.467246013999999987e-01 5.479660216999999722e-01 -6.212329005000000182e-01 4.399829237349999755e-01
1.403715889284058094e+09 9.084126359999999956e-01 2.090287349800000083e+00 9.292506406999999635e-01 3.467004283999999825e-01 5.479761318000000436e-01 -6.212465635999999680e-01 4.399700888840000212e-01
1.403715889334058046e+09 9.083940374000000206e-01 2.090298663600000051e+00 9.292176269999999905e-01 3.466993851999999876e-01 5.480038928999999559e-01 -6.212344166000000056e-01 4.399534854609999934e-01
1.403715889384057999e+09 9.083699499999999816e-01 2.090289263999999925e+00 9.292208257999999832e-01 3.466823742999999847e-01 5.480221940999999708e-01 -6.212338236000000125e-01 4.399449312559999825e-01
1.403715889434057951e+09 9.083681957000000473e-01 2.090253911000000020e+00 9.292301296999999627e-01 3.466589453999999737e-01 5.480062290999999641e-01 -6.212474892999999554e-01 4.399639820499999798e-01
1.403715889484058142e+09 9.083763755999999523e-01 2.090245108399999996e+00 9.292244666000000208e-01 3.466613594999999881e-01 5.479910597999999577e-01 -6.212578297999999943e-01 4.399663727559999793e-01
1.403715889534058094e+09 9.083955868999999961e-01 2.090275714300000143e+00 9.292294379000000104e-01 3.466726015000000105e-01 5.479783981000000415e-01 -6.212637594000000041e-01 4.399649120479999787e-01
1.403715889584058046e+09 9.083956680000000450e-01 2.090312167100000007e+00 9.292273365000000007e-01 3.466571079999999916e-01 5.479960521000000195e-01 -6.212598091000000045e-01 4.399607096879999957e-01
1.403715889634057999e+09 9.084120503999999485e-01 2.090337400000000123e+00 9.292402830999999530e-01 3.466685943999999742e-01 5.480029991000000544e-01 -6.212471686999999632e-01 4.399608551629999864e-01
1.403715889684058189e+09 9.084281374999999548e-01 2.090340743600000106e+00 9.292574706999999767e-01 3.466502497999999766e-01 5.479963963999999743e-01 -6.212601465000000545e-01 4.399652079329999799e-01
1.403715889734057903e+09 9.083594465000000007e-01 2.090447148099999986e+00 9.292774501999999659e-01 3.467754527999999947e-01 5.480761030999999894e-01 -6.212085397000000064e-01 4.398401081789999889e-01
1.403715889784058094e+09 9.082989093000000125e-01 2.090416863300000205e+00 9.292679480000000103e-01 3.466873493000000028e-01 5.480390663999999967e-01 -6.213025408000000249e-01 4.398229374079999920e-01
1.403715889834058046e+09 9.082771657999999526e-01 2.090380875600000188e+00 9.293224839999999487e-01 3.467336097000000006e-01 5.479040282999999567e-01 -6.212371828999999623e-01 4.400469774640000109e-01
1.403715889884057999e+09 9.082678075000000240e-01 2.090363661700000097e+00 9.293252771000000134e-01 3.467811934999999735e-01 5.478319109999999492e-01 -6.212624966999999998e-01 4.400635309720000166e-01
1.403715889934057951e+09 9.083292973000000048e-01 2.090321391799999873e+00 9.293291140999999644e-01 3.466860018999999848e-01 5.476284580000000402e-01 -6.213810526999999917e-01 4.402243466990000131e-01
1.403715889984058142e+09 9.083398576000000224e-01 2.090270273499999831e+00 9.293350593000000437e-01 3.465740977999999806e-01 5.476023665999999457e-01 -6.214494681000000131e-01 4.402483406370000241e-01
1.403715890034058094e+09 9.083593596000000270e-01 2.090252028200000112e+00 9.293703648000000150e-01 3.466231498999999827e-01 5.475735152999999800e-01 -6.215507200000000010e-01 4.401026468270000103e-01
1.403715890084058046e+09 9.083582794000000238e-01 2.090182045100000163e+00 9.293660618000000317e-01 3.466305781999999835e-01 5.476421390000000278e-01 -6.214989350999999829e-01 4.400845414489999996e-01
1.403715890134057999e+09 9.083645147000000142e-01 2.090122433899999965e+00 9.293883854000000166e-01 3.466708675999999878e-01 5.475345339999999617e-01 -6.216395339000000408e-01 4.399881061829999940e-01
1.403715890184058189e+09 9.083475776999999640e-01 2.090074961100000017e+00 9.294002144999999881e-01 3.467105792999999880e-01 5.476744328999999523e-01 -6.215012760000000469e-01 4.399780149909999771e-01
1.403715890234057903e+09 9.083526610000000057e-01 2.090047704699999898e+00 9.293814479999999989e-01 3.466719844000000217e-01 5.476571934999999725e-01 -6.214873145999999515e-01 4.400496011069999769e-01
1.403715890284058094e+09 9.083610856999999594e-01 2.090075798099999993e+00 9.293607968999999525e-01 3.465799105999999852e-01 5.477060553000000498e-01 -6.216414136000000257e-01 4.398436033170000092e-01
1.403715890334058046e+09 9.083498347999999778e-01 2.090123539899999994e+00 9.293455501999999813e-01 3.465488134999999970e-01 5.478950022999999891e-01 -6.215164521999999581e-01 4.398093745609999994e-01
1.403715890384057999e+09 9.083812895999999748e-01 2.090157695799999882e+00 9.293560272999999983e-01 3.466695750000000076e-01 5.478320223999999516e-01 -6.215730589000000306e-01 4.397126487540000128e-01
1.403715890434057951e+09 9.084198409000000529e-01 2.090199541100000058e+00 9.292838525000000072e-01 3.465330823000000171e-01 5.480304361000000180e-01 -6.215657604000000003e-01 4.395832907719999794e-01
1.403715890484058142e+09 9.084151660000000517e-01 2.090273454000000086e+00 9.292821109000000135e-01 3.465990588999999789e-01 5.481142257000000129e-01 -6.214735371999999813e-01 4.395571982200000005e-01
1.403715890534058094e+09 9.084289274000000303e-01 2.090335835299999889e+00 9.292758274000000318e-01 3.465110227000000043e-01 5.480232196000000000e-01 -6.215670305999999590e-01 4.396078801319999729e-01
1.403715890584058046e+09 9.084540428999999806e-01 2.090382239599999803e+00 9.292848381999999630e-01 3.462889286999999983e-01 5.480878425999999859e-01 -6.216358142000000253e-01 4.396050604239999937e-01
1.403715890634057999e+09 9.084492404999999771e-01 2.090400530800000212e+00 9.292578380999999554e-01 3.461453676999999840e-01 5.482198368999999794e-01 -6.215192386000000235e-01 4.397183541740000146e-01
1.403715890684058189e+09 9.084246486999999481e-01 2.090492792300000069e+00 9.292554171000000363e-01 3.462684790000000179e-01 5.480886109000000506e-01 -6.215133319000000212e-01 4.397933530459999796e-01
1.403715890734057903e+09 9.083966904000000397e-01 2.090591941900000084e+00 9.292560156000000404e-01 3.461511125000000244e-01 5.483135238999999883e-01 -6.213835680000000528e-01 4.397887540820000218e-01
1.403715890784058094e+09 9.084006619000000171e-01 2.090693527100000004e+00 9.292885163999999865e-01 3.461800529999999876e-01 5.483591247000000335e-01 -6.213637663000000089e-01 4.397370931599999810e-01
1.403715890834058046e+09 9.084217461000000382e-01 2.090683699800000017e+00 9.293678865000000178e-01 3.462488653999999944e-01 5.482991527999999670e-01 -6.212598247999999712e-01 4.399045264370000097e-01
1.403715890884057999e+09 9.084527177000000231e-01 2.090630824899999851e+00 9.293985112999999521e-01 3.462614733000000111e-01 5.482364059000000012e-01 -6.212592685000000170e-01 4.399735862049999890e-01
1.403715890934057951e+09 9.084913505999999694e-01 2.090563142600000202e+00 9.293833652999999861e-01 3.462656889999999876e-01 5.481795067000000410e-01 -6.213569636000000340e-01 4.399031995220000213e-01
1.403715890984058142e+09 9.084454738999999668e-01 2.090492909399999988e+00 9.293760381000000237e-01 3.462608650999999815e-01 5.482013180999999458e-01 -6.212989482999999868e-01 4.399617540010000161e-01
1.403715891034058094e+09 9.084201750000000519e-01 2.090411199500000095e+00 9.293663563999999822e-01 3.462797176999999893e-01 5.481540709000000122e-01 -6.213147275000000525e-01 4.399835010040000216e-01
1.403715891084058046e+09 9.084082103999999713e-01 2.090341734599999945e+00 9.293188359999999815e-01 3.462625510999999823e-01 5.481435210999999752e-01 -6.213017587000000397e-01 4.400284656880000256e-01
1.403715891134057999e+09 9.083953461999999535e-01 2.090324855099999990e+00 9.292844302999999639e-01 3.463370063000000276e-01 5.481769355000000177e-01 -6.213120945000000228e-01 4.399136355030000001e-01
1.403715891184058189e+09 9.083900030999999542e-01 2.090324864299999863e+00 9.292765451000000176e-01 3.462914757000000177e-01 5.481340261999999575e-01 -6.212955850000000391e-01 4.400262483410000147e-01
1.403715891234057903e+09 9.084161258999999822e-01 2.090342059100000149e+00 9.292525433999999640e-01 3.463159597000000089e-01 5.481450436000000481e-01 -6.213118522999999671e-01 4.399702823900000226e-01
1.403715891284058094e+09 9.084444676999999801e-01 2.090345336800000009e+00 9.292073618999999729e-01 3.462974051000000109e-01 5.481671272000000483e-01 -6.213508076000000546e-01 4.399023547970000170e-01
1.403715891334058046e+09 9.083868606999999651e-01 2.090331212700000219e+00 9.291765400999999480e-01 3.463277016999999902e-01 5.481216334999999829e-01 -6.213475948000000137e-01 4.399397280780000252e-01
1.403715891384057999e+09 9.083496314000000238e-01 2.090356778799999926e+00 9.291677110999999600e-01 3.463188763999999753e-01 5.481109736000000510e-01 -6.213871031000000045e-01 4.399041538169999876e-01
1.403715891434057951e+09 9.083374548000000548e-01 2.090380199799999783e+00 9.291499629999999676e-01 3.462763335999999859e-01 5.481181552999999651e-01 -6.213715958000000095e-01 4.399505978570000253e-01
1.403715891484058142e+09 9.083121603999999571e-01 2.090399063900000076e+00 9.291054847999999922e-01 3.462572615999999770e-01 5.481763492000000237e-01 -6.213663667000000057e-01 4.399004855859999785e-01
1.403715891534058094e+09 9.082830921000000224e-01 2.090437955600000119e+00 9.291328855999999581e-01 3.462890532999999826e-01 5.481791993000000307e-01 -6.213457242000000047e-01 4.399010662419999829e-01
1.403715891584058046e+09 9.082760905000000218e-01 2.090454900300000141e+00 9.292108297000000183e-01 3.463895704000000131e-01 5.480704859999999679e-01 -6.213584558000000424e-01 4.399394018009999963e-01
1.403715891634057999e+09 9.082991421999999648e-01 2.090464310199999787e+00 9.292501690000000147e-01 3.463517846999999983e-01 5.480674371000000544e-01 -6.213898802999999749e-01 4.399285649360000217e-01
1.403715891684058189e+09 9.083043107999999588e-01 2.090489769299999967e+00 9.292921178999999920e-01 3.463785238000000044e-01 5.480986321999999911e-01 -6.213645897999999779e-01 4.399043693420000012e-01
1.403715891734057903e+09 9.083162129999999834e-01 2.090506104300000167e+00 9.293395506999999611e-01 3.463985820000000104e-01 5.480922389000000283e-01 -6.213987524999999845e-01 4.398482811589999875e-01
1.403715891784058094e+09 9.083645191000000452e-01 2.090497800800000139e+00 9.293884537000000057e-01 3.464620166999999862e-01 5.479929019999999484e-01 -6.214091282999999466e-01 4.399074283669999752e-01
1.403715891834058046e+09 9.083397914999999934e-01 2.090517907500000216e+00 9.295847474999999749e-01 3.467854544000000261e-01 5.477747887999999676e-01 -6.212534642999999468e-01 4.401440246960000025e-01
1.403715891884057999e+09 9.083261133000000154e-01 2.090464872300000110e+00 9.295229803000000235e-01 3.466276189999999979e-01 5.479070494000000124e-01 -6.212975239000000371e-01 4.400415272700000102e-01
1.403715891934057951e+09 9.084138955999999654e-01 2.090548684199999840e+00 9.293884211999999811e-01 3.465772798000000265e-01 5.479454558999999891e-01 -6.214570616000000269e-01 4.398080116329999845e-01
1.403715891984058142e+09 9.084037671000000369e-01 2.090533097099999793e+00 9.293685871000000320e-01 3.464210350999999966e-01 5.479676814999999701e-01 -6.214261969000000052e-01 4.399470062559999728e-01
1.403715892034058094e+09 9.083427487999999883e-01 2.090621917900000071e+00 9.294112935999999658e-01 3.465850884000000187e-01 5.479454532999999961e-01 -6.214073012999999923e-01 4.398721661480000100e-01
1.403715892084058046e+09 9.083403263999999533e-01 2.090687755599999864e+00 9.293631306999999842e-01 3.464709539999999977e-01 5.479815703000000537e-01 -6.214218147000000192e-01 4.398965842790000247e-01
1.403715892134057999e+09 9.082927683999999502e-01 2.090728768600000009e+00 9.293749674000000294e-01 3.465014643000000061e-01 5.479317465999999914e-01 -6.215139734000000304e-01 4.398044078710000027e-01
1.403715892184058189e+09 9.080546003999999671e-01 2.090825838000000214e+00 9.297590810000000427e-01 3.470821494999999923e-01 5.475410267000000442e-01 -6.213897325999999666e-01 4.400086427759999919e-01
1.403715892234057903e+09 9.079516170000000441e-01 2.090745434300000039e+00 9.299156920000000159e-01 3.465591801999999833e-01 5.478414263999999978e-01 -6.213878042999999574e-01 4.400496595569999836e-01
1.403715892284058094e+09 9.081241397000000548e-01 2.090656518299999878e+00 9.298480849000000381e-01 3.466034823999999959e-01 5.476488886000000500e-01 -6.216200273999999970e-01 4.399264282940000270e-01
1.403715892334058046e+09 9.081912143000000492e-01 2.090506782099999850e+00 9.297409405000000016e-01 3.467656738000000072e-01 5.476417650999999553e-01 -6.215242938999999689e-01 4.399427424960000166e-01
1.403715892384057999e+09 9.083121347999999484e-01 2.090455572899999837e+00 9.298314898999999745e-01 3.467165669999999755e-01 5.476586259000000290e-01 -6.216812025000000297e-01 4.397387112069999771e-01
1.403715892434057951e+09 9.083121265000000388e-01 2.090301141699999921e+00 9.298891861000000425e-01 3.466750404000000230e-01 5.476909940999999948e-01 -6.215445659999999650e-01 4.399242478589999727e-01
1.403715892484058142e+09 9.084163761000000337e-01 2.090236639100000016e+00 9.298584288000000253e-01 3.465984343999999884e-01 5.477220202999999454e-01 -6.216249657000000317e-01 4.398323723520000117e-01
1.403715892534058094e+09 9.083633749999999729e-01 2.090230605999999991e+00 9.301209555999999656e-01 3.466596128000000165e-01 5.476948872000000357e-01 -6.215496180999999787e-01 4.399244203459999891e-01
1.403715892584058046e+09 9.082539388000000491e-01 2.090286416400000125e+00 9.304066773000000401e-01 3.468775174000000017e-01 5.475402222999999902e-01 -6.215162625000000274e-01 4.399923048470000264e-01
1.403715892634057999e+09 9.081814436999999796e-01 2.090421196599999920e+00 9.303100764999999717e-01 3.469274412999999724e-01 5.475285229999999892e-01 -6.215303183999999481e-01 4.399476450590000254e-01
1.403715892684058189e+09 9.081549394000000275e-01 2.090484706699999862e+00 9.303230929000000371e-01 3.470036616000000129e-01 5.474561038999999907e-01 -6.216135194999999891e-01 4.398600976739999724e-01
1.403715892734057903e+09 9.082221758999999839e-01 2.090552189799999905e+00 9.306371712000000018e-01 3.471388883000000036e-01 5.474140490000000137e-01 -6.215105442999999674e-01 4.399512411000000012e-01
1.403715892784058094e+09 9.084418897999999576e-01 2.090623550800000174e+00 9.307141032000000314e-01 3.474058763000000272e-01 5.472857294999999844e-01 -6.214336222999999881e-01 4.400087959830000228e-01
1.403715892834058046e+09 9.087761148999999872e-01 2.090722194500000075e+00 9.305137728000000275e-01 3.476079456000000234e-01 5.471619198999999600e-01 -6.213937759000000005e-01 4.400594560419999746e-01
1.403715892884057999e+09 9.090316080000000465e-01 2.090785315499999797e+00 9.306419994000000306e-01 3.475329951999999722e-01 5.471531160999999477e-01 -6.215991445999999865e-01 4.398395028200000056e-01
1.403715892934057951e+09 9.089788963999999583e-01 2.090748378799999863e+00 9.308118685999999808e-01 3.476135625999999812e-01 5.470514291000000417e-01 -6.216903907999999923e-01 4.397733541259999934e-01
1.403715892984058142e+09 9.087766252000000211e-01 2.090669153599999941e+00 9.310771633000000103e-01 3.477262682000000216e-01 5.470033711999999770e-01 -6.213754694999999995e-01 4.401889142000000033e-01
1.403715893034058094e+09 9.086367800000000328e-01 2.090595496500000205e+00 9.313632204999999775e-01 3.479897672999999747e-01 5.468563226999999527e-01 -6.214658735000000434e-01 4.400357398049999924e-01
1.403715893084058046e+09 9.084166773999999833e-01 2.090398162000000060e+00 9.318647107999999957e-01 3.484289093999999865e-01 5.465151862999999555e-01 -6.215541045000000375e-01 4.399874331840000208e-01
1.403715893134057999e+09 9.082848911999999997e-01 2.090382532600000065e+00 9.322114961999999894e-01 3.486875624999999923e-01 5.462305388000000539e-01 -6.215722548000000014e-01 4.401103432860000164e-01
1.403715893184058189e+09 9.080742190999999686e-01 2.090342273400000117e+00 9.322257434999999814e-01 3.493856867999999838e-01 5.458203359000000088e-01 -6.212280703000000459e-01 4.405513448919999853e-01
1.403715893234057903e+09 9.078059824999999972e-01 2.090223668300000170e+00 9.321619155999999462e-01 3.497679959000000172e-01 5.455585229999999619e-01 -6.210433858999999668e-01 4.408325758550000195e-01
1.403715893284058094e+09 9.077738662000000014e-01 2.090250817299999841e+00 9.322918540000000309e-01 3.500749600999999989e-01 5.454996831999999740e-01 -6.209682061000000308e-01 4.407676314880000223e-01
1.403715893334058046e+09 9.076033780000000162e-01 2.090305918499999915e+00 9.324534633000000072e-01 3.507969121999999773e-01 5.449860246000000075e-01 -6.206855448000000441e-01 4.412269415410000062e-01
1.403715893384057999e+09 9.074065015000000178e-01 2.090411859500000080e+00 9.325677878999999448e-01 3.510665441999999969e-01 5.448198385000000421e-01 -6.205308728999999746e-01 4.414352284370000046e-01
1.403715893434057951e+09 9.073682453000000425e-01 2.090558026300000094e+00 9.336357725999999690e-01 3.521719893999999962e-01 5.441750331000000385e-01 -6.201221238999999885e-01 4.419241729119999795e-01
1.403715893484058142e+09 9.071529487999999697e-01 2.091009594400000005e+00 9.369885812999999564e-01 3.570121701999999786e-01 5.418830793000000146e-01 -6.174297265000000534e-01 4.446184560329999869e-01
1.403715893534058094e+09 9.070420524000000206e-01 2.092285653099999809e+00 9.415959664999999923e-01 3.642218582999999787e-01 5.382294981999999894e-01 -6.137640235000000333e-01 4.482690805899999797e-01
1.403715893584058046e+09 9.074599601999999710e-01 2.094054677299999945e+00 9.471786137000000050e-01 3.706043843999999865e-01 5.345865730000000093e-01 -6.106094170000000432e-01 4.516920700240000253e-01
1.403715893634057999e+09 9.073202221999999706e-01 2.096792621100000087e+00 9.535188349000000008e-01 3.769081957000000038e-01 5.306159480000000039e-01 -6.085305997000000078e-01 4.539575276189999897e-01
1.403715893684058189e+09 9.062582353000000479e-01 2.100066208699999937e+00 9.595423835999999929e-01 3.803633618999999744e-01 5.288933618000000170e-01 -6.077483890999999527e-01 4.541337031309999883e-01
1.403715893734057903e+09 9.046692844999999483e-01 2.103318137600000082e+00 9.663484682999999853e-01 3.824553687000000202e-01 5.276874265000000008e-01 -6.082188030999999828e-01 4.531487155560000035e-01
1.403715893784058094e+09 9.021175377000000273e-01 2.106793096300000112e+00 9.736088220999999931e-01 3.820666396999999881e-01 5.279376075999999696e-01 -6.087637152000000551e-01 4.524529858279999761e-01
1.403715893834058046e+09 8.988790204000000061e-01 2.110792227000000132e+00 9.806446072000000180e-01 3.784291216999999818e-01 5.306582619999999917e-01 -6.097738340999999673e-01 4.509646105339999989e-01
1.403715893884057999e+09 8.948999103000000455e-01 2.115141005399999941e+00 9.880006382999999559e-01 3.748375240999999858e-01 5.329242517000000179e-01 -6.128535726999999600e-01 4.471007389889999906e-01
1.403715893934057951e+09 8.906275007999999715e-01 2.119929446500000036e+00 9.965879007000000289e-01 3.727350808000000071e-01 5.341438518000000135e-01 -6.148470889999999578e-01 4.446593777849999762e-01
1.403715893984058142e+09 8.858677256000000444e-01 2.125172862099999893e+00 1.005151863800000100e+00 3.691439682000000055e-01 5.363270948999999677e-01 -6.176439567999999491e-01 4.411370769560000182e-01
1.403715894034058094e+09 8.810409515999999552e-01 2.130696453000000101e+00 1.013951674699999916e+00 3.649525734999999882e-01 5.387287214999999518e-01 -6.212858294999999975e-01 4.365603070949999887e-01
1.403715894084058046e+09 8.768677461999999645e-01 2.136487141799999989e+00 1.022199505799999963e+00 3.597890187000000184e-01 5.420132724999999763e-01 -6.246706520000000484e-01 4.319259786529999756e-01
1.403715894134057999e+09 8.733507292000000088e-01 2.142283940200000014e+00 1.030257148300000036e+00 3.558063184999999962e-01 5.443494585999999469e-01 -6.247831388000000263e-01 4.321244729070000123e-01
1.403715894184058189e+09 8.713106466000000161e-01 2.148207377999999945e+00 1.040263200100000063e+00 3.531910595000000153e-01 5.456654303000000317e-01 -6.211579237000000031e-01 4.377992091410000119e-01
1.403715894234057903e+09 8.703953330000000488e-01 2.154691501099999851e+00 1.052912353900000042e+00 3.521659850000000147e-01 5.458369922000000374e-01 -6.168423000999999628e-01 4.444622297849999959e-01
1.403715894284058094e+09 8.700714782999999786e-01 2.162162169000000134e+00 1.067585855099999925e+00 3.503495738999999887e-01 5.466899415000000539e-01 -6.117673155999999723e-01 4.518030936720000001e-01
1.403715894334058046e+09 8.701314695999999849e-01 2.171042567499999798e+00 1.083923812399999909e+00 3.479055241999999826e-01 5.479490134000000179e-01 -6.081564982999999591e-01 4.570112674210000114e-01
1.403715894384057999e+09 8.705699202000000136e-01 2.181589793800000177e+00 1.101695237900000013e+00 3.461700368000000250e-01 5.484165450000000330e-01 -6.055622999999999978e-01 4.611939935159999893e-01
1.403715894434057951e+09 8.709045806999999861e-01 2.194070310899999932e+00 1.118752005900000013e+00 3.446357898999999891e-01 5.486051989000000351e-01 -6.049579191999999717e-01 4.629086562440000163e-01
1.403715894484058142e+09 8.710908490000000004e-01 2.208625764199999786e+00 1.133850461500000018e+00 3.432523791000000046e-01 5.488856372000000539e-01 -6.068939943000000170e-01 4.610662004910000000e-01
1.403715894534058094e+09 8.713998893000000079e-01 2.225031100599999867e+00 1.146451741299999938e+00 3.423542690999999971e-01 5.490124718000000126e-01 -6.101389824999999822e-01 4.572846840109999755e-01
1.403715894584058046e+09 8.719954183000000469e-01 2.242817025799999975e+00 1.156957439299999946e+00 3.411248802999999885e-01 5.491511302999999566e-01 -6.126509557000000550e-01 4.546709344930000007e-01
1.403715894634057999e+09 8.733018541000000523e-01 2.262174799399999880e+00 1.166108787400000013e+00 3.409911572000000057e-01 5.488590972000000345e-01 -6.149922415999999892e-01 4.519549367760000158e-01
1.403715894684058189e+09 8.749634598000000096e-01 2.283030711399999912e+00 1.174944587599999979e+00 3.419375956999999855e-01 5.480021934000000039e-01 -6.181935938000000519e-01 4.478939129619999848e-01
1.403715894734057903e+09 8.777270470000000380e-01 2.304917995799999897e+00 1.185023026100000099e+00 3.444188152000000058e-01 5.462351212999999595e-01 -6.197371608999999726e-01 4.460142636739999888e-01
1.403715894784058094e+09 8.812452804000000528e-01 2.327833468200000144e+00 1.196320152600000020e+00 3.481986032000000120e-01 5.436029133999999985e-01 -6.208390388000000204e-01 4.447611641399999982e-01
1.403715894834058046e+09 8.855545280000000075e-01 2.351327037899999972e+00 1.208568165299999997e+00 3.521342407999999979e-01 5.409047999999999634e-01 -6.209253247999999559e-01 4.448316701219999780e-01
1.403715894884057999e+09 8.907073122999999981e-01 2.375498629400000006e+00 1.221523589500000062e+00 3.557470703000000234e-01 5.386486730999999750e-01 -6.202070307999999477e-01 4.456959365750000068e-01
1.403715894934057951e+09 8.961841981000000512e-01 2.400082471200000178e+00 1.234934960999999998e+00 3.581197171000000123e-01 5.369861959999999712e-01 -6.190895416999999679e-01 4.473524705749999941e-01
1.403715894984058142e+09 9.017841383000000377e-01 2.425082971900000217e+00 1.249010830700000074e+00 3.603738007000000243e-01 5.355132604000000240e-01 -6.185219931000000004e-01 4.480924187920000135e-01
1.403715895034058094e+09 9.073488870000000484e-01 2.450405475400000199e+00 1.263418429899999973e+00 3.618780739999999940e-01 5.344869302000000433e-01 -6.183140920999999901e-01 4.483923108749999775e-01
1.403715895084058046e+09 9.128505192000000434e-01 2.475877973899999862e+00 1.277710444500000042e+00 3.617140818999999841e-01 5.343104612000000309e-01 -6.180085091000000475e-01 4.491555819529999827e-01
1.403715895134057999e+09 9.182631699000000092e-01 2.501896181199999791e+00 1.292249252900000034e+00 3.628443011999999968e-01 5.333939599000000475e-01 -6.187970111999999689e-01 4.482467574389999987e-01
1.403715895184058189e+09 9.235668900000000292e-01 2.527957346700000052e+00 1.306403864099999979e+00 3.634228434999999813e-01 5.328135044999999792e-01 -6.194242851000000272e-01 4.476015653429999963e-01
1.403715895234057903e+09 9.284604692000000270e-01 2.554167686400000026e+00 1.320225294099999891e+00 3.643009859999999933e-01 5.320604816999999764e-01 -6.205240844999999617e-01 4.462581046890000125e-01
1.403715895284058094e+09 9.332620482000000273e-01 2.580131488800000206e+00 1.333717000800000108e+00 3.645613930000000114e-01 5.317246905000000412e-01 -6.205511446999999459e-01 4.464080208199999733e-01
1.403715895334058046e+09 9.381679466000000245e-01 2.606151612200000134e+00 1.346768734999999939e+00 3.646845875999999986e-01 5.315437131000000370e-01 -6.209193266000000433e-01 4.460107874479999901e-01
1.403715895384057999e+09 9.430340500999999653e-01 2.632410899999999998e+00 1.359524857999999892e+00 3.648436294999999885e-01 5.313064562999999518e-01 -6.208824738999999537e-01 4.462146670900000167e-01
1.403715895434057951e+09 9.473722602999999909e-01 2.658873775500000036e+00 1.371639790899999989e+00 3.646805638999999766e-01 5.311432700999999534e-01 -6.209242898000000288e-01 4.464839742560000047e-01
1.403715895484058142e+09 9.515630204999999675e-01 2.685385408100000149e+00 1.383948797299999978e+00 3.644791092999999926e-01 5.311371383999999862e-01 -6.215299577999999769e-01 4.458125511200000113e-01
1.403715895534058094e+09 9.554390797999999796e-01 2.711725152400000116e+00 1.396246101900000092e+00 3.643863371000000129e-01 5.310265575999999488e-01 -6.218024933000000365e-01 4.456400473850000155e-01
1.403715895584058046e+09 9.592289658999999524e-01 2.738013002899999826e+00 1.408446867399999913e+00 3.642295312000000118e-01 5.307306192999999839e-01 -6.229094109999999684e-01 4.445736429270000234e-01
1.403715895634057999e+09 9.634735684999999883e-01 2.764189745099999929e+00 1.420683316599999912e+00 3.640546856999999914e-01 5.307589782999999617e-01 -6.223228736000000483e-01 4.455034609719999983e-01
1.403715895684058189e+09 9.678311375999999466e-01 2.790317853199999920e+00 1.432694547100000104e+00 3.637040381000000155e-01 5.307254778000000117e-01 -6.227244080999999598e-01 4.452686284349999801e-01
1.403715895734057903e+09 9.720288293000000079e-01 2.816427715000000109e+00 1.444526914799999950e+00 3.637507829000000137e-01 5.304957893999999730e-01 -6.232902291999999900e-01 4.447121266829999753e-01
1.403715895784058094e+09 9.760430570000000472e-01 2.842531401500000054e+00 1.455835098000000105e+00 3.635604203000000201e-01 5.303568346000000489e-01 -6.236524798000000480e-01 4.445256271829999828e-01
1.403715895834058046e+09 9.801254592999999460e-01 2.868325389599999831e+00 1.467002729000000061e+00 3.636158344000000042e-01 5.301817835000000034e-01 -6.237797069999999611e-01 4.445106056790000260e-01
1.403715895884057999e+09 9.841579199000000111e-01 2.893879235900000069e+00 1.477990076400000019e+00 3.632119979000000276e-01 5.304154044000000123e-01 -6.238379351999999711e-01 4.444803414940000086e-01
1.403715895934057951e+09 9.882644177999999613e-01 2.919460596900000038e+00 1.489359984300000050e+00 3.639405305999999785e-01 5.299111001999999848e-01 -6.239482882000000341e-01 4.443310137100000001e-01
1.403715895984058142e+09 9.919595730000000389e-01 2.944998763800000141e+00 1.500380737700000022e+00 3.648504405999999922e-01 5.290885961000000304e-01 -6.250188500000000147e-01 4.430585182199999750e-01
1.403715896034058094e+09 9.956105831999999545e-01 2.970384083299999922e+00 1.511448558699999944e+00 3.656350239999999752e-01 5.285765830999999970e-01 -6.258259187000000390e-01 4.418820481899999875e-01
1.403715896084058046e+09 9.996547077999999864e-01 2.995614930699999956e+00 1.522431410800000107e+00 3.675928138999999817e-01 5.274541815000000078e-01 -6.271791163000000058e-01 4.396748407800000202e-01
1.403715896134057999e+09 1.003870695400000068e+00 3.020464414700000155e+00 1.533011081900000017e+00 3.698416668000000240e-01 5.259966906999999914e-01 -6.291984771999999948e-01 4.366393238960000200e-01
1.403715896184058189e+09 1.008116320200000082e+00 3.044863978800000037e+00 1.543390918200000073e+00 3.735784793999999964e-01 5.234043093000000368e-01 -6.309311154000000199e-01 4.340656359760000083e-01
1.403715896234057903e+09 1.012322348799999938e+00 3.068508128900000020e+00 1.553491892400000074e+00 3.787443564999999901e-01 5.194881992000000004e-01 -6.338262527000000368e-01 4.300569785830000158e-01
1.403715896284058094e+09 1.016437057299999891e+00 3.090861446799999968e+00 1.564195907500000038e+00 3.858029191999999830e-01 5.143340525999999802e-01 -6.361538069000000073e-01 4.265265803869999761e-01
1.403715896334058046e+09 1.020276041600000072e+00 3.111477908699999961e+00 1.575495600100000004e+00 3.933427260999999842e-01 5.086874542000000554e-01 -6.390614112000000402e-01 4.220415696770000169e-01
1.403715896384057999e+09 1.023369125100000110e+00 3.129812160899999807e+00 1.586642504300000089e+00 3.996764101999999985e-01 5.039771615999999455e-01 -6.418660457000000541e-01 4.174610965860000023e-01
1.403715896434057951e+09 1.025940084099999927e+00 3.145224605600000167e+00 1.597441763099999967e+00 4.045425668000000030e-01 5.002602577000000439e-01 -6.434334018999999794e-01 4.148233882979999732e-01
1.403715896484058142e+09 1.027766697799999962e+00 3.157910900000000076e+00 1.608028560099999948e+00 4.094649369000000205e-01 4.965042507999999910e-01 -6.452812383999999568e-01 4.116237574750000183e-01
1.403715896534058094e+09 1.028699817999999988e+00 3.167161075300000128e+00 1.618580424099999915e+00 4.134483208999999992e-01 4.936257662999999907e-01 -6.456978719999999505e-01 4.104489576990000277e-01
1.403715896584058046e+09 1.028741215399999964e+00 3.172859788699999850e+00 1.629496765400000102e+00 4.178853998000000014e-01 4.902707725000000072e-01 -6.460396497999999488e-01 4.094375816629999831e-01
1.403715896634057999e+09 1.027641331999999963e+00 3.174729450000000064e+00 1.640454785299999996e+00 4.212046135999999996e-01 4.877848403999999749e-01 -6.456035368000000441e-01 4.096934174779999771e-01
1.403715896684058189e+09 1.025201627199999965e+00 3.172788938200000075e+00 1.651335974800000050e+00 4.235982412000000030e-01 4.859765327000000190e-01 -6.451985956000000355e-01 4.100123313699999827e-01
1.403715896734057903e+09 1.021162767999999943e+00 3.167371388799999909e+00 1.662052522500000018e+00 4.257801747000000137e-01 4.846696041999999927e-01 -6.454322091999999955e-01 4.089301662350000033e-01
1.403715896784058094e+09 1.015687826199999977e+00 3.158076607599999974e+00 1.672019263399999955e+00 4.260566753999999734e-01 4.848637672000000176e-01 -6.469451819999999520e-01 4.060107980850000131e-01
1.403715896834058046e+09 1.009001074599999992e+00 3.144900146199999913e+00 1.682046136000000081e+00 4.264453067999999791e-01 4.851340438999999782e-01 -6.492318421999999645e-01 4.016059944929999959e-01
1.403715896884057999e+09 1.001237791799999943e+00 3.127539332400000038e+00 1.692314021300000082e+00 4.272031689999999937e-01 4.846097233000000171e-01 -6.517367054999999576e-01 3.973539169659999759e-01
1.403715896934057951e+09 9.924803058000000178e-01 3.106271412399999932e+00 1.702672721199999906e+00 4.291827543000000245e-01 4.833361890000000272e-01 -6.547633872000000466e-01 3.917565552699999731e-01
1.403715896984058142e+09 9.828292130000000348e-01 3.080450469100000088e+00 1.713377369000000039e+00 4.323321266999999857e-01 4.809448527999999889e-01 -6.582720113000000151e-01 3.853036983550000016e-01
1.403715897034058094e+09 9.721853631000000329e-01 3.049680750899999904e+00 1.724298143199999966e+00 4.356142504000000137e-01 4.782583738999999778e-01 -6.618000546000000206e-01 3.788533229869999741e-01
1.403715897084058046e+09 9.610646690999999908e-01 3.013331431900000190e+00 1.734981530700000052e+00 4.381029967000000247e-01 4.762426752999999735e-01 -6.643108608000000137e-01 3.740985948830000130e-01
1.403715897134057999e+09 9.494286086000000013e-01 2.971082712799999914e+00 1.745666525499999899e+00 4.388248263000000260e-01 4.753109875000000040e-01 -6.652976712000000514e-01 3.726811581889999947e-01
1.403715897184058189e+09 9.373226931000000484e-01 2.922865375000000210e+00 1.756199687000000065e+00 4.380529598999999830e-01 4.756318687000000156e-01 -6.651969884999999749e-01 3.733589376329999876e-01
1.403715897234057903e+09 9.244194922999999786e-01 2.869014287600000213e+00 1.765868676700000028e+00 4.333798669000000214e-01 4.794061091999999857e-01 -6.637868276999999706e-01 3.764820326250000182e-01
1.403715897284058094e+09 9.112064054999999829e-01 2.809614737600000023e+00 1.774931781700000100e+00 4.252045434999999762e-01 4.859723155999999822e-01 -6.601226061999999617e-01 3.837579306919999822e-01
1.403715897334058046e+09 8.977329667000000235e-01 2.745752732600000190e+00 1.783464120999999958e+00 4.141399017999999876e-01 4.948973528999999760e-01 -6.552067204999999506e-01 3.927708050090000236e-01
1.403715897384057999e+09 8.841271446999999784e-01 2.678221437299999952e+00 1.792129661799999996e+00 4.014623364000000083e-01 5.048237917000000241e-01 -6.491439691000000511e-01 4.032282717549999784e-01
1.403715897434057951e+09 8.706229470999999887e-01 2.608665857800000154e+00 1.801407684800000020e+00 3.912117636999999926e-01 5.123272854999999515e-01 -6.451686821000000016e-01 4.101603103140000206e-01
1.403715897484058142e+09 8.576824856000000441e-01 2.537493462000000033e+00 1.810978563499999971e+00 3.840595405000000184e-01 5.173931610999999986e-01 -6.413581404999999513e-01 4.164880812439999969e-01
1.403715897534058094e+09 8.451739205999999616e-01 2.465392271499999843e+00 1.820480151800000002e+00 3.788199332000000141e-01 5.212170567999999671e-01 -6.388028210999999734e-01 4.204273940559999923e-01
1.403715897584058046e+09 8.335525446999999533e-01 2.392856630999999901e+00 1.829882819799999893e+00 3.773418483000000045e-01 5.218362079999999681e-01 -6.386926990000000304e-01 4.211552417569999762e-01
1.403715897634057999e+09 8.226157144000000310e-01 2.320008452400000198e+00 1.839387549800000077e+00 3.793131284999999853e-01 5.199473081000000052e-01 -6.401795436999999644e-01 4.194597707280000032e-01
1.403715897684058189e+09 8.119057353999999949e-01 2.246427010300000138e+00 1.847958440099999988e+00 3.815400217000000094e-01 5.180503011000000546e-01 -6.414386855000000498e-01 4.178606347180000014e-01
1.403715897734057903e+09 8.013873685000000302e-01 2.172314956200000147e+00 1.856950750800000050e+00 3.866719993000000133e-01 5.137576391999999492e-01 -6.443686511999999755e-01 4.139165308809999999e-01
1.403715897784058094e+09 7.913604251000000422e-01 2.096710036999999804e+00 1.865675618400000069e+00 3.905860433000000187e-01 5.106012152000000137e-01 -6.458112236999999922e-01 4.118941674339999803e-01
1.403715897834058046e+09 7.815120060000000368e-01 2.019507787399999810e+00 1.873738429299999897e+00 3.938027968000000212e-01 5.078860907000000147e-01 -6.463409487000000286e-01 4.113568452670000042e-01
1.403715897884057999e+09 7.718290539000000061e-01 1.940490771099999900e+00 1.881782289800000063e+00 3.969389991999999756e-01 5.053349120000000250e-01 -6.455162293999999745e-01 4.127770041850000182e-01
1.403715897934057951e+09 7.619478207000000003e-01 1.859533942699999942e+00 1.889041488699999993e+00 3.961248533000000238e-01 5.059912999000000244e-01 -6.428554489000000149e-01 4.168870072790000214e-01
1.403715897984058142e+09 7.523847928000000351e-01 1.777018371200000058e+00 1.896348706499999981e+00 3.960008851999999857e-01 5.061571799999999843e-01 -6.406174420000000369e-01 4.202350545460000197e-01
1.403715898034058094e+09 7.424376693999999999e-01 1.692875023900000109e+00 1.903583181199999919e+00 3.952486700000000241e-01 5.066698267999999450e-01 -6.363401213999999584e-01 4.267732715229999862e-01
1.403715898084058046e+09 7.318606465000000449e-01 1.607607376999999893e+00 1.910990154500000093e+00 3.954590237000000230e-01 5.056928700999999693e-01 -6.316761813000000281e-01 4.345941596819999919e-01
1.403715898134057999e+09 7.206964143999999850e-01 1.521389493000000037e+00 1.918110239200000011e+00 3.944628381999999989e-01 5.044099836000000003e-01 -6.274342337999999630e-01 4.430529539759999746e-01
1.403715898184058189e+09 7.085961465000000237e-01 1.434590066699999999e+00 1.925264927600000009e+00 3.936366403000000069e-01 5.013489775999999676e-01 -6.251019036999999612e-01 4.504964019159999888e-01
1.403715898234057903e+09 6.952016280999999687e-01 1.347479999599999978e+00 1.931920880000000063e+00 3.902605262000000130e-01 4.988603522999999762e-01 -6.241318474999999477e-01 4.574871664799999849e-01
1.403715898284058094e+09 6.803039105000000530e-01 1.260362317900000084e+00 1.937298277800000079e+00 3.850657377999999742e-01 4.964016240999999940e-01 -6.255739000000000161e-01 4.625657799369999879e-01
1.403715898334058046e+09 6.632547471999999944e-01 1.173558489599999977e+00 1.941619295099999976e+00 3.788611579000000229e-01 4.934589689000000168e-01 -6.287970155000000005e-01 4.664512647019999902e-01
1.403715898384057999e+09 6.445502135999999771e-01 1.087233313300000059e+00 1.944722303300000066e+00 3.716062559000000154e-01 4.904019578000000101e-01 -6.337480715000000098e-01 4.688049617830000182e-01
1.403715898434057951e+09 6.247025325999999712e-01 1.001660940400000088e+00 1.946460689600000071e+00 3.628913437999999880e-01 4.876507936999999737e-01 -6.404991803999999789e-01 4.693265130279999919e-01
1.403715898484058142e+09 6.041210554000000510e-01 9.168487884999999560e-01 1.947623474200000038e+00 3.545358542000000002e-01 4.836074949999999983e-01 -6.481857027999999854e-01 4.693435986369999813e-01
1.403715898534058094e+09 5.830754377000000321e-01 8.326707330999999490e-01 1.947790602700000040e+00 3.453195360999999908e-01 4.798949314000000022e-01 -6.561166452000000149e-01 4.690055657700000213e-01
1.403715898584058046e+09 5.620787314999999840e-01 7.490449930000000478e-01 1.947711325400000026e+00 3.369344280000000080e-01 4.750838479999999753e-01 -6.630564528000000291e-01 4.702410753580000269e-01
1.403715898634057999e+09 5.413577540999999771e-01 6.662013762999999811e-01 1.945682588299999960e+00 3.286846741000000183e-01 4.694945079999999771e-01 -6.702745985000000406e-01 4.714586456100000045e-01
1.403715898684058189e+09 5.208232752000000465e-01 5.839125876999999853e-01 1.942112454799999943e+00 3.230798885000000231e-01 4.614645303000000087e-01 -6.749322235000000392e-01 4.765882568889999726e-01
1.403715898734057903e+09 5.003146992000000459e-01 5.025940339000000145e-01 1.935619196600000036e+00 3.180492872999999832e-01 4.533050091999999975e-01 -6.795328764000000410e-01 4.812424434540000240e-01
1.403715898784058094e+09 4.792826156000000171e-01 4.223587903000000088e-01 1.925459148000000065e+00 3.116898933999999732e-01 4.470684339000000063e-01 -6.844286065000000363e-01 4.842899012160000183e-01
1.403715898834058046e+09 4.583596086000000236e-01 3.430378625000000126e-01 1.912258688599999923e+00 3.062263214000000011e-01 4.413577028999999818e-01 -6.889752443000000115e-01 4.865613331570000089e-01
1.403715898884057999e+09 4.377847504999999861e-01 2.646476976000000092e-01 1.896340501200000084e+00 3.010791595000000265e-01 4.367575483000000203e-01 -6.926995042000000380e-01 4.886323573579999802e-01
1.403715898934057951e+09 4.175933815000000271e-01 1.874850764999999864e-01 1.877355882000000031e+00 2.972022648000000045e-01 4.324696243000000218e-01 -6.966951422999999588e-01 4.891387499329999944e-01
1.403715898984058142e+09 3.980485189999999895e-01 1.112738372000000031e-01 1.855591262799999974e+00 2.927424720999999841e-01 4.298456578000000028e-01 -6.993280304000000225e-01 4.903823625529999952e-01
1.403715899034058094e+09 3.794535367999999909e-01 3.602494230000000131e-02 1.831468792099999909e+00 2.909963688000000159e-01 4.264096922999999761e-01 -7.012145854000000345e-01 4.917255259969999792e-01
1.403715899084058046e+09 3.610692161999999872e-01 -3.834466809999999976e-02 1.804453732000000032e+00 2.877898391000000000e-01 4.249619347999999963e-01 -7.038339839999999681e-01 4.911232894540000227e-01
1.403715899134057999e+09 3.434711765999999833e-01 -1.115622827999999955e-01 1.776488572299999902e+00 2.844478951000000144e-01 4.242872454000000126e-01 -7.074999650000000084e-01 4.883784677920000039e-01
1.403715899184058189e+09 3.269184703999999941e-01 -1.841634869999999868e-01 1.749381994699999998e+00 2.795724005999999928e-01 4.253651558000000055e-01 -7.108112458999999994e-01 4.854391102699999738e-01
1.403715899234057903e+09 3.114820949000000061e-01 -2.562308415999999811e-01 1.723792651399999931e+00 2.723371627999999767e-01 4.287562522999999737e-01 -7.131928312999999964e-01 4.830699030689999951e-01
1.403715899284058094e+09 2.976558267000000146e-01 -3.273545474999999816e-01 1.701158175300000019e+00 2.661961393000000231e-01 4.321174675000000187e-01 -7.150411274000000317e-01 4.807601229130000209e-01
1.403715899334058046e+09 2.852517453000000258e-01 -3.971164678999999920e-01 1.680895821700000070e+00 2.598553047000000116e-01 4.359620181000000150e-01 -7.179911894999999600e-01 4.763412549089999781e-01
1.403715899384057999e+09 2.755008722000000243e-01 -4.661032591000000003e-01 1.664274438000000078e+00 2.536912441999999990e-01 4.402870179999999745e-01 -7.194764794000000352e-01 4.734360464010000102e-01
1.403715899434057951e+09 2.691545300000000029e-01 -5.344232773000000547e-01 1.651609259600000046e+00 2.484786686999999883e-01 4.444069721000000195e-01 -7.192429503999999696e-01 4.727053761130000087e-01
1.403715899484058142e+09 2.666101885000000116e-01 -6.016265282999999631e-01 1.643318824699999903e+00 2.475303969000000048e-01 4.456976818999999757e-01 -7.189050661000000453e-01 4.725016242899999774e-01
1.403715899534058094e+09 2.671477943000000188e-01 -6.679447911000000460e-01 1.637046814200000089e+00 2.482100519999999866e-01 4.465211915999999781e-01 -7.185325643000000095e-01 4.719338402739999827e-01
1.403715899584058046e+09 2.708030452999999893e-01 -7.335988866000000552e-01 1.631210234999999953e+00 2.496584134000000010e-01 4.466933811000000087e-01 -7.180861963000000348e-01 4.716862459730000179e-01
1.403715899634057999e+09 2.774124674999999818e-01 -7.984269400000000294e-01 1.625356299399999926e+00 2.516473597000000173e-01 4.465613590999999993e-01 -7.186484897999999566e-01 4.698945700700000172e-01
1.403715899684058189e+09 2.867099451999999826e-01 -8.625928836999999794e-01 1.619418238499999996e+00 2.526094960999999972e-01 4.471100251999999831e-01 -7.176030832999999998e-01 4.704539113160000063e-01
1.403715899734057903e+09 2.990845514000000094e-01 -9.259342739999999461e-01 1.613141636299999959e+00 2.524280362999999916e-01 4.488574927999999797e-01 -7.157943078999999820e-01 4.716413323299999960e-01
1.403715899784058094e+09 3.146732402999999900e-01 -9.884445869000000329e-01 1.607309773000000108e+00 2.520461695999999807e-01 4.507063454999999941e-01 -7.124380980000000196e-01 4.751510023719999753e-01
1.403715899834058046e+09 3.330171446999999896e-01 -1.049993591500000045e+00 1.601887873799999973e+00 2.515995679999999957e-01 4.524922536000000051e-01 -7.076414075000000414e-01 4.808243506600000106e-01
1.403715899884057999e+09 3.537553820000000071e-01 -1.110100878199999919e+00 1.597004305100000021e+00 2.503187250000000197e-01 4.549660388999999805e-01 -7.018748685000000265e-01 4.875634403469999989e-01
1.403715899934057951e+09 3.764888428000000009e-01 -1.168115899300000038e+00 1.592427749200000076e+00 2.480786057999999905e-01 4.579568491000000074e-01 -6.965914537999999823e-01 4.934499733309999914e-01
1.403715899984058142e+09 4.012843844999999798e-01 -1.223842827599999961e+00 1.587742776400000055e+00 2.443888659000000019e-01 4.615163500000000196e-01 -6.916776392000000273e-01 4.988574790240000167e-01
1.403715900034058094e+09 4.285433811000000093e-01 -1.276774715399999982e+00 1.583258458500000021e+00 2.423208125000000102e-01 4.636623339000000010e-01 -6.878470702000000214e-01 5.031543222069999599e-01
1.403715900084058046e+09 4.577736316000000083e-01 -1.326431307300000029e+00 1.578776577299999984e+00 2.406447072000000020e-01 4.658781846999999754e-01 -6.851005712000000081e-01 5.056528940629999580e-01
1.403715900134057999e+09 4.891517236999999851e-01 -1.373128494099999930e+00 1.574493939199999915e+00 2.389673617999999999e-01 4.671492033999999904e-01 -6.831847734999999533e-01 5.078629608179999755e-01
1.403715900184058189e+09 5.225537754000000312e-01 -1.416380854300000047e+00 1.570367982899999904e+00 2.369662235999999977e-01 4.689003894000000061e-01 -6.811140326000000300e-01 5.099638303919999949e-01
1.403715900234057903e+09 5.582691668999999468e-01 -1.456008807799999971e+00 1.566642293699999966e+00 2.363669112000000017e-01 4.699447185000000249e-01 -6.795561223999999623e-01 5.113571367039999593e-01
1.403715900284058094e+09 5.962227708999999765e-01 -1.492310063199999925e+00 1.563067151600000093e+00 2.349216246999999980e-01 4.710008341999999959e-01 -6.783639679999999839e-01 5.126327841459999979e-01
1.403715900334058046e+09 6.362711179000000161e-01 -1.524672116799999921e+00 1.559915838900000074e+00 2.344516935000000024e-01 4.715671332999999965e-01 -6.784458038999999774e-01 5.122188334439999879e-01
1.403715900384057999e+09 6.786158380000000268e-01 -1.553413866599999915e+00 1.557048490499999938e+00 2.333677416000000115e-01 4.722749507999999818e-01 -6.780237174000000033e-01 5.126204313990000427e-01
1.403715900434057951e+09 7.232129964000000300e-01 -1.578091008499999948e+00 1.554558623099999926e+00 2.350476744999999978e-01 4.712165759999999981e-01 -6.794969647999999918e-01 5.108731779780000259e-01
1.403715900484058142e+09 7.700361090999999769e-01 -1.598391851599999969e+00 1.553418748799999971e+00 2.433038126000000023e-01 4.656686977999999755e-01 -6.839168012999999879e-01 5.061755896490000017e-01
1.403715900534058094e+09 8.191706042999999937e-01 -1.615797031799999894e+00 1.553836386600000008e+00 2.541026037999999931e-01 4.583967837999999850e-01 -6.863429975999999488e-01 5.042197387510000128e-01
1.403715900584058046e+09 8.696053139999999626e-01 -1.630858756899999928e+00 1.554779924400000013e+00 2.639511268999999993e-01 4.516634433999999754e-01 -6.868993181000000448e-01 5.044792001140000481e-01
1.403715900634057999e+09 9.209909548000000390e-01 -1.644013112999999970e+00 1.556530260399999976e+00 2.757190545000000048e-01 4.433548928000000111e-01 -6.873284313999999950e-01 5.049703648779999554e-01
1.403715900684058189e+09 9.729598618000000476e-01 -1.655641472999999975e+00 1.558681338299999997e+00 2.886815589999999765e-01 4.340155555999999915e-01 -6.874003194000000150e-01 5.057412933799999566e-01
1.403715900734057903e+09 1.024250942799999953e+00 -1.666284175799999989e+00 1.560888415800000040e+00 3.003615257000000205e-01 4.254643262999999731e-01 -6.851510004999999959e-01 5.092456847520000496e-01
1.403715900784058094e+09 1.074131069799999949e+00 -1.676151368500000016e+00 1.562746347800000102e+00 3.084124288000000269e-01 4.192439424000000137e-01 -6.806946968999999514e-01 5.155298439840000357e-01
1.403715900834058046e+09 1.122211406899999986e+00 -1.685088032599999952e+00 1.564675148799999915e+00 3.126294674000000273e-01 4.153670210000000029e-01 -6.745815835999999788e-01 5.240923020709999935e-01
1.403715900884057999e+09 1.168030461200000092e+00 -1.692758734000000098e+00 1.566819715400000090e+00 3.152495547999999981e-01 4.128110130000000044e-01 -6.694208501999999728e-01 5.311125220700000371e-01
1.403715900934057951e+09 1.210835834699999891e+00 -1.698923999500000059e+00 1.568865324499999936e+00 3.155827424000000048e-01 4.113863701000000095e-01 -6.653286838999999953e-01 5.371280383919999624e-01
1.403715900984058142e+09 1.250607039599999970e+00 -1.703001512199999956e+00 1.571787392400000094e+00 3.168190094000000179e-01 4.097084210999999976e-01 -6.610346956999999524e-01 5.429529040770000314e-01
1.403715901034058094e+09 1.287189526599999967e+00 -1.704939128099999923e+00 1.576181722300000088e+00 3.201159216000000196e-01 4.067667617999999874e-01 -6.569415881000000290e-01 5.481736476959999660e-01
1.403715901084058046e+09 1.319948954000000008e+00 -1.704657399200000034e+00 1.581160035799999974e+00 3.215423009999999748e-01 4.048142294000000030e-01 -6.527980528000000282e-01 5.537063216440000213e-01
1.403715901134057999e+09 1.348952847200000082e+00 -1.701746573699999932e+00 1.587016831899999980e+00 3.248899859000000112e-01 4.018362629000000186e-01 -6.496149534999999808e-01 5.576509006750000053e-01
1.403715901184058189e+09 1.373734913100000066e+00 -1.696394485699999954e+00 1.593684861300000088e+00 3.269757707000000013e-01 3.990734590000000193e-01 -6.464453615999999903e-01 5.620815013529999460e-01
1.403715901234057903e+09 1.394156290399999998e+00 -1.688140325300000022e+00 1.601126828199999963e+00 3.297263109999999942e-01 3.963709442000000194e-01 -6.445950558999999913e-01 5.645067300710000513e-01
1.403715901284058094e+09 1.409741830500000015e+00 -1.677259309799999931e+00 1.608812727599999937e+00 3.313540447000000166e-01 3.941352343000000258e-01 -6.442177301000000522e-01 5.655487869430000369e-01
1.403715901334058046e+09 1.420524565200000033e+00 -1.663595383899999947e+00 1.616798647800000044e+00 3.319629057999999855e-01 3.928331690999999903e-01 -6.462477438000000518e-01 5.637788432279999817e-01
1.403715901384057999e+09 1.426627171000000027e+00 -1.647424239900000087e+00 1.624482902200000023e+00 3.310369422000000172e-01 3.930130688999999844e-01 -6.504737282000000453e-01 5.593203013519999489e-01
1.403715901434057951e+09 1.428162614899999960e+00 -1.628977024899999959e+00 1.631499439900000015e+00 3.290174550000000142e-01 3.944450782999999738e-01 -6.573149464999999969e-01 5.514505015520000386e-01
1.403715901484058142e+09 1.425341490199999894e+00 -1.608980867999999953e+00 1.638208000999999969e+00 3.244057390000000263e-01 3.973461238000000062e-01 -6.641740381999999832e-01 5.438288530249999475e-01
1.403715901534058094e+09 1.419277772799999893e+00 -1.587633997299999988e+00 1.645419296800000097e+00 3.203078374000000172e-01 3.999525815000000151e-01 -6.696506581000000180e-01 5.375954036229999566e-01
1.403715901584058046e+09 1.410513557999999890e+00 -1.565435724899999936e+00 1.653554898799999950e+00 3.165856566999999955e-01 4.018865508999999725e-01 -6.725968423999999501e-01 5.346720580999999584e-01
1.403715901634057999e+09 1.399376056299999949e+00 -1.542269874100000049e+00 1.662332013099999894e+00 3.132172712999999886e-01 4.036127064999999736e-01 -6.733673123000000205e-01 5.343858033380000094e-01
1.403715901684058189e+09 1.385823594199999897e+00 -1.517733074599999954e+00 1.671305955500000051e+00 3.125234258999999848e-01 4.038659853000000077e-01 -6.747122777999999821e-01 5.329021639840000324e-01
1.403715901734057903e+09 1.369729861599999987e+00 -1.491996281100000044e+00 1.678802568400000084e+00 3.095012703999999726e-01 4.057444889999999860e-01 -6.770806270000000460e-01 5.302284392180000028e-01
1.403715901784058094e+09 1.351671447900000045e+00 -1.465131595299999923e+00 1.686105921900000082e+00 3.067155118000000069e-01 4.075551574999999871e-01 -6.801836585999999629e-01 5.264737211200000155e-01
1.403715901834058046e+09 1.332073905399999925e+00 -1.437460499399999980e+00 1.692984671899999904e+00 3.035788150000000019e-01 4.099962741000000022e-01 -6.832798597999999446e-01 5.223711242540000077e-01
1.403715901884057999e+09 1.310972247800000101e+00 -1.409145548399999948e+00 1.699694538099999930e+00 3.003002678000000203e-01 4.126187534999999906e-01 -6.852659558000000484e-01 5.195922278819999907e-01
1.403715901934057951e+09 1.288799809699999965e+00 -1.379951259800000107e+00 1.705828930700000079e+00 2.994715218999999817e-01 4.135285884000000078e-01 -6.871134161999999934e-01 5.169004424440000189e-01
1.403715901984058142e+09 1.265463073500000091e+00 -1.350089722000000103e+00 1.711635934900000100e+00 2.986761287999999959e-01 4.144649351999999953e-01 -6.884205385999999649e-01 5.148675069289999628e-01
1.403715902034058094e+09 1.241026851800000053e+00 -1.319701430000000064e+00 1.717745442200000028e+00 2.993896207000000254e-01 4.143469893999999765e-01 -6.881786536999999759e-01 5.148714092430000111e-01
1.403715902084058046e+09 1.215520729400000111e+00 -1.288808102399999989e+00 1.723322253599999909e+00 2.997529929000000148e-01 4.141639480000000040e-01 -6.869013280000000332e-01 5.165103416159999572e-01
1.403715902134057999e+09 1.189065032100000030e+00 -1.257350279600000009e+00 1.727747703199999929e+00 2.977982784000000049e-01 4.159909280999999903e-01 -6.853510004999999738e-01 5.182294271720000456e-01
1.403715902184058189e+09 1.161863099400000099e+00 -1.225028861800000035e+00 1.731797051300000057e+00 2.958034077999999734e-01 4.181775254999999802e-01 -6.835414293999999558e-01 5.199990532860000458e-01
1.403715902234057903e+09 1.133989059299999935e+00 -1.192104274699999911e+00 1.734840038299999998e+00 2.913249862999999773e-01 4.215622920000000051e-01 -6.827507058999999767e-01 5.208324681789999744e-01
1.403715902284058094e+09 1.105731018399999988e+00 -1.157732251499999920e+00 1.737533465600000104e+00 2.879060088000000017e-01 4.245523057000000211e-01 -6.833532879999999476e-01 5.195129966010000322e-01
1.403715902334058046e+09 1.076878234899999898e+00 -1.122380713200000102e+00 1.740035461499999991e+00 2.830168402000000083e-01 4.283481693999999784e-01 -6.841727689000000057e-01 5.180028342579999778e-01
1.403715902384057999e+09 1.047694029100000090e+00 -1.085712417799999940e+00 1.742872048499999993e+00 2.799267082999999934e-01 4.310044551000000168e-01 -6.854967213999999531e-01 5.157232228110000261e-01
1.403715902434057951e+09 1.018792816599999984e+00 -1.047668167399999906e+00 1.746470784800000065e+00 2.780281474999999891e-01 4.327461121999999771e-01 -6.865389010000000347e-01 5.139022173809999483e-01
1.403715902484058142e+09 9.901636115999999932e-01 -1.007902495900000028e+00 1.750270543500000109e+00 2.793377088999999813e-01 4.324418399000000135e-01 -6.897264691000000170e-01 5.091580278499999723e-01
1.403715902534058094e+09 9.619833077999999649e-01 -9.670621028000000452e-01 1.754477788199999999e+00 2.820305577000000175e-01 4.308633964999999955e-01 -6.940129363999999468e-01 5.031516095679999800e-01
1.403715902584058046e+09 9.342744913999999623e-01 -9.253910134999999704e-01 1.758564012499999940e+00 2.843625370000000263e-01 4.305633367999999739e-01 -6.976583790000000507e-01 4.970170488219999849e-01
1.403715902634057999e+09 9.069529476000000034e-01 -8.832688456999999715e-01 1.762900719899999968e+00 2.872579345999999867e-01 4.312933185000000225e-01 -6.999385423999999745e-01 4.914824405479999991e-01
1.403715902684058189e+09 8.802929951000000308e-01 -8.409574537999999766e-01 1.766810981699999950e+00 2.903637854000000185e-01 4.333448711999999814e-01 -7.016653136999999596e-01 4.853523280240000237e-01
1.403715902734057903e+09 8.536067961000000093e-01 -7.985463184000000103e-01 1.768242310600000033e+00 2.923721872000000221e-01 4.382089967999999724e-01 -7.026760077999999465e-01 4.782654151629999739e-01
1.403715902784058094e+09 8.280830628999999998e-01 -7.569493087999999981e-01 1.766945754800000046e+00 2.942616519999999847e-01 4.445996831999999843e-01 -7.022694013000000401e-01 4.717614756440000057e-01
1.403715902834058046e+09 8.038168715000000297e-01 -7.159656715000000116e-01 1.762796107800000067e+00 2.973208433999999789e-01 4.512752664999999941e-01 -7.012078797999999891e-01 4.650359762549999831e-01
1.403715902884057999e+09 7.811250431999999799e-01 -6.756090568999999491e-01 1.755312798100000071e+00 2.992194190999999948e-01 4.597054702000000215e-01 -6.991004763000000510e-01 4.586906843760000241e-01
1.403715902934057951e+09 7.600527038000000069e-01 -6.361614133999999865e-01 1.745901378599999942e+00 3.019582055000000209e-01 4.678818686999999810e-01 -6.956901737999999780e-01 4.537873744520000141e-01
1.403715902984058142e+09 7.406726666999999820e-01 -5.976953806999999452e-01 1.735935536399999979e+00 3.032285717000000047e-01 4.778394682000000060e-01 -6.897506482999999911e-01 4.516258617880000159e-01
1.403715903034058094e+09 7.232487356000000256e-01 -5.597181211999999739e-01 1.727017092000000087e+00 3.080150702000000185e-01 4.863708431000000054e-01 -6.831679658999999516e-01 4.492790334380000195e-01
1.403715903084058046e+09 7.073705368999999576e-01 -5.225463748999999991e-01 1.717855381199999920e+00 3.109090809000000233e-01 4.965115741000000193e-01 -6.753648505999999552e-01 4.479889716689999801e-01
1.403715903134057999e+09 6.934551563999999946e-01 -4.856151771000000172e-01 1.709104313599999925e+00 3.141672246000000168e-01 5.064114346000000433e-01 -6.671193595000000087e-01 4.469878903460000052e-01
1.403715903184058189e+09 6.815669036000000514e-01 -4.490447824000000088e-01 1.701064399000000060e+00 3.162651103999999935e-01 5.158516094999999746e-01 -6.590322054999999679e-01 4.467102517559999875e-01
1.403715903234057903e+09 6.716263591000000144e-01 -4.122484750000000031e-01 1.693677839600000068e+00 3.197835889000000265e-01 5.225986740000000408e-01 -6.541525712000000325e-01 4.435239517780000251e-01
1.403715903284058094e+09 6.635036730000000160e-01 -3.752725158999999922e-01 1.686467472099999920e+00 3.222322293000000060e-01 5.286544790999999632e-01 -6.520191378999999898e-01 4.376778220159999733e-01
1.403715903334058046e+09 6.578374700000000352e-01 -3.383578161999999945e-01 1.679819021099999921e+00 3.244758388000000271e-01 5.335189004999999485e-01 -6.508649075000000339e-01 4.317961151270000020e-01
1.403715903384057999e+09 6.542948389999999614e-01 -3.012167202000000099e-01 1.674096193500000052e+00 3.266583033000000080e-01 5.386657019999999685e-01 -6.503224544000000273e-01 4.245165717439999820e-01
1.403715903434057951e+09 6.535073701000000401e-01 -2.639984703000000099e-01 1.671173156200000065e+00 3.299317600000000184e-01 5.436864220999999553e-01 -6.489378766000000187e-01 4.176478666389999983e-01
1.403715903484058142e+09 6.558233808000000220e-01 -2.267897692999999992e-01 1.671543791499999987e+00 3.332587515000000056e-01 5.494556850999999797e-01 -6.460212807999999862e-01 4.119387811729999793e-01
1.403715903534058094e+09 6.612379976000000159e-01 -1.897209075999999883e-01 1.675599845600000082e+00 3.379639273999999749e-01 5.553672442000000542e-01 -6.420534674000000219e-01 4.063433927449999761e-01
1.403715903584058046e+09 6.697962117000000326e-01 -1.530818683999999874e-01 1.683406557300000106e+00 3.433427341999999993e-01 5.619210784000000514e-01 -6.360035464000000083e-01 4.023182291610000183e-01
1.403715903634057999e+09 6.814065751000000226e-01 -1.166046225999999991e-01 1.694808381300000111e+00 3.488543157999999811e-01 5.692051567000000478e-01 -6.297113430999999872e-01 3.972024425230000211e-01
1.403715903684058189e+09 6.959100495000000164e-01 -8.048790029999999818e-02 1.709982159700000004e+00 3.558612575999999805e-01 5.763194083999999551e-01 -6.215214301999999469e-01 3.936112506989999926e-01
1.403715903734057903e+09 7.130197732999999927e-01 -4.473483720000000219e-02 1.728539747499999946e+00 3.635985708000000205e-01 5.834648489999999521e-01 -6.117267056999999841e-01 3.913505932079999750e-01
1.403715903784058094e+09 7.330671719000000364e-01 -8.686213200000000856e-03 1.750874232399999952e+00 3.761078527000000227e-01 5.878157553999999729e-01 -6.027535615000000346e-01 3.869155786180000223e-01
1.403715903834058046e+09 7.554942220999999458e-01 2.697975069999999920e-02 1.776475648899999982e+00 3.879251848999999974e-01 5.934570957000000480e-01 -5.925305332000000424e-01 3.824006978180000127e-01
1.403715903884057999e+09 7.798414736000000014e-01 6.219109789999999888e-02 1.805183118099999984e+00 4.015786618000000141e-01 5.986542404000000372e-01 -5.812165148000000281e-01 3.775381328169999939e-01
1.403715903934057951e+09 8.055377072999999610e-01 9.667494059999999501e-02 1.834555998799999976e+00 4.136897880000000027e-01 6.057359417000000024e-01 -5.682001968000000014e-01 3.729520942569999886e-01
1.403715903984058142e+09 8.324063493000000147e-01 1.305143595000000101e-01 1.863686604199999985e+00 4.251712193000000140e-01 6.138034505999999668e-01 -5.537222571000000038e-01 3.686006243809999972e-01
1.403715904034058094e+09 8.593452593999999500e-01 1.638841635999999935e-01 1.893114823899999966e+00 4.375361025999999764e-01 6.212736910999999695e-01 -5.401851886999999852e-01 3.616367259289999803e-01
1.403715904084058046e+09 8.861963854000000085e-01 1.962026924999999977e-01 1.921774282399999922e+00 4.484243081000000020e-01 6.297631363000000260e-01 -5.267262844000000221e-01 3.533743813040000070e-01
1.403715904134057999e+09 9.132949993000000211e-01 2.273334481000000018e-01 1.949995241699999937e+00 4.586087065000000185e-01 6.385480431000000179e-01 -5.129385892000000169e-01 3.447150339489999937e-01
1.403715904184058189e+09 9.397865801000000463e-01 2.566026486999999912e-01 1.976574529899999932e+00 4.657830580999999803e-01 6.494498453999999477e-01 -4.975555865999999883e-01 3.371935338750000066e-01
1.403715904234057903e+09 9.657673159999999868e-01 2.845069161000000069e-01 2.002758133099999949e+00 4.722905886000000053e-01 6.603983828999999695e-01 -4.821586499000000137e-01 3.291483131369999926e-01
1.403715904284058094e+09 9.918551120999999915e-01 3.110452042999999889e-01 2.027843682399999903e+00 4.771052989999999827e-01 6.721355234000000456e-01 -4.641365816999999949e-01 3.243171370879999738e-01
1.403715904334058046e+09 1.018236951900000076e+00 3.369974260999999971e-01 2.052062168099999973e+00 4.831406328000000250e-01 6.821372039999999970e-01 -4.457537516000000255e-01 3.202617003239999760e-01
1.403715904384057999e+09 1.044246708400000001e+00 3.625973267000000000e-01 2.074094697500000084e+00 4.887377534999999829e-01 6.915910369000000113e-01 -4.273852459999999964e-01 3.165108173210000042e-01
1.403715904434057951e+09 1.069821215499999978e+00 3.881165300000000151e-01 2.093806785900000023e+00 4.957072573999999898e-01 6.988042924999999794e-01 -4.117206821000000128e-01 3.105365608749999784e-01
1.403715904484058142e+09 1.094819465500000089e+00 4.132085101999999899e-01 2.110414593299999808e+00 5.010953881999999915e-01 7.059847031000000550e-01 -3.963650573999999982e-01 3.055875525110000046e-01
1.403715904534058094e+09 1.119179823100000082e+00 4.379557584000000059e-01 2.123529464499999797e+00 5.051278327999999540e-01 7.133284031000000081e-01 -3.798009714000000203e-01 3.029186095179999816e-01
1.403715904584058046e+09 1.142483327199999898e+00 4.626738167000000179e-01 2.133554629299999839e+00 5.096619021999999610e-01 7.198117078000000335e-01 -3.632433411000000056e-01 3.002834092519999776e-01
1.403715904634057999e+09 1.164107957999999998e+00 4.877054715999999956e-01 2.140701276000000153e+00 5.143963743999999672e-01 7.257967735999999448e-01 -3.469493238999999951e-01 2.970548434429999829e-01
1.403715904684058189e+09 1.183458805599999941e+00 5.130042463999999747e-01 2.145188518299999902e+00 5.206544142000000264e-01 7.307318506000000102e-01 -3.314830328999999742e-01 2.916658060199999736e-01
1.403715904734057903e+09 1.200064037500000014e+00 5.387153009999999798e-01 2.147099723100000190e+00 5.281711800999999706e-01 7.352524873000000349e-01 -3.188532044999999870e-01 2.806628199860000117e-01
1.403715904784058094e+09 1.214162583100000026e+00 5.646148154000000252e-01 2.146547798099999849e+00 5.359661600999999775e-01 7.398464643000000063e-01 -3.081395834999999805e-01 2.653629243499999735e-01
1.403715904834058046e+09 1.226415260200000024e+00 5.902943086999999922e-01 2.143038806699999910e+00 5.427795743000000117e-01 7.452294256999999478e-01 -2.965412038999999944e-01 2.491721316830000088e-01
1.403715904884057999e+09 1.236809768799999931e+00 6.153144836999999701e-01 2.136640477199999832e+00 5.506709036000000390e-01 7.497356232999999870e-01 -2.830798016000000139e-01 2.335034839679999974e-01
1.403715904934057951e+09 1.245454368699999925e+00 6.397029574000000496e-01 2.126873895500000167e+00 5.588432410000000461e-01 7.536059280000000360e-01 -2.679115729000000057e-01 2.190792695300000092e-01
1.403715904984058142e+09 1.252535172099999983e+00 6.630197039999999875e-01 2.114425876899999945e+00 5.668471825999999991e-01 7.572909625999999506e-01 -2.517163832000000045e-01 2.045324713739999911e-01
1.403715905034058094e+09 1.258336726300000041e+00 6.850081680999999811e-01 2.099349437899999948e+00 5.752573267999999684e-01 7.600103711000000262e-01 -2.334077636999999927e-01 1.923124012549999873e-01
1.403715905084058046e+09 1.262811890600000098e+00 7.056638145000000417e-01 2.081317665099999825e+00 5.834211726000000375e-01 7.620660481000000042e-01 -2.147484749000000137e-01 1.809921717190000057e-01
1.403715905134057999e+09 1.265958229600000040e+00 7.243234648999999914e-01 2.060420094399999957e+00 5.921956806000000517e-01 7.627082555999999958e-01 -1.965410156999999880e-01 1.701529367290000039e-01
1.403715905184058189e+09 1.268291193600000089e+00 7.412177062999999455e-01 2.037151324999999957e+00 5.994269577999999932e-01 7.633502582000000203e-01 -1.776392034000000009e-01 1.625669678180000077e-01
1.403715905234057903e+09 1.269109695100000046e+00 7.557326484999999927e-01 2.013476937300000102e+00 6.045297684999999532e-01 7.647612983999999559e-01 -1.602542456000000115e-01 1.549273773160000089e-01
1.403715905284058094e+09 1.267806298100000006e+00 7.670769394999999991e-01 1.988500651599999891e+00 6.032794564000000248e-01 7.703835690000000458e-01 -1.437749396999999929e-01 1.479588485230000083e-01
1.403715905334058046e+09 1.264268218900000074e+00 7.755749264000000309e-01 1.963661865199999967e+00 5.997197139000000066e-01 7.772928450999999628e-01 -1.293804607000000051e-01 1.393298034869999980e-01
1.403715905384057999e+09 1.258700411700000021e+00 7.817363306000000289e-01 1.939402909800000074e+00 5.953194429999999482e-01 7.842707603999999888e-01 -1.151948564999999980e-01 1.313174788629999923e-01
1.403715905434057951e+09 1.250760738000000094e+00 7.860528802999999787e-01 1.916673531100000050e+00 5.922618660999999785e-01 7.898513457000000404e-01 -1.017236690999999971e-01 1.225276657839999978e-01
1.403715905484058142e+09 1.240452421899999935e+00 7.889904650000000297e-01 1.894365033499999962e+00 5.881125159000000213e-01 7.959339624000000279e-01 -8.923357419999999873e-02 1.124729539969999970e-01
1.403715905534058094e+09 1.228287196199999931e+00 7.907105765999999925e-01 1.872449718099999938e+00 5.845400688999999872e-01 8.011138490000000445e-01 -7.621379329999999896e-02 1.035421006299999946e-01
1.403715905584058046e+09 1.213781852799999950e+00 7.918867589000000429e-01 1.851541962900000060e+00 5.818232213999999791e-01 8.056257351000000178e-01 -6.542904060000000188e-02 9.037673740670000566e-02
1.403715905634057999e+09 1.197271420200000103e+00 7.925856399999999802e-01 1.831849711400000080e+00 5.800530175000000455e-01 8.092877822999999804e-01 -5.697130870000000069e-02 7.311670380069999753e-02
1.403715905684058189e+09 1.179450961999999992e+00 7.927633955999999760e-01 1.813065464099999913e+00 5.789422603999999639e-01 8.120946379000000270e-01 -4.888037280000000206e-02 5.421132122700000194e-02
1.403715905734057903e+09 1.160927266799999913e+00 7.922310045999999550e-01 1.794348415199999991e+00 5.769770811000000110e-01 8.150324626999999600e-01 -3.895207509999999707e-02 3.608695664349999971e-02
1.403715905784058094e+09 1.142003141400000032e+00 7.912038523000000101e-01 1.775922878600000088e+00 5.761638674000000293e-01 8.166816606000000256e-01 -2.665688609999999903e-02 1.885931148959999956e-02
1.403715905834058046e+09 1.123004133300000040e+00 7.896130640999999839e-01 1.757182328999999932e+00 5.734287064999999961e-01 8.191631807000000487e-01 -1.218798559999999948e-02 1.629410253479999984e-03
1.403715905884057999e+09 1.104581835000000067e+00 7.874993082000000255e-01 1.737987213900000105e+00 5.679316585000000472e-01 8.229437684000000530e-01 4.963129699999999957e-03 -1.387633667359999996e-02
1.403715905934057951e+09 1.086802867300000086e+00 7.856501238999999970e-01 1.718666734699999976e+00 5.605155834999999698e-01 8.273083488000000374e-01 2.322027650000000124e-02 -2.905160047109999963e-02
1.403715905984058142e+09 1.069864166999999977e+00 7.845075043000000470e-01 1.699277522600000090e+00 5.526842628000000479e-01 8.311772674999999833e-01 4.433885030000000310e-02 -4.145505938340000168e-02
1.403715906034058094e+09 1.053305377500000084e+00 7.845841241000000021e-01 1.680453278399999917e+00 5.459077585999999593e-01 8.334917203999999691e-01 6.659360070000000520e-02 -5.330631743300000280e-02
1.403715906084058046e+09 1.037232090700000109e+00 7.864170363000000386e-01 1.662672901699999928e+00 5.422462007999999667e-01 8.329343597999999682e-01 8.971996309999999419e-02 -6.434079728899999573e-02
1.403715906134057999e+09 1.021490710199999929e+00 7.901862885999999531e-01 1.646291174799999979e+00 5.426239777000000375e-01 8.288798376999999551e-01 1.150243462999999966e-01 -7.271061357010000226e-02
1.403715906184058189e+09 1.005550440299999959e+00 7.956770167000000171e-01 1.630893585399999957e+00 5.464791524000000011e-01 8.216499015999999544e-01 1.407549338000000094e-01 -8.024975960169999922e-02
1.403715906234057903e+09 9.889099259000000419e-01 8.019408086000000546e-01 1.615885025599999913e+00 5.503116970000000441e-01 8.134094922000000283e-01 1.667964063000000052e-01 -8.775530185879999723e-02
1.403715906284058094e+09 9.708609166999999651e-01 8.085515533999999560e-01 1.601235397099999958e+00 5.512836571000000463e-01 8.064143432999999472e-01 1.900274181000000118e-01 -9.834539512739999545e-02
1.403715906334058046e+09 9.515354298999999516e-01 8.151494871000000142e-01 1.586675179800000057e+00 5.505609848000000417e-01 7.996949426999999666e-01 2.135397403000000027e-01 -1.084959907779999982e-01
1.403715906384057999e+09 9.306996479000000377e-01 8.215078717999999558e-01 1.572522970300000100e+00 5.488722526000000546e-01 7.930055499000000507e-01 2.358925699999999959e-01 -1.193153115120000052e-01
1.403715906434057951e+09 9.083023151000000350e-01 8.275231500999999934e-01 1.558806191299999977e+00 5.471446038999999706e-01 7.858408115999999666e-01 2.564550970999999735e-01 -1.315970535010000109e-01
1.403715906484058142e+09 8.842679457000000021e-01 8.331837014999999846e-01 1.546244726400000102e+00 5.467490153999999825e-01 7.772651730999999842e-01 2.751527367000000113e-01 -1.456548534700000119e-01
1.403715906534058094e+09 8.586401775999999986e-01 8.382169279000000195e-01 1.534762547299999946e+00 5.460711334000000194e-01 7.683093011999999611e-01 2.939740370000000214e-01 -1.583868699390000023e-01
1.403715906584058046e+09 8.312092994999999984e-01 8.420966174999999776e-01 1.525955670399999908e+00 5.433270125000000395e-01 7.604116481999999566e-01 3.102807367000000038e-01 -1.740567355829999996e-01
1.403715906634057999e+09 8.024576321999999928e-01 8.446892091000000047e-01 1.520635785000000073e+00 5.392691482000000480e-01 7.529955634999999647e-01 3.243967325000000068e-01 -1.922322218510000014e-01
1.403715906684058189e+09 7.727519564000000507e-01 8.461108822999999779e-01 1.518972454800000094e+00 5.346375683999999850e-01 7.454134236999999663e-01 3.372111733000000000e-01 -2.116840164179999983e-01
1.403715906734057903e+09 7.427442496999999699e-01 8.463371539999999804e-01 1.520106780899999954e+00 5.286086088000000460e-01 7.379497861999999575e-01 3.511144538000000037e-01 -2.296120468429999895e-01
1.403715906784058094e+09 7.126572948999999602e-01 8.460005556999999898e-01 1.523297205800000054e+00 5.211803707000000063e-01 7.306010990000000316e-01 3.657262924999999942e-01 -2.466522537070000021e-01
1.403715906834058046e+09 6.828469204999999542e-01 8.452217987000000265e-01 1.527234355999999904e+00 5.142875505999999763e-01 7.218405704000000478e-01 3.806337756000000017e-01 -2.637658719379999961e-01
1.403715906884057999e+09 6.541634637000000030e-01 8.439235588000000288e-01 1.529561520299999922e+00 5.077652365999999473e-01 7.120628444000000057e-01 3.961369801999999885e-01 -2.796720633220000085e-01
1.403715906934057951e+09 6.264097932000000091e-01 8.424217122999999585e-01 1.529778877100000045e+00 5.023768932000000076e-01 7.005778352000000542e-01 4.125010002999999759e-01 -2.943655529890000233e-01
1.403715906984058142e+09 5.995970104000000189e-01 8.405935346999999780e-01 1.527242693600000090e+00 4.968965305999999971e-01 6.885638345000000271e-01 4.283788714999999803e-01 -3.089744749889999920e-01
1.403715907034058094e+09 5.740945777000000527e-01 8.387422549999999921e-01 1.521042154899999943e+00 4.914405448999999981e-01 6.757346721000000445e-01 4.462969526000000187e-01 -3.204494871140000090e-01
1.403715907084058046e+09 5.497566249999999988e-01 8.369636723000000167e-01 1.512052090200000087e+00 4.857741361999999841e-01 6.620789874000000408e-01 4.665341431999999733e-01 -3.286651736149999725e-01
1.403715907134057999e+09 5.259647911000000509e-01 8.346778381999999663e-01 1.503251635500000072e+00 4.801989788000000092e-01 6.472030086000000182e-01 4.872262880000000074e-01 -3.363744203869999949e-01
1.403715907184058189e+09 5.028567203999999569e-01 8.311012661000000135e-01 1.496924862199999984e+00 4.741977177999999737e-01 6.312423222999999917e-01 5.075618339999999895e-01 -3.450371569949999828e-01
1.403715907234057903e+09 4.805464401000000274e-01 8.258821128000000122e-01 1.494286824100000022e+00 4.654174621000000123e-01 6.159118594000000391e-01 5.269780574000000328e-01 -3.554339522909999993e-01
1.403715907284058094e+09 4.593175841000000093e-01 8.192263598000000258e-01 1.495877212899999975e+00 4.553443889000000078e-01 6.005192906999999858e-01 5.450733855999999600e-01 -3.673323745090000259e-01
1.403715907334058046e+09 4.390731922000000176e-01 8.112404940999999869e-01 1.501045652900000027e+00 4.455124444999999933e-01 5.845569532000000068e-01 5.626417398999999930e-01 -3.784786689499999857e-01
1.403715907384057999e+09 4.200143972000000003e-01 8.016913745000000535e-01 1.509368981299999968e+00 4.362898889999999863e-01 5.672513401000000011e-01 5.792747544999999887e-01 -3.902791420860000082e-01
1.403715907434057951e+09 4.018611288000000226e-01 7.908704705000000335e-01 1.519954767700000042e+00 4.283123125000000142e-01 5.495334000999999580e-01 5.958665474000000017e-01 -3.993803485829999778e-01
1.403715907484058142e+09 3.846362351000000013e-01 7.784530069999999746e-01 1.532260509899999956e+00 4.196144600999999752e-01 5.325935629000000393e-01 6.110410651000000026e-01 -4.085298256950000151e-01
1.403715907534058094e+09 3.684082573999999943e-01 7.646749271999999653e-01 1.545072300399999987e+00 4.109873634999999803e-01 5.163158756000000293e-01 6.253077655000000012e-01 -4.165303134330000101e-01
1.403715907584058046e+09 3.533655814000000173e-01 7.492486994000000511e-01 1.558150548500000010e+00 4.015371918000000262e-01 5.013095203999999860e-01 6.380008968999999475e-01 -4.247487538449999933e-01
1.403715907634057999e+09 3.393779019000000008e-01 7.321831939999999816e-01 1.571377368000000052e+00 3.914732274000000123e-01 4.873901035000000048e-01 6.486826115999999587e-01 -4.340627472729999825e-01
1.403715907684058189e+09 3.265262604999999985e-01 7.137122656000000065e-01 1.585016570400000102e+00 3.822223799999999727e-01 4.736092195000000116e-01 6.574743387000000494e-01 -4.442159985940000166e-01
1.403715907734057903e+09 3.150558061000000021e-01 6.936145187000000156e-01 1.598558078199999954e+00 3.722768483000000184e-01 4.605476240999999971e-01 6.643557868999999672e-01 -4.560013405089999861e-01
1.403715907784058094e+09 3.049751611000000029e-01 6.722843850999999926e-01 1.611310491200000028e+00 3.626695671999999870e-01 4.472745812999999737e-01 6.709585802999999959e-01 -4.671518141800000135e-01
1.403715907834058046e+09 2.965739971999999947e-01 6.500606011999999767e-01 1.623383701100000076e+00 3.534527660999999821e-01 4.335388876999999863e-01 6.771474196000000223e-01 -4.781072548349999951e-01
1.403715907884057999e+09 2.901043689000000203e-01 6.269602420000000009e-01 1.634758919999999893e+00 3.423109198000000020e-01 4.208921425000000105e-01 6.833047748999999671e-01 -4.886385403999999877e-01
1.403715907934057951e+09 2.856395533000000153e-01 6.035786546000000419e-01 1.645926881400000097e+00 3.293025801000000197e-01 4.092288801000000253e-01 6.884982326999999902e-01 -5.000617142059999853e-01
1.403715907984058142e+09 2.826580638000000256e-01 5.802098387999999884e-01 1.656475040899999973e+00 3.162961538999999878e-01 3.963598597999999917e-01 6.947197927999999578e-01 -5.101176472059999467e-01
1.403715908034058094e+09 2.815516911000000011e-01 5.571023494000000298e-01 1.666188623999999896e+00 3.026153666999999992e-01 3.828694516999999742e-01 7.012327024000000186e-01 -5.197187892029999645e-01
1.403715908084058046e+09 2.823635627000000148e-01 5.347303437000000548e-01 1.675314377599999904e+00 2.896207243000000209e-01 3.678074691000000063e-01 7.084383934000000327e-01 -5.281595824660000327e-01
1.403715908134057999e+09 2.844407163000000072e-01 5.127410943000000332e-01 1.684162917000000093e+00 2.764834261999999931e-01 3.518196117999999872e-01 7.147831261000000547e-01 -5.374615878149999748e-01
1.403715908184058189e+09 2.883929360999999969e-01 4.918785321999999960e-01 1.691559930099999942e+00 2.629903120000000039e-01 3.349418839000000148e-01 7.229856712000000130e-01 -5.440052843970000218e-01
1.403715908234057903e+09 2.945885221000000276e-01 4.726137096999999954e-01 1.697852026799999914e+00 2.488079390999999863e-01 3.173983714999999983e-01 7.306221237000000146e-01 -5.509484509580000466e-01
1.403715908284058094e+09 3.023625932999999821e-01 4.546203292000000062e-01 1.703255442299999922e+00 2.344816576000000041e-01 2.992799258000000129e-01 7.386434050000000306e-01 -5.566469244880000167e-01
1.403715908334058046e+09 3.113847391999999825e-01 4.382852933999999978e-01 1.708468309199999924e+00 2.197733903000000100e-01 2.811361993000000004e-01 7.463107064999999762e-01 -5.618562304759999737e-01
1.403715908384057999e+09 3.212053194999999750e-01 4.233940823999999825e-01 1.713622371999999894e+00 2.048017155999999894e-01 2.626243806999999930e-01 7.540145435999999757e-01 -5.661684907940000011e-01
1.403715908434057951e+09 3.317995099000000114e-01 4.096649037999999798e-01 1.718752886399999902e+00 1.899820586000000033e-01 2.434242893000000130e-01 7.606113550999999973e-01 -5.710707480469999764e-01
1.403715908484058142e+09 3.434442972000000260e-01 3.975108285999999769e-01 1.723673492699999921e+00 1.748234187000000106e-01 2.238455823000000122e-01 7.669835919999999918e-01 -5.753834349219999478e-01
1.403715908534058094e+09 3.560066242000000103e-01 3.869080038000000110e-01 1.728732023300000087e+00 1.607784251000000109e-01 2.025648432000000110e-01 7.728041124000000206e-01 -5.795615465150000256e-01
1.403715908584058046e+09 3.698679785999999803e-01 3.778932482999999842e-01 1.733686200199999972e+00 1.455279364000000020e-01 1.816074125000000095e-01 7.781122679999999958e-01 -5.834223735079999695e-01
1.403715908634057999e+09 3.842305658999999873e-01 3.704521077999999856e-01 1.738184781900000031e+00 1.331056999000000129e-01 1.584358325000000123e-01 7.826238758000000351e-01 -5.870952467269999753e-01
1.403715908684058189e+09 3.994394696999999939e-01 3.642927342000000235e-01 1.742434830199999896e+00 1.196450222000000063e-01 1.359977928999999974e-01 7.857238095999999894e-01 -5.914623943660000105e-01
1.403715908734057903e+09 4.154126793999999845e-01 3.596044985999999888e-01 1.746297710099999900e+00 1.063447005999999945e-01 1.140673165999999961e-01 7.876710140999999554e-01 -5.960317320029999699e-01
1.403715908784058094e+09 4.320125036999999946e-01 3.565352977999999839e-01 1.749668417599999914e+00 9.113248050000000156e-02 9.404112589999999439e-02 7.889975899000000181e-01 -6.002782194060000132e-01
1.403715908834058046e+09 4.490882465000000101e-01 3.552731764000000014e-01 1.752364313099999960e+00 7.637489470000000114e-02 7.447158339999999932e-02 7.901554468999999470e-01 -6.035521754070000133e-01
1.403715908884057999e+09 4.668750087999999909e-01 3.562859133999999872e-01 1.753916950700000088e+00 6.137194470000000013e-02 5.552603739999999871e-02 7.924905749999999749e-01 -6.042425275280000063e-01
1.403715908934057951e+09 4.852638800999999891e-01 3.596709780999999828e-01 1.754520616099999986e+00 4.642861699999999842e-02 3.673929150000000005e-02 7.963068437000000444e-01 -6.019883874289999603e-01
1.403715908984058142e+09 5.039860146000000318e-01 3.646608713999999751e-01 1.754439052599999993e+00 3.409572820000000143e-02 1.626809629999999979e-02 8.000263244999999968e-01 -5.987743402039999996e-01
1.403715909034058094e+09 5.228364936999999601e-01 3.711651669000000098e-01 1.753788312199999977e+00 2.310556760000000154e-02 -4.253956100000000178e-03 8.029292599999999780e-01 -5.956111484139999801e-01
1.403715909084058046e+09 5.420712562999999706e-01 3.788019431999999909e-01 1.752538205500000057e+00 1.222604769999999924e-02 -2.399474970000000165e-02 8.055805251000000000e-01 -5.918739673849999772e-01
1.403715909134057999e+09 5.616925896000000140e-01 3.870973305000000031e-01 1.750889775699999928e+00 2.675665299999999917e-03 -4.407321510000000025e-02 8.066806274000000165e-01 -5.893358617630000129e-01
1.403715909184058189e+09 5.822872101999999606e-01 3.965325116000000261e-01 1.748730577299999922e+00 9.325155400000000039e-03 6.143321029999999905e-02 -8.079941326999999784e-01 5.859048418400000235e-01
1.403715909234057903e+09 6.034569716000000028e-01 4.065682263000000018e-01 1.746144780500000104e+00 1.977521559999999984e-02 7.888992770000000099e-02 -8.078611902000000233e-01 5.837342011310000522e-01
1.403715909284058094e+09 6.256122536999999539e-01 4.171830561000000048e-01 1.743318084500000031e+00 3.274257070000000103e-02 9.410323660000000090e-02 -8.075517138000000150e-01 5.813198211019999784e-01
1.403715909334058046e+09 6.481807966000000532e-01 4.278736937000000018e-01 1.740045389999999914e+00 4.302987660000000270e-02 1.101687427000000025e-01 -8.058382530000000044e-01 5.802034021640000150e-01
1.403715909384057999e+09 6.712736772999999824e-01 4.391588183999999839e-01 1.735890505800000039e+00 5.251140029999999681e-02 1.261502730000000072e-01 -8.041003590999999950e-01 5.785769386260000147e-01
1.403715909434057951e+09 6.950643891000000130e-01 4.509557827999999824e-01 1.730982347200000104e+00 6.184922909999999996e-02 1.418638801999999866e-01 -8.018072220999999944e-01 5.771953663319999706e-01
1.403715909484058142e+09 7.196799329999999939e-01 4.632709998000000273e-01 1.724965360499999933e+00 6.876574550000000285e-02 1.592970271999999965e-01 -7.977978313000000377e-01 5.774204271849999737e-01
1.403715909534058094e+09 7.455642852999999626e-01 4.763662906000000197e-01 1.717518971699999897e+00 7.551447059999999434e-02 1.774629419000000041e-01 -7.938092590999999976e-01 5.767766718600000342e-01
1.403715909584058046e+09 7.728795149999999614e-01 4.903882063000000180e-01 1.709183101400000071e+00 8.294308479999999706e-02 1.962323183999999943e-01 -7.899736523999999482e-01 5.749390841310000333e-01
1.403715909634057999e+09 8.018152282999999603e-01 5.057556986000000254e-01 1.700942692199999939e+00 9.320733870000000310e-02 2.142455266000000136e-01 -7.850810204999999486e-01 5.736366772769999622e-01
1.403715909684058189e+09 8.325154629000000028e-01 5.226535227999999922e-01 1.692800160200000015e+00 1.069920602000000026e-01 2.310192348000000007e-01 -7.794609353000000462e-01 5.723840166400000484e-01
1.403715909734057903e+09 8.644315393999999486e-01 5.411474723000000431e-01 1.683619522200000107e+00 1.210676717000000041e-01 2.487163094000000019e-01 -7.744385163000000460e-01 5.689708259629999709e-01
1.403715909784058094e+09 8.978442466999999594e-01 5.610873683999999528e-01 1.674575120000000084e+00 1.377792240999999862e-01 2.658559964000000164e-01 -7.684699027000000404e-01 5.655010903799999600e-01
1.403715909834058046e+09 9.325944351999999604e-01 5.825522212000000533e-01 1.664993811200000007e+00 1.547430046999999920e-01 2.847218665999999843e-01 -7.611024182000000193e-01 5.618818115050000506e-01
1.403715909884057999e+09 9.685176337999999996e-01 6.057281545999999572e-01 1.655753221499999928e+00 1.759862433999999920e-01 3.020827325000000063e-01 -7.522639735999999688e-01 5.584566042740000125e-01
1.403715909934057951e+09 1.004712993500000096e+00 6.304811032999999565e-01 1.646732971200000062e+00 1.990882988000000076e-01 3.190537394999999887e-01 -7.415576336000000435e-01 5.555725305659999780e-01
1.403715909984058142e+09 1.040456447900000025e+00 6.568929815999999811e-01 1.637304878399999941e+00 2.218596345999999941e-01 3.372854302000000137e-01 -7.294867386000000176e-01 5.521466647089999791e-01
1.403715910034058094e+09 1.075193372900000055e+00 6.847825399000000424e-01 1.627086752699999916e+00 2.434458402000000132e-01 3.570092014999999841e-01 -7.166213497000000210e-01 5.474782133869999790e-01
1.403715910084058046e+09 1.108403809199999923e+00 7.141077704999999609e-01 1.615963054100000074e+00 2.631675042000000131e-01 3.782984119000000200e-01 -7.034247966000000130e-01 5.411346706359999592e-01
1.403715910134057999e+09 1.139618015599999978e+00 7.448347999000000108e-01 1.603455461600000076e+00 2.805920295000000064e-01 4.004025225999999771e-01 -6.911560939999999986e-01 5.322115994320000265e-01
1.403715910184058189e+09 1.169075644100000089e+00 7.764966910999999694e-01 1.590490595399999929e+00 2.971311346000000131e-01 4.220487218999999790e-01 -6.791821372999999884e-01 5.218233317270000171e-01
1.403715910234057903e+09 1.196571838799999954e+00 8.086069246999999516e-01 1.576699978399999980e+00 3.099898422999999847e-01 4.438251364999999948e-01 -6.672889766999999805e-01 5.115182962850000070e-01
1.403715910284058094e+09 1.222923297599999959e+00 8.412121715000000499e-01 1.563592424799999936e+00 3.243610187000000034e-01 4.629468089000000064e-01 -6.547460054999999501e-01 5.017747003400000461e-01
1.403715910334058046e+09 1.247813191299999902e+00 8.741081117000000233e-01 1.551423759099999966e+00 3.376453735000000123e-01 4.802180092000000178e-01 -6.420906250000000259e-01 4.930576991210000037e-01
1.403715910384057999e+09 1.270948651999999957e+00 9.074454462000000055e-01 1.539884141199999945e+00 3.505496774999999898e-01 4.956334622999999939e-01 -6.286490103999999857e-01 4.860687362869999806e-01
1.403715910434057951e+09 1.292349371600000074e+00 9.413548997999999779e-01 1.528420662999999902e+00 3.639717780999999763e-01 5.088869697000000247e-01 -6.143375696999999747e-01 4.807784805540000206e-01
1.403715910484058142e+09 1.311951759300000075e+00 9.755939310000000253e-01 1.517102951500000074e+00 3.766158519999999732e-01 5.211289022999999743e-01 -5.998829213999999910e-01 4.761571670979999893e-01
1.403715910534058094e+09 1.328774836300000040e+00 1.010530749900000025e+00 1.506360777899999892e+00 3.887573254000000200e-01 5.327410052000000062e-01 -5.857396031999999586e-01 4.711304284730000180e-01
1.403715910584058046e+09 1.343078325000000017e+00 1.045875085700000096e+00 1.495975213699999973e+00 3.997299695000000042e-01 5.439896855000000420e-01 -5.726980682000000211e-01 4.650893421150000262e-01
1.403715910634057999e+09 1.354909336600000014e+00 1.081931870600000067e+00 1.485997886300000070e+00 4.096235303999999910e-01 5.551563967000000543e-01 -5.612425889000000057e-01 4.571834369030000067e-01
1.403715910684058189e+09 1.363707728400000097e+00 1.118514011200000047e+00 1.477268533199999956e+00 4.185313332999999747e-01 5.662134440999999629e-01 -5.503020064000000433e-01 4.487778521590000125e-01
1.403715910734057903e+09 1.370612759499999944e+00 1.155619548700000054e+00 1.469069583300000037e+00 4.273850143999999851e-01 5.768066504000000094e-01 -5.405298091000000360e-01 4.387068075109999965e-01
1.403715910784058094e+09 1.375295431799999912e+00 1.192764575100000002e+00 1.461970745099999913e+00 4.355721417000000262e-01 5.870718576000000244e-01 -5.296499615999999966e-01 4.302260586530000097e-01
1.403715910834058046e+09 1.377751069799999950e+00 1.230162813900000041e+00 1.455588054799999975e+00 4.442873278999999731e-01 5.965365284000000434e-01 -5.186711250000000106e-01 4.215841607529999813e-01
1.403715910884057999e+09 1.377214644499999974e+00 1.267544342899999954e+00 1.449663079600000071e+00 4.524666070999999734e-01 6.060291816999999748e-01 -5.078648084000000340e-01 4.124026391830000193e-01
1.403715910934057951e+09 1.373681777999999909e+00 1.304916612700000034e+00 1.443394837800000108e+00 4.605519168000000163e-01 6.154634958000000378e-01 -4.970249219999999801e-01 4.025702972390000078e-01
1.403715910984058142e+09 1.367632696300000061e+00 1.342267489499999966e+00 1.437535116999999918e+00 4.679717188999999999e-01 6.249849830999999467e-01 -4.869771969999999728e-01 3.914708813119999742e-01
1.403715911034058094e+09 1.359042711999999931e+00 1.379169331199999959e+00 1.432269501499999986e+00 4.766698249999999915e-01 6.331109120000000257e-01 -4.757831703000000023e-01 3.815584172959999854e-01
1.403715911084058046e+09 1.348279500200000092e+00 1.415746783199999914e+00 1.427506439699999907e+00 4.867201144000000146e-01 6.399643251000000088e-01 -4.633875546999999817e-01 3.725871266629999790e-01
1.403715911134057999e+09 1.335045602299999912e+00 1.451371713099999905e+00 1.423222304200000066e+00 4.970624077999999946e-01 6.459727132000000482e-01 -4.505415989000000065e-01 3.642258698390000160e-01
1.403715911184058189e+09 1.319270434399999914e+00 1.486052714299999966e+00 1.418675625299999910e+00 5.067201932999999547e-01 6.524860455000000004e-01 -4.374655956999999873e-01 3.551344233329999933e-01
1.403715911234057903e+09 1.300946400599999997e+00 1.519616897899999985e+00 1.414340838099999997e+00 5.154803050999999803e-01 6.595386305999999532e-01 -4.240973203999999774e-01 3.455869103590000213e-01
1.403715911284058094e+09 1.279751343500000083e+00 1.551711199199999891e+00 1.409732683100000106e+00 5.221316827999999965e-01 6.680493732000000184e-01 -4.108812473999999826e-01 3.350599070010000236e-01
1.403715911334058046e+09 1.256176170600000086e+00 1.582380906400000065e+00 1.405310096000000009e+00 5.282292023000000336e-01 6.765552059999999646e-01 -3.985853505999999991e-01 3.230738017709999799e-01
1.403715911384057999e+09 1.230037286700000010e+00 1.611336679399999916e+00 1.400811960500000009e+00 5.335581960999999929e-01 6.850881252999999615e-01 -3.866492551999999860e-01 3.105998478259999751e-01
1.403715911434057951e+09 1.202102919999999964e+00 1.638721452800000034e+00 1.395775177300000003e+00 5.378379034000000392e-01 6.937779879000000038e-01 -3.748564260000000203e-01 2.981361317530000221e-01
1.403715911484058142e+09 1.172293851999999914e+00 1.664105601299999959e+00 1.390282840600000069e+00 5.406238869999999697e-01 7.028229022999999964e-01 -3.644830987000000078e-01 2.844606328259999817e-01
1.403715911534058094e+09 1.140818095099999985e+00 1.687620735100000102e+00 1.384171141399999971e+00 5.422840420000000217e-01 7.118175132999999821e-01 -3.546545354999999788e-01 2.710424432710000220e-01
1.403715911584058046e+09 1.108117081100000068e+00 1.709327125499999989e+00 1.377661265500000010e+00 5.413700001000000261e-01 7.222365508000000434e-01 -3.444756009000000119e-01 2.581268061490000210e-01
1.403715911634057999e+09 1.074589122999999979e+00 1.729447400299999993e+00 1.371149904299999944e+00 5.405157119000000288e-01 7.320703052000000488e-01 -3.327877651000000214e-01 2.473219294540000002e-01
1.403715911684058189e+09 1.040634192399999991e+00 1.748365979299999928e+00 1.365118344599999922e+00 5.388855614999999988e-01 7.418829166999999503e-01 -3.201110957000000146e-01 2.382036437230000137e-01
1.403715911734057903e+09 1.006746683700000089e+00 1.766343777599999942e+00 1.361142958200000086e+00 5.382934381999999740e-01 7.504697880999999793e-01 -3.053636353999999997e-01 2.319230943910000065e-01
1.403715911784058094e+09 9.727809106999999456e-01 1.783936353399999897e+00 1.360261063999999909e+00 5.383383918999999906e-01 7.579696115999999817e-01 -2.908679814999999835e-01 2.259859751739999867e-01
1.403715911834058046e+09 9.380060956000000338e-01 1.801224167200000004e+00 1.363138696999999899e+00 5.398073397000000551e-01 7.640352236999999880e-01 -2.776276958000000183e-01 2.185888274009999965e-01
1.403715911884057999e+09 9.023291462000000429e-01 1.818050946200000073e+00 1.369635976399999899e+00 5.422912652000000389e-01 7.688168864000000102e-01 -2.645325820000000161e-01 2.118095651809999980e-01
1.403715911934057951e+09 8.661400147000000160e-01 1.834842998500000100e+00 1.379136845999999972e+00 5.446560548000000113e-01 7.730529649999999808e-01 -2.528810122999999854e-01 2.044262432869999868e-01
1.403715911984058142e+09 8.296369353000000446e-01 1.851760349499999903e+00 1.392235415600000081e+00 5.478905534000000355e-01 7.761698646000000368e-01 -2.424331332999999922e-01 1.964750841329999942e-01
1.403715912034058094e+09 7.926476862000000345e-01 1.868480801500000066e+00 1.408211767200000075e+00 5.502852795999999547e-01 7.792731244999999696e-01 -2.332739375000000004e-01 1.884218100389999928e-01
1.403715912084058046e+09 7.550624533999999999e-01 1.884788666499999987e+00 1.425665395600000052e+00 5.529405107999999514e-01 7.817426204999999850e-01 -2.254818842999999906e-01 1.797030510610000131e-01
1.403715912134057999e+09 7.172625626999999948e-01 1.901181858700000005e+00 1.443717946200000046e+00 5.561897613999999823e-01 7.833235533000000306e-01 -2.188644592000000000e-01 1.707498422020000128e-01
1.403715912184058189e+09 6.791806821000000438e-01 1.917192734699999956e+00 1.461123883399999990e+00 5.584140198999999471e-01 7.854242500000000460e-01 -2.115097945999999951e-01 1.629298519990000083e-01
1.403715912234057903e+09 6.409241959999999461e-01 1.932849550400000060e+00 1.478249353800000110e+00 5.612476212000000464e-01 7.869002228999999460e-01 -2.047184884000000094e-01 1.545298915190000122e-01
1.403715912284058094e+09 6.027328691000000127e-01 1.947938404000000068e+00 1.494714718700000056e+00 5.638879028000000071e-01 7.883255632000000235e-01 -1.971729362000000096e-01 1.472958681290000016e-01
1.403715912334058046e+09 5.644540466999999895e-01 1.962568013999999916e+00 1.510549978000000015e+00 5.663095840999999853e-01 7.897555466000000246e-01 -1.894253042000000054e-01 1.403484439359999891e-01
1.403715912384057999e+09 5.264012152000000500e-01 1.976804574800000047e+00 1.525754623799999932e+00 5.679432427999999700e-01 7.916349105000000108e-01 -1.812801666999999950e-01 1.337615139130000075e-01
1.403715912434057951e+09 4.883048814000000015e-01 1.990166570800000034e+00 1.540421285499999904e+00 5.689132436999999598e-01 7.939745249999999865e-01 -1.728941213000000088e-01 1.266877957160000012e-01
1.403715912484058142e+09 4.501966707999999762e-01 2.003087552799999838e+00 1.554672055199999958e+00 5.703737667999999594e-01 7.959900082999999960e-01 -1.636641215000000094e-01 1.195312849049999931e-01
1.403715912534058094e+09 4.124110578999999888e-01 2.015448447799999876e+00 1.568678476299999902e+00 5.717674093000000290e-01 7.979853164000000332e-01 -1.542314391000000062e-01 1.118665614639999945e-01
1.403715912584058046e+09 3.745875296000000243e-01 2.027445352400000012e+00 1.582230847900000015e+00 5.726728290999999471e-01 8.004085692000000307e-01 -1.440389589000000137e-01 1.031733074419999979e-01
1.403715912634057999e+09 3.367656345999999745e-01 2.038813549099999900e+00 1.595491597299999897e+00 5.739418966999999538e-01 8.025614078999999679e-01 -1.327704061999999963e-01 9.411644449749999308e-02
1.403715912684058189e+09 2.992081792999999879e-01 2.049559235399999846e+00 1.608370985000000086e+00 5.753251761000000020e-01 8.045655844000000334e-01 -1.199302042000000013e-01 8.539267103469999620e-02
1.403715912734057903e+09 2.615878562999999768e-01 2.060019925200000213e+00 1.621666493300000012e+00 5.773283830000000005e-01 8.061096143000000547e-01 -1.062729646000000056e-01 7.473476330419999425e-02
1.403715912784058094e+09 2.241489597000000111e-01 2.069749998999999896e+00 1.634911606800000028e+00 5.791112147000000432e-01 8.076574830999999621e-01 -9.123706339999999859e-02 6.320909130280000232e-02
1.403715912834058046e+09 1.869681159000000092e-01 2.078501617000000135e+00 1.647248689400000021e+00 5.802520195000000491e-01 8.093901100000000515e-01 -7.427624780000000038e-02 5.175212749529999740e-02
1.403715912884057999e+09 1.499532624999999897e-01 2.086862652299999787e+00 1.657156041199999930e+00 5.817968980000000068e-01 8.104499660999999744e-01 -5.630088419999999816e-02 3.890285743480000058e-02
1.403715912934057951e+09 1.133089914000000031e-01 2.094493711600000196e+00 1.663702365600000066e+00 5.822056961999999558e-01 8.117696800999999462e-01 -3.723400129999999975e-02 2.607955016710000046e-02
1.403715912984058142e+09 7.710265169999999668e-02 2.101448796400000152e+00 1.666892605099999924e+00 5.828690828000000490e-01 8.122530956000000302e-01 -1.838342789999999893e-02 1.306103412380000064e-02
1.403715913034058094e+09 4.145736509999999736e-02 2.107719099800000162e+00 1.666530862599999940e+00 5.833164566999999856e-01 8.122438874999999836e-01 -4.784451999999999911e-04 -1.244842816770000068e-03
1.403715913084058046e+09 6.463986199999999759e-03 2.113707063600000158e+00 1.662799393600000064e+00 5.834556990000000498e-01 8.118242275000000507e-01 1.817210530000000143e-02 -1.380744329570000005e-02
1.403715913134057999e+09 -2.830208420000000086e-02 2.119025099899999987e+00 1.656765264799999970e+00 5.834441339000000504e-01 8.108911686999999979e-01 3.705418180000000228e-02 -2.598928349179999847e-02
1.403715913184058189e+09 -6.264015019999999434e-02 2.123467505399999844e+00 1.649537285999999936e+00 5.843986301000000383e-01 8.086523746999999540e-01 5.527934789999999765e-02 -3.877849403389999755e-02
1.403715913234057903e+09 -9.614214819999999939e-02 2.127384541400000106e+00 1.642411195800000057e+00 5.871484371999999841e-01 8.046192151000000070e-01 7.264148249999999307e-02 -5.067392221759999676e-02
1.403715913284058094e+09 -1.287045196999999919e-01 2.130686721700000064e+00 1.635100497800000108e+00 5.901278024999999650e-01 7.998970393000000012e-01 9.134339660000000138e-02 -5.975187964990000267e-02
1.403715913334058046e+09 -1.603465782999999867e-01 2.133639715300000184e+00 1.628073010300000067e+00 5.936056963000000408e-01 7.945326650999999796e-01 1.097100726999999942e-01 -6.567968681230000605e-02
1.403715913384057999e+09 -1.913644020999999973e-01 2.135841590300000092e+00 1.621084171099999915e+00 5.961766679000000124e-01 7.897605921000000473e-01 1.270487093000000067e-01 -6.863099290169999422e-02
1.403715913434057951e+09 -2.221611259000000060e-01 2.136543411099999901e+00 1.614880893100000048e+00 5.994874135000000104e-01 7.845275379999999688e-01 1.416403894999999913e-01 -7.119960108370000651e-02
1.403715913484058142e+09 -2.528841866000000049e-01 2.135498881599999788e+00 1.609417490000000006e+00 6.035604380000000324e-01 7.790523977000000100e-01 1.533862182999999879e-01 -7.255912965029999440e-02
1.403715913534058094e+09 -2.836420377000000159e-01 2.132356509900000141e+00 1.604002090400000080e+00 6.075537050000000550e-01 7.738491632999999759e-01 1.641735671000000008e-01 -7.129521703999999738e-02
1.403715913584058046e+09 -3.143034452999999839e-01 2.126244595699999795e+00 1.597983046199999979e+00 6.118375600000000025e-01 7.683750256000000389e-01 1.762335384000000005e-01 -6.477931885130000511e-02
1.403715913634057999e+09 -3.459271403999999994e-01 2.117138898099999889e+00 1.591981969899999960e+00 6.157819522999999906e-01 7.635125917999999734e-01 1.853168145999999905e-01 -5.931936975459999734e-02
1.403715913684058189e+09 -3.793277322999999979e-01 2.104750394899999932e+00 1.586892829199999966e+00 6.189891119999999525e-01 7.595555155000000003e-01 1.922546584000000003e-01 -5.446140344039999970e-02
1.403715913734057903e+09 -4.145173325000000020e-01 2.087842531899999798e+00 1.582187051000000011e+00 6.188711373999999932e-01 7.588498835000000442e-01 1.958552600000000032e-01 -5.278339374220000074e-02
1.403715913784058094e+09 -4.520930316999999810e-01 2.067204252799999864e+00 1.577631218600000107e+00 6.164340676999999769e-01 7.606499442999999916e-01 1.962592526999999976e-01 -5.387956983759999846e-02
1.403715913834058046e+09 -4.922257997999999746e-01 2.042969755000000109e+00 1.573899521700000026e+00 6.108722076999999473e-01 7.652434893999999765e-01 1.953250541000000062e-01 -5.554881697749999847e-02
1.403715913884057999e+09 -5.345291499000000002e-01 2.015436561200000032e+00 1.571118057999999928e+00 6.046595651999999710e-01 7.705459662000000431e-01 1.931346513999999959e-01 -5.783364638380000117e-02
1.403715913934057951e+09 -5.787061822000000300e-01 1.984814014599999954e+00 1.569667732100000102e+00 5.990614419999999996e-01 7.754410882000000171e-01 1.901355573000000077e-01 -6.053905662589999931e-02
1.403715913984058142e+09 -6.247828695999999571e-01 1.951921242899999909e+00 1.569244015500000033e+00 5.952683431999999941e-01 7.789103979000000511e-01 1.872050962000000041e-01 -6.251754717669999462e-02
1.403715914034058094e+09 -6.723965959000000048e-01 1.916784743800000079e+00 1.569366731499999945e+00 5.921280679999999519e-01 7.818458846000000406e-01 1.848696930000000016e-01 -6.264631130719999774e-02
1.403715914084058046e+09 -7.215042316999999983e-01 1.879919982000000100e+00 1.570372129099999903e+00 5.909478016000000444e-01 7.831809358000000332e-01 1.837239314000000123e-01 -6.044695683879999781e-02
1.403715914134057999e+09 -7.723573561000000032e-01 1.841348066299999919e+00 1.571571669499999935e+00 5.897919486999999572e-01 7.846203709000000304e-01 1.819808425999999979e-01 -5.830354907549999827e-02
1.403715914184058189e+09 -8.254322232999999898e-01 1.801181158699999951e+00 1.573575505300000010e+00 5.890662894000000538e-01 7.862046455000000211e-01 1.771623511000000040e-01 -5.913259239770000258e-02
1.403715914234057903e+09 -8.800799151999999514e-01 1.759105377800000092e+00 1.575742283899999929e+00 5.833569293999999461e-01 7.920839471999999715e-01 1.682409592999999925e-01 -6.318776015549999736e-02
1.403715914284058094e+09 -9.358054425999999815e-01 1.716230111600000052e+00 1.578284972599999891e+00 5.766650420000000166e-01 7.987809435999999597e-01 1.581982818000000068e-01 -6.617958284600000685e-02
1.403715914334058046e+09 -9.923573231000000217e-01 1.673134558000000105e+00 1.580844223099999946e+00 5.682722424999999689e-01 8.066254469000000427e-01 1.479826425000000112e-01 -6.725462363240000685e-02
1.403715914384057999e+09 -1.049517722100000050e+00 1.630438941099999983e+00 1.583681865199999983e+00 5.590971392000000373e-01 8.148133891000000073e-01 1.380931031000000031e-01 -6.648176330720000082e-02
1.403715914434057951e+09 -1.106949616100000089e+00 1.588742720199999958e+00 1.586794693399999900e+00 5.506392772999999519e-01 8.223244146000000532e-01 1.283835476999999892e-01 -6.400475049529999461e-02
1.403715914484058142e+09 -1.164582220300000026e+00 1.548396714599999946e+00 1.590258169499999985e+00 5.442384670000000035e-01 8.282476828000000513e-01 1.196772412000000063e-01 -5.905611671819999825e-02
1.403715914534058094e+09 -1.222892628299999895e+00 1.509871769799999930e+00 1.594310169000000110e+00 5.382777514000000041e-01 8.336629259000000181e-01 1.108191535000000033e-01 -5.461047034259999822e-02
1.403715914584058046e+09 -1.281498083600000060e+00 1.473635729900000024e+00 1.599207768000000085e+00 5.342692428999999965e-01 8.377657947000000105e-01 1.007243451999999956e-01 -5.059106253359999666e-02
1.403715914634057999e+09 -1.340701268599999940e+00 1.439858283399999994e+00 1.604053667499999891e+00 5.292527462999999655e-01 8.424663151000000294e-01 8.826076979999999961e-02 -4.849819554569999996e-02
1.403715914684058189e+09 -1.400337600100000079e+00 1.408963035600000024e+00 1.609021486100000065e+00 5.236166657999999918e-01 8.474023205999999808e-01 7.295926049999999774e-02 -4.911049347739999960e-02
1.403715914734057903e+09 -1.459612451899999996e+00 1.381422450200000096e+00 1.613768537499999933e+00 5.183101572999999629e-01 8.518363055000000017e-01 5.632013959999999930e-02 -5.057204108610000026e-02
1.403715914784058094e+09 -1.518492130500000092e+00 1.357506915599999919e+00 1.618514454000000047e+00 5.115213549999999554e-01 8.566131587999999963e-01 3.616392489999999821e-02 -5.702604745459999985e-02
1.403715914834058046e+09 -1.575843764600000085e+00 1.337655487199999937e+00 1.622925025400000054e+00 5.050601089999999793e-01 8.605815452999999726e-01 1.824498119999999959e-02 -6.309366697189999762e-02
1.403715914884057999e+09 -1.630916905799999927e+00 1.321933460799999960e+00 1.627360722299999951e+00 4.994454044000000148e-01 8.635892103000000208e-01 1.735303199999999957e-03 -6.902863631410000034e-02
1.403715914934057951e+09 -1.682749679200000070e+00 1.310633436800000107e+00 1.631261769199999989e+00 4.955891335000000009e-01 8.654836661999999459e-01 -1.074134990000000060e-02 -7.220843166819999881e-02
1.403715914984058142e+09 -1.731003870099999897e+00 1.304397464700000064e+00 1.635006494800000043e+00 4.937510822000000243e-01 8.662123817000000336e-01 -2.038442609999999849e-02 -7.396251640289999707e-02
1.403715915034058094e+09 -1.775347247300000042e+00 1.303426101099999901e+00 1.639009362499999956e+00 4.925221364999999851e-01 8.664999110000000115e-01 -2.883745340000000087e-02 -7.594900030180000428e-02
1.403715915084058046e+09 -1.815230951400000015e+00 1.307536028599999955e+00 1.642965523099999992e+00 4.921643231999999757e-01 8.663140373000000061e-01 -3.524827020000000088e-02 -7.766483897390000224e-02
1.403715915134057999e+09 -1.850444505900000092e+00 1.316859933099999935e+00 1.646841138000000093e+00 4.927099470999999897e-01 8.658956778999999937e-01 -3.882801649999999966e-02 -7.716196010999999688e-02
1.403715915184058189e+09 -1.881026016699999914e+00 1.331462546400000058e+00 1.651184334699999923e+00 4.956206038000000036e-01 8.641399776000000532e-01 -4.124440599999999735e-02 -7.694943249529999363e-02
1.403715915234057903e+09 -1.906388669800000102e+00 1.351616042699999909e+00 1.655805566700000009e+00 5.041472711000000162e-01 8.598918326000000167e-01 -3.829382469999999955e-02 -7.039281357849999643e-02
1.403715915284058094e+09 -1.927413499100000038e+00 1.375514653600000026e+00 1.660511030000000110e+00 5.148798237999999694e-01 8.544679616999999450e-01 -3.214979729999999786e-02 -6.123446785679999976e-02
1.403715915334058046e+09 -1.944980259100000053e+00 1.402684606900000075e+00 1.664461207300000023e+00 5.256402288000000533e-01 8.490242208999999596e-01 -2.203522050000000093e-02 -4.873059935279999699e-02
1.403715915384057999e+09 -1.959856476799999969e+00 1.432347103699999957e+00 1.666536090399999948e+00 5.356492260999999866e-01 8.435367164999999501e-01 -1.229203560000000084e-02 -3.707587299920000329e-02
1.403715915434057951e+09 -1.973082687600000051e+00 1.463832893700000026e+00 1.664561844899999921e+00 5.424419062999999985e-01 8.396772529999999568e-01 -2.573423899999999903e-03 -2.631095914539999941e-02
1.403715915484058142e+09 -1.985547440699999999e+00 1.496989526599999953e+00 1.659318399100000008e+00 5.484065466999999972e-01 8.359754758999999869e-01 4.368809199999999608e-03 -1.939527368280000164e-02
1.403715915534058094e+09 -1.997292152200000004e+00 1.531389264199999989e+00 1.650476857899999983e+00 5.529834839999999696e-01 8.330078644999999726e-01 9.138587499999999836e-03 -1.495494339009999923e-02
1.403715915584058046e+09 -2.008495053699999922e+00 1.566740035300000056e+00 1.638300439200000014e+00 5.569177995999999853e-01 8.303759414000000394e-01 1.402210299999999930e-02 -1.103363766179999914e-02
1.403715915634057999e+09 -2.019234459799999826e+00 1.602668258100000021e+00 1.623135599800000106e+00 5.598651044000000354e-01 8.283223713999999793e-01 2.013558400000000151e-02 -5.260428865900000292e-03
1.403715915684058189e+09 -2.030206178999999889e+00 1.639482901500000089e+00 1.606987268099999921e+00 5.619620789999999477e-01 8.267771402000000380e-01 2.524773040000000135e-02 -8.569625845219999878e-04
1.403715915734057903e+09 -2.041737765000000149e+00 1.676263119299999937e+00 1.590295975999999945e+00 5.606547938999999481e-01 8.275740391000000473e-01 2.806023850000000097e-02 -1.866654622250000042e-04
1.403715915784058094e+09 -2.053970868299999974e+00 1.713721180899999919e+00 1.573856724499999915e+00 5.574925788000000271e-01 8.296857311999999984e-01 2.861340370000000147e-02 -2.210250134850000065e-03
1.403715915834058046e+09 -2.066596261499999976e+00 1.751997610699999930e+00 1.557503045700000088e+00 5.530352893000000103e-01 8.326534639999999543e-01 2.857452220000000070e-02 -4.865637367279999730e-03
1.403715915884057999e+09 -2.079602743500000184e+00 1.791179106900000040e+00 1.541316197800000065e+00 5.482224863000000337e-01 8.358020175999999468e-01 2.884591020000000158e-02 -7.416622759620000033e-03
1.403715915934057951e+09 -2.092702994000000150e+00 1.831621157799999899e+00 1.525689432000000068e+00 5.444680119000000484e-01 8.382263308999999829e-01 2.890697520000000062e-02 -9.776961226669999422e-03
1.403715915984058142e+09 -2.105933498899999812e+00 1.873888379899999901e+00 1.510938473499999990e+00 5.447284213999999958e-01 8.380155797999999656e-01 2.925967260000000153e-02 -1.202940130779999936e-02
1.403715916034058094e+09 -2.119189984300000162e+00 1.917896134200000047e+00 1.496515365500000083e+00 5.474185621999999585e-01 8.362322532000000530e-01 2.937831860000000156e-02 -1.361803344890000038e-02
1.403715916084058046e+09 -2.132249049899999971e+00 1.962887949399999998e+00 1.482290869300000091e+00 5.512574006999999554e-01 8.337378399000000551e-01 2.836218700000000051e-02 -1.385925164290000011e-02
1.403715916134057999e+09 -2.144809959299999846e+00 2.008951286799999902e+00 1.467569307200000006e+00 5.532226478999999753e-01 8.325324182000000128e-01 2.638229060000000029e-02 -1.176644640459999919e-02
1.403715916184058189e+09 -2.156823840599999986e+00 2.056281100000000084e+00 1.453251480100000048e+00 5.574470526000000481e-01 8.298873325000000190e-01 2.162809099999999859e-02 -8.486726132149999269e-03
1.403715916234057903e+09 -2.168383512200000141e+00 2.103980776599999825e+00 1.438817587700000011e+00 5.606468700000000194e-01 8.279115138999999512e-01 1.478781290000000075e-02 -4.351190298009999929e-03
1.403715916284058094e+09 -2.179274069799999936e+00 2.152241843300000124e+00 1.424406106900000024e+00 5.630499361999999897e-01 8.263979488999999568e-01 6.175227699999999952e-03 1.750995305169999929e-03
1.403715916334058046e+09 -2.189723102899999940e+00 2.201057310299999958e+00 1.410793212600000013e+00 5.653023073999999815e-01 8.248219897999999883e-01 -3.766649200000000020e-03 9.370098515589999830e-03
1.403715916384057999e+09 -2.199843970599999921e+00 2.250001674600000001e+00 1.397364281300000011e+00 5.671603547000000356e-01 8.233005617999999970e-01 -1.549077459999999989e-02 1.628965615499999853e-02
1.403715916434057951e+09 -2.209534228099999886e+00 2.299222318200000004e+00 1.384092100900000011e+00 5.686071204999999518e-01 8.217926682999999732e-01 -2.875211520000000090e-02 2.271714706649999999e-02
1.403715916484058142e+09 -2.218837034799999941e+00 2.348474009599999857e+00 1.370565945899999916e+00 5.681467848000000265e-01 8.212597859000000389e-01 -4.352060950000000150e-02 2.911273846390000086e-02
1.403715916534058094e+09 -2.227436035599999808e+00 2.397777108200000118e+00 1.357459047100000094e+00 5.663867221999999702e-01 8.212394713999999762e-01 -5.893351480000000309e-02 3.603682130449999826e-02
1.403715916584058046e+09 -2.235118259200000068e+00 2.446622266899999953e+00 1.344604558899999969e+00 5.650651428999999837e-01 8.205195713999999807e-01 -7.370368260000000060e-02 4.490862362769999783e-02
1.403715916634057999e+09 -2.242295962200000048e+00 2.495254003599999937e+00 1.332007844200000068e+00 5.636319459999999948e-01 8.194204150999999658e-01 -9.068973439999999941e-02 5.142552676639999820e-02
1.403715916684058189e+09 -2.248463279400000125e+00 2.543904270300000103e+00 1.319671370300000035e+00 5.621451879000000096e-01 8.180321171000000113e-01 -1.076428385000000043e-01 5.682659983530000125e-02
1.403715916734057903e+09 -2.253815401699999832e+00 2.592372175299999970e+00 1.308189635500000003e+00 5.612544423999999976e-01 8.161436581000000023e-01 -1.235657893000000063e-01 6.028661475230000233e-02
1.403715916784058094e+09 -2.257841244899999822e+00 2.640743020099999949e+00 1.297302406900000094e+00 5.604657194000000064e-01 8.140845556000000371e-01 -1.387295527000000084e-01 6.243896975549999978e-02
1.403715916834058046e+09 -2.260173431800000188e+00 2.688693850699999999e+00 1.286716730800000041e+00 5.593604913999999928e-01 8.122807336999999794e-01 -1.521355939000000046e-01 6.458027060340000569e-02
1.403715916884057999e+09 -2.261007619299999938e+00 2.736198885799999925e+00 1.277731326799999900e+00 5.599524259999999476e-01 8.091938416999999717e-01 -1.665208132000000063e-01 6.268513373209999573e-02
1.403715916934057951e+09 -2.258887678699999846e+00 2.783363697600000020e+00 1.269925287500000000e+00 5.618934908999999589e-01 8.053785406000000258e-01 -1.778600328000000119e-01 6.330023667629999795e-02
1.403715916984058142e+09 -2.254055496999999963e+00 2.829747490499999962e+00 1.262605125299999909e+00 5.635604571000000229e-01 8.019232842000000305e-01 -1.877773473999999887e-01 6.370498618259999579e-02
1.403715917034058094e+09 -2.246119241999999794e+00 2.875039627600000092e+00 1.256368994600000066e+00 5.659993293999999731e-01 7.982294623000000255e-01 -1.957503416999999968e-01 6.446928257959999575e-02
1.403715917084058046e+09 -2.234199283600000197e+00 2.919725995099999860e+00 1.251283775799999942e+00 5.709150647999999828e-01 7.933309371000000221e-01 -1.990994503999999887e-01 7.100297115260000014e-02
1.403715917134057999e+09 -2.218129477000000183e+00 2.963297243900000044e+00 1.247900205100000104e+00 5.802868994000000002e-01 7.852516844000000384e-01 -1.995349905000000090e-01 8.266011108729999501e-02
1.403715917184058189e+09 -2.198560938900000039e+00 3.004707586999999958e+00 1.244581596099999965e+00 5.884440503000000211e-01 7.778644407000000482e-01 -1.953014576000000058e-01 1.025565806840000038e-01
1.403715917234057903e+09 -2.177558727400000116e+00 3.043751795599999976e+00 1.241647255099999958e+00 5.949076472000000004e-01 7.709392130000000121e-01 -1.908276221000000106e-01 1.237838433159999946e-01
1.403715917284058094e+09 -2.156861233799999944e+00 3.079102197400000129e+00 1.237936649099999897e+00 5.972864024999999799e-01 7.662628116999999905e-01 -1.899921301999999979e-01 1.413974796490000130e-01
1.403715917334058046e+09 -2.136941303800000025e+00 3.111502740000000156e+00 1.234722342299999998e+00 5.996512186000000355e-01 7.613583270999999542e-01 -1.912018300999999976e-01 1.555434792379999931e-01
1.403715917384057999e+09 -2.118697606400000044e+00 3.141070791200000212e+00 1.231611530599999949e+00 6.000536561999999519e-01 7.584063815999999569e-01 -1.937116302999999928e-01 1.650187086799999869e-01
1.403715917434057951e+09 -2.102335717899999956e+00 3.167827791800000181e+00 1.229074136099999937e+00 5.987740849999999559e-01 7.572693953000000366e-01 -1.970032371999999865e-01 1.708870464789999932e-01
1.403715917484058142e+09 -2.088346274800000124e+00 3.191875585500000057e+00 1.226901720599999912e+00 5.947473911999999752e-01 7.589727676999999950e-01 -2.040472899000000118e-01 1.691170660340000076e-01
1.403715917534058094e+09 -2.075814042399999781e+00 3.213483198800000107e+00 1.223840233700000057e+00 5.876861681999999698e-01 7.632958649000000095e-01 -2.103557798000000034e-01 1.665978281190000077e-01
1.403715917584058046e+09 -2.064822399300000111e+00 3.232751859199999966e+00 1.219964306999999915e+00 5.823423075000000448e-01 7.665850186999999538e-01 -2.183008897000000004e-01 1.599048701580000065e-01
1.403715917634057999e+09 -2.053808752000000126e+00 3.250582680700000004e+00 1.214520342899999994e+00 5.789583198000000097e-01 7.685699284000000464e-01 -2.243561712000000097e-01 1.541811841550000117e-01
1.403715917684058189e+09 -2.042114967699999895e+00 3.267411498299999995e+00 1.207833401999999889e+00 5.799920642000000459e-01 7.673775358000000102e-01 -2.291753944999999903e-01 1.490622742640000109e-01
1.403715917734057903e+09 -2.029983798199999967e+00 3.282696530099999954e+00 1.200347039199999966e+00 5.848246684000000251e-01 7.635919611000000495e-01 -2.316677661000000055e-01 1.457308145579999936e-01
1.403715917784058094e+09 -2.017457072400000051e+00 3.295615399099999898e+00 1.191688692200000066e+00 5.904152267000000176e-01 7.593265378000000343e-01 -2.317638052000000060e-01 1.453224267490000055e-01
1.403715917834058046e+09 -2.004524257899999995e+00 3.305453127699999882e+00 1.183441346399999983e+00 5.962206831999999901e-01 7.550521813999999665e-01 -2.301014050000000088e-01 1.465279620940000138e-01
1.403715917884057999e+09 -1.991681411899999921e+00 3.312325369499999894e+00 1.176169109099999943e+00 6.013155922999999792e-01 7.514540305000000364e-01 -2.276622211000000062e-01 1.480078091329999901e-01
1.403715917934057951e+09 -1.979210537199999953e+00 3.315220785799999792e+00 1.169981023500000106e+00 6.044931585999999690e-01 7.493742959000000425e-01 -2.241351605999999941e-01 1.509622982790000123e-01
1.403715917984058142e+09 -1.966958482099999905e+00 3.314561188099999889e+00 1.164753221600000055e+00 6.063877052999999684e-01 7.484253738999999683e-01 -2.196971023000000023e-01 1.545528839560000034e-01
1.403715918034058094e+09 -1.955252926100000010e+00 3.310018332999999924e+00 1.160376813699999898e+00 6.063007850999999615e-01 7.485985647999999770e-01 -2.151792939000000127e-01 1.603041425189999925e-01
1.403715918084058046e+09 -1.943991609700000067e+00 3.302003043400000060e+00 1.156047636200000062e+00 6.033825955999999602e-01 7.501811714999999658e-01 -2.120188063000000012e-01 1.679454645229999932e-01
1.403715918134057999e+09 -1.933685139600000102e+00 3.290774863199999789e+00 1.151401442500000094e+00 5.983018184999999711e-01 7.527006738000000530e-01 -2.107271967999999884e-01 1.762687667520000112e-01
1.403715918184058189e+09 -1.924542740399999952e+00 3.276942052599999933e+00 1.147267778600000065e+00 5.950213701000000022e-01 7.530961554999999752e-01 -2.113980817999999984e-01 1.846797245329999948e-01
1.403715918234057903e+09 -1.917037161299999903e+00 3.261092189599999802e+00 1.143965799600000111e+00 5.941803381000000384e-01 7.512989192000000260e-01 -2.163935754000000100e-01 1.888742450129999861e-01
1.403715918284058094e+09 -1.911249569300000006e+00 3.243033627600000024e+00 1.140680033199999999e+00 5.936555846000000081e-01 7.489381283999999583e-01 -2.245922295999999985e-01 1.903235590640000030e-01
1.403715918334058046e+09 -1.907190852300000072e+00 3.222699833400000102e+00 1.134895896700000018e+00 5.907685936000000027e-01 7.482091056999999878e-01 -2.367927655000000020e-01 1.873627210790000108e-01
1.403715918384057999e+09 -1.904438950400000108e+00 3.200189822400000050e+00 1.125653831800000004e+00 5.851508997000000045e-01 7.492485648000000165e-01 -2.509871329000000206e-01 1.822922704100000124e-01
1.403715918434057951e+09 -1.902316871300000045e+00 3.175926432999999882e+00 1.112548281600000077e+00 5.785278901000000529e-01 7.505564680999999849e-01 -2.656797050999999965e-01 1.771574521469999886e-01
1.403715918484058142e+09 -1.900080243499999932e+00 3.149806002700000107e+00 1.095944267699999974e+00 5.709697310000000359e-01 7.522590075999999737e-01 -2.794673710000000200e-01 1.731991350340000013e-01
1.403715918534058094e+09 -1.897263807100000088e+00 3.121703928100000081e+00 1.076946438900000080e+00 5.648377503000000521e-01 7.526817070000000331e-01 -2.914201934000000271e-01 1.717638924269999923e-01
1.403715918584058046e+09 -1.893698408999999971e+00 3.091870878299999958e+00 1.054954167400000031e+00 5.597622373999999734e-01 7.522854109000000067e-01 -3.022989905999999838e-01 1.713132173520000023e-01
1.403715918634057999e+09 -1.888474613100000088e+00 3.060720132500000190e+00 1.031479771000000101e+00 5.554288118000000329e-01 7.519826297999999687e-01 -3.094536368999999953e-01 1.739523099120000027e-01
1.403715918684058189e+09 -1.881671874600000072e+00 3.027761565700000101e+00 1.008862182099999893e+00 5.507383344999999819e-01 7.524579600999999895e-01 -3.135201879000000247e-01 1.794419040620000017e-01
1.403715918734057903e+09 -1.873630833400000029e+00 2.993189451700000170e+00 9.887841225000000289e-01 5.448794099999999530e-01 7.545785345000000088e-01 -3.145894732000000249e-01 1.864165422650000126e-01
1.403715918784058094e+09 -1.864018060700000090e+00 2.957624090599999978e+00 9.724846086999999750e-01 5.390430419999999723e-01 7.570634539999999690e-01 -3.127192216999999941e-01 1.961994238529999879e-01
1.403715918834058046e+09 -1.853928738500000062e+00 2.921358151100000189e+00 9.592044475000000014e-01 5.304799607000000305e-01 7.619354404999999497e-01 -3.103182201999999945e-01 2.043232682960000046e-01
1.403715918884057999e+09 -1.843348236600000023e+00 2.885107295400000105e+00 9.490371799000000275e-01 5.204504966999999871e-01 7.681354768000000499e-01 -3.078563235999999814e-01 2.105318354269999914e-01
1.403715918934057951e+09 -1.832524006899999947e+00 2.849660848600000129e+00 9.430433042000000432e-01 5.104665324999999587e-01 7.743796193999999966e-01 -3.068003248999999766e-01 2.136204222589999924e-01
1.403715918984058142e+09 -1.821182818200000053e+00 2.815949512700000046e+00 9.408181904000000317e-01 5.013991575999999784e-01 7.801733141000000149e-01 -3.067760876999999775e-01 2.140488651099999862e-01
1.403715919034058094e+09 -1.808889055699999915e+00 2.784617253299999984e+00 9.421041432000000215e-01 4.928479169000000160e-01 7.855173865000000255e-01 -3.071046675999999920e-01 2.138927055269999877e-01
1.403715919084058046e+09 -1.795431404999999980e+00 2.755863946199999859e+00 9.467781118000000440e-01 4.853632494999999825e-01 7.903636343000000064e-01 -3.053872991000000092e-01 2.156071405860000012e-01
1.403715919134057999e+09 -1.780527110400000002e+00 2.730054457700000103e+00 9.534806705999999688e-01 4.813018142000000110e-01 7.932507425999999473e-01 -3.008423353999999939e-01 2.204443519579999955e-01
1.403715919184058189e+09 -1.764423004700000019e+00 2.707480216600000045e+00 9.606947867999999779e-01 4.790658360000000227e-01 7.950903142999999895e-01 -2.936706420999999900e-01 2.282211010390000072e-01
1.403715919234057903e+09 -1.747524422899999985e+00 2.688681810799999905e+00 9.684282599000000324e-01 4.790907837999999752e-01 7.954061619000000194e-01 -2.851197649000000167e-01 2.377136475349999889e-01
1.403715919284058094e+09 -1.730494250700000070e+00 2.674088601199999804e+00 9.767114507999999917e-01 4.823249202000000069e-01 7.937197060999999776e-01 -2.760401276000000181e-01 2.473328675520000131e-01
1.403715919334058046e+09 -1.714279437300000097e+00 2.663294704600000173e+00 9.844090459000000015e-01 4.858167280999999837e-01 7.917782136000000026e-01 -2.669454661999999812e-01 2.565335946160000047e-01
1.403715919384057999e+09 -1.700089684800000001e+00 2.655926934400000050e+00 9.904012518999999459e-01 4.914891040000000100e-01 7.885939400999999460e-01 -2.641994024000000052e-01 2.583732454650000121e-01
1.403715919434057951e+09 -1.688000788999999946e+00 2.651496453200000047e+00 9.933905678000000128e-01 4.977289704000000259e-01 7.852343901999999654e-01 -2.669493980000000044e-01 2.537929143459999870e-01
1.403715919484058142e+09 -1.677386497799999932e+00 2.649528797799999946e+00 9.929231927999999652e-01 5.042372408999999944e-01 7.815960942999999883e-01 -2.707057083000000142e-01 2.481345799659999962e-01
1.403715919534058094e+09 -1.667796174100000028e+00 2.649590413199999883e+00 9.889060687999999821e-01 5.098666697000000525e-01 7.782457186000000249e-01 -2.745362138999999924e-01 2.428980195450000101e-01
1.403715919584058046e+09 -1.658951566000000044e+00 2.651176770799999804e+00 9.813379271000000070e-01 5.146719372000000403e-01 7.752278944999999588e-01 -2.777851022000000225e-01 2.386837774839999926e-01
1.403715919634057999e+09 -1.650840787299999946e+00 2.654051775400000146e+00 9.701060822000000528e-01 5.179461173999999613e-01 7.730654031000000481e-01 -2.805081449999999865e-01 2.354079068230000016e-01
1.403715919684058189e+09 -1.643345162399999948e+00 2.658200763400000000e+00 9.555802333999999787e-01 5.195018263999999775e-01 7.719068966000000032e-01 -2.818207413000000106e-01 2.342107280010000125e-01
1.403715919734057903e+09 -1.636455039399999922e+00 2.663549336700000048e+00 9.379653112000000403e-01 5.197404070000000154e-01 7.715430116000000504e-01 -2.818477428999999757e-01 2.348470574700000091e-01
1.403715919784058094e+09 -1.629837356099999912e+00 2.669976896800000166e+00 9.179694685999999493e-01 5.193973518000000178e-01 7.714370391999999521e-01 -2.800544496999999855e-01 2.380772789820000124e-01
1.403715919834058046e+09 -1.624360015199999951e+00 2.677610655400000095e+00 8.969669839999999672e-01 5.192044087999999613e-01 7.714354941000000077e-01 -2.789599600000000068e-01 2.397819864680000024e-01
1.403715919884057999e+09 -1.620133867100000069e+00 2.686194830099999820e+00 8.753656347999999587e-01 5.184428799000000421e-01 7.718592217999999949e-01 -2.776862655999999818e-01 2.415381125809999974e-01
1.403715919934057951e+09 -1.617721343099999931e+00 2.696294670399999927e+00 8.538886964999999885e-01 5.164262807999999705e-01 7.733992611000000128e-01 -2.779065314999999980e-01 2.406770434740000131e-01
1.403715919984058142e+09 -1.616644587699999969e+00 2.708090070799999971e+00 8.339999444000000262e-01 5.126808430000000527e-01 7.762734470000000053e-01 -2.797197726999999801e-01 2.373072639390000071e-01
1.403715920034058094e+09 -1.616244306400000053e+00 2.721936294999999895e+00 8.176358420999999543e-01 5.095703679999999958e-01 7.787054266999999808e-01 -2.808263344999999966e-01 2.347178483619999922e-01
1.403715920084058046e+09 -1.616622440500000035e+00 2.737581607900000158e+00 8.049662265999999455e-01 5.071406809999999821e-01 7.807674475000000447e-01 -2.822232769999999946e-01 2.314315115899999997e-01
1.403715920134057999e+09 -1.617615329900000010e+00 2.754982069500000019e+00 7.959549276999999812e-01 5.050153778999999510e-01 7.826056571999999711e-01 -2.838729595999999744e-01 2.278244855669999958e-01
1.403715920184058189e+09 -1.619064649300000047e+00 2.773907803200000188e+00 7.904746875000000506e-01 5.040688841999999559e-01 7.835916345000000227e-01 -2.851620394000000114e-01 2.249029159450000037e-01
1.403715920234057903e+09 -1.620343501900000094e+00 2.795290286500000221e+00 7.887016279999999879e-01 5.047165217000000315e-01 7.837670532999999606e-01 -2.869938085000000028e-01 2.204654001949999942e-01
1.403715920284058094e+09 -1.621243652500000021e+00 2.819323776900000134e+00 7.918420098999999768e-01 5.091336975000000376e-01 7.818924507000000190e-01 -2.874348677999999935e-01 2.163521905249999877e-01
1.403715920334058046e+09 -1.621805900000000022e+00 2.844979380899999910e+00 7.983554133000000386e-01 5.149035063000000356e-01 7.794826969999999466e-01 -2.869919880999999839e-01 2.119356106030000075e-01
1.403715920384057999e+09 -1.622221838900000046e+00 2.871700612700000210e+00 8.071467378000000137e-01 5.198662472999999729e-01 7.774881865999999642e-01 -2.858551726999999931e-01 2.086576740220000004e-01
1.403715920434057951e+09 -1.622290825199999897e+00 2.899275564399999894e+00 8.176051656999999695e-01 5.266930886999999784e-01 7.740045435000000307e-01 -2.853593790000000241e-01 2.051374702179999954e-01
1.403715920484058142e+09 -1.621979587000000000e+00 2.927121635399999811e+00 8.284970395999999848e-01 5.329315401999999979e-01 7.707667772999999833e-01 -2.842280974999999987e-01 2.027731171100000118e-01
1.403715920534058094e+09 -1.621233074799999896e+00 2.955100379200000127e+00 8.394992101999999567e-01 5.398382341999999889e-01 7.669337411000000104e-01 -2.830132627999999984e-01 2.007257104050000074e-01
1.403715920584058046e+09 -1.620092333399999918e+00 2.982629232499999894e+00 8.502545258000000494e-01 5.464555900999999993e-01 7.629597857000000038e-01 -2.819423833999999962e-01 1.994671548189999866e-01
1.403715920634057999e+09 -1.618848700400000062e+00 3.009196453399999971e+00 8.603838408999999743e-01 5.526260711999999575e-01 7.592198014000000050e-01 -2.809568534999999923e-01 1.981236106160000066e-01
1.403715920684058189e+09 -1.617608281699999928e+00 3.034636257099999845e+00 8.711824848000000454e-01 5.584485584999999697e-01 7.558071959000000062e-01 -2.795061533000000042e-01 1.968933730859999953e-01
1.403715920734057903e+09 -1.616592524499999906e+00 3.058583756200000003e+00 8.841279984000000036e-01 5.641475311000000437e-01 7.527465559999999556e-01 -2.763246228999999832e-01 1.968626129499999877e-01
1.403715920784058094e+09 -1.616465404599999989e+00 3.080678314500000070e+00 9.003364625999999982e-01 5.689873190999999997e-01 7.509137539000000361e-01 -2.729986383999999933e-01 1.945602950839999956e-01
1.403715920834058046e+09 -1.616919179199999945e+00 3.101084532399999816e+00 9.182823302000000520e-01 5.715926288999999549e-01 7.510984977000000340e-01 -2.680011478000000058e-01 1.931535609149999944e-01
1.403715920884057999e+09 -1.618588475499999957e+00 3.119509614100000050e+00 9.389847159999999970e-01 5.724862095999999623e-01 7.529797314999999713e-01 -2.635127803999999796e-01 1.893200420060000000e-01
1.403715920934057951e+09 -1.621289747500000100e+00 3.135672644200000025e+00 9.624377093000000549e-01 5.719174538000000307e-01 7.563727090999999847e-01 -2.598666571000000092e-01 1.824282640909999920e-01
1.403715920984058142e+09 -1.624655633299999957e+00 3.149375639800000126e+00 9.877841990000000294e-01 5.681215440000000338e-01 7.623633153000000107e-01 -2.565119949999999927e-01 1.739013601849999924e-01
1.403715921034058094e+09 -1.628074562099999900e+00 3.161158014699999796e+00 1.015652120299999961e+00 5.642260991999999975e-01 7.684466049999999493e-01 -2.525635285000000230e-01 1.653795276510000023e-01
1.403715921084058046e+09 -1.630971530400000091e+00 3.171403363500000072e+00 1.044524696300000111e+00 5.601655519999999555e-01 7.746512263000000509e-01 -2.469949948999999867e-01 1.585039569049999930e-01
1.403715921134057999e+09 -1.632770427499999899e+00 3.180702484000000219e+00 1.073744268500000043e+00 5.569429488999999567e-01 7.799320711999999656e-01 -2.409042094000000134e-01 1.532503761419999888e-01
1.403715921184058189e+09 -1.633279969700000001e+00 3.189304778999999979e+00 1.103561267599999951e+00 5.559915939999999779e-01 7.831218524999999930e-01 -2.347191916999999961e-01 1.500013755179999964e-01
1.403715921234057903e+09 -1.632756960600000085e+00 3.197495181499999894e+00 1.132745083599999925e+00 5.546088571999999717e-01 7.862057596000000537e-01 -2.291111856999999974e-01 1.476400479109999941e-01
1.403715921284058094e+09 -1.630937689400000057e+00 3.205222407699999998e+00 1.161261251500000036e+00 5.536324954000000353e-01 7.885852102999999502e-01 -2.231091148999999885e-01 1.478064577719999939e-01
1.403715921334058046e+09 -1.628378025900000026e+00 3.212395139899999918e+00 1.189189716300000033e+00 5.512210754999999907e-01 7.916691491999999775e-01 -2.174360995000000074e-01 1.487844974189999891e-01
1.403715921384057999e+09 -1.625173584699999951e+00 3.219428581799999911e+00 1.216871781500000083e+00 5.486910477999999980e-01 7.945688294999999624e-01 -2.120165358999999972e-01 1.504908561680000090e-01
1.403715921434057951e+09 -1.621507400400000076e+00 3.226643762500000179e+00 1.244566592600000021e+00 5.461950571999999449e-01 7.971131606000000369e-01 -2.071653300000000086e-01 1.528531804880000067e-01
1.403715921484058142e+09 -1.617560578099999979e+00 3.234619219499999865e+00 1.272683835200000058e+00 5.441948169000000446e-01 7.990127586999999920e-01 -2.044512159999999912e-01 1.537215437920000094e-01
1.403715921534058094e+09 -1.613570490599999907e+00 3.243350363899999866e+00 1.301891667500000072e+00 5.437637136999999843e-01 7.997058489999999686e-01 -2.022253236999999870e-01 1.545849190330000067e-01
1.403715921584058046e+09 -1.609602554999999935e+00 3.252739994300000159e+00 1.332930879500000110e+00 5.430884453000000001e-01 8.003862161999999447e-01 -2.010438865999999991e-01 1.549780667060000061e-01
1.403715921634057999e+09 -1.605633825500000000e+00 3.263126645299999851e+00 1.368099453699999968e+00 5.436926104999999509e-01 7.999959161999999901e-01 -2.000522319999999965e-01 1.561537186389999887e-01
1.403715921684058189e+09 -1.601916086799999972e+00 3.274597689400000178e+00 1.405641493799999919e+00 5.430557681000000025e-01 8.003702995000000486e-01 -2.009618076999999947e-01 1.552809331220000033e-01
1.403715921734057903e+09 -1.598260254499999977e+00 3.286713039099999900e+00 1.444330505799999997e+00 5.431876825000000464e-01 8.001185614000000390e-01 -2.021461911000000111e-01 1.545779631280000121e-01
1.403715921784058094e+09 -1.594737126999999921e+00 3.299759207600000188e+00 1.483872922300000008e+00 5.453011064999999657e-01 7.985280263999999795e-01 -2.055036389999999880e-01 1.508905186789999964e-01
1.403715921834058046e+09 -1.591215280999999981e+00 3.312966947100000059e+00 1.522429213899999967e+00 5.463334364999999915e-01 7.976018528999999635e-01 -2.080183529999999892e-01 1.485914710469999900e-01
1.403715921884057999e+09 -1.587601746400000069e+00 3.326393472899999981e+00 1.558762310699999931e+00 5.475295853999999629e-01 7.965178494000000331e-01 -2.107638223999999949e-01 1.461139277590000063e-01
1.403715921934057951e+09 -1.583281838400000030e+00 3.340379233899999800e+00 1.591965874200000020e+00 5.492007078999999736e-01 7.949840405000000443e-01 -2.126813660999999911e-01 1.454152478490000067e-01
1.403715921984058142e+09 -1.578527419400000076e+00 3.354617030500000041e+00 1.622264151600000037e+00 5.498807854999999689e-01 7.941372289999999445e-01 -2.143819295000000125e-01 1.449743826409999881e-01
1.403715922034058094e+09 -1.573286414300000047e+00 3.368694535699999992e+00 1.651573321899999947e+00 5.501454210999999761e-01 7.935332188999999481e-01 -2.149192477999999906e-01 1.464744450380000007e-01
1.403715922084058046e+09 -1.567546441099999965e+00 3.382833752699999863e+00 1.681036860899999930e+00 5.514988930999999983e-01 7.922371319000000023e-01 -2.147220954999999876e-01 1.486731971559999976e-01
1.403715922134057999e+09 -1.561546242799999984e+00 3.397017019499999790e+00 1.712710038099999998e+00 5.545604551999999687e-01 7.897040045000000008e-01 -2.157055676000000088e-01 1.493365154459999899e-01
1.403715922184058189e+09 -1.555163199000000107e+00 3.410926175000000171e+00 1.747003853899999903e+00 5.580652252000000146e-01 7.869319673000000348e-01 -2.159663206000000113e-01 1.505318291230000050e-01
1.403715922234057903e+09 -1.548613111899999950e+00 3.424435664100000221e+00 1.784047396500000104e+00 5.621096650000000361e-01 7.837300372000000070e-01 -2.164256962999999978e-01 1.515251503070000061e-01
1.403715922284058094e+09 -1.542089349600000103e+00 3.437529728299999920e+00 1.823929839500000094e+00 5.654269802000000400e-01 7.811623167000000256e-01 -2.161092611000000052e-01 1.528873846550000137e-01
1.403715922334058046e+09 -1.535685584399999914e+00 3.449640858199999993e+00 1.866048826000000105e+00 5.678990616000000324e-01 7.792219111000000531e-01 -2.151324836999999879e-01 1.549899466619999999e-01
1.403715922384057999e+09 -1.529613287100000107e+00 3.460347842900000082e+00 1.908338584700000062e+00 5.685580283000000179e-01 7.787124086000000167e-01 -2.130001139000000099e-01 1.580496906520000022e-01
1.403715922434057951e+09 -1.523925999300000056e+00 3.469789360800000111e+00 1.950125540299999960e+00 5.676854199999999961e-01 7.793678470999999552e-01 -2.103869704999999923e-01 1.614197803809999943e-01
1.403715922484058142e+09 -1.519024494800000014e+00 3.478214807400000108e+00 1.991733480099999953e+00 5.679263647000000192e-01 7.793253867999999640e-01 -2.095295714000000031e-01 1.618917677879999906e-01
1.403715922534058094e+09 -1.514800982799999973e+00 3.485747877900000180e+00 2.032814552700000110e+00 5.680695784000000526e-01 7.793540370000000550e-01 -2.099364750999999918e-01 1.607199910790000075e-01
1.403715922584058046e+09 -1.511202826499999929e+00 3.492603924900000045e+00 2.073341502299999917e+00 5.698142306000000268e-01 7.781928370999999789e-01 -2.112571173999999996e-01 1.584237393469999922e-01
1.403715922634057999e+09 -1.508166567099999966e+00 3.498197986800000159e+00 2.112545121600000186e+00 5.717964760000000535e-01 7.769304497000000254e-01 -2.121186683000000073e-01 1.563123055420000129e-01
1.403715922684058189e+09 -1.505114794900000108e+00 3.502326272999999990e+00 2.148374537400000062e+00 5.728866742999999540e-01 7.761892881999999938e-01 -2.125998829000000090e-01 1.553458627300000061e-01
1.403715922734057903e+09 -1.502297016900000060e+00 3.505073267699999828e+00 2.180293249500000030e+00 5.724695343000000269e-01 7.765712434999999525e-01 -2.120641209000000138e-01 1.557065979850000004e-01
1.403715922784058094e+09 -1.499718708500000108e+00 3.506735622499999927e+00 2.208222996499999979e+00 5.715762169000000448e-01 7.773590229000000296e-01 -2.101999620999999985e-01 1.575739629560000132e-01
1.403715922834058046e+09 -1.497619016700000083e+00 3.507239577400000030e+00 2.232094659499999967e+00 5.698168874000000272e-01 7.787093313999999822e-01 -2.081315078000000041e-01 1.600055229490000008e-01
1.403715922884057999e+09 -1.496079716099999901e+00 3.506977681199999974e+00 2.251883162800000004e+00 5.683869230000000439e-01 7.798346334000000324e-01 -2.061189139000000059e-01 1.622012443330000109e-01
1.403715922934057951e+09 -1.495106646300000008e+00 3.506153007900000063e+00 2.268177282499999947e+00 5.667774387999999774e-01 7.810259688999999783e-01 -2.047040799000000022e-01 1.638841373290000070e-01
1.403715922984058142e+09 -1.494682693399999929e+00 3.505077702099999915e+00 2.282750065900000180e+00 5.661310784999999957e-01 7.815012063999999814e-01 -2.034565801000000063e-01 1.653991725660000078e-01
1.403715923034058094e+09 -1.495073042100000027e+00 3.503419146200000167e+00 2.296405787199999882e+00 5.654297163000000515e-01 7.820410024999999710e-01 -2.023138265999999963e-01 1.666439973490000115e-01
1.403715923084058046e+09 -1.496466655599999918e+00 3.500916392100000163e+00 2.309480762100000195e+00 5.641399603000000207e-01 7.829022920000000552e-01 -2.018434222000000111e-01 1.675390677839999898e-01
1.403715923134057999e+09 -1.499071463099999946e+00 3.497697708000000016e+00 2.323450830800000144e+00 5.623035087000000098e-01 7.842993786999999939e-01 -2.015654071999999908e-01 1.675130901040000064e-01
1.403715923184058189e+09 -1.502677919599999967e+00 3.493660901400000185e+00 2.339423622700000038e+00 5.591033220000000137e-01 7.866552489999999453e-01 -2.016085022000000115e-01 1.671257203360000110e-01
1.403715923234057903e+09 -1.507270777800000072e+00 3.489457984700000015e+00 2.358286539499999890e+00 5.554410171000000451e-01 7.892472761000000059e-01 -2.018666222999999926e-01 1.668049177320000132e-01
1.403715923284058094e+09 -1.512961974600000037e+00 3.485516130500000198e+00 2.380909708799999969e+00 5.521479279000000018e-01 7.917327626000000285e-01 -2.034284030000000076e-01 1.640389683940000065e-01
1.403715923334058046e+09 -1.519870443100000079e+00 3.481632056700000089e+00 2.406444571699999813e+00 5.505243935000000421e-01 7.930122109999999669e-01 -2.059353046999999881e-01 1.601411118159999925e-01
1.403715923384057999e+09 -1.527524309199999930e+00 3.477969765000000102e+00 2.432175229699999885e+00 5.500159471000000133e-01 7.935429313999999845e-01 -2.100934909999999933e-01 1.537296296279999919e-01
1.403715923434057951e+09 -1.534973286999999909e+00 3.474938053999999887e+00 2.456553248400000111e+00 5.506229491999999892e-01 7.932026765999999895e-01 -2.141853495999999912e-01 1.475415797290000053e-01
1.403715923484058142e+09 -1.542269040399999902e+00 3.471975542200000042e+00 2.478198778799999946e+00 5.515380141000000291e-01 7.925698960000000515e-01 -2.185335475000000083e-01 1.410030764140000059e-01
1.403715923534058094e+09 -1.548594169800000087e+00 3.469142125199999871e+00 2.496798968299999810e+00 5.531844678999999765e-01 7.913101273000000546e-01 -2.229054222999999890e-01 1.346417454119999968e-01
1.403715923584058046e+09 -1.553951076699999989e+00 3.466105312299999852e+00 2.511467812399999833e+00 5.553390744999999740e-01 7.896622935999999537e-01 -2.267536263000000107e-01 1.288982827709999890e-01
1.403715923634057999e+09 -1.558267531100000047e+00 3.462586510399999984e+00 2.520827826900000179e+00 5.573381523999999532e-01 7.881084280000000275e-01 -2.298552950999999955e-01 1.242007763290000066e-01
1.403715923684058189e+09 -1.561407733600000070e+00 3.458497013200000136e+00 2.523994674499999924e+00 5.595039754999999726e-01 7.864374186999999461e-01 -2.321550403000000040e-01 1.207291397429999941e-01
1.403715923734057903e+09 -1.563329903300000101e+00 3.453631199899999782e+00 2.520698433499999780e+00 5.616235794999999698e-01 7.849043760999999675e-01 -2.335314642000000107e-01 1.181826151019999965e-01
1.403715923784058094e+09 -1.564109546400000106e+00 3.447854033800000106e+00 2.511286232699999843e+00 5.645854947999999762e-01 7.827436723999999790e-01 -2.345058975000000046e-01 1.164583461339999959e-01
1.403715923834058046e+09 -1.563096790399999936e+00 3.441245918599999953e+00 2.497347336299999832e+00 5.676321829999999569e-01 7.806640320000000077e-01 -2.334918648000000041e-01 1.176389519850000037e-01
1.403715923884057999e+09 -1.560738467500000004e+00 3.433579142300000164e+00 2.480660951800000014e+00 5.727630819000000262e-01 7.771148972000000432e-01 -2.316208124999999951e-01 1.199445193310000046e-01
1.403715923934057951e+09 -1.556837544800000028e+00 3.424946823299999998e+00 2.461256477700000111e+00 5.782974832999999704e-01 7.731512276999999989e-01 -2.298741162999999865e-01 1.223400615250000018e-01
1.403715923984058142e+09 -1.551541818700000075e+00 3.414693931900000035e+00 2.438862615600000172e+00 5.825507839000000354e-01 7.702476690999999764e-01 -2.267838638999999934e-01 1.261831660820000034e-01
1.403715924034058094e+09 -1.545342477599999986e+00 3.402626955000000120e+00 2.412954782599999959e+00 5.853145660999999889e-01 7.683754328999999883e-01 -2.239054625999999937e-01 1.298937901820000074e-01
1.403715924084058046e+09 -1.538173392200000045e+00 3.388700997699999995e+00 2.383889523400000154e+00 5.868854373999999874e-01 7.672581089000000132e-01 -2.204961095999999898e-01 1.351367577979999957e-01
1.403715924134057999e+09 -1.530917031900000058e+00 3.372385858599999953e+00 2.353179705200000082e+00 5.870955665999999518e-01 7.672830022000000083e-01 -2.170044754999999881e-01 1.396590416110000121e-01
1.403715924184058189e+09 -1.523405624700000072e+00 3.354136051399999818e+00 2.322264209900000154e+00 5.863101837999999955e-01 7.679487743999999783e-01 -2.147038940999999868e-01 1.428190679789999862e-01
1.403715924234057903e+09 -1.515736177900000037e+00 3.333900213200000184e+00 2.290922688999999846e+00 5.835637620000000414e-01 7.700584542999999726e-01 -2.123613212999999889e-01 1.461710708710000084e-01
1.403715924284058094e+09 -1.508319868699999899e+00 3.311988575700000048e+00 2.260285565999999857e+00 5.814605295000000451e-01 7.716629293000000223e-01 -2.117577382999999980e-01 1.469647455720000107e-01
1.403715924334058046e+09 -1.500966990500000042e+00 3.288360273799999955e+00 2.229769375300000078e+00 5.779175992999999734e-01 7.742731537000000497e-01 -2.104736902000000076e-01 1.490407916819999901e-01
1.403715924384057999e+09 -1.494044274700000008e+00 3.263395134700000089e+00 2.199808137099999783e+00 5.738090507999999978e-01 7.772491566000000462e-01 -2.099331764000000045e-01 1.501831656710000129e-01
1.403715924434057951e+09 -1.487519450099999974e+00 3.237697672299999940e+00 2.170278225200000133e+00 5.695450886999999796e-01 7.802576815999999749e-01 -2.112561729999999915e-01 1.489535889090000120e-01
1.403715924484058142e+09 -1.481052059900000106e+00 3.211283935800000044e+00 2.140607755400000034e+00 5.636862864999999667e-01 7.844362169999999912e-01 -2.119863096000000058e-01 1.482544989479999964e-01
1.403715924534058094e+09 -1.474408832399999980e+00 3.184667052700000056e+00 2.111476293099999957e+00 5.578827050000000343e-01 7.883574436000000407e-01 -2.136505226000000035e-01 1.470132059479999920e-01
1.403715924584058046e+09 -1.467392361699999981e+00 3.157967586599999876e+00 2.082981516999999894e+00 5.541428959999999959e-01 7.907407397000000282e-01 -2.150733139000000071e-01 1.462812466049999982e-01
1.403715924634057999e+09 -1.459997616799999953e+00 3.131429936199999986e+00 2.055093159600000163e+00 5.520459266999999670e-01 7.916993771000000457e-01 -2.194445486000000112e-01 1.424832661429999980e-01
1.403715924684058189e+09 -1.451505865799999961e+00 3.105116298700000055e+00 2.027555817800000160e+00 5.509776523999999620e-01 7.911788519000000353e-01 -2.260180006999999991e-01 1.391959564190000109e-01
1.403715924734057903e+09 -1.441374176699999898e+00 3.078898135499999800e+00 2.000226043200000081e+00 5.514762500000000012e-01 7.887700951999999655e-01 -2.337457681000000009e-01 1.381252995779999881e-01
1.403715924784058094e+09 -1.429385271999999985e+00 3.053067660700000019e+00 1.973045007200000089e+00 5.517180471000000530e-01 7.859908353000000236e-01 -2.419694212999999872e-01 1.388394843849999893e-01
1.403715924834058046e+09 -1.415397013099999990e+00 3.026886820800000155e+00 1.946252068299999971e+00 5.527622906000000391e-01 7.818779296000000212e-01 -2.509094380999999929e-01 1.420042506799999993e-01
1.403715924884057999e+09 -1.399571053699999901e+00 3.000138197800000128e+00 1.919529452499999955e+00 5.525096368999999896e-01 7.779265104999999458e-01 -2.606698727000000271e-01 1.470192599419999913e-01
1.403715924934057951e+09 -1.382055141499999973e+00 2.972345542399999818e+00 1.893286294099999933e+00 5.538742987000000451e-01 7.720321989999999746e-01 -2.711659378999999870e-01 1.538134553880000088e-01
1.403715924984058142e+09 -1.362679814999999905e+00 2.943517600299999870e+00 1.867334156000000078e+00 5.551074934999999932e-01 7.657092330000000446e-01 -2.800934347999999852e-01 1.645986302000000123e-01
1.403715925034058094e+09 -1.341742003200000033e+00 2.913523453199999835e+00 1.842905261999999933e+00 5.576633096999999983e-01 7.575887263999999677e-01 -2.893208143000000065e-01 1.771000311100000002e-01
1.403715925084058046e+09 -1.319806761900000014e+00 2.882430190900000078e+00 1.821188574100000013e+00 5.604056078000000385e-01 7.488705643999999939e-01 -2.970290701000000144e-01 1.921253862370000121e-01
1.403715925134057999e+09 -1.298228468800000091e+00 2.849146195699999939e+00 1.802619777699999926e+00 5.617933350999999575e-01 7.406421401999999654e-01 -3.050661561999999938e-01 2.068141899220000135e-01
1.403715925184058189e+09 -1.277062245900000059e+00 2.813859257699999894e+00 1.787314450500000040e+00 5.611890321000000403e-01 7.334022343999999638e-01 -3.142473836999999937e-01 2.200831994749999909e-01
1.403715925234057903e+09 -1.256664726099999907e+00 2.777000892299999801e+00 1.775896028700000073e+00 5.593273333999999597e-01 7.269130217000000505e-01 -3.258485566000000055e-01 2.292882709450000112e-01
1.403715925284058094e+09 -1.237350138200000060e+00 2.738026822400000171e+00 1.767894848999999935e+00 5.552330139000000164e-01 7.216488301000000272e-01 -3.384484964999999734e-01 2.374697485820000120e-01
1.403715925334058046e+09 -1.219210403099999951e+00 2.697189437400000056e+00 1.762755964399999931e+00 5.500092814000000496e-01 7.170367274000000180e-01 -3.531108385999999766e-01 2.422000363160000114e-01
1.403715925384057999e+09 -1.201446485099999961e+00 2.654742258899999818e+00 1.759749711400000027e+00 5.432042871000000162e-01 7.129465193999999784e-01 -3.685757541999999942e-01 2.465527862909999979e-01
1.403715925434057951e+09 -1.184401832400000076e+00 2.610602280500000205e+00 1.757695833000000096e+00 5.359507038999999917e-01 7.090522454000000030e-01 -3.843157682000000186e-01 2.496059826810000104e-01
1.403715925484058142e+09 -1.167648920600000029e+00 2.564826963999999876e+00 1.755454672399999971e+00 5.271644562999999728e-01 7.059842302000000069e-01 -3.997707802000000088e-01 2.527196588569999847e-01
1.403715925534058094e+09 -1.150702518299999921e+00 2.517547956300000056e+00 1.753295919899999999e+00 5.192743334999999627e-01 7.017486064000000301e-01 -4.146389470999999882e-01 2.568610589529999877e-01
1.403715925584058046e+09 -1.133182127099999992e+00 2.468675919099999838e+00 1.751057419699999951e+00 5.117565792999999585e-01 6.970030354999999789e-01 -4.279728147999999899e-01 2.629282065579999772e-01
1.403715925634057999e+09 -1.114901693900000046e+00 2.418324158199999907e+00 1.749061796399999924e+00 5.054867955999999829e-01 6.909463822000000421e-01 -4.407566278000000226e-01 2.698328954409999758e-01
1.403715925684058189e+09 -1.095558611600000010e+00 2.366530847599999987e+00 1.747375482500000077e+00 5.002174087999999852e-01 6.837876399000000216e-01 -4.525783944999999808e-01 2.781902304130000059e-01
1.403715925734057903e+09 -1.075217803799999983e+00 2.313563058300000197e+00 1.745873518200000030e+00 4.953945659999999807e-01 6.759138783999999456e-01 -4.640274160999999786e-01 2.870595932009999962e-01
1.403715925784058094e+09 -1.054423787299999971e+00 2.259328502399999827e+00 1.743825536699999956e+00 4.897838406000000200e-01 6.682465615999999553e-01 -4.756288936999999994e-01 2.955257650529999891e-01
1.403715925834058046e+09 -1.032812231100000089e+00 2.203849816500000003e+00 1.742018536000000006e+00 4.851947134999999856e-01 6.593956877000000105e-01 -4.868176088999999762e-01 3.046178470409999783e-01
1.403715925884057999e+09 -1.010759191800000067e+00 2.147012558300000151e+00 1.739742664800000060e+00 4.803062425999999885e-01 6.503441182000000431e-01 -4.973275058000000137e-01 3.146804621150000036e-01
1.403715925934057951e+09 -9.885282147999999713e-01 2.088727695699999831e+00 1.736933797300000082e+00 4.742942847000000128e-01 6.416697250999999769e-01 -5.069859705999999466e-01 3.259909829600000086e-01
1.403715925984058142e+09 -9.658010128999999777e-01 2.029233827100000109e+00 1.734261258300000108e+00 4.684994143999999805e-01 6.322354523000000004e-01 -5.165039219000000514e-01 3.376541576400000078e-01
1.403715926034058094e+09 -9.429069670999999930e-01 1.968733852199999967e+00 1.731192391300000022e+00 4.641795893999999811e-01 6.212194130999999508e-01 -5.264889859000000394e-01 3.484725200839999815e-01
1.403715926084058046e+09 -9.199078227000000441e-01 1.907186724800000066e+00 1.726489732799999954e+00 4.618971843999999938e-01 6.077149141000000032e-01 -5.370375994999999625e-01 3.590601495469999960e-01
1.403715926134057999e+09 -8.973347400000000196e-01 1.844501768400000019e+00 1.719000352199999915e+00 4.595712652000000231e-01 5.934059214000000360e-01 -5.472750725999999677e-01 3.703426244190000105e-01
1.403715926184058189e+09 -8.758646243000000053e-01 1.780587334800000088e+00 1.708052894699999991e+00 4.564646113999999977e-01 5.787092307000000213e-01 -5.579155104999999892e-01 3.814000105009999753e-01
1.403715926234057903e+09 -8.562401681000000320e-01 1.715250352300000003e+00 1.693218040299999894e+00 4.521753371000000188e-01 5.644678292000000486e-01 -5.685425859999999609e-01 3.920113036830000230e-01
1.403715926284058094e+09 -8.384439530999999723e-01 1.648277742499999921e+00 1.675089091900000104e+00 4.469570800000000066e-01 5.502798745000000435e-01 -5.790351394999999624e-01 4.026657863659999781e-01
1.403715926334058046e+09 -8.221376346000000002e-01 1.579787550200000057e+00 1.654180268800000020e+00 4.402258741999999780e-01 5.367388392999999924e-01 -5.883768458999999451e-01 4.146387406359999805e-01
1.403715926384057999e+09 -8.079760432999999464e-01 1.510044034599999918e+00 1.631633893899999910e+00 4.323444744000000117e-01 5.236890213999999544e-01 -5.972686868000000038e-01 4.267296334599999796e-01
1.403715926434057951e+09 -7.961494046999999519e-01 1.439245581200000013e+00 1.608517214299999942e+00 4.239471275000000206e-01 5.108206700999999850e-01 -6.036789854999999871e-01 4.414779253580000118e-01
1.403715926484058142e+09 -7.872215396999999726e-01 1.367792131000000078e+00 1.585218037199999985e+00 4.155550484000000155e-01 4.979865529999999985e-01 -6.092291398000000413e-01 4.562491095349999748e-01
1.403715926534058094e+09 -7.814124387999999977e-01 1.295676383900000062e+00 1.561290419899999948e+00 4.056586804999999796e-01 4.860161957999999949e-01 -6.162721811000000383e-01 4.684419828399999930e-01
1.403715926584058046e+09 -7.790694581999999535e-01 1.223564660699999918e+00 1.536513567699999916e+00 3.937313561999999934e-01 4.760444722000000128e-01 -6.244681876000000020e-01 4.779087384160000118e-01
1.403715926634057999e+09 -7.800482990999999533e-01 1.151755913999999992e+00 1.511149252999999915e+00 3.802200050000000275e-01 4.672187715000000185e-01 -6.349114032999999546e-01 4.837632450029999975e-01
1.403715926684058189e+09 -7.837533531999999470e-01 1.080491138199999979e+00 1.485933551100000027e+00 3.669121378999999905e-01 4.583580627000000129e-01 -6.464805895999999885e-01 4.871819133849999983e-01
1.403715926734057903e+09 -7.893381631000000453e-01 1.009377469999999999e+00 1.461046587200000024e+00 3.520934868999999745e-01 4.507481910999999730e-01 -6.574822165000000496e-01 4.904828025769999988e-01
1.403715926784058094e+09 -7.972061713000000438e-01 9.388578865000000162e-01 1.436940072699999904e+00 3.366270545999999753e-01 4.441093345000000081e-01 -6.671873144000000089e-01 4.942774653349999991e-01
1.403715926834058046e+09 -8.069266714999999701e-01 8.693525050000000531e-01 1.415192490299999939e+00 3.199389139000000104e-01 4.391041055000000082e-01 -6.759411927999999792e-01 4.979258778099999727e-01
1.403715926884057999e+09 -8.180793642999999449e-01 8.013703699999999985e-01 1.397037959599999990e+00 3.057711213000000039e-01 4.331785387000000043e-01 -6.844974483000000332e-01 5.003235136189999599e-01
1.403715926934057951e+09 -8.300118597000000209e-01 7.348442103000000225e-01 1.382898699999999925e+00 2.933948346999999957e-01 4.267125459000000176e-01 -6.917561354000000273e-01 5.032984435389999955e-01
1.403715926984058142e+09 -8.419383782999999566e-01 6.698072167999999937e-01 1.372386337000000012e+00 2.825818755999999765e-01 4.199023524000000118e-01 -6.990294549000000135e-01 5.051606865269999691e-01
1.403715927034058094e+09 -8.534573339000000036e-01 6.061940273999999462e-01 1.365035969400000049e+00 2.743425319000000195e-01 4.120413521999999884e-01 -7.041869702999999925e-01 5.089978488640000132e-01
1.403715927084058046e+09 -8.644061788000000357e-01 5.437567934999999464e-01 1.359332607100000034e+00 2.679222757999999982e-01 4.030609452000000203e-01 -7.072298597999999714e-01 5.153498364999999914e-01
1.403715927134057999e+09 -8.754483184000000362e-01 4.827003628000000046e-01 1.353464656599999927e+00 2.611138838000000018e-01 3.944825472999999860e-01 -7.096594005999999899e-01 5.220982615250000514e-01
1.403715927184058189e+09 -8.868896699999999633e-01 4.227175073000000172e-01 1.346955092600000015e+00 2.501589840999999814e-01 3.886910539999999803e-01 -7.086904237000000162e-01 5.330080961959999808e-01
1.403715927234057903e+09 -8.983584386999999838e-01 3.650225336999999848e-01 1.340320592599999916e+00 2.390538026000000038e-01 3.829088002000000102e-01 -7.076142038999999606e-01 5.436140806489999644e-01
1.403715927284058094e+09 -9.095451348999999963e-01 3.100886299999999762e-01 1.333673378799999920e+00 2.271386524000000018e-01 3.779457151999999764e-01 -7.061278793999999914e-01 5.540293195219999633e-01
1.403715927334058046e+09 -9.201346076999999957e-01 2.584379976000000245e-01 1.327765787099999928e+00 2.167070640000000048e-01 3.723359593000000189e-01 -7.043037044000000080e-01 5.642342366600000547e-01
1.403715927384057999e+09 -9.301460473999999534e-01 2.106603935999999955e-01 1.323594815000000091e+00 2.102169881000000018e-01 3.642331949000000013e-01 -7.015937477999999450e-01 5.752470866129999472e-01
1.403715927434057951e+09 -9.400370733999999784e-01 1.671256097000000107e-01 1.319854191199999915e+00 2.046108776999999990e-01 3.551361435000000011e-01 -6.997602133000000446e-01 5.851054197149999636e-01
1.403715927484058142e+09 -9.496214515999999994e-01 1.282953005999999951e-01 1.317567337600000110e+00 2.056675790999999975e-01 3.414265053000000161e-01 -6.990853956000000480e-01 5.936399565309999904e-01
1.403715927534058094e+09 -9.595939526000000219e-01 9.407929619999999549e-02 1.315463594199999919e+00 2.092682677999999907e-01 3.254631842999999858e-01 -7.005845431999999651e-01 5.995513369320000230e-01
1.403715927584058046e+09 -9.710285905000000106e-01 6.437524470000000054e-02 1.313699111999999891e+00 2.117001584000000047e-01 3.091586619999999730e-01 -7.022626051999999452e-01 6.053356076860000323e-01
1.403715927634057999e+09 -9.846466427000000188e-01 3.918240960000000245e-02 1.311596813400000006e+00 2.139301453000000131e-01 2.917511427000000213e-01 -7.047071105000000113e-01 6.103302811509999648e-01
1.403715927684058189e+09 -1.000765320399999991e+00 1.787043500000000049e-02 1.308927153499999996e+00 2.116502799999999962e-01 2.754287576000000182e-01 -7.083832731000000438e-01 6.144398235410000186e-01
1.403715927734057903e+09 -1.019459351300000094e+00 1.714638999999999898e-04 1.305056478100000028e+00 2.047370994999999916e-01 2.608021891000000259e-01 -7.130188246999999979e-01 6.177937308490000223e-01
1.403715927784058094e+09 -1.040760576000000048e+00 -1.403632049999999944e-02 1.299906610400000107e+00 1.925571104000000089e-01 2.476500221000000057e-01 -7.183599474999999845e-01 6.209268971129999759e-01
1.403715927834058046e+09 -1.064634177000000070e+00 -2.460168019999999997e-02 1.294346395600000088e+00 1.774298829000000022e-01 2.351477043999999905e-01 -7.239193901999999570e-01 6.238308347169999601e-01
1.403715927884057999e+09 -1.090789103699999929e+00 -3.112629009999999877e-02 1.288863546199999988e+00 1.615032375000000076e-01 2.220004431000000000e-01 -7.301580613999999469e-01 6.257009772710000473e-01
1.403715927934057951e+09 -1.119204407300000037e+00 -3.312664519999999890e-02 1.282338906199999906e+00 1.429110889000000106e-01 2.094860980000000095e-01 -7.365238369000000063e-01 6.270762578280000277e-01
1.403715927984058142e+09 -1.148863850099999917e+00 -3.119690320000000072e-02 1.275104749200000054e+00 1.248767902999999985e-01 1.956735598000000076e-01 -7.436819791000000013e-01 6.269407940069999796e-01
1.403715928034058094e+09 -1.179453863900000066e+00 -2.539308909999999850e-02 1.266053109600000059e+00 1.078593062999999991e-01 1.797609417999999903e-01 -7.507331803000000248e-01 6.264599475430000508e-01
1.403715928084058046e+09 -1.210464484000000063e+00 -1.565284720000000018e-02 1.254222711499999976e+00 9.405639150000000281e-02 1.611486723999999982e-01 -7.584358730000000381e-01 6.244673948009999975e-01
1.403715928134057999e+09 -1.241717795000000013e+00 -2.571943299999999814e-03 1.239024475499999944e+00 8.179891649999999903e-02 1.401696390999999930e-01 -7.670001391999999862e-01 6.207835338820000270e-01
1.403715928184058189e+09 -1.273124492500000038e+00 1.332699900000000083e-02 1.220506541300000025e+00 6.870758720000000319e-02 1.188420780000000038e-01 -7.749856030999999756e-01 6.168898953139999586e-01
1.403715928234057903e+09 -1.304250243999999892e+00 3.153808369999999694e-02 1.199861356600000040e+00 5.756310099999999846e-02 9.557856559999999835e-02 -7.797637139999999967e-01 6.160517652600000504e-01
1.403715928284058094e+09 -1.335453231100000027e+00 5.182970060000000045e-02 1.176647754400000023e+00 4.540086840000000235e-02 7.287734830000000552e-02 -7.814659133000000368e-01 6.180118766030000543e-01
1.403715928334058046e+09 -1.366797976099999978e+00 7.415692690000000309e-02 1.152120764500000005e+00 3.338207979999999880e-02 5.010010749999999763e-02 -7.800046098999999789e-01 6.228711138689999594e-01
1.403715928384057999e+09 -1.398438683900000035e+00 9.965508839999999424e-02 1.126731863400000089e+00 2.036227109999999910e-02 2.912996929999999915e-02 -7.775059667000000507e-01 6.278704440640000550e-01
1.403715928434057951e+09 -1.430078315500000086e+00 1.285945759999999882e-01 1.100722260099999961e+00 9.430958999999999176e-03 8.248743500000000825e-03 -7.755732237000000362e-01 6.311332584100000087e-01
1.403715928484058142e+09 -1.461702651900000038e+00 1.612801390999999973e-01 1.073509865699999954e+00 3.495940999999999806e-04 1.194658699999999983e-02 7.762315387999999539e-01 -6.303346372779999873e-01
1.403715928534058094e+09 -1.493519140200000095e+00 1.976483206000000103e-01 1.045129784100000014e+00 1.008943210000000021e-02 2.994910259999999935e-02 7.801162037000000105e-01 -6.248359491660000486e-01
1.403715928584058046e+09 -1.525057631399999947e+00 2.372515564000000077e-01 1.017035107099999891e+00 1.746378000000000166e-02 4.642979939999999917e-02 7.848178620000000327e-01 -6.177379813259999963e-01
1.403715928634057999e+09 -1.556597090499999947e+00 2.796903694000000273e-01 9.914528970999999524e-01 2.503784770000000090e-02 5.918560509999999664e-02 7.881796733000000499e-01 -6.120808548949999706e-01
1.403715928684058189e+09 -1.588121100800000018e+00 3.246291508999999964e-01 9.687078919999999593e-01 3.300075820000000076e-02 6.778474049999999584e-02 7.927098281000000135e-01 -6.049192568229999623e-01
1.403715928734057903e+09 -1.619515248299999932e+00 3.717120769999999741e-01 9.487305428000000207e-01 3.971839900000000145e-02 7.339068290000000383e-02 8.005527024999999908e-01 -5.934236488509999630e-01
1.403715928784058094e+09 -1.650558932900000109e+00 4.202063502999999756e-01 9.326794148999999479e-01 4.427248629999999685e-02 7.716668240000000567e-02 8.113365885000000111e-01 -5.777700149540000440e-01
1.403715928834058046e+09 -1.681116803000000104e+00 4.690589864999999969e-01 9.230531753999999811e-01 4.606822210000000029e-02 7.763524380000000336e-02 8.227798839000000086e-01 -5.611450351919999857e-01
1.403715928884057999e+09 -1.711010442000000076e+00 5.166675498999999672e-01 9.202304303999999657e-01 4.483594949999999968e-02 7.557626239999999662e-02 8.340944100999999611e-01 -5.445773418899999552e-01
1.403715928934057951e+09 -1.740335577600000017e+00 5.622762645000000115e-01 9.248911093999999666e-01 4.163877609999999674e-02 7.030927989999999350e-02 8.435019474999999600e-01 -5.308740736489999668e-01
1.403715928984058142e+09 -1.769322281300000022e+00 6.045719694000000199e-01 9.366145014000000213e-01 3.620320109999999869e-02 6.280363349999999734e-02 8.527059610999999650e-01 -5.173370040620000054e-01
1.403715929034058094e+09 -1.798691375800000047e+00 6.418917305000000351e-01 9.556638951999999465e-01 3.041051139999999958e-02 5.437532309999999758e-02 8.602334686000000508e-01 -5.060799388979999591e-01
1.403715929084058046e+09 -1.828734793500000011e+00 6.741296694999999728e-01 9.803942998000000353e-01 2.397515210000000091e-02 4.635473400000000160e-02 8.663799866000000405e-01 -4.966509333470000009e-01
1.403715929134057999e+09 -1.859495141200000035e+00 7.011597674999999752e-01 1.007292081099999903e+00 1.996353149999999937e-02 3.717029670000000091e-02 8.716052931000000115e-01 -4.883892295830000174e-01
1.403715929184058189e+09 -1.890354450100000028e+00 7.229715508999999818e-01 1.034292624499999924e+00 1.642160850000000047e-02 2.792363860000000170e-02 8.760513482999999768e-01 -4.811285029840000060e-01
1.403715929234057903e+09 -1.921504548399999956e+00 7.387117602999999644e-01 1.060318234099999923e+00 1.573740239999999943e-02 1.719428489999999879e-02 8.788411573000000088e-01 -4.765447627700000188e-01
1.403715929284058094e+09 -1.952986076299999985e+00 7.480033797999999789e-01 1.084459655200000094e+00 2.029024839999999871e-02 3.715113400000000059e-03 8.785879480999999602e-01 -4.771349088940000094e-01
1.403715929334058046e+09 -1.984117677600000018e+00 7.509083408000000182e-01 1.106790388699999905e+00 2.986958480000000138e-02 -1.259950739999999951e-02 8.733261085000000312e-01 -4.860561371970000266e-01
1.403715929384057999e+09 -2.013932008699999887e+00 7.485278759000000282e-01 1.127322001900000092e+00 4.375361280000000103e-02 -3.119111169999999947e-02 8.650543002999999675e-01 -4.987923349899999748e-01
1.403715929434057951e+09 -2.041135813999999993e+00 7.418454724999999916e-01 1.146104466299999958e+00 5.964365910000000298e-02 -4.968355960000000321e-02 8.542622332999999513e-01 -5.140138272709999789e-01
1.403715929484058142e+09 -2.064103280999999956e+00 7.318553870999999766e-01 1.164006834999999906e+00 7.559813120000000164e-02 -6.660751230000000467e-02 8.424326426999999562e-01 -5.292972741470000075e-01
1.403715929534058094e+09 -2.081768484899999994e+00 7.193173687999999677e-01 1.181532474700000002e+00 9.235048260000000564e-02 -8.252610359999999756e-02 8.310386604999999705e-01 -5.422504729539999735e-01
1.403715929584058046e+09 -2.092611641900000041e+00 7.052216546999999780e-01 1.199653401199999969e+00 1.066754748999999974e-01 -9.472079360000000559e-02 8.200724539000000535e-01 -5.541926422520000450e-01
1.403715929634057999e+09 -2.095800019499999944e+00 6.911487507000000363e-01 1.217532247899999920e+00 1.182264026000000023e-01 -1.029971615999999979e-01 8.126982940000000433e-01 -5.611912200080000357e-01
1.403715929684058189e+09 -2.089933632600000202e+00 6.779955651000000305e-01 1.235916889000000074e+00 1.177656118000000030e-01 -1.002614805999999942e-01 8.108679503000000288e-01 -5.644218842229999922e-01
1.403715929734057903e+09 -2.075237880400000012e+00 6.652566265999999562e-01 1.254269501300000034e+00 1.066791416999999936e-01 -8.855126409999999892e-02 8.140790017000000267e-01 -5.639624219259999904e-01
1.403715929784058094e+09 -2.052961841100000129e+00 6.518595991000000200e-01 1.272732951699999893e+00 8.994217919999999977e-02 -7.276424099999999340e-02 8.172293273999999830e-01 -5.645812572320000333e-01
1.403715929834058046e+09 -2.025249646399999826e+00 6.379680095999999967e-01 1.289233121200000109e+00 7.317532029999999910e-02 -5.743317059999999974e-02 8.178803110000000265e-01 -5.678191616509999928e-01
1.403715929884057999e+09 -1.993160238500000014e+00 6.238638909999999482e-01 1.303788234200000007e+00 5.276816019999999718e-02 -3.991220830000000164e-02 8.161735177000000174e-01 -5.740063813750000410e-01
1.403715929934057951e+09 -1.958516827199999977e+00 6.099102137999999895e-01 1.315359438800000058e+00 3.178517790000000287e-02 -2.183010209999999840e-02 8.140250119999999923e-01 -5.795484699530000228e-01
1.403715929984058142e+09 -1.922668544500000021e+00 5.958217319999999928e-01 1.323641604799999927e+00 1.343217759999999934e-02 -5.864286399999999941e-03 8.105354982000000374e-01 -5.855060998050000132e-01
1.403715930034058094e+09 -1.886565941600000018e+00 5.818883648999999547e-01 1.328739047400000040e+00 2.058409099999999794e-03 -7.747184699999999646e-03 -8.075332058999999951e-01 5.897676368549999992e-01
1.403715930084058046e+09 -1.851212021500000082e+00 5.692242387000000514e-01 1.332204206799999957e+00 1.781175449999999882e-02 -2.152095199999999944e-02 -8.046234684999999942e-01 5.931278647579999452e-01
1.403715930134057999e+09 -1.817809289499999981e+00 5.578524724000000212e-01 1.334702664099999936e+00 3.023250720000000141e-02 -3.270301359999999713e-02 -8.017828741000000425e-01 5.959536317820000040e-01
1.403715930184058189e+09 -1.786878781900000046e+00 5.477187365000000252e-01 1.337134991299999909e+00 4.179737310000000011e-02 -4.332829929999999774e-02 -7.992272698000000286e-01 5.980061950130000081e-01
1.403715930234057903e+09 -1.759271275399999945e+00 5.390560308999999828e-01 1.339496061099999968e+00 5.093579399999999952e-02 -5.212439910000000315e-02 -7.977817806000000456e-01 5.985255404079999897e-01
1.403715930284058094e+09 -1.735671850399999938e+00 5.321966295000000180e-01 1.341712562799999953e+00 5.719498239999999678e-02 -5.907484519999999656e-02 -7.964625350999999798e-01 5.990712201519999835e-01
1.403715930334058046e+09 -1.716748197700000089e+00 5.271149094000000535e-01 1.342947853200000097e+00 5.764473130000000167e-02 -6.167096240000000118e-02 -7.972015430000000125e-01 5.977821319270000266e-01
1.403715930384057999e+09 -1.702510273899999982e+00 5.234812774999999530e-01 1.343258067100000064e+00 5.445678360000000273e-02 -6.121085119999999935e-02 -8.007755634000000011e-01 5.933348021190000265e-01
1.403715930434057951e+09 -1.692369588100000044e+00 5.209819249999999569e-01 1.341506132499999948e+00 4.770806820000000198e-02 -5.797295160000000280e-02 -8.063566562999999743e-01 5.866447135300000282e-01
1.403715930484058142e+09 -1.685479611599999927e+00 5.198014705000000291e-01 1.336897475200000018e+00 4.041076400000000179e-02 -5.470597220000000122e-02 -8.127773777000000255e-01 5.785906679450000256e-01
1.403715930534058094e+09 -1.681392105100000034e+00 5.188987629000000323e-01 1.329377830100000102e+00 3.428448519999999916e-02 -5.184558680000000280e-02 -8.182954457000000126e-01 5.714273118660000428e-01
1.403715930584058046e+09 -1.679878936699999992e+00 5.177256878999999534e-01 1.319254515299999930e+00 2.915492869999999903e-02 -4.959668930000000336e-02 -8.246494533999999543e-01 5.627107938369999562e-01
1.403715930634057999e+09 -1.680947267399999889e+00 5.157462225000000178e-01 1.308918821600000060e+00 2.511073269999999913e-02 -4.820559430000000145e-02 -8.301575018000000306e-01 5.548731332390000048e-01
1.403715930684058189e+09 -1.684487383900000079e+00 5.123710342999999723e-01 1.301128894200000108e+00 2.377136700000000158e-02 -4.862727830000000001e-02 -8.347688429999999826e-01 5.479336534819999605e-01
1.403715930734057903e+09 -1.690789742200000001e+00 5.064824417000000079e-01 1.297243305599999896e+00 2.334477100000000027e-02 -4.971298030000000090e-02 -8.372456201000000320e-01 5.440619567829999559e-01
1.403715930784058094e+09 -1.699779146100000027e+00 4.983264117999999798e-01 1.297036580099999892e+00 2.246590819999999891e-02 -5.061985559999999940e-02 -8.391654649999999993e-01 5.410491988729999591e-01
1.403715930834058046e+09 -1.711629314200000085e+00 4.875473557000000180e-01 1.300357543300000085e+00 1.726846459999999833e-02 -4.798375850000000109e-02 -8.410171968999999859e-01 5.385995112350000502e-01
1.403715930884057999e+09 -1.725861762499999896e+00 4.746736075999999915e-01 1.307409052199999921e+00 7.888597799999999202e-03 -4.217790140000000215e-02 -8.430240199999999851e-01 5.361616326739999661e-01
1.403715930934057951e+09 -1.741755267300000076e+00 4.596575749999999849e-01 1.318029544700000111e+00 2.085070599999999837e-03 3.589503110000000219e-02 8.439367275000000390e-01 -5.352363955459999989e-01
1.403715930984058142e+09 -1.758221971300000019e+00 4.424317857000000243e-01 1.329879777599999979e+00 1.007725330000000009e-02 3.054283169999999839e-02 8.457506317999999856e-01 -5.326081610859999538e-01
1.403715931034058094e+09 -1.774808944599999938e+00 4.230120754000000205e-01 1.340757414500000078e+00 1.576682039999999924e-02 2.713886390000000079e-02 8.490388425999999544e-01 -5.273973199999999473e-01
1.403715931084058046e+09 -1.791177083600000053e+00 4.005344438999999812e-01 1.349514462499999956e+00 1.948479900000000056e-02 2.528427299999999947e-02 8.526441536000000099e-01 -5.215160548380000094e-01
1.403715931134057999e+09 -1.806983679100000018e+00 3.750761368000000151e-01 1.355767976000000097e+00 2.125599670000000163e-02 2.457311950000000064e-02 8.561955673000000155e-01 -5.156292223930000196e-01
1.403715931184058189e+09 -1.822229713500000070e+00 3.462126058000000173e-01 1.361811077999999897e+00 2.232192269999999992e-02 2.384824229999999920e-02 8.585612329999999792e-01 -5.116694268370000076e-01
1.403715931234057903e+09 -1.837028662999999895e+00 3.130830286999999879e-01 1.370252055899999988e+00 2.290562599999999838e-02 2.396759819999999888e-02 8.593640069000000326e-01 -5.102885362140000547e-01
1.403715931284058094e+09 -1.851334612300000071e+00 2.759286095999999855e-01 1.381884497299999959e+00 2.305551520000000132e-02 2.436589789999999908e-02 8.596280294999999461e-01 -5.098180039090000060e-01
1.403715931334058046e+09 -1.864933883800000025e+00 2.349137041999999898e-01 1.397480980499999914e+00 2.091659319999999989e-02 2.616828510000000080e-02 8.583245123999999615e-01 -5.120124493929999465e-01
1.403715931384057999e+09 -1.878303507200000055e+00 1.896742879999999964e-01 1.417048705200000036e+00 1.927481140000000120e-02 2.741966599999999879e-02 8.565434305000000359e-01 -5.149854319819999748e-01
1.403715931434057951e+09 -1.891580003799999909e+00 1.405612444000000072e-01 1.439179747100000073e+00 1.899793030000000021e-02 2.702119960000000029e-02 8.542270477000000195e-01 -5.188497705929999704e-01
1.403715931484058142e+09 -1.904641526999999890e+00 8.861597509999999400e-02 1.460545235000000108e+00 1.760916350000000033e-02 2.716993919999999979e-02 8.524272851999999956e-01 -5.218423470480000326e-01
1.403715931534058094e+09 -1.917638636700000010e+00 3.392142060000000181e-02 1.479585927600000073e+00 1.749445100000000114e-02 2.612513249999999856e-02 8.506049300000000368e-01 -5.248644345880000284e-01
1.403715931584058046e+09 -1.930150006000000085e+00 -2.352160379999999884e-02 1.495465133900000021e+00 1.839541700000000071e-02 2.392483819999999956e-02 8.484047045999999481e-01 -5.284871502700000390e-01
1.403715931634057999e+09 -1.941905724399999977e+00 -8.297152450000000456e-02 1.507457599799999937e+00 1.927713879999999949e-02 2.139310380000000039e-02 8.469416703000000046e-01 -5.309053909059999743e-01
1.403715931684058189e+09 -1.952995794500000049e+00 -1.440795209000000077e-01 1.515984908000000075e+00 2.103847790000000148e-02 1.778271860000000051e-02 8.448773101000000008e-01 -5.342503985140000244e-01
1.403715931734057903e+09 -1.963309470000000001e+00 -2.068868832000000102e-01 1.521102125499999902e+00 2.255590860000000059e-02 1.440774889999999961e-02 8.434482285000000079e-01 -5.365433193349999907e-01
1.403715931784058094e+09 -1.972914191899999947e+00 -2.710746500999999808e-01 1.523491398200000013e+00 2.319838299999999950e-02 1.140100420000000024e-02 8.419058877999999746e-01 -5.390049426940000110e-01
1.403715931834058046e+09 -1.981629669599999977e+00 -3.367979826999999982e-01 1.525856822399999979e+00 2.162231280000000144e-02 9.955243699999999710e-03 8.393696539999999651e-01 -5.430395498290000456e-01
1.403715931884057999e+09 -1.989529593899999949e+00 -4.044503935000000050e-01 1.529224222400000111e+00 2.069550850000000108e-02 8.096958700000000259e-03 8.344889516000000285e-01 -5.505763569029999971e-01
1.403715931934057951e+09 -1.996621841100000072e+00 -4.731131870999999989e-01 1.533024973999999929e+00 1.961640480000000075e-02 6.624323900000000410e-03 8.292719518000000178e-01 -5.584615877619999447e-01
1.403715931984058142e+09 -2.003031901700000006e+00 -5.423238484000000303e-01 1.537351764200000082e+00 1.895700880000000116e-02 5.059745600000000246e-03 8.232336340999999447e-01 -5.673635646460000181e-01
1.403715932034058094e+09 -2.008466456899999919e+00 -6.115819585999999752e-01 1.542396226699999984e+00 1.635754550000000085e-02 4.905359599999999966e-03 8.169882950000000310e-01 -5.764013306499999878e-01
1.403715932084058046e+09 -2.013238333399999913e+00 -6.803792307999999567e-01 1.548611851400000017e+00 1.543996889999999997e-02 3.815157100000000044e-03 8.089776078000000537e-01 -5.876242693959999874e-01
1.403715932134057999e+09 -2.017213869599999931e+00 -7.478321499000000205e-01 1.556431054799999991e+00 1.539765289999999939e-02 2.497566100000000143e-03 7.990110329999999816e-01 -6.011140021759999730e-01
1.403715932184058189e+09 -2.020322599900000071e+00 -8.130705040000000272e-01 1.565486779200000012e+00 1.620752859999999990e-02 1.347633599999999978e-03 7.883287578000000018e-01 -6.150392422549999516e-01
1.403715932234057903e+09 -2.022381951199999861e+00 -8.753604460999999670e-01 1.576244065000000028e+00 1.799005539999999972e-02 -4.463450999999999899e-04 7.756642179999999609e-01 -6.308891975989999734e-01
1.403715932284058094e+09 -2.023322082500000008e+00 -9.340223740999999968e-01 1.588395705399999969e+00 1.778909990000000080e-02 -5.560514999999999599e-04 7.626001441999999964e-01 -6.466252846940000465e-01
1.403715932334058046e+09 -2.023268030400000139e+00 -9.878735956999999956e-01 1.601002998600000060e+00 1.742719560000000056e-02 -3.794083999999999977e-04 7.503729260999999484e-01 -6.607848520710000173e-01
1.403715932384057999e+09 -2.022286278799999781e+00 -1.035794617799999928e+00 1.613661757800000096e+00 1.747481760000000120e-02 -4.611786999999999896e-04 7.394116842000000300e-01 -6.730265814570000060e-01
1.403715932434057951e+09 -2.020510433800000172e+00 -1.076801017199999988e+00 1.626040323700000068e+00 1.717250290000000082e-02 -2.039729999999999866e-05 7.307205342999999464e-01 -6.824606988510000249e-01
1.403715932484058142e+09 -2.017782112199999922e+00 -1.110141842400000023e+00 1.638479038899999907e+00 1.566329649999999990e-02 6.014148000000000410e-04 7.232987772000000204e-01 -6.903572830890000178e-01
1.403715932534058094e+09 -2.014562291799999905e+00 -1.135472968299999996e+00 1.651745990600000047e+00 1.448842680000000070e-02 1.276072899999999930e-03 7.155370726999999986e-01 -6.984233349099999710e-01
1.403715932584058046e+09 -2.010912775300000011e+00 -1.152092849800000041e+00 1.665986268900000011e+00 1.350700609999999982e-02 2.014547499999999949e-03 7.069022803000000188e-01 -7.071793750910000398e-01
1.403715932634057999e+09 -2.006671465400000187e+00 -1.159287112499999939e+00 1.680910079900000076e+00 1.117737190000000005e-02 3.289187399999999976e-03 6.986586049999999881e-01 -7.153603296420000257e-01
1.403715932684058189e+09 -2.002154263400000023e+00 -1.156664228799999972e+00 1.696386999100000015e+00 1.001400879999999986e-02 4.245656199999999630e-03 6.918041298999999533e-01 -7.220032824630000512e-01
1.403715932734057903e+09 -1.997233939800000080e+00 -1.143320697999999913e+00 1.712003272200000037e+00 9.744755199999999978e-03 4.604066399999999677e-03 6.854815385000000427e-01 -7.280102352959999523e-01
1.403715932784058094e+09 -1.992121032600000063e+00 -1.119452397000000099e+00 1.727297599899999980e+00 1.044882289999999984e-02 4.957893799999999948e-03 6.822037152000000049e-01 -7.310706753210000075e-01
1.403715932834058046e+09 -1.986937101399999905e+00 -1.084474608999999923e+00 1.742274874300000054e+00 1.165322019999999979e-02 5.420572599999999575e-03 6.841248764999999787e-01 -7.292516528839999568e-01
1.403715932884057999e+09 -1.981640466200000006e+00 -1.039047021100000023e+00 1.755725443800000063e+00 1.449234209999999967e-02 5.726868900000000283e-03 6.942069023000000394e-01 -7.196068036180000016e-01
1.403715932934057951e+09 -1.975929362400000056e+00 -9.833169351999999641e-01 1.768176994600000107e+00 1.630161000000000110e-02 7.051735600000000152e-03 7.114631453999999966e-01 -7.024989133640000549e-01
1.403715932984058142e+09 -1.969708836299999932e+00 -9.187530007999999970e-01 1.780027906099999946e+00 1.776880429999999969e-02 8.857946999999999696e-03 7.329299226000000056e-01 -6.800143637459999946e-01
1.403715933034058094e+09 -1.962740216999999898e+00 -8.471464079999999619e-01 1.792102380400000028e+00 1.912021079999999887e-02 1.042363619999999921e-02 7.536539544999999451e-01 -6.569105587329999718e-01
1.403715933084058046e+09 -1.955311518400000059e+00 -7.706991269999999838e-01 1.804703244699999987e+00 2.059770580000000115e-02 1.183162960000000083e-02 7.726633096999999673e-01 -6.343714660649999448e-01
1.403715933134057999e+09 -1.947461696900000039e+00 -6.908755626000000483e-01 1.817469232199999896e+00 2.165195810000000026e-02 1.332901050000000025e-02 7.906175140000000212e-01 -6.117822134860000372e-01
1.403715933184058189e+09 -1.939139518199999968e+00 -6.089749905000000352e-01 1.829811953100000110e+00 2.214799049999999908e-02 1.472281110000000018e-02 8.084766282999999998e-01 -5.879270761860000416e-01
1.403715933234057903e+09 -1.930347323399999926e+00 -5.267137406999999882e-01 1.842398563099999942e+00 2.272389470000000036e-02 1.568517900000000048e-02 8.240827193999999967e-01 -5.657961393660000393e-01
1.403715933284058094e+09 -1.921095909299999960e+00 -4.454409994999999900e-01 1.854828789599999972e+00 2.249495140000000101e-02 1.694671349999999840e-02 8.391983118000000408e-01 -5.430957370619999836e-01
1.403715933334058046e+09 -1.911256003100000100e+00 -3.665548261000000085e-01 1.867700610200000000e+00 2.016528739999999889e-02 1.969308789999999962e-02 8.532928251000000408e-01 -5.206696632099999666e-01
1.403715933384057999e+09 -1.901029433599999985e+00 -2.912601155000000275e-01 1.880628745199999896e+00 1.541555720000000081e-02 2.421763849999999940e-02 8.668457361000000416e-01 -4.977492705329999989e-01
1.403715933434057951e+09 -1.891162611800000004e+00 -2.210517633000000093e-01 1.893422133999999923e+00 9.785190200000000102e-03 2.987736029999999918e-02 8.798005052999999798e-01 -4.743022921289999916e-01
1.403715933484058142e+09 -1.881774023299999987e+00 -1.573799798000000139e-01 1.906453340699999943e+00 3.891036200000000129e-03 3.579604249999999988e-02 8.917184795999999469e-01 -4.511559112640000091e-01
1.403715933534058094e+09 -1.873145974500000088e+00 -1.025473073999999957e-01 1.920404486600000071e+00 5.755305999999999747e-04 -4.098596189999999945e-02 -9.018175607999999732e-01 4.301684631070000209e-01
1.403715933584058046e+09 -1.865991885399999939e+00 -5.758212449999999816e-02 1.935450228499999925e+00 2.603937000000000179e-03 -4.393338120000000319e-02 -9.101117424000000344e-01 4.120190454930000024e-01
1.403715933634057999e+09 -1.860512164299999993e+00 -2.338149369999999866e-02 1.951676613100000068e+00 3.457344399999999918e-03 -4.648306659999999757e-02 -9.169904514000000173e-01 3.961765808839999847e-01
1.403715933684058189e+09 -1.857176198799999955e+00 -1.356359699999999929e-03 1.969281354000000039e+00 6.104819000000000478e-04 -4.573087139999999773e-02 -9.217397280000000359e-01 3.851028285059999723e-01
1.403715933734057903e+09 -1.855626653599999898e+00 7.783820099999999922e-03 1.988618818800000021e+00 3.897031400000000156e-03 4.334727439999999654e-02 9.251553983000000425e-01 -3.770852899670000258e-01
1.403715933784058094e+09 -1.855544176600000039e+00 2.498686400000000099e-03 2.010528368100000129e+00 8.070999500000000312e-03 4.149301119999999898e-02 9.265792349999999455e-01 -3.737166175400000179e-01
1.403715933834058046e+09 -1.856815042500000068e+00 -1.698959829999999865e-02 2.034980346799999840e+00 1.254372060000000060e-02 3.943662500000000293e-02 9.258979064000000259e-01 -3.755002991160000247e-01
1.403715933884057999e+09 -1.859024002900000028e+00 -5.116195020000000038e-02 2.062006982799999832e+00 1.686341740000000047e-02 3.753642590000000334e-02 9.215170798999999802e-01 -3.861514124670000214e-01
1.403715933934057951e+09 -1.861688369399999932e+00 -9.893064690000000216e-02 2.092873781100000219e+00 1.954481770000000146e-02 3.807193150000000303e-02 9.122821129000000528e-01 -4.073203586049999880e-01
1.403715933984058142e+09 -1.864757959599999904e+00 -1.591256685000000115e-01 2.128060188200000091e+00 2.347259460000000048e-02 3.705504789999999882e-02 8.969847425000000429e-01 -4.398799068600000028e-01
1.403715934034058094e+09 -1.867826096599999985e+00 -2.278668040000000061e-01 2.165620403100000146e+00 2.576518820000000057e-02 3.792953079999999977e-02 8.777765807999999836e-01 -4.768708211059999869e-01
1.403715934084058046e+09 -1.871065866499999952e+00 -3.018682085000000126e-01 2.204142065700000153e+00 2.955376820000000029e-02 3.683750339999999901e-02 8.553669214000000354e-01 -5.158652953300000288e-01
1.403715934134057999e+09 -1.874081681500000096e+00 -3.776886602999999787e-01 2.241078381599999947e+00 3.120844429999999892e-02 3.755566590000000010e-02 8.305353091999999604e-01 -5.548213272740000201e-01
1.403715934184058189e+09 -1.876826529999999993e+00 -4.537235405999999749e-01 2.273856106899999840e+00 3.363697239999999949e-02 3.757085999999999759e-02 8.034444458999999705e-01 -5.932402607119999782e-01
1.403715934234057903e+09 -1.878990475900000012e+00 -5.275296010000000146e-01 2.299343246199999857e+00 3.565897099999999764e-02 3.774313359999999923e-02 7.798021926999999520e-01 -6.238689237090000450e-01
1.403715934284058094e+09 -1.880543422099999917e+00 -5.978261751000000235e-01 2.319055028899999815e+00 3.841524269999999769e-02 3.654087810000000019e-02 7.583719356000000467e-01 -6.496622511809999612e-01
1.403715934334058046e+09 -1.881475340199999957e+00 -6.632580557999999682e-01 2.334510561600000145e+00 3.895998540000000093e-02 3.664393030000000218e-02 7.402818415999999901e-01 -6.701657532989999666e-01
1.403715934384057999e+09 -1.881977285000000055e+00 -7.225466133000000291e-01 2.346933857799999856e+00 3.901822979999999830e-02 3.647651229999999967e-02 7.232960849999999775e-01 -6.884691824940000204e-01
1.403715934434057951e+09 -1.881794795700000078e+00 -7.745768610000000054e-01 2.356147013899999809e+00 3.997799900000000017e-02 3.547352499999999881e-02 7.076921215000000487e-01 -7.044964511800000384e-01
1.403715934484058142e+09 -1.880706082999999973e+00 -8.179702074000000378e-01 2.362791399999999875e+00 3.982138240000000079e-02 3.498589779999999871e-02 6.933126537999999561e-01 -7.186847768440000062e-01
1.403715934534058094e+09 -1.878780839600000085e+00 -8.520818155999999588e-01 2.367643858200000118e+00 3.898584959999999711e-02 3.421225499999999697e-02 6.806127126000000027e-01 -7.308050085670000362e-01
1.403715934584058046e+09 -1.876180621899999901e+00 -8.754712547999999872e-01 2.370842775699999905e+00 3.787384280000000158e-02 3.338800089999999915e-02 6.686545755999999674e-01 -7.418570427639999965e-01
1.403715934634057999e+09 -1.872828785500000093e+00 -8.865485945000000090e-01 2.373349022999999836e+00 3.620883519999999745e-02 3.266327749999999724e-02 6.589528600999999819e-01 -7.506018642770000415e-01
1.403715934684058189e+09 -1.868443748100000024e+00 -8.841965264000000158e-01 2.376402819399999977e+00 3.348798719999999951e-02 3.202206970000000263e-02 6.521721762000000089e-01 -7.566535497440000091e-01
1.403715934734057903e+09 -1.863131073799999982e+00 -8.682370229000000439e-01 2.380414596400000082e+00 2.934591699999999914e-02 3.209525030000000279e-02 6.480115186999999555e-01 -7.603879165720000000e-01
1.403715934784058094e+09 -1.857216076899999901e+00 -8.375805447999999931e-01 2.386136608100000167e+00 2.430452229999999908e-02 3.261991880000000149e-02 6.463977258999999975e-01 -7.619154880990000045e-01
1.403715934834058046e+09 -1.851026615599999925e+00 -7.924150842999999611e-01 2.391779128300000057e+00 2.044113549999999890e-02 3.269248350000000108e-02 6.534410668000000255e-01 -7.559947974080000188e-01
1.403715934884057999e+09 -1.845066492499999988e+00 -7.341853760000000007e-01 2.396892060799999946e+00 1.955366990000000083e-02 3.187653950000000208e-02 6.712281463000000503e-01 -7.403069064759999485e-01
1.403715934934057951e+09 -1.838991062300000090e+00 -6.637074066000000494e-01 2.403335716299999980e+00 1.846059450000000005e-02 3.157213989999999720e-02 6.948573211999999888e-01 -7.182170351659999952e-01
1.403715934984058142e+09 -1.833049422400000017e+00 -5.832439081000000414e-01 2.409704609199999847e+00 1.617545600000000125e-02 3.247728569999999704e-02 7.197452273000000122e-01 -6.932895415009999729e-01
1.403715935034058094e+09 -1.827551943400000045e+00 -4.960914443000000174e-01 2.414438341699999935e+00 1.490818179999999979e-02 3.326049269999999808e-02 7.447103436999999992e-01 -6.663917689260000499e-01
1.403715935084058046e+09 -1.822421933700000052e+00 -4.037164991000000147e-01 2.416166283699999973e+00 1.377436119999999979e-02 3.432812959999999997e-02 7.693857240999999458e-01 -6.377126735799999446e-01
1.403715935134057999e+09 -1.817852128900000030e+00 -3.080484861000000185e-01 2.415511546199999859e+00 1.442548389999999923e-02 3.482320500000000291e-02 7.912772356999999701e-01 -6.102946714570000042e-01
1.403715935184058189e+09 -1.813235142599999961e+00 -2.102948809999999891e-01 2.412634066199999872e+00 1.427135220000000024e-02 3.584909029999999719e-02 8.112480295999999758e-01 -5.834276353870000431e-01
1.403715935234057903e+09 -1.809098497199999933e+00 -1.122591675000000067e-01 2.406711280200000136e+00 1.512653530000000052e-02 3.622404189999999663e-02 8.276914747000000405e-01 -5.598087435609999662e-01
1.403715935284058094e+09 -1.805545700499999962e+00 -1.595690550000000013e-02 2.397393574100000091e+00 1.569705789999999851e-02 3.655502430000000247e-02 8.415793839999999859e-01 -5.386663837330000204e-01
1.403715935334058046e+09 -1.802426821000000068e+00 7.779876589999999703e-02 2.385039542599999951e+00 1.711558319999999939e-02 3.594714849999999795e-02 8.534803629999999641e-01 -5.196018950009999582e-01
1.403715935384057999e+09 -1.799560166400000050e+00 1.680320315999999925e-01 2.370601035800000034e+00 1.820208530000000033e-02 3.541129280000000074e-02 8.630371917000000392e-01 -5.035687938880000214e-01
1.403715935434057951e+09 -1.796799148999999929e+00 2.537850284000000012e-01 2.353947398199999874e+00 1.962534009999999940e-02 3.445226500000000275e-02 8.714021216999999764e-01 -4.889644462930000102e-01
1.403715935484058142e+09 -1.794184556200000058e+00 3.341054057000000244e-01 2.334828944899999925e+00 2.043210239999999900e-02 3.405293549999999919e-02 8.780954660999999994e-01 -4.768346455270000006e-01
1.403715935534058094e+09 -1.791782578000000070e+00 4.077353236999999853e-01 2.313467274999999823e+00 2.164817980000000031e-02 3.315165610000000290e-02 8.834671776000000420e-01 -4.668169556610000104e-01
1.403715935584058046e+09 -1.789552065699999917e+00 4.744438530000000265e-01 2.290816809599999893e+00 2.290855229999999923e-02 3.212208720000000323e-02 8.875350654000000450e-01 -4.590477942630000197e-01
1.403715935634057999e+09 -1.787146801700000065e+00 5.336217219000000123e-01 2.268001429099999910e+00 2.296790359999999892e-02 3.210913160000000016e-02 8.916764983999999616e-01 -4.509484464460000175e-01
1.403715935684058189e+09 -1.784850291199999939e+00 5.847687008999999936e-01 2.245682469100000134e+00 2.314815430000000118e-02 3.199722929999999910e-02 8.957583972999999533e-01 -4.427835067490000220e-01
1.403715935734057903e+09 -1.782548858299999983e+00 6.270703113000000162e-01 2.224002898000000172e+00 2.393597110000000167e-02 3.141081760000000167e-02 8.999825048999999799e-01 -4.341335287359999739e-01
1.403715935784058094e+09 -1.780036374999999893e+00 6.598678731999999547e-01 2.203291412400000038e+00 2.385906770000000010e-02 3.178741539999999782e-02 9.039475618000000212e-01 -4.257923326879999859e-01
1.403715935834058046e+09 -1.777487507000000022e+00 6.824963163999999693e-01 2.184310368899999855e+00 2.502705070000000101e-02 3.125077219999999878e-02 9.072554958999999863e-01 -4.186699190470000165e-01
1.403715935884057999e+09 -1.774833774900000050e+00 6.946192810000000328e-01 2.167490297800000132e+00 2.594043600000000074e-02 3.114225400000000116e-02 9.096614549000000549e-01 -4.133682271460000224e-01
1.403715935934057951e+09 -1.772335190299999974e+00 6.955686869999999633e-01 2.153024635800000031e+00 2.697242160000000097e-02 3.156135770000000063e-02 9.098339636000000175e-01 -4.128904549219999942e-01
1.403715935984058142e+09 -1.769925896599999993e+00 6.847673883999999545e-01 2.141542517600000028e+00 2.815810339999999870e-02 3.175612209999999908e-02 9.060393802999999746e-01 -4.210597477629999807e-01
1.403715936034058094e+09 -1.767484453700000069e+00 6.630413165999999858e-01 2.133513115399999993e+00 2.967708850000000051e-02 3.215532630000000197e-02 8.972690104999999638e-01 -4.393104006949999918e-01
1.403715936084058046e+09 -1.765162201399999908e+00 6.325915095999999904e-01 2.128111149700000038e+00 3.152960199999999685e-02 3.285900709999999697e-02 8.842913431000000157e-01 -4.647095763920000011e-01
1.403715936134057999e+09 -1.762749445399999892e+00 5.953476532000000487e-01 2.124568413800000055e+00 3.485550970000000220e-02 3.196285869999999918e-02 8.682030401000000452e-01 -4.939503520340000065e-01
1.403715936184058189e+09 -1.759890747200000050e+00 5.534271371000000217e-01 2.122035503199999784e+00 3.756302059999999665e-02 3.204816650000000267e-02 8.507826058999999885e-01 -5.231929777229999967e-01
1.403715936234057903e+09 -1.756515469600000046e+00 5.086748824000000280e-01 2.120104347899999908e+00 4.063635279999999739e-02 3.195122909999999899e-02 8.322018392000000153e-01 -5.520578815729999533e-01
1.403715936284058094e+09 -1.752106616400000094e+00 4.624375949999999791e-01 2.118750924900000054e+00 4.281658740000000157e-02 3.228363590000000310e-02 8.127327397000000397e-01 -5.801637703799999990e-01
1.403715936334058046e+09 -1.746853993900000068e+00 4.170257303000000082e-01 2.116201179799999998e+00 4.357662899999999867e-02 3.411009599999999947e-02 7.959744707000000474e-01 -6.027953389710000165e-01
1.403715936384057999e+09 -1.740679530500000016e+00 3.737683301999999985e-01 2.112810446500000161e+00 4.169955749999999794e-02 3.755337250000000127e-02 7.812100280999999535e-01 -6.217409293010000004e-01
1.403715936434057951e+09 -1.733794449799999970e+00 3.339606823999999863e-01 2.107466348900000064e+00 4.143802199999999797e-02 3.983689719999999879e-02 7.704162277999999642e-01 -6.349446809609999853e-01
1.403715936484058142e+09 -1.726176293900000047e+00 2.987343167000000022e-01 2.100987214099999889e+00 4.073989249999999951e-02 4.207549829999999991e-02 7.629639297000000431e-01 -6.437825375489999447e-01
1.403715936534058094e+09 -1.718055458800000102e+00 2.680898991999999814e-01 2.094293956800000078e+00 3.872903689999999954e-02 4.505912690000000304e-02 7.564507193999999712e-01 -6.513463332990000465e-01
1.403715936584058046e+09 -1.709859699099999908e+00 2.426978208999999997e-01 2.087363584899999847e+00 3.596471529999999833e-02 4.841530809999999851e-02 7.511010857000000041e-01 -6.574265405900000525e-01
1.403715936634057999e+09 -1.701549002799999988e+00 2.227494449000000099e-01 2.080969713700000057e+00 3.249368569999999679e-02 5.176341470000000305e-02 7.464848256999999654e-01 -6.625897028220000262e-01
1.403715936684058189e+09 -1.693144347300000074e+00 2.088388173999999875e-01 2.075012466100000008e+00 2.899181119999999848e-02 5.519288759999999711e-02 7.430053747000000541e-01 -6.663754445820000427e-01
1.403715936734057903e+09 -1.685029591299999963e+00 2.013269755000000050e-01 2.068224896399999846e+00 2.895998840000000088e-02 5.626048320000000269e-02 7.437752528000000085e-01 -6.654280204920000052e-01
1.403715936784058094e+09 -1.677119549199999948e+00 2.002137015999999881e-01 2.060180683700000071e+00 2.986372140000000119e-02 5.628885220000000300e-02 7.490422667999999673e-01 -6.594508365560000085e-01
1.403715936834058046e+09 -1.669596058600000044e+00 2.042981490999999927e-01 2.051869867100000189e+00 3.303840269999999690e-02 5.491268070000000084e-02 7.563345371999999900e-01 -6.510385006650000195e-01
1.403715936884057999e+09 -1.662197150999999984e+00 2.127138466999999866e-01 2.043880809200000037e+00 3.559358750000000265e-02 5.390827410000000042e-02 7.627672382000000306e-01 -6.434385244820000072e-01
1.403715936934057951e+09 -1.654683596299999948e+00 2.252674312000000068e-01 2.035851776199999907e+00 3.651503200000000282e-02 5.377248350000000260e-02 7.690031041999999539e-01 -6.359319131889999976e-01
1.403715936984058142e+09 -1.647065076200000089e+00 2.413916274000000028e-01 2.028038821400000025e+00 3.591642889999999838e-02 5.277511370000000090e-02 7.740752580999999966e-01 -6.298668846099999552e-01
1.403715937034058094e+09 -1.639269067399999891e+00 2.607427017999999763e-01 2.020151585299999830e+00 3.443083229999999856e-02 5.014871760000000345e-02 7.792245521999999758e-01 -6.237857974730000032e-01
1.403715937084058046e+09 -1.631254393300000105e+00 2.829750429999999817e-01 2.011635546900000016e+00 3.175655100000000092e-02 4.629933280000000234e-02 7.854526373000000339e-01 -6.163700575799999637e-01
1.403715937134057999e+09 -1.623175756600000019e+00 3.077214956000000057e-01 2.002508161599999781e+00 2.705069040000000063e-02 4.159548440000000041e-02 7.930299826000000163e-01 -6.071585645570000134e-01
1.403715937184058189e+09 -1.614742139100000085e+00 3.341123243999999937e-01 1.993845268300000084e+00 2.172884569999999904e-02 3.506709360000000164e-02 7.986673611000000284e-01 -6.003570625290000073e-01
1.403715937234057903e+09 -1.606130694500000011e+00 3.616680037000000181e-01 1.984601527599999971e+00 1.668811710000000018e-02 2.699163959999999890e-02 8.034685910000000097e-01 -5.945007833959999877e-01
1.403715937284058094e+09 -1.597232855499999937e+00 3.902299180000000089e-01 1.973198784999999900e+00 9.290275799999999154e-03 1.823597769999999937e-02 8.074239069999999963e-01 -5.896166332919999808e-01
1.403715937334058046e+09 -1.588404354499999949e+00 4.194344606000000031e-01 1.959420612700000008e+00 3.585416000000000124e-03 6.962706100000000398e-03 8.096583883000000315e-01 -5.868491798139999771e-01
1.403715937384057999e+09 -1.579546105499999964e+00 4.490873812999999770e-01 1.943228432900000024e+00 3.323051799999999882e-03 4.314860099999999823e-03 -8.105513489000000238e-01 5.856422544060000401e-01
1.403715937434057951e+09 -1.570734945499999924e+00 4.792209740999999745e-01 1.924317102899999909e+00 1.074290800000000067e-02 1.557437790000000023e-02 -8.111992391000000246e-01 5.844637056579999879e-01
1.403715937484058142e+09 -1.562172745900000104e+00 5.095649817999999831e-01 1.901865898899999907e+00 1.714729699999999885e-02 2.632667550000000051e-02 -8.136571336000000265e-01 5.804954309019999537e-01
1.403715937534058094e+09 -1.553807483299999959e+00 5.403957698000000365e-01 1.875456005400000015e+00 2.451815469999999927e-02 3.482377130000000043e-02 -8.196496547999999605e-01 5.712797987150000090e-01
1.403715937584058046e+09 -1.545762491200000088e+00 5.705925423000000052e-01 1.846315945900000033e+00 2.915333120000000028e-02 4.436025939999999751e-02 -8.276283007000000413e-01 5.587608132950000472e-01
1.403715937634057999e+09 -1.537461748599999956e+00 5.989411810000000447e-01 1.817324492800000080e+00 3.396949319999999911e-02 5.425078340000000221e-02 -8.351171875999999772e-01 5.463352532720000543e-01
1.403715937684058189e+09 -1.529280648899999928e+00 6.253167803000000413e-01 1.788715286500000001e+00 3.926590039999999782e-02 6.361847569999999619e-02 -8.412075132999999871e-01 5.355191856250000049e-01
1.403715937734057903e+09 -1.520830056699999933e+00 6.490730853999999717e-01 1.760405378299999990e+00 4.367162430000000317e-02 7.294588650000000118e-02 -8.455844725000000173e-01 5.270280702089999991e-01
1.403715937784058094e+09 -1.511862359200000006e+00 6.698871379999999931e-01 1.733196616899999931e+00 4.942104270000000077e-02 8.143855379999999367e-02 -8.484619950999999771e-01 5.206126827350000541e-01
1.403715937834058046e+09 -1.502555054699999948e+00 6.873420953000000111e-01 1.706192212199999947e+00 5.386060489999999756e-02 9.108526969999999889e-02 -8.504187050000000525e-01 5.153547661899999799e-01
1.403715937884057999e+09 -1.492328016699999926e+00 7.010166450999999466e-01 1.680678436700000056e+00 6.002874670000000329e-02 9.923132299999999628e-02 -8.515294350000000012e-01 5.113191914119999959e-01
1.403715937934057951e+09 -1.481464832399999931e+00 7.112390915999999841e-01 1.655421826800000051e+00 6.460847929999999351e-02 1.089963931999999996e-01 -8.519585629000000493e-01 5.080473775249999546e-01
1.403715937984058142e+09 -1.469464143800000011e+00 7.177278147000000219e-01 1.630509994799999918e+00 6.911013739999999350e-02 1.195140969999999997e-01 -8.521793316000000340e-01 5.047083874400000170e-01
1.403715938034058094e+09 -1.456268894299999950e+00 7.201102313999999671e-01 1.606693854500000018e+00 7.526458919999999553e-02 1.293967860000000136e-01 -8.519701258999999860e-01 5.017356056789999963e-01
1.403715938084058046e+09 -1.441784277300000028e+00 7.180573464999999711e-01 1.584193968999999980e+00 8.095454289999999553e-02 1.397893759999999930e-01 -8.519333322000000042e-01 4.981113227410000066e-01
1.403715938134057999e+09 -1.425751545600000059e+00 7.112822655999999633e-01 1.564596763399999979e+00 8.644143969999999733e-02 1.509969636999999865e-01 -8.512114350999999690e-01 4.951432996030000200e-01
1.403715938184058189e+09 -1.407884322999999993e+00 6.998462944000000130e-01 1.548566679799999957e+00 9.241615979999999453e-02 1.625759147999999987e-01 -8.505256362999999986e-01 4.915632892530000242e-01
1.403715938234057903e+09 -1.387834655800000094e+00 6.830255943999999912e-01 1.537627397200000079e+00 9.881355749999999605e-02 1.740159710999999998e-01 -8.474033744000000201e-01 4.917945137499999952e-01
1.403715938284058094e+09 -1.365818196300000009e+00 6.610180453999999761e-01 1.531172159700000091e+00 1.035940030999999983e-01 1.877539488999999950e-01 -8.408117999999999981e-01 4.970435134069999816e-01
1.403715938334058046e+09 -1.341869770399999995e+00 6.347088918000000080e-01 1.529409667499999959e+00 1.078637508000000050e-01 2.021790797999999945e-01 -8.305375294000000297e-01 5.076381025570000372e-01
1.403715938384057999e+09 -1.315568623099999890e+00 6.052064400000000122e-01 1.531485109699999958e+00 1.119113671000000060e-01 2.169891642000000009e-01 -8.197162872000000045e-01 5.181281279830000086e-01
1.403715938434057951e+09 -1.287162150599999944e+00 5.742878483000000145e-01 1.535927767900000074e+00 1.199439548000000022e-01 2.284625439999999896e-01 -8.100532298000000520e-01 5.265283264079999581e-01
1.403715938484058142e+09 -1.257045500100000046e+00 5.424440044999999655e-01 1.541958203000000083e+00 1.294068763000000011e-01 2.392300887999999903e-01 -7.998467828999999973e-01 5.350401376129999553e-01
1.403715938534058094e+09 -1.225256843699999987e+00 5.100846570000000524e-01 1.547436801799999984e+00 1.398741438999999975e-01 2.482187530999999947e-01 -7.918950930999999471e-01 5.401155765249999741e-01
1.403715938584058046e+09 -1.192626787300000046e+00 4.776993587999999735e-01 1.551585216100000109e+00 1.495085968000000043e-01 2.559898335999999941e-01 -7.854089511999999829e-01 5.433683501160000429e-01
1.403715938634057999e+09 -1.159546493199999917e+00 4.452273842999999731e-01 1.554542719699999909e+00 1.569281453999999965e-01 2.624907960000000262e-01 -7.811664150999999556e-01 5.442896022409999812e-01
1.403715938684058189e+09 -1.125749562099999990e+00 4.124783578999999811e-01 1.556887058300000071e+00 1.629606722999999979e-01 2.680631099999999933e-01 -7.795080478000000479e-01 5.421745030439999447e-01
1.403715938734057903e+09 -1.091709562999999994e+00 3.795856532999999922e-01 1.557702995299999893e+00 1.658734117000000008e-01 2.733102338000000242e-01 -7.815114850000000057e-01 5.357493128600000487e-01
1.403715938784058094e+09 -1.057344619500000027e+00 3.464949512000000120e-01 1.557908880999999912e+00 1.660827846000000052e-01 2.789033030999999996e-01 -7.856380367999999947e-01 5.266899764319999955e-01
1.403715938834058046e+09 -1.021580695199999944e+00 3.124501123999999797e-01 1.557528976800000020e+00 1.654574360000000133e-01 2.837435953999999927e-01 -7.914895804999999562e-01 5.154198801789999784e-01
1.403715938884057999e+09 -9.845061604000000521e-01 2.772431441000000052e-01 1.556537988999999955e+00 1.645611911000000038e-01 2.878718015000000241e-01 -7.973699716000000048e-01 5.042326532659999749e-01
1.403715938934057951e+09 -9.458108470999999629e-01 2.405503075000000046e-01 1.555223074599999977e+00 1.632877463000000084e-01 2.917091529999999988e-01 -8.023967371000000348e-01 4.943706689360000128e-01
1.403715938984058142e+09 -9.049491423000000090e-01 2.017870659000000066e-01 1.553222227500000052e+00 1.626960453999999889e-01 2.946363301000000101e-01 -8.070088560999999494e-01 4.852382260770000122e-01
1.403715939034058094e+09 -8.619523555000000448e-01 1.605388725999999933e-01 1.550618034700000036e+00 1.622676855999999890e-01 2.971610466999999867e-01 -8.107036173999999651e-01 4.776234450869999981e-01
1.403715939084058046e+09 -8.164038610999999612e-01 1.163655875000000062e-01 1.547634053999999981e+00 1.611986415999999978e-01 2.998629810999999812e-01 -8.130368977999999913e-01 4.723009562600000155e-01
1.403715939134057999e+09 -7.675085201000000357e-01 6.883960370000000162e-02 1.545749243699999997e+00 1.622367891000000006e-01 3.012548811999999909e-01 -8.120956183999999967e-01 4.726789898200000062e-01
1.403715939184058189e+09 -7.151361299999999810e-01 1.753501780000000024e-02 1.545704508100000041e+00 1.663129731000000111e-01 3.005312976000000247e-01 -8.059159849999999459e-01 4.822036492480000214e-01
1.403715939234057903e+09 -6.596408216000000380e-01 -3.693904900000000158e-02 1.547430876700000013e+00 1.728754056000000039e-01 2.979712500999999736e-01 -7.951576393999999492e-01 4.990506555129999855e-01
1.403715939284058094e+09 -6.021762124999999743e-01 -9.313810610000000656e-02 1.549644775700000032e+00 1.800829438000000060e-01 2.948427557000000143e-01 -7.828193745999999509e-01 5.175245980339999718e-01
1.403715939334058046e+09 -5.437947877000000041e-01 -1.499297472999999992e-01 1.551805877799999900e+00 1.874645337999999994e-01 2.907411745999999853e-01 -7.700056655000000472e-01 5.361136941940000122e-01
1.403715939384057999e+09 -4.849798928999999870e-01 -2.065801935000000089e-01 1.553534562500000105e+00 1.952653089999999980e-01 2.857012816999999760e-01 -7.565733784999999489e-01 5.548359754959999446e-01
1.403715939434057951e+09 -4.271001501999999728e-01 -2.619114537000000187e-01 1.554302491000000064e+00 2.014650184000000011e-01 2.809833225000000212e-01 -7.441316653999999753e-01 5.716015075070000062e-01
1.403715939484058142e+09 -3.707301633000000263e-01 -3.149866691000000052e-01 1.554459514299999956e+00 2.070580109000000057e-01 2.765620547000000040e-01 -7.326007496999999979e-01 5.864610401359999781e-01
1.403715939534058094e+09 -3.164435069000000045e-01 -3.653769830999999968e-01 1.554470936900000044e+00 2.108919414000000048e-01 2.726517916000000263e-01 -7.216008596999999858e-01 6.003980253739999995e-01
1.403715939584058046e+09 -2.649036953000000194e-01 -4.120656797000000204e-01 1.554931519199999945e+00 2.146738467000000039e-01 2.681346857999999944e-01 -7.115468927000000443e-01 6.129599900150000114e-01
1.403715939634057999e+09 -2.167810890999999907e-01 -4.543938504999999739e-01 1.557967577599999931e+00 2.194593284999999949e-01 2.624298130000000118e-01 -6.980702183000000449e-01 6.290200049640000124e-01
1.403715939684058189e+09 -1.731626957000000078e-01 -4.911813972999999889e-01 1.563353600799999965e+00 2.245828923000000032e-01 2.560536019999999913e-01 -6.844309735000000394e-01 6.446342528349999768e-01
1.403715939734057903e+09 -1.350522620000000062e-01 -5.213384205000000104e-01 1.570291712700000009e+00 2.284768715000000117e-01 2.502230634000000009e-01 -6.723830867000000211e-01 6.580940072850000044e-01
1.403715939784058094e+09 -1.027502862999999933e-01 -5.444795959999999546e-01 1.579116238299999919e+00 2.317385238000000125e-01 2.448395462999999883e-01 -6.631427917000000116e-01 6.682757596260000543e-01
1.403715939834058046e+09 -7.678675969999999851e-02 -5.601716388999999907e-01 1.590255129900000064e+00 2.331674098000000028e-01 2.407005343999999991e-01 -6.557745694000000070e-01 6.765027167689999787e-01
1.403715939884057999e+09 -5.794074020000000019e-02 -5.670401857000000323e-01 1.603828088700000043e+00 2.338598087000000048e-01 2.376131441000000066e-01 -6.506243586000000079e-01 6.823031053379999822e-01
1.403715939934057951e+09 -4.630028299999999764e-02 -5.647022454000000247e-01 1.619564914899999986e+00 2.327338167000000124e-01 2.362836698000000124e-01 -6.497334254000000087e-01 6.839966914639999951e-01
1.403715939984058142e+09 -4.169587030000000000e-02 -5.536204938000000020e-01 1.637732601399999988e+00 2.300544321000000114e-01 2.368725989000000087e-01 -6.535065468999999849e-01 6.810987617510000369e-01
1.403715940034058094e+09 -4.368158529999999901e-02 -5.342408637000000127e-01 1.656305765900000004e+00 2.229924366999999907e-01 2.413732215999999930e-01 -6.665311026000000361e-01 6.691409644810000223e-01
1.403715940084058046e+09 -5.165572229999999820e-02 -5.071188453999999624e-01 1.675647598100000080e+00 2.149303019000000092e-01 2.475580648000000050e-01 -6.845072791999999851e-01 6.511295988890000164e-01
1.403715940134057999e+09 -6.449234660000000008e-02 -4.736620778000000254e-01 1.696202982099999979e+00 2.057238198999999934e-01 2.544099616000000119e-01 -7.041410790000000031e-01 6.301893542180000418e-01
1.403715940184058189e+09 -8.100032279999999640e-02 -4.350572773999999976e-01 1.717732744399999900e+00 1.972878510999999946e-01 2.608471645000000061e-01 -7.226739087000000339e-01 6.089159895200000339e-01
1.403715940234057903e+09 -9.985767750000000553e-02 -3.925638638000000236e-01 1.739183377700000088e+00 1.887078198999999901e-01 2.669599666999999954e-01 -7.402056764000000122e-01 5.875519479790000110e-01
1.403715940284058094e+09 -1.199008205999999993e-01 -3.474017677999999831e-01 1.760392987499999951e+00 1.813150837999999987e-01 2.724635749000000051e-01 -7.569078498000000321e-01 5.656668168220000403e-01
1.403715940334058046e+09 -1.401595528000000035e-01 -3.008509097000000021e-01 1.781371166500000047e+00 1.742199305999999892e-01 2.777922208999999976e-01 -7.730103767999999542e-01 5.430781298469999907e-01
1.403715940384057999e+09 -1.596762355999999938e-01 -2.543761895000000162e-01 1.802275159199999921e+00 1.677061921000000122e-01 2.822536373000000265e-01 -7.875631736000000549e-01 5.214899471920000362e-01
1.403715940434057951e+09 -1.780588187000000100e-01 -2.087414542000000095e-01 1.822129324100000058e+00 1.604985217999999880e-01 2.867334248000000252e-01 -8.019115820000000117e-01 4.989609025380000173e-01
1.403715940484058142e+09 -1.940809722000000070e-01 -1.651970268000000075e-01 1.841452657600000098e+00 1.538865245000000104e-01 2.905467830999999834e-01 -8.151400227999999748e-01 4.769153463510000246e-01
1.403715940534058094e+09 -2.068639831000000096e-01 -1.246706602000000053e-01 1.860291467399999954e+00 1.485967547000000000e-01 2.929250250000000055e-01 -8.283528072000000408e-01 4.538122530600000037e-01
1.403715940584058046e+09 -2.154999583999999968e-01 -8.846697629999999979e-02 1.878798033500000075e+00 1.437700551999999965e-01 2.943080449000000098e-01 -8.416411579999999448e-01 4.293636070540000071e-01
1.403715940634057999e+09 -2.194408072000000043e-01 -5.780008050000000341e-02 1.896831017300000033e+00 1.388453487999999902e-01 2.952481694999999906e-01 -8.541175882000000552e-01 4.050106579480000080e-01
1.403715940684058189e+09 -2.174612673000000107e-01 -3.405480820000000158e-02 1.915015656300000035e+00 1.357466565999999875e-01 2.944077955000000135e-01 -8.655533372000000503e-01 3.817254454469999891e-01
1.403715940734057903e+09 -2.093969501999999872e-01 -1.930176769999999986e-02 1.933828992100000033e+00 1.310125466000000016e-01 2.957464483999999727e-01 -8.734352953999999780e-01 3.639787572559999851e-01
1.403715940784058094e+09 -1.946265913999999930e-01 -1.444122679999999999e-02 1.953477753300000064e+00 1.251036755999999917e-01 2.988436067999999945e-01 -8.780378040999999856e-01 3.522657853780000181e-01
1.403715940834058046e+09 -1.717425878000000128e-01 -2.068097259999999993e-02 1.974476040899999951e+00 1.207478295000000007e-01 3.015036939999999888e-01 -8.796291128000000015e-01 3.475170614990000240e-01
1.403715940884057999e+09 -1.399374102000000009e-01 -3.863256279999999904e-02 1.997562080800000084e+00 1.184055797999999937e-01 3.032330111000000050e-01 -8.774280816999999733e-01 3.523490045320000208e-01
1.403715940934057951e+09 -9.849667830000000124e-02 -6.824623539999999378e-02 2.023156337900000157e+00 1.203782890999999938e-01 3.024990806999999782e-01 -8.711623880000000097e-01 3.675315870349999958e-01
1.403715940984058142e+09 -4.857386019999999915e-02 -1.083177258000000004e-01 2.052085422599999820e+00 1.270417776999999970e-01 2.986613544000000231e-01 -8.594297806999999789e-01 3.950218148449999855e-01
1.403715941034058094e+09 7.770565499999999848e-03 -1.560188852000000126e-01 2.082634435800000183e+00 1.362798084999999881e-01 2.934370190999999739e-01 -8.435544895000000043e-01 4.286471193329999818e-01
1.403715941084058046e+09 6.905256390000000244e-02 -2.094710361000000076e-01 2.114762780900000028e+00 1.474327995999999974e-01 2.865717707000000058e-01 -8.229029691999999452e-01 4.679432583679999924e-01
1.403715941134057999e+09 1.331328194999999992e-01 -2.656834923999999987e-01 2.148343390199999980e+00 1.614836451999999978e-01 2.765247012000000004e-01 -7.989039928000000179e-01 5.091262438610000274e-01
1.403715941184058189e+09 1.981007110000000127e-01 -3.225185245000000145e-01 2.182072217700000039e+00 1.743288933000000096e-01 2.666486448000000009e-01 -7.723216464000000059e-01 5.495700243900000226e-01
1.403715941234057903e+09 2.622383275999999874e-01 -3.777759299999999820e-01 2.213842248999999818e+00 1.859506498999999868e-01 2.567991874000000174e-01 -7.486874878999999483e-01 5.821886108970000251e-01
1.403715941284058094e+09 3.243400657000000131e-01 -4.298611541999999841e-01 2.244218248300000162e+00 1.979210342999999928e-01 2.467635384999999903e-01 -7.282579920999999734e-01 6.079270656499999870e-01
1.403715941334058046e+09 3.831789442999999906e-01 -4.779767820999999972e-01 2.272434686700000039e+00 2.072836402999999883e-01 2.387847824000000063e-01 -7.117408472999999791e-01 6.272481856620000240e-01
1.403715941384057999e+09 4.383559107000000177e-01 -5.214797495999999866e-01 2.298605530400000152e+00 2.152483561999999906e-01 2.315980780000000128e-01 -6.976290043999999746e-01 6.429185389289999719e-01
1.403715941434057951e+09 4.894861978999999752e-01 -5.600550927999999873e-01 2.321207984900000021e+00 2.228753293999999885e-01 2.250354338999999981e-01 -6.854112494999999861e-01 6.556653567510000169e-01
1.403715941484058142e+09 5.361474083999999696e-01 -5.940229368999999648e-01 2.337669561999999868e+00 2.288156271000000019e-01 2.203725230999999951e-01 -6.777371642999999724e-01 6.631377654450000270e-01
1.403715941534058094e+09 5.777677396000000520e-01 -6.232703844000000437e-01 2.348213104900000125e+00 2.338058519000000002e-01 2.164369606000000057e-01 -6.711343571000000230e-01 6.693792201920000240e-01
1.403715941584058046e+09 6.139559464999999605e-01 -6.472591598000000390e-01 2.353374417900000015e+00 2.384763109999999964e-01 2.129686922000000038e-01 -6.652689724000000471e-01 6.746781303629999504e-01
1.403715941634057999e+09 6.440377290000000032e-01 -6.655972449000000513e-01 2.354420662799999953e+00 2.444755875999999883e-01 2.083462580999999869e-01 -6.578096313000000306e-01 6.812562019450000284e-01
1.403715941684058189e+09 6.668788511000000030e-01 -6.772550955999999678e-01 2.352702599200000133e+00 2.512814594000000179e-01 2.030565906000000032e-01 -6.496539657000000023e-01 6.881681291779999654e-01
1.403715941734057903e+09 6.816925928999999496e-01 -6.816684886999999637e-01 2.349264097499999870e+00 2.584643416999999888e-01 1.976289479999999987e-01 -6.407006983999999905e-01 6.954434542549999820e-01
1.403715941784058094e+09 6.879628354000000279e-01 -6.787433829000000252e-01 2.344297632299999989e+00 2.645261528999999778e-01 1.928670631000000135e-01 -6.312999069000000407e-01 7.030566392099999451e-01
1.403715941834058046e+09 6.851945645999999446e-01 -6.681978536999999552e-01 2.338022393900000218e+00 2.684879636999999986e-01 1.895498787000000074e-01 -6.237700685999999495e-01 7.091515764050000392e-01
1.403715941884057999e+09 6.724744947999999889e-01 -6.489676200999999756e-01 2.330113453900000131e+00 2.707213967000000054e-01 1.881303601000000048e-01 -6.196603105000000333e-01 7.122766264300000039e-01
1.403715941934057951e+09 6.498891428999999942e-01 -6.212266193000000047e-01 2.319847531400000218e+00 2.668254145000000244e-01 1.907460981000000111e-01 -6.212495827999999776e-01 7.116664107079999635e-01
1.403715941984058142e+09 6.176609396000000141e-01 -5.847023998000000500e-01 2.306896981399999991e+00 2.602831164000000141e-01 1.966785504999999934e-01 -6.315848457999999610e-01 7.033283938640000343e-01
1.403715942034058094e+09 5.767580619000000075e-01 -5.402857433000000098e-01 2.290657966699999992e+00 2.495812353999999900e-01 2.063108445999999874e-01 -6.490513730000000425e-01 6.883875053439999503e-01
1.403715942084058046e+09 5.283113328999999858e-01 -4.889066763000000093e-01 2.272094119400000167e+00 2.380278621999999955e-01 2.169267699999999910e-01 -6.704983556000000400e-01 6.683692605450000102e-01
1.403715942134057999e+09 4.740327048999999904e-01 -4.316543540000000179e-01 2.250501730799999933e+00 2.264374597999999905e-01 2.277562264999999919e-01 -6.939281046999999925e-01 6.444509008259999838e-01
1.403715942184058189e+09 4.156116186000000101e-01 -3.703593513999999809e-01 2.224842554199999878e+00 2.149597637000000006e-01 2.380779633000000006e-01 -7.168184186999999596e-01 6.190981651229999772e-01
1.403715942234057903e+09 3.541568974000000036e-01 -3.060323507000000109e-01 2.194222241699999909e+00 2.044804825000000048e-01 2.472751290000000102e-01 -7.383961705999999570e-01 5.931389703480000053e-01
1.403715942284058094e+09 2.905512087000000077e-01 -2.398940488999999898e-01 2.156719546700000212e+00 1.932548765999999862e-01 2.562740108000000072e-01 -7.611225888999999523e-01 5.636209619969999585e-01
1.403715942334058046e+09 2.264795481000000110e-01 -1.733078222999999973e-01 2.114573722399999856e+00 1.832335924000000060e-01 2.635553415999999927e-01 -7.803458116000000500e-01 5.366790910950000049e-01
1.403715942384057999e+09 1.634251112000000006e-01 -1.076111876999999994e-01 2.068433995099999922e+00 1.752311215000000033e-01 2.691392402000000184e-01 -7.964949265999999861e-01 5.123026013720000105e-01
1.403715942434057951e+09 1.019797751000000030e-01 -4.417888660000000162e-02 2.019357554700000001e+00 1.696506799999999981e-01 2.727361618999999959e-01 -8.087300761000000282e-01 4.927365389280000119e-01
1.403715942484058142e+09 4.296484989999999754e-02 1.652910739999999962e-02 1.968042797100000074e+00 1.657515438999999924e-01 2.752954054999999789e-01 -8.203670876999999972e-01 4.730081467469999801e-01
1.403715942534058094e+09 -1.322322719999999979e-02 7.321203129999999393e-02 1.916060557400000031e+00 1.616140393000000119e-01 2.779293412000000130e-01 -8.297471646999999839e-01 4.562409738930000014e-01
1.403715942584058046e+09 -6.613990240000000576e-02 1.253423747000000088e-01 1.864129041400000020e+00 1.561107817000000064e-01 2.819064278999999784e-01 -8.382634344999999598e-01 4.398552080720000146e-01
1.403715942634057999e+09 -1.149636368999999991e-01 1.718483517999999932e-01 1.812555690599999991e+00 1.496829202999999942e-01 2.868881469999999823e-01 -8.451807316999999653e-01 4.253936355879999742e-01
1.403715942684058189e+09 -1.590476073000000046e-01 2.122547510999999998e-01 1.762030982700000026e+00 1.439486551999999975e-01 2.915527433999999807e-01 -8.505207636999999599e-01 4.133886946909999804e-01
1.403715942734057903e+09 -1.970238042999999939e-01 2.454407336999999967e-01 1.712572165000000091e+00 1.399706095999999900e-01 2.953784125999999732e-01 -8.536068950999999849e-01 4.056045986940000070e-01
1.403715942784058094e+09 -2.285891268999999948e-01 2.708607732000000157e-01 1.664647919200000104e+00 1.371853093000000023e-01 2.984865233999999812e-01 -8.550169931000000112e-01 4.012878366279999942e-01
1.403715942834058046e+09 -2.535966921000000207e-01 2.887206581000000272e-01 1.618037909499999927e+00 1.358517536999999942e-01 3.007814715000000083e-01 -8.551239357000000041e-01 3.997972761629999816e-01
1.403715942884057999e+09 -2.718380615000000056e-01 2.985969187999999996e-01 1.572609772899999925e+00 1.352679689000000074e-01 3.030135997000000248e-01 -8.539102094999999615e-01 4.009023435290000048e-01
1.403715942934057951e+09 -2.831473722999999776e-01 3.009063610000000111e-01 1.527827089999999943e+00 1.357397425999999907e-01 3.045192257000000069e-01 -8.525208703000000110e-01 4.025554983190000047e-01
1.403715942984058142e+09 -2.872477795000000222e-01 2.957508971000000209e-01 1.485214137500000087e+00 1.360878536000000028e-01 3.063617578999999758e-01 -8.497949107000000168e-01 4.067814881540000038e-01
1.403715943034058094e+09 -2.849421949000000009e-01 2.833488825000000100e-01 1.446883071200000037e+00 1.355034313000000046e-01 3.093643853999999971e-01 -8.460560183999999984e-01 4.124581322540000206e-01
1.403715943084058046e+09 -2.755922324000000256e-01 2.631457508999999750e-01 1.413338437199999964e+00 1.329915546999999865e-01 3.140665033999999745e-01 -8.411412173000000214e-01 4.197105317620000164e-01
1.403715943134057999e+09 -2.583805243999999779e-01 2.362184860000000053e-01 1.384785813699999979e+00 1.337578933000000136e-01 3.160146642000000172e-01 -8.352374142999999806e-01 4.296766456339999873e-01
1.403715943184058189e+09 -2.338512358000000013e-01 2.030191483999999880e-01 1.361640338499999991e+00 1.386295516999999922e-01 3.154128861000000117e-01 -8.266523319999999897e-01 4.449072719530000053e-01
1.403715943234057903e+09 -2.028487177999999946e-01 1.651846963999999973e-01 1.344120958199999993e+00 1.492549858999999979e-01 3.101562179999999835e-01 -8.150660785000000130e-01 4.660400811970000223e-01
1.403715943284058094e+09 -1.664470683000000006e-01 1.235808318999999933e-01 1.331741057199999911e+00 1.623392674999999952e-01 3.038418319999999784e-01 -7.995277981999999728e-01 4.920176859539999725e-01
1.403715943334058046e+09 -1.268970064999999925e-01 8.060193209999999553e-02 1.323106739500000018e+00 1.771199769000000035e-01 2.972048677999999944e-01 -7.814389728999999729e-01 5.192792235240000220e-01
1.403715943384057999e+09 -8.578206250000000588e-02 3.733204119999999904e-02 1.317553226100000030e+00 1.910667625999999952e-01 2.920904598999999879e-01 -7.615233086999999568e-01 5.461308504190000024e-01
1.403715943434057951e+09 -4.489889119999999900e-02 -4.290217500000000420e-03 1.313768427999999933e+00 2.051227884000000057e-01 2.869367415999999893e-01 -7.411505875999999660e-01 5.712160313830000335e-01
1.403715943484058142e+09 -5.621251199999999920e-03 -4.311404490000000228e-02 1.309275101000000108e+00 2.167966000000000060e-01 2.838862349999999868e-01 -7.242844868000000158e-01 5.897625131739999693e-01
1.403715943534058094e+09 3.091721669999999977e-02 -7.911043809999999954e-02 1.303575203300000096e+00 2.249865372000000030e-01 2.815467747000000021e-01 -7.121013360000000292e-01 6.025148620910000252e-01
1.403715943584058046e+09 6.392246329999999588e-02 -1.117429845999999977e-01 1.297362518699999967e+00 2.303747207000000075e-01 2.795868561000000030e-01 -7.025025436999999817e-01 6.125755904909999661e-01
1.403715943634057999e+09 9.325364120000000090e-02 -1.403567000000000009e-01 1.291033402700000110e+00 2.357563639999999960e-01 2.766570943000000171e-01 -6.945834535999999559e-01 6.208330009489999579e-01
1.403715943684058189e+09 1.181522588000000068e-01 -1.644170768999999865e-01 1.285451248400000024e+00 2.400981410999999954e-01 2.727453780999999911e-01 -6.878385470000000224e-01 6.283637280020000215e-01
1.403715943734057903e+09 1.385091320999999875e-01 -1.839659761000000116e-01 1.281300227500000055e+00 2.454604472999999953e-01 2.672725859999999787e-01 -6.818022164000000496e-01 6.351852260439999620e-01
1.403715943784058094e+09 1.536724335999999913e-01 -1.987093261000000000e-01 1.279016678400000107e+00 2.492568212999999866e-01 2.615610279000000205e-01 -6.744734255000000012e-01 6.438497216270000489e-01
1.403715943834058046e+09 1.625002000999999918e-01 -2.075367284999999895e-01 1.278617836400000041e+00 2.514030031000000220e-01 2.561146814999999966e-01 -6.681189181000000143e-01 6.517813370020000274e-01
1.403715943884057999e+09 1.642659120999999944e-01 -2.093512733000000015e-01 1.281572412000000050e+00 2.533294777999999803e-01 2.511988886000000032e-01 -6.634177044000000301e-01 6.577235312100000453e-01
1.403715943934057951e+09 1.587643572999999919e-01 -2.041264516999999890e-01 1.289329846000000002e+00 2.529338260999999810e-01 2.477607665999999875e-01 -6.597170492999999691e-01 6.628819631360000075e-01
1.403715943984058142e+09 1.455487665000000097e-01 -1.909560291999999881e-01 1.300620690499999954e+00 2.520481306999999838e-01 2.461651675000000039e-01 -6.621992249999999469e-01 6.613370067399999552e-01
1.403715944034058094e+09 1.249386403000000006e-01 -1.700153564000000117e-01 1.313692460399999984e+00 2.497582479999999883e-01 2.481088357000000022e-01 -6.742759939000000369e-01 6.491646226110000528e-01
1.403715944084058046e+09 9.773203390000000101e-02 -1.417497923999999909e-01 1.327550155499999995e+00 2.448940292000000019e-01 2.545947382000000037e-01 -6.947805142999999850e-01 6.264890028809999567e-01
1.403715944134057999e+09 6.571355080000000626e-02 -1.085757739000000055e-01 1.342935664000000084e+00 2.387888016999999974e-01 2.637964822000000154e-01 -7.163250657999999937e-01 6.002247280810000252e-01
1.403715944184058189e+09 2.985161659999999856e-02 -7.175021539999999753e-02 1.358796660699999936e+00 2.332699041000000084e-01 2.743636025999999783e-01 -7.374831294999999454e-01 5.713391278520000283e-01
1.403715944234057903e+09 -8.550109499999999918e-03 -3.328216529999999951e-02 1.373658757000000064e+00 2.267844421999999915e-01 2.868737883999999960e-01 -7.592616805999999885e-01 5.383251310579999505e-01
1.403715944284058094e+09 -4.812032670000000040e-02 4.909399000000000055e-03 1.387278190800000033e+00 2.200283759999999977e-01 3.005115499000000079e-01 -7.773696342999999453e-01 5.069287659960000081e-01
1.403715944334058046e+09 -8.743160930000000441e-02 4.154985679999999987e-02 1.400078866100000097e+00 2.143019865999999940e-01 3.146143128000000178e-01 -7.897385533999999874e-01 4.810462660079999897e-01
1.403715944384057999e+09 -1.252458238999999973e-01 7.570259749999999621e-02 1.410634627599999913e+00 2.095483287999999888e-01 3.294667425000000205e-01 -7.979143533000000454e-01 4.592100262620000262e-01
1.403715944434057951e+09 -1.600575972000000124e-01 1.067269789000000052e-01 1.419575400500000084e+00 2.067430258999999881e-01 3.441508243999999994e-01 -8.037315496000000392e-01 4.391276893250000146e-01
1.403715944484058142e+09 -1.917420039000000132e-01 1.341057062000000077e-01 1.426206290999999959e+00 2.044894426999999959e-01 3.594871673999999739e-01 -8.072518443999999738e-01 4.210671015010000184e-01
1.403715944534058094e+09 -2.189912203000000113e-01 1.571094920999999978e-01 1.433020661900000103e+00 2.044640302999999881e-01 3.740813625000000142e-01 -8.082913376999999455e-01 4.061067691860000273e-01
1.403715944584058046e+09 -2.405202741999999949e-01 1.749959356999999938e-01 1.441064880199999898e+00 2.074613399999999941e-01 3.871020055000000126e-01 -8.079645009000000488e-01 3.928169995090000088e-01
1.403715944634057999e+09 -2.556641483000000048e-01 1.869950988000000092e-01 1.449665353100000109e+00 2.112674153000000110e-01 4.000963934999999805e-01 -8.055715961999999619e-01 3.825485047480000067e-01
1.403715944684058189e+09 -2.636949592999999759e-01 1.927848365000000008e-01 1.459477882200000076e+00 2.169647684999999881e-01 4.117082965000000150e-01 -8.025164124000000454e-01 3.733496695190000048e-01
1.403715944734057903e+09 -2.644300280999999919e-01 1.922609201000000101e-01 1.470185250099999896e+00 2.226038706000000034e-01 4.237928951000000111e-01 -7.981604912999999968e-01 3.657689557120000212e-01
1.403715944784058094e+09 -2.579159279000000082e-01 1.854321512000000061e-01 1.481711568699999981e+00 2.269610227999999952e-01 4.379133618000000117e-01 -7.911428072999999728e-01 3.616816836380000177e-01
1.403715944834058046e+09 -2.436880144000000137e-01 1.726402481000000044e-01 1.495042246999999991e+00 2.336972049999999912e-01 4.510302902000000169e-01 -7.810506390000000465e-01 3.632040652760000210e-01
1.403715944884057999e+09 -2.212736329999999974e-01 1.539384514999999898e-01 1.510380771999999983e+00 2.419093539999999931e-01 4.640233187999999731e-01 -7.646531291000000508e-01 3.761220762449999921e-01
1.403715944934057951e+09 -1.913400680000000020e-01 1.307132055999999931e-01 1.527620604300000018e+00 2.539451917000000170e-01 4.748380494000000174e-01 -7.433120962000000498e-01 3.968977124249999933e-01
1.403715944984058142e+09 -1.561752396999999959e-01 1.051397335999999932e-01 1.545587899300000068e+00 2.692937109999999912e-01 4.820111221000000223e-01 -7.191990363000000386e-01 4.217806557289999758e-01
1.403715945034058094e+09 -1.172640229999999950e-01 7.842797780000000663e-02 1.563841741599999891e+00 2.869635850999999738e-01 4.854373898000000076e-01 -6.921244011999999612e-01 4.505177627849999977e-01
1.403715945084058046e+09 -7.607592820000000366e-02 5.197621639999999710e-02 1.582608503699999947e+00 3.049823271000000058e-01 4.850003190000000131e-01 -6.654850435000000397e-01 4.784246311059999757e-01
1.403715945134057999e+09 -3.406205379999999866e-02 2.661118209999999845e-02 1.600716660800000080e+00 3.202062935000000166e-01 4.823424331999999759e-01 -6.431703407000000094e-01 5.011443100519999971e-01
1.403715945184058189e+09 6.610587799999999639e-03 3.108596199999999997e-03 1.617146464900000025e+00 3.313562064000000196e-01 4.800329623999999851e-01 -6.247646395999999491e-01 5.190766461900000461e-01
1.403715945234057903e+09 4.464032429999999912e-02 -1.787461400000000047e-02 1.633070879899999994e+00 3.414100856999999767e-01 4.762097714999999898e-01 -6.096996189000000177e-01 5.337881430159999718e-01
1.403715945284058094e+09 7.953729530000000492e-02 -3.611616649999999790e-02 1.648849967599999911e+00 3.495253828000000063e-01 4.719019982000000057e-01 -5.973395191000000493e-01 5.461922827799999824e-01
1.403715945334058046e+09 1.101714564000000063e-01 -5.102729689999999790e-02 1.665566973400000039e+00 3.580123886000000089e-01 4.658763870000000029e-01 -5.861054565000000105e-01 5.579128206829999659e-01
1.403715945384057999e+09 1.357005313000000102e-01 -6.198637430000000087e-02 1.682977329300000102e+00 3.652906958000000093e-01 4.592845910999999726e-01 -5.749275690999999799e-01 5.701566997220000044e-01
1.403715945434057951e+09 1.550721824000000082e-01 -6.862171690000000435e-02 1.701392458599999991e+00 3.729335602000000138e-01 4.516640885000000050e-01 -5.654201267999999780e-01 5.807066308080000017e-01
1.403715945484058142e+09 1.673479603999999954e-01 -7.045054269999999341e-02 1.721168106799999986e+00 3.818371240999999805e-01 4.430220353000000055e-01 -5.570243686000000416e-01 5.896233880250000281e-01
1.403715945534058094e+09 1.712698883000000061e-01 -6.777315470000000452e-02 1.740604306700000103e+00 3.878120080999999941e-01 4.361369304000000113e-01 -5.521789304999999981e-01 5.953863057079999965e-01
1.403715945584058046e+09 1.665402066999999986e-01 -6.022388029999999753e-02 1.757270028600000034e+00 3.887211051999999722e-01 4.355539580000000188e-01 -5.606577164999999585e-01 5.872406465970000378e-01
1.403715945634057999e+09 1.537324639000000048e-01 -4.858210429999999802e-02 1.770857624800000085e+00 3.817550149999999753e-01 4.419629344000000071e-01 -5.788638951000000255e-01 5.690768525960000490e-01
1.403715945684058189e+09 1.340691200999999944e-01 -3.348730059999999870e-02 1.783872433099999988e+00 3.727704284999999729e-01 4.499086163000000083e-01 -5.989635171999999619e-01 5.476012688610000234e-01
1.403715945734057903e+09 1.090408073000000005e-01 -1.622714869999999920e-02 1.796739612799999941e+00 3.616116864000000208e-01 4.582275847000000235e-01 -6.174930150999999867e-01 5.272256112640000270e-01
1.403715945784058094e+09 7.995998769999999867e-02 2.891003200000000131e-03 1.809028748900000094e+00 3.487722688000000071e-01 4.672690909000000170e-01 -6.350540182999999672e-01 5.066792821609999997e-01
1.403715945834058046e+09 4.788461670000000031e-02 2.319986679999999982e-02 1.820570080700000037e+00 3.329855480000000201e-01 4.776937674999999772e-01 -6.518763696999999580e-01 4.857844048530000070e-01
1.403715945884057999e+09 1.489754180000000053e-02 4.434897430000000335e-02 1.832366524300000021e+00 3.179944771000000059e-01 4.867095020000000161e-01 -6.680369870000000265e-01 4.644566258380000146e-01
1.403715945934057951e+09 -1.713562139999999859e-02 6.567171750000000419e-02 1.843391672699999928e+00 3.028091018999999884e-01 4.957029217000000210e-01 -6.824336181000000279e-01 4.436999189749999961e-01
1.403715945984058142e+09 -4.663913509999999957e-02 8.703667599999999338e-02 1.854873760999999899e+00 2.916231562000000110e-01 5.027704795999999865e-01 -6.941982040999999937e-01 4.245781824450000075e-01
1.403715946034058094e+09 -7.263598549999999987e-02 1.078412972000000053e-01 1.866108363199999953e+00 2.817295047000000219e-01 5.107906153000000282e-01 -7.023509984000000372e-01 4.079516007990000026e-01
1.403715946084058046e+09 -9.359565279999999821e-02 1.276289231999999940e-01 1.877872989000000103e+00 2.745457801999999781e-01 5.184071996000000349e-01 -7.076050444999999467e-01 3.939209195819999842e-01
1.403715946134057999e+09 -1.091817613999999936e-01 1.466135601999999927e-01 1.889131671799999967e+00 2.689917412999999757e-01 5.257390013999999612e-01 -7.124016627000000490e-01 3.791118786059999857e-01
1.403715946184058189e+09 -1.185425999999999980e-01 1.640215231000000107e-01 1.900330022499999938e+00 2.635209948000000191e-01 5.347429463999999744e-01 -7.147336642999999601e-01 3.657354996000000136e-01
1.403715946234057903e+09 -1.205170287000000007e-01 1.799368128000000122e-01 1.912231263300000039e+00 2.603761786000000078e-01 5.429840304999999923e-01 -7.157695389999999547e-01 3.536192235869999867e-01
1.403715946284058094e+09 -1.139492599000000023e-01 1.937685415000000022e-01 1.925150905600000018e+00 2.594502725999999759e-01 5.503749416000000005e-01 -7.146694622999999469e-01 3.449935351139999939e-01
1.403715946334058046e+09 -9.876288950000000622e-02 2.056371814999999881e-01 1.939146537300000084e+00 2.620914322999999824e-01 5.575175862000000260e-01 -7.092496613000000005e-01 3.427056173379999793e-01
1.403715946384057999e+09 -7.360819189999999457e-02 2.151778246999999922e-01 1.955105974699999916e+00 2.690312759999999859e-01 5.636072218000000023e-01 -6.986300541000000086e-01 3.491204943830000240e-01
1.403715946434057951e+09 -3.926716930000000161e-02 2.229520371000000001e-01 1.973298331699999908e+00 2.812243463999999915e-01 5.665233943999999910e-01 -6.840755645999999635e-01 3.633245552759999941e-01
1.403715946484058142e+09 2.122379499999999929e-03 2.300188626999999930e-01 1.992501507300000085e+00 2.974148470999999905e-01 5.659542458999999859e-01 -6.671456625999999668e-01 3.823046758590000205e-01
1.403715946534058094e+09 4.900366910000000104e-02 2.372971550000000096e-01 2.011804175800000039e+00 3.163616900999999815e-01 5.617745679000000214e-01 -6.513599103999999640e-01 4.000685979229999800e-01
1.403715946584058046e+09 1.000318038999999937e-01 2.448374829999999946e-01 2.032276438599999846e+00 3.373887788000000110e-01 5.542241278999999743e-01 -6.351717077999999850e-01 4.190003932959999733e-01
1.403715946634057999e+09 1.523220130999999866e-01 2.524963533999999843e-01 2.052852430200000189e+00 3.575030573999999906e-01 5.457175141000000229e-01 -6.184853523000000131e-01 4.380180678660000049e-01
1.403715946684058189e+09 2.044507892000000104e-01 2.606014810000000237e-01 2.073673902099999911e+00 3.770272590000000035e-01 5.362570075999999464e-01 -6.036507721999999632e-01 4.537450969829999736e-01
1.403715946734057903e+09 2.547641647000000176e-01 2.692671951999999758e-01 2.093334329000000160e+00 3.911959304000000026e-01 5.290464505999999956e-01 -5.910092963999999949e-01 4.666729140779999896e-01
1.403715946784058094e+09 3.021025240999999917e-01 2.789999959000000196e-01 2.111671889300000160e+00 4.041054499999999772e-01 5.220266826999999665e-01 -5.811819754999999477e-01 4.758302629339999923e-01
1.403715946834058046e+09 3.463731179000000271e-01 2.888429385999999877e-01 2.128132444899999864e+00 4.126918352999999762e-01 5.176043600999999938e-01 -5.741051533000000040e-01 4.818448385219999963e-01
1.403715946884057999e+09 3.870316216999999948e-01 2.990344161999999861e-01 2.143313991199999879e+00 4.199347887000000057e-01 5.135031341000000360e-01 -5.677321889999999982e-01 4.874930421559999782e-01
1.403715946934057951e+09 4.228341857999999842e-01 3.097304968999999852e-01 2.157639225600000099e+00 4.262769048000000227e-01 5.095967288999999623e-01 -5.614792156000000256e-01 4.932953119519999929e-01
1.403715946984058142e+09 4.534564448000000247e-01 3.205719143999999909e-01 2.170683791700000143e+00 4.301919157999999910e-01 5.063639320999999693e-01 -5.558631177999999728e-01 4.995464724609999796e-01
1.403715947034058094e+09 4.789962173000000267e-01 3.320349597000000208e-01 2.183427521300000063e+00 4.360274604000000109e-01 5.013412243999999518e-01 -5.504587810000000081e-01 5.055018901029999512e-01
1.403715947084058046e+09 4.988631315000000011e-01 3.441481604000000138e-01 2.195983491199999804e+00 4.431456520000000010e-01 4.947524330999999997e-01 -5.453635054000000038e-01 5.112930745139999678e-01
1.403715947134057999e+09 5.121079535000000460e-01 3.567932525999999993e-01 2.209865858500000169e+00 4.543381689000000057e-01 4.831550000000000011e-01 -5.360677200000000253e-01 5.222733707850000240e-01
1.403715947184058189e+09 5.177752776999999806e-01 3.697878799000000050e-01 2.222970460800000048e+00 4.648515778000000265e-01 4.709635637999999846e-01 -5.257466382000000049e-01 5.345061315600000418e-01
1.403715947234057903e+09 5.149735027999999826e-01 3.833696711999999840e-01 2.233891823400000032e+00 4.726414513000000150e-01 4.610392112999999736e-01 -5.195521454999999511e-01 5.423269053589999666e-01
1.403715947284058094e+09 5.031263140999999717e-01 3.974762888000000216e-01 2.241470092100000144e+00 4.761757687000000017e-01 4.551102129999999857e-01 -5.177584633999999797e-01 5.459464304150000169e-01
1.403715947334058046e+09 4.819262361000000161e-01 4.122574240999999917e-01 2.245111863600000035e+00 4.742732523000000033e-01 4.551929584000000140e-01 -5.229515773999999784e-01 5.425734056219999601e-01
1.403715947384057999e+09 4.521653462999999928e-01 4.272212479999999979e-01 2.244354650800000073e+00 4.652858485999999960e-01 4.618447747000000159e-01 -5.339748378999999989e-01 5.339282307770000235e-01
1.403715947434057951e+09 4.144664658000000168e-01 4.428705611000000042e-01 2.238796092699999907e+00 4.504965854999999908e-01 4.740240830999999933e-01 -5.497922997999999950e-01 5.196945469339999679e-01
1.403715947484058142e+09 3.697219079999999880e-01 4.592382473000000132e-01 2.231000142500000116e+00 4.362103739000000036e-01 4.863944474999999934e-01 -5.668776939999999875e-01 5.017874362190000159e-01
1.403715947534058094e+09 3.195457254999999885e-01 4.760385918000000216e-01 2.220837039800000134e+00 4.226183571000000083e-01 4.979852805000000160e-01 -5.832358699999999896e-01 4.829495881170000060e-01
1.403715947584058046e+09 2.651254760999999793e-01 4.931099038999999795e-01 2.207863267200000035e+00 4.118113219999999797e-01 5.074117907999999844e-01 -5.991732293999999515e-01 4.625323240529999880e-01
1.403715947634057999e+09 2.086517606000000136e-01 5.093832340999999708e-01 2.191114549199999928e+00 3.972359026000000237e-01 5.187539962999999643e-01 -6.159257609999999605e-01 4.401515487550000105e-01
1.403715947684058189e+09 1.514741027000000018e-01 5.251901975999999639e-01 2.172130681000000063e+00 3.844324259999999938e-01 5.280306216000000274e-01 -6.314463248999999667e-01 4.179364918089999992e-01
1.403715947734057903e+09 9.504709869999999894e-02 5.396445541000000068e-01 2.150234581899999942e+00 3.713679966000000277e-01 5.369396151999999978e-01 -6.443798713999999705e-01 3.981912128030000164e-01
1.403715947784058094e+09 4.080438699999999752e-02 5.524550349000000304e-01 2.126041877500000066e+00 3.580827932999999796e-01 5.457017781999999873e-01 -6.528113420000000167e-01 3.844783923389999969e-01
1.403715947834058046e+09 -1.061942209999999949e-02 5.636330500999999771e-01 2.099737889900000098e+00 3.452625764999999736e-01 5.546214220999999833e-01 -6.579143020000000064e-01 3.746166075019999875e-01
1.403715947884057999e+09 -5.819258010000000203e-02 5.730326124000000299e-01 2.071040384299999815e+00 3.319010411000000160e-01 5.638772291000000436e-01 -6.620441073999999704e-01 3.654883983850000240e-01
1.403715947934057951e+09 -1.012320099999999973e-01 5.814856841000000109e-01 2.040854308200000133e+00 3.200544032000000039e-01 5.723164227999999465e-01 -6.658279210999999975e-01 3.559385771219999994e-01
1.403715947984058142e+09 -1.385052753999999886e-01 5.887997173000000251e-01 2.010244204100000154e+00 3.084563626999999864e-01 5.807890023999999762e-01 -6.689198937000000456e-01 3.465328020369999873e-01
1.403715948034058094e+09 -1.689790666000000052e-01 5.951504958000000123e-01 1.980363896300000093e+00 2.978949740999999873e-01 5.884294345999999676e-01 -6.721384569999999670e-01 3.365104450829999871e-01
1.403715948084058046e+09 -1.917748394999999884e-01 6.005768115999999823e-01 1.951197764200000018e+00 2.886339097000000242e-01 5.950223991999999962e-01 -6.753128314999999882e-01 3.264833691599999810e-01
1.403715948134057999e+09 -2.049577449999999967e-01 6.047580392000000415e-01 1.923479199800000039e+00 2.812680962999999923e-01 6.007083406000000014e-01 -6.765440040000000321e-01 3.198842887680000135e-01
1.403715948184058189e+09 -2.082307740000000074e-01 6.080821846999999725e-01 1.897586309400000060e+00 2.759093126000000118e-01 6.051024892999999905e-01 -6.772029976000000229e-01 3.148350817219999764e-01
1.403715948234057903e+09 -2.007584312000000037e-01 6.106897617000000000e-01 1.874919281699999996e+00 2.766862692000000012e-01 6.058054254000000416e-01 -6.763109402000000436e-01 3.147189335950000277e-01
1.403715948284058094e+09 -1.821755141999999994e-01 6.124073252999999717e-01 1.855232044599999908e+00 2.822502818000000024e-01 6.038334600000000441e-01 -6.731198978000000333e-01 3.203584462819999978e-01
1.403715948334058046e+09 -1.529565519999999956e-01 6.135294944000000417e-01 1.838207455400000079e+00 2.940538723000000187e-01 5.987203660000000038e-01 -6.671526857999999782e-01 3.316225825179999753e-01
1.403715948384057999e+09 -1.148096059999999946e-01 6.138146999000000381e-01 1.823196365000000041e+00 3.101261330999999788e-01 5.906116819000000184e-01 -6.588865306000000199e-01 3.476609880359999849e-01
1.403715948434057951e+09 -7.021190369999999459e-02 6.134388245999999878e-01 1.809314599099999921e+00 3.273661776999999828e-01 5.808970553000000203e-01 -6.492241906000000284e-01 3.659206842500000167e-01
1.403715948484058142e+09 -2.079921529999999991e-02 6.123036925000000519e-01 1.796162039699999990e+00 3.433584922999999844e-01 5.710665345000000004e-01 -6.378159384999999570e-01 3.862366987859999767e-01
1.403715948534058094e+09 3.107867510000000139e-02 6.107669610999999499e-01 1.783206796500000024e+00 3.573714754999999799e-01 5.611632035000000407e-01 -6.270516908000000056e-01 4.052007707659999736e-01
1.403715948584058046e+09 8.532617219999999447e-02 6.088202596999999772e-01 1.770470681900000010e+00 3.706129691999999753e-01 5.506181176000000121e-01 -6.155634551999999982e-01 4.249086352600000005e-01
1.403715948634057999e+09 1.394074791999999896e-01 6.067285250999999713e-01 1.756401475699999937e+00 3.812922369999999783e-01 5.410192966000000325e-01 -6.065255462999999958e-01 4.405009787999999982e-01
1.403715948684058189e+09 1.924053081000000054e-01 6.045775745999999451e-01 1.741834140599999969e+00 3.907339664000000212e-01 5.316936620000000113e-01 -5.974177504000000027e-01 4.557640274720000106e-01
1.403715948734057903e+09 2.433678099999999900e-01 6.027423468000000506e-01 1.726908297600000086e+00 4.000803957999999882e-01 5.219050455000000532e-01 -5.884645326999999870e-01 4.703831353310000130e-01
1.403715948784058094e+09 2.904972196999999756e-01 6.012125198000000115e-01 1.710985725400000046e+00 4.065499973999999739e-01 5.140865266999999905e-01 -5.813370545999999583e-01 4.821611470120000242e-01
1.403715948834058046e+09 3.333430662999999905e-01 6.001589883000000292e-01 1.694533686500000025e+00 4.123063055999999782e-01 5.075058186999999998e-01 -5.758778088999999545e-01 4.907199849730000119e-01
1.403715948884057999e+09 3.717686678000000078e-01 5.998122218000000450e-01 1.678392142899999939e+00 4.180712766999999941e-01 5.019484789000000502e-01 -5.707104821999999800e-01 4.975476637130000213e-01
1.403715948934057951e+09 4.050117381000000183e-01 6.001384132000000537e-01 1.663180320599999984e+00 4.252238279000000176e-01 4.974186971999999818e-01 -5.658367058000000061e-01 5.015856439679999834e-01
1.403715948984058142e+09 4.324296200000000145e-01 6.012227390000000060e-01 1.649175873299999928e+00 4.328370614000000005e-01 4.940028402000000152e-01 -5.593265726999999687e-01 5.057341764170000253e-01
1.403715949034058094e+09 4.536485982999999833e-01 6.034385878000000369e-01 1.636112430400000095e+00 4.406632985999999752e-01 4.917467850000000196e-01 -5.526181761999999775e-01 5.085411566499999925e-01
1.403715949084058046e+09 4.680914670999999916e-01 6.061459088999999745e-01 1.623583497500000083e+00 4.468530682999999892e-01 4.921765510000000177e-01 -5.470810765000000409e-01 5.087109924239999748e-01
1.403715949134057999e+09 4.754046366999999940e-01 6.094795804999999511e-01 1.611652644699999914e+00 4.514677286000000067e-01 4.955422773000000003e-01 -5.441023600000000071e-01 5.045466908639999470e-01
1.403715949184058189e+09 4.753246817999999818e-01 6.135491013999999632e-01 1.599420642599999942e+00 4.515893720999999972e-01 5.042239034000000064e-01 -5.447348099000000055e-01 4.950649261649999744e-01
1.403715949234057903e+09 4.682864535999999855e-01 6.178268104999999899e-01 1.585847825999999960e+00 4.446759685000000184e-01 5.194491948999999664e-01 -5.496888170000000517e-01 4.798729221690000157e-01
1.403715949284058094e+09 4.561532121999999911e-01 6.220312139000000462e-01 1.572938970999999908e+00 4.369834054000000245e-01 5.358379596000000245e-01 -5.557081554999999673e-01 4.616401524470000184e-01
1.403715949334058046e+09 4.395627863000000080e-01 6.258841403999999553e-01 1.560245726800000066e+00 4.258886172999999942e-01 5.545589543000000177e-01 -5.626091651000000304e-01 4.410829618129999963e-01
1.403715949384057999e+09 4.205278497000000115e-01 6.294145279999999731e-01 1.548346399699999987e+00 4.121589448999999905e-01 5.735442979999999524e-01 -5.702694246999999717e-01 4.194814961400000208e-01
1.403715949434057951e+09 4.004162218000000273e-01 6.326083888000000321e-01 1.536961645399999910e+00 3.978339084999999997e-01 5.914137288999999909e-01 -5.778442969999999512e-01 3.975599966400000240e-01
1.403715949484058142e+09 3.810799858000000206e-01 6.354347673000000363e-01 1.527594078499999952e+00 3.851971129999999799e-01 6.071221209999999591e-01 -5.824132632999999837e-01 3.792370036980000081e-01
1.403715949534058094e+09 3.640153789999999723e-01 6.384051742999999890e-01 1.519388791999999988e+00 3.751709708000000032e-01 6.208381120000000530e-01 -5.851053282999999494e-01 3.625721115330000077e-01
1.403715949584058046e+09 3.502445945000000060e-01 6.412648585000000345e-01 1.512027199800000110e+00 3.671329503999999910e-01 6.336655572999999597e-01 -5.842414808000000459e-01 3.497760001110000183e-01
1.403715949634057999e+09 3.406982188000000078e-01 6.448496716999999601e-01 1.505691238800000109e+00 3.622248940000000195e-01 6.446858917000000133e-01 -5.828864496000000228e-01 3.367738320659999784e-01
1.403715949684058189e+09 3.359398254000000028e-01 6.490496903000000373e-01 1.499914645100000055e+00 3.576673163999999905e-01 6.555803811999999509e-01 -5.805780992000000307e-01 3.243725100739999756e-01
1.403715949734057903e+09 3.366305546000000204e-01 6.539831568999999734e-01 1.494635383599999923e+00 3.535763718000000111e-01 6.663179905999999653e-01 -5.771027228999999759e-01 3.129800823480000105e-01
1.403715949784058094e+09 3.433412295000000114e-01 6.597017684999999521e-01 1.489887047599999903e+00 3.496346168000000199e-01 6.771562574999999695e-01 -5.716532484999999886e-01 3.040190802769999756e-01
1.403715949834058046e+09 3.574539459000000141e-01 6.665920704000000141e-01 1.486441078999999998e+00 3.482188314999999923e-01 6.866256594999999852e-01 -5.637859066999999502e-01 2.990556813079999765e-01
1.403715949884057999e+09 3.784758241000000245e-01 6.749684390000000311e-01 1.483965120199999932e+00 3.475607868999999739e-01 6.959011752000000550e-01 -5.541820572000000222e-01 2.963195931779999959e-01
1.403715949934057951e+09 4.070584737999999869e-01 6.853377805999999461e-01 1.483099458299999895e+00 3.493575693000000038e-01 7.040089579999999625e-01 -5.422182052999999780e-01 2.971869674700000075e-01
1.403715949984058142e+09 4.426220398999999861e-01 6.976412097999999951e-01 1.483541753599999957e+00 3.514736770999999926e-01 7.117147852999999857e-01 -5.281402898999999485e-01 3.016556860299999809e-01
1.403715950034058094e+09 4.845004185999999824e-01 7.129500939999999787e-01 1.484881461300000094e+00 3.551422027000000203e-01 7.185201915000000161e-01 -5.136926993000000552e-01 3.061414067159999863e-01
1.403715950084058046e+09 5.324454855000000375e-01 7.319031793000000397e-01 1.487463672699999906e+00 3.644663901999999900e-01 7.220387928999999483e-01 -4.968464347000000059e-01 3.145915641509999805e-01
1.403715950134057999e+09 5.855350747999999994e-01 7.549005708999999564e-01 1.492066072499999896e+00 3.814229644000000086e-01 7.200068198000000308e-01 -4.788794946000000108e-01 3.267738229570000263e-01
1.403715950184058189e+09 6.420732115999999712e-01 7.820004892999999901e-01 1.498034366299999975e+00 4.023161632000000210e-01 7.134171339999999528e-01 -4.640055433999999979e-01 3.374560023509999840e-01
1.403715950234057903e+09 7.005406822999999950e-01 8.120930881000000268e-01 1.505523879100000073e+00 4.283036010999999865e-01 7.014718985000000240e-01 -4.499095464999999794e-01 3.493917584630000239e-01
1.403715950284058094e+09 7.583427084999999623e-01 8.444902653000000425e-01 1.512898831300000024e+00 4.540930092000000085e-01 6.875508390000000247e-01 -4.402757480999999751e-01 3.566940544419999748e-01
1.403715950334058046e+09 8.142564009999999630e-01 8.779635225999999903e-01 1.519803362099999999e+00 4.769978416999999804e-01 6.738932911999999664e-01 -4.317950957999999728e-01 3.631719790080000232e-01
1.403715950384057999e+09 8.675533428999999686e-01 9.115389649999999788e-01 1.525762585100000068e+00 4.975490845000000162e-01 6.602849490000000099e-01 -4.249202591999999834e-01 3.686617256820000077e-01
1.403715950434057951e+09 9.174141030000000363e-01 9.442982254999999769e-01 1.531115461700000013e+00 5.146182337000000384e-01 6.477324342000000401e-01 -4.181421363999999752e-01 3.751905130270000166e-01
1.403715950484058142e+09 9.626711188000000030e-01 9.758517244000000090e-01 1.536466550000000097e+00 5.299330022999999557e-01 6.354910629000000144e-01 -4.111885768999999913e-01 3.824213334189999758e-01
1.403715950534058094e+09 1.002708335399999928e+00 1.005740432899999925e+00 1.541836803700000091e+00 5.426369148999999892e-01 6.240774837000000463e-01 -4.051176966000000212e-01 3.898103703269999998e-01
1.403715950584058046e+09 1.036589250200000034e+00 1.033505995799999910e+00 1.546425420799999895e+00 5.502274167999999799e-01 6.165093968999999507e-01 -4.012554729999999736e-01 3.951708475540000043e-01
1.403715950634057999e+09 1.063414074099999995e+00 1.059160152200000038e+00 1.551764346799999972e+00 5.569369897999999486e-01 6.099463563999999449e-01 -3.987944815999999726e-01 3.984339256369999749e-01
1.403715950684058189e+09 1.082838251599999913e+00 1.082209352400000046e+00 1.557999333299999956e+00 5.630238203999999858e-01 6.038909230000000239e-01 -3.959465818999999831e-01 4.019281465439999979e-01
1.403715950734057903e+09 1.094493198899999964e+00 1.102533296600000101e+00 1.565212746300000068e+00 5.693453967999999588e-01 5.973124225999999481e-01 -3.929332358000000025e-01 4.057920171180000035e-01
1.403715950784058094e+09 1.097846132099999927e+00 1.120150453299999960e+00 1.572955696900000033e+00 5.749051885999999500e-01 5.918732947000000522e-01 -3.896727857000000239e-01 4.090539662259999876e-01
1.403715950834058046e+09 1.092210462599999987e+00 1.134802610099999942e+00 1.581656108300000030e+00 5.802778687999999851e-01 5.870619915000000466e-01 -3.871422760000000074e-01 4.108000380749999847e-01
1.403715950884057999e+09 1.077502199300000019e+00 1.146081852400000045e+00 1.591011195699999936e+00 5.828870589000000324e-01 5.848170045999999678e-01 -3.850885291999999738e-01 4.122360638870000149e-01
1.403715950934057951e+09 1.053622110899999909e+00 1.154084338299999901e+00 1.599810556100000003e+00 5.816880157999999579e-01 5.872864973000000433e-01 -3.871207449999999883e-01 4.084986550579999820e-01
1.403715950984058142e+09 1.020572805100000036e+00 1.158701185400000000e+00 1.607034220999999929e+00 5.742893999000000527e-01 5.968376875999999998e-01 -3.951520848999999780e-01 3.972798629809999871e-01
1.403715951034058094e+09 9.793628553000000014e-01 1.159621441499999905e+00 1.612917226099999990e+00 5.598212230000000345e-01 6.123078512999999834e-01 -4.065386617999999785e-01 3.826298603180000035e-01
1.403715951084058046e+09 9.318580787000000365e-01 1.157693240800000023e+00 1.618719306100000033e+00 5.426781184000000202e-01 6.291451949999999904e-01 -4.179737156000000176e-01 3.673891077729999899e-01
1.403715951134057999e+09 8.793199135999999472e-01 1.153544351100000087e+00 1.624493006100000025e+00 5.246594319999999811e-01 6.465384535000000543e-01 -4.275955770000000045e-01 3.519695030300000194e-01
1.403715951184058189e+09 8.233696366999999627e-01 1.147485447800000058e+00 1.629781291400000054e+00 5.035400169999999509e-01 6.658158875999999893e-01 -4.354872249999999778e-01 3.368791056730000011e-01
1.403715951234057903e+09 7.652689878999999751e-01 1.140556703799999960e+00 1.635036711399999954e+00 4.813713385000000233e-01 6.854493981000000513e-01 -4.427967427999999761e-01 3.199559370289999927e-01
1.403715951284058094e+09 7.075536884999999998e-01 1.133898357899999931e+00 1.640887187199999930e+00 4.617430820999999797e-01 7.028177662000000270e-01 -4.478678826999999973e-01 3.037348733199999873e-01
1.403715951334058046e+09 6.508906107999999913e-01 1.127734425499999915e+00 1.646788290799999999e+00 4.451902575000000195e-01 7.175655260000000091e-01 -4.518399956999999967e-01 2.876559903500000015e-01
1.403715951384057999e+09 5.970170095000000288e-01 1.122828657599999946e+00 1.653331820100000016e+00 4.306745854999999845e-01 7.309154920000000555e-01 -4.532281974999999852e-01 2.736167866149999961e-01
1.403715951434057951e+09 5.469640582000000473e-01 1.119931024100000005e+00 1.660099365800000060e+00 4.179610127999999758e-01 7.431267352999999520e-01 -4.530083446000000014e-01 2.604893216690000179e-01
1.403715951484058142e+09 5.018792908000000441e-01 1.119414261700000024e+00 1.667328777100000048e+00 4.059576371999999989e-01 7.545927623000000528e-01 -4.522244031000000053e-01 2.475504982379999885e-01
1.403715951534058094e+09 4.623305149999999974e-01 1.121848962899999913e+00 1.675188944200000085e+00 3.964179575999999816e-01 7.644450754999999598e-01 -4.508868872999999833e-01 2.348990086859999993e-01
1.403715951584058046e+09 4.290696996999999735e-01 1.127365684899999998e+00 1.683435079999999973e+00 3.879647582999999900e-01 7.738584195000000054e-01 -4.474005938000000238e-01 2.246312569939999948e-01
1.403715951634057999e+09 4.024140934000000058e-01 1.136644934100000004e+00 1.692535846900000029e+00 3.819541604000000201e-01 7.817541716000000473e-01 -4.438568569999999935e-01 2.143887239199999961e-01
1.403715951684058189e+09 3.836480887000000006e-01 1.149949080699999904e+00 1.702013166399999999e+00 3.770826406000000186e-01 7.893086122000000371e-01 -4.381401300000000165e-01 2.069633379980000132e-01
1.403715951734057903e+09 3.725826526000000083e-01 1.168063063800000023e+00 1.712544861600000079e+00 3.745312271999999831e-01 7.952107327999999864e-01 -4.334158553999999941e-01 1.987886984099999921e-01
1.403715951784058094e+09 3.693578318999999888e-01 1.190427171599999889e+00 1.723295460799999956e+00 3.733099037000000009e-01 8.006421345999999994e-01 -4.270011368000000140e-01 1.930852590400000124e-01
1.403715951834058046e+09 3.751910037000000253e-01 1.218476323900000047e+00 1.735245076500000039e+00 3.765979526000000077e-01 8.036469836999999838e-01 -4.205932265999999808e-01 1.882202045670000046e-01
1.403715951884057999e+09 3.902162268000000100e-01 1.252105811599999896e+00 1.749090158500000047e+00 3.879267257999999829e-01 8.029621072000000526e-01 -4.114601694999999726e-01 1.883221675129999884e-01
1.403715951934057951e+09 4.135416585000000200e-01 1.291257014599999975e+00 1.766231441800000024e+00 4.109741959000000056e-01 7.960262875000000404e-01 -4.003232828000000132e-01 1.928305709710000093e-01
1.403715951984058142e+09 4.430572868000000053e-01 1.334311790199999903e+00 1.784569060199999946e+00 4.384041938000000083e-01 7.863314946999999666e-01 -3.865517728000000264e-01 2.001556151720000065e-01
1.403715952034058094e+09 4.771933362999999928e-01 1.380308606999999910e+00 1.802957043399999959e+00 4.677615030000000229e-01 7.746209045999999931e-01 -3.716035501000000130e-01 2.075389890440000051e-01
1.403715952084058046e+09 5.140034340000000368e-01 1.427638123799999992e+00 1.821698925900000043e+00 4.994592954000000029e-01 7.599147715999999830e-01 -3.565536816000000053e-01 2.143348412059999930e-01
1.403715952134057999e+09 5.518212202000000177e-01 1.474906687500000091e+00 1.840162801800000025e+00 5.290102964999999768e-01 7.453199308000000300e-01 -3.404988852999999982e-01 2.206962076700000053e-01
1.403715952184058189e+09 5.888049223000000332e-01 1.520857997500000058e+00 1.857568973200000029e+00 5.530416446999999458e-01 7.334286142999999480e-01 -3.255084601000000077e-01 2.242134013369999901e-01
1.403715952234057903e+09 6.248635895999999912e-01 1.564488632800000056e+00 1.874122148799999943e+00 5.733514191999999898e-01 7.227293807000000347e-01 -3.132297338000000209e-01 2.254274301760000043e-01
1.403715952284058094e+09 6.598251866000000021e-01 1.604984457200000048e+00 1.889570208599999912e+00 5.893735436000000494e-01 7.142399005999999773e-01 -3.025713260999999821e-01 2.257228014419999929e-01
1.403715952334058046e+09 6.928720338999999617e-01 1.641693829600000099e+00 1.904317350499999950e+00 6.025449952000000442e-01 7.071844421999999852e-01 -2.931250558999999867e-01 2.256266720950000082e-01
1.403715952384057999e+09 7.235922957000000544e-01 1.674025340900000103e+00 1.918770716700000101e+00 6.137868150999999939e-01 7.009367532000000400e-01 -2.846160620000000030e-01 2.257146667949999908e-01
1.403715952434057951e+09 7.515557472999999655e-01 1.701426141800000069e+00 1.932975231099999913e+00 6.246742838000000075e-01 6.941722611999999737e-01 -2.771209138999999877e-01 2.260772212369999978e-01
1.403715952484058142e+09 7.760870648000000038e-01 1.723769206699999890e+00 1.946404823099999959e+00 6.324532392999999697e-01 6.903809770000000068e-01 -2.700588011000000233e-01 2.246002017179999921e-01
1.403715952534058094e+09 7.971580253000000171e-01 1.740427519999999895e+00 1.959729882400000012e+00 6.391045317000000336e-01 6.874545649000000092e-01 -2.619280782000000252e-01 2.243775851079999883e-01
1.403715952584058046e+09 8.144213292999999965e-01 1.751491127500000022e+00 1.973729359400000050e+00 6.464496545000000260e-01 6.840099043999999795e-01 -2.542349332000000128e-01 2.227058454730000137e-01
1.403715952634057999e+09 8.278524760000000038e-01 1.756305593200000015e+00 1.988446286699999899e+00 6.551815366000000029e-01 6.788653689000000435e-01 -2.473066576999999877e-01 2.207224096619999909e-01
1.403715952684058189e+09 8.372884649999999818e-01 1.754198618099999996e+00 2.003975811300000132e+00 6.653202471000000395e-01 6.714155915999999724e-01 -2.405041933000000021e-01 2.206984486280000046e-01
1.403715952734057903e+09 8.421466860999999859e-01 1.744416911699999906e+00 2.020046358900000172e+00 6.766350338000000075e-01 6.620702955999999695e-01 -2.334072936000000098e-01 2.221463257709999917e-01
1.403715952784058094e+09 8.420056591000000257e-01 1.726781609499999925e+00 2.036050778899999969e+00 6.868935162000000538e-01 6.531084863999999657e-01 -2.268951301999999892e-01 2.239312445589999867e-01
1.403715952834058046e+09 8.369210658000000302e-01 1.701090079200000105e+00 2.051837125900000114e+00 6.940355583999999745e-01 6.467560964999999884e-01 -2.222263942000000103e-01 2.250258319610000113e-01
1.403715952884057999e+09 8.262673645000000455e-01 1.666489144700000091e+00 2.064610626699999951e+00 6.905605149000000331e-01 6.515077083000000435e-01 -2.215998438000000015e-01 2.226148929740000004e-01
1.403715952934057951e+09 8.099186107000000412e-01 1.622997897100000086e+00 2.074454211399999970e+00 6.748784211999999672e-01 6.688267235000000532e-01 -2.250345128000000028e-01 2.157994406450000069e-01
1.403715952984058142e+09 7.889794841999999697e-01 1.572180702000000041e+00 2.081574292700000051e+00 6.513980496000000286e-01 6.929421583000000551e-01 -2.297650821999999982e-01 2.066875738960000097e-01
1.403715953034058094e+09 7.645416502999999864e-01 1.516172230500000051e+00 2.086342324999999942e+00 6.252197787000000062e-01 7.182764622999999737e-01 -2.342787755999999888e-01 1.956849697159999957e-01
1.403715953084058046e+09 7.374493250000000444e-01 1.455834047399999998e+00 2.087895770399999851e+00 5.967616944000000423e-01 7.436470509000000506e-01 -2.390030328999999953e-01 1.836902121289999967e-01
1.403715953134057999e+09 7.089830708000000037e-01 1.392747955399999960e+00 2.085314323600000019e+00 5.665369339000000393e-01 7.681383172000000314e-01 -2.430846801999999862e-01 1.729429570100000091e-01
1.403715953184058189e+09 6.804323972000000387e-01 1.328844633399999919e+00 2.080385713600000130e+00 5.381184910999999849e-01 7.892277637000000290e-01 -2.477576002000000110e-01 1.617535104900000020e-01
1.403715953234057903e+09 6.528984905000000394e-01 1.265347586899999932e+00 2.073685454400000072e+00 5.131721786999999813e-01 8.062602641999999653e-01 -2.511116151000000185e-01 1.534329105680000138e-01
1.403715953284058094e+09 6.272144602000000457e-01 1.204301049299999926e+00 2.065172714400000054e+00 4.931185451000000275e-01 8.192521227000000295e-01 -2.534942531000000110e-01 1.462898615100000077e-01
1.403715953334058046e+09 6.037534007000000535e-01 1.146855970799999902e+00 2.054573453100000169e+00 4.769166463999999772e-01 8.294581812000000332e-01 -2.549018269000000170e-01 1.399096018590000046e-01
1.403715953384057999e+09 5.823068821000000339e-01 1.092575673900000099e+00 2.041335436299999806e+00 4.607666934999999908e-01 8.397095731000000507e-01 -2.543716697999999776e-01 1.337046767660000079e-01
1.403715953434057951e+09 5.635537832000000469e-01 1.042955638400000051e+00 2.026282345299999843e+00 4.469552882999999754e-01 8.485446108999999959e-01 -2.536873418000000213e-01 1.258798877029999874e-01
1.403715953484058142e+09 5.486674591000000323e-01 9.994158277000000368e-01 2.010978136499999902e+00 4.353454637999999988e-01 8.565240499999999813e-01 -2.505876448000000090e-01 1.185188224920000061e-01
1.403715953534058094e+09 5.378657081000000062e-01 9.626209953000000041e-01 1.996650933700000019e+00 4.252786885000000017e-01 8.640311563000000472e-01 -2.454303489000000116e-01 1.111401901700000000e-01
1.403715953584058046e+09 5.315994398000000176e-01 9.329659003000000395e-01 1.983759283499999970e+00 4.162343421999999959e-01 8.712350588999999701e-01 -2.385299653000000075e-01 1.039321901440000001e-01
1.403715953634057999e+09 5.302527849999999487e-01 9.116120527000000084e-01 1.972841503099999949e+00 4.090585888000000114e-01 8.777273213999999824e-01 -2.298428584999999968e-01 9.714978428619999717e-02
1.403715953684058189e+09 5.338319928000000436e-01 8.992225623999999806e-01 1.963605319600000065e+00 4.031153442000000031e-01 8.835949054999999719e-01 -2.203041374999999968e-01 9.068709487289999815e-02
1.403715953734057903e+09 5.424414928999999885e-01 8.960999964000000428e-01 1.956090401700000037e+00 3.983619930999999781e-01 8.885057991999999460e-01 -2.112232961999999936e-01 8.514626503220000531e-02
1.403715953784058094e+09 5.566062768999999744e-01 9.031440213000000439e-01 1.950244374199999964e+00 3.955472925999999889e-01 8.922391344000000224e-01 -2.015229890999999940e-01 8.270520667740000054e-02
1.403715953834058046e+09 5.760469328999999750e-01 9.205295006000000502e-01 1.946843217999999931e+00 3.975296575999999749e-01 8.937138073000000515e-01 -1.902859513999999863e-01 8.388717850030000256e-02
1.403715953884057999e+09 6.004254034999999545e-01 9.480967326000000472e-01 1.945419879099999916e+00 4.039931373999999797e-01 8.931291915000000303e-01 -1.755990575999999970e-01 9.096572531860000477e-02
1.403715953934057951e+09 6.284729982000000215e-01 9.851711466000000472e-01 1.944109883000000094e+00 4.156944477000000249e-01 8.898118193999999814e-01 -1.571850568000000004e-01 1.035659703009999960e-01
1.403715953984058142e+09 6.589993383000000149e-01 1.030946245500000025e+00 1.942563812800000012e+00 4.348697254000000179e-01 8.818808210999999897e-01 -1.359744673999999931e-01 1.211836768069999987e-01
1.403715954034058094e+09 6.895259065000000076e-01 1.083698037300000028e+00 1.939703607300000021e+00 4.567517890000000191e-01 8.709007422000000220e-01 -1.146743202999999933e-01 1.405684911279999894e-01
1.403715954084058046e+09 7.179103023999999778e-01 1.142929146199999968e+00 1.935167644200000092e+00 4.812177018000000084e-01 8.571880948000000222e-01 -1.008806819999999993e-01 1.532357057959999880e-01
1.403715954134057999e+09 7.435054838000000332e-01 1.206883254400000105e+00 1.929277634299999988e+00 5.072812723999999829e-01 8.413132102000000501e-01 -8.990852739999999343e-02 1.636283893809999945e-01
1.403715954184058189e+09 7.654934903000000235e-01 1.274306517599999911e+00 1.923160997899999947e+00 5.341044475999999763e-01 8.238921706999999817e-01 -8.318494499999999625e-02 1.703361234959999970e-01
1.403715954234057903e+09 7.828611553000000001e-01 1.343633311100000061e+00 1.917469191399999939e+00 5.599785087999999966e-01 8.061560637000000362e-01 -8.085208239999999713e-02 1.732033816250000136e-01
1.403715954284058094e+09 7.955426013999999935e-01 1.413132851899999931e+00 1.911870657899999992e+00 5.831981130000000180e-01 7.895306909999999512e-01 -8.200828100000000231e-02 1.726148629229999898e-01
1.403715954334058046e+09 8.032965962000000459e-01 1.481208891399999894e+00 1.906509804499999960e+00 6.042709899000000551e-01 7.741746201000000438e-01 -8.702223779999999909e-02 1.671447229240000110e-01
1.403715954384057999e+09 8.063068788999999681e-01 1.546773930999999935e+00 1.901322634500000053e+00 6.238032326000000349e-01 7.597714731000000388e-01 -9.545832120000000143e-02 1.565392749139999928e-01
1.403715954434057951e+09 8.051504201000000416e-01 1.608220682300000037e+00 1.896356129900000020e+00 6.424377910999999886e-01 7.451140938000000435e-01 -1.030831747000000020e-01 1.464668250989999976e-01
1.403715954484058142e+09 8.005424498000000000e-01 1.664456092800000064e+00 1.891910435700000059e+00 6.601455199000000329e-01 7.301006544000000487e-01 -1.089004716000000067e-01 1.389302493979999997e-01
1.403715954534058094e+09 7.928234601000000437e-01 1.713865384800000058e+00 1.887898233600000086e+00 6.762012344000000175e-01 7.155224427999999914e-01 -1.117090196000000007e-01 1.352797818610000091e-01
1.403715954584058046e+09 7.822744962000000024e-01 1.755629259200000014e+00 1.884406608699999985e+00 6.908031260000000451e-01 7.016009389999999790e-01 -1.124386480999999965e-01 1.338084975190000081e-01
1.403715954634057999e+09 7.683145805000000106e-01 1.788590328499999993e+00 1.881005273199999994e+00 7.022786724999999786e-01 6.903295508000000247e-01 -1.128239998999999993e-01 1.323651105570000097e-01
1.403715954684058189e+09 7.508047074999999460e-01 1.812064951099999988e+00 1.877561004199999939e+00 7.112965824000000437e-01 6.813411752000000376e-01 -1.129122513000000022e-01 1.306988843349999874e-01
1.403715954734057903e+09 7.299793931000000402e-01 1.825040291100000100e+00 1.872628363600000068e+00 7.133714799999999467e-01 6.793239898999999804e-01 -1.128968924999999984e-01 1.299012701160000005e-01
1.403715954784058094e+09 7.060070316000000012e-01 1.828086977199999907e+00 1.867103000099999965e+00 7.103541037999999697e-01 6.826119655000000286e-01 -1.131074854999999935e-01 1.290141405649999906e-01
1.403715954834058046e+09 6.789101733000000305e-01 1.821448232200000072e+00 1.861183834700000039e+00 7.014808393000000475e-01 6.918272121999999857e-01 -1.145127962999999971e-01 1.272264124720000056e-01
1.403715954884057999e+09 6.492123106999999615e-01 1.805404421600000031e+00 1.855390168200000023e+00 6.896348195000000514e-01 7.035786176999999642e-01 -1.158087592999999943e-01 1.263695996829999890e-01
1.403715954934057951e+09 6.167799403999999486e-01 1.780954914600000105e+00 1.849539294099999953e+00 6.724028333999999552e-01 7.200817541999999793e-01 -1.184991484000000039e-01 1.237523686809999940e-01
1.403715954984058142e+09 5.819323934000000254e-01 1.749277546799999916e+00 1.843939399299999948e+00 6.514944870000000110e-01 7.388341811999999953e-01 -1.209959617000000015e-01 1.226334507499999976e-01
1.403715955034058094e+09 5.449078761000000215e-01 1.712320121699999920e+00 1.839497974799999991e+00 6.310963429999999486e-01 7.562184494000000479e-01 -1.241409318000000067e-01 1.201669322360000014e-01
1.403715955084058046e+09 5.064024920999999901e-01 1.671297647899999905e+00 1.835707305599999950e+00 6.104571758000000292e-01 7.727829723000000373e-01 -1.278139281000000016e-01 1.175249502730000006e-01
1.403715955134057999e+09 4.664188623000000145e-01 1.627473573899999915e+00 1.832243659600000019e+00 5.888522082999999574e-01 7.892896193999999754e-01 -1.336378139000000131e-01 1.114266945129999964e-01
1.403715955184058189e+09 4.257860284000000162e-01 1.582388862499999993e+00 1.828972184599999995e+00 5.666062789000000377e-01 8.052448819999999952e-01 -1.405235744999999981e-01 1.038803624889999971e-01
1.403715955234057903e+09 3.855527116999999948e-01 1.537279017899999989e+00 1.825662610800000030e+00 5.434878101000000239e-01 8.207562414000000306e-01 -1.473747331999999965e-01 9.623346889469999721e-02
1.403715955284058094e+09 3.467639626999999836e-01 1.493794361700000017e+00 1.823214795599999993e+00 5.228578966000000383e-01 8.337349598000000084e-01 -1.523646100000000114e-01 9.105307461230000010e-02
1.403715955334058046e+09 3.098619418999999930e-01 1.453105038799999971e+00 1.821536079799999985e+00 5.045105079999999687e-01 8.446582347000000102e-01 -1.558273910000000095e-01 8.797407623700000123e-02
1.403715955384057999e+09 2.747872276000000169e-01 1.416166093299999984e+00 1.820711629200000070e+00 4.887987529000000220e-01 8.534603631999999607e-01 -1.597292234000000088e-01 8.466264129410000505e-02
1.403715955434057951e+09 2.416443014999999916e-01 1.383655271999999936e+00 1.820442533600000079e+00 4.739576334999999752e-01 8.615449425000000216e-01 -1.628190448000000068e-01 8.120611027330000564e-02
1.403715955484058142e+09 2.107024547999999942e-01 1.356213962200000012e+00 1.821049358000000007e+00 4.604235039999999834e-01 8.686994914000000234e-01 -1.664373774000000028e-01 7.529933640670000150e-02
1.403715955534058094e+09 1.825222364000000097e-01 1.334879853199999911e+00 1.822684248300000087e+00 4.471801570999999753e-01 8.755130968000000014e-01 -1.706056333000000036e-01 6.633582969720000500e-02
1.403715955584058046e+09 1.579358033999999911e-01 1.320468824800000052e+00 1.825560725299999909e+00 4.354479022000000143e-01 8.815140257000000368e-01 -1.733016528000000112e-01 5.731216264649999920e-02
1.403715955634057999e+09 1.375536636999999951e-01 1.313731989999999961e+00 1.829395152800000091e+00 4.253657040000000111e-01 8.869722291999999619e-01 -1.728612734999999956e-01 4.963126633400000154e-02
1.403715955684058189e+09 1.222612017999999967e-01 1.315734468899999898e+00 1.834426044099999986e+00 4.186022877999999725e-01 8.912757915000000253e-01 -1.686939588999999962e-01 4.406740678519999871e-02
1.403715955734057903e+09 1.124110544000000017e-01 1.327566604000000039e+00 1.841403613800000061e+00 4.203017139999999929e-01 8.923785462000000113e-01 -1.584684228000000084e-01 4.352882380050000083e-02
1.403715955784058094e+09 1.071987350000000033e-01 1.349365659799999895e+00 1.851791797900000036e+00 4.345795726000000192e-01 8.876975809999999578e-01 -1.451264657000000124e-01 4.551822435289999691e-02
1.403715955834058046e+09 1.058483325999999974e-01 1.380290736799999918e+00 1.865797206899999949e+00 4.605244783999999925e-01 8.764973940000000407e-01 -1.323617509999999997e-01 4.636690709170000063e-02
1.403715955884057999e+09 1.069973896000000063e-01 1.416717280100000087e+00 1.880280050599999919e+00 4.894810083000000200e-01 8.627687434999999905e-01 -1.172636979000000051e-01 4.782951891929999866e-02
1.403715955934057951e+09 1.093381991999999997e-01 1.456333229600000001e+00 1.895218943900000008e+00 5.180716548999999560e-01 8.478607586999999945e-01 -1.028724600999999933e-01 4.638050509669999766e-02
1.403715955984058142e+09 1.125130119000000012e-01 1.498186754800000076e+00 1.910332681899999940e+00 5.472017590000000098e-01 8.312875213000000540e-01 -8.621303769999999478e-02 4.581052144600000070e-02
1.403715956034058094e+09 1.160713092000000002e-01 1.541028609799999893e+00 1.925606197700000077e+00 5.748642381999999884e-01 8.141790639000000551e-01 -6.682770609999999500e-02 4.666494591680000331e-02
1.403715956084058046e+09 1.192881779000000003e-01 1.583271521499999945e+00 1.940658739699999913e+00 5.980538234000000175e-01 7.987020865999999719e-01 -4.700250770000000133e-02 4.687606492549999809e-02
1.403715956134057999e+09 1.217822132999999973e-01 1.623671848499999903e+00 1.954606247100000083e+00 6.152362260000000527e-01 7.865520671000000297e-01 -2.790698250000000005e-02 4.518221175659999783e-02
1.403715956184058189e+09 1.231522882999999957e-01 1.661132720899999970e+00 1.967740574500000061e+00 6.294973444999999446e-01 7.758034208999999848e-01 -9.246752900000000316e-03 4.215024234900000000e-02
1.403715956234057903e+09 1.229038637999999989e-01 1.694414106900000050e+00 1.979936000599999968e+00 6.394620670999999756e-01 7.678840566000000312e-01 8.483484799999999743e-03 3.701852038350000179e-02
1.403715956284058094e+09 1.210502403999999949e-01 1.722885647700000078e+00 1.991672898300000050e+00 6.452609262999999817e-01 7.630011002000000042e-01 2.457026769999999874e-02 2.939319799070000058e-02
1.403715956334058046e+09 1.172844168999999936e-01 1.746198587300000105e+00 2.004496414000000115e+00 6.529807672999999868e-01 7.560925445999999717e-01 3.962780300000000311e-02 1.923067378739999958e-02
1.403715956384057999e+09 1.117475299000000033e-01 1.763685971299999933e+00 2.018264509699999820e+00 6.626722536000000385e-01 7.469434196999999998e-01 5.370739220000000230e-02 7.518516229139999771e-03
1.403715956434057951e+09 1.048708106000000029e-01 1.774818711200000010e+00 2.033325511000000141e+00 6.752221589000000357e-01 7.345721225000000354e-01 6.667706280000000596e-02 -5.744764635609999823e-03
1.403715956484058142e+09 9.704786129999999622e-02 1.778731746300000083e+00 2.048978215300000016e+00 6.885422374999999873e-01 7.206282356000000000e-01 7.893433079999999380e-02 -1.933661398210000104e-02
1.403715956534058094e+09 8.909649309999999323e-02 1.774862935500000072e+00 2.064307588000000138e+00 6.988724540999999846e-01 7.088128937000000018e-01 9.017414370000000068e-02 -3.209670511349999728e-02
1.403715956584058046e+09 8.162462119999999710e-02 1.762695002699999902e+00 2.079636995200000005e+00 7.062872171999999837e-01 6.995055095000000112e-01 9.970742429999999989e-02 -4.369025618010000112e-02
1.403715956634057999e+09 7.503455750000000146e-02 1.741422268900000070e+00 2.094676481700000092e+00 7.101425452999999832e-01 6.937608617999999616e-01 1.068044602000000065e-01 -5.464649369659999728e-02
1.403715956684058189e+09 6.958768819999999744e-02 1.710965935900000012e+00 2.107819703400000133e+00 7.074995500999999853e-01 6.948787776000000527e-01 1.131122969000000061e-01 -6.159122877949999714e-02
1.403715956734057903e+09 6.527816960000000501e-02 1.671084481699999902e+00 2.120060297999999843e+00 6.986634865999999944e-01 7.023984875000000017e-01 1.168472970000000027e-01 -6.965921708410000024e-02
1.403715956784058094e+09 6.251688739999999855e-02 1.623156775400000029e+00 2.131886846200000019e+00 6.863729846999999662e-01 7.133003386999999806e-01 1.198378362000000058e-01 -7.572084041899999896e-02
1.403715956834058046e+09 6.118572399999999689e-02 1.568004093000000099e+00 2.143078062599999889e+00 6.718300185000000146e-01 7.262166477000000508e-01 1.213001001999999967e-01 -8.087083882069999452e-02
1.403715956884057999e+09 6.102566100000000188e-02 1.507114487900000022e+00 2.153522372099999860e+00 6.545396955000000183e-01 7.412813778000000298e-01 1.226622525999999935e-01 -8.386702389990000062e-02
1.403715956934057951e+09 6.209105720000000078e-02 1.441574479600000069e+00 2.162970380099999979e+00 6.357657431000000026e-01 7.571387536000000473e-01 1.240483104999999947e-01 -8.458631381169999519e-02
1.403715956984058142e+09 6.406016909999999454e-02 1.372427450600000043e+00 2.170452722599999884e+00 6.141944723000000161e-01 7.746191123000000234e-01 1.253149651000000087e-01 -8.382446299989999849e-02
1.403715957034058094e+09 6.673660359999999958e-02 1.300915718399999976e+00 2.175134835100000164e+00 5.924992105999999925e-01 7.913903734999999662e-01 1.267226630000000132e-01 -8.116236176459999674e-02
1.403715957084058046e+09 6.944961619999999447e-02 1.228374111599999985e+00 2.177090606200000167e+00 5.723209476999999712e-01 8.063023524000000331e-01 1.273302209000000129e-01 -7.818097015250000115e-02
1.403715957134057999e+09 7.167364960000000007e-02 1.156229163899999968e+00 2.176367721800000155e+00 5.527360915000000263e-01 8.200971542999999642e-01 1.269814264000000137e-01 -7.615240027880000595e-02
1.403715957184058189e+09 7.309353670000000303e-02 1.085000176399999905e+00 2.172266273800000036e+00 5.331490764999999854e-01 8.332039374999999914e-01 1.262124354999999976e-01 -7.479092151129999866e-02
1.403715957234057903e+09 7.378428939999999436e-02 1.015716868199999956e+00 2.164874134200000189e+00 5.135168197999999684e-01 8.457284478000000050e-01 1.251223030999999986e-01 -7.340488875610000352e-02
1.403715957284058094e+09 7.322801909999999970e-02 9.498700772999999487e-01 2.154252435500000118e+00 4.931267165000000063e-01 8.580822116999999860e-01 1.231981677999999941e-01 -7.309699666129999829e-02
1.403715957334058046e+09 7.157627630000000518e-02 8.883078220000000247e-01 2.140549131799999838e+00 4.716387454000000035e-01 8.703803735999999791e-01 1.213669557999999954e-01 -7.256005122700000254e-02
1.403715957384057999e+09 6.875366850000000363e-02 8.319020882000000006e-01 2.124449745200000184e+00 4.511683657000000180e-01 8.814441147999999560e-01 1.205574194999999987e-01 -7.049316945349999586e-02
1.403715957434057951e+09 6.432885770000000558e-02 7.822999406999999739e-01 2.107071402499999913e+00 4.336858299999999944e-01 8.904172819000000239e-01 1.202364672999999967e-01 -6.794745651830000344e-02
1.403715957484058142e+09 5.796665819999999997e-02 7.406852389000000425e-01 2.088415594100000217e+00 4.169980750999999763e-01 8.985834123000000506e-01 1.198537028999999976e-01 -6.554041849260000552e-02
1.403715957534058094e+09 4.926447579999999882e-02 7.081243055000000508e-01 2.069028302200000002e+00 4.032950986000000126e-01 9.050216361999999792e-01 1.194416333999999968e-01 -6.342395105470000072e-02
1.403715957584058046e+09 3.840059009999999967e-02 6.853811246000000024e-01 2.048690765699999972e+00 3.917037127999999924e-01 9.101064841999999544e-01 1.210453073000000018e-01 -6.018656269059999980e-02
1.403715957634057999e+09 2.479214119999999938e-02 6.732373874000000535e-01 2.028160748299999927e+00 3.824977193999999914e-01 9.140546108999999531e-01 1.217561640999999945e-01 -5.809560702000000215e-02
1.403715957684058189e+09 8.488400599999999449e-03 6.723399862000000171e-01 2.007631530099999839e+00 3.792469562999999932e-01 9.152241299000000163e-01 1.246293403999999966e-01 -5.480935847249999993e-02
1.403715957734057903e+09 -1.127454689999999975e-02 6.837880705000000114e-01 1.988079420000000042e+00 3.850198590999999726e-01 9.125884283999999846e-01 1.269414969999999865e-01 -5.317823593660000320e-02
1.403715957784058094e+09 -3.485459469999999810e-02 7.074004332000000117e-01 1.970531658200000091e+00 3.998812359999999733e-01 9.060366463000000259e-01 1.274455741999999947e-01 -5.431591245459999745e-02
1.403715957834058046e+09 -6.231121729999999914e-02 7.433288703999999525e-01 1.956745060999999897e+00 4.263458140999999979e-01 8.936514923999999693e-01 1.276767906000000063e-01 -5.757511646030000207e-02
1.403715957884057999e+09 -9.308229949999999309e-02 7.883161011000000551e-01 1.945754849000000064e+00 4.576352229999999799e-01 8.776439552000000477e-01 1.277103230999999950e-01 -6.325475421670000153e-02
1.403715957934057951e+09 -1.260896194999999997e-01 8.388522667000000155e-01 1.936015669799999950e+00 4.894321117000000054e-01 8.595398465000000376e-01 1.299083248000000024e-01 -6.907450735400000319e-02
1.403715957984058142e+09 -1.608310940000000078e-01 8.927123654999999935e-01 1.927200203599999995e+00 5.203985676000000282e-01 8.401171672999999673e-01 1.330393622000000109e-01 -7.542548738519999629e-02
1.403715958034058094e+09 -1.968426527000000092e-01 9.478500138000000019e-01 1.918777559400000055e+00 5.494338766999999901e-01 8.200617201000000023e-01 1.365137084999999972e-01 -8.357749503410000225e-02
1.403715958084058046e+09 -2.333318580000000031e-01 1.002701929299999906e+00 1.909875975300000084e+00 5.773359020999999647e-01 7.989263828999999539e-01 1.421554646000000033e-01 -9.050809183060000429e-02
1.403715958134057999e+09 -2.700460673999999783e-01 1.055609130499999937e+00 1.900020956000000094e+00 6.002818900999999929e-01 7.798390040999999551e-01 1.465280696000000049e-01 -1.002113015760000003e-01
1.403715958184058189e+09 -3.063051077999999761e-01 1.105608241499999922e+00 1.889675817999999952e+00 6.212287413000000535e-01 7.609828168000000170e-01 1.510474028000000080e-01 -1.102936333879999953e-01
1.403715958234057903e+09 -3.411909644000000186e-01 1.151236609699999969e+00 1.878184442400000043e+00 6.385121465999999968e-01 7.440277046000000061e-01 1.568880531999999883e-01 -1.187903703320000032e-01
1.403715958284058094e+09 -3.742858861999999731e-01 1.191899243399999975e+00 1.865920695900000092e+00 6.516988163000000389e-01 7.297266226999999938e-01 1.635761223999999958e-01 -1.266118520710000084e-01
1.403715958334058046e+09 -4.052060471000000219e-01 1.226794159500000037e+00 1.853133598499999923e+00 6.629150128999999891e-01 7.165277179000000274e-01 1.699132134999999932e-01 -1.351340635480000052e-01
1.403715958384057999e+09 -4.337523468000000215e-01 1.255193595599999989e+00 1.840015254199999895e+00 6.730473746999999785e-01 7.039143312000000208e-01 1.763447968999999893e-01 -1.428788236090000052e-01
1.403715958434057951e+09 -4.597756055000000175e-01 1.275965005099999994e+00 1.828094802400000107e+00 6.837123763000000354e-01 6.899962923000000359e-01 1.806381789000000015e-01 -1.543125123480000027e-01
1.403715958484058142e+09 -4.818416621000000122e-01 1.288676645100000018e+00 1.816174791599999949e+00 6.932561298999999622e-01 6.766284545999999844e-01 1.855369803999999956e-01 -1.647601338390000114e-01
1.403715958534058094e+09 -4.996328104000000159e-01 1.292492997599999915e+00 1.803840793900000072e+00 6.982294046999999448e-01 6.673176614000000395e-01 1.902241754000000007e-01 -1.760045460480000046e-01
1.403715958584058046e+09 -5.128563583999999898e-01 1.287023647799999893e+00 1.790134634099999955e+00 6.968084649000000352e-01 6.642443018000000476e-01 1.962782278999999908e-01 -1.863124470530000132e-01
1.403715958634057999e+09 -5.208355435000000533e-01 1.272288791999999891e+00 1.776294052999999984e+00 6.917463878999999816e-01 6.646436758999999528e-01 2.024079182000000088e-01 -1.968927461570000037e-01
1.403715958684058189e+09 -5.234798742999999810e-01 1.248883498399999903e+00 1.762372494100000075e+00 6.821396640000000344e-01 6.690070929000000444e-01 2.086934377999999923e-01 -2.087152065260000078e-01
1.403715958734057903e+09 -5.205510558000000509e-01 1.217930771800000089e+00 1.748180740600000060e+00 6.687173658999999715e-01 6.767213469999999731e-01 2.164824854999999881e-01 -2.190904754959999978e-01
1.403715958784058094e+09 -5.121803915000000540e-01 1.179893729600000052e+00 1.733701003600000012e+00 6.502531387000000107e-01 6.883887136999999878e-01 2.252166357000000008e-01 -2.292799630869999938e-01
1.403715958834058046e+09 -4.987432336000000022e-01 1.135813999100000027e+00 1.719409414300000050e+00 6.278019368999999683e-01 7.023169986999999725e-01 2.331356163999999953e-01 -2.413780141380000022e-01
1.403715958884057999e+09 -4.803352452999999911e-01 1.087710803600000053e+00 1.704992248599999982e+00 6.024329681000000214e-01 7.176902746000000111e-01 2.412550716000000095e-01 -2.525691569890000099e-01
1.403715958934057951e+09 -4.571675695999999900e-01 1.037368522700000018e+00 1.691021405799999933e+00 5.778881589000000041e-01 7.314045525000000270e-01 2.494992178000000060e-01 -2.623791088319999965e-01
1.403715958984058142e+09 -4.298031467000000272e-01 9.862683700000000053e-01 1.676908699399999980e+00 5.539551007999999888e-01 7.438394153999999814e-01 2.587728020000000240e-01 -2.699505645099999906e-01
1.403715959034058094e+09 -3.986265801000000164e-01 9.357752002000000457e-01 1.661496228799999919e+00 5.295759280999999818e-01 7.562051342000000176e-01 2.725356644999999967e-01 -2.709749860560000112e-01
1.403715959084058046e+09 -3.643818184000000016e-01 8.871143111000000525e-01 1.646307357800000037e+00 5.086133984999999802e-01 7.654598347000000080e-01 2.873908190000000196e-01 -2.697965336500000033e-01
1.403715959134057999e+09 -3.283230880999999934e-01 8.416952605999999948e-01 1.631233960200000110e+00 4.929692407999999859e-01 7.708448779000000028e-01 3.047428504999999954e-01 -2.644074448120000143e-01
1.403715959184058189e+09 -2.913733432999999762e-01 7.996370754999999608e-01 1.616105151099999970e+00 4.805828504999999917e-01 7.734988492000000049e-01 3.246140847999999801e-01 -2.556664820460000098e-01
1.403715959234057903e+09 -2.547002131000000169e-01 7.609991732999999980e-01 1.601745299200000083e+00 4.698277960999999725e-01 7.746410950000000017e-01 3.440298192999999838e-01 -2.466505612780000023e-01
1.403715959284058094e+09 -2.190348434999999927e-01 7.250702583999999451e-01 1.587234252700000070e+00 4.574059796000000122e-01 7.762417265000000066e-01 3.623985345999999885e-01 -2.385285180489999934e-01
1.403715959334058046e+09 -1.853237228999999875e-01 6.921540650999999933e-01 1.572362598000000000e+00 4.406184164999999986e-01 7.801247626999999740e-01 3.801780998000000023e-01 -2.296200733690000051e-01
1.403715959384057999e+09 -1.550447474999999964e-01 6.631038709000000031e-01 1.557659010500000107e+00 4.218740262999999824e-01 7.854901119999999626e-01 3.951643194000000192e-01 -2.210718220460000105e-01
1.403715959434057951e+09 -1.297162474000000121e-01 6.385888950000000452e-01 1.543922294299999942e+00 4.053514892000000258e-01 7.900098912999999889e-01 4.072847218000000269e-01 -2.137608411170000000e-01
1.403715959484058142e+09 -1.098416687000000058e-01 6.185468612000000199e-01 1.530958368599999897e+00 3.900166594000000209e-01 7.944303907999999970e-01 4.170254518000000021e-01 -2.070196416569999864e-01
1.403715959534058094e+09 -9.748540760000000416e-02 6.037058145999999459e-01 1.519952190599999975e+00 3.774390872000000230e-01 7.974536330999999478e-01 4.250721957999999967e-01 -2.022895620740000067e-01
1.403715959584058046e+09 -9.407726859999999969e-02 5.949929765000000481e-01 1.512421159699999906e+00 3.701122593000000238e-01 7.968520095000000136e-01 4.346173730999999818e-01 -1.978674541650000118e-01
1.403715959634057999e+09 -1.006691450000000015e-01 5.924444889000000103e-01 1.510124288899999945e+00 3.670962168999999942e-01 7.942945632000000256e-01 4.419268946000000087e-01 -1.975781725640000097e-01
1.403715959684058189e+09 -1.181438041999999938e-01 5.961163273999999790e-01 1.513842484800000054e+00 3.719773442000000041e-01 7.876145594000000250e-01 4.480792127000000069e-01 -2.012987342479999886e-01
1.403715959734057903e+09 -1.464007636000000112e-01 6.053095984999999901e-01 1.523737032799999946e+00 3.850689625000000005e-01 7.774190924999999641e-01 4.493269456999999800e-01 -2.131824210870000014e-01
1.403715959784058094e+09 -1.833713643999999865e-01 6.190868175000000528e-01 1.538355962500000063e+00 4.057168131000000177e-01 7.627521345000000119e-01 4.477217611000000042e-01 -2.305390931569999968e-01
1.403715959834058046e+09 -2.266478368000000021e-01 6.357856199000000430e-01 1.554891706100000048e+00 4.286066573000000268e-01 7.460498066999999844e-01 4.440712387999999899e-01 -2.500135078679999734e-01
1.403715959884057999e+09 -2.736395524999999940e-01 6.542154499000000234e-01 1.571832537799999985e+00 4.541837691999999760e-01 7.264490559999999819e-01 4.394569567000000121e-01 -2.699378745020000192e-01
1.403715959934057951e+09 -3.226100096999999778e-01 6.735301872000000190e-01 1.588413162399999967e+00 4.799501467000000243e-01 7.059246833000000221e-01 4.330911097999999848e-01 -2.893964213649999895e-01
1.403715959984058142e+09 -3.719043732000000269e-01 6.927747284999999922e-01 1.603971490399999977e+00 5.048977298000000280e-01 6.850706855999999512e-01 4.250104854000000265e-01 -3.084193986039999724e-01
1.403715960034058094e+09 -4.194489165999999991e-01 7.112590949999999523e-01 1.617154277900000103e+00 5.267127703999999744e-01 6.657682326999999622e-01 4.174980805999999878e-01 -3.240704715209999920e-01
1.403715960084058046e+09 -4.641372286000000069e-01 7.280536949000000480e-01 1.629187107199999929e+00 5.451541295999999814e-01 6.483304029999999996e-01 4.095140104000000170e-01 -3.387815502759999875e-01
1.403715960134057999e+09 -5.048254090999999555e-01 7.428892377000000380e-01 1.639468630399999904e+00 5.594011306999999711e-01 6.342476825999999734e-01 4.035741152000000276e-01 -3.491821668760000108e-01
1.403715960184058189e+09 -5.403550821999999476e-01 7.551992188999999689e-01 1.649473932999999892e+00 5.723826403999999757e-01 6.213396617999999982e-01 3.982685801999999997e-01 -3.573475559250000044e-01
1.403715960234057903e+09 -5.693257927000000551e-01 7.642353713999999743e-01 1.659211576899999985e+00 5.838694707999999567e-01 6.098270033999999562e-01 3.937031906999999831e-01 -3.636004189259999797e-01
1.403715960284058094e+09 -5.911086285000000107e-01 7.697684007999999745e-01 1.668770087900000032e+00 5.923865790000000242e-01 6.011304774000000295e-01 3.899398163000000195e-01 -3.683303269980000016e-01
1.403715960334058046e+09 -6.054089582999999664e-01 7.716143175999999881e-01 1.678635432399999905e+00 6.011105144999999705e-01 5.926297283000000471e-01 3.860056151999999852e-01 -3.720965191569999830e-01
1.403715960384057999e+09 -6.119071331000000002e-01 7.695307279999999972e-01 1.688704070600000051e+00 6.088105117000000011e-01 5.845523995000000417e-01 3.815532805999999888e-01 -3.769155704280000019e-01
1.403715960434057951e+09 -6.096583131999999683e-01 7.630127443999999981e-01 1.698961340699999933e+00 6.148775917000000035e-01 5.782650244000000495e-01 3.778847932000000132e-01 -3.804447290699999873e-01
1.403715960484058142e+09 -5.981347705999999764e-01 7.517028024999999891e-01 1.708352622600000092e+00 6.160899675000000020e-01 5.772316923000000433e-01 3.771437737000000179e-01 -3.807877353610000237e-01
1.403715960534058094e+09 -5.775042421999999620e-01 7.356565534000000239e-01 1.716928219299999947e+00 6.119987400999999938e-01 5.821425475999999488e-01 3.802336028000000145e-01 -3.768156097199999999e-01
1.403715960584058046e+09 -5.481853817999999823e-01 7.152260822999999546e-01 1.724071716200000104e+00 6.008284202000000462e-01 5.945823819000000121e-01 3.882561117000000173e-01 -3.670615648619999782e-01
1.403715960634057999e+09 -5.108456434000000490e-01 6.903475841999999751e-01 1.729675291299999973e+00 5.833229517000000364e-01 6.124322091999999662e-01 3.993519365000000043e-01 -3.538066618569999933e-01
1.403715960684058189e+09 -4.673490304999999845e-01 6.622192406000000364e-01 1.735811467900000071e+00 5.645532784000000248e-01 6.304752694999999907e-01 4.095764574999999907e-01 -3.406283250350000125e-01
1.403715960734057903e+09 -4.195445450999999992e-01 6.314718602000000125e-01 1.741951443200000060e+00 5.468544856999999482e-01 6.465632953000000072e-01 4.204041524000000085e-01 -3.258318972559999804e-01
1.403715960784058094e+09 -3.682734684000000258e-01 5.983310881000000192e-01 1.747917838700000059e+00 5.263282231999999450e-01 6.642542969000000408e-01 4.309409128000000200e-01 -3.098947566119999997e-01
1.403715960834058046e+09 -3.151511778000000152e-01 5.633257631000000432e-01 1.752814118000000088e+00 5.001922588999999642e-01 6.849591955999999593e-01 4.430421774000000146e-01 -2.904345598179999821e-01
1.403715960884057999e+09 -2.621515365000000042e-01 5.271642748999999517e-01 1.758527953300000002e+00 4.758977008999999980e-01 7.026536343999999490e-01 4.542271407999999844e-01 -2.710663258539999787e-01
1.403715960934057951e+09 -2.112476530000000075e-01 4.904389384000000240e-01 1.764959311599999969e+00 4.513149164999999963e-01 7.194537721999999524e-01 4.629394799000000060e-01 -2.537482095749999944e-01
1.403715960984058142e+09 -1.647090512999999923e-01 4.545444042999999823e-01 1.772534519299999944e+00 4.325838397999999807e-01 7.315623712000000056e-01 4.696571117000000184e-01 -2.389768106479999987e-01
1.403715961034058094e+09 -1.231916422000000066e-01 4.196504379000000062e-01 1.780138465100000067e+00 4.148842535999999748e-01 7.424431725000000259e-01 4.751897572000000070e-01 -2.254858895569999966e-01
1.403715961084058046e+09 -8.826593820000000479e-02 3.864438526000000262e-01 1.788056822199999951e+00 3.986984791000000028e-01 7.518650802999999883e-01 4.798425127000000012e-01 -2.132828796510000124e-01
1.403715961134057999e+09 -6.101402370000000297e-02 3.551747435000000008e-01 1.796805081600000076e+00 3.822552061999999751e-01 7.613499794000000431e-01 4.828921621000000219e-01 -2.025890570359999976e-01
1.403715961184058189e+09 -4.330119429999999825e-02 3.267806905999999789e-01 1.806980401299999928e+00 3.666093001999999879e-01 7.703756003999999713e-01 4.841908576999999769e-01 -1.941089093839999946e-01
1.403715961234057903e+09 -3.602675999999999795e-02 3.020673738999999913e-01 1.819015281500000025e+00 3.548527737000000126e-01 7.778438629999999687e-01 4.823966867999999741e-01 -1.906092084980000045e-01
1.403715961284058094e+09 -3.997260150000000317e-02 2.816310811000000136e-01 1.833466812199999962e+00 3.488131942000000096e-01 7.829484762999999736e-01 4.774009131999999989e-01 -1.934151160079999876e-01
1.403715961334058046e+09 -5.544223930000000133e-02 2.659654329999999733e-01 1.851094979900000048e+00 3.512211238999999874e-01 7.834979409000000228e-01 4.705278402999999998e-01 -2.034164453960000118e-01
1.403715961384057999e+09 -8.146778159999999713e-02 2.551319749000000026e-01 1.871314603000000076e+00 3.600049473999999972e-01 7.798976973000000257e-01 4.631624091000000054e-01 -2.182581096469999871e-01
1.403715961434057951e+09 -1.162945804000000000e-01 2.489201097000000029e-01 1.893595241499999915e+00 3.730486926000000092e-01 7.726115110000000286e-01 4.565067070000000116e-01 -2.356008329400000045e-01
1.403715961484058142e+09 -1.580746027999999914e-01 2.467202853999999890e-01 1.917290280900000088e+00 3.881744415000000226e-01 7.617601601000000278e-01 4.523822188000000133e-01 -2.537565558589999770e-01
1.403715961534058094e+09 -2.051171296000000033e-01 2.482043565000000007e-01 1.942334488199999987e+00 4.047321287999999795e-01 7.481878965999999576e-01 4.496095012999999918e-01 -2.725033422690000262e-01
1.403715961584058046e+09 -2.556628020999999751e-01 2.529721321999999772e-01 1.967760147799999970e+00 4.227317836000000217e-01 7.315459976999999503e-01 4.492191173000000259e-01 -2.904143196460000076e-01
1.403715961634057999e+09 -3.085725831999999724e-01 2.598001205000000091e-01 1.993370137799999942e+00 4.403542174999999781e-01 7.131034080000000497e-01 4.502015374000000181e-01 -3.080426404950000197e-01
1.403715961684058189e+09 -3.626936661999999867e-01 2.679198255999999945e-01 2.018596300500000051e+00 4.576098384999999769e-01 6.934203030000000156e-01 4.511970625999999762e-01 -3.258569161250000068e-01
1.403715961734057903e+09 -4.166814551999999949e-01 2.767436801000000002e-01 2.042002218699999982e+00 4.753901522999999796e-01 6.721877856000000317e-01 4.532315821999999828e-01 -3.416854063190000179e-01
1.403715961784058094e+09 -4.688767044000000106e-01 2.856625561000000202e-01 2.062618832400000102e+00 4.934154145999999908e-01 6.502273051000000414e-01 4.553870382999999911e-01 -3.554832284100000184e-01
1.403715961834058046e+09 -5.187858042999999864e-01 2.942561288000000164e-01 2.080045205699999844e+00 5.082526620999999745e-01 6.301306165000000181e-01 4.562281999999999726e-01 -3.694190942310000003e-01
1.403715961884057999e+09 -5.654304074999999541e-01 3.020239129999999772e-01 2.093203457200000006e+00 5.210159010999999563e-01 6.119528280999999570e-01 4.573289348999999837e-01 -3.806657486819999825e-01
1.403715961934057951e+09 -6.080019387999999747e-01 3.088371422999999782e-01 2.102691555499999865e+00 5.317034218999999728e-01 5.959022932999999966e-01 4.580673492999999818e-01 -3.903411731149999953e-01
1.403715961984058142e+09 -6.457126845999999754e-01 3.137933316000000028e-01 2.111048698999999917e+00 5.433606488000000123e-01 5.783601905999999904e-01 4.548041006999999913e-01 -4.042424090319999830e-01
1.403715962034058094e+09 -6.773427859999999745e-01 3.165288735999999825e-01 2.117628209299999842e+00 5.545390292999999859e-01 5.598732294999999581e-01 4.494623226000000193e-01 -4.207280029470000238e-01
1.403715962084058046e+09 -7.009098173000000154e-01 3.167758222000000012e-01 2.122254653100000166e+00 5.632602355000000394e-01 5.422914404999999993e-01 4.433487472000000040e-01 -4.382918992839999750e-01
1.403715962134057999e+09 -7.153072340999999668e-01 3.147147157999999889e-01 2.123851162299999817e+00 5.683968758999999871e-01 5.277889744999999522e-01 4.400302769000000169e-01 -4.524788892889999858e-01
1.403715962184058189e+09 -7.201577305999999901e-01 3.103870447000000032e-01 2.122356674200000182e+00 5.694747929000000264e-01 5.166817656000000092e-01 4.395057695999999847e-01 -4.642984943080000204e-01
1.403715962234057903e+09 -7.146753768000000395e-01 3.039118234000000029e-01 2.118004628700000058e+00 5.656189832000000361e-01 5.101919142999999934e-01 4.419170585000000151e-01 -4.738023742349999901e-01
1.403715962284058094e+09 -6.985610731000000406e-01 2.954353861999999831e-01 2.111051234800000120e+00 5.568684582999999799e-01 5.082104042999999738e-01 4.476337617999999741e-01 -4.808780722589999779e-01
1.403715962334058046e+09 -6.724569907999999874e-01 2.854951023000000254e-01 2.102073938000000197e+00 5.434091265999999587e-01 5.105902248000000476e-01 4.545294477999999860e-01 -4.872444196890000079e-01
1.403715962384057999e+09 -6.360165639000000537e-01 2.750044714000000057e-01 2.091861400099999990e+00 5.286359320000000306e-01 5.154419579000000251e-01 4.617647333000000076e-01 -4.915658354569999999e-01
1.403715962434057951e+09 -5.895531638000000019e-01 2.641335289999999780e-01 2.079967468700000044e+00 5.101352859000000128e-01 5.232086711000000223e-01 4.698781938000000102e-01 -4.952061788029999967e-01
1.403715962484058142e+09 -5.347483368000000015e-01 2.536395397999999801e-01 2.066227461200000004e+00 4.888055108000000093e-01 5.325630360999999979e-01 4.787685750999999823e-01 -4.982232799019999936e-01
1.403715962534058094e+09 -4.724977584999999758e-01 2.443775602999999907e-01 2.049692897499999944e+00 4.638168615000000106e-01 5.446034949000000402e-01 4.895630403999999825e-01 -4.986070415070000261e-01
1.403715962584058046e+09 -4.041172154000000072e-01 2.370486374000000118e-01 2.030392714800000054e+00 4.347791663000000195e-01 5.589429671000000210e-01 5.023703394999999849e-01 -4.961591257829999768e-01
1.403715962634057999e+09 -3.314417053000000002e-01 2.330179954000000109e-01 2.008864174100000177e+00 4.084443823000000195e-01 5.707658155999999483e-01 5.145786415999999974e-01 -4.925529331169999914e-01
1.403715962684058189e+09 -2.559108635999999826e-01 2.324891829000000076e-01 1.985490719099999968e+00 3.842863937000000063e-01 5.805136329000000206e-01 5.250904030999999916e-01 -4.894976591210000172e-01
1.403715962734057903e+09 -1.784954045000000100e-01 2.361593304000000060e-01 1.959235084099999913e+00 3.628693617000000038e-01 5.880644005999999813e-01 5.355175377999999986e-01 -4.855173053269999928e-01
1.403715962784058094e+09 -9.980970100000000067e-02 2.442214685000000107e-01 1.929947526000000080e+00 3.431380408999999965e-01 5.941158961000000405e-01 5.478773898000000031e-01 -4.786574480599999903e-01
1.403715962834058046e+09 -2.114246250000000049e-02 2.570072860000000015e-01 1.897829089100000033e+00 3.283924112000000117e-01 5.969451852999999586e-01 5.620197568999999449e-01 -4.689868473050000097e-01
1.403715962884057999e+09 5.642155459999999984e-02 2.741910665999999774e-01 1.863618419600000076e+00 3.170406760000000213e-01 5.971235718999999831e-01 5.769996627000000267e-01 -4.582576118019999756e-01
1.403715962934057951e+09 1.328343482000000075e-01 2.955354032999999991e-01 1.825982194600000108e+00 3.085254399999999841e-01 5.945883827000000288e-01 5.965158031999999722e-01 -4.420923031880000242e-01
1.403715962984058142e+09 2.068580299999999983e-01 3.205963989999999764e-01 1.784261144700000079e+00 3.047791336999999823e-01 5.880239708000000176e-01 6.195034269000000426e-01 -4.213703756180000037e-01
1.403715963034058094e+09 2.771346901000000251e-01 3.473510282000000227e-01 1.739184365100000074e+00 2.979840427000000069e-01 5.823194109999999535e-01 6.417764617000000227e-01 -4.002906282220000111e-01
1.403715963084058046e+09 3.422140167000000122e-01 3.747160587000000209e-01 1.690674360600000092e+00 2.895657499000000024e-01 5.766553478999999482e-01 6.623042834000000267e-01 -3.807536244270000036e-01
1.403715963134057999e+09 4.020692028000000251e-01 4.018570877000000041e-01 1.639866317799999917e+00 2.784987943000000188e-01 5.718984047999999820e-01 6.808164119999999819e-01 -3.631248398229999785e-01
1.403715963184058189e+09 4.557784648000000050e-01 4.284279005000000140e-01 1.586864099000000028e+00 2.665063638999999873e-01 5.674314856000000074e-01 6.967465317000000047e-01 -3.486260716149999772e-01
1.403715963234057903e+09 5.020661032000000024e-01 4.535686459000000115e-01 1.531722522599999969e+00 2.550502700000000234e-01 5.619616793999999693e-01 7.110703781999999640e-01 -3.369381959759999989e-01
1.403715963284058094e+09 5.404439947000000410e-01 4.765057362999999824e-01 1.474159613799999935e+00 2.424739204999999953e-01 5.573006024000000114e-01 7.235203466999999833e-01 -3.273236080479999810e-01
1.403715963334058046e+09 5.689193714000000401e-01 4.967614181000000184e-01 1.415628255699999949e+00 2.344025661999999954e-01 5.494851710999999472e-01 7.337596377999999753e-01 -3.236020357080000021e-01
1.403715963384057999e+09 5.847409353000000420e-01 5.129001232000000021e-01 1.359606903500000019e+00 2.339121798999999891e-01 5.385421825999999745e-01 7.377124603000000391e-01 -3.332232519489999878e-01
1.403715963434057951e+09 5.882968144000000343e-01 5.249117266999999698e-01 1.306792803600000052e+00 2.451965557999999934e-01 5.207719650000000033e-01 7.362818253999999785e-01 -3.557587427530000124e-01
1.403715963484058142e+09 5.831041773999999789e-01 5.331338748999999710e-01 1.256368153599999982e+00 2.593893963000000191e-01 5.009026310999999954e-01 7.305151088000000348e-01 -3.849173561249999986e-01
1.403715963534058094e+09 5.716577278000000151e-01 5.383664720999999931e-01 1.208314529599999965e+00 2.759700996000000184e-01 4.785176420999999736e-01 7.213197040000000060e-01 -4.178028899640000016e-01
1.403715963584058046e+09 5.563683203000000521e-01 5.409372048999999683e-01 1.161827785400000090e+00 2.887526152000000068e-01 4.579955604000000013e-01 7.114251526999999520e-01 -4.480359874870000203e-01
1.403715963634057999e+09 5.396294473999999619e-01 5.422649913000000543e-01 1.117388136900000051e+00 2.992297446000000138e-01 4.382418104999999953e-01 7.031583000000000139e-01 -4.732589994379999832e-01
1.403715963684058189e+09 5.231052318000000145e-01 5.428227518999999557e-01 1.076105240500000004e+00 3.071924777999999745e-01 4.206125775999999816e-01 6.964957538999999587e-01 -4.935701632639999947e-01
1.403715963734057903e+09 5.080855343000000302e-01 5.430887353000000140e-01 1.038071262399999917e+00 3.115313659999999762e-01 4.061891733999999921e-01 6.920751247999999967e-01 -5.089111760310000010e-01
1.403715963784058094e+09 4.956009290000000234e-01 5.433597842999999816e-01 1.003221669600000032e+00 3.110297206000000036e-01 3.966788678000000012e-01 6.897419489999999653e-01 -5.197715194630000424e-01
1.403715963834058046e+09 4.855446825999999994e-01 5.438659444000000232e-01 9.720637677000000254e-01 3.091747539999999961e-01 3.891447403000000138e-01 6.885454529000000212e-01 -5.280932700749999542e-01
1.403715963884057999e+09 4.784451027000000134e-01 5.449034864999999783e-01 9.443276616000000345e-01 3.061604675999999858e-01 3.843329656000000205e-01 6.894506072999999624e-01 -5.321764741660000020e-01
1.403715963934057951e+09 4.744650738999999784e-01 5.468517321000000431e-01 9.191323456000000114e-01 3.009220201000000205e-01 3.823862416000000097e-01 6.929885071000000396e-01 -5.319714550820000554e-01
1.403715963984058142e+09 4.727201207999999766e-01 5.494016616000000353e-01 8.977480325000000150e-01 2.931045066999999893e-01 3.831337750000000097e-01 6.971068897000000097e-01 -5.304151610039999909e-01
1.403715964034058094e+09 4.730436021000000157e-01 5.532754078999999603e-01 8.785951499999999914e-01 2.886596599999999846e-01 3.822110557999999769e-01 7.043346703999999736e-01 -5.239303212920000119e-01
1.403715964084058046e+09 4.745343362000000176e-01 5.574640964999999504e-01 8.620819696000000532e-01 2.820984802000000013e-01 3.832211788000000063e-01 7.170324197999999871e-01 -5.093392626649999588e-01
1.403715964134057999e+09 4.765546667000000181e-01 5.616704593000000356e-01 8.499843568999999599e-01 2.810750935999999922e-01 3.802638193999999805e-01 7.325508327999999958e-01 -4.896585511109999844e-01
1.403715964184058189e+09 4.792006010000000038e-01 5.638328479999999976e-01 8.456598870000000545e-01 2.761707950000000245e-01 3.803633123999999865e-01 7.438680215999999845e-01 -4.750934739959999931e-01
1.403715964234057903e+09 4.810374572000000182e-01 5.629989834999999943e-01 8.496249283000000263e-01 2.736329472999999846e-01 3.799665535000000260e-01 7.494058033999999591e-01 -4.681253786419999896e-01
1.403715964284058094e+09 4.814653179999999755e-01 5.583158173000000168e-01 8.626287408999999684e-01 2.693936372999999884e-01 3.823644715000000249e-01 7.466391681999999808e-01 -4.730268825880000194e-01
1.403715964334058046e+09 4.800867655000000123e-01 5.511962158000000001e-01 8.796922193999999751e-01 2.676547689000000063e-01 3.830171767000000171e-01 7.430194435000000430e-01 -4.791459835960000246e-01
1.403715964384057999e+09 4.777010781000000095e-01 5.422250165999999982e-01 8.977350014999999628e-01 2.665723229999999999e-01 3.835997620000000108e-01 7.376627579000000212e-01 -4.874875124420000039e-01
1.403715964434057951e+09 4.749417555000000069e-01 5.320937379000000300e-01 9.142349372000000418e-01 2.651568910000000057e-01 3.845933190999999973e-01 7.346723111999999833e-01 -4.919719475070000181e-01
1.403715964484058142e+09 4.717167418000000056e-01 5.207822007000000308e-01 9.293931094999999809e-01 2.653207337999999860e-01 3.839552594000000263e-01 7.331128456000000071e-01 -4.947007404800000119e-01
1.403715964534058094e+09 4.678995836000000019e-01 5.082867879000000366e-01 9.436634521000000220e-01 2.676622337999999823e-01 3.818648418000000211e-01 7.323656204999999808e-01 -4.961620391379999995e-01
1.403715964584058046e+09 4.640159669999999736e-01 4.946679708999999758e-01 9.574185855000000300e-01 2.675470812999999892e-01 3.819363096000000235e-01 7.326974778999999494e-01 -4.956789490919999985e-01
1.403715964634057999e+09 4.599353837999999861e-01 4.796361910999999978e-01 9.734602138000000293e-01 2.655928280000000030e-01 3.832591387000000016e-01 7.303718371999999848e-01 -4.991291033410000244e-01
1.403715964684058189e+09 4.554281136000000174e-01 4.638326366000000145e-01 9.918020902999999944e-01 2.616930417000000175e-01 3.861490450999999768e-01 7.266243008999999642e-01 -5.044034023000000255e-01
1.403715964734057903e+09 4.505012300999999830e-01 4.479745168000000000e-01 1.012510596800000107e+00 2.580055158999999820e-01 3.888429513000000171e-01 7.225092394000000029e-01 -5.101124502460000487e-01
1.403715964784058094e+09 4.454332313000000099e-01 4.321413264000000254e-01 1.037551439300000045e+00 2.527420290999999875e-01 3.921965993000000039e-01 7.164467651000000492e-01 -5.186591626300000035e-01
1.403715964834058046e+09 4.393501029999999918e-01 4.165001937999999737e-01 1.066249843400000064e+00 2.474192927999999958e-01 3.948820654999999902e-01 7.100480692999999732e-01 -5.279049035699999726e-01
1.403715964884057999e+09 4.325642959000000065e-01 4.023402816000000159e-01 1.095935368399999943e+00 2.457054936999999994e-01 3.945341184999999751e-01 7.039220904999999862e-01 -5.370896854219999739e-01
1.403715964934057951e+09 4.253573777999999916e-01 3.899790624999999733e-01 1.123189546200000111e+00 2.472969305999999923e-01 3.915914811000000273e-01 6.993778801000000156e-01 -5.443995966429999722e-01
1.403715964984058142e+09 4.179960059999999755e-01 3.794373835000000028e-01 1.148137416299999991e+00 2.489132866000000055e-01 3.880996163000000054e-01 6.946157293000000399e-01 -5.522045383539999630e-01
1.403715965034058094e+09 4.107542362000000113e-01 3.712909456999999858e-01 1.169740796799999982e+00 2.537270247000000256e-01 3.820054867000000076e-01 6.899569625000000483e-01 -5.600480291310000469e-01
1.403715965084058046e+09 4.044467774000000126e-01 3.651959298999999937e-01 1.187440555300000034e+00 2.591212762999999808e-01 3.752880981999999754e-01 6.847287134999999747e-01 -5.684730393210000177e-01
1.403715965134057999e+09 3.998301565999999863e-01 3.616377735999999898e-01 1.201407784099999931e+00 2.639885429000000117e-01 3.694483640999999818e-01 6.795369524000000050e-01 -5.762356165580000411e-01
1.403715965184058189e+09 3.973640038999999846e-01 3.611705935999999784e-01 1.209422377499999923e+00 2.658866778000000264e-01 3.662343094000000132e-01 6.848069117999999733e-01 -5.711533933019999898e-01
1.403715965234057903e+09 3.972218544000000184e-01 3.638610365000000124e-01 1.214054316599999961e+00 2.638775888000000069e-01 3.662558499999999939e-01 6.980686297000000540e-01 -5.558106320610000095e-01
1.403715965284058094e+09 3.990049063000000173e-01 3.695426827000000136e-01 1.216620558700000077e+00 2.604296327000000244e-01 3.678589757999999876e-01 7.155887641999999493e-01 -5.336561635200000042e-01
1.403715965334058046e+09 4.019519395999999745e-01 3.763604430999999972e-01 1.218720396900000003e+00 2.522427740000000029e-01 3.733076276999999776e-01 7.349208319000000156e-01 -5.068593186199999989e-01
1.403715965384057999e+09 4.046216208000000258e-01 3.829993344000000022e-01 1.221554378700000054e+00 2.419344794999999937e-01 3.801696864999999925e-01 7.526694256999999499e-01 -4.800285957000000048e-01
1.403715965434057951e+09 4.054857807999999730e-01 3.884347579999999911e-01 1.226374738499999895e+00 2.324259868999999923e-01 3.871997407000000169e-01 7.670040897000000024e-01 -4.558061515619999948e-01
1.403715965484058142e+09 4.030192561000000007e-01 3.912689972999999766e-01 1.232874280799999944e+00 2.250450099999999898e-01 3.929530457000000032e-01 7.784582232000000213e-01 -4.346785503139999896e-01
1.403715965534058094e+09 3.963996893000000243e-01 3.904668669999999953e-01 1.241174570599999916e+00 2.203694771999999968e-01 3.969976791000000005e-01 7.866150908000000275e-01 -4.184098889910000119e-01
1.403715965584058046e+09 3.843062540000000138e-01 3.849736972000000201e-01 1.251462357899999933e+00 2.179749350000000085e-01 3.996958774000000103e-01 7.910793634999999657e-01 -4.085628151840000055e-01
1.403715965634057999e+09 3.662494859000000047e-01 3.744031369999999970e-01 1.265060363899999984e+00 2.205871272999999910e-01 3.993716849999999763e-01 7.901039769000000046e-01 -4.093644856429999868e-01
1.403715965684058189e+09 3.418220237999999855e-01 3.583942948000000128e-01 1.282337838099999905e+00 2.297715478000000033e-01 3.951743785999999869e-01 7.823498572000000539e-01 -4.230495801720000060e-01
1.403715965734057903e+09 3.123111201000000059e-01 3.376146043000000097e-01 1.302436780200000088e+00 2.427142710000000092e-01 3.881033990000000156e-01 7.690235993999999797e-01 -4.461706376840000043e-01
1.403715965784058094e+09 2.801792066000000081e-01 3.134943049999999731e-01 1.323639332199999963e+00 2.558536633999999865e-01 3.801561693000000131e-01 7.524722423999999910e-01 -4.730810864680000116e-01
1.403715965834058046e+09 2.475993184999999985e-01 2.881743388999999933e-01 1.344992687700000022e+00 2.685884987000000113e-01 3.717664346999999814e-01 7.333121734999999974e-01 -5.018995842700000320e-01
1.403715965884057999e+09 2.157917638999999888e-01 2.626655797999999931e-01 1.365516758899999905e+00 2.798917874999999889e-01 3.633677317999999823e-01 7.146293380999999556e-01 -5.281376599779999959e-01
1.403715965934057951e+09 1.862825583000000118e-01 2.382266241999999867e-01 1.384630742899999989e+00 2.895084030999999780e-01 3.554402126999999800e-01 6.977780201000000071e-01 -5.504116408550000505e-01
1.403715965984058142e+09 1.596187913000000069e-01 2.157012692999999981e-01 1.401767361999999961e+00 2.988539874999999735e-01 3.473345225000000203e-01 6.839371384000000331e-01 -5.676927112109999563e-01
1.403715966034058094e+09 1.368474856999999933e-01 1.950703735000000050e-01 1.417230549299999920e+00 3.041682495999999958e-01 3.414256473000000236e-01 6.736929106000000278e-01 -5.805584084229999942e-01
1.403715966084058046e+09 1.187712815000000061e-01 1.771020674000000072e-01 1.433371162200000049e+00 3.110789788000000167e-01 3.337213249000000048e-01 6.610846530999999748e-01 -5.956735915090000111e-01
1.403715966134057999e+09 1.068499207000000034e-01 1.625915464999999893e-01 1.450688228800000035e+00 3.166152614000000143e-01 3.264611429000000009e-01 6.470801986999999977e-01 -6.119355479479999804e-01
1.403715966184058189e+09 1.016369104000000023e-01 1.526925644999999887e-01 1.467053822300000032e+00 3.197554256999999844e-01 3.214769898000000015e-01 6.389149653000000262e-01 -6.214472462640000527e-01
1.403715966234057903e+09 1.035142175000000053e-01 1.479239213999999913e-01 1.482238002999999971e+00 3.198530381999999950e-01 3.203622704999999904e-01 6.389754767999999974e-01 -6.219102745889999451e-01
1.403715966284058094e+09 1.124511143000000019e-01 1.482956242000000036e-01 1.496020710999999892e+00 3.163181585000000018e-01 3.241246986999999913e-01 6.480507424000000460e-01 -6.123040401470000171e-01
1.403715966334058046e+09 1.277654269999999870e-01 1.530082232999999958e-01 1.508585584700000037e+00 3.072249951000000090e-01 3.331259273000000132e-01 6.650912468999999883e-01 -5.935432185079999590e-01
1.403715966384057999e+09 1.484942855999999978e-01 1.615618779000000116e-01 1.521781100399999920e+00 2.981569057999999828e-01 3.427069596999999801e-01 6.825668195999999854e-01 -5.725005992030000046e-01
1.403715966434057951e+09 1.730151028999999951e-01 1.724661577999999917e-01 1.534889540500000038e+00 2.891099290999999960e-01 3.526116134000000235e-01 7.006534399999999607e-01 -5.487852549249999656e-01
1.403715966484058142e+09 2.004232706000000086e-01 1.850002058999999921e-01 1.547269003400000065e+00 2.775629835999999795e-01 3.645760353999999981e-01 7.201982610999999590e-01 -5.209199260339999471e-01
1.403715966534058094e+09 2.292289267000000019e-01 1.978648564999999915e-01 1.559019477399999909e+00 2.642184744000000141e-01 3.773603750000000256e-01 7.399285030000000152e-01 -4.901974658670000262e-01
1.403715966584058046e+09 2.573402201000000167e-01 2.094757148999999985e-01 1.571636621699999958e+00 2.528809913000000242e-01 3.882472107000000117e-01 7.551696423000000546e-01 -4.637177147500000096e-01
1.403715966634057999e+09 2.834130423999999815e-01 2.186368106000000089e-01 1.584918495399999960e+00 2.431613697999999990e-01 3.981228205999999825e-01 7.670803071999999778e-01 -4.404072777849999953e-01
1.403715966684058189e+09 3.057220842000000216e-01 2.243758610999999903e-01 1.598796137899999970e+00 2.357800375000000115e-01 4.060647148000000040e-01 7.751753717999999571e-01 -4.226373910749999796e-01
1.403715966734057903e+09 3.237742176999999777e-01 2.265627359000000063e-01 1.612745845699999903e+00 2.303172760999999957e-01 4.125033866999999743e-01 7.805818408000000375e-01 -4.092516317759999911e-01
1.403715966784058094e+09 3.371072371000000123e-01 2.247756978999999877e-01 1.625902701800000072e+00 2.252344621000000047e-01 4.180487782999999791e-01 7.854473786000000235e-01 -3.969597857239999805e-01
1.403715966834058046e+09 3.442696357000000207e-01 2.181978746000000080e-01 1.639785679300000076e+00 2.236108633999999984e-01 4.210052029999999945e-01 7.880750445999999965e-01 -3.894746781169999839e-01
1.403715966884057999e+09 3.444056575000000175e-01 2.064499858000000132e-01 1.655370502300000046e+00 2.276598569999999933e-01 4.202559641999999984e-01 7.865620609000000263e-01 -3.909936551980000008e-01
1.403715966934057951e+09 3.375779767000000042e-01 1.889521587000000113e-01 1.673803060300000034e+00 2.371388805999999905e-01 4.168008655000000062e-01 7.781280101999999976e-01 -4.056587106910000129e-01
1.403715966984058142e+09 3.257077384000000020e-01 1.672396975999999869e-01 1.693297150000000029e+00 2.491095483000000110e-01 4.113686980999999854e-01 7.663741339999999846e-01 -4.259001219510000213e-01
1.403715967034058094e+09 3.098525999000000253e-01 1.420096171999999934e-01 1.713509127300000046e+00 2.646698934999999753e-01 4.024461810000000139e-01 7.526804127999999761e-01 -4.488419711170000270e-01
1.403715967084058046e+09 2.921690821999999854e-01 1.140482570000000001e-01 1.734684870499999976e+00 2.785774436999999826e-01 3.942973956999999974e-01 7.351982767000000418e-01 -4.758231452469999789e-01
1.403715967134057999e+09 2.742249455999999919e-01 8.526883170000000567e-02 1.755512036400000087e+00 2.929097119999999888e-01 3.848941591000000217e-01 7.174105708000000359e-01 -5.013805539229999608e-01
1.403715967184058189e+09 2.574981889999999884e-01 5.646986109999999753e-02 1.775706512700000017e+00 3.059107346000000116e-01 3.758953385000000091e-01 6.998927402000000297e-01 -5.246631959099999909e-01
1.403715967234057903e+09 2.432683888000000128e-01 2.838839900000000166e-02 1.795841589099999913e+00 3.191981194999999882e-01 3.662646363000000016e-01 6.810688829000000055e-01 -5.478210961530000089e-01
1.403715967284058094e+09 2.331717231000000057e-01 1.984317000000000199e-03 1.815886773799999965e+00 3.306264063000000086e-01 3.569369741000000262e-01 6.616692931000000000e-01 -5.705049715490000395e-01
1.403715967334058046e+09 2.284806176999999994e-01 -2.163041989999999956e-02 1.835723635899999984e+00 3.413777104999999867e-01 3.482114158999999876e-01 6.431916500000000037e-01 -5.903512259509999804e-01
1.403715967384057999e+09 2.306907136000000136e-01 -4.154824199999999912e-02 1.854413376399999924e+00 3.459773542999999840e-01 3.437730002000000118e-01 6.301722281999999620e-01 -6.041545807289999681e-01
1.403715967434057951e+09 2.399922019999999878e-01 -5.728533489999999839e-02 1.871596089100000082e+00 3.488638130000000226e-01 3.419777192999999826e-01 6.241263852999999751e-01 -6.097635071960000319e-01
1.403715967484058142e+09 2.569617790000000013e-01 -6.888246820000000492e-02 1.887609793199999997e+00 3.455094966999999739e-01 3.445160291000000097e-01 6.242778494999999817e-01 -6.100893868969999856e-01
1.403715967534058094e+09 2.820167096000000262e-01 -7.608699169999999512e-02 1.903057920399999992e+00 3.366521999000000043e-01 3.489647271999999911e-01 6.286567214999999598e-01 -6.080128633260000193e-01
1.403715967584058046e+09 3.143608917999999863e-01 -7.897808489999999515e-02 1.917764983299999892e+00 3.231621176999999734e-01 3.549418319000000044e-01 6.373317726999999655e-01 -6.028190053070000554e-01
1.403715967634057999e+09 3.526183391000000111e-01 -7.759229880000000079e-02 1.931546049999999903e+00 3.061427416999999984e-01 3.614936416999999791e-01 6.506755199000000545e-01 -5.934815385370000307e-01
1.403715967684058189e+09 3.959973776999999862e-01 -7.213190040000000414e-02 1.945062822099999922e+00 2.860141578000000018e-01 3.678575566000000241e-01 6.663989485000000323e-01 -5.820559775410000247e-01
1.403715967734057903e+09 4.425920972999999869e-01 -6.342775840000000609e-02 1.959188145599999986e+00 2.631951370999999762e-01 3.741962784000000264e-01 6.812253052000000197e-01 -5.715221330419999468e-01
1.403715967784058094e+09 4.910349164999999738e-01 -5.108346329999999963e-02 1.972065823699999942e+00 2.396988791999999924e-01 3.796859752000000254e-01 6.979510219000000237e-01 -5.578954908119999612e-01
1.403715967834058046e+09 5.400686112000000483e-01 -3.514754629999999880e-02 1.983993647699999974e+00 2.151360381999999905e-01 3.847614249999999902e-01 7.147698799999999686e-01 -5.429356771190000375e-01
1.403715967884057999e+09 5.873675590000000390e-01 -1.699759580000000103e-02 1.994911936799999896e+00 1.944663473000000087e-01 3.865415376999999930e-01 7.286798877000000285e-01 -5.308428211240000527e-01
1.403715967934057951e+09 6.315214338000000316e-01 2.867628799999999943e-03 2.003052653600000177e+00 1.778534511000000040e-01 3.862392122000000150e-01 7.419814774999999862e-01 -5.183154521420000327e-01
1.403715967984058142e+09 6.718238589999999677e-01 2.424418119999999927e-02 2.007451969399999925e+00 1.679065050999999920e-01 3.824417614999999770e-01 7.564409874999999950e-01 -5.033316371999999594e-01
1.403715968034058094e+09 7.079603946000000425e-01 4.675177650000000157e-02 2.008244474400000090e+00 1.630042022000000035e-01 3.759618661999999945e-01 7.723583229999999578e-01 -4.853297087480000216e-01
1.403715968084058046e+09 7.384536954000000541e-01 6.877774690000000579e-02 2.006488894399999889e+00 1.617887252999999914e-01 3.681211349999999882e-01 7.873736024999999916e-01 -4.672836915570000027e-01
1.403715968134057999e+09 7.631271906000000049e-01 8.889318020000000486e-02 2.003357281700000048e+00 1.617150311999999979e-01 3.604591366000000074e-01 8.000854290000000146e-01 -4.514208300779999905e-01
1.403715968184058189e+09 7.823151066000000320e-01 1.062183227000000063e-01 1.999278828000000008e+00 1.632379959999999963e-01 3.534621673000000186e-01 8.081190400000000107e-01 -4.419971381519999798e-01
1.403715968234057903e+09 7.952594296999999646e-01 1.192693491999999994e-01 1.995240189100000006e+00 1.675429679000000061e-01 3.468122793999999787e-01 8.094355704000000262e-01 -4.432433351949999767e-01
1.403715968284058094e+09 8.027389274999999769e-01 1.283081963999999908e-01 1.990891198799999984e+00 1.758960829000000003e-01 3.390869309000000276e-01 8.039198328000000116e-01 -4.558437492660000201e-01
1.403715968334058046e+09 8.068169748000000308e-01 1.345843224999999921e-01 1.984826307799999912e+00 1.843641483000000025e-01 3.325523334000000109e-01 7.946697692999999951e-01 -4.732005538649999843e-01
1.403715968384057999e+09 8.080463198999999763e-01 1.385019039000000007e-01 1.976415541099999951e+00 1.939276105999999944e-01 3.257224812000000247e-01 7.840900553999999856e-01 -4.914262224559999837e-01
1.403715968434057951e+09 8.077707845999999581e-01 1.411492323999999909e-01 1.965241964599999891e+00 2.016065962999999961e-01 3.204787727999999780e-01 7.712541607999999771e-01 -5.116787625049999955e-01
1.403715968484058142e+09 8.060841837000000121e-01 1.436037102999999926e-01 1.950416987199999896e+00 2.100065899000000125e-01 3.147447842000000162e-01 7.585270264000000262e-01 -5.305371837150000269e-01
1.403715968534058094e+09 8.036799159999999942e-01 1.461964752999999895e-01 1.933534760399999941e+00 2.169470366000000039e-01 3.101435178999999986e-01 7.453303046000000487e-01 -5.488421619490000403e-01
1.403715968584058046e+09 8.008571160999999883e-01 1.492139758000000094e-01 1.913421302299999960e+00 2.249987125000000032e-01 3.044788352000000198e-01 7.325693349999999882e-01 -5.656946063650000189e-01
1.403715968634057999e+09 7.986516981000000293e-01 1.533938564000000004e-01 1.890978417699999969e+00 2.324634067999999942e-01 2.990602556999999995e-01 7.201160323999999946e-01 -5.813403717559999517e-01
1.403715968684058189e+09 7.981863432000000369e-01 1.601759318000000043e-01 1.867861492899999920e+00 2.396326893999999874e-01 2.935558348999999789e-01 7.085193344000000337e-01 -5.953163014800000319e-01
1.403715968734057903e+09 8.002177808999999531e-01 1.705432755999999883e-01 1.844437342400000013e+00 2.465551262000000021e-01 2.883420448999999830e-01 6.981143190999999915e-01 -6.072115219250000528e-01
1.403715968784058094e+09 8.060751304000000061e-01 1.851259784000000019e-01 1.821259530699999907e+00 2.513597383000000240e-01 2.839608243000000254e-01 6.888910980000000350e-01 -6.177488059600000359e-01
1.403715968834058046e+09 8.160530720999999987e-01 2.044240116999999912e-01 1.798677293999999982e+00 2.562304452999999982e-01 2.797908196000000181e-01 6.808603898999999737e-01 -6.264919676989999520e-01
1.403715968884057999e+09 8.306593072000000300e-01 2.286287760999999863e-01 1.776277675800000067e+00 2.586642486999999879e-01 2.773064976999999875e-01 6.756040626000000549e-01 -6.322602814179999475e-01
1.403715968934057951e+09 8.500196625000000505e-01 2.579516647999999801e-01 1.753967700300000043e+00 2.591518059999999846e-01 2.762912129000000272e-01 6.737191622999999518e-01 -6.345124091760000473e-01
1.403715968984058142e+09 8.744154084999999910e-01 2.927717562000000107e-01 1.730373401300000058e+00 2.563998710000000014e-01 2.780016086000000053e-01 6.783698552000000381e-01 -6.299115425019999881e-01
1.403715969034058094e+09 9.034939274000000076e-01 3.326528671999999798e-01 1.704990916599999906e+00 2.500862321000000277e-01 2.824927056000000047e-01 6.912464753000000517e-01 -6.163059777289999763e-01
1.403715969084058046e+09 9.365774703000000478e-01 3.770694761000000228e-01 1.678615174599999982e+00 2.408963812000000093e-01 2.896088689999999910e-01 7.102980241999999889e-01 -5.946195030240000179e-01
1.403715969134057999e+09 9.725748679000000285e-01 4.250054141999999868e-01 1.650914054900000094e+00 2.299330829000000020e-01 2.983803657999999914e-01 7.346755512000000543e-01 -5.642267001799999848e-01
1.403715969184058189e+09 1.010390487300000029e+00 4.749022090000000196e-01 1.622964081699999950e+00 2.161681038000000110e-01 3.082581951000000209e-01 7.608885311999999956e-01 -5.284854579119999674e-01
1.403715969234057903e+09 1.047627505999999986e+00 5.248783814999999908e-01 1.596734871300000025e+00 2.039682268999999937e-01 3.169152014000000128e-01 7.830166471999999711e-01 -4.948198134299999773e-01
1.403715969284058094e+09 1.082774346999999970e+00 5.728362748999999976e-01 1.572453481900000005e+00 1.932055579999999995e-01 3.245450382000000245e-01 8.010799859999999661e-01 -4.643414547310000251e-01
1.403715969334058046e+09 1.114405246200000033e+00 6.171519975999999463e-01 1.550177833400000038e+00 1.847964484000000074e-01 3.303695899999999908e-01 8.143272781999999488e-01 -4.399741931719999832e-01
1.403715969384057999e+09 1.141520970099999976e+00 6.568430721000000361e-01 1.528985529500000107e+00 1.788718485999999941e-01 3.344841821999999798e-01 8.255206993999999465e-01 -4.179004288800000078e-01
1.403715969434057951e+09 1.163404504599999889e+00 6.905277007000000244e-01 1.509025692400000063e+00 1.736736477999999972e-01 3.381058153000000011e-01 8.345297931999999808e-01 -3.988507816099999825e-01
1.403715969484058142e+09 1.178792247300000096e+00 7.173851400999999850e-01 1.490297305499999947e+00 1.732003833000000104e-01 3.381577317000000193e-01 8.418810248000000440e-01 -3.832588104249999850e-01
1.403715969534058094e+09 1.187444363700000061e+00 7.369047781999999991e-01 1.472643380100000066e+00 1.781684078000000115e-01 3.337871807000000191e-01 8.476929224000000485e-01 -3.718317440030000087e-01
1.403715969584058046e+09 1.188565152900000088e+00 7.471031685000000255e-01 1.456503467499999926e+00 1.901220188999999949e-01 3.235344943999999834e-01 8.512337435000000285e-01 -3.668516904379999777e-01
1.403715969634057999e+09 1.183527044300000108e+00 7.468798058000000184e-01 1.443111636800000097e+00 2.050620217999999939e-01 3.109754672999999747e-01 8.517923694000000268e-01 -3.683661023490000241e-01
1.403715969684058189e+09 1.174045693300000082e+00 7.369965251000000217e-01 1.431284589499999926e+00 2.203300886000000014e-01 2.983324035000000096e-01 8.501017524999999742e-01 -3.738708860030000025e-01
1.403715969734057903e+09 1.160642908500000070e+00 7.171441317000000204e-01 1.421828329000000002e+00 2.368090444000000017e-01 2.849974424000000228e-01 8.458439671999999909e-01 -3.837263574709999792e-01
1.403715969784058094e+09 1.145119311099999981e+00 6.873162351999999586e-01 1.414944221100000066e+00 2.503010674999999741e-01 2.743943528000000187e-01 8.382029228999999804e-01 -3.993406750580000275e-01
1.403715969834058046e+09 1.128742313899999905e+00 6.480988106999999721e-01 1.410597016799999937e+00 2.609094035999999783e-01 2.665061146000000103e-01 8.267078952999999952e-01 -4.212538781540000055e-01
1.403715969884057999e+09 1.113156305099999965e+00 6.014231660000000090e-01 1.408312419500000079e+00 2.639203526000000188e-01 2.649717188999999862e-01 8.126511122999999781e-01 -4.469163292530000109e-01
1.403715969934057951e+09 1.099188532899999959e+00 5.492865488000000518e-01 1.407636306499999934e+00 2.610600668999999985e-01 2.679514413999999900e-01 7.955877221999999582e-01 -4.765394452010000004e-01
1.403715969984058142e+09 1.087179316300000087e+00 4.938548362999999886e-01 1.408358346800000049e+00 2.573411328999999914e-01 2.706521470000000096e-01 7.761590484000000512e-01 -5.080355186449999616e-01
1.403715970034058094e+09 1.077230954900000093e+00 4.373358124000000235e-01 1.408358594300000100e+00 2.543950636999999793e-01 2.718008789999999952e-01 7.590810006000000554e-01 -5.340444441049999602e-01
1.403715970084058046e+09 1.069905406099999956e+00 3.810716363000000162e-01 1.408312303700000045e+00 2.524034426999999803e-01 2.716349919000000113e-01 7.430780010999999963e-01 -5.570834924119999476e-01
1.403715970134057999e+09 1.065365400399999940e+00 3.265275457999999853e-01 1.407604711300000089e+00 2.522140104999999743e-01 2.696822023000000068e-01 7.288463007000000049e-01 -5.765784183979999478e-01
1.403715970184058189e+09 1.064162373000000050e+00 2.745279717999999924e-01 1.407176626400000075e+00 2.528160561999999723e-01 2.671808098999999825e-01 7.143244272000000006e-01 -5.953478556010000089e-01
1.403715970234057903e+09 1.066646288000000053e+00 2.258622244999999862e-01 1.407837232899999957e+00 2.530806416999999975e-01 2.643823699000000249e-01 6.982187556000000184e-01 -6.152582551969999480e-01
1.403715970284058094e+09 1.073605600300000074e+00 1.821314689000000098e-01 1.408697544000000024e+00 2.530202069999999970e-01 2.616372538000000247e-01 6.831548673999999766e-01 -6.331083235450000180e-01
1.403715970334058046e+09 1.085443878700000031e+00 1.443317909999999871e-01 1.409822408099999924e+00 2.521278035999999778e-01 2.598763928999999751e-01 6.703360749000000229e-01 -6.477232262500000060e-01
1.403715970384057999e+09 1.102029031899999900e+00 1.131095166000000013e-01 1.411185168700000103e+00 2.527020177000000034e-01 2.577541400000000205e-01 6.612303133000000388e-01 -6.576313300720000310e-01
1.403715970434057951e+09 1.124276256099999927e+00 8.906260089999999685e-02 1.413441774500000081e+00 2.485622455000000008e-01 2.584326699000000227e-01 6.554391926000000534e-01 -6.647020610889999848e-01
1.403715970484058142e+09 1.152148829599999980e+00 7.308012060000000643e-02 1.415527422200000052e+00 2.416917269999999951e-01 2.616551202999999881e-01 6.560174423000000310e-01 -6.654042549680000418e-01
1.403715970534058094e+09 1.185763359799999916e+00 6.502495219999999965e-02 1.417117449800000095e+00 2.293810397999999917e-01 2.686670979999999931e-01 6.630629582000000521e-01 -6.599620008440000296e-01
1.403715970584058046e+09 1.223754725500000085e+00 6.451239690000000471e-02 1.418498816200000068e+00 2.128629184999999979e-01 2.789497340000000047e-01 6.760788623000000275e-01 -6.479149603360000453e-01
1.403715970634057999e+09 1.264407029900000090e+00 7.125621249999999907e-02 1.419183964099999917e+00 1.984656012000000080e-01 2.891425945000000164e-01 6.936703464000000263e-01 -6.291497561479999501e-01
1.403715970684058189e+09 1.306560550799999998e+00 8.434497009999999961e-02 1.420031004499999971e+00 1.847217029999999871e-01 2.996609031999999950e-01 7.126542255000000159e-01 -6.067991351379999898e-01
1.403715970734057903e+09 1.349209421300000100e+00 1.027328807999999954e-01 1.420692457399999942e+00 1.699821997000000029e-01 3.112352170000000084e-01 7.331396637000000549e-01 -5.802972729499999982e-01
1.403715970784058094e+09 1.390712943700000093e+00 1.253098864999999951e-01 1.421775929300000074e+00 1.536407236000000009e-01 3.242469290000000171e-01 7.541191723000000291e-01 -5.500570253330000492e-01
1.403715970834058046e+09 1.429037920200000089e+00 1.499897199000000125e-01 1.423961926500000086e+00 1.380596553000000004e-01 3.368426274999999914e-01 7.734292809999999685e-01 -5.189255469039999458e-01
1.403715970884057999e+09 1.462547881999999966e+00 1.749913066000000073e-01 1.427993784699999935e+00 1.239832460999999997e-01 3.485129612999999793e-01 7.898218690999999625e-01 -4.892323430759999980e-01
1.403715970934057951e+09 1.489941850799999967e+00 1.990754627999999915e-01 1.433641733900000048e+00 1.120895821999999958e-01 3.574923247999999831e-01 8.034967718000000092e-01 -4.626317119999999727e-01
1.403715970984058142e+09 1.509604555199999920e+00 2.211173110999999913e-01 1.440695969400000109e+00 1.035188244999999951e-01 3.627543717000000223e-01 8.153273206000000162e-01 -4.392430752100000002e-01
1.403715971034058094e+09 1.520162805800000072e+00 2.401904534000000035e-01 1.448836110600000060e+00 1.008148430999999956e-01 3.625496454000000091e-01 8.263214234000000324e-01 -4.190310576590000058e-01
1.403715971084058046e+09 1.520939792999999929e+00 2.547528004999999873e-01 1.458774128399999981e+00 1.025029744999999964e-01 3.570927932999999888e-01 8.372409974000000199e-01 -4.012547687699999921e-01
1.403715971134057999e+09 1.511723178900000075e+00 2.636071322999999911e-01 1.471566797799999993e+00 1.098674468999999987e-01 3.457699233000000039e-01 8.459929468000000341e-01 -3.907278313909999801e-01
1.403715971184058189e+09 1.492739623200000088e+00 2.648437288000000112e-01 1.487365080300000031e+00 1.202375903000000024e-01 3.315247695999999911e-01 8.515358546000000306e-01 -3.879702788930000090e-01
1.403715971234057903e+09 1.464821050200000085e+00 2.576968446999999829e-01 1.505487205399999917e+00 1.357619065000000014e-01 3.109700610999999726e-01 8.544085362000000128e-01 -3.935128703629999780e-01
1.403715971284058094e+09 1.429683225700000060e+00 2.418270837000000006e-01 1.526845088299999986e+00 1.518059545000000066e-01 2.884169006000000257e-01 8.529593879000000323e-01 -4.077142703769999765e-01
1.403715971334058046e+09 1.389686315899999913e+00 2.177048816000000109e-01 1.550157994000000095e+00 1.684773397999999867e-01 2.634603220000000245e-01 8.485372348999999925e-01 -4.268355721079999943e-01
1.403715971384057999e+09 1.347674394100000006e+00 1.866712205000000124e-01 1.574782249100000087e+00 1.831373870000000126e-01 2.377639417000000088e-01 8.415476737999999512e-01 -4.491397535219999737e-01
1.403715971434057951e+09 1.305217497299999918e+00 1.494318611999999880e-01 1.600741346700000012e+00 1.944197591999999863e-01 2.132876656999999898e-01 8.323115869999999639e-01 -4.732512556830000272e-01
1.403715971484058142e+09 1.263848701899999982e+00 1.080009036000000033e-01 1.626113428300000052e+00 2.033051067999999961e-01 1.890367340999999923e-01 8.218694248000000258e-01 -4.974563248980000130e-01
1.403715971534058094e+09 1.225301125000000102e+00 6.314617529999999590e-02 1.651080628099999892e+00 2.086040154000000091e-01 1.660811312000000095e-01 8.110005084000000419e-01 -5.207490738869999802e-01
1.403715971584058046e+09 1.190893679900000057e+00 1.605569169999999934e-02 1.675912731699999991e+00 2.096319856999999953e-01 1.453869026999999869e-01 8.007365469999999652e-01 -5.419760709019999512e-01
1.403715971634057999e+09 1.161282882999999932e+00 -3.216814760000000217e-02 1.700678903600000069e+00 2.070449052999999984e-01 1.274067520000000120e-01 7.912574350000000090e-01 -5.610807413780000141e-01
1.403715971684058189e+09 1.136993022199999981e+00 -8.035501620000000400e-02 1.724893990400000021e+00 2.005863190999999934e-01 1.123685665000000028e-01 7.832994295999999856e-01 -5.775642280360000491e-01
1.403715971734057903e+09 1.118369082000000070e+00 -1.280874640000000120e-01 1.748603996399999971e+00 1.886223948999999900e-01 1.011042327999999990e-01 7.754368108000000426e-01 -5.940515791379999966e-01
1.403715971784058094e+09 1.104771245500000054e+00 -1.740071792000000006e-01 1.771287073399999912e+00 1.745013656000000135e-01 9.221234109999999762e-02 7.687394349999999710e-01 -6.083468079070000201e-01
1.403715971834058046e+09 1.095959811199999967e+00 -2.171120203999999942e-01 1.793170283900000106e+00 1.555943016000000123e-01 8.658995249999999755e-02 7.639460090999999897e-01 -6.202250306550000092e-01
1.403715971884057999e+09 1.091172357500000079e+00 -2.570074916999999792e-01 1.813481972299999967e+00 1.361025050999999930e-01 8.205945130000000254e-02 7.614404974999999798e-01 -6.284510508299999687e-01
1.403715971934057951e+09 1.089519740699999906e+00 -2.929221496000000147e-01 1.831799260699999987e+00 1.188657495000000064e-01 7.677089010000000269e-02 7.605505401000000054e-01 -6.336718709269999472e-01
1.403715971984058142e+09 1.090655512399999916e+00 -3.246832325999999824e-01 1.848922975600000074e+00 1.031780570999999980e-01 7.117969050000000353e-02 7.611945691999999486e-01 -6.362944035140000176e-01
1.403715972034058094e+09 1.093871617300000043e+00 -3.525518925000000192e-01 1.864828890799999916e+00 9.071643510000000632e-02 6.453777049999999404e-02 7.621936620000000495e-01 -6.377038702449999708e-01
1.403715972084058046e+09 1.098778494799999894e+00 -3.760772963999999829e-01 1.880587143899999925e+00 7.974025179999999491e-02 5.804772099999999657e-02 7.606381181000000380e-01 -6.416397802529999472e-01
1.403715972134057999e+09 1.104725583600000061e+00 -3.953761785000000084e-01 1.896807260099999892e+00 7.224998500000000268e-02 5.154348899999999789e-02 7.560497909000000183e-01 -6.484689060739999844e-01
1.403715972184058189e+09 1.111690207199999891e+00 -4.098051167000000272e-01 1.913978685800000079e+00 6.662001650000000386e-02 4.559228070000000133e-02 7.482390642999999786e-01 -6.584993698069999679e-01
1.403715972234057903e+09 1.119646451900000006e+00 -4.186967574000000081e-01 1.931690495400000041e+00 6.209935960000000088e-02 4.084286169999999661e-02 7.385430178999999873e-01 -6.700968145710000101e-01
1.403715972284058094e+09 1.128580027499999971e+00 -4.210360739999999824e-01 1.949030868399999950e+00 5.922853039999999986e-02 3.658268010000000070e-02 7.297888088999999745e-01 -6.801190947670000542e-01
1.403715972334058046e+09 1.138640461400000081e+00 -4.163198193000000047e-01 1.966075499100000012e+00 5.729281659999999748e-02 3.314354039999999751e-02 7.223470478000000305e-01 -6.883558537449999681e-01
1.403715972384057999e+09 1.149831385599999978e+00 -4.041610379999999725e-01 1.982477856700000096e+00 5.425419549999999785e-02 3.189687930000000005e-02 7.179744777000000022e-01 -6.932183788169999916e-01
1.403715972434057951e+09 1.162068071300000005e+00 -3.841347257000000126e-01 1.997638928500000022e+00 5.270964830000000184e-02 3.080052499999999874e-02 7.175898931999999952e-01 -6.937851006190000058e-01
1.403715972484058142e+09 1.175223551700000035e+00 -3.563647871999999772e-01 2.011416824299999906e+00 5.164590279999999728e-02 3.041264800000000046e-02 7.208882291000000553e-01 -6.904548737860000118e-01
1.403715972534058094e+09 1.189292522199999924e+00 -3.210328906000000093e-01 2.023387281899999834e+00 5.074169709999999667e-02 3.100319099999999939e-02 7.300189193999999659e-01 -6.808351192839999788e-01
1.403715972584058046e+09 1.204481044600000050e+00 -2.788039883999999802e-01 2.033765981799999789e+00 4.703697429999999929e-02 3.383484610000000309e-02 7.454042095999999784e-01 -6.640898211819999952e-01
1.403715972634057999e+09 1.220160700499999917e+00 -2.309587227999999881e-01 2.043165844299999812e+00 4.367923449999999708e-02 3.724069800000000263e-02 7.615390266999999547e-01 -6.455722776929999629e-01
1.403715972684058189e+09 1.236335509399999921e+00 -1.788015332000000013e-01 2.050725400800000209e+00 3.891791979999999901e-02 4.176470429999999678e-02 7.787829195000000038e-01 -6.246905388729999675e-01
1.403715972734057903e+09 1.252618790499999912e+00 -1.238935456000000018e-01 2.055997646799999856e+00 3.397804509999999972e-02 4.682693799999999851e-02 7.957472625000000521e-01 -6.028590420389999815e-01
1.403715972784058094e+09 1.268569024500000086e+00 -6.757629730000000445e-02 2.058515226699999978e+00 3.020187660000000010e-02 5.180719679999999661e-02 8.113037290000000290e-01 -5.815411595389999855e-01
1.403715972834058046e+09 1.283830904200000012e+00 -1.147838049999999957e-02 2.059257344200000173e+00 2.707101580000000063e-02 5.644614629999999966e-02 8.229173936000000467e-01 -5.647016522300000174e-01
1.403715972884057999e+09 1.297900534200000067e+00 4.375139849999999664e-02 2.058793558100000087e+00 2.583154379999999875e-02 6.004965000000000303e-02 8.287812274000000423e-01 -5.557413499550000191e-01
1.403715972934057951e+09 1.310676966900000018e+00 9.690163089999999368e-02 2.057746220699999906e+00 2.535702860000000128e-02 6.388998790000000039e-02 8.278108544000000180e-01 -5.567802796840000124e-01
1.403715972984058142e+09 1.322377452000000009e+00 1.485263555999999929e-01 2.055113037299999945e+00 2.460014279999999873e-02 6.770574460000000627e-02 8.245511664000000351e-01 -5.611828036610000403e-01
1.403715973034058094e+09 1.332952398400000016e+00 1.987792841000000088e-01 2.052205312699999951e+00 2.067924839999999917e-02 7.408095550000000362e-02 8.191599339999999785e-01 -5.683848901210000193e-01
1.403715973084058046e+09 1.341621595999999972e+00 2.483307701999999950e-01 2.048705120700000215e+00 1.785486739999999836e-02 7.966106700000000207e-02 8.145227633999999606e-01 -5.743587607410000073e-01
1.403715973134057999e+09 1.348134452500000080e+00 2.979787957999999737e-01 2.044813942999999856e+00 1.898625749999999918e-02 8.209033590000000546e-02 8.112338222999999626e-01 -5.786193777450000519e-01
1.403715973184058189e+09 1.352515466699999891e+00 3.481436002000000141e-01 2.040480800700000152e+00 2.215997030000000159e-02 8.246687980000000362e-02 8.096406123999999593e-01 -5.806808316189999708e-01
1.403715973234057903e+09 1.355228248099999977e+00 3.986084797000000179e-01 2.036578536299999964e+00 2.346038770000000162e-02 8.391640350000000026e-02 8.089440649000000372e-01 -5.813924211159999800e-01
1.403715973284058094e+09 1.356555728400000049e+00 4.493548348999999997e-01 2.032961612599999857e+00 2.416960530000000079e-02 8.543516810000000017e-02 8.090224016999999490e-01 -5.810330591040000492e-01
1.403715973334058046e+09 1.356193462500000058e+00 5.007863938000000070e-01 2.029290173400000175e+00 2.382083540000000041e-02 8.735243989999999514e-02 8.114360525999999574e-01 -5.773851846980000424e-01
1.403715973384057999e+09 1.354047180400000050e+00 5.525748589000000210e-01 2.025416154100000199e+00 2.409997770000000053e-02 8.843084230000000656e-02 8.155936925000000226e-01 -5.713196180249999756e-01
1.403715973434057951e+09 1.349941664199999947e+00 6.040810559000000524e-01 2.021454596299999906e+00 2.589106710000000158e-02 8.840444279999999655e-02 8.211342262999999919e-01 -5.632520657020000376e-01
1.403715973484058142e+09 1.344187548200000082e+00 6.548387184999999722e-01 2.017689438600000162e+00 2.720014410000000035e-02 8.849363629999999759e-02 8.266409461999999486e-01 -5.550619555970000008e-01
1.403715973534058094e+09 1.336853861000000032e+00 7.041802740999999477e-01 2.014754521700000023e+00 2.707635640000000121e-02 8.931424490000000604e-02 8.322415686999999895e-01 -5.465014253329999461e-01
1.403715973584058046e+09 1.328103811399999890e+00 7.513613564000000133e-01 2.013131743399999785e+00 2.511274739999999964e-02 9.114955330000000522e-02 8.370004433000000077e-01 -5.389725101529999618e-01
1.403715973634057999e+09 1.317693032900000061e+00 7.962210920000000192e-01 2.012216206799999796e+00 2.183410560000000056e-02 9.341136290000000286e-02 8.412320927999999975e-01 -5.320960018160000304e-01
1.403715973684058189e+09 1.305430967599999992e+00 8.386398038000000277e-01 2.011313609300000138e+00 1.698595290000000022e-02 9.668653630000000054e-02 8.453457194000000285e-01 -5.251226578150000046e-01
1.403715973734057903e+09 1.290894092799999893e+00 8.781253498000000102e-01 2.010464407400000209e+00 1.253868139999999957e-02 9.940705819999999526e-02 8.487716552999999831e-01 -5.191798295409999486e-01
1.403715973784058094e+09 1.273729608000000013e+00 9.139033093999999746e-01 2.009779373100000210e+00 8.595879900000000587e-03 1.015532700000000010e-01 8.513678570999999584e-01 -5.145734312459999682e-01
1.403715973834058046e+09 1.253380544000000096e+00 9.460340490999999963e-01 2.009419900400000181e+00 6.533815699999999914e-03 1.024057614000000033e-01 8.531515691000000068e-01 -5.114711814689999470e-01
1.403715973884057999e+09 1.230036089700000002e+00 9.745847547000000555e-01 2.009122788900000067e+00 5.933973900000000246e-03 1.019131206000000039e-01 8.550780510000000056e-01 -5.083503030160000380e-01
1.403715973934057951e+09 1.203772288599999962e+00 9.993102337000000501e-01 2.008956770300000194e+00 5.434054899999999667e-03 1.011307909000000033e-01 8.564508365999999873e-01 -5.061966008149999530e-01
1.403715973984058142e+09 1.174380221699999893e+00 1.019818127700000021e+00 2.009032839300000095e+00 9.569796499999999942e-03 9.696905209999999442e-02 8.559684899999999708e-01 -5.077631002500000434e-01
1.403715974034058094e+09 1.142191819900000072e+00 1.036192500300000097e+00 2.009903941700000196e+00 1.553876220000000030e-02 9.149283889999999808e-02 8.534762242000000221e-01 -5.128020495720000405e-01
1.403715974084058046e+09 1.108150970200000085e+00 1.048989283200000067e+00 2.011341313299999989e+00 2.129665019999999950e-02 8.609985050000000528e-02 8.501798288999999897e-01 -5.189677514320000240e-01
1.403715974134057999e+09 1.072293182599999950e+00 1.058569917600000077e+00 2.013155199099999848e+00 2.644011539999999855e-02 8.118921610000000288e-02 8.456767763000000437e-01 -5.268206730819999795e-01
1.403715974184058189e+09 1.035218474499999930e+00 1.065357124099999941e+00 2.015080744700000093e+00 2.963276919999999898e-02 7.771233589999999858e-02 8.411941992000000479e-01 -5.342986159999999485e-01
1.403715974234057903e+09 9.971648419999999957e-01 1.069919736799999965e+00 2.016201379500000002e+00 3.202330789999999899e-02 7.482595440000000542e-02 8.374701682999999841e-01 -5.403881026289999445e-01
1.403715974284058094e+09 9.585231063000000384e-01 1.072673693600000089e+00 2.015873938599999970e+00 3.457941330000000035e-02 7.179959190000000102e-02 8.355272678999999814e-01 -5.436389126830000196e-01
1.403715974334058046e+09 9.195973481000000449e-01 1.074215192500000082e+00 2.013635681199999805e+00 3.629269909999999905e-02 6.921931909999999577e-02 8.352918749000000087e-01 -5.442233086409999920e-01
1.403715974384057999e+09 8.803718915999999561e-01 1.074311585300000038e+00 2.009385256999999925e+00 3.668446799999999786e-02 6.754503069999999443e-02 8.356497669000000350e-01 -5.438578727170000349e-01
1.403715974434057951e+09 8.405785453999999879e-01 1.072934871600000006e+00 2.003465211900000043e+00 3.721424610000000077e-02 6.612711920000000076e-02 8.364802860000000173e-01 -5.427181913280000325e-01
1.403715974484058142e+09 8.004019962999999738e-01 1.069730748400000042e+00 1.997080737299999909e+00 3.733159600000000161e-02 6.503280320000000281e-02 8.363090261000000192e-01 -5.431061584849999901e-01
1.403715974534058094e+09 7.597629581000000520e-01 1.064675978899999986e+00 1.990618045700000005e+00 3.794849260000000141e-02 6.386961959999999661e-02 8.346151784999999990e-01 -5.458004099409999865e-01
1.403715974584058046e+09 7.188971052000000528e-01 1.057871972100000058e+00 1.983935442900000012e+00 3.816614360000000067e-02 6.307433199999999685e-02 8.323765758000000181e-01 -5.492851811519999794e-01
1.403715974634057999e+09 6.780353895999999825e-01 1.049788230899999952e+00 1.976795526799999925e+00 3.905555840000000251e-02 6.177842730000000088e-02 8.299436500000000327e-01 -5.530385403849999992e-01
1.403715974684058189e+09 6.372133045000000218e-01 1.040418972499999928e+00 1.969504174899999960e+00 3.852136660000000240e-02 6.163136990000000343e-02 8.276770905000000456e-01 -5.564784922959999935e-01
1.403715974734057903e+09 5.961714150000000378e-01 1.030413969000000041e+00 1.961385683400000080e+00 3.919497479999999728e-02 6.070290040000000248e-02 8.259452747000000095e-01 -5.591004516480000408e-01
1.403715974784058094e+09 5.553295497000000358e-01 1.019727594699999962e+00 1.952800374099999958e+00 3.951261159999999717e-02 6.002342590000000339e-02 8.246313325999999888e-01 -5.610874327239999682e-01
1.403715974834058046e+09 5.146758717999999622e-01 1.008579074100000028e+00 1.943715351900000110e+00 3.859527110000000177e-02 5.976516519999999777e-02 8.244813466000000535e-01 -5.613991799569999497e-01
1.403715974884057999e+09 4.739933273999999974e-01 9.966827413000000080e-01 1.934555043100000038e+00 3.869551710000000005e-02 5.892593039999999976e-02 8.238353187000000410e-01 -5.624284482179999767e-01
1.403715974934057951e+09 4.336114381000000240e-01 9.844623889000000405e-01 1.925052377799999936e+00 3.833140060000000265e-02 5.794219159999999813e-02 8.233073256999999812e-01 -5.633280160150000437e-01
1.403715974984058142e+09 3.933367731999999894e-01 9.719387175000000489e-01 1.915662571799999991e+00 3.787223879999999931e-02 5.682878189999999996e-02 8.226970801999999860e-01 -5.643630898989999700e-01
1.403715975034058094e+09 3.531342883999999960e-01 9.593243193999999585e-01 1.906277447799999969e+00 3.892714609999999714e-02 5.449125839999999915e-02 8.221931754000000314e-01 -5.652554842110000255e-01
1.403715975084058046e+09 3.134181768000000035e-01 9.462099492000000112e-01 1.897292468799999909e+00 3.907583829999999869e-02 5.211651610000000295e-02 8.217198761999999768e-01 -5.661566856659999702e-01
1.403715975134057999e+09 2.739182247999999986e-01 9.327501740000000430e-01 1.888630645999999969e+00 4.064232319999999676e-02 4.918324899999999833e-02 8.216159982999999833e-01 -5.664594962400000266e-01
1.403715975184058189e+09 2.349709701000000095e-01 9.188709282999999450e-01 1.880487040700000057e+00 4.156808280000000300e-02 4.668889660000000164e-02 8.214327918999999589e-01 -5.668689529899999524e-01
1.403715975234057903e+09 1.967208893999999875e-01 9.046161446999999578e-01 1.872734426599999891e+00 4.307823980000000108e-02 4.355023100000000175e-02 8.217161575000000440e-01 -5.665952691969999844e-01
1.403715975284058094e+09 1.592777878999999952e-01 8.897875135999999685e-01 1.866336548000000040e+00 4.376056159999999751e-02 4.111134200000000211e-02 8.214522775000000498e-01 -5.671075970440000447e-01
1.403715975334058046e+09 1.228588374999999983e-01 8.741954375999999582e-01 1.861610088399999974e+00 4.433264650000000306e-02 3.845930480000000345e-02 8.197432001000000135e-01 -5.697162313620000029e-01
1.403715975384057999e+09 8.727284899999999956e-02 8.583285668000000257e-01 1.858296589200000071e+00 4.511223500000000053e-02 3.600954209999999989e-02 8.178531251999999752e-01 -5.725246411219999665e-01
1.403715975434057951e+09 5.291403840000000192e-02 8.425591608000000399e-01 1.856474650800000070e+00 4.648149480000000194e-02 3.326587550000000004e-02 8.154359545999999570e-01 -5.760182776250000192e-01
1.403715975484058142e+09 1.982316339999999968e-02 8.271201141999999784e-01 1.855755350799999981e+00 4.902630980000000083e-02 2.977497089999999944e-02 8.128893501999999716e-01 -5.795867289959999447e-01
1.403715975534058094e+09 -1.154601170000000079e-02 8.125302292999999620e-01 1.856577885899999947e+00 4.909233439999999976e-02 2.826388770000000036e-02 8.119703193999999735e-01 -5.809434531189999751e-01
1.403715975584058046e+09 -4.129090579999999955e-02 7.987977674999999778e-01 1.858138386800000097e+00 4.817222410000000093e-02 2.758650290000000047e-02 8.130361403000000431e-01 -5.795607442079999672e-01
1.403715975634057999e+09 -6.962087479999999606e-02 7.854665370000000202e-01 1.861211050100000097e+00 4.612892119999999901e-02 2.799253640000000029e-02 8.145085915999999981e-01 -5.776368190380000156e-01
1.403715975684058189e+09 -9.652830119999999958e-02 7.722713821000000145e-01 1.865310046100000063e+00 4.427296869999999829e-02 2.845480870000000051e-02 8.157146660999999854e-01 -5.760553893430000461e-01
1.403715975734057903e+09 -1.222541565000000024e-01 7.589770986999999636e-01 1.870382253200000067e+00 4.391245509999999741e-02 2.833588340000000108e-02 8.166985241999999978e-01 -5.746932178289999582e-01
1.403715975784058094e+09 -1.466075138000000055e-01 7.455122811000000072e-01 1.875998712199999918e+00 4.266451799999999850e-02 2.899333009999999905e-02 8.176013654999999547e-01 -5.734693826310000020e-01
1.403715975834058046e+09 -1.700381683999999949e-01 7.317380220000000435e-01 1.882022662100000021e+00 4.262172160000000237e-02 2.910466210000000123e-02 8.179754487999999490e-01 -5.729332182930000350e-01
1.403715975884057999e+09 -1.923420647000000094e-01 7.179576966999999810e-01 1.887696829800000087e+00 4.269573559999999962e-02 2.911746340000000155e-02 8.191657100000000469e-01 -5.712239377119999739e-01
1.403715975934057951e+09 -2.134755722999999994e-01 7.037525756000000410e-01 1.893713634100000043e+00 4.269781379999999793e-02 2.932317569999999887e-02 8.199804263000000093e-01 -5.700431111560000375e-01
1.403715975984058142e+09 -2.335078097000000130e-01 6.889247565999999656e-01 1.899886197300000079e+00 4.279750709999999986e-02 2.952121929999999839e-02 8.208337833000000083e-01 -5.687958959229999500e-01
1.403715976034058094e+09 -2.526048538999999815e-01 6.738769961999999669e-01 1.905504831100000018e+00 4.407233540000000255e-02 2.920365100000000061e-02 8.219999107000000027e-01 -5.670281499739999731e-01
1.403715976084058046e+09 -2.704132436000000195e-01 6.587137754999999872e-01 1.911350622699999890e+00 4.405573570000000105e-02 2.979368660000000085e-02 8.224102526000000024e-01 -5.664033940260000399e-01
1.403715976134057999e+09 -2.870108632999999743e-01 6.428837555999999953e-01 1.917490930600000087e+00 4.479469950000000006e-02 3.044114129999999849e-02 8.221047664999999727e-01 -5.667543777410000150e-01
1.403715976184058189e+09 -3.025359002999999936e-01 6.266845858999999797e-01 1.923542685099999927e+00 4.662374150000000300e-02 3.062108939999999904e-02 8.212536960999999858e-01 -5.678300294220000044e-01
1.403715976234057903e+09 -3.169868147000000080e-01 6.102123184000000089e-01 1.929760454099999967e+00 4.851291960000000264e-02 3.065791710000000114e-02 8.202421651000000313e-01 -5.691303711180000224e-01
1.403715976284058094e+09 -3.301897927999999927e-01 5.933390276000000130e-01 1.935773321999999963e+00 4.926592379999999993e-02 3.164291240000000061e-02 8.196687603000000211e-01 -5.698374490019999516e-01
1.403715976334058046e+09 -3.425548871999999911e-01 5.760919234000000388e-01 1.941437876499999993e+00 5.236247220000000285e-02 3.097901169999999968e-02 8.190362677000000424e-01 -5.705068488029999552e-01
1.403715976384057999e+09 -3.534686018000000041e-01 5.584221525000000463e-01 1.946958957999999962e+00 5.529656019999999728e-02 2.984431489999999840e-02 8.178733834000000424e-01 -5.719569353950000323e-01
1.403715976434057951e+09 -3.623915889000000057e-01 5.405627234000000003e-01 1.951700667999999972e+00 5.773819869999999993e-02 2.688314350000000144e-02 8.178380973000000109e-01 -5.719129686080000052e-01
1.403715976484058142e+09 -3.693219435999999800e-01 5.226672489999999449e-01 1.955670252800000064e+00 5.897246770000000304e-02 2.237937499999999996e-02 8.179015459999999793e-01 -5.718902627440000108e-01
1.403715976534058094e+09 -3.741864987999999892e-01 5.044746803999999862e-01 1.959159949100000020e+00 5.875774470000000305e-02 1.766092710000000121e-02 8.177432997000000370e-01 -5.723036911050000120e-01
1.403715976584058046e+09 -3.766104312999999926e-01 4.863914299000000052e-01 1.962003084600000058e+00 5.753362189999999821e-02 1.103815619999999956e-02 8.175964974999999635e-01 -5.728036388999999673e-01
1.403715976634057999e+09 -3.765841059999999740e-01 4.683407561999999857e-01 1.964094733400000070e+00 5.310061160000000002e-02 5.023904400000000180e-03 8.181764429000000227e-01 -5.724878983109999986e-01
1.403715976684058189e+09 -3.741996753999999870e-01 4.501658257999999746e-01 1.966104399600000052e+00 4.605904649999999906e-02 -9.439079999999999758e-05 8.180303818999999921e-01 -5.733278726960000515e-01
1.403715976734057903e+09 -3.700312639000000181e-01 4.322182761999999734e-01 1.967221124099999940e+00 3.861741190000000240e-02 -4.488157399999999700e-03 8.188929742999999650e-01 -5.726280194570000370e-01
1.403715976784058094e+09 -3.644473658999999865e-01 4.138273053000000035e-01 1.968206692899999943e+00 3.245422690000000082e-02 -8.408318099999999296e-03 8.189939050000000220e-01 -5.728219679289999755e-01
1.403715976834058046e+09 -3.576412266999999812e-01 3.951269277000000191e-01 1.968566124499999903e+00 2.764117810000000022e-02 -1.253621530000000039e-02 8.192326098000000112e-01 -5.726576112290000520e-01
1.403715976884057999e+09 -3.496226803999999966e-01 3.761908441999999853e-01 1.968773279299999901e+00 2.359470589999999868e-02 -1.604667400000000035e-02 8.188767071000000453e-01 -5.732597427919999822e-01
1.403715976934057951e+09 -3.404564248999999987e-01 3.573026068999999860e-01 1.968443705000000099e+00 2.068447719999999893e-02 -1.938848409999999883e-02 8.191988462000000526e-01 -5.728084230059999893e-01
1.403715976984058142e+09 -3.298974957999999957e-01 3.383204619999999885e-01 1.968416604500000000e+00 1.710188459999999883e-02 -2.306548929999999858e-02 8.190381710999999898e-01 -5.730200546720000121e-01
1.403715977034058094e+09 -3.180445795999999881e-01 3.193879689999999938e-01 1.967873924000000052e+00 1.408331330000000062e-02 -2.813694140000000052e-02 8.187957148000000185e-01 -5.732220775699999882e-01
1.403715977084058046e+09 -3.047857547999999750e-01 3.006823972000000067e-01 1.967062529899999967e+00 9.883402399999999602e-03 -3.348233140000000246e-02 8.185167696999999798e-01 -5.734209182449999664e-01
1.403715977134057999e+09 -2.900585377000000076e-01 2.823371861000000260e-01 1.966105590199999975e+00 5.491105100000000065e-03 -4.047395849999999712e-02 8.184250932000000089e-01 -5.731597274859999702e-01
1.403715977184058189e+09 -2.738005226999999930e-01 2.641876488000000078e-01 1.965127686600000034e+00 5.669508999999999660e-04 -4.912107920000000072e-02 8.177777643000000429e-01 -5.734338030169999767e-01
1.403715977234057903e+09 -2.558083287999999844e-01 2.462575197999999910e-01 1.963722905000000019e+00 6.260182999999999894e-03 5.837452280000000188e-02 -8.172747234999999666e-01 5.732497287419999754e-01
1.403715977284058094e+09 -2.364818103999999921e-01 2.289316265000000128e-01 1.961530007699999967e+00 1.334145800000000048e-02 6.936730200000000568e-02 -8.168270175999999827e-01 5.725415323179999794e-01
1.403715977334058046e+09 -2.155116888999999980e-01 2.117119591999999939e-01 1.960032884999999947e+00 2.092508109999999949e-02 8.210360960000000208e-02 -8.152711085999999607e-01 5.728474123510000071e-01
1.403715977384057999e+09 -1.930091168999999995e-01 1.952426634999999966e-01 1.958667908700000071e+00 3.009943470000000024e-02 9.536400080000000112e-02 -8.136988347000000399e-01 5.726202386659999810e-01
1.403715977434057951e+09 -1.690433506000000030e-01 1.794112824000000106e-01 1.956909460399999912e+00 4.108077789999999702e-02 1.084862508999999975e-01 -8.122241906999999594e-01 5.716948199269999975e-01
1.403715977484058142e+09 -1.440696224999999941e-01 1.641059148000000023e-01 1.954560972599999946e+00 5.030738259999999878e-02 1.241193847000000017e-01 -8.097908604000000343e-01 5.712287702670000300e-01
1.403715977534058094e+09 -1.175215173999999974e-01 1.494575657999999974e-01 1.952528792999999929e+00 6.130807159999999978e-02 1.393890969000000091e-01 -8.077908919999999826e-01 5.694610389419999530e-01
1.403715977584058046e+09 -8.962499190000000615e-02 1.349632068000000129e-01 1.950817303100000011e+00 7.274691669999999721e-02 1.552915531999999876e-01 -8.043889766999999802e-01 5.688152544910000108e-01
1.403715977634057999e+09 -6.028497399999999812e-02 1.209616081000000065e-01 1.949252391099999926e+00 8.544243129999999631e-02 1.711648715000000098e-01 -8.007227582000000510e-01 5.676664885090000334e-01
1.403715977684058189e+09 -2.999621829999999864e-02 1.078140823999999970e-01 1.947140418999999900e+00 9.809298430000000513e-02 1.871304111000000048e-01 -7.970856760000000207e-01 5.656981534299999614e-01
1.403715977734057903e+09 7.444005999999999757e-04 9.617269159999999872e-02 1.944435807100000080e+00 1.112402834999999951e-01 2.035187096999999945e-01 -7.935541699999999476e-01 5.625633417190000207e-01
1.403715977784058094e+09 3.225773810000000241e-02 8.492642259999999554e-02 1.942113300599999981e+00 1.231399026999999979e-01 2.207875230000000133e-01 -7.886662972000000327e-01 5.604417058509999494e-01
1.403715977834058046e+09 6.455899750000000659e-02 7.437351309999999660e-02 1.939738537300000010e+00 1.354660431999999970e-01 2.380392147000000014e-01 -7.830145953999999575e-01 5.584571843729999596e-01
1.403715977884057999e+09 9.730262870000000452e-02 6.453783559999999586e-02 1.937096023999999916e+00 1.459623103000000088e-01 2.566529397999999795e-01 -7.757228471999999542e-01 5.577439707060000140e-01
1.403715977934057951e+09 1.309198585999999942e-01 5.573426110000000155e-02 1.934532665100000104e+00 1.559304153999999942e-01 2.756048367999999749e-01 -7.674519887999999845e-01 5.574451760659999699e-01
1.403715977984058142e+09 1.651440224999999873e-01 4.878712760000000065e-02 1.931900543700000084e+00 1.647897493000000102e-01 2.959310030999999785e-01 -7.579159865000000273e-01 5.575235755399999826e-01
1.403715978034058094e+09 2.002314695000000089e-01 4.371370790000000256e-02 1.929400742599999941e+00 1.744185339999999862e-01 3.159466324999999909e-01 -7.483204158999999800e-01 5.565720578709999478e-01
1.403715978084058046e+09 2.359260095000000057e-01 4.100423179999999890e-02 1.926928092999999897e+00 1.845679017000000088e-01 3.363945797999999821e-01 -7.367582864999999703e-01 5.567410562360000092e-01
1.403715978134057999e+09 2.722090457999999935e-01 4.049696199999999746e-02 1.923910165999999977e+00 1.932508233000000131e-01 3.573305595999999862e-01 -7.252855994000000361e-01 5.558145282590000180e-01
1.403715978184058189e+09 3.093220239000000205e-01 4.224752090000000182e-02 1.920442814100000062e+00 2.012517161000000054e-01 3.775877233000000111e-01 -7.136631017000000243e-01 5.546262122509999504e-01
1.403715978234057903e+09 3.474904679999999968e-01 4.688346890000000267e-02 1.916352084899999975e+00 2.093888271000000079e-01 3.970132965000000014e-01 -7.026955999999999758e-01 5.520467872469999593e-01
1.403715978284058094e+09 3.864536407999999978e-01 5.473340089999999963e-02 1.912712133399999903e+00 2.187959000999999959e-01 4.149116600000000155e-01 -6.910316524999999821e-01 5.499562926219999648e-01
1.403715978334058046e+09 4.258189346999999847e-01 6.665711600000000236e-02 1.909899268800000049e+00 2.313728386999999997e-01 4.298266380999999914e-01 -6.812545306999999717e-01 5.455345406299999533e-01
1.403715978384057999e+09 4.660250738999999753e-01 8.233967200000000264e-02 1.907373940600000095e+00 2.462186517000000130e-01 4.424415765999999972e-01 -6.716064951000000338e-01 5.408942065259999543e-01
1.403715978434057951e+09 5.067870652000000531e-01 1.014790799999999993e-01 1.904155086200000069e+00 2.611220696000000063e-01 4.542649967999999872e-01 -6.641333389000000365e-01 5.332780564900000408e-01
1.403715978484058142e+09 5.480954302999999639e-01 1.237535081000000065e-01 1.900853272300000008e+00 2.779637569999999780e-01 4.643410747000000227e-01 -6.578032664999999835e-01 5.238495764410000533e-01
1.403715978534058094e+09 5.889312386999999704e-01 1.492332356000000138e-01 1.897190571599999931e+00 2.968483992000000016e-01 4.736592051999999886e-01 -6.510995903999999834e-01 5.134172850570000168e-01
1.403715978584058046e+09 6.294942068000000113e-01 1.770960728000000040e-01 1.893508621200000075e+00 3.159409764000000176e-01 4.824332919000000053e-01 -6.432509121999999691e-01 5.036543281109999715e-01
1.403715978634057999e+09 6.688820647000000008e-01 2.071075331999999991e-01 1.889044066400000110e+00 3.333164624000000131e-01 4.926011972000000072e-01 -6.340496532999999602e-01 4.941914948860000045e-01
1.403715978684058189e+09 7.067665386000000494e-01 2.387147797999999987e-01 1.884046690899999987e+00 3.486272268999999757e-01 5.038937534999999857e-01 -6.252563834000000043e-01 4.833265943389999930e-01
1.403715978734057903e+09 7.428159213999999677e-01 2.713416560999999949e-01 1.878616418000000010e+00 3.611720057000000206e-01 5.169147831000000526e-01 -6.148680199999999596e-01 4.735939265429999767e-01
1.403715978784058094e+09 7.768775549999999974e-01 3.048851134000000185e-01 1.873004706999999991e+00 3.712948339000000098e-01 5.310571026999999500e-01 -6.034700256999999679e-01 4.646960597909999824e-01
1.403715978834058046e+09 8.089784299000000178e-01 3.394492355000000017e-01 1.867448855099999916e+00 3.798878801000000194e-01 5.463151191999999767e-01 -5.923277364000000267e-01 4.542827772640000150e-01
1.403715978884057999e+09 8.399747396000000199e-01 3.746734474999999787e-01 1.862438392500000095e+00 3.870539622999999985e-01 5.624028058000000163e-01 -5.800135032000000024e-01 4.443834497510000259e-01
1.403715978934057951e+09 8.699860581999999676e-01 4.106236916000000070e-01 1.858339865500000077e+00 3.947243281999999742e-01 5.781687655999999675e-01 -5.671598910999999799e-01 4.338700740490000207e-01
1.403715978984058142e+09 8.988469711000000029e-01 4.473308160000000200e-01 1.854763938999999917e+00 4.013136073999999942e-01 5.944126446999999924e-01 -5.531064371999999674e-01 4.239036039619999974e-01
1.403715979034058094e+09 9.264846727000000115e-01 4.851364425999999952e-01 1.851951669900000041e+00 4.097776542000000077e-01 6.092477737000000504e-01 -5.375859909000000325e-01 4.146091251369999897e-01
1.403715979084058046e+09 9.537224949999999479e-01 5.244142739999999581e-01 1.850494111199999958e+00 4.209752209000000023e-01 6.219039860999999725e-01 -5.211225731999999944e-01 4.055201094370000092e-01
1.403715979134057999e+09 9.791557529000000093e-01 5.649205430999999500e-01 1.850618964499999963e+00 4.348687358000000169e-01 6.323847861000000403e-01 -5.050211224999999748e-01 3.948826796370000225e-01
1.403715979184058189e+09 1.003121944100000107e+00 6.062885690000000549e-01 1.852943057300000085e+00 4.498661675000000248e-01 6.416901637999999908e-01 -4.865117158999999747e-01 3.862130439409999783e-01
1.403715979234057903e+09 1.025219148599999963e+00 6.481881883000000233e-01 1.857171496799999932e+00 4.680529735000000247e-01 6.483154585999999497e-01 -4.669439717000000156e-01 3.775934420500000055e-01
1.403715979284058094e+09 1.045230775699999892e+00 6.900985846999999618e-01 1.862635879699999997e+00 4.854771970000000270e-01 6.547174403000000087e-01 -4.456853158999999898e-01 3.701642389020000090e-01
1.403715979334058046e+09 1.062512823400000084e+00 7.315180073999999477e-01 1.867230381299999964e+00 4.972403798999999736e-01 6.641513333999999880e-01 -4.225722436000000082e-01 3.648118829670000118e-01
1.403715979384057999e+09 1.076478952500000030e+00 7.726897805000000341e-01 1.871619286700000107e+00 5.064558854999999804e-01 6.744743801999999455e-01 -4.002153782999999798e-01 3.583495465370000188e-01
1.403715979434057951e+09 1.087025612299999944e+00 8.133676108999999821e-01 1.874875668100000059e+00 5.109997835999999793e-01 6.867613861000000375e-01 -3.791921873999999915e-01 3.513563784470000173e-01
1.403715979484058142e+09 1.093981101500000053e+00 8.540633176999999909e-01 1.878474386900000015e+00 5.155130980000000029e-01 6.978755859999999922e-01 -3.598675404000000189e-01 3.430907542550000189e-01
1.403715979534058094e+09 1.097378029599999971e+00 8.950810828999999913e-01 1.882701639700000040e+00 5.198737646000000101e-01 7.080692425000000290e-01 -3.417927405000000252e-01 3.339864356969999837e-01
1.403715979584058046e+09 1.096871881300000018e+00 9.364598135999999684e-01 1.887464929599999897e+00 5.242524294999999501e-01 7.176176641000000522e-01 -3.258111635000000006e-01 3.225389342139999838e-01
1.403715979634057999e+09 1.092699669699999987e+00 9.781408880999999944e-01 1.892648369800000063e+00 5.284242689999999465e-01 7.265904120999999716e-01 -3.098626695000000209e-01 3.111579838829999778e-01
1.403715979684058189e+09 1.084624014499999900e+00 1.020331735000000073e+00 1.898419972099999908e+00 5.333948166999999962e-01 7.348859226999999716e-01 -2.940117621000000181e-01 2.983114711000000030e-01
1.403715979734057903e+09 1.072921315999999958e+00 1.062637522199999962e+00 1.904670244500000109e+00 5.395379568000000514e-01 7.418522598000000245e-01 -2.763100072999999934e-01 2.867172783659999724e-01
1.403715979784058094e+09 1.057475655800000025e+00 1.105258107899999898e+00 1.911292061599999981e+00 5.469682430000000206e-01 7.474982855999999787e-01 -2.586024778000000079e-01 2.742203723819999772e-01
1.403715979834058046e+09 1.038323351600000111e+00 1.147740320900000111e+00 1.918003598699999923e+00 5.548258744999999825e-01 7.521264425999999448e-01 -2.407199912999999913e-01 2.617784352559999750e-01
1.403715979884057999e+09 1.015296036500000110e+00 1.189903285700000035e+00 1.925211627299999950e+00 5.637266136999999899e-01 7.556635967999999481e-01 -2.227105652999999963e-01 2.481629253319999895e-01
1.403715979934057951e+09 9.886480290000000393e-01 1.231274642999999891e+00 1.932285519799999962e+00 5.720301279999999711e-01 7.588180743000000339e-01 -2.039896522999999906e-01 2.352974383260000024e-01
1.403715979984058142e+09 9.581984691999999582e-01 1.271639242000000003e+00 1.939885591799999975e+00 5.809913809000000207e-01 7.610016133000000460e-01 -1.847144615999999906e-01 2.218245422350000051e-01
1.403715980034058094e+09 9.239027471999999852e-01 1.310492509599999966e+00 1.947646943200000091e+00 5.898043859999999583e-01 7.625759098000000069e-01 -1.655491209000000130e-01 2.078515253010000119e-01
1.403715980084058046e+09 8.860116537000000125e-01 1.347504890199999972e+00 1.954906215300000083e+00 5.967927943999999929e-01 7.646723775999999528e-01 -1.461565025999999878e-01 1.943007780799999862e-01
1.403715980134057999e+09 8.443204582000000125e-01 1.382461171799999944e+00 1.961457041000000068e+00 6.026461218999999980e-01 7.668977200000000050e-01 -1.269420888999999997e-01 1.804750532970000043e-01
1.403715980184058189e+09 7.989921315000000357e-01 1.415028499399999973e+00 1.967608609600000058e+00 6.075177521000000302e-01 7.693968947999999530e-01 -1.084228604000000012e-01 1.649093163149999985e-01
1.403715980234057903e+09 7.502802683999999500e-01 1.445195251699999961e+00 1.973476917299999966e+00 6.115426344000000070e-01 7.720042792000000320e-01 -9.145992940000000071e-02 1.471736408780000005e-01
1.403715980284058094e+09 6.982028601999999973e-01 1.472489456799999985e+00 1.978570061299999905e+00 6.134271490999999576e-01 7.755930652000000425e-01 -7.515830850000000674e-02 1.285058700960000078e-01
1.403715980334058046e+09 6.433512044000000429e-01 1.496975219499999898e+00 1.983003226799999963e+00 6.146945834000000497e-01 7.788003599999999693e-01 -5.796228230000000092e-02 1.107291385710000020e-01
1.403715980384057999e+09 5.858271405999999626e-01 1.518697887599999907e+00 1.987402622599999891e+00 6.163651137000000224e-01 7.809700587000000249e-01 -4.066658499999999815e-02 9.233657363519999495e-02
1.403715980434057951e+09 5.262264247000000283e-01 1.537591224900000109e+00 1.991938426499999970e+00 6.192732899999999763e-01 7.814058731999999896e-01 -2.322145819999999958e-02 7.325447133659999943e-02
1.403715980484058142e+09 4.649799745000000040e-01 1.553199006200000065e+00 1.996523156599999904e+00 6.228132790999999502e-01 7.804596716999999684e-01 -5.141535699999999834e-03 5.440482324200000136e-02
1.403715980534058094e+09 4.018946358000000108e-01 1.565217801099999972e+00 2.000961208100000110e+00 6.263900975999999732e-01 7.787428941999999799e-01 1.152874589999999984e-02 3.258893107900000252e-02
1.403715980584058046e+09 3.380435266999999855e-01 1.573682200599999970e+00 2.004658914200000197e+00 6.279533349000000486e-01 7.776275921999999952e-01 2.894942229999999950e-02 1.148338200380000056e-02
1.403715980634057999e+09 2.738518383999999917e-01 1.578486378700000081e+00 2.007526122299999827e+00 6.279640306999999533e-01 7.767640178000000395e-01 4.718979150000000150e-02 -8.482942672040000298e-03
1.403715980684058189e+09 2.097775278000000021e-01 1.579956927900000085e+00 2.009825993599999805e+00 6.271466880999999605e-01 7.755922066999999531e-01 6.623181240000000636e-02 -2.751558766510000045e-02
1.403715980734057903e+09 1.462874248000000099e-01 1.577763089599999891e+00 2.011469986599999871e+00 6.255750703000000357e-01 7.741028196000000472e-01 8.527574050000000239e-02 -4.635411661990000015e-02
1.403715980784058094e+09 8.335778380000000154e-02 1.571913797199999907e+00 2.012342075499999883e+00 6.220707413999999602e-01 7.732016318000000110e-01 1.038829156999999948e-01 -6.629908803520000171e-02
1.403715980834058046e+09 2.165269449999999984e-02 1.563004306400000099e+00 2.012671447399999813e+00 6.176129393000000523e-01 7.721060901999999837e-01 1.234225572000000049e-01 -8.469542559109999313e-02
1.403715980884057999e+09 -3.902844829999999737e-02 1.550842865299999929e+00 2.013233820099999960e+00 6.135155499000000123e-01 7.696904498000000094e-01 1.425332588999999872e-01 -1.042091728579999932e-01
1.403715980934057951e+09 -9.806269410000000020e-02 1.536038168399999959e+00 2.013635984700000048e+00 6.093666967999999962e-01 7.663026658999999574e-01 1.625540558000000135e-01 -1.225913214780000038e-01
1.403715980984058142e+09 -1.553390514999999916e-01 1.518407430699999949e+00 2.014438529700000036e+00 6.058901054999999980e-01 7.612016538000000443e-01 1.824954182000000091e-01 -1.420022696440000065e-01
1.403715981034058094e+09 -2.102427121999999871e-01 1.497909460100000034e+00 2.015270941499999857e+00 6.025998680999999912e-01 7.549262399999999706e-01 2.020588580000000078e-01 -1.616539173659999884e-01
1.403715981084058046e+09 -2.625759279000000057e-01 1.474830584500000041e+00 2.016176737399999919e+00 5.993470454999999530e-01 7.474571191000000114e-01 2.219660395999999980e-01 -1.811685720060000060e-01
1.403715981134057999e+09 -3.121388111999999770e-01 1.449502488000000033e+00 2.016773187300000103e+00 5.947816911000000095e-01 7.398387194000000111e-01 2.423494066000000113e-01 -2.003501291779999915e-01
1.403715981184058189e+09 -3.585435525999999817e-01 1.422115524599999903e+00 2.017345754299999960e+00 5.910432950999999768e-01 7.307305317000000189e-01 2.641671426000000156e-01 -2.166020178530000118e-01
1.403715981234057903e+09 -4.016648922000000121e-01 1.391729731899999933e+00 2.018116402199999992e+00 5.851194259999999980e-01 7.217438840000000022e-01 2.854460938999999753e-01 -2.350352117969999877e-01
1.403715981284058094e+09 -4.414096141000000140e-01 1.359055284799999930e+00 2.019564882300000086e+00 5.782082249000000118e-01 7.121710769000000329e-01 3.065744543000000211e-01 -2.539679306489999733e-01
1.403715981334058046e+09 -4.774116773000000036e-01 1.324850804200000010e+00 2.021332170200000000e+00 5.710334565000000362e-01 7.016040660000000262e-01 3.278724658000000125e-01 -2.723456851700000181e-01
1.403715981384057999e+09 -5.098993152999999889e-01 1.289163297600000035e+00 2.023660204000000018e+00 5.624638849999999968e-01 6.906356834000000333e-01 3.486001094000000244e-01 -2.917785025140000044e-01
1.403715981434057951e+09 -5.383596298999999696e-01 1.252122606599999965e+00 2.026355098999999882e+00 5.540387533999999725e-01 6.783220714000000040e-01 3.690951807000000251e-01 -3.109485080580000060e-01
1.403715981484058142e+09 -5.626155175000000508e-01 1.213609147599999938e+00 2.029868621299999898e+00 5.450907364999999505e-01 6.648485295999999600e-01 3.884337405000000132e-01 -3.316198892830000133e-01
1.403715981534058094e+09 -5.824821006999999495e-01 1.174204116599999903e+00 2.034134926200000137e+00 5.377367500999999939e-01 6.491550758999999893e-01 4.071329282000000216e-01 -3.516811820990000115e-01
1.403715981584058046e+09 -5.974177917999999865e-01 1.134097185799999963e+00 2.038630679999999806e+00 5.305981821999999903e-01 6.324004708999999558e-01 4.253506323999999839e-01 -3.709609858449999797e-01
1.403715981634057999e+09 -6.069113628000000205e-01 1.093478217299999944e+00 2.043024766999999908e+00 5.224035610999999690e-01 6.154008482999999696e-01 4.444343593999999786e-01 -3.883998138490000196e-01
1.403715981684058189e+09 -6.108154088999999676e-01 1.052426156199999907e+00 2.047085693900000170e+00 5.134018688000000497e-01 5.985651824000000065e-01 4.637610949000000038e-01 -4.038117016919999802e-01
1.403715981734057903e+09 -6.091264760000000278e-01 1.011037075800000018e+00 2.049852344400000081e+00 5.025059860999999684e-01 5.828848934999999454e-01 4.849291130999999755e-01 -4.154235070330000168e-01
1.403715981784058094e+09 -6.019706803000000050e-01 9.693568529999999628e-01 2.051444911900000001e+00 4.875995509000000117e-01 5.698645535999999900e-01 5.069198055000000425e-01 -4.248921972849999951e-01
1.403715981834058046e+09 -5.890859499999999693e-01 9.275578831999999885e-01 2.051850107699999981e+00 4.692727298000000102e-01 5.593411016999999541e-01 5.309079275000000431e-01 -4.301829954240000142e-01
1.403715981884057999e+09 -5.721948889000000316e-01 8.861379229000000413e-01 2.052467181699999976e+00 4.513444360000000155e-01 5.481508080000000449e-01 5.534895941999999902e-01 -4.352794054299999882e-01
1.403715981934057951e+09 -5.519617086000000450e-01 8.449453127999999591e-01 2.053401393800000196e+00 4.342919595999999993e-01 5.361107229999999557e-01 5.737859184000000390e-01 -4.412997919450000195e-01
1.403715981984058142e+09 -5.290485105000000132e-01 8.043165075000000552e-01 2.054829057800000136e+00 4.204745127999999776e-01 5.217787814000000024e-01 5.918682449000000068e-01 -4.479286417069999748e-01
1.403715982034058094e+09 -5.035605024999999513e-01 7.640685288999999880e-01 2.056615681799999873e+00 4.069830262999999948e-01 5.076569180000000125e-01 6.077782285999999701e-01 -4.552525613989999997e-01
1.403715982084058046e+09 -4.756838433999999727e-01 7.241388702000000066e-01 2.058921916300000099e+00 3.949409295999999903e-01 4.925278335000000118e-01 6.217945306000000061e-01 -4.634755193280000185e-01
1.403715982134057999e+09 -4.454566353000000145e-01 6.847124274000000455e-01 2.061031116000000107e+00 3.832883829000000020e-01 4.772593257000000144e-01 6.348797160000000384e-01 -4.714247531119999945e-01
1.403715982184058189e+09 -4.133125468000000136e-01 6.458096902000000084e-01 2.063527184299999817e+00 3.722719817999999847e-01 4.615574899000000064e-01 6.469781246000000374e-01 -4.793720489909999993e-01
1.403715982234057903e+09 -3.790906367999999915e-01 6.072853670000000204e-01 2.066341005800000019e+00 3.610273869999999774e-01 4.460326311999999738e-01 6.580860658999999613e-01 -4.874800997020000137e-01
1.403715982284058094e+09 -3.427441958999999927e-01 5.690240952999999768e-01 2.069196989699999989e+00 3.482580531000000201e-01 4.314704871999999747e-01 6.688201781000000512e-01 -4.952061353689999890e-01
1.403715982334058046e+09 -3.047280835999999771e-01 5.311880827999999610e-01 2.072130164599999880e+00 3.370101647000000034e-01 4.158439549999999874e-01 6.789593267000000321e-01 -5.025059070380000215e-01
1.403715982384057999e+09 -2.648743700999999784e-01 4.937821118999999870e-01 2.075143647800000046e+00 3.245133119999999982e-01 4.009776656999999855e-01 6.884062372000000485e-01 -5.099067311380000023e-01
1.403715982434057951e+09 -2.231547358000000036e-01 4.572981140999999861e-01 2.077844783100000203e+00 3.127942384999999881e-01 3.846536669000000241e-01 6.979529346999999717e-01 -5.167814063110000022e-01
1.403715982484058142e+09 -1.794801138999999879e-01 4.215185291999999917e-01 2.080246992000000184e+00 3.002014638000000124e-01 3.681428005999999864e-01 7.073366562999999774e-01 -5.234737950369999782e-01
1.403715982534058094e+09 -1.339300606000000116e-01 3.868246945000000103e-01 2.082390886699999832e+00 2.892275763000000111e-01 3.499467761000000232e-01 7.160568127999999977e-01 -5.302332542100000046e-01
1.403715982584058046e+09 -8.618065330000000690e-02 3.530511517000000099e-01 2.083916080399999871e+00 2.764494027000000131e-01 3.319517613999999894e-01 7.244918052000000053e-01 -5.371176594740000310e-01
1.403715982634057999e+09 -3.645307259999999716e-02 3.203602455999999821e-01 2.085348573900000169e+00 2.633210617000000253e-01 3.129916043000000037e-01 7.323208437999999543e-01 -5.444303958449999703e-01
1.403715982684058189e+09 1.499450920000000055e-02 2.884158011999999882e-01 2.086568192300000124e+00 2.486735619999999869e-01 2.944678835999999800e-01 7.402055534999999464e-01 -5.509499648019999807e-01
1.403715982734057903e+09 6.796216889999999455e-02 2.574608050000000148e-01 2.087223990200000046e+00 2.339448456999999870e-01 2.752390999000000060e-01 7.477622487999999734e-01 -5.571039994930000461e-01
1.403715982784058094e+09 1.226308593000000058e-01 2.277287432000000000e-01 2.088071205299999900e+00 2.190122240000000053e-01 2.551222323999999819e-01 7.550350597999999636e-01 -5.629106064140000365e-01
1.403715982834058046e+09 1.787475206999999955e-01 1.998884662000000034e-01 2.088942162699999994e+00 2.030611364999999890e-01 2.355757203999999938e-01 7.617949005999999912e-01 -5.682770312549999536e-01
1.403715982884057999e+09 2.360483895000000110e-01 1.740568225000000135e-01 2.089866065699999886e+00 1.882135632999999975e-01 2.148761651999999966e-01 7.683759153000000452e-01 -5.727148862690000231e-01
1.403715982934057951e+09 2.944877426999999992e-01 1.500046013999999928e-01 2.090698225300000157e+00 1.743052297999999889e-01 1.940417779999999981e-01 7.746581905999999629e-01 -5.760817328759999523e-01
1.403715982984058142e+09 3.540651741999999991e-01 1.273922502000000012e-01 2.091791484699999870e+00 1.586449416000000057e-01 1.747060930999999873e-01 7.791051458000000096e-01 -5.807794205849999836e-01
1.403715983034058094e+09 4.146095330999999828e-01 1.065758376000000007e-01 2.092172191500000000e+00 1.430515978000000132e-01 1.553531683000000108e-01 7.832245427999999787e-01 -5.847742718380000149e-01
1.403715983084058046e+09 4.759349522999999915e-01 8.751760769999999967e-02 2.092398948500000078e+00 1.279340727999999927e-01 1.354817348000000032e-01 7.870311771000000345e-01 -5.880982050499999891e-01
1.403715983134057999e+09 5.380734682000000157e-01 7.012490470000000420e-02 2.092790631899999809e+00 1.116782468000000056e-01 1.161432292000000033e-01 7.901944655999999512e-01 -5.912963944689999529e-01
1.403715983184058189e+09 6.010069487000000432e-01 5.478353949999999889e-02 2.093236006500000190e+00 9.536994560000000565e-02 9.581001719999999999e-02 7.925387409999999910e-01 -5.946489368099999728e-01
1.403715983234057903e+09 6.643346363000000032e-01 4.137948510000000191e-02 2.093662653300000009e+00 7.786129360000000610e-02 7.591162690000000102e-02 7.942619021000000279e-01 -5.977650665339999669e-01
1.403715983284058094e+09 7.278834127000000098e-01 2.982964399999999891e-02 2.093758045600000006e+00 6.085079349999999998e-02 5.483898940000000305e-02 7.959098076999999716e-01 -5.998478508119999830e-01
1.403715983334058046e+09 7.913429987000000221e-01 2.028578249999999847e-02 2.093630194100000175e+00 4.543584030000000218e-02 3.220335220000000026e-02 7.961330676000000217e-01 -6.025534558930000228e-01
1.403715983384057999e+09 8.550905938999999734e-01 1.337470139999999939e-02 2.093280816500000086e+00 2.823951679999999950e-02 9.986873900000000151e-03 7.971063243999999548e-01 -6.030955974789999896e-01
1.403715983434057951e+09 9.187769117999999846e-01 8.852646000000000473e-03 2.093366144600000034e+00 9.944189600000000184e-03 -1.237949080000000021e-02 7.959818357000000288e-01 -6.051122033210000195e-01
1.403715983484058142e+09 9.821751866000000275e-01 6.238684599999999754e-03 2.094401130100000064e+00 9.922308700000000148e-03 3.387784390000000284e-02 -7.920032352000000442e-01 6.094954592419999928e-01
1.403715983534058094e+09 1.044987662300000064e+00 6.112877000000000068e-03 2.096016799400000075e+00 3.092499279999999864e-02 5.455374150000000255e-02 -7.865020806000000420e-01 6.143956472789999790e-01
1.403715983584058046e+09 1.106885760099999949e+00 8.515731900000000215e-03 2.098168248299999927e+00 5.192689749999999937e-02 7.457644939999999445e-02 -7.796420267000000459e-01 6.195968533529999656e-01
1.403715983634057999e+09 1.167340846999999959e+00 1.394312969999999922e-02 2.100450096099999886e+00 7.334062839999999639e-02 9.394217409999999768e-02 -7.723660619000000116e-01 6.238963748989999614e-01
1.403715983684058189e+09 1.225727263500000053e+00 2.294575869999999906e-02 2.102162348399999825e+00 9.408931539999999816e-02 1.128963183000000065e-01 -7.657912047999999583e-01 6.260714437829999479e-01
1.403715983734057903e+09 1.281861186099999994e+00 3.553433019999999859e-02 2.104193986899999924e+00 1.142284981000000060e-01 1.308672918000000074e-01 -7.584099338999999995e-01 6.282037681959999897e-01
1.403715983784058094e+09 1.335214000099999909e+00 5.180352519999999877e-02 2.105675279200000194e+00 1.329553478999999927e-01 1.488203019000000071e-01 -7.526767690000000233e-01 6.274177832180000136e-01
1.403715983834058046e+09 1.385462417600000107e+00 7.168245180000000494e-02 2.107128531399999893e+00 1.503706229000000005e-01 1.668607545000000136e-01 -7.468770892999999633e-01 6.258760084100000176e-01
1.403715983884057999e+09 1.432283692800000008e+00 9.516229439999999984e-02 2.109009933799999903e+00 1.677699690999999993e-01 1.843680957000000120e-01 -7.410303198000000036e-01 6.234867343479999491e-01
1.403715983934057951e+09 1.475237013299999900e+00 1.219866992000000067e-01 2.110842192799999850e+00 1.832052175999999977e-01 2.020115369000000105e-01 -7.357072323000000136e-01 6.199693989119999804e-01
1.403715983984058142e+09 1.514493445300000074e+00 1.521603076999999971e-01 2.112981423299999939e+00 1.993092854999999886e-01 2.183946153000000112e-01 -7.306697166000000188e-01 6.153871674969999539e-01
1.403715984034058094e+09 1.549666781400000026e+00 1.854873612000000060e-01 2.114972900899999786e+00 2.135585000999999927e-01 2.351765600000000067e-01 -7.267004298999999445e-01 6.090905004790000410e-01
1.403715984084058046e+09 1.580681093499999967e+00 2.218838751999999970e-01 2.117201905699999998e+00 2.278939416999999912e-01 2.511659897999999891e-01 -7.235437292999999936e-01 6.012191519489999969e-01
1.403715984134057999e+09 1.607490359500000077e+00 2.606418644999999867e-01 2.119498509300000055e+00 2.399637048999999911e-01 2.678393365999999776e-01 -7.207098376999999667e-01 5.926692500650000417e-01
1.403715984184058189e+09 1.630407002599999933e+00 3.013820731999999891e-01 2.122203632200000190e+00 2.537185558000000229e-01 2.828055160999999873e-01 -7.178551050999999461e-01 5.833797927099999558e-01
1.403715984234057903e+09 1.649187812100000095e+00 3.436821836999999769e-01 2.125133711900000222e+00 2.661016230000000093e-01 2.980801701999999942e-01 -7.142936077999999522e-01 5.745631211980000153e-01
1.403715984284058094e+09 1.663843739600000093e+00 3.871839562000000123e-01 2.128622902800000105e+00 2.774532487999999963e-01 3.131687316000000276e-01 -7.094589030000000296e-01 5.671094296109999711e-01
1.403715984334058046e+09 1.674541295200000057e+00 4.317572176999999733e-01 2.133172939600000095e+00 2.901528704999999930e-01 3.268146550000000095e-01 -7.032901850999999649e-01 5.607017108840000041e-01
1.403715984384057999e+09 1.681178392100000085e+00 4.772383699000000146e-01 2.137794646700000190e+00 3.015226556999999752e-01 3.410645721000000186e-01 -6.965834803999999547e-01 5.545543260530000351e-01
1.403715984434057951e+09 1.683717437499999914e+00 5.233869330000000542e-01 2.142524988299999933e+00 3.109360186999999831e-01 3.562360681000000251e-01 -6.885175385999999786e-01 5.498711259540000063e-01
1.403715984484058142e+09 1.682062459700000012e+00 5.702686805000000136e-01 2.147230440299999987e+00 3.195855573999999977e-01 3.718996408999999947e-01 -6.811899877000000547e-01 5.436321635530000362e-01
1.403715984534058094e+09 1.676356287900000019e+00 6.178323383999999585e-01 2.151595882300000095e+00 3.273171477999999857e-01 3.884567407000000250e-01 -6.749829773000000088e-01 5.351287935749999836e-01
1.403715984584058046e+09 1.666933614099999961e+00 6.658399109999999510e-01 2.155127404899999988e+00 3.320428926999999808e-01 4.072678390000000204e-01 -6.699804507000000076e-01 5.244107364090000445e-01
1.403715984634057999e+09 1.654452065899999935e+00 7.141898523999999915e-01 2.158339573900000197e+00 3.354279458000000158e-01 4.272297858999999920e-01 -6.642112048999999629e-01 5.136012835119999620e-01
1.403715984684058189e+09 1.639421098599999960e+00 7.633255990999999741e-01 2.161562325599999834e+00 3.411042254000000162e-01 4.464943941000000249e-01 -6.577621725000000197e-01 5.016369083720000344e-01
1.403715984734057903e+09 1.622123170300000083e+00 8.129293869999999478e-01 2.164857485999999831e+00 3.495262706999999747e-01 4.645486030000000044e-01 -6.502849612000000112e-01 4.890352244389999936e-01
1.403715984784058094e+09 1.603223960200000020e+00 8.628774483000000162e-01 2.168343612200000159e+00 3.623276147999999752e-01 4.798651379000000161e-01 -6.416214339000000377e-01 4.762038266859999758e-01
1.403715984834058046e+09 1.583169587099999998e+00 9.123521725000000027e-01 2.172481907399999912e+00 3.768918521999999882e-01 4.931757008000000053e-01 -6.319047003000000107e-01 4.641408296289999957e-01
1.403715984884057999e+09 1.561210820599999938e+00 9.608031490999999757e-01 2.176606265299999787e+00 3.907512193000000078e-01 5.064321121000000536e-01 -6.211392196999999671e-01 4.527980457369999989e-01
1.403715984934057951e+09 1.537769116700000049e+00 1.007740422599999963e+00 2.180471453100000012e+00 4.031914802000000075e-01 5.194524968000000520e-01 -6.094416147000000228e-01 4.429296242690000107e-01
1.403715984984058142e+09 1.512841470899999985e+00 1.052934167200000104e+00 2.183993247600000132e+00 4.137254119000000063e-01 5.321179401000000198e-01 -5.968384251999999668e-01 4.352765507029999759e-01
1.403715985034058094e+09 1.486307622700000053e+00 1.096371457899999902e+00 2.187148254399999825e+00 4.215528288000000012e-01 5.450397083000000364e-01 -5.834529458999999640e-01 4.298925317460000062e-01
1.403715985084058046e+09 1.458050122099999957e+00 1.138109569899999896e+00 2.190028907499999899e+00 4.271848557999999851e-01 5.563504652999999855e-01 -5.716614878000000344e-01 4.256646591259999890e-01
1.403715985134057999e+09 1.428249145099999895e+00 1.178175100999999891e+00 2.192740137499999964e+00 4.304105332000000006e-01 5.662195035999999515e-01 -5.626713572999999524e-01 4.213587430619999963e-01
1.403715985184058189e+09 1.397138992399999946e+00 1.216901637599999919e+00 2.196059800500000048e+00 4.331157315999999979e-01 5.736621067999999601e-01 -5.545736233000000404e-01 4.192501003090000067e-01
1.403715985234057903e+09 1.364739311599999949e+00 1.254484325800000022e+00 2.199294194100000155e+00 4.333988053000000229e-01 5.800906362000000094e-01 -5.475083525999999701e-01 4.193982990119999865e-01
1.403715985284058094e+09 1.330983056700000056e+00 1.291025896699999898e+00 2.202251220299999979e+00 4.290819115000000239e-01 5.875125992999999935e-01 -5.398514844999999784e-01 4.234123681959999774e-01
1.403715985334058046e+09 1.295995104299999978e+00 1.327379012199999986e+00 2.205553801399999791e+00 4.251581085999999732e-01 5.925778595999999787e-01 -5.343497745999999937e-01 4.272731929510000248e-01
1.403715985384057999e+09 1.259788344499999990e+00 1.363995376499999912e+00 2.209162448799999900e+00 4.215610630000000136e-01 5.952009401000000199e-01 -5.315090747999999810e-01 4.307205758289999742e-01
1.403715985434057951e+09 1.221934931300000082e+00 1.401479708899999954e+00 2.213275237299999976e+00 4.212386048999999799e-01 5.933855004000000433e-01 -5.341334004000000135e-01 4.302943134839999906e-01
1.403715985484058142e+09 1.182726045999999975e+00 1.439241550800000047e+00 2.216683264999999903e+00 4.193020592999999741e-01 5.902419347999999788e-01 -5.407831006000000107e-01 4.281984114960000198e-01
1.403715985534058094e+09 1.142141947200000063e+00 1.477443697400000033e+00 2.219382435099999995e+00 4.150745024999999977e-01 5.871691098000000331e-01 -5.504190789999999778e-01 4.242457205169999912e-01
1.403715985584058046e+09 1.100803591600000075e+00 1.515905040600000087e+00 2.221539950399999963e+00 4.080878297000000154e-01 5.845274731999999807e-01 -5.621451525999999754e-01 4.192669600230000126e-01
1.403715985634057999e+09 1.058647588199999934e+00 1.554464619400000025e+00 2.222801499400000047e+00 3.986998006999999955e-01 5.826759041000000305e-01 -5.752051983999999507e-01 4.131177064079999961e-01
1.403715985684058189e+09 1.016733825900000054e+00 1.593365251700000096e+00 2.222959222800000134e+00 3.888902456000000174e-01 5.814288909000000505e-01 -5.880200769000000216e-01 4.061246248109999790e-01
1.403715985734057903e+09 9.754733445000000058e-01 1.632336795699999898e+00 2.221453641900000164e+00 3.793734664000000256e-01 5.803730388000000184e-01 -6.008457477999999963e-01 3.977779482350000118e-01
1.403715985784058094e+09 9.361809003000000073e-01 1.671606503900000096e+00 2.218996710099999881e+00 3.739345741999999806e-01 5.766610656999999751e-01 -6.138837569999999744e-01 3.883061709449999732e-01
1.403715985834058046e+09 8.992201117000000465e-01 1.710091643099999947e+00 2.214639824299999837e+00 3.706284254000000167e-01 5.718009077000000273e-01 -6.248539800000000310e-01 3.810981447060000082e-01
1.403715985884057999e+09 8.647886625999999799e-01 1.747367687499999933e+00 2.207361096900000152e+00 3.695189447000000182e-01 5.659362151000000285e-01 -6.326917065999999590e-01 3.779856536169999837e-01
1.403715985934057951e+09 8.332488944000000508e-01 1.783383820200000081e+00 2.197231707099999820e+00 3.710746402000000277e-01 5.591809077999999600e-01 -6.376782796000000086e-01 3.781358690280000046e-01
1.403715985984058142e+09 8.043667840999999541e-01 1.817761731100000056e+00 2.184017148600000180e+00 3.733390379000000037e-01 5.528703670000000292e-01 -6.403482880999999960e-01 3.806657194210000261e-01
1.403715986034058094e+09 7.771861973999999451e-01 1.850889757200000041e+00 2.167288788600000071e+00 3.760914893000000259e-01 5.470484969000000142e-01 -6.419645176999999592e-01 3.836335383869999838e-01
1.403715986084058046e+09 7.521139282000000037e-01 1.882430435200000085e+00 2.147635498100000095e+00 3.792336150000000239e-01 5.415691381999999665e-01 -6.422054059999999787e-01 3.878878063739999993e-01
1.403715986134057999e+09 7.290841277999999814e-01 1.912208289300000086e+00 2.125685858999999844e+00 3.827083667999999772e-01 5.365118819999999955e-01 -6.430831099999999578e-01 3.900428438569999989e-01
1.403715986184058189e+09 7.078096677999999864e-01 1.939844058899999890e+00 2.102324253899999995e+00 3.860979236000000037e-01 5.324954556000000006e-01 -6.429957566999999763e-01 3.923435229080000086e-01
1.403715986234057903e+09 6.878798252000000168e-01 1.964822763899999991e+00 2.078568636500000011e+00 3.878288326000000064e-01 5.300975126000000426e-01 -6.424249418999999905e-01 3.948108633890000108e-01
1.403715986284058094e+09 6.695640445999999635e-01 1.987282918800000076e+00 2.054730118000000161e+00 3.873483576999999789e-01 5.297829334000000445e-01 -6.407527524999999669e-01 3.984058275790000048e-01
1.403715986334058046e+09 6.521377143000000043e-01 2.007361015799999926e+00 2.031156103399999857e+00 3.857878666999999817e-01 5.308558984000000258e-01 -6.357207742999999578e-01 4.064711972830000186e-01
1.403715986384057999e+09 6.353903369000000190e-01 2.025779807400000188e+00 2.008508090199999874e+00 3.859761465000000058e-01 5.309369069999999580e-01 -6.291553664000000268e-01 4.162834852219999826e-01
1.403715986434057951e+09 6.187473585999999637e-01 2.043055427700000148e+00 1.985469915199999935e+00 3.855723247999999770e-01 5.314162142999999672e-01 -6.239071009000000112e-01 4.238758295899999751e-01
1.403715986484058142e+09 6.021583531999999961e-01 2.059702338900000207e+00 1.961430118800000066e+00 3.833607666000000136e-01 5.338594515000000262e-01 -6.214694414000000444e-01 4.263852038600000061e-01
1.403715986534058094e+09 5.850663007999999943e-01 2.075822595100000001e+00 1.935621993500000082e+00 3.777785685999999754e-01 5.388251421999999957e-01 -6.220213028000000088e-01 4.243115813569999784e-01
1.403715986584058046e+09 5.676661144000000325e-01 2.091591541900000184e+00 1.908767577999999965e+00 3.701947117000000120e-01 5.448750792000000009e-01 -6.250803750000000214e-01 4.187380425430000108e-01
1.403715986634057999e+09 5.509358003000000004e-01 2.106997375100000180e+00 1.881225546300000051e+00 3.617979814999999766e-01 5.517605960000000476e-01 -6.292169600000000473e-01 4.107900710860000193e-01
1.403715986684058189e+09 5.359326959000000334e-01 2.121955433500000154e+00 1.853499745599999970e+00 3.542797346000000069e-01 5.576551183000000300e-01 -6.335408416000000154e-01 4.026569764719999944e-01
1.403715986734057903e+09 5.235723288000000419e-01 2.136515544499999919e+00 1.826725514500000092e+00 3.491165218000000237e-01 5.618151178000000412e-01 -6.364974475000000353e-01 3.966767285330000115e-01
1.403715986784058094e+09 5.149544142999999963e-01 2.150631157199999866e+00 1.801403401700000018e+00 3.466732291999999882e-01 5.643605512999999574e-01 -6.370400793999999589e-01 3.943282610320000270e-01
1.403715986834058046e+09 5.102049196000000286e-01 2.164134114899999961e+00 1.777809717300000036e+00 3.470365197999999984e-01 5.646557926999999921e-01 -6.362581373000000262e-01 3.948481636489999946e-01
1.403715986884057999e+09 5.086454753000000384e-01 2.177183079599999793e+00 1.755467645299999990e+00 3.494526258000000274e-01 5.637480355999999748e-01 -6.338127491999999696e-01 3.979351876969999813e-01
1.403715986934057951e+09 5.100292937999999499e-01 2.189648810900000075e+00 1.734115974699999896e+00 3.538057545000000137e-01 5.602566697999999956e-01 -6.319341049000000154e-01 4.019866155669999941e-01
1.403715986984058142e+09 5.137645471999999769e-01 2.201343239999999923e+00 1.713600025999999943e+00 3.594109289999999901e-01 5.544964060999999500e-01 -6.292384659999999963e-01 4.091655809490000184e-01
1.403715987034058094e+09 5.194545940000000472e-01 2.212553235600000168e+00 1.694238088599999914e+00 3.687028023999999737e-01 5.441184033000000531e-01 -6.286073974000000453e-01 4.157476958490000096e-01
1.403715987084058046e+09 5.261353209000000364e-01 2.222926883299999989e+00 1.675056034800000093e+00 3.756505312000000263e-01 5.340386051000000078e-01 -6.279977332999999717e-01 4.234481003180000092e-01
1.403715987134057999e+09 5.329684601999999938e-01 2.232716689700000146e+00 1.656447408300000035e+00 3.840710687000000179e-01 5.213607004000000433e-01 -6.315280974000000436e-01 4.264325227110000172e-01
1.403715987184058189e+09 5.394289719999999511e-01 2.241065666899999975e+00 1.637994269500000044e+00 3.904719994999999999e-01 5.093606452000000173e-01 -6.345899479000000065e-01 4.305565569199999998e-01
1.403715987234057903e+09 5.449457495999999734e-01 2.247760144999999987e+00 1.619614225100000082e+00 3.947081427999999947e-01 4.986083727000000243e-01 -6.376327750000000405e-01 4.347638634409999869e-01
1.403715987284058094e+09 5.490327698000000423e-01 2.252439528200000041e+00 1.601416565000000070e+00 3.973560312000000150e-01 4.888117334000000036e-01 -6.407917749999999524e-01 4.388133712739999970e-01
1.403715987334058046e+09 5.514238970000000517e-01 2.255192024099999859e+00 1.582844252499999937e+00 3.959019394000000136e-01 4.830822247000000069e-01 -6.435391704999999796e-01 4.424370629320000248e-01
1.403715987384057999e+09 5.520280683999999605e-01 2.255782894000000205e+00 1.564015137199999961e+00 3.901177502000000019e-01 4.819281075999999886e-01 -6.443028016999999830e-01 4.476911209180000073e-01
1.403715987434057951e+09 5.506684504000000091e-01 2.255061524099999826e+00 1.545270922000000047e+00 3.830501457000000110e-01 4.830954062000000215e-01 -6.443304907000000359e-01 4.524705880970000260e-01
1.403715987484058142e+09 5.477961930000000423e-01 2.253430733600000124e+00 1.526925285299999935e+00 3.748128461999999939e-01 4.859472168000000258e-01 -6.441247848000000165e-01 4.565894155610000227e-01
1.403715987534058094e+09 5.436851870000000142e-01 2.251595686399999963e+00 1.509231217800000024e+00 3.674745226999999725e-01 4.892819641000000219e-01 -6.450729746000000153e-01 4.576532444799999988e-01
1.403715987584058046e+09 5.385653001000000328e-01 2.249303843499999900e+00 1.492160608000000055e+00 3.615309700000000070e-01 4.924643196999999861e-01 -6.461571245999999658e-01 4.574442280600000132e-01
1.403715987634057999e+09 5.327030117000000065e-01 2.246698370199999850e+00 1.475851312100000090e+00 3.573491505999999984e-01 4.948808373999999954e-01 -6.467546530000000127e-01 4.572777713469999838e-01
1.403715987684058189e+09 5.265162901000000062e-01 2.244136961300000177e+00 1.460557319999999937e+00 3.548045635000000031e-01 4.968021389999999760e-01 -6.463118316000000529e-01 4.578016740490000180e-01
1.403715987734057903e+09 5.200458832000000031e-01 2.241766847700000120e+00 1.445487371300000046e+00 3.521280978999999922e-01 4.993530293999999814e-01 -6.461342301000000399e-01 4.573433188559999918e-01
1.403715987784058094e+09 5.133842929999999916e-01 2.239336581799999948e+00 1.430301821600000078e+00 3.483747409999999878e-01 5.027469481999999878e-01 -6.466205603000000357e-01 4.558096059360000063e-01
1.403715987834058046e+09 5.066267249000000472e-01 2.237367125000000012e+00 1.414657908299999933e+00 3.438306864999999823e-01 5.071699249000000131e-01 -6.489472217999999737e-01 4.510284132960000192e-01
1.403715987884057999e+09 5.000310369999999560e-01 2.235548159399999957e+00 1.399366751200000092e+00 3.389710216999999859e-01 5.117169073999999762e-01 -6.513170828000000023e-01 4.461283567639999781e-01
1.403715987934057951e+09 4.943433817999999813e-01 2.233841686299999907e+00 1.384553146900000087e+00 3.357690774000000045e-01 5.153984073999999804e-01 -6.536632823000000370e-01 4.408490918429999739e-01
1.403715987984058142e+09 4.899253062999999742e-01 2.231991571500000049e+00 1.370154204899999950e+00 3.325650833000000084e-01 5.190960206000000410e-01 -6.548823603000000215e-01 4.371142653019999824e-01
1.403715988034058094e+09 4.873586205000000060e-01 2.230170814100000065e+00 1.357120865900000029e+00 3.322040258999999773e-01 5.208396398000000316e-01 -6.546639776999999549e-01 4.356393359440000057e-01
1.403715988084058046e+09 4.867215879999999828e-01 2.228466824299999871e+00 1.345321297999999999e+00 3.346753776999999985e-01 5.208896801000000298e-01 -6.526553666000000087e-01 4.367004752659999767e-01
1.403715988134057999e+09 4.878403011999999928e-01 2.226573450800000131e+00 1.334605849799999966e+00 3.384245517000000203e-01 5.196139459999999932e-01 -6.492157268999999564e-01 4.404419483040000194e-01
1.403715988184058189e+09 4.900486275000000003e-01 2.224670471600000088e+00 1.324554370700000039e+00 3.420799265999999728e-01 5.186854825000000169e-01 -6.451768262000000531e-01 4.446274362029999927e-01
1.403715988234057903e+09 4.930235595999999942e-01 2.222834256600000113e+00 1.314722829299999951e+00 3.454217763999999913e-01 5.175467508000000105e-01 -6.413495568999999508e-01 4.488874056170000237e-01
1.403715988284058094e+09 4.960400609999999766e-01 2.221395352200000062e+00 1.305468987100000033e+00 3.488825615000000213e-01 5.160371062999999925e-01 -6.372577164999999599e-01 4.537502242220000093e-01
1.403715988334058046e+09 4.988927060000000191e-01 2.220662162900000069e+00 1.296799716099999999e+00 3.514466325999999752e-01 5.151242522000000212e-01 -6.337532834000000337e-01 4.576997323750000013e-01
1.403715988384057999e+09 5.019484317000000306e-01 2.220706144199999788e+00 1.289417328300000110e+00 3.557319896000000203e-01 5.128257535000000367e-01 -6.314396368000000370e-01 4.601613664249999958e-01
1.403715988434057951e+09 5.047282236000000255e-01 2.221280527999999865e+00 1.282437888600000075e+00 3.591843844000000008e-01 5.107432347999999456e-01 -6.309887120999999599e-01 4.604141301590000124e-01
1.403715988484058142e+09 5.067568759999999672e-01 2.222272766700000179e+00 1.276061581700000058e+00 3.633172524000000125e-01 5.080270626999999761e-01 -6.311996573999999471e-01 4.598870189550000043e-01
1.403715988534058094e+09 5.079279126000000311e-01 2.223743532799999922e+00 1.269979182599999978e+00 3.678908488000000032e-01 5.045926651000000041e-01 -6.335027790999999686e-01 4.568553322430000119e-01
1.403715988584058046e+09 5.082686714999999911e-01 2.225180745399999882e+00 1.264320503800000051e+00 3.709944517000000053e-01 5.020439294999999857e-01 -6.355100199000000005e-01 4.543589157430000247e-01
1.403715988634057999e+09 5.076761457999999783e-01 2.226276514999999900e+00 1.259155250000000059e+00 3.746010486999999944e-01 4.991580157000000129e-01 -6.384906139999999564e-01 4.503832428610000105e-01
1.403715988684058189e+09 5.057840326000000442e-01 2.226863992599999786e+00 1.254274983499999996e+00 3.778187727999999801e-01 4.963996714000000199e-01 -6.423863373000000543e-01 4.451742746830000264e-01
1.403715988734057903e+09 5.028989381999999786e-01 2.226380863899999785e+00 1.249651791200000028e+00 3.783414643999999938e-01 4.954855334000000111e-01 -6.454057042999999938e-01 4.413652675260000269e-01
1.403715988784058094e+09 4.992721960000000014e-01 2.224501558900000120e+00 1.245135910699999959e+00 3.764726113999999901e-01 4.963732882999999929e-01 -6.485770582000000006e-01 4.372982175049999753e-01
1.403715988834058046e+09 4.949929007000000158e-01 2.220970161699999945e+00 1.240657566999999961e+00 3.719447061999999748e-01 4.992582690999999850e-01 -6.502523119999999990e-01 4.353966547099999973e-01
1.403715988884057999e+09 4.904882098000000190e-01 2.216123741400000124e+00 1.236718627599999953e+00 3.665479057000000096e-01 5.026808128999999958e-01 -6.509792259000000136e-01 4.349490552360000262e-01
1.403715988934057951e+09 4.861734157000000001e-01 2.210015563199999811e+00 1.233626829399999902e+00 3.618399647000000163e-01 5.054176219999999553e-01 -6.512459148999999448e-01 4.353201415790000084e-01
1.403715988984058142e+09 4.822116466999999962e-01 2.202931156200000018e+00 1.231568982800000045e+00 3.583730553000000207e-01 5.072745050000000422e-01 -6.508730485999999482e-01 4.365840175890000063e-01
1.403715989034058094e+09 4.786250371999999920e-01 2.195059547400000088e+00 1.230051590400000006e+00 3.549170294999999808e-01 5.091655585000000039e-01 -6.499881561999999446e-01 4.385199345379999780e-01
1.403715989084058046e+09 4.752632084999999784e-01 2.186903557399999976e+00 1.228755412900000010e+00 3.527071346000000274e-01 5.100020304000000282e-01 -6.502161726999999836e-01 4.389926366529999791e-01
1.403715989134057999e+09 4.724667552999999853e-01 2.178157158699999929e+00 1.228015813100000075e+00 3.513525056999999840e-01 5.103079767999999516e-01 -6.493374682000000453e-01 4.410193169639999855e-01
1.403715989184058189e+09 4.701963282000000133e-01 2.169255643600000116e+00 1.227566593399999961e+00 3.505246445999999905e-01 5.103093157000000435e-01 -6.495451437999999467e-01 4.413705722660000164e-01
1.403715989234057903e+09 4.686000220000000049e-01 2.160038055099999799e+00 1.227151993399999919e+00 3.491848356999999736e-01 5.106790204000000166e-01 -6.496049889999999660e-01 4.419165609960000185e-01
1.403715989284058094e+09 4.676588527000000162e-01 2.150676691999999779e+00 1.226864659599999907e+00 3.492087340999999734e-01 5.099511956000000179e-01 -6.497401382999999919e-01 4.425390274950000147e-01
1.403715989334058046e+09 4.670436763999999963e-01 2.141097786500000044e+00 1.226402887999999969e+00 3.489137824999999915e-01 5.097300276999999769e-01 -6.494809424999999914e-01 4.434061079639999847e-01
1.403715989384057999e+09 4.670055423999999733e-01 2.131307020900000015e+00 1.226141811800000037e+00 3.491215182999999889e-01 5.091239507000000497e-01 -6.490856233999999780e-01 4.445163909700000082e-01
1.403715989434057951e+09 4.674100909000000192e-01 2.121568704099999980e+00 1.225548734800000039e+00 3.480021435000000274e-01 5.096079750999999991e-01 -6.493612024999999566e-01 4.444370016990000227e-01
1.403715989484058142e+09 4.682416858999999820e-01 2.111917860300000171e+00 1.225542759599999920e+00 3.482519914000000161e-01 5.091412897999999521e-01 -6.497285269999999446e-01 4.442392809349999805e-01
1.403715989534058094e+09 4.693907459000000171e-01 2.102136055399999925e+00 1.225094298799999981e+00 3.478058638000000036e-01 5.091686689000000099e-01 -6.502757568000000488e-01 4.437564510159999753e-01
1.403715989584058046e+09 4.713870579000000172e-01 2.091954453900000122e+00 1.224968661899999978e+00 3.481939976999999797e-01 5.087289549000000299e-01 -6.491674322999999580e-01 4.455753979040000257e-01
1.403715989634057999e+09 4.742932371999999952e-01 2.081334109600000204e+00 1.225265003300000100e+00 3.496668045999999919e-01 5.074868519999999883e-01 -6.468727288000000186e-01 4.491613223179999892e-01
1.403715989684058189e+09 4.771955387999999854e-01 2.071071887000000000e+00 1.225255315500000108e+00 3.514180156999999749e-01 5.063077969999999484e-01 -6.441016800000000098e-01 4.530902987329999965e-01
1.403715989734057903e+09 4.803159049999999874e-01 2.061080475299999826e+00 1.224429289599999970e+00 3.533798148999999778e-01 5.050093480999999773e-01 -6.416788450999999505e-01 4.564389602780000166e-01
1.403715989784058094e+09 4.833992245000000021e-01 2.051239269099999873e+00 1.222573887700000084e+00 3.543508096999999912e-01 5.045821190000000511e-01 -6.393752266000000128e-01 4.593818765279999994e-01
1.403715989834058046e+09 4.862404611999999737e-01 2.041728052399999882e+00 1.219650279999999976e+00 3.546267103999999892e-01 5.047837602000000423e-01 -6.376255665000000183e-01 4.613749979099999732e-01
1.403715989884057999e+09 4.885096190000000060e-01 2.032699609899999871e+00 1.215825574699999967e+00 3.546919292999999862e-01 5.052195072999999814e-01 -6.359759863999999707e-01 4.631213981899999776e-01
1.403715989934057951e+09 4.903088636999999861e-01 2.024064785299999780e+00 1.211248887100000005e+00 3.531682368999999877e-01 5.067300028000000234e-01 -6.340104194000000248e-01 4.653253579589999855e-01
1.403715989984058142e+09 4.914325601999999793e-01 2.016516786600000000e+00 1.206649148499999935e+00 3.526516243000000217e-01 5.077757505000000116e-01 -6.334192821999999889e-01 4.653822428989999871e-01
1.403715990034058094e+09 4.920431076999999820e-01 2.009499050800000131e+00 1.202257884800000065e+00 3.518861520000000076e-01 5.091001497999999570e-01 -6.327077047000000398e-01 4.654826890989999799e-01
1.403715990084058046e+09 4.924671903999999767e-01 2.003211531099999831e+00 1.197682548900000032e+00 3.517828971999999998e-01 5.098771448000000150e-01 -6.324478230000000201e-01 4.650632662190000155e-01
1.403715990134057999e+09 4.922971831999999881e-01 1.997480172800000009e+00 1.192386409200000053e+00 3.511261130000000175e-01 5.108303446999999942e-01 -6.325042428999999577e-01 4.644364267330000073e-01
1.403715990184058189e+09 4.919037920000000064e-01 1.992461317699999901e+00 1.186167222599999960e+00 3.508976293000000135e-01 5.118841083999999819e-01 -6.326280125000000032e-01 4.632788697060000183e-01
1.403715990234057903e+09 4.912582474000000143e-01 1.988080747399999959e+00 1.178952203799999987e+00 3.495425836000000119e-01 5.133452171000000286e-01 -6.325485840000000248e-01 4.627947268559999827e-01
1.403715990284058094e+09 4.903830495000000012e-01 1.984691504099999948e+00 1.171560916200000024e+00 3.492533709999999791e-01 5.141521381000000446e-01 -6.322787266999999600e-01 4.624859711689999764e-01
1.403715990334058046e+09 4.894402434999999829e-01 1.982150056899999901e+00 1.164012537400000102e+00 3.485290218000000051e-01 5.151086723000000145e-01 -6.318590659999999692e-01 4.625415628510000099e-01
1.403715990384057999e+09 4.884537508999999833e-01 1.980318520199999988e+00 1.155450605600000014e+00 3.478142551999999776e-01 5.160666422999999892e-01 -6.314450538000000446e-01 4.625771379770000080e-01
1.403715990434057951e+09 4.874332066000000019e-01 1.979341427200000059e+00 1.144992364499999971e+00 3.468999561000000176e-01 5.172197605999999670e-01 -6.314864499000000242e-01 4.619188275569999780e-01
1.403715990484058142e+09 4.866054632999999852e-01 1.979200624399999997e+00 1.132468978899999978e+00 3.453155030000000236e-01 5.186204566000000016e-01 -6.312779849999999859e-01 4.618204533299999914e-01
1.403715990534058094e+09 4.858902905999999966e-01 1.980119003099999997e+00 1.118426867199999952e+00 3.450509325000000183e-01 5.190793816000000005e-01 -6.315835604999999742e-01 4.610842175500000084e-01
1.403715990584058046e+09 4.854599252999999837e-01 1.982090749299999954e+00 1.102616041399999913e+00 3.438488592999999760e-01 5.201352370999999808e-01 -6.320235391999999841e-01 4.601885949910000106e-01
1.403715990634057999e+09 4.852526549999999772e-01 1.985057343600000079e+00 1.085794894900000029e+00 3.422276014000000255e-01 5.213956889999999955e-01 -6.328961212999999475e-01 4.587693363320000106e-01
1.403715990684058189e+09 4.853578402000000014e-01 1.989063422200000097e+00 1.068385431000000052e+00 3.402189011999999790e-01 5.229756611000000444e-01 -6.338081343999999451e-01 4.572032436560000135e-01
1.403715990734057903e+09 4.860457048999999863e-01 1.994115788600000050e+00 1.050625372899999910e+00 3.390092963999999931e-01 5.240614760999999788e-01 -6.349970734000000006e-01 4.552043310419999766e-01
1.403715990784058094e+09 4.876220030000000261e-01 1.999894990800000105e+00 1.033148292099999921e+00 3.379630617000000115e-01 5.248191033000000338e-01 -6.353855858000000412e-01 4.545668653580000051e-01
1.403715990834058046e+09 4.897115286000000012e-01 2.006729153000000210e+00 1.016232179399999991e+00 3.366077398000000276e-01 5.260919795999999815e-01 -6.365408909999999976e-01 4.524800023660000003e-01
1.403715990884057999e+09 4.927940835999999880e-01 2.014501557300000023e+00 1.000299115500000058e+00 3.349558147999999735e-01 5.273069027000000242e-01 -6.369983519999999899e-01 4.516471322010000011e-01
1.403715990934057951e+09 4.971475370999999810e-01 2.023436127200000101e+00 9.856261691000000047e-01 3.340608593000000126e-01 5.280748650000000044e-01 -6.375413102000000443e-01 4.506454892890000008e-01
1.403715990984058142e+09 5.029294162999999873e-01 2.033326237199999831e+00 9.723537317999999541e-01 3.336154913000000111e-01 5.287238520000000497e-01 -6.366998167999999847e-01 4.514035175109999964e-01
1.403715991034058094e+09 5.100363602999999912e-01 2.044438575800000102e+00 9.615898322999999470e-01 3.348679776999999858e-01 5.281655529000000016e-01 -6.353145746999999677e-01 4.530783346480000140e-01
1.403715991084058046e+09 5.182305131000000120e-01 2.056583865299999925e+00 9.527652925999999800e-01 3.371277635000000106e-01 5.269426311999999557e-01 -6.332658044000000208e-01 4.556871246399999964e-01
1.403715991134057999e+09 5.260491384000000048e-01 2.067860783500000021e+00 9.494551143999999665e-01 3.462115649999999989e-01 5.202246775000000101e-01 -6.327151908000000491e-01 4.573568896440000087e-01
1.403715991184058189e+09 5.292482684000000548e-01 2.073849031499999995e+00 9.500868318999999840e-01 3.436784600000000189e-01 5.224687112000000466e-01 -6.307056340000000150e-01 4.594801031549999859e-01
1.403715991234057903e+09 5.300530119999999901e-01 2.076408915800000088e+00 9.521918675999999637e-01 3.389632088999999793e-01 5.264796439000000161e-01 -6.278057780000000365e-01 4.623667728490000184e-01
1.403715991284058094e+09 5.301698973999999787e-01 2.077688636600000027e+00 9.520617582000000523e-01 3.377333784000000061e-01 5.270332864000000228e-01 -6.257602935999999616e-01 4.653988988950000238e-01
1.403715991334058046e+09 5.295337388999999950e-01 2.076455105700000026e+00 9.504757293000000162e-01 3.425239301999999930e-01 5.231743506999999571e-01 -6.269985021999999741e-01 4.645845824609999841e-01
1.403715991384057999e+09 5.284551713999999789e-01 2.074181369400000197e+00 9.474804677999999480e-01 3.501189322000000104e-01 5.178653144000000541e-01 -6.324415314000000343e-01 4.574384753929999770e-01
1.403715991434057951e+09 5.285486955000000542e-01 2.074606904499999960e+00 9.477379393999999513e-01 3.474625728999999885e-01 5.198734296999999449e-01 -6.305897538000000413e-01 4.597368159840000135e-01
1.403715991484058142e+09 5.288202164999999955e-01 2.075614847100000215e+00 9.484402991000000505e-01 3.486912369999999872e-01 5.189673514999999515e-01 -6.311967571000000055e-01 4.589966919230000220e-01
1.403715991534058094e+09 5.282101944999999521e-01 2.074471364299999898e+00 9.469509244999999575e-01 3.484637394999999804e-01 5.191997094000000423e-01 -6.312645099000000481e-01 4.588134725240000100e-01
1.403715991584058046e+09 5.280758853000000475e-01 2.074820826399999874e+00 9.472676596000000337e-01 3.495330802000000125e-01 5.184672148000000202e-01 -6.309121948000000479e-01 4.593127207439999804e-01
1.403715991634057999e+09 5.282601434000000484e-01 2.074757983100000036e+00 9.473675575000000126e-01 3.489869562999999841e-01 5.187720375000000050e-01 -6.315522909999999879e-01 4.585034145799999905e-01
1.403715991684058189e+09 5.283004940000000094e-01 2.074781669400000084e+00 9.465108997000000191e-01 3.485686185999999909e-01 5.190873929999999525e-01 -6.314258000000000370e-01 4.586389164679999797e-01
1.403715991734057903e+09 5.282217394999999538e-01 2.075021269300000082e+00 9.468171251000000455e-01 3.497297039999999746e-01 5.182748002000000520e-01 -6.313805323000000191e-01 4.587362958399999746e-01
1.403715991784058094e+09 5.283465580999999744e-01 2.074800470000000008e+00 9.468611189000000206e-01 3.487342667000000174e-01 5.189405596999999704e-01 -6.313042223999999480e-01 4.588464728300000184e-01
1.403715991834058046e+09 5.283991287999999509e-01 2.074957642699999827e+00 9.466085884999999589e-01 3.494798490000000091e-01 5.183980450999999823e-01 -6.317253612000000018e-01 4.583125244380000241e-01
1.403715991884057999e+09 5.283537215000000398e-01 2.074850073399999939e+00 9.466692302000000447e-01 3.491323190000000243e-01 5.186452337000000412e-01 -6.312075594999999595e-01 4.590106340740000013e-01
1.403715991934057951e+09 5.283533271000000475e-01 2.074800674400000045e+00 9.467583644000000520e-01 3.492502013000000072e-01 5.185416004999999773e-01 -6.316664240999999569e-01 4.584064072640000043e-01
1.403715991984058142e+09 5.283192961999999548e-01 2.074764135300000145e+00 9.466431843999999485e-01 3.492013668000000237e-01 5.186184788000000045e-01 -6.313718887000000501e-01 4.587622663490000252e-01
1.403715992034058094e+09 5.284034267999999646e-01 2.074829426199999993e+00 9.467454950000000480e-01 3.493238368000000094e-01 5.184812379000000027e-01 -6.315800015000000434e-01 4.585376370659999812e-01
1.403715992084058046e+09 5.283392514000000428e-01 2.074766634700000001e+00 9.467666082000000261e-01 3.491449194999999839e-01 5.186415959000000298e-01 -6.316122818999999611e-01 4.584480839169999822e-01
1.403715992134057999e+09 5.282755716999999462e-01 2.074824392600000067e+00 9.468594031000000522e-01 3.493086494000000042e-01 5.184948342999999849e-01 -6.314449157000000534e-01 4.587198410710000007e-01
1.403715992184058189e+09 5.283276291999999819e-01 2.074979959000000207e+00 9.468538659999999885e-01 3.492297275999999839e-01 5.186042986000000132e-01 -6.316462159000000298e-01 4.583789227130000143e-01
1.403715992234057903e+09 5.282799900000000326e-01 2.074963470800000209e+00 9.469204409000000489e-01 3.490981962999999966e-01 5.186630930000000195e-01 -6.315509269000000314e-01 4.585438606000000195e-01
1.403715992284058094e+09 5.282910443999999650e-01 2.075005505200000044e+00 9.469279684000000419e-01 3.493331371999999768e-01 5.184832584999999883e-01 -6.315224814000000020e-01 4.586074851360000260e-01
1.403715992334058046e+09 5.283796925999999505e-01 2.075096823400000012e+00 9.468251590999999801e-01 3.491500151999999968e-01 5.186158199000000524e-01 -6.316290180000000420e-01 4.584503046439999951e-01
1.403715992384057999e+09 5.283875555999999474e-01 2.075080684900000083e+00 9.468381356999999721e-01 3.492586362999999805e-01 5.184998645999999711e-01 -6.315946972000000548e-01 4.585459997110000185e-01
1.403715992434057951e+09 5.284115832000000346e-01 2.075074699400000000e+00 9.468478920999999771e-01 3.492577433999999870e-01 5.184843651999999636e-01 -6.316545713000000228e-01 4.584817274099999840e-01
1.403715992484058142e+09 5.284218129000000097e-01 2.075072184300000178e+00 9.468235394999999777e-01 3.492164254999999828e-01 5.185053184000000259e-01 -6.316604799999999686e-01 4.584813637360000138e-01
1.403715992534058094e+09 5.283951168999999615e-01 2.075008052199999842e+00 9.468122005000000341e-01 3.493415535000000127e-01 5.184216010000000097e-01 -6.316779020999999661e-01 4.584567053179999796e-01
1.403715992584058046e+09 5.283370054999999565e-01 2.074942337600000020e+00 9.467566626000000207e-01 3.492776544000000261e-01 5.184469041000000500e-01 -6.317335631999999590e-01 4.584000793940000151e-01
1.403715992634057999e+09 5.283120408000000490e-01 2.074883499599999848e+00 9.466928671000000017e-01 3.492355323999999928e-01 5.184379112000000456e-01 -6.317108019999999602e-01 4.584737046210000111e-01
1.403715992684058189e+09 5.283235330000000118e-01 2.074826547599999849e+00 9.466536819999999963e-01 3.492983144999999845e-01 5.184608368999999994e-01 -6.317193426999999639e-01 4.583881762340000221e-01
1.403715992734057903e+09 5.283806583000000279e-01 2.074794263899999880e+00 9.466122893999999732e-01 3.493493957000000094e-01 5.183982976000000020e-01 -6.317842049999999876e-01 4.583305826879999767e-01
1.403715992784058094e+09 5.283731982999999577e-01 2.074783671200000068e+00 9.465596750000000448e-01 3.493205200999999760e-01 5.183632762000000005e-01 -6.318486916000000120e-01 4.583033046989999915e-01
1.403715992834058046e+09 5.283660810000000430e-01 2.074756777899999793e+00 9.465261779000000431e-01 3.492242879999999938e-01 5.183625616999999464e-01 -6.319096227999999593e-01 4.582934429059999926e-01
1.403715992884057999e+09 5.283252851999999944e-01 2.074779922399999865e+00 9.465473880000000451e-01 3.492551588999999734e-01 5.183391187000000455e-01 -6.319426494000000005e-01 4.582508918179999946e-01
1.403715992934057951e+09 5.282533591000000417e-01 2.074849334600000095e+00 9.465938900000000489e-01 3.492574869999999776e-01 5.183429794999999674e-01 -6.319436462999999948e-01 4.582433756220000154e-01
1.403715992984058142e+09 5.281824300999999888e-01 2.074927552800000186e+00 9.467025945999999470e-01 3.492327825000000052e-01 5.183722324999999742e-01 -6.319992039999999811e-01 4.581524837440000275e-01
1.403715993034058094e+09 5.281265467000000324e-01 2.075030472999999986e+00 9.468108269999999660e-01 3.492099886000000208e-01 5.183848862000000057e-01 -6.320291445000000286e-01 4.581142370849999867e-01
