1.413393213505760431e+09 -1.080552092300000044e+00 4.272539298999999957e-01 1.307723910200000006e+00 4.340338471999999892e-01 5.668555859999999669e-01 5.560183037000000494e-01 -4.255972392149999783e-01
1.413393213555760384e+09 -1.081836234400000096e+00 4.271738049000000093e-01 1.307526909499999945e+00 4.340269706000000061e-01 5.668909069999999994e-01 5.559887050999999802e-01 -4.255958741399999967e-01
1.413393213605760574e+09 -1.082758260999999944e+00 4.271218721999999746e-01 1.307392554300000009e+00 4.339999221999999990e-01 5.669556089999999715e-01 5.559333400999999508e-01 -4.256095937650000161e-01
1.413393213655760288e+09 -1.083346810399999915e+00 4.270903423999999893e-01 1.307326035800000064e+00 4.340064264999999866e-01 5.669887466999999903e-01 5.559014958000000339e-01 -4.256004109379999956e-01
1.413393213705760479e+09 -1.083681563400000103e+00 4.270210799999999973e-01 1.307269960900000028e+00 4.339531496999999849e-01 5.670011669000000198e-01 5.558911147999999747e-01 -4.256517462250000161e-01
1.413393213755760431e+09 -1.083821567099999994e+00 4.269766589999999806e-01 1.307261906399999951e+00 4.338671409000000034e-01 5.670360002000000010e-01 5.559042586000000341e-01 -4.256758552639999804e-01
1.413393213805760622e+09 -1.083842760600000066e+00 4.269659293999999994e-01 1.307193635099999973e+00 4.338748089000000197e-01 5.670543974999999737e-01 5.558931865999999777e-01 -4.256579914099999917e-01
1.413393213855760336e+09 -1.083798036899999984e+00 4.269336509000000168e-01 1.307201787499999934e+00 4.338701314999999781e-01 5.670693422000000483e-01 5.558668007000000522e-01 -4.256773073280000208e-01
1.413393213905760527e+09 -1.083666043300000048e+00 4.269000753000000148e-01 1.307228911599999988e+00 4.337524705999999952e-01 5.671400685999999913e-01 5.559162393000000035e-01 -4.256384284620000069e-01
1.413393213955760479e+09 -1.083518994100000077e+00 4.268026346000000082e-01 1.307309646500000033e+00 4.336432103000000260e-01 5.671484807000000128e-01 5.559856855999999459e-01 -4.256478407989999768e-01
1.413393214005760431e+09 -1.083467323600000087e+00 4.267965040000000210e-01 1.307527778999999946e+00 4.334920449999999925e-01 5.672226280000000065e-01 5.560400412999999542e-01 -4.256320120579999977e-01
1.413393214055760384e+09 -1.083386406500000065e+00 4.269143662000000061e-01 1.307491916400000065e+00 4.337779712000000010e-01 5.673547272000000197e-01 5.558013903999999838e-01 -4.254763207750000276e-01
1.413393214105760574e+09 -1.083309379999999988e+00 4.269814762999999957e-01 1.307571467700000101e+00 4.334948484999999740e-01 5.675069359000000091e-01 5.559143265999999528e-01 -4.254143338909999739e-01
1.413393214155760288e+09 -1.083236230200000039e+00 4.269947222000000098e-01 1.307534419400000036e+00 4.335965388999999948e-01 5.674042076999999962e-01 5.558702795000000085e-01 -4.255052749000000079e-01
1.413393214205760479e+09 -1.083115030200000106e+00 4.269364769999999809e-01 1.307583520199999905e+00 4.333725687000000160e-01 5.675167424999999488e-01 5.558485675000000015e-01 -4.256117170529999938e-01
1.413393214255760431e+09 -1.083140447999999978e+00 4.270055863000000174e-01 1.307521327099999908e+00 4.335557183000000037e-01 5.673786538999999740e-01 5.559041626999999819e-01 -4.255366777099999775e-01
1.413393214305760622e+09 -1.083090600000000014e+00 4.268867899000000077e-01 1.307463500599999939e+00 4.334626367000000147e-01 5.674634780999999739e-01 5.558566889999999594e-01 -4.255804094549999750e-01
1.413393214355760336e+09 -1.083045337699999999e+00 4.268671210000000160e-01 1.307422489499999951e+00 4.334422052999999941e-01 5.674672405999999780e-01 5.558053351999999725e-01 -4.256632647160000227e-01
1.413393214405760527e+09 -1.083052503500000041e+00 4.268792001999999752e-01 1.307397777800000105e+00 4.334629978999999800e-01 5.674402702999999937e-01 5.558743356999999996e-01 -4.255879367479999953e-01
1.413393214455760479e+09 -1.083012289600000067e+00 4.268638912000000118e-01 1.307408893799999916e+00 4.334012344000000017e-01 5.674383974000000164e-01 5.557994161000000544e-01 -4.257511529949999929e-01
1.413393214505760431e+09 -1.082999560099999981e+00 4.269309007000000045e-01 1.307367429699999972e+00 4.334497028000000030e-01 5.674314454000000119e-01 5.558475203999999614e-01 -4.256482632029999769e-01
1.413393214555760384e+09 -1.082937988799999918e+00 4.269039954000000137e-01 1.307392191699999984e+00 4.333340750999999935e-01 5.674813619999999892e-01 5.557587286999999820e-01 -4.258153574349999859e-01
1.413393214605760574e+09 -1.082893849099999972e+00 4.269072139999999793e-01 1.307343827900000033e+00 4.333704501000000264e-01 5.674730113999999492e-01 5.558053075000000121e-01 -4.257286630780000025e-01
1.413393214655760288e+09 -1.082855386399999897e+00 4.268626308999999841e-01 1.307377173799999959e+00 4.333176904000000107e-01 5.674966138999999465e-01 5.557631334999999506e-01 -4.258059555720000167e-01
1.413393214705760479e+09 -1.082833251100000060e+00 4.267989358000000011e-01 1.307369946499999935e+00 4.332858446000000252e-01 5.675006672000000307e-01 5.557236751999999891e-01 -4.258844519289999853e-01
1.413393214755760431e+09 -1.082835300800000011e+00 4.267854845999999869e-01 1.307334889200000072e+00 4.333191039000000022e-01 5.675008579000000442e-01 5.557370954999999446e-01 -4.258328440979999852e-01
1.413393214805760622e+09 -1.082825184500000093e+00 4.267529225999999731e-01 1.307304509299999973e+00 4.332431307999999870e-01 5.675604492000000389e-01 5.556659633999999626e-01 -4.259235414299999967e-01
1.413393214855760336e+09 -1.082816846999999916e+00 4.267637436999999756e-01 1.307270873200000016e+00 4.332783523000000026e-01 5.675651554999999737e-01 5.556609071000000455e-01 -4.258880369010000222e-01
1.413393214905760527e+09 -1.082804670400000058e+00 4.267812342000000259e-01 1.307257090300000035e+00 4.332842255000000087e-01 5.675512473999999585e-01 5.556898503999999628e-01 -4.258628319380000082e-01
1.413393214955760479e+09 -1.082777843499999948e+00 4.267739326000000166e-01 1.307320919199999931e+00 4.332416330000000149e-01 5.675851872999999603e-01 5.556571863000000500e-01 -4.259035499289999804e-01
1.413393215005760431e+09 -1.082752706900000028e+00 4.267790699999999826e-01 1.307422151499999963e+00 4.332413185000000277e-01 5.676195303000000081e-01 5.556454753999999774e-01 -4.258733784509999842e-01
1.413393215055760384e+09 -1.082762715999999958e+00 4.268520382000000057e-01 1.307523675799999952e+00 4.333306578000000187e-01 5.677054647000000509e-01 5.557656468999999655e-01 -4.255109776429999990e-01
1.413393215105760574e+09 -1.082769450200000039e+00 4.268106427999999730e-01 1.307573863500000044e+00 4.329515930000000234e-01 5.677993072000000474e-01 5.557424349999999791e-01 -4.258018445030000154e-01
1.413393215155760288e+09 -1.082812892600000021e+00 4.267997095000000130e-01 1.307496875100000011e+00 4.331195829999999747e-01 5.676568278000000412e-01 5.557177509999999820e-01 -4.258531833770000108e-01
1.413393215205760479e+09 -1.082845115600000074e+00 4.268325310000000150e-01 1.307481896799999932e+00 4.330456406000000036e-01 5.676539106000000334e-01 5.558567865000000330e-01 -4.257508001540000198e-01
1.413393215255760431e+09 -1.082890890799999895e+00 4.267974346999999780e-01 1.307433505099999893e+00 4.330517664999999905e-01 5.676838151999999971e-01 5.557561134999999819e-01 -4.258361138149999725e-01
1.413393215305760622e+09 -1.082912298499999926e+00 4.268325807000000194e-01 1.307430531200000079e+00 4.330712848000000115e-01 5.676948326999999850e-01 5.557721877000000310e-01 -4.257805944779999852e-01
1.413393215355760336e+09 -1.082904925300000043e+00 4.268206880000000036e-01 1.307420409899999969e+00 4.330754560999999780e-01 5.677369308999999920e-01 5.557120081999999961e-01 -4.257987676530000098e-01
1.413393215405760527e+09 -1.082796397799999921e+00 4.268420017999999816e-01 1.307513981500000089e+00 4.329184124000000078e-01 5.678667204999999774e-01 5.557771133000000141e-01 -4.257004067640000056e-01
1.413393215455760479e+09 -1.082803351799999980e+00 4.268708501999999849e-01 1.307587744399999918e+00 4.328332775000000021e-01 5.678780230000000095e-01 5.559427359999999929e-01 -4.255556122979999856e-01
1.413393215505760431e+09 -1.082863436700000070e+00 4.268548333000000139e-01 1.307668290200000083e+00 4.326959067999999742e-01 5.680572241000000355e-01 5.558987762000000554e-01 -4.255135638559999767e-01
1.413393215555760384e+09 -1.082984107799999984e+00 4.269053259000000211e-01 1.307826814400000037e+00 4.326405036000000037e-01 5.680960642000000282e-01 5.559729641999999750e-01 -4.254211085130000236e-01
1.413393215605760574e+09 -1.083277784899999929e+00 4.269262719999999955e-01 1.307892906600000016e+00 4.326793434999999799e-01 5.680721777999999667e-01 5.560380320000000154e-01 -4.253284536029999785e-01
1.413393215655760288e+09 -1.083586175300000010e+00 4.269080846000000151e-01 1.308041684199999999e+00 4.323705641000000210e-01 5.683270853999999872e-01 5.560092952999999838e-01 -4.253394912690000029e-01
1.413393215705760479e+09 -1.083754026300000062e+00 4.269697465999999775e-01 1.308124773000000074e+00 4.319169811999999942e-01 5.686589021000000299e-01 5.563416520999999726e-01 -4.249220405899999942e-01
1.413393215755760431e+09 -1.083664444200000077e+00 4.269669759999999981e-01 1.308105197499999983e+00 4.316269965999999791e-01 5.688937321000000491e-01 5.566246598999999851e-01 -4.245315598600000184e-01
1.413393215805760622e+09 -1.083421809799999913e+00 4.269596554999999793e-01 1.308193328200000005e+00 4.313833751999999744e-01 5.690061855000000390e-01 5.568978682999999874e-01 -4.242700894909999798e-01
1.413393215855760336e+09 -1.083192705000000089e+00 4.270278343999999726e-01 1.308155348000000107e+00 4.311269475999999767e-01 5.691694265000000197e-01 5.570545860000000182e-01 -4.241060094670000002e-01
1.413393215905760527e+09 -1.083100077000000105e+00 4.270291367999999865e-01 1.308109130300000089e+00 4.309666125000000125e-01 5.692336044000000372e-01 5.570911311999999782e-01 -4.241348300600000232e-01
1.413393215955760479e+09 -1.083099886000000067e+00 4.270229792999999940e-01 1.308183675200000007e+00 4.307834797999999799e-01 5.693623977999999752e-01 5.570170206000000235e-01 -4.242453207899999912e-01
1.413393216005760431e+09 -1.082925241999999955e+00 4.270245999000000237e-01 1.308281227499999977e+00 4.310151321999999841e-01 5.691864589999999779e-01 5.570473791000000174e-01 -4.242062567630000003e-01
1.413393216055760384e+09 -1.082951136199999942e+00 4.269258691999999744e-01 1.308353660000000085e+00 4.312135492999999986e-01 5.690177925999999609e-01 5.571826608000000070e-01 -4.240531913339999903e-01
1.413393216105760574e+09 -1.083021139600000016e+00 4.269187105999999732e-01 1.308227006000000081e+00 4.311597962000000006e-01 5.690934060000000239e-01 5.572259257999999660e-01 -4.239495170670000146e-01
1.413393216155760288e+09 -1.083164773500000067e+00 4.267859312999999766e-01 1.308152841200000083e+00 4.313871699999999865e-01 5.688433790000000378e-01 5.570675820999999583e-01 -4.242617453790000215e-01
1.413393216205760479e+09 -1.083216973100000091e+00 4.266568172999999908e-01 1.308206837099999964e+00 4.313146629999999870e-01 5.688819464000000048e-01 5.573056680000000318e-01 -4.239709717810000167e-01
1.413393216255760431e+09 -1.083471670500000039e+00 4.267247084999999940e-01 1.308356002600000068e+00 4.304888456000000030e-01 5.693449431999999533e-01 5.578549435999999861e-01 -4.234661159509999773e-01
1.413393216305760622e+09 -1.083790929100000078e+00 4.268240812999999911e-01 1.308477632300000026e+00 4.295746985000000184e-01 5.699985709999999539e-01 5.583479070000000322e-01 -4.228650165469999833e-01
1.413393216355760336e+09 -1.083886011199999944e+00 4.270628644999999723e-01 1.308350929900000015e+00 4.292148155000000131e-01 5.704396163999999603e-01 5.584109131000000170e-01 -4.225524088809999856e-01
1.413393216405760527e+09 -1.083560590799999890e+00 4.270659546000000195e-01 1.308219514999999999e+00 4.286948923000000189e-01 5.706840593999999989e-01 5.587773361000000216e-01 -4.222656536959999984e-01
1.413393216455760479e+09 -1.083644968700000044e+00 4.270113582999999768e-01 1.308623994700000015e+00 4.289594518000000023e-01 5.704120395999999760e-01 5.589462108999999623e-01 -4.221410038119999819e-01
1.413393216505760431e+09 -1.083663502999999917e+00 4.273069916000000190e-01 1.308444891199999960e+00 4.279402003000000176e-01 5.716150413999999680e-01 5.597094780000000380e-01 -4.205338626499999788e-01
1.413393216555760384e+09 -1.083568546900000040e+00 4.278807966000000018e-01 1.308419899600000047e+00 4.280652201999999851e-01 5.723419859999999693e-01 5.597030479000000280e-01 -4.194249831579999754e-01
1.413393216605760574e+09 -1.083430788500000075e+00 4.284221393000000044e-01 1.308346818299999992e+00 4.275494496999999727e-01 5.734661466999999568e-01 5.590012154000000288e-01 -4.193515086899999855e-01
1.413393216655760288e+09 -1.083707531800000012e+00 4.289965403000000066e-01 1.308993475000000073e+00 4.287019901999999938e-01 5.732646154999999633e-01 5.584181961999999944e-01 -4.192271489220000258e-01
1.413393216705760479e+09 -1.083540396999999933e+00 4.296675636000000242e-01 1.310321070699999924e+00 4.310916761999999958e-01 5.725834284999999912e-01 5.583096717000000098e-01 -4.178498469670000048e-01
1.413393216755760431e+09 -1.083021442199999962e+00 4.305898635000000030e-01 1.311570277099999959e+00 4.334131630999999985e-01 5.723343177999999920e-01 5.583203576999999918e-01 -4.157701732369999958e-01
1.413393216805760622e+09 -1.082332751700000095e+00 4.313704669000000269e-01 1.314444374900000101e+00 4.357973829999999826e-01 5.716789975999999607e-01 5.583211847000000283e-01 -4.141753486049999933e-01
1.413393216855760336e+09 -1.081390244100000064e+00 4.318974856000000195e-01 1.318770112299999964e+00 4.379924483000000035e-01 5.710414126999999729e-01 5.579707199000000228e-01 -4.132105950919999771e-01
1.413393216905760527e+09 -1.080014196500000079e+00 4.322670612000000245e-01 1.324489479999999997e+00 4.407466346999999729e-01 5.700685725999999898e-01 5.570987820999999673e-01 -4.128016152119999838e-01
1.413393216955760479e+09 -1.078151532599999962e+00 4.323498610000000020e-01 1.330580806900000024e+00 4.429857569000000272e-01 5.692332165000000277e-01 5.578141102000000462e-01 -4.105856584099999984e-01
1.413393217005760431e+09 -1.075824462099999934e+00 4.320747087999999847e-01 1.338475125600000037e+00 4.440367753000000195e-01 5.693405900000000353e-01 5.582532661000000340e-01 -4.087002883499999961e-01
1.413393217055760384e+09 -1.072620101899999900e+00 4.310094681000000150e-01 1.348376627299999964e+00 4.432032502000000096e-01 5.703622801000000075e-01 5.593584171000000049e-01 -4.066643698719999978e-01
1.413393217105760574e+09 -1.068794817999999980e+00 4.291543897000000274e-01 1.361022682500000025e+00 4.428610995000000217e-01 5.711485464000000123e-01 5.595743067999999765e-01 -4.056352791610000064e-01
1.413393217155760288e+09 -1.064293056799999970e+00 4.265552581000000010e-01 1.374929465199999923e+00 4.418408869000000072e-01 5.723721663999999931e-01 5.597211077999999507e-01 -4.048197317450000221e-01
1.413393217205760479e+09 -1.059171516599999974e+00 4.233033802999999762e-01 1.388741283499999923e+00 4.414978318000000179e-01 5.729765136000000147e-01 5.598697796999999587e-01 -4.041329102730000233e-01
1.413393217255760431e+09 -1.053914320100000079e+00 4.195340909999999979e-01 1.401398626900000055e+00 4.426665780999999855e-01 5.726518091000000199e-01 5.599502619999999764e-01 -4.032020712950000196e-01
1.413393217305760622e+09 -1.048277069400000094e+00 4.151309384999999907e-01 1.412152400699999921e+00 4.430594690999999918e-01 5.727874203999999692e-01 5.603230076999999865e-01 -4.020584595610000034e-01
1.413393217355760336e+09 -1.041979650500000076e+00 4.098454965000000172e-01 1.421663198599999900e+00 4.423416727000000215e-01 5.731715463000000010e-01 5.607924977999999561e-01 -4.016466077120000033e-01
1.413393217405760527e+09 -1.035068413400000109e+00 4.039491444000000153e-01 1.430121684599999998e+00 4.421009596000000097e-01 5.737071147000000204e-01 5.612387385999999534e-01 -4.005221171919999823e-01
1.413393217455760479e+09 -1.027516896300000093e+00 3.973211937000000193e-01 1.437667095399999928e+00 4.416671181999999862e-01 5.742209529999999784e-01 5.616653001000000422e-01 -3.996655407649999936e-01
1.413393217505760431e+09 -1.019581545499999908e+00 3.896760972000000156e-01 1.444435384599999983e+00 4.416699210999999736e-01 5.739964750999999588e-01 5.621292573999999709e-01 -3.993324746760000266e-01
1.413393217555760384e+09 -1.011334544499999932e+00 3.813409278000000069e-01 1.450174412500000010e+00 4.419904201000000032e-01 5.743148243000000264e-01 5.617519800000000396e-01 -3.990509542930000264e-01
1.413393217605760574e+09 -1.002135785699999948e+00 3.721497517999999838e-01 1.454702912599999953e+00 4.423515926000000098e-01 5.739231069000000351e-01 5.620059622999999949e-01 -3.988566587560000154e-01
1.413393217655760288e+09 -9.927690612999999775e-01 3.618970262000000271e-01 1.459060638199999982e+00 4.421220180000000055e-01 5.738217747999999618e-01 5.622219791000000466e-01 -3.989525512639999771e-01
1.413393217705760479e+09 -9.830792486999999635e-01 3.508759532999999875e-01 1.465027952900000097e+00 4.424194772999999747e-01 5.738746315999999625e-01 5.621413557000000116e-01 -3.986602682140000242e-01
1.413393217755760431e+09 -9.730882733000000284e-01 3.387413499999999966e-01 1.473097873499999988e+00 4.424080353000000021e-01 5.736546601999999995e-01 5.620189947000000519e-01 -3.991617600879999728e-01
1.413393217805760622e+09 -9.627910654000000346e-01 3.257988289000000037e-01 1.482980119700000099e+00 4.420202661000000033e-01 5.738779948000000131e-01 5.620217960000000179e-01 -3.992663675959999825e-01
1.413393217855760336e+09 -9.521787000000000445e-01 3.120200559999999901e-01 1.494567618899999895e+00 4.415429929999999947e-01 5.745024639000000377e-01 5.613556912999999593e-01 -3.998330804979999820e-01
1.413393217905760527e+09 -9.414238311999999498e-01 2.974897488000000090e-01 1.507792475300000046e+00 4.413947196999999933e-01 5.743626141000000018e-01 5.611994949999999927e-01 -4.004165527249999856e-01
1.413393217955760479e+09 -9.304516341999999884e-01 2.822880266000000193e-01 1.522393320199999955e+00 4.417069791000000079e-01 5.741958545999999997e-01 5.606215409999999455e-01 -4.011203721059999894e-01
1.413393218005760431e+09 -9.190460369999999823e-01 2.665903258000000275e-01 1.536724536699999977e+00 4.407541481999999733e-01 5.750402703000000448e-01 5.601041746999999571e-01 -4.016811943720000055e-01
1.413393218055760384e+09 -9.073339581999999570e-01 2.501550041999999752e-01 1.549481664500000022e+00 4.389435474999999753e-01 5.762204850000000045e-01 5.585988512999999767e-01 -4.040616761940000190e-01
1.413393218105760574e+09 -8.954847840999999864e-01 2.334147674000000006e-01 1.560261507299999906e+00 4.364963520999999846e-01 5.782198997999999923e-01 5.569695598999999664e-01 -4.061004696989999885e-01
1.413393218155760288e+09 -8.833414451000000112e-01 2.163587577999999956e-01 1.569431500599999918e+00 4.327784369000000075e-01 5.808883020999999758e-01 5.543506231999999478e-01 -4.098377625669999968e-01
1.413393218205760479e+09 -8.708232277999999882e-01 1.991630202000000127e-01 1.576436775599999951e+00 4.287346471999999853e-01 5.832396837000000112e-01 5.516713362999999815e-01 -4.143390041880000152e-01
1.413393218255760431e+09 -8.577702901999999519e-01 1.826558480000000095e-01 1.581000661500000071e+00 4.237974330000000012e-01 5.869889929999999589e-01 5.487230526999999913e-01 -4.180223311330000246e-01
1.413393218305760622e+09 -8.444519815000000040e-01 1.670308288000000030e-01 1.582855600400000062e+00 4.194803011000000081e-01 5.901595151999999844e-01 5.468608634999999607e-01 -4.203465469500000107e-01
1.413393218355760336e+09 -8.309823709000000447e-01 1.526585796000000106e-01 1.582544843800000045e+00 4.192231456000000134e-01 5.900262220999999974e-01 5.472101543999999818e-01 -4.203356496349999749e-01
1.413393218405760527e+09 -8.174148747999999687e-01 1.398817331999999969e-01 1.580022092699999936e+00 4.230293533999999744e-01 5.880490547000000179e-01 5.485115120000000344e-01 -4.175878308850000109e-01
1.413393218455760479e+09 -8.034269995999999692e-01 1.280075931000000111e-01 1.575958701100000026e+00 4.269456234999999822e-01 5.856938346000000184e-01 5.506925751000000258e-01 -4.140263933100000182e-01
1.413393218505760431e+09 -7.890345115000000353e-01 1.166922843000000043e-01 1.571132531199999960e+00 4.311566510000000019e-01 5.827269919999999992e-01 5.528971959999999797e-01 -4.108988755030000273e-01
1.413393218555760384e+09 -7.744945248000000282e-01 1.058025318000000020e-01 1.566452470200000002e+00 4.353689310000000146e-01 5.804823301999999519e-01 5.546439788999999454e-01 -4.072643059270000254e-01
1.413393218605760574e+09 -7.596503394000000409e-01 9.461864940000000446e-02 1.562638589000000078e+00 4.385550341000000185e-01 5.780753548000000519e-01 5.558657934999999828e-01 -4.056002783759999897e-01
1.413393218655760288e+09 -7.444938303000000479e-01 8.279732900000000284e-02 1.559536199100000076e+00 4.404815861999999971e-01 5.765148061000000546e-01 5.566807727000000483e-01 -4.046148389290000202e-01
1.413393218705760479e+09 -7.290223748999999920e-01 7.070522819999999764e-02 1.557486500500000037e+00 4.407269938999999748e-01 5.768927391999999488e-01 5.562657826000000361e-01 -4.043796030999999847e-01
1.413393218755760431e+09 -7.130638548000000076e-01 5.808946720000000147e-02 1.555584127099999936e+00 4.401409673000000189e-01 5.769322636000000504e-01 5.578802298999999687e-01 -4.027340823730000130e-01
1.413393218805760622e+09 -6.966373710000000052e-01 4.494545850000000037e-02 1.553845518900000000e+00 4.362270353000000100e-01 5.796139451999999803e-01 5.596542581000000238e-01 -4.006753794069999874e-01
1.413393218855760336e+09 -6.800777890000000436e-01 3.146269179999999777e-02 1.552751588300000041e+00 4.286623568999999856e-01 5.854661199999999788e-01 5.609300560000000102e-01 -3.985416895889999922e-01
1.413393218905760527e+09 -6.638095384000000099e-01 1.781161859999999889e-02 1.552020878300000017e+00 4.212664707000000064e-01 5.904782519000000285e-01 5.629229879999999575e-01 -3.962167390119999966e-01
1.413393218955760479e+09 -6.482655187000000430e-01 4.370034000000000071e-03 1.551788076800000082e+00 4.153207318000000092e-01 5.944928323000000514e-01 5.647686235000000110e-01 -3.938570349759999978e-01
1.413393219005760431e+09 -6.340715003000000349e-01 -8.507969799999999180e-03 1.552621029900000060e+00 4.115738687000000118e-01 5.975342607000000417e-01 5.654215307000000079e-01 -3.922476902350000016e-01
1.413393219055760384e+09 -6.214314823000000043e-01 -2.097013090000000163e-02 1.554672827299999893e+00 4.087865415999999974e-01 5.990972813999999591e-01 5.658005444000000494e-01 -3.922317615729999929e-01
1.413393219105760574e+09 -6.104268712000000541e-01 -3.281397579999999897e-02 1.557878919700000031e+00 4.089937403000000193e-01 5.986253084999999530e-01 5.658484998999999682e-01 -3.926669524399999944e-01
1.413393219155760288e+09 -6.010684460999999867e-01 -4.408996099999999696e-02 1.561776632399999976e+00 4.093414108999999801e-01 5.983032503999999863e-01 5.651226061999999883e-01 -3.938391421840000128e-01
1.413393219205760479e+09 -5.929663467000000354e-01 -5.494454000000000005e-02 1.566145066300000055e+00 4.094407322999999987e-01 5.976860295000000489e-01 5.650437523000000350e-01 -3.947850742580000238e-01
1.413393219255760431e+09 -5.861263665000000511e-01 -6.521691659999999391e-02 1.571379015500000031e+00 4.102802898999999837e-01 5.963995236000000366e-01 5.648149746999999721e-01 -3.961839678560000189e-01
1.413393219305760622e+09 -5.805364948000000247e-01 -7.482811509999999500e-02 1.577213966600000017e+00 4.107231326999999932e-01 5.955120176999999515e-01 5.646172904999999798e-01 -3.973402325070000130e-01
1.413393219355760336e+09 -5.761097332000000293e-01 -8.387467549999999550e-02 1.583121618100000072e+00 4.104512109999999825e-01 5.949975006000000066e-01 5.648772650000000173e-01 -3.980219254180000221e-01
1.413393219405760527e+09 -5.728983554000000034e-01 -9.248535659999999881e-02 1.589296672399999943e+00 4.097254238999999965e-01 5.948837673000000326e-01 5.643691350999999745e-01 -3.996571776499999729e-01
1.413393219455760479e+09 -5.710263147999999900e-01 -1.002865106000000034e-01 1.594036968700000001e+00 4.105336412999999740e-01 5.940771901000000410e-01 5.640741377000000334e-01 -4.004432403179999933e-01
1.413393219505760431e+09 -5.706133581000000232e-01 -1.075799194000000014e-01 1.596840071599999966e+00 4.113314371999999830e-01 5.932496763000000284e-01 5.638326940000000231e-01 -4.011906822140000051e-01
1.413393219555760384e+09 -5.713265576999999595e-01 -1.143033276000000042e-01 1.598054282899999956e+00 4.123485984999999965e-01 5.921001176000000310e-01 5.632759336999999533e-01 -4.026242747670000233e-01
1.413393219605760574e+09 -5.728134206999999645e-01 -1.203829443999999971e-01 1.598232887400000024e+00 4.137894223999999954e-01 5.909614761000000493e-01 5.627516715000000502e-01 -4.035509929819999786e-01
1.413393219655760288e+09 -5.750879639000000543e-01 -1.259408582000000054e-01 1.599333634299999973e+00 4.150938578000000212e-01 5.896761962000000024e-01 5.617879630000000013e-01 -4.054298428240000196e-01
1.413393219705760479e+09 -5.781298242000000309e-01 -1.309184349999999997e-01 1.602577724000000092e+00 4.175960073000000161e-01 5.877242468000000164e-01 5.609186427000000252e-01 -4.068956385210000248e-01
1.413393219755760431e+09 -5.819904334000000068e-01 -1.352100005000000105e-01 1.608870699399999937e+00 4.205280169000000234e-01 5.854571546000000293e-01 5.600979839999999932e-01 -4.082724034940000135e-01
1.413393219805760622e+09 -5.855547568000000203e-01 -1.389727651000000064e-01 1.618727149099999929e+00 4.244845602000000273e-01 5.824939256000000176e-01 5.600256611999999690e-01 -4.085155364699999958e-01
1.413393219855760336e+09 -5.893156625000000037e-01 -1.425012384000000076e-01 1.632156542199999949e+00 4.257315618999999995e-01 5.816672304000000127e-01 5.599089503999999939e-01 -4.085557949449999948e-01
1.413393219905760527e+09 -5.923112970999999671e-01 -1.457925119000000047e-01 1.648456383999999941e+00 4.276555872000000202e-01 5.801568148000000313e-01 5.599712838000000525e-01 -4.086085294869999940e-01
1.413393219955760479e+09 -5.955696826999999915e-01 -1.489695602999999979e-01 1.665444002599999918e+00 4.298131177999999775e-01 5.785246979999999484e-01 5.602423029999999970e-01 -4.082871778100000126e-01
1.413393220005760431e+09 -5.988311053999999523e-01 -1.522463887999999932e-01 1.680739981799999949e+00 4.310036747000000057e-01 5.776558967999999572e-01 5.599633104000000250e-01 -4.086448191779999961e-01
1.413393220055760384e+09 -6.015346988999999978e-01 -1.556038975000000046e-01 1.693804513599999950e+00 4.325531273000000065e-01 5.766838864000000120e-01 5.595522788000000247e-01 -4.089434368050000046e-01
1.413393220105760574e+09 -6.034444983000000207e-01 -1.591696787999999918e-01 1.704958696300000076e+00 4.332609902999999818e-01 5.763951137999999697e-01 5.592299754999999761e-01 -4.090420781199999856e-01
1.413393220155760288e+09 -6.052210908999999806e-01 -1.627874629999999934e-01 1.715460118800000044e+00 4.340945073999999959e-01 5.759663806000000497e-01 5.591443267000000272e-01 -4.088793330600000164e-01
1.413393220205760479e+09 -6.068713800999999686e-01 -1.665544911000000072e-01 1.726298053799999899e+00 4.352648622999999994e-01 5.750936215999999934e-01 5.592512158000000344e-01 -4.087173883699999899e-01
1.413393220255760431e+09 -6.083018016000000250e-01 -1.705799393999999913e-01 1.737444214699999989e+00 4.356194313999999790e-01 5.751518216000000017e-01 5.587021097000000047e-01 -4.090086132399999852e-01
1.413393220305760622e+09 -6.093502819999999653e-01 -1.747308039999999896e-01 1.748738382300000005e+00 4.368856879999999943e-01 5.743915668000000307e-01 5.589300496000000340e-01 -4.084145237039999987e-01
1.413393220355760336e+09 -6.098833490999999718e-01 -1.793998390000000054e-01 1.760380912900000094e+00 4.369745177000000091e-01 5.742261442999999632e-01 5.586173291999999568e-01 -4.089795662469999926e-01
1.413393220405760527e+09 -6.100182070999999873e-01 -1.842443938999999975e-01 1.772239155400000099e+00 4.370765575000000180e-01 5.745287307999999982e-01 5.583428992000000202e-01 -4.088202871559999951e-01
1.413393220455760479e+09 -6.095139000000000529e-01 -1.894146150000000084e-01 1.784227492399999893e+00 4.367414987000000082e-01 5.748507870000000297e-01 5.587269275999999785e-01 -4.082005098759999839e-01
1.413393220505760431e+09 -6.084820681000000508e-01 -1.949464739000000002e-01 1.795966335699999972e+00 4.351752698999999946e-01 5.760125316999999967e-01 5.594866792999999561e-01 -4.071936929009999928e-01
1.413393220555760384e+09 -6.069952309999999684e-01 -2.005827916000000044e-01 1.806352361699999909e+00 4.337199192999999786e-01 5.774651406999999903e-01 5.597968969000000072e-01 -4.062615870210000146e-01
1.413393220605760574e+09 -6.053321416000000399e-01 -2.063835334000000132e-01 1.814304179300000097e+00 4.330975777000000138e-01 5.782009381999999587e-01 5.599597428999999460e-01 -4.056541009760000205e-01
1.413393220655760288e+09 -6.039614787999999512e-01 -2.123218199999999944e-01 1.819443722299999955e+00 4.335031267000000188e-01 5.776568952999999729e-01 5.598007977000000190e-01 -4.062149891390000045e-01
1.413393220705760479e+09 -6.024317627999999925e-01 -2.184862686000000054e-01 1.822173329700000011e+00 4.333789171999999912e-01 5.781164450000000343e-01 5.588256387000000158e-01 -4.070356196539999805e-01
1.413393220755760431e+09 -6.008463156000000138e-01 -2.247789595999999945e-01 1.822012692599999983e+00 4.313277575999999724e-01 5.797288272999999714e-01 5.576232708999999677e-01 -4.085671793260000073e-01
1.413393220805760622e+09 -5.987134702999999947e-01 -2.312300985999999892e-01 1.820927329599999922e+00 4.268663910000000117e-01 5.824492455999999985e-01 5.572793551000000400e-01 -4.098508033350000135e-01
1.413393220855760336e+09 -5.967305847999999635e-01 -2.371630966000000118e-01 1.821660422599999940e+00 4.232398493999999789e-01 5.856636624000000069e-01 5.556011921000000298e-01 -4.113069654609999848e-01
1.413393220905760527e+09 -5.944535318000000457e-01 -2.422765151000000061e-01 1.825260732200000069e+00 4.208539049000000198e-01 5.872024283000000233e-01 5.551063601000000292e-01 -4.122283685909999829e-01
1.413393220955760479e+09 -5.925009942000000196e-01 -2.468386028000000010e-01 1.832273910600000111e+00 4.192394534000000172e-01 5.882438569000000284e-01 5.551915334000000479e-01 -4.122739463880000232e-01
1.413393221005760431e+09 -5.905544265000000070e-01 -2.500241797000000155e-01 1.841824217999999957e+00 4.204599874000000126e-01 5.886530979999999857e-01 5.543920806000000034e-01 -4.115219922700000255e-01
1.413393221055760384e+09 -5.889253912999999896e-01 -2.525397392000000019e-01 1.853562899399999964e+00 4.206706134000000041e-01 5.889695790000000208e-01 5.546899879000000144e-01 -4.104510778820000261e-01
1.413393221105760574e+09 -5.874200487999999831e-01 -2.544965315000000117e-01 1.866266915900000045e+00 4.202189183999999744e-01 5.895327288999999693e-01 5.553026850000000181e-01 -4.092751522079999815e-01
1.413393221155760288e+09 -5.861131201000000512e-01 -2.555414581000000074e-01 1.879807892899999944e+00 4.208115425999999770e-01 5.901102489999999756e-01 5.552255606999999538e-01 -4.079364122040000096e-01
1.413393221205760479e+09 -5.849368993000000350e-01 -2.560575810999999868e-01 1.893666287699999895e+00 4.209726302999999836e-01 5.904809439000000548e-01 5.563648985000000380e-01 -4.056752385979999764e-01
1.413393221255760431e+09 -5.840846141000000102e-01 -2.561973538999999800e-01 1.908033245399999966e+00 4.203936797999999753e-01 5.910290626999999963e-01 5.570762928000000391e-01 -4.044994499189999981e-01
1.413393221305760622e+09 -5.836833383999999736e-01 -2.553731998000000059e-01 1.921942507800000088e+00 4.210976430000000215e-01 5.913320537999999793e-01 5.585762451000000350e-01 -4.012427639339999907e-01
1.413393221355760336e+09 -5.839073518999999823e-01 -2.541942448000000243e-01 1.936289186700000053e+00 4.203578132999999939e-01 5.921121308000000250e-01 5.595357743000000106e-01 -3.995275342860000189e-01
1.413393221405760527e+09 -5.847275611000000151e-01 -2.527586280999999935e-01 1.950948139899999934e+00 4.203802851999999812e-01 5.919679493999999709e-01 5.610658200999999456e-01 -3.975669857790000150e-01
1.413393221455760479e+09 -5.864380715000000466e-01 -2.509076310000000198e-01 1.965607372100000028e+00 4.218087575000000200e-01 5.913816490000000092e-01 5.621185671999999744e-01 -3.954337285839999994e-01
1.413393221505760431e+09 -5.887222146999999683e-01 -2.490446302999999861e-01 1.978314188599999968e+00 4.221943667999999983e-01 5.910498040999999647e-01 5.632015364000000357e-01 -3.939747138119999992e-01
1.413393221555760384e+09 -5.917260098000000079e-01 -2.471484714000000138e-01 1.987611137600000077e+00 4.236491165999999864e-01 5.899756564999999453e-01 5.650206910999999721e-01 -3.914099759570000003e-01
1.413393221605760574e+09 -5.959272880999999522e-01 -2.453954912000000099e-01 1.995169436200000090e+00 4.250664682999999999e-01 5.889906628000000088e-01 5.659092166000000423e-01 -3.900708335570000074e-01
1.413393221655760288e+09 -6.009962649000000212e-01 -2.440820159000000045e-01 2.002446505300000013e+00 4.262449689999999736e-01 5.877624599999999866e-01 5.664818212000000131e-01 -3.898061868009999875e-01
1.413393221705760479e+09 -6.069081621999999898e-01 -2.431389801999999933e-01 2.010276228199999959e+00 4.288386859000000162e-01 5.856298851000000250e-01 5.654435299000000192e-01 -3.916741421370000253e-01
1.413393221755760431e+09 -6.132076786000000279e-01 -2.425493838999999985e-01 2.018467067800000070e+00 4.309521590000000013e-01 5.839261894999999702e-01 5.634627313000000193e-01 -3.947406647550000258e-01
1.413393221805760622e+09 -6.195516766999999980e-01 -2.425460235999999936e-01 2.026516319699999791e+00 4.327395460999999832e-01 5.816567353999999579e-01 5.625194072000000434e-01 -3.974718152289999917e-01
1.413393221855760336e+09 -6.259026753999999970e-01 -2.427479717999999898e-01 2.034461714499999907e+00 4.343605326000000155e-01 5.799904414000000008e-01 5.621330555000000340e-01 -3.986833875670000027e-01
1.413393221905760527e+09 -6.321649973999999839e-01 -2.431919891000000056e-01 2.042438952199999935e+00 4.344883256000000027e-01 5.795385150999999846e-01 5.614629937999999765e-01 -4.001428633110000188e-01
1.413393221955760479e+09 -6.381829682999999864e-01 -2.441095883000000133e-01 2.049881215500000131e+00 4.342704012999999974e-01 5.786386561999999900e-01 5.608613029000000250e-01 -4.025184754489999905e-01
1.413393222005760431e+09 -6.438695147999999868e-01 -2.450374267000000050e-01 2.054807103199999929e+00 4.339520251999999800e-01 5.785552595999999825e-01 5.609459906000000551e-01 -4.028635587700000187e-01
1.413393222055760384e+09 -6.494525853000000515e-01 -2.460332440000000120e-01 2.056796348999999857e+00 4.338792905000000144e-01 5.782145643999999640e-01 5.606286359000000052e-01 -4.038715283930000011e-01
1.413393222105760574e+09 -6.548837914999999787e-01 -2.475383339999999988e-01 2.056020723000000050e+00 4.332455081000000097e-01 5.775736727000000403e-01 5.605975546999999448e-01 -4.055087718200000024e-01
1.413393222155760288e+09 -6.607077046999999537e-01 -2.490616300999999866e-01 2.052243327299999809e+00 4.332242457000000102e-01 5.769928801000000496e-01 5.610639884000000466e-01 -4.057131623920000041e-01
1.413393222205760479e+09 -6.661793959999999792e-01 -2.506017774000000031e-01 2.045442438199999824e+00 4.329853626999999872e-01 5.766753180999999451e-01 5.615023018999999449e-01 -4.058132799010000236e-01
1.413393222255760431e+09 -6.711859157999999770e-01 -2.523553143000000221e-01 2.035658603299999925e+00 4.315168652999999965e-01 5.770135725999999687e-01 5.623563038000000125e-01 -4.057140860349999767e-01
1.413393222305760622e+09 -6.758620979999999667e-01 -2.541031480000000009e-01 2.023502576899999905e+00 4.299457188999999957e-01 5.777566464000000179e-01 5.640691480999999730e-01 -4.039429818470000044e-01
1.413393222355760336e+09 -6.804310058000000438e-01 -2.559297774000000025e-01 2.010875233700000209e+00 4.270346874000000015e-01 5.797080683999999984e-01 5.662690665999999817e-01 -4.011474485250000055e-01
1.413393222405760527e+09 -6.851120766999999612e-01 -2.580990615000000044e-01 1.999065790800000020e+00 4.234825221999999889e-01 5.815198811999999773e-01 5.686857186999999536e-01 -3.988655593859999904e-01
1.413393222455760479e+09 -6.904359991999999835e-01 -2.602037721000000081e-01 1.988356298700000080e+00 4.221365013000000221e-01 5.821962620999999727e-01 5.711926926999999488e-01 -3.957109985849999734e-01
1.413393222505760431e+09 -6.963893005000000302e-01 -2.626649285000000056e-01 1.979243314000000087e+00 4.194061781000000266e-01 5.837494139000000137e-01 5.722965789999999719e-01 -3.947299141989999982e-01
1.413393222555760384e+09 -7.029959225999999894e-01 -2.655133194000000030e-01 1.972679474900000063e+00 4.167192465999999818e-01 5.848816353000000356e-01 5.722921040999999764e-01 -3.959043947429999877e-01
1.413393222605760574e+09 -7.103508039000000496e-01 -2.681178815999999965e-01 1.967686400200000074e+00 4.155234388999999862e-01 5.853785671000000246e-01 5.729310726999999881e-01 -3.955024535869999802e-01
1.413393222655760288e+09 -7.188125531000000290e-01 -2.707008937000000004e-01 1.964975658900000033e+00 4.138294352999999925e-01 5.860864019999999508e-01 5.737287301000000284e-01 -3.950737551290000038e-01
1.413393222705760479e+09 -7.288275099000000035e-01 -2.731012845999999938e-01 1.964814895299999975e+00 4.145430554000000267e-01 5.848482764000000333e-01 5.747748733999999970e-01 -3.946395744560000085e-01
1.413393222755760431e+09 -7.397747006999999542e-01 -2.756518145999999891e-01 1.967006870100000082e+00 4.123896342000000215e-01 5.859503726000000468e-01 5.751829062000000103e-01 -3.946664096360000262e-01
1.413393222805760622e+09 -7.519173647000000349e-01 -2.780824095000000162e-01 1.970998808000000047e+00 4.106705567000000223e-01 5.866346780000000205e-01 5.762675685000000492e-01 -3.938592870190000261e-01
1.413393222855760336e+09 -7.650966329999999704e-01 -2.805726954000000162e-01 1.977157250699999924e+00 4.087541673000000264e-01 5.873341313000000063e-01 5.775555280999999930e-01 -3.929227161580000072e-01
1.413393222905760527e+09 -7.798222984999999552e-01 -2.831801916999999724e-01 1.985567028600000006e+00 4.069110508000000070e-01 5.876857835000000030e-01 5.782171981000000516e-01 -3.933366096350000007e-01
1.413393222955760479e+09 -7.959631705999999918e-01 -2.856727800000000150e-01 1.995429193199999895e+00 4.051502276999999763e-01 5.877992511999999836e-01 5.798143135000000115e-01 -3.926330285579999746e-01
1.413393223005760431e+09 -8.136774128999999522e-01 -2.880254156000000010e-01 2.006801894100000094e+00 4.063322537999999873e-01 5.860135735000000512e-01 5.804391023999999621e-01 -3.931572707329999972e-01
1.413393223055760384e+09 -8.325470633999999537e-01 -2.904403140999999855e-01 2.018807096599999795e+00 4.073173603999999948e-01 5.843127081000000222e-01 5.799816427999999746e-01 -3.953384891769999854e-01
1.413393223105760574e+09 -8.525661305999999717e-01 -2.926660397999999996e-01 2.030942517100000178e+00 4.080135008999999924e-01 5.830001889000000492e-01 5.794133866999999771e-01 -3.973863234980000159e-01
1.413393223155760288e+09 -8.737925536999999743e-01 -2.945497702000000051e-01 2.042836485600000085e+00 4.098281027999999826e-01 5.811742179000000119e-01 5.798240409999999567e-01 -3.975946880660000127e-01
1.413393223205760479e+09 -8.959645268000000495e-01 -2.965316916999999886e-01 2.054531409800000041e+00 4.120989901000000066e-01 5.786802765999999876e-01 5.805735904000000058e-01 -3.977912342680000046e-01
1.413393223255760431e+09 -9.191063167999999894e-01 -2.986591625000000194e-01 2.065574579799999810e+00 4.136468354000000236e-01 5.771752398999999700e-01 5.810367775000000456e-01 -3.976949852739999902e-01
1.413393223305760622e+09 -9.429829172999999454e-01 -3.012259087999999974e-01 2.075590182400000039e+00 4.146066440000000242e-01 5.761352559000000317e-01 5.804868435000000160e-01 -3.990044137339999741e-01
1.413393223355760336e+09 -9.676005368000000217e-01 -3.041254911999999866e-01 2.082207589599999853e+00 4.157808255000000064e-01 5.749356808000000152e-01 5.806516514999999767e-01 -3.992729989809999935e-01
1.413393223405760527e+09 -9.928934211000000065e-01 -3.073102359000000061e-01 2.084345152100000043e+00 4.171001285000000003e-01 5.738346412000000507e-01 5.800870407999999534e-01 -4.003002778429999853e-01
1.413393223455760479e+09 -1.018705279600000013e+00 -3.106481762000000146e-01 2.081083413800000059e+00 4.192961820000000173e-01 5.722289821999999582e-01 5.796170412000000161e-01 -4.009847744189999896e-01
1.413393223505760431e+09 -1.044874081999999982e+00 -3.144459777999999983e-01 2.072612240599999822e+00 4.216387648000000099e-01 5.707141476000000546e-01 5.783820643000000539e-01 -4.024677644340000082e-01
1.413393223555760384e+09 -1.071300423200000074e+00 -3.186596195999999992e-01 2.059851070300000142e+00 4.235660366999999815e-01 5.697041133000000368e-01 5.765791651999999656e-01 -4.044570460729999817e-01
1.413393223605760574e+09 -1.097875087100000036e+00 -3.229880527999999806e-01 2.043585440200000214e+00 4.261235399000000146e-01 5.686370308000000540e-01 5.748955285000000304e-01 -4.056670891690000169e-01
1.413393223655760288e+09 -1.123797830500000039e+00 -3.275125898999999841e-01 2.024475769900000000e+00 4.284303761000000099e-01 5.680694236000000119e-01 5.734339838999999994e-01 -4.061009836389999905e-01
1.413393223705760479e+09 -1.149491475400000073e+00 -3.324857253999999873e-01 2.005065103499999779e+00 4.296887129999999999e-01 5.686083631999999666e-01 5.720540602000000474e-01 -4.059634113680000156e-01
1.413393223755760431e+09 -1.174874274500000038e+00 -3.379020160999999800e-01 1.988005954599999958e+00 4.310592262999999869e-01 5.691467642999999965e-01 5.708242018000000417e-01 -4.054869107319999944e-01
1.413393223805760622e+09 -1.199753086699999916e+00 -3.439036140999999769e-01 1.974848531399999940e+00 4.321859341000000021e-01 5.699553991000000375e-01 5.690611908999999580e-01 -4.056297848500000081e-01
1.413393223855760336e+09 -1.224364478600000083e+00 -3.505822459999999863e-01 1.966075912099999989e+00 4.321200826000000106e-01 5.715341846000000503e-01 5.686779515000000007e-01 -4.040127443279999953e-01
1.413393223905760527e+09 -1.248557625999999976e+00 -3.576045774000000121e-01 1.959770811400000090e+00 4.340967734000000244e-01 5.720327869000000343e-01 5.680311056000000303e-01 -4.020934532159999852e-01
1.413393223955760479e+09 -1.272815464300000032e+00 -3.653972596999999767e-01 1.958116597699999906e+00 4.346482970000000168e-01 5.730865529999999985e-01 5.673823864999999467e-01 -4.009113221400000260e-01
1.413393224005760431e+09 -1.297107345799999978e+00 -3.738405397999999824e-01 1.958840964399999995e+00 4.358091792000000075e-01 5.735357960000000421e-01 5.659979684000000510e-01 -4.009655219830000061e-01
1.413393224055760384e+09 -1.321263009099999941e+00 -3.828489263000000031e-01 1.959678338700000078e+00 4.352347692999999906e-01 5.754420952000000034e-01 5.649693825999999586e-01 -4.003082404739999878e-01
1.413393224105760574e+09 -1.345134978599999975e+00 -3.923773184000000080e-01 1.959182647700000057e+00 4.362226518999999803e-01 5.757964361999999836e-01 5.634982966999999565e-01 -4.007966213370000030e-01
1.413393224155760288e+09 -1.368079632900000009e+00 -4.022815115999999747e-01 1.956139644400000099e+00 4.370611824999999784e-01 5.762044739999999665e-01 5.626597809000000172e-01 -4.004745906769999753e-01
1.413393224205760479e+09 -1.390428106699999944e+00 -4.127301803999999796e-01 1.950825937500000107e+00 4.377833591999999996e-01 5.765487281000000186e-01 5.617618734999999530e-01 -4.004508609429999755e-01
1.413393224255760431e+09 -1.412585848700000035e+00 -4.234828594999999751e-01 1.943035924999999997e+00 4.395272946000000069e-01 5.759415221000000473e-01 5.613454867999999598e-01 -3.999979560260000233e-01
1.413393224305760622e+09 -1.433990354000000078e+00 -4.349379836999999749e-01 1.932996734799999894e+00 4.406712517999999967e-01 5.755708202999999523e-01 5.601850668000000200e-01 -4.008987024389999987e-01
1.413393224355760336e+09 -1.455175724400000092e+00 -4.466858019000000124e-01 1.919230170500000110e+00 4.414357804999999857e-01 5.754100109999999990e-01 5.598357221999999966e-01 -4.007764153539999930e-01
1.413393224405760527e+09 -1.476379944200000072e+00 -4.585504320000000078e-01 1.903162252300000024e+00 4.419057550000000112e-01 5.770232138999999982e-01 5.582308236999999895e-01 -4.001772880319999781e-01
1.413393224455760479e+09 -1.497751163100000005e+00 -4.707681773999999875e-01 1.885006321199999890e+00 4.430527323999999822e-01 5.788863327000000059e-01 5.550464182000000024e-01 -4.006474308219999947e-01
1.413393224505760431e+09 -1.518756114199999896e+00 -4.831376479999999751e-01 1.864666583200000005e+00 4.440263382999999897e-01 5.820268573000000334e-01 5.512655718000000205e-01 -4.002394504080000193e-01
1.413393224555760384e+09 -1.539363196500000086e+00 -4.955926025999999873e-01 1.842325300299999968e+00 4.438044823000000250e-01 5.870704733999999592e-01 5.461489858000000419e-01 -4.001338851319999890e-01
1.413393224605760574e+09 -1.559840614100000078e+00 -5.079621960000000325e-01 1.819446775300000096e+00 4.453089829999999916e-01 5.916483664999999670e-01 5.400858740999999741e-01 -3.999492076780000183e-01
1.413393224655760288e+09 -1.580073116499999930e+00 -5.200567757999999818e-01 1.797143885699999943e+00 4.464400964999999943e-01 5.973189640999999606e-01 5.334158312000000235e-01 -3.992102784830000028e-01
1.413393224705760479e+09 -1.598360239700000074e+00 -5.318647100000000183e-01 1.775737258199999946e+00 4.461686266000000067e-01 6.040404007999999880e-01 5.281858798999999882e-01 -3.963438243019999918e-01
1.413393224755760431e+09 -1.615903088899999895e+00 -5.430708565999999848e-01 1.754393942999999956e+00 4.459182000999999951e-01 6.108747488000000336e-01 5.225641360999999652e-01 -3.935933481300000203e-01
1.413393224805760622e+09 -1.632253553800000034e+00 -5.536359593999999884e-01 1.733700559799999930e+00 4.471344394000000277e-01 6.171293394000000321e-01 5.175225450999999532e-01 -3.890920030619999803e-01
1.413393224855760336e+09 -1.647193445799999933e+00 -5.633964009999999911e-01 1.714921556199999975e+00 4.477810104000000124e-01 6.235312629999999468e-01 5.122183142999999772e-01 -3.851406618000000059e-01
1.413393224905760527e+09 -1.661926570499999922e+00 -5.726531484000000338e-01 1.699479310999999937e+00 4.495655231999999835e-01 6.274684529999999816e-01 5.079872317000000415e-01 -3.822605829230000252e-01
1.413393224955760479e+09 -1.675437321700000037e+00 -5.813062770000000379e-01 1.686094104599999977e+00 4.503330138000000149e-01 6.319833061999999835e-01 5.045777025000000027e-01 -3.784159344099999878e-01
1.413393225005760431e+09 -1.688554106100000007e+00 -5.892962263000000034e-01 1.676393212300000046e+00 4.519467356999999907e-01 6.345083780000000395e-01 5.028706779999999599e-01 -3.745188214210000144e-01
1.413393225055760384e+09 -1.702114415000000047e+00 -5.968373480999999980e-01 1.669605809999999968e+00 4.534333150000000034e-01 6.361296067999999693e-01 5.023796525999999485e-01 -3.706103571209999892e-01
1.413393225105760574e+09 -1.716665500199999972e+00 -6.034583943000000339e-01 1.665848482999999991e+00 4.550435192999999767e-01 6.376793942999999798e-01 5.011087724999999660e-01 -3.676824494979999969e-01
1.413393225155760288e+09 -1.730742504099999968e+00 -6.097583761000000546e-01 1.662630807300000013e+00 4.567313659000000192e-01 6.383668030000000382e-01 5.002101020000000453e-01 -3.656147400950000015e-01
1.413393225205760479e+09 -1.744738996499999972e+00 -6.159947264999999783e-01 1.659472292100000024e+00 4.560819788000000097e-01 6.400234461999999569e-01 4.991261657000000129e-01 -3.650099827909999983e-01
1.413393225255760431e+09 -1.758665562100000024e+00 -6.214774654000000398e-01 1.656011812000000027e+00 4.566544677000000108e-01 6.409736799999999901e-01 4.989524235000000196e-01 -3.628579856349999910e-01
1.413393225305760622e+09 -1.772707872400000051e+00 -6.265295977999999488e-01 1.652746721900000049e+00 4.565818715000000139e-01 6.427102874000000243e-01 4.978625079999999814e-01 -3.613715598810000040e-01
1.413393225355760336e+09 -1.787044187200000023e+00 -6.306644232000000461e-01 1.650741346100000007e+00 4.580946415000000105e-01 6.444601495999999763e-01 4.954977438000000012e-01 -3.595864302980000260e-01
1.413393225405760527e+09 -1.801409828399999968e+00 -6.340702836999999592e-01 1.649234396200000008e+00 4.579663615999999826e-01 6.488980651000000321e-01 4.907597287000000086e-01 -3.582638712849999796e-01
1.413393225455760479e+09 -1.816704256900000036e+00 -6.364406034999999795e-01 1.649093909899999932e+00 4.584808220000000101e-01 6.536228578999999650e-01 4.856957799000000131e-01 -3.559102484250000198e-01
1.413393225505760431e+09 -1.832191188399999948e+00 -6.377827218999999603e-01 1.650250385999999958e+00 4.598420643000000196e-01 6.594004479999999724e-01 4.778189554999999755e-01 -3.541544449280000229e-01
1.413393225555760384e+09 -1.847443836799999906e+00 -6.378237141999999471e-01 1.651424855899999988e+00 4.609735924999999734e-01 6.664179477999999657e-01 4.699139232999999805e-01 -3.501019430469999860e-01
1.413393225605760574e+09 -1.862837751800000108e+00 -6.363991921999999635e-01 1.653611469899999964e+00 4.630932420000000160e-01 6.734868466000000220e-01 4.606548060999999805e-01 -3.460596280900000155e-01
1.413393225655760288e+09 -1.878323964200000029e+00 -6.333074641000000504e-01 1.657016005300000039e+00 4.668071491999999933e-01 6.801722484000000124e-01 4.504947168999999807e-01 -3.413375279620000091e-01
1.413393225705760479e+09 -1.893274579899999921e+00 -6.285968038999999452e-01 1.660798919599999923e+00 4.713815635999999976e-01 6.869895920999999905e-01 4.404286468999999982e-01 -3.344657362940000045e-01
1.413393225755760431e+09 -1.908100031200000046e+00 -6.224090097000000155e-01 1.665140622100000023e+00 4.778220530000000243e-01 6.924597672000000204e-01 4.312719696000000269e-01 -3.258681400189999966e-01
1.413393225805760622e+09 -1.922555125899999995e+00 -6.148306397999999673e-01 1.669878305599999946e+00 4.851058094999999848e-01 6.975715940000000170e-01 4.216772625999999913e-01 -3.166299274600000158e-01
1.413393225855760336e+09 -1.936076619600000104e+00 -6.063094072000000390e-01 1.673728612499999935e+00 4.935129576000000240e-01 7.021208773999999542e-01 4.127043931000000110e-01 -3.051988173269999938e-01
1.413393225905760527e+09 -1.949333033999999909e+00 -5.974575427999999633e-01 1.673492795400000066e+00 5.018032706999999704e-01 7.061494792000000409e-01 4.036513280999999842e-01 -2.942991606300000007e-01
1.413393225955760479e+09 -1.962453931800000051e+00 -5.882432619999999890e-01 1.668127233599999926e+00 5.097364976999999575e-01 7.101194710999999549e-01 3.953341830000000057e-01 -2.821523054330000169e-01
1.413393226005760431e+09 -1.975712411399999979e+00 -5.791796559999999872e-01 1.658913261099999925e+00 5.177233797000000415e-01 7.135330243999999933e-01 3.861535220999999796e-01 -2.715116618549999750e-01
1.413393226055760384e+09 -1.989087759500000052e+00 -5.706253069000000178e-01 1.647911694600000088e+00 5.239916758999999535e-01 7.177725783999999720e-01 3.758198684999999872e-01 -2.626683759880000246e-01
1.413393226105760574e+09 -2.002264647600000114e+00 -5.632737705999999456e-01 1.637095113500000032e+00 5.280591480999999865e-01 7.225659687000000053e-01 3.654449243999999819e-01 -2.559335152700000227e-01
1.413393226155760288e+09 -2.015719131900000072e+00 -5.564333770999999595e-01 1.627536501000000024e+00 5.314758455000000437e-01 7.271625100999999924e-01 3.547697580999999989e-01 -2.508117385559999746e-01
1.413393226205760479e+09 -2.029029904500000203e+00 -5.503346640999999817e-01 1.620594945299999923e+00 5.340323526000000376e-01 7.317813409000000213e-01 3.451334208999999875e-01 -2.453333185519999959e-01
1.413393226255760431e+09 -2.042739530700000028e+00 -5.448132431000000109e-01 1.618003134999999926e+00 5.348306304000000067e-01 7.364032073999999817e-01 3.365291338999999993e-01 -2.416912389549999984e-01
1.413393226305760622e+09 -2.056242874300000079e+00 -5.396125801000000166e-01 1.618056899800000004e+00 5.355471431999999643e-01 7.403548159999999712e-01 3.288432609999999978e-01 -2.385919393039999947e-01
1.413393226355760336e+09 -2.069488633599999794e+00 -5.349526183999999684e-01 1.619721528599999960e+00 5.334458533999999474e-01 7.453981375999999548e-01 3.221737292999999891e-01 -2.366880356690000131e-01
1.413393226405760527e+09 -2.082250383999999954e+00 -5.303179680999999812e-01 1.621213779000000077e+00 5.311733994999999764e-01 7.499450080999999768e-01 3.180761194000000236e-01 -2.329482490289999930e-01
1.413393226455760479e+09 -2.094969612299999895e+00 -5.256563391999999890e-01 1.621314162400000036e+00 5.275239270999999563e-01 7.549231805999999656e-01 3.143887729000000020e-01 -2.301503793549999899e-01
1.413393226505760431e+09 -2.107898434099999996e+00 -5.206862746000000541e-01 1.618851322400000070e+00 5.241941932000000470e-01 7.590797828999999997e-01 3.117386300000000166e-01 -2.276781885499999936e-01
1.413393226555760384e+09 -2.121097610700000136e+00 -5.151614130999999652e-01 1.614408654200000015e+00 5.217060559999999736e-01 7.621823267999999763e-01 3.093703170000000058e-01 -2.262540582589999960e-01
1.413393226605760574e+09 -2.134362709499999955e+00 -5.088949691999999914e-01 1.607174634199999952e+00 5.193044378000000183e-01 7.649585777999999836e-01 3.076089948999999879e-01 -2.248065422780000100e-01
1.413393226655760288e+09 -2.147882121699999924e+00 -5.013793203999999948e-01 1.599578784600000025e+00 5.190307279000000440e-01 7.660901597000000507e-01 3.065310947000000064e-01 -2.230507983879999878e-01
1.413393226705760479e+09 -2.161885424399999867e+00 -4.924801241000000274e-01 1.592036525199999941e+00 5.227889085000000380e-01 7.639526240999999773e-01 3.082789367000000058e-01 -2.191625937159999982e-01
1.413393226755760431e+09 -2.176362307599999824e+00 -4.825221442000000027e-01 1.585313608799999940e+00 5.277149480999999698e-01 7.610239825000000291e-01 3.094296241000000225e-01 -2.158998363940000109e-01
1.413393226805760622e+09 -2.191175741299999924e+00 -4.722284961000000059e-01 1.578697460099999894e+00 5.312553520999999668e-01 7.586187319999999623e-01 3.118310566999999978e-01 -2.121951047700000037e-01
1.413393226855760336e+09 -2.206715219699999952e+00 -4.619104274999999982e-01 1.572634493100000030e+00 5.337816024000000548e-01 7.566190750000000298e-01 3.137962826999999844e-01 -2.100872898479999862e-01
1.413393226905760527e+09 -2.222793806999999955e+00 -4.514869767999999950e-01 1.567065558199999931e+00 5.360715547000000081e-01 7.547683342000000017e-01 3.164134901000000277e-01 -2.069651014099999908e-01
1.413393226955760479e+09 -2.239676316899999797e+00 -4.414122688000000072e-01 1.562125618000000049e+00 5.368521165999999845e-01 7.538506922000000054e-01 3.180885357000000080e-01 -2.057149052380000120e-01
1.413393227005760431e+09 -2.257325408499999853e+00 -4.317069215000000071e-01 1.557603609899999908e+00 5.373501967999999573e-01 7.530153445999999695e-01 3.195919447000000191e-01 -2.051429883919999864e-01
1.413393227055760384e+09 -2.275802897799999780e+00 -4.221767563000000112e-01 1.553766073700000083e+00 5.377899941999999545e-01 7.524293645999999836e-01 3.197259460999999914e-01 -2.059303107219999929e-01
1.413393227105760574e+09 -2.294996807500000013e+00 -4.130092933999999771e-01 1.550604197800000028e+00 5.387408290999999849e-01 7.514588450000000419e-01 3.193311432000000005e-01 -2.075946631970000122e-01
1.413393227155760288e+09 -2.314776751400000165e+00 -4.043016403999999953e-01 1.547986370500000097e+00 5.385382305999999453e-01 7.514078590999999641e-01 3.178818418000000090e-01 -2.105087601969999889e-01
1.413393227205760479e+09 -2.334937457800000171e+00 -3.957693750999999871e-01 1.545922563500000013e+00 5.382781656999999775e-01 7.512553178999999970e-01 3.168023992999999816e-01 -2.133267526529999958e-01
1.413393227255760431e+09 -2.355390603200000044e+00 -3.874793060000000233e-01 1.544952385099999992e+00 5.375057993999999839e-01 7.516824899999999809e-01 3.139755785000000188e-01 -2.178997151519999897e-01
1.413393227305760622e+09 -2.375641933399999850e+00 -3.791611684999999787e-01 1.543824854499999955e+00 5.363291943000000339e-01 7.525802600000000009e-01 3.128214777000000169e-01 -2.193551247149999883e-01
1.413393227355760336e+09 -2.395976753999999875e+00 -3.707949084000000117e-01 1.543300762000000104e+00 5.363934161000000200e-01 7.526477810999999685e-01 3.115326084999999745e-01 -2.207959569240000031e-01
1.413393227405760527e+09 -2.416116832500000200e+00 -3.624295562000000026e-01 1.542606643600000105e+00 5.349837937000000432e-01 7.537747492999999910e-01 3.106636893999999982e-01 -2.215943135120000129e-01
1.413393227455760479e+09 -2.436146443600000211e+00 -3.538079999000000031e-01 1.542321937799999931e+00 5.339613152000000085e-01 7.547004424000000045e-01 3.093790378999999868e-01 -2.227042139460000125e-01
1.413393227505760431e+09 -2.456009994900000049e+00 -3.448693965999999889e-01 1.542251553500000094e+00 5.337523077000000393e-01 7.550453570999999808e-01 3.085415819999999809e-01 -2.231973900110000020e-01
1.413393227555760384e+09 -2.475695110799999821e+00 -3.352615975000000081e-01 1.542636230500000094e+00 5.345069846000000124e-01 7.553747821999999834e-01 3.060731371000000034e-01 -2.236748904570000085e-01
1.413393227605760574e+09 -2.495082581000000133e+00 -3.250838044000000093e-01 1.543236667499999992e+00 5.353043103000000302e-01 7.562306896999999584e-01 3.025482976000000157e-01 -2.236715602940000103e-01
1.413393227655760288e+09 -2.513893458000000081e+00 -3.143164702999999838e-01 1.543605875699999963e+00 5.362602160999999645e-01 7.575202477000000378e-01 2.989842826999999925e-01 -2.218027356979999920e-01
1.413393227705760479e+09 -2.532091811199999931e+00 -3.028162496999999842e-01 1.543811983899999962e+00 5.368448192000000452e-01 7.598086183000000160e-01 2.942293406000000000e-01 -2.189008878850000062e-01
1.413393227755760431e+09 -2.549710411299999979e+00 -2.906985611999999830e-01 1.543727633999999904e+00 5.380093762000000002e-01 7.621785052999999754e-01 2.882538376000000069e-01 -2.157303000449999897e-01
1.413393227805760622e+09 -2.566601457400000008e+00 -2.779831264000000024e-01 1.543468489799999954e+00 5.397047849999999647e-01 7.644573144999999847e-01 2.825258330000000040e-01 -2.109571357810000047e-01
1.413393227855760336e+09 -2.583022385000000032e+00 -2.647976555000000065e-01 1.543140611199999901e+00 5.411215584999999884e-01 7.674269808000000470e-01 2.737820029999999960e-01 -2.080545671490000026e-01
1.413393227905760527e+09 -2.598882116299999989e+00 -2.509406102000000249e-01 1.542487786999999999e+00 5.430364215999999855e-01 7.702198887000000216e-01 2.657505568999999901e-01 -2.030995058339999937e-01
1.413393227955760479e+09 -2.614039041599999891e+00 -2.366048293000000136e-01 1.541961780899999912e+00 5.458251809999999926e-01 7.726592519999999631e-01 2.564464926999999728e-01 -1.982618177369999957e-01
1.413393228005760431e+09 -2.628042390300000086e+00 -2.215022321000000016e-01 1.540881519600000082e+00 5.479609755000000026e-01 7.759586372000000232e-01 2.462702353000000011e-01 -1.922964740679999895e-01
1.413393228055760384e+09 -2.641083043200000091e+00 -2.057253763000000124e-01 1.539530793900000027e+00 5.511563508000000278e-01 7.785884564999999702e-01 2.366157409999999905e-01 -1.844984646370000092e-01
1.413393228105760574e+09 -2.653515879299999991e+00 -1.896508268000000053e-01 1.538108658000000073e+00 5.533477933999999543e-01 7.817563218999999952e-01 2.260991297999999927e-01 -1.776019602510000017e-01
1.413393228155760288e+09 -2.665006192099999893e+00 -1.729343301000000055e-01 1.536290686300000097e+00 5.553459512999999736e-01 7.850423704000000225e-01 2.166626137999999868e-01 -1.683943668360000090e-01
1.413393228205760479e+09 -2.675926920100000217e+00 -1.560754326999999886e-01 1.534659453499999993e+00 5.563198726000000427e-01 7.885332457999999489e-01 2.071713040000000006e-01 -1.606348979359999984e-01
1.413393228255760431e+09 -2.686209030900000183e+00 -1.389766526000000002e-01 1.533021842199999929e+00 5.579983697000000520e-01 7.908393935999999957e-01 2.002452514999999988e-01 -1.520286559469999910e-01
1.413393228305760622e+09 -2.696194031400000135e+00 -1.217542320000000039e-01 1.531729785400000043e+00 5.594980924000000355e-01 7.928619291999999819e-01 1.934610948999999913e-01 -1.445844062040000100e-01
1.413393228355760336e+09 -2.705898164300000186e+00 -1.043054897000000036e-01 1.531023972699999902e+00 5.611744714999999939e-01 7.943760042999999937e-01 1.873390399000000039e-01 -1.376737465010000050e-01
1.413393228405760527e+09 -2.715368158400000009e+00 -8.643105480000000396e-02 1.530597072800000014e+00 5.629285415000000459e-01 7.958729836000000279e-01 1.808792818999999941e-01 -1.303086203909999963e-01
1.413393228455760479e+09 -2.724549167799999783e+00 -6.826050820000000019e-02 1.530482734300000036e+00 5.647879702000000446e-01 7.973273123999999878e-01 1.730693295000000076e-01 -1.238172553199999998e-01
1.413393228505760431e+09 -2.733754685100000081e+00 -5.009084030000000159e-02 1.530848729099999916e+00 5.678627184000000216e-01 7.975646861999999837e-01 1.655688288999999924e-01 -1.183615954560000016e-01
1.413393228555760384e+09 -2.742777033399999898e+00 -3.198435560000000011e-02 1.531048732499999954e+00 5.700866127000000505e-01 7.983012572000000029e-01 1.579570878000000067e-01 -1.129863496310000021e-01
1.413393228605760574e+09 -2.751522581700000192e+00 -1.398426340000000039e-02 1.530748113400000054e+00 5.706566282999999684e-01 8.000835830000000426e-01 1.507206792999999934e-01 -1.072406153340000057e-01
1.413393228655760288e+09 -2.760416913299999830e+00 3.619339599999999834e-03 1.530840130599999904e+00 5.709221692000000514e-01 8.015677955000000132e-01 1.441813945000000041e-01 -1.036757992200000034e-01
1.413393228705760479e+09 -2.769083444600000110e+00 2.106127600000000030e-02 1.530863960700000082e+00 5.708240731000000512e-01 8.030204671999999766e-01 1.396872975000000017e-01 -9.902255189660000290e-02
1.413393228755760431e+09 -2.777856617099999870e+00 3.834627609999999992e-02 1.531226515700000013e+00 5.701993521999999537e-01 8.045524554999999856e-01 1.354426904999999903e-01 -9.603813191639999636e-02
1.413393228805760622e+09 -2.786940061400000168e+00 5.564621639999999675e-02 1.531269541999999984e+00 5.673330963999999588e-01 8.073243539000000135e-01 1.317459021999999869e-01 -9.488710471740000041e-02
1.413393228855760336e+09 -2.796118941500000066e+00 7.356234509999999560e-02 1.530542958300000089e+00 5.645886083000000166e-01 8.098576524999999693e-01 1.284991741000000021e-01 -9.411826794149999453e-02
1.413393228905760527e+09 -2.805017640300000004e+00 9.168397150000000273e-02 1.529191917499999942e+00 5.603510404999999528e-01 8.132439782000000505e-01 1.261206361999999970e-01 -9.345869914380000587e-02
1.413393228955760479e+09 -2.813811525799999824e+00 1.106279423000000040e-01 1.527656963899999942e+00 5.589637702999999957e-01 8.144508350000000396e-01 1.247070066999999977e-01 -9.315311797219999468e-02
1.413393229005760431e+09 -2.822476109600000171e+00 1.305493390999999948e-01 1.525453501100000109e+00 5.590402676000000293e-01 8.146158887000000126e-01 1.252265939999999966e-01 -9.051648024139999360e-02
1.413393229055760384e+09 -2.830946206700000189e+00 1.517323468000000009e-01 1.522381400700000054e+00 5.603267061000000160e-01 8.138305112999999480e-01 1.281872602000000139e-01 -8.533409450579999833e-02
1.413393229105760574e+09 -2.839827678199999816e+00 1.734583741000000068e-01 1.518441786399999938e+00 5.630688403000000397e-01 8.118613944000000471e-01 1.311717602999999954e-01 -8.141576480100000401e-02
1.413393229155760288e+09 -2.849053470499999907e+00 1.954026162999999983e-01 1.513919487499999939e+00 5.652835060999999994e-01 8.102477033999999634e-01 1.335803500999999949e-01 -7.816333524519999965e-02
1.413393229205760479e+09 -2.858855892499999829e+00 2.175444280000000119e-01 1.508891992699999962e+00 5.672599230999999520e-01 8.086882370000000320e-01 1.364631488999999975e-01 -7.494880882389999555e-02
1.413393229255760431e+09 -2.869668498999999873e+00 2.399215332999999895e-01 1.503037406400000053e+00 5.690677377999999731e-01 8.071556753999999945e-01 1.392001989999999967e-01 -7.269752465499999816e-02
1.413393229305760622e+09 -2.881236868999999867e+00 2.622566968999999748e-01 1.496417147799999903e+00 5.710018692999999645e-01 8.056211503000000329e-01 1.409014926999999917e-01 -7.126146742989999949e-02
1.413393229355760336e+09 -2.893909625900000115e+00 2.844701243000000157e-01 1.489174614099999960e+00 5.727457701999999484e-01 8.041920025000000027e-01 1.420445566000000104e-01 -7.113964950550000221e-02
1.413393229405760527e+09 -2.907729177599999826e+00 3.066642191000000239e-01 1.481339709500000046e+00 5.742331552999999644e-01 8.029753081999999598e-01 1.418885628000000065e-01 -7.317495206160000432e-02
1.413393229455760479e+09 -2.922700628899999931e+00 3.286310552999999746e-01 1.473814146700000105e+00 5.756239882000000474e-01 8.019414697000000203e-01 1.397461657999999884e-01 -7.757520532240000377e-02
1.413393229505760431e+09 -2.938191671399999816e+00 3.503600989999999804e-01 1.466654160500000081e+00 5.760969002000000394e-01 8.015625630999999585e-01 1.365679475000000087e-01 -8.342070963820000240e-02
1.413393229555760384e+09 -2.953978976300000170e+00 3.717570823999999940e-01 1.459607430399999961e+00 5.748495623999999582e-01 8.022532373999999855e-01 1.346523550000000014e-01 -8.835421337359999905e-02
1.413393229605760574e+09 -2.969565486000000032e+00 3.930358461999999831e-01 1.452949950100000054e+00 5.727837220999999479e-01 8.036574414999999583e-01 1.317740028000000119e-01 -9.321553884779999744e-02
1.413393229655760288e+09 -2.984860010799999852e+00 4.142931859999999800e-01 1.446726205000000043e+00 5.695798559000000427e-01 8.057590128999999601e-01 1.298930866999999933e-01 -9.725732332849999773e-02
1.413393229705760479e+09 -2.999511170799999960e+00 4.357639060999999869e-01 1.440996951100000034e+00 5.664064180000000226e-01 8.078581366999999513e-01 1.295845801999999936e-01 -9.877670410430000603e-02
1.413393229755760431e+09 -3.013670401799999787e+00 4.576604328000000166e-01 1.436114819399999964e+00 5.633195426999999533e-01 8.098826232000000402e-01 1.295460311999999947e-01 -9.989522107560000475e-02
1.413393229805760622e+09 -3.027376937900000176e+00 4.801787960000000188e-01 1.431652774100000025e+00 5.592125995000000183e-01 8.125965841000000189e-01 1.298703605000000039e-01 -1.005074605199999943e-01
1.413393229855760336e+09 -3.040619338599999999e+00 5.036371607999999833e-01 1.427926869800000054e+00 5.548918154999999963e-01 8.154173751000000081e-01 1.311347392999999972e-01 -9.996628205599999983e-02
1.413393229905760527e+09 -3.053529136799999932e+00 5.282365045000000370e-01 1.425256065599999955e+00 5.514961502999999876e-01 8.176272557000000551e-01 1.320041688999999963e-01 -9.956187214490000437e-02
1.413393229955760479e+09 -3.066217500900000115e+00 5.542941891999999537e-01 1.423843696600000097e+00 5.501412173999999933e-01 8.183890759999999931e-01 1.336940259000000131e-01 -9.853866596389999899e-02
1.413393230005760431e+09 -3.078644809200000054e+00 5.818526657999999463e-01 1.423186039299999983e+00 5.502824049000000217e-01 8.181708422000000258e-01 1.366945098000000025e-01 -9.539580081239999731e-02
1.413393230055760384e+09 -3.091122500500000037e+00 6.110773189999999522e-01 1.423137609399999892e+00 5.537246041000000174e-01 8.156046890999999466e-01 1.410062015999999918e-01 -9.107856544860000458e-02
1.413393230105760574e+09 -3.104097093600000079e+00 6.412443017000000189e-01 1.423196181900000079e+00 5.571353022999999682e-01 8.130050853000000410e-01 1.448610522000000067e-01 -8.739714991189999338e-02
1.413393230155760288e+09 -3.117650060499999931e+00 6.720681657000000531e-01 1.423010467299999915e+00 5.600299412999999449e-01 8.107666260000000458e-01 1.477235734000000023e-01 -8.486276515339999382e-02
1.413393230205760479e+09 -3.131996290000000016e+00 7.031931769000000498e-01 1.422122749899999983e+00 5.620989907000000230e-01 8.090210531999999510e-01 1.505414268999999972e-01 -8.286699553050000389e-02
1.413393230255760431e+09 -3.147401726400000044e+00 7.346177530999999927e-01 1.420822469800000043e+00 5.646300586000000399e-01 8.069905636999999965e-01 1.522216262999999958e-01 -8.238752026289999919e-02
1.413393230305760622e+09 -3.163761997299999962e+00 7.661100750999999542e-01 1.418884709599999905e+00 5.669102454000000124e-01 8.051639730999999855e-01 1.526794371999999900e-01 -8.374210072410000205e-02
1.413393230355760336e+09 -3.180828855900000196e+00 7.972511957000000260e-01 1.415776917100000087e+00 5.666119581999999877e-01 8.052508529999999887e-01 1.516632494000000053e-01 -8.671915208809999331e-02
1.413393230405760527e+09 -3.198474456300000046e+00 8.284864647999999887e-01 1.412438880100000071e+00 5.673987356999999898e-01 8.046262679000000251e-01 1.499938160000000020e-01 -9.020586959609999678e-02
1.413393230455760479e+09 -3.216387877199999856e+00 8.599234704999999535e-01 1.408684957399999993e+00 5.669835671999999827e-01 8.051083183999999671e-01 1.475243299000000008e-01 -9.255702196520000646e-02
1.413393230505760431e+09 -3.234322369800000097e+00 8.916269961999999660e-01 1.405189462200000072e+00 5.662955199000000439e-01 8.061513115999999757e-01 1.431532003000000053e-01 -9.453363549500000407e-02
1.413393230555760384e+09 -3.251896052899999834e+00 9.237204817999999928e-01 1.402165804300000040e+00 5.654835548000000101e-01 8.076732313000000163e-01 1.373596394999999915e-01 -9.499805325839999481e-02
1.413393230605760574e+09 -3.268871219899999847e+00 9.560778899999999858e-01 1.399765105099999962e+00 5.652327075999999950e-01 8.091529288000000042e-01 1.296461821000000070e-01 -9.473854324529999704e-02
1.413393230655760288e+09 -3.285364318200000078e+00 9.894314911999999573e-01 1.398149724800000104e+00 5.643743544999999528e-01 8.112392237000000117e-01 1.214419927000000010e-01 -9.286739108380000218e-02
1.413393230705760479e+09 -3.301369664300000117e+00 1.023990119600000082e+00 1.397619569499999992e+00 5.648377074000000553e-01 8.125506500000000409e-01 1.125335449999999987e-01 -8.975526034009999321e-02
1.413393230755760431e+09 -3.316259268200000054e+00 1.059066198300000039e+00 1.399181302999999987e+00 5.652016247000000160e-01 8.139941451000000106e-01 1.028785279000000025e-01 -8.588750636099999614e-02
1.413393230805760622e+09 -3.330122994399999925e+00 1.094479471299999895e+00 1.401091181299999988e+00 5.657515163999999874e-01 8.152500307000000168e-01 9.330070769999999902e-02 -8.116395199930000193e-02
1.413393230855760336e+09 -3.343065901500000159e+00 1.130925180800000041e+00 1.403100803999999924e+00 5.663719230999999521e-01 8.164974261999999872e-01 8.354379630000000057e-02 -7.466747509559999718e-02
1.413393230905760527e+09 -3.354815379400000186e+00 1.168201572599999905e+00 1.405786474599999947e+00 5.673023215000000397e-01 8.174684051999999701e-01 7.460318489999999414e-02 -6.593820833949999571e-02
1.413393230955760479e+09 -3.365653543300000106e+00 1.205900597999999935e+00 1.409255215700000008e+00 5.684130179999999921e-01 8.181153007000000477e-01 6.759588129999999362e-02 -5.499811443159999952e-02
1.413393231005760431e+09 -3.375852748699999850e+00 1.243953700200000068e+00 1.413044423899999957e+00 5.694673252999999935e-01 8.185196032999999538e-01 6.244268769999999913e-02 -4.281979885860000279e-02
1.413393231055760384e+09 -3.385834634600000115e+00 1.282240306400000085e+00 1.417165159899999916e+00 5.704852797999999670e-01 8.186324876999999667e-01 5.849975839999999733e-02 -3.106724912719999870e-02
1.413393231105760574e+09 -3.396399060599999853e+00 1.320702127599999942e+00 1.421873597400000078e+00 5.722011697000000119e-01 8.179777867999999952e-01 5.520529519999999718e-02 -2.122586036890000000e-02
1.413393231155760288e+09 -3.407799857500000140e+00 1.359191679800000108e+00 1.426928208399999898e+00 5.733122543999999987e-01 8.175407452999999824e-01 5.264905090000000093e-02 -1.297174802330000078e-02
1.413393231205760479e+09 -3.420462639100000146e+00 1.397693430999999986e+00 1.432280346099999990e+00 5.732736080000000456e-01 8.178578213999999624e-01 4.906284360000000289e-02 -7.667571513369999918e-03
1.413393231255760431e+09 -3.434131674900000153e+00 1.436369224699999947e+00 1.437734020299999971e+00 5.735842915000000097e-01 8.177936150000000293e-01 4.699001290000000275e-02 -2.569543079159999823e-03
1.413393231305760622e+09 -3.449266646699999939e+00 1.474639627700000011e+00 1.442670011099999927e+00 5.743105244999999748e-01 8.174936466000000124e-01 4.323450179999999837e-02 -1.528788312279999928e-03
1.413393231355760336e+09 -3.465304072899999976e+00 1.512697573300000098e+00 1.444774051800000070e+00 5.746714549000000449e-01 8.174548209999999981e-01 3.891905770000000236e-02 -2.375183219970000009e-03
1.413393231405760527e+09 -3.482313966199999999e+00 1.550999432700000069e+00 1.444585707599999935e+00 5.757258522000000545e-01 8.168914280000000305e-01 3.469693100000000030e-02 -4.925534730600000279e-03
1.413393231455760479e+09 -3.499943588499999869e+00 1.589443931399999954e+00 1.442498149299999977e+00 5.785590776000000268e-01 8.150495287000000255e-01 2.974018559999999992e-02 -8.898362363659999622e-03
1.413393231505760431e+09 -3.517811258600000102e+00 1.627890527599999970e+00 1.439138389500000059e+00 5.837078706999999644e-01 8.114677106000000029e-01 2.488837010000000127e-02 -1.363251385809999966e-02
1.413393231555760384e+09 -3.535747267500000124e+00 1.665891751700000034e+00 1.433808746800000034e+00 5.910848654999999452e-01 8.061227425000000446e-01 2.110272090000000003e-02 -1.842500891819999834e-02
1.413393231605760574e+09 -3.553150668499999831e+00 1.702972082000000054e+00 1.426695889899999958e+00 5.979678644000000487e-01 8.010068459000000418e-01 1.761062810000000103e-02 -2.263474515440000098e-02
1.413393231655760288e+09 -3.569556272199999825e+00 1.738630117800000097e+00 1.418166470799999912e+00 6.026291994000000374e-01 7.974971026999999602e-01 1.426217089999999924e-02 -2.515968263670000094e-02
1.413393231705760479e+09 -3.584689624600000180e+00 1.772746080999999974e+00 1.408827041499999932e+00 6.046477825999999611e-01 7.960102452999999745e-01 1.201690050000000023e-02 -2.498684518939999974e-02
1.413393231755760431e+09 -3.598403950099999804e+00 1.805398715799999998e+00 1.399486633800000046e+00 6.038897287000000169e-01 7.966793910999999673e-01 8.592295200000000729e-03 -2.335199936470000112e-02
1.413393231805760622e+09 -3.611055438100000181e+00 1.836557470200000042e+00 1.391271497099999976e+00 6.014728024000000062e-01 7.985775535000000369e-01 4.228685200000000324e-03 -2.205622754850000006e-02
1.413393231855760336e+09 -3.622689659500000214e+00 1.866074229100000093e+00 1.384205774500000041e+00 5.980551298999999821e-01 8.011375472999999747e-01 -1.937876100000000086e-03 -2.247079485200000060e-02
1.413393231905760527e+09 -3.632695907900000076e+00 1.894574568899999978e+00 1.377685694399999994e+00 5.926048474999999760e-01 8.051520214999999814e-01 -9.439441399999999940e-03 -2.146191833160000090e-02
1.413393231955760479e+09 -3.640980344199999941e+00 1.922191483099999987e+00 1.372505783300000060e+00 5.882865770999999855e-01 8.081995401999999551e-01 -1.757684129999999983e-02 -2.057816907350000155e-02
1.413393232005760431e+09 -3.647270102299999817e+00 1.949294709899999978e+00 1.368442063200000058e+00 5.847690895999999583e-01 8.105701404999999804e-01 -2.610405080000000044e-02 -1.843197398650000055e-02
1.413393232055760384e+09 -3.651146407700000207e+00 1.976196469500000052e+00 1.364918923699999898e+00 5.816644225999999529e-01 8.126506260000000426e-01 -3.312519089999999694e-02 -1.296847132300000052e-02
1.413393232105760574e+09 -3.653074342000000030e+00 2.002919363999999813e+00 1.363068648700000107e+00 5.797122737000000026e-01 8.138077765000000241e-01 -4.012615960000000259e-02 -6.361919325649999755e-03
1.413393232155760288e+09 -3.653077640399999826e+00 2.029284667399999798e+00 1.361477275900000006e+00 5.781103397000000310e-01 8.145792621999999872e-01 -4.740756599999999821e-02 1.258296187380000082e-03
1.413393232205760479e+09 -3.651201350000000012e+00 2.055568949500000020e+00 1.359821183300000014e+00 5.783911606999999622e-01 8.139265960999999550e-01 -5.343735930000000078e-02 1.147214304640000078e-02
1.413393232255760431e+09 -3.648085312000000080e+00 2.081622639899999960e+00 1.357239435499999924e+00 5.783005530000000505e-01 8.133171635000000510e-01 -6.055506520000000087e-02 2.041435829029999982e-02
1.413393232305760622e+09 -3.643745496300000219e+00 2.107470569999999821e+00 1.353317525000000021e+00 5.783866576999999731e-01 8.123831501999999594e-01 -6.825441470000000177e-02 2.904868965079999976e-02
1.413393232355760336e+09 -3.638398042399999976e+00 2.133290021500000133e+00 1.348215338499999971e+00 5.778899788000000370e-01 8.115967764000000528e-01 -7.802474450000000672e-02 3.558067114470000319e-02
1.413393232405760527e+09 -3.631929591100000021e+00 2.158735265199999809e+00 1.341423998300000031e+00 5.757925739999999459e-01 8.118692136999999809e-01 -8.687907549999999979e-02 4.222934916920000059e-02
1.413393232455760479e+09 -3.624365710200000201e+00 2.184128212900000143e+00 1.332962951899999915e+00 5.741775463999999607e-01 8.116201025000000513e-01 -9.590734809999999777e-02 4.893602914720000113e-02
1.413393232505760431e+09 -3.615927652199999898e+00 2.209504049900000044e+00 1.322960837499999931e+00 5.721186759999999927e-01 8.116079308000000436e-01 -1.048134160000000065e-01 5.465286051720000260e-02
1.413393232555760384e+09 -3.606714163399999951e+00 2.234981128399999850e+00 1.311790876199999900e+00 5.709208479999999808e-01 8.110905335000000438e-01 -1.123667705000000044e-01 5.962583938769999703e-02
1.413393232605760574e+09 -3.596936978500000048e+00 2.260267032599999837e+00 1.298411769799999949e+00 5.698990927999999512e-01 8.106951473000000297e-01 -1.180052602000000034e-01 6.374292691060000349e-02
1.413393232655760288e+09 -3.586313966000000075e+00 2.285344053399999797e+00 1.285039164699999903e+00 5.692519150000000527e-01 8.100577751999999965e-01 -1.236899357999999977e-01 6.677917235939999363e-02
1.413393232705760479e+09 -3.574670960599999781e+00 2.310390749200000204e+00 1.272438134099999951e+00 5.692375119000000483e-01 8.091926375000000338e-01 -1.277924153999999979e-01 6.960624301510000278e-02
1.413393232755760431e+09 -3.562044727700000024e+00 2.335278916800000104e+00 1.260217260499999936e+00 5.687132673000000471e-01 8.089026679999999914e-01 -1.300001707000000006e-01 7.308658470730000634e-02
1.413393232805760622e+09 -3.548367864899999891e+00 2.360214812000000162e+00 1.248646157400000067e+00 5.678593577999999642e-01 8.089117864999999519e-01 -1.321777786999999982e-01 7.567368322659999424e-02
1.413393232855760336e+09 -3.533688494000000180e+00 2.385896251900000209e+00 1.238042978700000019e+00 5.681364219000000215e-01 8.083000052000000046e-01 -1.336765839999999872e-01 7.747695551600000674e-02
1.413393232905760527e+09 -3.518270624999999985e+00 2.411228374999999868e+00 1.227463835400000036e+00 5.665047641999999550e-01 8.091956877999999520e-01 -1.341942530000000133e-01 7.916181763620000478e-02
1.413393232955760479e+09 -3.501633613500000131e+00 2.436809787900000135e+00 1.218403410499999895e+00 5.656278167999999607e-01 8.096381790000000134e-01 -1.326083214999999871e-01 8.346391494119999310e-02
1.413393233005760431e+09 -3.484364972799999904e+00 2.462723307600000133e+00 1.210964070700000006e+00 5.641620842000000247e-01 8.105932831000000061e-01 -1.309466804999999956e-01 8.667548033939999341e-02
1.413393233055760384e+09 -3.466601465800000170e+00 2.489027251600000046e+00 1.205712278800000092e+00 5.630091627000000098e-01 8.114682543000000248e-01 -1.282143964000000136e-01 9.000568622690000020e-02
1.413393233105760574e+09 -3.448463582300000052e+00 2.515595276900000066e+00 1.202105903399999898e+00 5.611112649999999702e-01 8.127992267000000437e-01 -1.265655568000000064e-01 9.215598285289999803e-02
1.413393233155760288e+09 -3.430104911099999931e+00 2.542691897100000098e+00 1.200584199799999974e+00 5.606235866000000012e-01 8.131772570999999949e-01 -1.253197558999999961e-01 9.348209179060000540e-02
1.413393233205760479e+09 -3.411498873899999840e+00 2.570600650399999854e+00 1.201184079299999929e+00 5.608184928999999652e-01 8.130410599999999821e-01 -1.239789830999999953e-01 9.526838175509999562e-02
1.413393233255760431e+09 -3.392272748799999960e+00 2.599380037900000051e+00 1.204570014199999983e+00 5.634863469999999985e-01 8.107713256999999896e-01 -1.241651899000000003e-01 9.856977120059999542e-02
1.413393233305760622e+09 -3.372861276100000083e+00 2.628493859199999783e+00 1.209914195699999917e+00 5.662058446000000078e-01 8.082629047999999594e-01 -1.252675866999999887e-01 1.021276159079999996e-01
1.413393233355760336e+09 -3.353437893600000219e+00 2.658058995899999832e+00 1.217357111499999922e+00 5.701578172000000277e-01 8.046131040999999762e-01 -1.273422076999999875e-01 1.063098221869999971e-01
1.413393233405760527e+09 -3.333949885400000035e+00 2.687555998200000129e+00 1.226567661400000064e+00 5.742914071000000398e-01 8.004022869000000373e-01 -1.318807129000000022e-01 1.102408109450000034e-01
1.413393233455760479e+09 -3.314941145200000161e+00 2.716732273199999881e+00 1.237752459500000013e+00 5.776840052999999697e-01 7.964970931000000531e-01 -1.381952274999999897e-01 1.130294202149999955e-01
1.413393233505760431e+09 -3.295967191899999982e+00 2.745271539400000016e+00 1.251166982099999991e+00 5.789760940999999494e-01 7.937790522000000015e-01 -1.435156881000000106e-01 1.187634035869999938e-01
1.413393233555760384e+09 -3.277474084100000074e+00 2.772637392600000084e+00 1.265860026499999957e+00 5.788894940000000044e-01 7.917508500000000060e-01 -1.513654098999999975e-01 1.229067042419999950e-01
1.413393233605760574e+09 -3.258902060700000103e+00 2.799411936299999848e+00 1.280941520799999900e+00 5.756976060999999811e-01 7.915957243000000254e-01 -1.581304521000000129e-01 1.301661852119999907e-01
1.413393233655760288e+09 -3.240941081499999932e+00 2.825215674599999893e+00 1.297253946599999930e+00 5.705665728000000048e-01 7.924960224000000553e-01 -1.658759598000000002e-01 1.374372822630000046e-01
1.413393233705760479e+09 -3.223553989000000009e+00 2.850848671800000123e+00 1.315408691300000044e+00 5.645874718000000181e-01 7.936567068000000003e-01 -1.747466980999999864e-01 1.442692275000000135e-01
1.413393233755760431e+09 -3.206222364999999908e+00 2.877012986800000061e+00 1.336506932999999897e+00 5.622195777999999811e-01 7.919896956999999960e-01 -1.815054700000000021e-01 1.540040017980000009e-01
1.413393233805760622e+09 -3.190152318700000045e+00 2.902737155200000085e+00 1.359332798300000089e+00 5.623301799000000045e-01 7.888065882999999445e-01 -1.895745148000000102e-01 1.600950916770000065e-01
1.413393233855760336e+09 -3.174987853000000193e+00 2.928198413000000055e+00 1.382410489900000039e+00 5.639669965000000396e-01 7.848543883999999915e-01 -1.954230241999999895e-01 1.665972914749999922e-01
1.413393233905760527e+09 -3.161092851599999864e+00 2.953335142399999835e+00 1.405579241699999926e+00 5.666681270000000215e-01 7.804178252000000260e-01 -2.026310870999999958e-01 1.696345912309999981e-01
1.413393233955760479e+09 -3.147604086299999882e+00 2.977750543400000005e+00 1.428228530800000007e+00 5.683727215999999638e-01 7.762781739999999875e-01 -2.094440711999999982e-01 1.745789990720000018e-01
1.413393234005760431e+09 -3.135128620000000144e+00 3.001342381600000220e+00 1.450687997600000001e+00 5.681481119000000302e-01 7.734081312999999680e-01 -2.190633287000000040e-01 1.762351936700000121e-01
1.413393234055760384e+09 -3.123383758700000179e+00 3.024041297800000194e+00 1.473353551400000017e+00 5.669901815000000234e-01 7.710269410000000212e-01 -2.292871209000000021e-01 1.773894203799999958e-01
1.413393234105760574e+09 -3.111967960499999908e+00 3.045615101400000135e+00 1.495197637400000001e+00 5.640062379000000403e-01 7.696973025000000135e-01 -2.393236066999999967e-01 1.794080191380000022e-01
1.413393234155760288e+09 -3.100761780200000040e+00 3.066238945299999852e+00 1.514992262500000075e+00 5.601675527999999682e-01 7.690280967999999495e-01 -2.483952925000000034e-01 1.819557030370000106e-01
1.413393234205760479e+09 -3.089666476500000147e+00 3.086219622999999856e+00 1.533077316099999976e+00 5.587220205999999800e-01 7.670301220999999892e-01 -2.566837792000000174e-01 1.833246655540000103e-01
1.413393234255760431e+09 -3.078401895899999907e+00 3.105633257500000077e+00 1.549702758300000038e+00 5.634899182999999478e-01 7.601568378999999931e-01 -2.661420260999999843e-01 1.838725526290000134e-01
1.413393234305760622e+09 -3.066889242099999802e+00 3.124084144899999860e+00 1.564557959400000087e+00 5.713565336999999467e-01 7.507643833999999572e-01 -2.765248591000000200e-01 1.828621186190000081e-01
1.413393234355760336e+09 -3.055103360699999993e+00 3.140818715800000049e+00 1.578273783200000002e+00 5.806686509999999801e-01 7.399151850999999835e-01 -2.879856765000000096e-01 1.800380148659999902e-01
1.413393234405760527e+09 -3.042533520800000169e+00 3.154716728599999964e+00 1.589836608199999946e+00 5.884839027999999583e-01 7.295891453999999721e-01 -2.988514201999999953e-01 1.790927237209999912e-01
1.413393234455760479e+09 -3.029510622500000139e+00 3.165213199700000146e+00 1.599075607699999901e+00 5.936581019000000126e-01 7.213107482999999709e-01 -3.090118309000000063e-01 1.783046570340000025e-01
1.413393234505760431e+09 -3.015816694400000220e+00 3.171727275299999871e+00 1.605960985100000071e+00 5.959453250999999785e-01 7.151747577999999494e-01 -3.168219802999999724e-01 1.816537035040000081e-01
1.413393234555760384e+09 -3.001054699400000025e+00 3.173691210399999907e+00 1.612307006600000037e+00 5.957943968000000146e-01 7.107119585000000184e-01 -3.230893301000000162e-01 1.884962430369999942e-01
1.413393234605760574e+09 -2.985392508299999914e+00 3.170753544200000107e+00 1.618104302299999908e+00 5.914525740999999615e-01 7.095248267000000553e-01 -3.246811814000000185e-01 2.033236418409999913e-01
1.413393234655760288e+09 -2.968505265000000115e+00 3.164070737799999922e+00 1.626544467300000019e+00 5.817780475999999590e-01 7.121614053999999472e-01 -3.230023159000000033e-01 2.236737355160000051e-01
1.413393234705760479e+09 -2.953336549599999916e+00 3.152547277700000095e+00 1.639505597100000100e+00 5.692476333000000555e-01 7.163228526999999568e-01 -3.208339487999999906e-01 2.447535084720000031e-01
1.413393234755760431e+09 -2.940296726600000188e+00 3.137972362699999795e+00 1.656994079900000028e+00 5.557691581999999464e-01 7.207431073000000188e-01 -3.221711969000000120e-01 2.604913357790000217e-01
1.413393234805760622e+09 -2.928841765600000091e+00 3.122187276300000036e+00 1.675475909300000010e+00 5.406784531999999643e-01 7.259069798999999712e-01 -3.248095101999999845e-01 2.742711230109999843e-01
1.413393234855760336e+09 -2.919394854300000119e+00 3.106186443699999966e+00 1.692445265199999938e+00 5.276279006999999854e-01 7.294198906000000093e-01 -3.320759543999999841e-01 2.815687875010000063e-01
1.413393234905760527e+09 -2.911205158800000081e+00 3.090867242299999873e+00 1.706642281599999977e+00 5.195905000999999634e-01 7.291058501999999608e-01 -3.426450718999999867e-01 2.846484255989999990e-01
1.413393234955760479e+09 -2.904098144799999837e+00 3.076105611000000017e+00 1.716344492599999993e+00 5.141522620999999793e-01 7.268260533999999495e-01 -3.539982436999999926e-01 2.864552022419999955e-01
1.413393235005760431e+09 -2.897923067199999814e+00 3.061875491599999943e+00 1.721216330400000105e+00 5.111990583000000088e-01 7.225077101000000335e-01 -3.676873413999999785e-01 2.854192541760000035e-01
1.413393235055760384e+09 -2.892110090600000127e+00 3.047862048499999865e+00 1.721197317399999926e+00 5.098735704000000313e-01 7.165873380999999709e-01 -3.816029457999999819e-01 2.844480984119999722e-01
1.413393235105760574e+09 -2.886359246100000053e+00 3.033710741899999785e+00 1.716156476100000106e+00 5.083431187000000406e-01 7.103107626000000341e-01 -3.948433605000000179e-01 2.848589385440000177e-01
1.413393235155760288e+09 -2.880480777399999859e+00 3.019191433000000035e+00 1.706524704300000028e+00 5.051366075000000011e-01 7.049126175000000050e-01 -4.068313713999999748e-01 2.870948357279999863e-01
1.413393235205760479e+09 -2.873716160299999878e+00 3.004214131499999940e+00 1.694249096500000107e+00 5.003466617999999810e-01 7.005165294999999848e-01 -4.150982434000000110e-01 2.943182942509999789e-01
1.413393235255760431e+09 -2.866942421000000074e+00 2.988545616200000143e+00 1.680878508299999963e+00 4.920896821999999893e-01 6.986278459000000440e-01 -4.215023038999999860e-01 3.034842425129999910e-01
1.413393235305760622e+09 -2.860060461899999851e+00 2.972838697299999833e+00 1.667915496200000014e+00 4.827303930999999881e-01 6.976514075999999953e-01 -4.262146043000000217e-01 3.139983952120000144e-01
1.413393235355760336e+09 -2.853594000799999808e+00 2.957694059800000108e+00 1.655897618100000024e+00 4.733863273000000205e-01 6.975450675000000045e-01 -4.307560368000000195e-01 3.221575711710000234e-01
1.413393235405760527e+09 -2.847405633500000199e+00 2.943502612700000132e+00 1.645057444999999952e+00 4.642292827999999760e-01 6.984042250999999979e-01 -4.346384893999999943e-01 3.283475213770000178e-01
1.413393235455760479e+09 -2.841076747899999866e+00 2.930849280999999973e+00 1.635516131599999978e+00 4.566826225999999767e-01 6.989801853999999537e-01 -4.380297871000000121e-01 3.331630054490000159e-01
1.413393235505760431e+09 -2.834501817300000059e+00 2.919971597099999983e+00 1.626931745700000098e+00 4.490823749999999781e-01 7.004975460000000265e-01 -4.404325253999999967e-01 3.371162990020000194e-01
1.413393235555760384e+09 -2.826883061399999786e+00 2.911177873799999816e+00 1.620013619100000080e+00 4.436936025000000061e-01 7.004822504000000061e-01 -4.388007018000000259e-01 3.462868003440000009e-01
1.413393235605760574e+09 -2.818936238200000055e+00 2.904620391699999971e+00 1.613549102199999918e+00 4.389044527000000029e-01 6.999755643999999721e-01 -4.354430282000000263e-01 3.574723203330000265e-01
1.413393235655760288e+09 -2.811031998499999851e+00 2.901093022299999991e+00 1.607773443599999963e+00 4.361152707000000017e-01 6.978346779999999860e-01 -4.343719412000000002e-01 3.662666372519999824e-01
1.413393235705760479e+09 -2.803608828000000219e+00 2.901060596199999786e+00 1.602763385899999893e+00 4.359310946000000131e-01 6.948806934000000268e-01 -4.334839804999999768e-01 3.730905270900000126e-01
1.413393235755760431e+09 -2.797156875999999848e+00 2.904579096099999980e+00 1.598202542999999975e+00 4.373455607999999772e-01 6.915494946000000365e-01 -4.355022450000000100e-01 3.752678398250000047e-01
1.413393235805760622e+09 -2.791761579700000162e+00 2.911448516300000122e+00 1.594365440000000023e+00 4.407090197999999903e-01 6.878085216999999529e-01 -4.387701690999999959e-01 3.744005021069999883e-01
1.413393235855760336e+09 -2.787327693299999964e+00 2.921593474199999818e+00 1.591805280500000030e+00 4.487581053999999958e-01 6.816947951999999811e-01 -4.450991543000000217e-01 3.685038832049999935e-01
1.413393235905760527e+09 -2.783514432700000096e+00 2.933653859500000127e+00 1.589750818800000021e+00 4.573478369999999793e-01 6.745535955000000472e-01 -4.531931282000000172e-01 3.611459419649999947e-01
1.413393235955760479e+09 -2.779956140399999942e+00 2.946673793500000027e+00 1.587879836299999958e+00 4.648744510999999746e-01 6.673474688999999627e-01 -4.616339314999999832e-01 3.541655174819999807e-01
1.413393236005760431e+09 -2.776399347299999931e+00 2.959596609800000167e+00 1.586659408799999893e+00 4.704116704999999898e-01 6.602072616999999921e-01 -4.684921807999999910e-01 3.512183201399999843e-01
1.413393236055760384e+09 -2.772954872300000151e+00 2.972101060800000027e+00 1.585648260599999970e+00 4.745506922000000127e-01 6.529474631999999668e-01 -4.765808636000000154e-01 3.483273336170000234e-01
1.413393236105760574e+09 -2.768685700299999830e+00 2.983643907399999851e+00 1.584943243299999915e+00 4.759008332999999924e-01 6.466799978999999698e-01 -4.842796751999999816e-01 3.475580143370000097e-01
1.413393236155760288e+09 -2.764675383500000194e+00 2.993586129400000129e+00 1.586996865299999948e+00 4.753177852000000092e-01 6.405900289000000525e-01 -4.919176815999999897e-01 3.489045892000000038e-01
1.413393236205760479e+09 -2.761746312000000092e+00 3.001218057100000003e+00 1.588097206100000047e+00 4.693092938000000269e-01 6.372365199999999730e-01 -4.984154748999999884e-01 3.539214866050000019e-01
1.413393236255760431e+09 -2.759701141099999866e+00 3.007454466400000026e+00 1.591217234399999958e+00 4.608371215000000021e-01 6.353257892000000462e-01 -5.034028750000000274e-01 3.613527840669999991e-01
1.413393236305760622e+09 -2.758451954699999931e+00 3.012429392200000056e+00 1.593699061099999925e+00 4.506333075000000243e-01 6.335960080000000438e-01 -5.077711832000000314e-01 3.710177170019999804e-01
1.413393236355760336e+09 -2.756557108300000003e+00 3.017233762200000058e+00 1.597465086799999989e+00 4.421235183000000180e-01 6.299953388000000265e-01 -5.135106941999999508e-01 3.793935088589999727e-01
1.413393236405760527e+09 -2.754880237200000082e+00 3.022493013100000070e+00 1.602112420200000109e+00 4.353944750000000030e-01 6.255027530000000224e-01 -5.208620114999999995e-01 3.845526258049999924e-01
1.413393236455760479e+09 -2.753037692699999983e+00 3.027911088399999784e+00 1.607561586399999909e+00 4.302232690000000193e-01 6.197460000000000191e-01 -5.284922988000000377e-01 3.892540615030000151e-01
1.413393236505760431e+09 -2.751238161199999865e+00 3.033558874300000152e+00 1.612900922099999912e+00 4.240609699999999815e-01 6.146086121999999596e-01 -5.380238743999999906e-01 3.910995500480000109e-01
1.413393236555760384e+09 -2.749050564700000088e+00 3.039281329300000056e+00 1.618412875600000023e+00 4.167504586999999927e-01 6.102008797000000317e-01 -5.476736947000000466e-01 3.924633303489999947e-01
1.413393236605760574e+09 -2.746473908300000044e+00 3.045131169199999821e+00 1.623660415100000032e+00 4.080530133999999975e-01 6.067377771999999947e-01 -5.583687097999999738e-01 3.919009975869999773e-01
1.413393236655760288e+09 -2.742918556799999852e+00 3.051189073000000196e+00 1.627896409499999919e+00 4.007269090999999728e-01 6.027050929999999695e-01 -5.683706789000000370e-01 3.913045955939999931e-01
1.413393236705760479e+09 -2.738393763900000000e+00 3.057508300399999879e+00 1.629628562900000022e+00 3.967303549000000262e-01 5.975956649000000453e-01 -5.764448126000000228e-01 3.914023823130000079e-01
1.413393236755760431e+09 -2.733026903199999857e+00 3.063814576399999989e+00 1.629039579799999915e+00 3.959483522999999727e-01 5.906585623000000229e-01 -5.842597379999999729e-01 3.911367072079999785e-01
1.413393236805760622e+09 -2.726114308700000155e+00 3.069921695700000175e+00 1.626356974199999916e+00 3.976368089999999800e-01 5.823699747999999676e-01 -5.913586616999999546e-01 3.911842452870000209e-01
1.413393236855760336e+09 -2.717714039700000139e+00 3.075188476100000123e+00 1.622659001299999959e+00 3.986261388999999822e-01 5.753458325000000428e-01 -5.961119610999999763e-01 3.933508666189999836e-01
1.413393236905760527e+09 -2.707915412100000196e+00 3.079432894700000034e+00 1.620579171099999938e+00 3.988773466000000156e-01 5.700149781000000138e-01 -5.988805404000000498e-01 3.966382300130000260e-01
1.413393236955760479e+09 -2.697230884500000148e+00 3.082355260799999996e+00 1.620717192399999895e+00 3.992555190000000032e-01 5.657841255000000125e-01 -5.988313491000000210e-01 4.023485668160000084e-01
1.413393237005760431e+09 -2.685252943100000067e+00 3.084031643099999886e+00 1.625344345100000032e+00 3.987656415999999981e-01 5.634581316000000228e-01 -5.966621454999999630e-01 4.092617512930000201e-01
1.413393237055760384e+09 -2.673985261799999957e+00 3.084797884199999896e+00 1.632911097000000034e+00 3.968411022000000177e-01 5.629142918999999745e-01 -5.940373759000000531e-01 4.156491737119999974e-01
1.413393237105760574e+09 -2.662223367100000182e+00 3.084954610200000058e+00 1.643487639099999953e+00 3.936485283999999751e-01 5.639614602000000421e-01 -5.901375268999999868e-01 4.227599872410000015e-01
1.413393237155760288e+09 -2.650396169299999993e+00 3.084849202900000087e+00 1.655385638200000065e+00 3.906375770000000136e-01 5.654815959000000225e-01 -5.845074588999999987e-01 4.312584823300000259e-01
1.413393237205760479e+09 -2.638701587199999921e+00 3.085185042500000030e+00 1.665769235399999992e+00 3.868495329000000149e-01 5.681087814999999930e-01 -5.791235970000000455e-01 4.384241220139999951e-01
1.413393237255760431e+09 -2.626696613200000030e+00 3.086368255700000063e+00 1.672957490299999961e+00 3.842843888999999957e-01 5.700161791000000200e-01 -5.752170143000000513e-01 4.433198061829999870e-01
1.413393237305760622e+09 -2.614834448699999925e+00 3.088512246700000130e+00 1.676750404899999936e+00 3.810626514000000076e-01 5.725038544999999646e-01 -5.728641337000000000e-01 4.459341618400000096e-01
1.413393237355760336e+09 -2.603490482199999789e+00 3.092120925600000181e+00 1.677650494499999922e+00 3.791788390999999980e-01 5.748357344000000202e-01 -5.707343504999999872e-01 4.472690326289999740e-01
1.413393237405760527e+09 -2.592242111500000057e+00 3.097160831500000100e+00 1.675248638900000087e+00 3.794678544000000264e-01 5.754442980999999735e-01 -5.690810922000000271e-01 4.483466491249999963e-01
1.413393237455760479e+09 -2.581295274299999942e+00 3.103981395199999938e+00 1.670760396299999950e+00 3.818686698000000046e-01 5.751186807000000512e-01 -5.689761081999999970e-01 4.468568120079999817e-01
1.413393237505760431e+09 -2.570684926999999842e+00 3.112631126200000153e+00 1.666148070400000014e+00 3.873834891999999863e-01 5.730448498000000335e-01 -5.705110124000000171e-01 4.427988450509999785e-01
1.413393237555760384e+09 -2.560632117599999980e+00 3.122472682100000174e+00 1.661686782100000093e+00 3.937304395999999818e-01 5.704251352000000441e-01 -5.737464168999999448e-01 4.363559958530000005e-01
1.413393237605760574e+09 -2.551065905000000189e+00 3.132831204799999991e+00 1.657846415699999909e+00 4.006700469999999736e-01 5.672156980000000459e-01 -5.766944631999999515e-01 4.302945055010000130e-01
1.413393237655760288e+09 -2.542260618599999855e+00 3.143200447599999947e+00 1.653765785000000044e+00 4.057984484000000114e-01 5.652037055999999948e-01 -5.808273698000000484e-01 4.225067537809999996e-01
1.413393237705760479e+09 -2.533749722500000079e+00 3.153073334100000125e+00 1.650001163100000001e+00 4.105229169999999872e-01 5.633935210999999610e-01 -5.834230563000000203e-01 4.167447809120000124e-01
1.413393237755760431e+09 -2.525704447899999927e+00 3.162069877099999982e+00 1.646313093600000110e+00 4.132616512999999769e-01 5.629685202999999971e-01 -5.852732251000000163e-01 4.119909036080000031e-01
1.413393237805760622e+09 -2.517760545799999861e+00 3.169804853400000066e+00 1.642944383599999947e+00 4.144783743000000076e-01 5.633976581999999844e-01 -5.863031342000000201e-01 4.087045275060000038e-01
1.413393237855760336e+09 -2.509571825600000139e+00 3.176104587799999823e+00 1.639556613799999951e+00 4.130874581999999795e-01 5.655207032000000300e-01 -5.862374671000000204e-01 4.072722900979999783e-01
1.413393237905760527e+09 -2.500807697299999965e+00 3.181197903400000193e+00 1.637110607599999934e+00 4.099961616000000197e-01 5.687517964999999620e-01 -5.856545999000000169e-01 4.067348411969999855e-01
1.413393237955760479e+09 -2.492026995899999875e+00 3.185257432000000222e+00 1.634979798100000048e+00 4.074048719000000207e-01 5.710508253999999617e-01 -5.848464236999999510e-01 4.072798617880000194e-01
1.413393238005760431e+09 -2.483387018899999799e+00 3.187943964500000060e+00 1.630818883599999936e+00 3.992477582000000247e-01 5.771082123999999869e-01 -5.830610634999999764e-01 4.093740770479999957e-01
1.413393238055760384e+09 -2.474102734800000203e+00 3.190245513599999860e+00 1.627317718600000074e+00 3.921365420999999851e-01 5.823607335999999579e-01 -5.809068011000000364e-01 4.118642940589999912e-01
1.413393238105760574e+09 -2.464218547399999792e+00 3.192581096500000104e+00 1.624971155799999956e+00 3.860824560000000183e-01 5.863792884999999844e-01 -5.800018753000000249e-01 4.131555298180000224e-01
1.413393238155760288e+09 -2.453329103400000211e+00 3.195103841499999930e+00 1.624342061299999918e+00 3.819975978999999855e-01 5.881192499999999823e-01 -5.786621644999999647e-01 4.163456284009999786e-01
1.413393238205760479e+09 -2.441551704700000158e+00 3.198259627500000146e+00 1.624639497400000021e+00 3.783769383000000208e-01 5.894712296999999879e-01 -5.781468763999999538e-01 4.184504165669999942e-01
1.413393238255760431e+09 -2.428812392499999806e+00 3.202358569799999888e+00 1.627307222500000039e+00 3.759883146999999926e-01 5.901476946999999473e-01 -5.776251784999999472e-01 4.203660770429999971e-01
1.413393238305760622e+09 -2.414787861200000219e+00 3.207455636899999796e+00 1.631622383000000065e+00 3.735019017000000274e-01 5.898619901999999637e-01 -5.785237389999999813e-01 4.217457116850000243e-01
1.413393238355760336e+09 -2.398758906899999932e+00 3.213882537900000003e+00 1.639196846599999979e+00 3.723974709000000272e-01 5.890598839999999781e-01 -5.799329180000000195e-01 4.219080317350000220e-01
1.413393238405760527e+09 -2.380220473100000067e+00 3.221487647600000059e+00 1.649327725000000022e+00 3.727048960000000077e-01 5.875410494999999678e-01 -5.809076172999999566e-01 4.224132051110000008e-01
1.413393238455760479e+09 -2.359905078000000156e+00 3.230439648299999966e+00 1.662302607099999996e+00 3.761500434999999753e-01 5.838223890000000527e-01 -5.828577541999999667e-01 4.218286395459999727e-01
1.413393238505760431e+09 -2.338964453200000015e+00 3.240417951800000029e+00 1.675123233399999911e+00 3.816515040999999830e-01 5.786914153000000116e-01 -5.867048335000000225e-01 4.186117695730000032e-01
1.413393238555760384e+09 -2.317661197400000095e+00 3.250829770799999796e+00 1.686425977999999937e+00 3.895211479999999837e-01 5.719602356999999859e-01 -5.902841199999999677e-01 4.155711993110000058e-01
1.413393238605760574e+09 -2.296094837900000130e+00 3.260989075499999945e+00 1.695197462599999927e+00 3.977453973999999781e-01 5.650574658000000472e-01 -5.942864922999999688e-01 4.114999686790000166e-01
1.413393238655760288e+09 -2.274113237699999956e+00 3.270186723000000129e+00 1.701068974000000011e+00 4.045998665000000161e-01 5.589684478999999984e-01 -5.983839127000000202e-01 4.071730777970000159e-01
1.413393238705760479e+09 -2.251883564699999951e+00 3.278040056700000093e+00 1.703933428100000036e+00 4.098624750000000039e-01 5.542798167000000387e-01 -6.014914321000000008e-01 4.037260128640000056e-01
1.413393238755760431e+09 -2.229933697199999898e+00 3.284222111200000072e+00 1.704048015699999974e+00 4.137543525999999861e-01 5.505572616999999669e-01 -6.038721336000000273e-01 4.012885290309999853e-01
1.413393238805760622e+09 -2.207606408499999784e+00 3.288340597199999937e+00 1.702465297100000052e+00 4.153807176000000045e-01 5.486876984999999873e-01 -6.044052476000000285e-01 4.013663734210000111e-01
1.413393238855760336e+09 -2.185234190000000076e+00 3.290302604699999911e+00 1.700139355099999916e+00 4.141260232000000263e-01 5.489815112999999469e-01 -6.037323159999999911e-01 4.032694231949999764e-01
1.413393238905760527e+09 -2.162777383299999912e+00 3.290128640799999893e+00 1.697729400300000080e+00 4.106450870000000197e-01 5.509217444999999769e-01 -6.017592482000000409e-01 4.071138061199999769e-01
1.413393238955760479e+09 -2.140257425700000216e+00 3.288078674199999885e+00 1.696432206799999953e+00 4.046987577000000225e-01 5.548966665000000242e-01 -5.980294940000000503e-01 4.131214460779999986e-01
1.413393239005760431e+09 -2.117463851300000144e+00 3.284707538700000207e+00 1.695810800000000063e+00 3.986084008999999928e-01 5.582500736000000074e-01 -5.940534869000000384e-01 4.202007291609999862e-01
1.413393239055760384e+09 -2.094815704899999798e+00 3.280951588599999802e+00 1.695008324200000027e+00 3.925461370000000172e-01 5.623503974000000349e-01 -5.904006042999999648e-01 4.255545645570000257e-01
1.413393239105760574e+09 -2.071912694599999938e+00 3.277196466799999985e+00 1.694554718500000057e+00 3.879630669999999948e-01 5.650954301999999707e-01 -5.874549910999999902e-01 4.301725779450000231e-01
1.413393239155760288e+09 -2.048961190500000029e+00 3.273748292100000068e+00 1.694441178099999945e+00 3.847019372000000104e-01 5.668016053000000110e-01 -5.854589825999999553e-01 4.335644581309999745e-01
1.413393239205760479e+09 -2.025966425300000040e+00 3.271085006899999925e+00 1.694240990900000021e+00 3.816250253999999842e-01 5.690392535999999613e-01 -5.836397921999999516e-01 4.357995649799999982e-01
1.413393239255760431e+09 -2.002720721299999784e+00 3.269233692399999835e+00 1.694596129000000007e+00 3.804804504000000032e-01 5.692611953999999752e-01 -5.828235662999999844e-01 4.375991417119999838e-01
1.413393239305760622e+09 -1.979382673299999951e+00 3.268149277000000019e+00 1.694834584299999891e+00 3.784730183000000192e-01 5.700508966999999760e-01 -5.823967082000000017e-01 4.388783701849999774e-01
1.413393239355760336e+09 -1.955921725500000097e+00 3.268400948900000103e+00 1.695363269800000072e+00 3.771667345999999976e-01 5.709940993000000020e-01 -5.823488374999999939e-01 4.388403176339999989e-01
1.413393239405760527e+09 -1.932069426300000003e+00 3.269573327499999849e+00 1.696480267999999958e+00 3.766743053000000119e-01 5.708203789000000361e-01 -5.826975018000000173e-01 4.390264047970000028e-01
1.413393239455760479e+09 -1.907874773699999915e+00 3.272029544800000078e+00 1.698443971000000108e+00 3.766820090999999926e-01 5.706353352999999906e-01 -5.835943614999999918e-01 4.380680304749999809e-01
1.413393239505760431e+09 -1.883257282199999993e+00 3.275324142400000138e+00 1.701099398700000043e+00 3.752246090999999950e-01 5.717681062999999675e-01 -5.822586323999999758e-01 4.396164355259999934e-01
1.413393239555760384e+09 -1.858329193399999912e+00 3.280214861999999787e+00 1.704625408500000106e+00 3.764123697000000268e-01 5.709566354999999760e-01 -5.836043261000000149e-01 4.378678325159999773e-01
1.413393239605760574e+09 -1.833189852500000105e+00 3.286335319300000002e+00 1.708964269900000055e+00 3.790404316000000051e-01 5.697384438000000495e-01 -5.854966700000000523e-01 4.346494062240000011e-01
1.413393239655760288e+09 -1.807516203400000077e+00 3.293606794600000054e+00 1.714221306500000042e+00 3.846638346999999847e-01 5.663270886000000282e-01 -5.888784934999999887e-01 4.295689500550000095e-01
1.413393239705760479e+09 -1.781468624700000003e+00 3.301222042100000031e+00 1.720173403700000048e+00 3.925185929000000185e-01 5.608971835999999600e-01 -5.942825190999999618e-01 4.220803136790000076e-01
1.413393239755760431e+09 -1.755218945500000016e+00 3.308397978399999939e+00 1.726265956200000007e+00 3.988976369000000188e-01 5.569250523000000008e-01 -5.979837034999999634e-01 4.160897159110000243e-01
1.413393239805760622e+09 -1.728733308700000082e+00 3.314430954400000129e+00 1.731960116500000035e+00 4.026290080000000104e-01 5.544228610000000446e-01 -6.005068383999999648e-01 4.121852862059999789e-01
1.413393239855760336e+09 -1.702271683300000005e+00 3.318946381599999995e+00 1.736828903199999941e+00 4.035601341999999758e-01 5.536969767999999625e-01 -6.026542930999999603e-01 4.091047285709999981e-01
1.413393239905760527e+09 -1.675423585000000104e+00 3.321993418199999937e+00 1.741035047100000011e+00 4.015442465999999877e-01 5.553354898000000262e-01 -6.020971583999999988e-01 4.096873487239999778e-01
1.413393239955760479e+09 -1.648047878899999930e+00 3.323803592500000015e+00 1.745394651600000069e+00 4.004086268000000004e-01 5.562214732000000383e-01 -6.013718528999999480e-01 4.106610510129999891e-01
1.413393240005760431e+09 -1.620095997900000029e+00 3.324340612199999878e+00 1.749955137299999963e+00 3.981530997000000127e-01 5.580087635999999573e-01 -5.985159407000000265e-01 4.145829201160000088e-01
1.413393240055760384e+09 -1.591655892999999988e+00 3.324102378600000129e+00 1.754988822200000076e+00 3.953853367999999868e-01 5.603666963000000223e-01 -5.950591438000000233e-01 4.190038382260000138e-01
1.413393240105760574e+09 -1.562855612599999944e+00 3.323155129599999924e+00 1.760357501799999946e+00 3.917317108000000214e-01 5.631185529000000134e-01 -5.901343159999999921e-01 4.256586086420000026e-01
1.413393240155760288e+09 -1.533945929499999972e+00 3.322287555099999956e+00 1.765238951199999962e+00 3.884535325999999844e-01 5.657422793999999922e-01 -5.858351125999999853e-01 4.310878647420000043e-01
1.413393240205760479e+09 -1.505298579700000028e+00 3.322034097600000013e+00 1.768561434099999996e+00 3.866570335999999775e-01 5.675559456000000003e-01 -5.825086547000000170e-01 4.348105957289999934e-01
1.413393240255760431e+09 -1.477162641999999915e+00 3.322424653100000125e+00 1.769420052200000093e+00 3.844041675000000047e-01 5.695233611000000140e-01 -5.809774665000000393e-01 4.362817445000000127e-01
1.413393240305760622e+09 -1.449492833599999919e+00 3.323761896799999782e+00 1.767843102600000105e+00 3.847878504999999727e-01 5.697273554999999767e-01 -5.811027413999999558e-01 4.355096489909999757e-01
1.413393240355760336e+09 -1.421801818899999903e+00 3.325951436500000025e+00 1.763993963599999937e+00 3.864064161999999913e-01 5.689001662999999542e-01 -5.819521373999999581e-01 4.340211885260000235e-01
1.413393240405760527e+09 -1.394002260599999987e+00 3.328906144199999861e+00 1.757948516299999930e+00 3.898518678999999820e-01 5.667706295000000116e-01 -5.840851079000000112e-01 4.308493487369999819e-01
1.413393240455760479e+09 -1.366094383399999890e+00 3.332155214800000209e+00 1.749713440999999925e+00 3.935741405000000026e-01 5.644757593000000462e-01 -5.854987763000000234e-01 4.285530259520000107e-01
1.413393240505760431e+09 -1.338620660899999981e+00 3.335553241599999996e+00 1.739652147299999951e+00 3.979313809999999729e-01 5.615452982999999954e-01 -5.884160493000000214e-01 4.243631073269999998e-01
1.413393240555760384e+09 -1.311533380700000029e+00 3.338561470999999781e+00 1.730056171600000026e+00 4.014703407999999918e-01 5.589261031000000157e-01 -5.903510954999999782e-01 4.217923194450000079e-01
1.413393240605760574e+09 -1.284926779899999927e+00 3.340945821700000096e+00 1.722800316000000054e+00 4.042232655999999924e-01 5.567743349999999536e-01 -5.921178082000000398e-01 4.195263909079999798e-01
1.413393240655760288e+09 -1.257829606000000044e+00 3.342281738100000066e+00 1.717427894999999927e+00 4.045270127000000215e-01 5.559433850999999649e-01 -5.932341045000000257e-01 4.187578606810000159e-01
1.413393240705760479e+09 -1.228758913699999900e+00 3.342522752599999869e+00 1.716899859199999989e+00 4.034575127999999733e-01 5.557378609999999997e-01 -5.937700259000000536e-01 4.193025417960000167e-01
1.413393240755760431e+09 -1.198812995299999962e+00 3.341828434099999967e+00 1.721812569499999945e+00 4.014634420000000037e-01 5.559258419000000506e-01 -5.921821792999999445e-01 4.231947891369999826e-01
1.413393240805760622e+09 -1.169315291199999995e+00 3.340579125100000102e+00 1.728165952599999944e+00 3.998791660000000081e-01 5.558286161000000059e-01 -5.900156384000000420e-01 4.278232679960000118e-01
1.413393240855760336e+09 -1.140459063400000028e+00 3.339043507600000016e+00 1.733928640900000095e+00 3.976744856000000161e-01 5.561677582999999814e-01 -5.870858503000000450e-01 4.334312315539999849e-01
1.413393240905760527e+09 -1.112326164600000000e+00 3.337580550000000201e+00 1.738101072599999908e+00 3.980933204000000059e-01 5.542852604000000349e-01 -5.850114379999999947e-01 4.382364381839999878e-01
1.413393240955760479e+09 -1.086011664699999990e+00 3.336205194100000160e+00 1.738738113699999976e+00 3.983463937999999760e-01 5.524615659999999595e-01 -5.828990303000000095e-01 4.430971553229999804e-01
1.413393241005760431e+09 -1.060958180399999895e+00 3.335202955000000191e+00 1.736187423000000063e+00 3.990173765000000206e-01 5.506842959000000093e-01 -5.810429375000000229e-01 4.471253116250000215e-01
1.413393241055760384e+09 -1.036391693599999941e+00 3.334517311699999986e+00 1.731369184400000094e+00 4.010142191000000134e-01 5.478470813000000383e-01 -5.806829673000000192e-01 4.492866157889999768e-01
1.413393241105760574e+09 -1.012976897399999965e+00 3.334354912599999832e+00 1.723539942699999994e+00 4.035934506000000144e-01 5.447456279000000290e-01 -5.828024619999999656e-01 4.480020288709999909e-01
1.413393241155760288e+09 -9.909463866000000065e-01 3.334474138500000073e+00 1.713523954200000032e+00 4.065658214000000270e-01 5.413368602000000473e-01 -5.863285322000000299e-01 4.448342263680000186e-01
1.413393241205760479e+09 -9.702097742999999941e-01 3.334551084300000134e+00 1.701351347299999928e+00 4.090951897999999809e-01 5.385081148999999456e-01 -5.903367776000000289e-01 4.406275352969999948e-01
1.413393241255760431e+09 -9.506571294000000227e-01 3.334202245300000200e+00 1.688808370899999911e+00 4.105794320000000219e-01 5.362541020000000103e-01 -5.944620802000000204e-01 4.364297232250000103e-01
1.413393241305760622e+09 -9.322504070999999559e-01 3.333039485500000065e+00 1.676366263100000031e+00 4.102001214000000062e-01 5.353448559000000273e-01 -5.986693676000000019e-01 4.321304593770000091e-01
1.413393241355760336e+09 -9.148275014000000205e-01 3.330711150900000028e+00 1.663423007900000083e+00 4.048025304999999796e-01 5.380517005999999602e-01 -6.034421762999999661e-01 4.271917821840000018e-01
1.413393241405760527e+09 -8.976996643000000331e-01 3.327517935299999952e+00 1.651875598199999962e+00 4.012041551000000150e-01 5.396190377999999788e-01 -6.070122817999999976e-01 4.235358423339999900e-01
1.413393241455760479e+09 -8.805588399999999538e-01 3.322894666999999913e+00 1.640984320700000110e+00 3.962685123999999948e-01 5.418336003999999484e-01 -6.085956139000000542e-01 4.230827275849999847e-01
1.413393241505760431e+09 -8.632481283999999810e-01 3.317363091399999853e+00 1.631204632800000054e+00 3.917955195000000224e-01 5.443584074999999745e-01 -6.076886189000000327e-01 4.253054638589999770e-01
1.413393241555760384e+09 -8.455728921999999814e-01 3.311035080299999933e+00 1.622473173699999993e+00 3.886909210999999753e-01 5.458553291000000085e-01 -6.052785967999999572e-01 4.296500294889999960e-01
1.413393241605760574e+09 -8.276534253999999757e-01 3.304240890700000044e+00 1.614321092700000015e+00 3.862862393000000005e-01 5.470637312999999669e-01 -6.015908978999999768e-01 4.354223314730000238e-01
1.413393241655760288e+09 -8.098851729999999582e-01 3.297712913199999818e+00 1.606403171700000021e+00 3.842746139000000061e-01 5.484382132999999770e-01 -5.986053730999999489e-01 4.395681455739999799e-01
1.413393241705760479e+09 -7.923349012999999497e-01 3.291364051399999990e+00 1.598673387000000057e+00 3.824471475999999814e-01 5.496381077999999976e-01 -5.953213390999999577e-01 4.440998006690000111e-01
1.413393241755760431e+09 -7.750427600000000528e-01 3.285677788800000165e+00 1.591222157600000076e+00 3.811035579000000006e-01 5.504343913999999449e-01 -5.942336025000000133e-01 4.457224300040000253e-01
1.413393241805760622e+09 -7.580111441000000339e-01 3.280733845399999904e+00 1.583995935499999952e+00 3.788340090999999799e-01 5.524563998000000531e-01 -5.932187912999999924e-01 4.465066466629999953e-01
1.413393241855760336e+09 -7.410026202999999700e-01 3.276719081800000044e+00 1.577453858299999956e+00 3.776152770999999797e-01 5.539156680000000277e-01 -5.926199011999999655e-01 4.465263575560000087e-01
1.413393241905760527e+09 -7.238631127000000332e-01 3.273600004099999961e+00 1.572225125999999973e+00 3.781340316999999840e-01 5.538096436999999650e-01 -5.913156562000000394e-01 4.479456745479999946e-01
1.413393241955760479e+09 -7.070787029999999751e-01 3.271575629200000002e+00 1.567761090799999923e+00 3.801246898999999790e-01 5.536237124999999759e-01 -5.883038966000000425e-01 4.504492538980000016e-01
1.413393242005760431e+09 -6.905186769000000169e-01 3.270687198300000098e+00 1.563153473899999923e+00 3.821097182000000037e-01 5.531627548999999977e-01 -5.865758816999999681e-01 4.515881584890000244e-01
1.413393242055760384e+09 -6.743356929999999583e-01 3.270838167700000021e+00 1.559304539200000006e+00 3.850157129999999817e-01 5.522534891000000501e-01 -5.835825083000000246e-01 4.541039975530000161e-01
1.413393242105760574e+09 -6.588278382000000155e-01 3.272199702500000029e+00 1.555787673700000040e+00 3.879114128000000217e-01 5.515717439999999749e-01 -5.807540652999999553e-01 4.560899721330000101e-01
1.413393242155760288e+09 -6.441634134999999484e-01 3.274638760899999834e+00 1.553326006100000045e+00 3.931255316000000222e-01 5.487163307000000323e-01 -5.787544033999999504e-01 4.576090529449999833e-01
1.413393242205760479e+09 -6.308957080999999523e-01 3.278139162300000020e+00 1.551673010300000044e+00 3.993921778000000256e-01 5.454528156000000294e-01 -5.766351858999999580e-01 4.587580807439999853e-01
1.413393242255760431e+09 -6.192750608999999518e-01 3.282100781500000064e+00 1.550043063700000001e+00 4.031150768000000273e-01 5.435838317000000197e-01 -5.750888063000000328e-01 4.596604372850000009e-01
1.413393242305760622e+09 -6.094708088000000412e-01 3.286526559399999936e+00 1.548747444900000048e+00 4.058040547999999803e-01 5.421011920999999623e-01 -5.750833341000000098e-01 4.590517677659999851e-01
1.413393242355760336e+09 -6.017029910000000203e-01 3.291645889399999803e+00 1.547549925600000043e+00 4.076286320999999990e-01 5.415227337000000363e-01 -5.774377768999999772e-01 4.551457359189999829e-01
1.413393242405760527e+09 -5.957574693999999615e-01 3.297121011599999818e+00 1.546655056300000108e+00 4.085580758999999840e-01 5.417149353000000334e-01 -5.820699765000000303e-01 4.481291887789999873e-01
1.413393242455760479e+09 -5.914197490000000501e-01 3.302636172100000156e+00 1.545918296299999994e+00 4.083122500999999960e-01 5.425520399000000049e-01 -5.885555721999999879e-01 4.387718414249999754e-01
1.413393242505760431e+09 -5.883466331000000160e-01 3.307658117499999939e+00 1.545360283399999979e+00 4.073919864000000168e-01 5.437143977999999711e-01 -5.961138236999999895e-01 4.278489597080000206e-01
1.413393242555760384e+09 -5.858041890999999834e-01 3.311741872899999883e+00 1.545055849599999975e+00 4.058026469000000080e-01 5.454043054999999640e-01 -6.021208088999999708e-01 4.186990409149999870e-01
1.413393242605760574e+09 -5.832582454000000416e-01 3.314496252500000129e+00 1.545282768100000093e+00 4.041409738000000251e-01 5.466629635999999959e-01 -6.068775618999999732e-01 4.117393622869999770e-01
1.413393242655760288e+09 -5.801010608000000124e-01 3.315745831700000146e+00 1.546033669100000063e+00 4.025125097999999735e-01 5.481111549999999610e-01 -6.093820743000000206e-01 4.076902362709999839e-01
1.413393242705760479e+09 -5.761434675000000061e-01 3.315389228999999993e+00 1.547769071400000085e+00 4.028388656999999928e-01 5.477044888000000000e-01 -6.111680242999999457e-01 4.052336206700000165e-01
1.413393242755760431e+09 -5.715549720000000500e-01 3.313587867199999870e+00 1.550419325100000023e+00 4.056002853999999824e-01 5.464229167999999914e-01 -6.122160124000000092e-01 4.026188751559999779e-01
1.413393242805760622e+09 -5.663999104000000395e-01 3.310093183199999789e+00 1.553341111900000016e+00 4.071443498000000272e-01 5.470277014000000104e-01 -6.107178142000000420e-01 4.025145011940000073e-01
1.413393242855760336e+09 -5.606866820999999446e-01 3.305013286099999892e+00 1.556699119699999967e+00 4.076939776999999876e-01 5.498983971999999998e-01 -6.069646510999999744e-01 4.037217924270000147e-01
1.413393242905760527e+09 -5.544861074000000389e-01 3.298378827400000102e+00 1.559841289399999997e+00 4.048126867999999878e-01 5.568474874000000074e-01 -5.992442851999999487e-01 4.085998666510000099e-01
1.413393242955760479e+09 -5.482365449999999640e-01 3.290912262700000035e+00 1.563081497500000028e+00 4.013159436000000024e-01 5.647295059000000395e-01 -5.929015633999999979e-01 4.104800051210000245e-01
1.413393243005760431e+09 -5.418634444000000050e-01 3.283148505199999789e+00 1.566938182999999984e+00 3.983025290000000163e-01 5.734286089000000253e-01 -5.864701366000000249e-01 4.105940874880000258e-01
1.413393243055760384e+09 -5.349762453999999945e-01 3.275584492100000134e+00 1.571181187100000098e+00 3.972818639999999846e-01 5.824202881000000165e-01 -5.791272507000000402e-01 4.093474760049999883e-01
1.413393243105760574e+09 -5.273991330999999727e-01 3.268401236599999926e+00 1.575581634700000011e+00 3.973541071999999730e-01 5.910212704999999733e-01 -5.725323124000000208e-01 4.062146262140000075e-01
1.413393243155760288e+09 -5.191932559999999919e-01 3.261966427800000012e+00 1.581133714099999921e+00 4.008150325000000014e-01 5.985064473000000218e-01 -5.648809675999999502e-01 4.025504126839999919e-01
1.413393243205760479e+09 -5.101823242999999897e-01 3.256359649499999787e+00 1.587706442400000029e+00 4.076087436999999980e-01 6.044864061000000399e-01 -5.551265320999999586e-01 4.003571283990000063e-01
1.413393243255760431e+09 -5.002075433999999543e-01 3.250933700300000062e+00 1.595209991399999971e+00 4.158762257999999989e-01 6.074643074000000142e-01 -5.453510070999999515e-01 4.007821841859999790e-01
1.413393243305760622e+09 -4.899667994999999943e-01 3.245702233499999867e+00 1.601307879699999992e+00 4.239073933999999988e-01 6.098264239999999781e-01 -5.358233760999999706e-01 4.016311292540000188e-01
1.413393243355760336e+09 -4.797626038999999731e-01 3.240785159100000090e+00 1.604579885599999978e+00 4.310958149999999933e-01 6.114987353999999931e-01 -5.288068353000000554e-01 4.007356058320000192e-01
1.413393243405760527e+09 -4.699439140000000181e-01 3.235791006499999956e+00 1.605879246400000016e+00 4.371188156999999963e-01 6.123731904000000448e-01 -5.226361791000000423e-01 4.009708729620000134e-01
1.413393243455760479e+09 -4.611314730000000139e-01 3.231068503599999975e+00 1.604875766299999951e+00 4.416413743000000003e-01 6.140256526999999798e-01 -5.177329284999999670e-01 3.998474824009999873e-01
1.413393243505760431e+09 -4.529634732000000219e-01 3.226438597200000036e+00 1.601423128600000023e+00 4.456202088999999811e-01 6.150417780000000390e-01 -5.139222927000000052e-01 3.987858044500000032e-01
1.413393243555760384e+09 -4.456953944000000001e-01 3.221879261499999814e+00 1.594979586100000013e+00 4.482263407000000033e-01 6.164823927999999453e-01 -5.111940142999999992e-01 3.971439117339999880e-01
1.413393243605760574e+09 -4.396311945999999971e-01 3.217275347500000215e+00 1.587443152599999907e+00 4.495585833999999892e-01 6.181271450999999972e-01 -5.092746240000000091e-01 3.955442705660000002e-01
1.413393243655760288e+09 -4.347355366999999804e-01 3.212755523399999813e+00 1.579665407000000021e+00 4.498625042000000129e-01 6.199544904999999551e-01 -5.078135839999999845e-01 3.942150694109999853e-01
1.413393243705760479e+09 -4.312148398999999799e-01 3.208366524800000175e+00 1.572293174799999971e+00 4.486961289999999991e-01 6.225236682000000465e-01 -5.069187498999999653e-01 3.926441739040000267e-01
1.413393243755760431e+09 -4.287830715000000015e-01 3.204365510700000197e+00 1.566186144400000035e+00 4.473621701000000117e-01 6.247399079000000022e-01 -5.069225657000000496e-01 3.906362101060000258e-01
1.413393243805760622e+09 -4.272587411000000057e-01 3.200569542299999792e+00 1.561196436199999926e+00 4.455348351000000262e-01 6.268275606000000000e-01 -5.068259258999999739e-01 3.895040447220000090e-01
1.413393243855760336e+09 -4.269491984000000073e-01 3.197319947200000012e+00 1.557632709900000023e+00 4.457898037999999952e-01 6.274470032000000197e-01 -5.071046836999999474e-01 3.878486157430000025e-01
1.413393243905760527e+09 -4.273419995000000138e-01 3.194146014699999814e+00 1.554726052499999955e+00 4.449776973999999830e-01 6.283228617999999654e-01 -5.068062327000000256e-01 3.877533657910000042e-01
1.413393243955760479e+09 -4.283454881000000047e-01 3.191423272699999814e+00 1.552769247000000075e+00 4.449889631999999762e-01 6.286606836999999448e-01 -5.064515629000000407e-01 3.876562675760000243e-01
1.413393244005760431e+09 -4.300777043999999827e-01 3.189077322600000208e+00 1.551469342599999912e+00 4.446249588999999780e-01 6.291036120999999870e-01 -5.063778449000000403e-01 3.874516349009999860e-01
1.413393244055760384e+09 -4.322350348999999814e-01 3.187048409600000021e+00 1.551078442099999899e+00 4.441086993000000205e-01 6.293109623999999513e-01 -5.055555189999999532e-01 3.887785912380000153e-01
1.413393244105760574e+09 -4.351754110000000120e-01 3.185546256999999937e+00 1.551157709499999982e+00 4.429606338000000032e-01 6.300575782999999763e-01 -5.052990455000000436e-01 3.892122808849999838e-01
1.413393244155760288e+09 -4.389138391999999889e-01 3.184729404800000108e+00 1.551513886600000003e+00 4.425270759000000109e-01 6.310907340000000421e-01 -5.043566795999999686e-01 3.892539176159999781e-01
1.413393244205760479e+09 -4.436591979000000241e-01 3.185000153799999900e+00 1.551987941900000001e+00 4.439317824999999829e-01 6.325430234000000151e-01 -5.024673390999999656e-01 3.877376292020000004e-01
1.413393244255760431e+09 -4.491599748999999808e-01 3.186122125499999846e+00 1.552512389899999956e+00 4.449334146000000212e-01 6.358152827999999923e-01 -4.992326445999999973e-01 3.854088080160000263e-01
1.413393244305760622e+09 -4.554656103999999983e-01 3.188243012200000059e+00 1.553116155599999937e+00 4.462090375000000164e-01 6.399164346000000281e-01 -4.950686784000000173e-01 3.825068041320000001e-01
1.413393244355760336e+09 -4.624403301000000188e-01 3.191336273500000154e+00 1.553757885600000055e+00 4.486722830000000051e-01 6.444826587999999967e-01 -4.901920040000000145e-01 3.782156583849999865e-01
1.413393244405760527e+09 -4.693775304999999731e-01 3.195156539200000090e+00 1.553699297399999901e+00 4.525380814000000140e-01 6.472628999999999744e-01 -4.854240998000000085e-01 3.749979553180000091e-01
1.413393244455760479e+09 -4.769837418000000273e-01 3.199198069799999988e+00 1.552354679600000065e+00 4.574507354999999831e-01 6.485920612000000141e-01 -4.814040019999999975e-01 3.719104053019999800e-01
1.413393244505760431e+09 -4.855505112999999873e-01 3.203433717399999825e+00 1.547948426000000044e+00 4.616276967999999870e-01 6.502097823000000387e-01 -4.783196348000000042e-01 3.678823664199999954e-01
1.413393244555760384e+09 -4.947127680000000249e-01 3.207611122199999887e+00 1.540211055199999901e+00 4.656427042999999877e-01 6.508343070000000008e-01 -4.760999244999999935e-01 3.645825539549999994e-01
1.413393244605760574e+09 -5.043901439000000320e-01 3.211884017400000069e+00 1.530624568499999949e+00 4.681102724999999798e-01 6.524123805000000553e-01 -4.745675863000000105e-01 3.605779590140000268e-01
1.413393244655760288e+09 -5.143783776999999446e-01 3.216257963599999936e+00 1.521414895399999967e+00 4.703135473999999761e-01 6.537122343000000280e-01 -4.734408009000000139e-01 3.568182869559999859e-01
1.413393244705760479e+09 -5.248769953999999904e-01 3.220345040999999853e+00 1.515630440000000023e+00 4.727502860999999723e-01 6.543385164999999670e-01 -4.715062244000000069e-01 3.550072580540000189e-01
1.413393244755760431e+09 -5.378441959999999966e-01 3.223586919400000195e+00 1.510207133099999988e+00 4.748980011999999751e-01 6.545446094000000326e-01 -4.725885525999999892e-01 3.502903120229999834e-01
1.413393244805760622e+09 -5.511279729000000405e-01 3.226273553099999969e+00 1.507609514100000103e+00 4.779927950999999786e-01 6.536434724999999890e-01 -4.736905646999999830e-01 3.462518557240000239e-01
1.413393244855760336e+09 -5.648134492999999923e-01 3.228238749399999996e+00 1.508358565099999993e+00 4.793334975999999914e-01 6.537568244999999445e-01 -4.749252359000000201e-01 3.424725284899999833e-01
1.413393244905760527e+09 -5.773373545000000107e-01 3.229802900500000185e+00 1.513983377800000030e+00 4.809576372000000100e-01 6.529854311999999661e-01 -4.757308526999999843e-01 3.405435855050000238e-01
1.413393244955760479e+09 -5.889602812999999992e-01 3.230348826599999779e+00 1.523346593499999901e+00 4.813807690999999944e-01 6.528818127000000082e-01 -4.754232574999999739e-01 3.405739568619999824e-01
1.413393245005760431e+09 -6.015058744000000290e-01 3.229546876700000180e+00 1.532371752099999984e+00 4.781735397999999915e-01 6.552011611000000402e-01 -4.749938550999999731e-01 3.412364896319999841e-01
1.413393245055760384e+09 -6.141577650999999749e-01 3.227989829499999797e+00 1.541188330800000061e+00 4.744936907999999787e-01 6.573688717000000237e-01 -4.759564762999999865e-01 3.408626359140000117e-01
1.413393245105760574e+09 -6.269107402000000384e-01 3.225845444700000009e+00 1.548119308700000030e+00 4.700414836999999846e-01 6.602986320000000520e-01 -4.765473058999999956e-01 3.405427805810000152e-01
1.413393245155760288e+09 -6.393329504000000441e-01 3.223224195499999833e+00 1.552559247300000056e+00 4.658361500000000044e-01 6.627653192000000359e-01 -4.782210809999999923e-01 3.391804986759999752e-01
1.413393245205760479e+09 -6.515411712999999994e-01 3.220101356999999886e+00 1.554660436600000084e+00 4.615418585000000129e-01 6.652493967999999480e-01 -4.798802702000000142e-01 3.378420920990000131e-01
1.413393245255760431e+09 -6.634028875999999908e-01 3.216763215199999859e+00 1.554240969300000108e+00 4.588264772000000269e-01 6.668781593999999480e-01 -4.798112734000000157e-01 3.384271358129999907e-01
1.413393245305760622e+09 -6.743710743999999924e-01 3.213470994500000177e+00 1.550798336900000018e+00 4.565816551999999917e-01 6.680819094000000069e-01 -4.795545829000000260e-01 3.394512577239999773e-01
1.413393245355760336e+09 -6.845623060000000093e-01 3.210401625799999881e+00 1.544779826499999897e+00 4.555953329999999912e-01 6.686063105999999756e-01 -4.781660027999999896e-01 3.416954313500000229e-01
1.413393245405760527e+09 -6.940513575000000213e-01 3.207420414100000006e+00 1.536913964600000071e+00 4.551197366999999994e-01 6.686792766000000388e-01 -4.768811322000000019e-01 3.439744701479999778e-01
1.413393245455760479e+09 -7.030635417999999692e-01 3.204632687300000171e+00 1.527191407199999906e+00 4.552014482999999778e-01 6.683768683999999904e-01 -4.747942618000000059e-01 3.473246496280000262e-01
1.413393245505760431e+09 -7.120718799999999904e-01 3.202277962700000202e+00 1.515442793500000107e+00 4.553417506999999920e-01 6.680260735999999921e-01 -4.732487764000000152e-01 3.499152049900000061e-01
1.413393245555760384e+09 -7.207509451000000400e-01 3.200425765899999941e+00 1.503617183200000040e+00 4.560604838999999799e-01 6.671159276000000471e-01 -4.711565110000000001e-01 3.535204609350000027e-01
1.413393245605760574e+09 -7.292487374999999661e-01 3.199050519800000103e+00 1.492125076700000053e+00 4.566152051999999850e-01 6.660644493999999805e-01 -4.695395122000000088e-01 3.569220504269999816e-01
1.413393245655760288e+09 -7.377597875000000416e-01 3.198270514499999884e+00 1.481318034200000078e+00 4.569020411999999975e-01 6.652149965000000442e-01 -4.682234007000000142e-01 3.598560548270000048e-01
1.413393245705760479e+09 -7.463646170000000080e-01 3.198044272599999793e+00 1.470939773700000064e+00 4.560681235999999861e-01 6.648488058000000533e-01 -4.673007838000000080e-01 3.627780444820000172e-01
1.413393245755760431e+09 -7.552738763999999883e-01 3.198519674799999990e+00 1.461199514300000057e+00 4.543593486999999986e-01 6.647108336000000506e-01 -4.681614779000000115e-01 3.640630721929999924e-01
1.413393245805760622e+09 -7.644370243000000453e-01 3.199807755000000142e+00 1.452347030200000111e+00 4.530435815000000144e-01 6.642132361000000484e-01 -4.698486574999999887e-01 3.644372776149999993e-01
1.413393245855760336e+09 -7.738538613000000010e-01 3.201897076599999892e+00 1.444732484800000050e+00 4.534216837000000222e-01 6.625781456999999541e-01 -4.724390283000000079e-01 3.635936498619999901e-01
1.413393245905760527e+09 -7.836228187999999539e-01 3.204643465300000216e+00 1.437634395599999948e+00 4.532714358000000110e-01 6.613321599999999467e-01 -4.762957460000000198e-01 3.610085067309999896e-01
1.413393245955760479e+09 -7.935526515999999919e-01 3.208069674099999880e+00 1.431335644000000018e+00 4.543790220999999740e-01 6.593926368000000426e-01 -4.808826281999999952e-01 3.570615530299999785e-01
1.413393246005760431e+09 -8.034931806999999759e-01 3.211853934900000151e+00 1.425267631899999943e+00 4.553184290999999773e-01 6.576095801000000352e-01 -4.869323186000000248e-01 3.509012472570000041e-01
1.413393246055760384e+09 -8.129705616000000301e-01 3.215446413000000003e+00 1.419703998599999961e+00 4.567548840999999804e-01 6.555354968000000060e-01 -4.930447089000000171e-01 3.443183170299999873e-01
1.413393246105760574e+09 -8.216745444999999926e-01 3.218433385800000046e+00 1.414091774799999923e+00 4.567432027000000172e-01 6.541279936999999656e-01 -4.989383867000000139e-01 3.384711226320000210e-01
1.413393246155760288e+09 -8.295108318999999675e-01 3.220673509500000087e+00 1.408899297600000100e+00 4.578396853000000211e-01 6.530801229999999569e-01 -5.025142943000000528e-01 3.336893157920000075e-01
1.413393246205760479e+09 -8.361189950999999843e-01 3.222177372300000009e+00 1.404223571499999990e+00 4.598448770999999935e-01 6.532551375999999799e-01 -5.016521746000000004e-01 3.318817709690000117e-01
1.413393246255760431e+09 -8.415782577000000542e-01 3.222609348699999821e+00 1.399360747400000049e+00 4.613696963000000206e-01 6.552154569000000484e-01 -4.971608272999999967e-01 3.326587143140000147e-01
1.413393246305760622e+09 -8.462577127999999504e-01 3.222309709300000158e+00 1.394432247799999969e+00 4.625389891999999725e-01 6.592208084999999773e-01 -4.883847303000000140e-01 3.361040973960000011e-01
1.413393246355760336e+09 -8.501452779000000515e-01 3.221603422199999844e+00 1.389534849599999955e+00 4.640796349999999904e-01 6.636270214999999695e-01 -4.780486426000000177e-01 3.401452101429999764e-01
1.413393246405760527e+09 -8.533841697999999809e-01 3.220642317099999818e+00 1.385238787100000035e+00 4.666187896999999807e-01 6.669186262999999837e-01 -4.686864908999999746e-01 3.432483418400000263e-01
1.413393246455760479e+09 -8.563625330999999896e-01 3.219728769600000096e+00 1.382038186399999979e+00 4.700164607000000272e-01 6.692803427000000305e-01 -4.599775054999999946e-01 3.457875705160000090e-01
1.413393246505760431e+09 -8.594286182999999468e-01 3.218870801700000062e+00 1.378877689200000090e+00 4.732184090000000065e-01 6.711429918000000328e-01 -4.532853936999999833e-01 3.466464680790000141e-01
1.413393246555760384e+09 -8.628755020999999692e-01 3.218041659999999915e+00 1.375583197200000107e+00 4.752670970999999800e-01 6.731724091999999882e-01 -4.477665532999999809e-01 3.470809813869999982e-01
1.413393246605760574e+09 -8.668797930999999624e-01 3.217205836699999821e+00 1.372095273500000046e+00 4.758635668000000263e-01 6.758125629000000245e-01 -4.436293893000000099e-01 3.464451046470000128e-01
1.413393246655760288e+09 -8.715863077000000070e-01 3.216446253900000052e+00 1.368347226400000061e+00 4.751395525000000064e-01 6.785043080999999532e-01 -4.418836696999999814e-01 3.444025725859999887e-01
1.413393246705760479e+09 -8.767172796000000101e-01 3.215889090500000158e+00 1.364896591299999962e+00 4.744623745000000059e-01 6.806714544999999950e-01 -4.401111813999999955e-01 3.433277940639999914e-01
1.413393246755760431e+09 -8.821308113000000395e-01 3.215834648399999995e+00 1.361782535599999955e+00 4.744508836999999923e-01 6.820211054000000495e-01 -4.389416058999999759e-01 3.421605431190000157e-01
1.413393246805760622e+09 -8.878612887000000287e-01 3.216023711200000079e+00 1.358129060600000049e+00 4.746261527999999785e-01 6.827786954000000241e-01 -4.375596948000000097e-01 3.421765358170000271e-01
1.413393246855760336e+09 -8.940310625999999816e-01 3.216621505300000017e+00 1.353467361499999910e+00 4.747512866999999970e-01 6.836182732000000151e-01 -4.363565408999999784e-01 3.418628987110000073e-01
1.413393246905760527e+09 -9.005968638000000359e-01 3.217811108599999859e+00 1.348012265199999948e+00 4.757321385000000125e-01 6.839589412000000035e-01 -4.345847996000000157e-01 3.420747741430000266e-01
1.413393246955760479e+09 -9.077224193999999802e-01 3.219632186500000159e+00 1.341835920100000079e+00 4.781963653999999897e-01 6.833676188999999734e-01 -4.329335591999999844e-01 3.419144144490000037e-01
1.413393247005760431e+09 -9.156389727000000534e-01 3.221794591700000154e+00 1.334356982200000097e+00 4.787790125999999979e-01 6.840467547999999898e-01 -4.317174469999999764e-01 3.412780982270000041e-01
1.413393247055760384e+09 -9.243285578000000058e-01 3.224351982499999991e+00 1.326026928299999907e+00 4.792245332999999774e-01 6.847240339000000287e-01 -4.309246735999999744e-01 3.402951215830000153e-01
1.413393247105760574e+09 -9.336627611000000160e-01 3.227396280999999867e+00 1.316948308900000031e+00 4.798093850999999854e-01 6.853811506000000442e-01 -4.299936027999999855e-01 3.393245260039999822e-01
1.413393247155760288e+09 -9.436624204000000349e-01 3.231050277200000043e+00 1.307123022000000079e+00 4.802190960000000119e-01 6.862415836999999907e-01 -4.300507451000000203e-01 3.369250144009999781e-01
1.413393247205760479e+09 -9.543323722000000009e-01 3.235050950499999800e+00 1.296163512499999948e+00 4.798217260000000040e-01 6.878351994000000413e-01 -4.312462615000000055e-01 3.326868072170000024e-01
1.413393247255760431e+09 -9.653729738999999865e-01 3.239229844400000058e+00 1.284148213699999985e+00 4.776745499000000228e-01 6.904758832999999818e-01 -4.339360012999999849e-01 3.267562174690000210e-01
1.413393247305760622e+09 -9.764460251000000035e-01 3.243558960900000177e+00 1.271285250900000108e+00 4.743718089999999776e-01 6.938207428999999538e-01 -4.373067230000000083e-01 3.199171667319999912e-01
1.413393247355760336e+09 -9.870214971999999864e-01 3.248103672200000069e+00 1.257909068100000027e+00 4.701109263000000094e-01 6.976337719999999853e-01 -4.406933365999999852e-01 3.131967754080000055e-01
1.413393247405760527e+09 -9.965049726000000385e-01 3.253033191500000143e+00 1.245074266100000049e+00 4.680563951000000222e-01 6.998196288000000376e-01 -4.439843247999999964e-01 3.066816223030000010e-01
1.413393247455760479e+09 -1.004478976799999979e+00 3.258210686199999984e+00 1.232355139500000085e+00 4.660510019999999920e-01 7.022253165999999824e-01 -4.457740555999999965e-01 3.015983414699999754e-01
1.413393247505760431e+09 -1.010665409600000064e+00 3.263727665999999861e+00 1.220647058099999960e+00 4.663596172999999734e-01 7.025035737000000502e-01 -4.486874760999999823e-01 2.961029973300000062e-01
1.413393247555760384e+09 -1.014917712699999974e+00 3.268898400299999896e+00 1.209043965400000031e+00 4.658677063000000174e-01 7.036075505000000119e-01 -4.496225496999999849e-01 2.928194971540000191e-01
1.413393247605760574e+09 -1.017228283899999974e+00 3.274242244599999907e+00 1.198341511400000003e+00 4.670134183999999911e-01 7.035952331000000504e-01 -4.517342753999999960e-01 2.877296637100000276e-01
1.413393247655760288e+09 -1.017511079699999987e+00 3.279153642999999896e+00 1.187512215399999960e+00 4.685043461000000242e-01 7.035251993000000148e-01 -4.523001146999999778e-01 2.845708662629999885e-01
1.413393247705760479e+09 -1.015171674100000088e+00 3.283540680299999792e+00 1.176028166000000041e+00 4.696623641000000071e-01 7.037371748999999843e-01 -4.514073632999999752e-01 2.835536012679999995e-01
1.413393247755760431e+09 -1.010611048099999909e+00 3.287808706199999875e+00 1.165260360700000053e+00 4.729041901000000103e-01 7.028076731000000299e-01 -4.511726976000000056e-01 2.808312634610000136e-01
1.413393247805760622e+09 -1.004007458600000069e+00 3.291379649200000035e+00 1.154194753699999909e+00 4.742961376000000007e-01 7.030969784999999694e-01 -4.513393995000000158e-01 2.774717268499999889e-01
1.413393247855760336e+09 -9.950703560000000447e-01 3.294233252999999806e+00 1.144522214400000015e+00 4.787390060000000225e-01 7.011069703000000208e-01 -4.507655850999999769e-01 2.758049449300000178e-01
1.413393247905760527e+09 -9.826608688000000313e-01 3.296889003300000009e+00 1.138263977200000054e+00 4.886656133000000235e-01 6.956297378000000364e-01 -4.480337514000000132e-01 2.767145531010000159e-01
1.413393247955760479e+09 -9.675795744999999837e-01 3.298252109199999893e+00 1.134201153800000084e+00 4.978535760999999726e-01 6.905639262999999639e-01 -4.409629342999999979e-01 2.842797408839999873e-01
1.413393248005760431e+09 -9.514185176999999660e-01 3.298382325299999973e+00 1.128923404700000077e+00 5.053198376999999963e-01 6.860658402999999517e-01 -4.343993989000000111e-01 2.919977509289999884e-01
1.413393248055760384e+09 -9.360558739000000017e-01 3.296638253899999871e+00 1.123400370699999984e+00 5.108015578000000279e-01 6.831904167000000250e-01 -4.276249074999999844e-01 2.991146293559999725e-01
1.413393248105760574e+09 -9.211556024999999481e-01 3.293214140899999975e+00 1.117931277000000057e+00 5.126477233999999772e-01 6.824020521000000450e-01 -4.224533803000000143e-01 3.050457217820000122e-01
1.413393248155760288e+09 -9.075480272999999487e-01 3.287866102000000179e+00 1.112865002800000003e+00 5.139522752999999833e-01 6.818261219000000262e-01 -4.191146338000000249e-01 3.087217550240000108e-01
1.413393248205760479e+09 -8.938044552999999670e-01 3.281601848699999824e+00 1.109111721000000106e+00 5.122427304000000126e-01 6.834413205999999574e-01 -4.162114751000000057e-01 3.119027965450000273e-01
1.413393248255760431e+09 -8.817219178999999851e-01 3.273637738100000139e+00 1.106858215499999964e+00 5.084947335999999707e-01 6.858773406000000517e-01 -4.165176232999999728e-01 3.122794407430000141e-01
1.413393248305760622e+09 -8.697595071000000511e-01 3.264987303099999849e+00 1.106439864399999973e+00 5.027329980000000420e-01 6.897004800999999574e-01 -4.164976067999999754e-01 3.132132245409999793e-01
1.413393248355760336e+09 -8.589905716000000302e-01 3.255608592699999804e+00 1.107275147900000034e+00 5.010015279999999738e-01 6.905928819000000107e-01 -4.166207811000000039e-01 3.138567589899999843e-01
1.413393248405760527e+09 -8.490967364000000517e-01 3.245527641099999805e+00 1.109013798399999917e+00 5.003817717999999859e-01 6.899271814999999863e-01 -4.166807135000000217e-01 3.162210455589999913e-01
1.413393248455760479e+09 -8.402287319000000254e-01 3.235378019000000105e+00 1.112651899100000064e+00 5.030889635999999943e-01 6.871767435000000201e-01 -4.159988272999999848e-01 3.188018090959999773e-01
1.413393248505760431e+09 -8.326157739999999752e-01 3.224761739099999858e+00 1.117627950099999934e+00 5.074625741999999606e-01 6.830596786999999503e-01 -4.155342740999999895e-01 3.213136756559999974e-01
1.413393248555760384e+09 -8.254494729000000364e-01 3.213775783200000014e+00 1.123411608799999906e+00 5.107648140999999642e-01 6.791834398999999634e-01 -4.157785893000000010e-01 3.239711783009999735e-01
1.413393248605760574e+09 -8.191850233999999897e-01 3.202408030700000019e+00 1.131669869300000020e+00 5.136154884000000420e-01 6.759708334999999790e-01 -4.155202693999999752e-01 3.265049279619999800e-01
1.413393248655760288e+09 -8.149648860000000550e-01 3.190034348599999792e+00 1.140456938600000081e+00 5.148795784999999903e-01 6.740023168000000009e-01 -4.165238267999999966e-01 3.273038317799999986e-01
1.413393248705760479e+09 -8.128116502000000132e-01 3.176005920800000215e+00 1.148805090900000048e+00 5.124054301999999561e-01 6.743561114999999662e-01 -4.178250190000000197e-01 3.287959298079999870e-01
1.413393248755760431e+09 -8.124408630999999659e-01 3.161171544900000185e+00 1.157520503600000028e+00 5.080872445999999876e-01 6.762700841000000018e-01 -4.197003766999999885e-01 3.291773367120000016e-01
1.413393248805760622e+09 -8.136696423999999483e-01 3.145586531599999791e+00 1.166816655799999936e+00 5.025779859000000238e-01 6.788371008000000373e-01 -4.224339341000000192e-01 3.288542687780000029e-01
1.413393248855760336e+09 -8.160585233999999577e-01 3.129477131899999875e+00 1.175824918500000038e+00 4.940412685000000192e-01 6.833716413000000545e-01 -4.259095949999999742e-01 3.279137717919999861e-01
1.413393248905760527e+09 -8.194872079999999670e-01 3.113206539800000172e+00 1.183580767500000075e+00 4.840729908999999997e-01 6.888910186000000158e-01 -4.312367404999999931e-01 3.242489437950000220e-01
1.413393248955760479e+09 -8.230755826000000219e-01 3.096989653400000098e+00 1.189385791999999942e+00 4.743724040999999780e-01 6.937511968999999779e-01 -4.364293571000000260e-01 3.212623775430000217e-01
1.413393249005760431e+09 -8.261931225999999961e-01 3.081498316799999859e+00 1.193502947200000053e+00 4.669340952000000100e-01 6.971534798999999838e-01 -4.409479582999999980e-01 3.186133616840000071e-01
1.413393249055760384e+09 -8.287799531999999747e-01 3.066705663800000092e+00 1.195629107400000057e+00 4.617901759999999967e-01 6.989231092000000034e-01 -4.443539645999999843e-01 3.174994093430000275e-01
1.413393249105760574e+09 -8.307138254000000499e-01 3.052845887700000205e+00 1.195973651399999893e+00 4.589542976000000052e-01 6.991710964999999778e-01 -4.469973834000000035e-01 3.173548009830000072e-01
1.413393249155760288e+09 -8.315898051000000235e-01 3.040036775199999930e+00 1.194242018099999969e+00 4.581050898999999843e-01 6.980771443000000076e-01 -4.488537250999999895e-01 3.183682783749999801e-01
1.413393249205760479e+09 -8.315245420000000331e-01 3.028210105399999907e+00 1.191238889300000103e+00 4.592643431999999803e-01 6.958614043999999943e-01 -4.494355669000000275e-01 3.207192542869999885e-01
1.413393249255760431e+09 -8.305537200000000508e-01 3.017211801399999782e+00 1.187980225900000075e+00 4.602147852999999844e-01 6.938061826000000432e-01 -4.494651022999999745e-01 3.237536937059999897e-01
1.413393249305760622e+09 -8.289746600999999826e-01 3.006999828100000105e+00 1.185073328499999912e+00 4.614912225999999729e-01 6.916199878000000023e-01 -4.499481605999999800e-01 3.259360317119999739e-01
1.413393249355760336e+09 -8.268750585999999902e-01 2.997526211599999879e+00 1.182529045499999931e+00 4.615002595000000096e-01 6.909294929000000529e-01 -4.489267580999999896e-01 3.287836861089999951e-01
1.413393249405760527e+09 -8.242310156000000054e-01 2.988921436000000043e+00 1.180515887299999900e+00 4.614115208999999829e-01 6.903996663000000478e-01 -4.476493612999999927e-01 3.317495419120000122e-01
1.413393249455760479e+09 -8.214261543999999970e-01 2.981014896000000025e+00 1.178082197399999975e+00 4.596655302000000054e-01 6.913524410000000398e-01 -4.449406571999999782e-01 3.358082998049999879e-01
1.413393249505760431e+09 -8.186620650000000499e-01 2.974247983500000192e+00 1.175455490899999900e+00 4.578492750000000000e-01 6.929103195000000381e-01 -4.411848576999999882e-01 3.400077231559999746e-01
1.413393249555760384e+09 -8.158793846999999877e-01 2.968616979900000175e+00 1.171751702499999936e+00 4.540603442000000212e-01 6.956934375000000115e-01 -4.362783064999999905e-01 3.456892885239999935e-01
1.413393249605760574e+09 -8.135290965000000485e-01 2.964705815899999930e+00 1.166861112699999925e+00 4.515197431999999900e-01 6.980854439000000466e-01 -4.312977705000000106e-01 3.504124250299999743e-01
1.413393249655760288e+09 -8.117728214999999636e-01 2.962945085299999892e+00 1.161195781900000057e+00 4.519769203999999818e-01 6.986577521000000290e-01 -4.272906857000000058e-01 3.535772601080000022e-01
1.413393249705760479e+09 -8.105205009000000516e-01 2.963838758700000131e+00 1.155070395399999894e+00 4.551890893000000160e-01 6.975522363999999698e-01 -4.267543658999999878e-01 3.522846600019999830e-01
1.413393249755760431e+09 -8.099184492000000013e-01 2.966563383700000056e+00 1.147507985000000064e+00 4.583133756000000170e-01 6.965373218999999505e-01 -4.273815612999999902e-01 3.494704707460000170e-01
1.413393249805760622e+09 -8.101696680000000095e-01 2.970918110499999987e+00 1.139031315300000013e+00 4.624090062999999806e-01 6.948986622999999696e-01 -4.284035181999999997e-01 3.460696252820000263e-01
1.413393249855760336e+09 -8.109791317000000221e-01 2.976433128800000105e+00 1.130068053100000025e+00 4.663150527000000101e-01 6.929181425999999533e-01 -4.290979864000000199e-01 3.439326058809999975e-01
1.413393249905760527e+09 -8.126117596999999915e-01 2.982940138300000044e+00 1.120878015499999991e+00 4.695000543000000248e-01 6.915871264999999823e-01 -4.296889376999999954e-01 3.415323736309999747e-01
1.413393249955760479e+09 -8.150636472000000188e-01 2.990294577599999837e+00 1.111643255199999958e+00 4.706526685999999904e-01 6.915683754000000460e-01 -4.302552369000000043e-01 3.392634357139999723e-01
1.413393250005760431e+09 -8.179415760999999563e-01 2.998159198799999814e+00 1.102628114500000089e+00 4.695031115000000144e-01 6.923031259999999909e-01 -4.326969594999999780e-01 3.362388307210000260e-01
1.413393250055760384e+09 -8.211246546999999563e-01 3.006555100399999958e+00 1.093702243200000090e+00 4.664897997999999935e-01 6.942341167000000146e-01 -4.346921731000000233e-01 3.338696939620000026e-01
1.413393250105760574e+09 -8.243831781999999553e-01 3.015802834800000110e+00 1.085216389199999965e+00 4.632677843999999934e-01 6.961451437000000242e-01 -4.365390303000000194e-01 3.319617054510000109e-01
1.413393250155760288e+09 -8.273068252999999928e-01 3.025996080500000129e+00 1.077506098700000026e+00 4.613548678000000125e-01 6.966485717999999494e-01 -4.386476509000000190e-01 3.307879859940000000e-01
1.413393250205760479e+09 -8.299132943000000484e-01 3.037194296300000040e+00 1.070099079000000009e+00 4.605294446000000042e-01 6.964933068999999977e-01 -4.407138133999999874e-01 3.295163709069999780e-01
1.413393250255760431e+09 -8.318257700000000199e-01 3.049214165600000026e+00 1.063299312000000052e+00 4.616201050000000028e-01 6.946757815999999863e-01 -4.414926817000000003e-01 3.307818754440000064e-01
1.413393250305760622e+09 -8.334043089999999543e-01 3.062010633899999945e+00 1.056583642699999936e+00 4.624555737000000111e-01 6.928131604999999693e-01 -4.421786638999999908e-01 3.326000543259999831e-01
1.413393250355760336e+09 -8.346613656000000381e-01 3.075654448499999916e+00 1.050593390299999985e+00 4.652717073000000036e-01 6.894372826000000343e-01 -4.431411887999999744e-01 3.344014929390000113e-01
1.413393250405760527e+09 -8.360541135000000290e-01 3.089860122300000178e+00 1.045037843000000022e+00 4.689944972000000267e-01 6.854840821000000028e-01 -4.448966200000000204e-01 3.349966154830000264e-01
1.413393250455760479e+09 -8.377286174000000418e-01 3.104897060799999942e+00 1.040454934500000039e+00 4.748806606000000041e-01 6.806057889000000083e-01 -4.459601695000000032e-01 3.352367008509999913e-01
1.413393250505760431e+09 -8.398616297000000008e-01 3.120142071700000130e+00 1.036434235199999998e+00 4.818347572000000190e-01 6.750439972999999760e-01 -4.477483463999999969e-01 3.341740365740000218e-01
1.413393250555760384e+09 -8.424906886999999900e-01 3.135021962999999801e+00 1.032932197200000068e+00 4.892970454000000191e-01 6.694786509000000274e-01 -4.492437840999999876e-01 3.325158038039999764e-01
1.413393250605760574e+09 -8.459778246000000390e-01 3.148985764199999871e+00 1.029101207599999901e+00 4.943328683000000057e-01 6.658054350000000010e-01 -4.507440435999999773e-01 3.304057282549999752e-01
1.413393250655760288e+09 -8.501074029999999837e-01 3.161478550500000040e+00 1.024628310500000028e+00 4.951864174000000229e-01 6.651105345000000169e-01 -4.513709053000000138e-01 3.296705851000000242e-01
1.413393250705760479e+09 -8.549081094999999575e-01 3.172731316100000143e+00 1.020375175100000087e+00 4.948062104000000017e-01 6.655302674999999946e-01 -4.528530943999999892e-01 3.273535581770000147e-01
1.413393250755760431e+09 -8.604232293000000364e-01 3.182790877700000021e+00 1.016714375999999920e+00 4.932206426999999893e-01 6.672360724000000465e-01 -4.536165195999999900e-01 3.252098930180000180e-01
1.413393250805760622e+09 -8.666485277000000043e-01 3.191532162000000117e+00 1.012790757599999925e+00 4.894059646000000208e-01 6.704298015999999860e-01 -4.562442956000000160e-01 3.206974052120000196e-01
1.413393250855760336e+09 -8.729019247000000536e-01 3.199206451199999801e+00 1.009360408700000100e+00 4.856148032000000003e-01 6.736577164000000506e-01 -4.580282928000000142e-01 3.171334530900000170e-01
1.413393250905760527e+09 -8.785590868000000553e-01 3.205763871499999862e+00 1.006630434699999910e+00 4.812965894999999827e-01 6.770230211000000109e-01 -4.583458188000000266e-01 3.160894370969999922e-01
1.413393250955760479e+09 -8.835233131999999934e-01 3.211239069199999907e+00 1.004694019400000027e+00 4.767804823999999830e-01 6.796413044000000347e-01 -4.595612996999999811e-01 3.155494902980000016e-01
1.413393251005760431e+09 -8.874039218999999479e-01 3.215914693199999785e+00 1.003413597500000032e+00 4.718743200000000138e-01 6.813340634000000229e-01 -4.616608278000000065e-01 3.162084759859999927e-01
1.413393251055760384e+09 -8.898422572999999947e-01 3.219941199700000034e+00 1.003398367900000032e+00 4.683284703000000215e-01 6.808002332999999462e-01 -4.637843442999999843e-01 3.195051927700000016e-01
1.413393251105760574e+09 -8.906171615000000319e-01 3.223503258500000079e+00 1.004334571200000026e+00 4.657013168999999952e-01 6.777704321999999948e-01 -4.677278665999999863e-01 3.240064312220000131e-01
1.413393251155760288e+09 -8.900279964999999738e-01 3.226635078300000181e+00 1.006926616499999927e+00 4.638565631000000078e-01 6.726993787999999697e-01 -4.724350270000000074e-01 3.303298047459999887e-01
1.413393251205760479e+09 -8.886153205000000277e-01 3.229129115600000155e+00 1.009775688199999966e+00 4.620375896999999732e-01 6.654883886000000359e-01 -4.791757785999999908e-01 3.376937126910000142e-01
1.413393251255760431e+09 -8.868389301000000335e-01 3.230845090799999930e+00 1.013531049100000025e+00 4.595071378000000206e-01 6.572106841999999505e-01 -4.866115307000000167e-01 3.466071623249999956e-01
1.413393251305760622e+09 -8.842564769999999852e-01 3.232279850299999868e+00 1.016659082799999947e+00 4.560587157000000058e-01 6.486186929999999684e-01 -4.947450614000000191e-01 3.557127536849999938e-01
1.413393251355760336e+09 -8.811897713999999882e-01 3.233205181799999828e+00 1.021441627900000038e+00 4.531320698999999896e-01 6.382404216999999491e-01 -5.034275696000000133e-01 3.658977637010000228e-01
1.413393251405760527e+09 -8.789924000000000071e-01 3.233620771300000030e+00 1.026747467499999900e+00 4.491931614999999933e-01 6.282016934999999913e-01 -5.122925726999999485e-01 3.756919695059999786e-01
1.413393251455760479e+09 -8.774579398999999835e-01 3.233523253500000028e+00 1.032192030600000088e+00 4.463406296999999912e-01 6.170444458999999604e-01 -5.209245000000000125e-01 3.855824935589999836e-01
1.413393251505760431e+09 -8.762253719000000496e-01 3.232914857899999994e+00 1.037907106900000098e+00 4.431996778999999775e-01 6.057998680999999719e-01 -5.293962175999999964e-01 3.953735070789999861e-01
1.413393251555760384e+09 -8.758448835000000043e-01 3.231784856200000000e+00 1.044422670599999936e+00 4.392705403000000119e-01 5.953839786000000300e-01 -5.367146790000000278e-01 4.055818830210000114e-01
1.413393251605760574e+09 -8.768384608000000524e-01 3.230456252699999808e+00 1.051400439100000028e+00 4.359519377000000140e-01 5.849207289000000198e-01 -5.441722248000000484e-01 4.143552083120000118e-01
1.413393251655760288e+09 -8.790381769999999761e-01 3.228833001199999941e+00 1.058789592199999907e+00 4.324817060000000213e-01 5.745222240999999785e-01 -5.512653263000000248e-01 4.230724854819999936e-01
1.413393251705760479e+09 -8.828926802000000018e-01 3.226782155900000060e+00 1.066108208900000021e+00 4.281970131000000235e-01 5.647817443000000548e-01 -5.583037967999999740e-01 4.312374864399999841e-01
1.413393251755760431e+09 -8.885966776000000511e-01 3.224386807100000141e+00 1.073388680999999956e+00 4.226118730000000268e-01 5.561272478000000019e-01 -5.657624018000000365e-01 4.382175187340000000e-01
1.413393251805760622e+09 -8.960907455000000077e-01 3.221713257699999833e+00 1.080444745499999915e+00 4.150988334999999863e-01 5.487109893999999599e-01 -5.742971568000000415e-01 4.436124256730000215e-01
1.413393251855760336e+09 -9.052807431999999599e-01 3.219031066299999910e+00 1.087512377399999952e+00 4.060004641000000136e-01 5.428163889999999547e-01 -5.843757727999999707e-01 4.461153966120000036e-01
1.413393251905760527e+09 -9.158793123999999786e-01 3.216337334799999947e+00 1.094269442100000100e+00 3.945591810999999893e-01 5.387341689000000322e-01 -5.955555651999999700e-01 4.465446412810000210e-01
1.413393251955760479e+09 -9.272791481000000058e-01 3.213423484199999791e+00 1.101201966299999890e+00 3.818807016999999915e-01 5.352064213999999653e-01 -6.059806118999999658e-01 4.477819939659999915e-01
1.413393252005760431e+09 -9.389320818999999929e-01 3.210476545600000176e+00 1.108654419000000058e+00 3.695525100000000007e-01 5.315458370000000210e-01 -6.143562734999999941e-01 4.510613425419999767e-01
1.413393252055760384e+09 -9.505830003999999889e-01 3.207949870999999842e+00 1.116625790899999915e+00 3.586258265999999750e-01 5.271898168999999967e-01 -6.225829223000000079e-01 4.537057618759999800e-01
1.413393252105760574e+09 -9.617863926999999924e-01 3.205910772400000219e+00 1.125871302399999996e+00 3.511270490000000244e-01 5.204777191999999664e-01 -6.304851890999999542e-01 4.564002252050000097e-01
1.413393252155760288e+09 -9.725553182999999713e-01 3.204207109399999975e+00 1.136053667799999944e+00 3.454153614000000094e-01 5.129597556999999641e-01 -6.371977775999999594e-01 4.599342446699999920e-01
1.413393252205760479e+09 -9.826758877000000281e-01 3.202777246200000150e+00 1.146191743499999971e+00 3.405659976000000033e-01 5.049619855000000435e-01 -6.440532382000000444e-01 4.628429764909999800e-01
1.413393252255760431e+09 -9.921034375999999710e-01 3.201226384199999941e+00 1.156190709999999955e+00 3.355547253000000230e-01 4.963901821000000214e-01 -6.498112830000000173e-01 4.677019456770000194e-01
1.413393252305760622e+09 -1.000958763999999945e+00 3.199900003499999812e+00 1.166393831199999953e+00 3.309923617000000151e-01 4.880838134000000106e-01 -6.548735100999999448e-01 4.726086471479999940e-01
1.413393252355760336e+09 -1.009338181099999954e+00 3.198838505599999937e+00 1.176447650899999919e+00 3.264614027000000140e-01 4.796817016000000100e-01 -6.603652587999999657e-01 4.767034116109999942e-01
1.413393252405760527e+09 -1.017426780200000103e+00 3.197761863899999835e+00 1.185887933200000077e+00 3.218495205999999942e-01 4.704375084999999901e-01 -6.672300371999999591e-01 4.794846338789999773e-01
1.413393252455760479e+09 -1.025300984600000076e+00 3.196913362300000117e+00 1.193617009000000007e+00 3.168656047999999781e-01 4.626628113999999847e-01 -6.750929708999999779e-01 4.793629023229999953e-01
1.413393252505760431e+09 -1.032812790099999933e+00 3.196475924000000024e+00 1.199623577299999910e+00 3.144413048999999960e-01 4.550754540999999986e-01 -6.816009701999999892e-01 4.790126452999999840e-01
1.413393252555760384e+09 -1.039688596199999981e+00 3.195637464099999825e+00 1.202832732799999915e+00 3.115651501999999740e-01 4.490716951000000012e-01 -6.857637000999999843e-01 4.806141044550000241e-01
1.413393252605760574e+09 -1.045810074300000059e+00 3.194358158600000053e+00 1.203624704100000109e+00 3.093092485999999752e-01 4.446722819999999743e-01 -6.884524383000000247e-01 4.823148250450000063e-01
1.413393252655760288e+09 -1.051221207400000024e+00 3.192488211100000139e+00 1.202499011700000064e+00 3.067621844000000264e-01 4.408115565999999874e-01 -6.905439101000000468e-01 4.844907036730000116e-01
1.413393252705760479e+09 -1.056192798299999902e+00 3.190213350600000108e+00 1.199302587000000031e+00 3.031623230000000113e-01 4.373841365000000203e-01 -6.928201094000000504e-01 4.866086919989999759e-01
1.413393252755760431e+09 -1.060673421399999983e+00 3.187266257100000111e+00 1.195727552799999982e+00 2.993028803000000182e-01 4.341497303999999891e-01 -6.936389052000000444e-01 4.907105731970000106e-01
1.413393252805760622e+09 -1.064775345499999970e+00 3.184011287300000159e+00 1.192480076000000055e+00 2.946902697000000071e-01 4.309189333999999816e-01 -6.943464995999999445e-01 4.953276252000000102e-01
1.413393252855760336e+09 -1.068476177600000021e+00 3.180503373200000095e+00 1.189826905799999945e+00 2.895559628000000107e-01 4.275713592000000007e-01 -6.949870374000000073e-01 5.003329841229999797e-01
1.413393252905760527e+09 -1.071775756000000079e+00 3.177238388400000169e+00 1.187966583399999942e+00 2.853960919999999901e-01 4.239593750999999799e-01 -6.955356244000000521e-01 5.050125880139999524e-01
1.413393252955760479e+09 -1.074763271799999975e+00 3.174234569199999800e+00 1.186925803500000098e+00 2.808709702000000141e-01 4.215392255000000032e-01 -6.953533419999999854e-01 5.098037949160000304e-01
1.413393253005760431e+09 -1.077407317200000048e+00 3.171824660500000004e+00 1.186461772699999973e+00 2.760896822000000195e-01 4.198730137000000195e-01 -6.959747507000000333e-01 5.129330230580000372e-01
1.413393253055760384e+09 -1.079512881999999951e+00 3.170251894799999803e+00 1.186992145200000071e+00 2.711369389000000130e-01 4.192669823999999879e-01 -6.967370811999999969e-01 5.150314529249999662e-01
1.413393253105760574e+09 -1.080953392100000077e+00 3.169648517999999804e+00 1.188259298299999989e+00 2.664554752000000137e-01 4.187518653000000257e-01 -6.985737130000000406e-01 5.154057843920000215e-01
1.413393253155760288e+09 -1.081683571299999924e+00 3.170469484499999879e+00 1.189541424500000000e+00 2.630700358999999988e-01 4.186547284000000091e-01 -7.028904178999999530e-01 5.113388651539999552e-01
1.413393253205760479e+09 -1.081268321800000098e+00 3.171943092299999822e+00 1.190913153799999957e+00 2.606468538000000223e-01 4.181896774000000150e-01 -7.073439057999999502e-01 5.067989839480000480e-01
1.413393253255760431e+09 -1.079802725700000021e+00 3.173931684899999883e+00 1.192439839299999971e+00 2.595064832000000266e-01 4.169895256999999744e-01 -7.125072152000000436e-01 5.011083604860000484e-01
1.413393253305760622e+09 -1.076717645700000059e+00 3.176042212500000073e+00 1.194343013699999956e+00 2.590653606000000164e-01 4.164440922000000045e-01 -7.162262995000000521e-01 4.964668619240000247e-01
1.413393253355760336e+09 -1.071888122100000063e+00 3.177882235999999860e+00 1.196742151400000065e+00 2.592743522000000023e-01 4.157108516999999948e-01 -7.186362011000000383e-01 4.934808087579999891e-01
1.413393253405760527e+09 -1.065383090799999932e+00 3.179157576999999790e+00 1.199695094299999987e+00 2.606963731999999978e-01 4.134809635999999733e-01 -7.204727251000000443e-01 4.919247361890000114e-01
1.413393253455760479e+09 -1.057283854000000023e+00 3.179958800500000127e+00 1.203152748499999980e+00 2.623703909999999806e-01 4.122791532000000259e-01 -7.209386449000000363e-01 4.913605072880000146e-01
1.413393253505760431e+09 -1.047739126700000023e+00 3.180038403799999802e+00 1.207327192599999988e+00 2.640848080000000042e-01 4.108137728999999849e-01 -7.204510832999999614e-01 4.923834833729999749e-01
1.413393253555760384e+09 -1.036765563099999898e+00 3.179301256400000053e+00 1.212184485499999909e+00 2.658420689000000059e-01 4.091361175000000072e-01 -7.199640349000000494e-01 4.935457630680000207e-01
1.413393253605760574e+09 -1.024497534400000021e+00 3.178196662099999958e+00 1.218281741299999998e+00 2.687483339000000249e-01 4.080147411000000224e-01 -7.174047417000000149e-01 4.966172979369999907e-01
1.413393253655760288e+09 -1.011164960399999924e+00 3.176464917100000118e+00 1.224874833199999902e+00 2.705558430000000181e-01 4.072160033000000179e-01 -7.145846452999999876e-01 5.003433292219999773e-01
1.413393253705760479e+09 -9.971205543000000171e-01 3.174226868399999901e+00 1.231936162700000059e+00 2.723815922000000223e-01 4.066123334999999783e-01 -7.123471217000000300e-01 5.030270934649999637e-01
1.413393253755760431e+09 -9.824783126999999672e-01 3.171698452699999837e+00 1.239259557000000012e+00 2.731239361000000199e-01 4.076394705999999979e-01 -7.093700082999999657e-01 5.059916687709999916e-01
1.413393253805760622e+09 -9.675417049000000214e-01 3.168760543399999907e+00 1.246978159300000000e+00 2.737259168000000242e-01 4.066277278000000051e-01 -7.082931505999999766e-01 5.079850649789999784e-01
1.413393253855760336e+09 -9.523717973999999975e-01 3.165816611099999900e+00 1.255187143699999952e+00 2.736910357999999821e-01 4.053237197999999819e-01 -7.086937477000000429e-01 5.084870412249999916e-01
1.413393253905760527e+09 -9.370535871999999822e-01 3.162697159499999966e+00 1.263757228000000010e+00 2.730587346000000193e-01 4.031223373000000221e-01 -7.095383057999999910e-01 5.093983718469999866e-01
1.413393253955760479e+09 -9.214914174999999652e-01 3.159442051500000126e+00 1.272578900200000085e+00 2.714995846000000101e-01 3.996237840999999902e-01 -7.115410966999999864e-01 5.101941536609999606e-01
1.413393254005760431e+09 -9.056155608000000523e-01 3.155884122499999833e+00 1.282205262700000015e+00 2.706623843000000029e-01 3.946724570999999848e-01 -7.137257702999999509e-01 5.114401725639999841e-01
1.413393254055760384e+09 -8.897016792999999923e-01 3.151896757499999868e+00 1.292423696700000013e+00 2.675898867000000014e-01 3.898743592000000202e-01 -7.163759834999999798e-01 5.130293235559999498e-01
1.413393254105760574e+09 -8.738450870999999731e-01 3.147629127100000090e+00 1.303242097899999896e+00 2.647189523999999849e-01 3.837189789000000073e-01 -7.194521951000000248e-01 5.148515907189999963e-01
1.413393254155760288e+09 -8.577571397000000042e-01 3.142815430799999810e+00 1.314390505300000012e+00 2.617044210999999732e-01 3.766435783000000037e-01 -7.222459405000000165e-01 5.176979932880000357e-01
1.413393254205760479e+09 -8.416882784000000450e-01 3.137541593099999915e+00 1.325609010099999985e+00 2.572214407000000258e-01 3.692735314000000213e-01 -7.256744921000000126e-01 5.204524195349999882e-01
1.413393254255760431e+09 -8.260398288000000422e-01 3.132560080300000216e+00 1.337614119399999968e+00 2.535082636000000056e-01 3.620167212000000023e-01 -7.287252001999999784e-01 5.231032751459999686e-01
1.413393254305760622e+09 -8.106858062999999781e-01 3.127239936000000053e+00 1.349746322899999962e+00 2.466885974999999953e-01 3.571244666999999762e-01 -7.306628951000000427e-01 5.270090937950000498e-01
1.413393254355760336e+09 -7.954792499999999711e-01 3.122033936699999845e+00 1.361740962899999907e+00 2.388861442999999918e-01 3.539623828999999833e-01 -7.325950520999999771e-01 5.300457821840000028e-01
1.413393254405760527e+09 -7.803005455000000534e-01 3.117209174800000149e+00 1.373555001900000017e+00 2.299535057000000049e-01 3.530893588999999833e-01 -7.342721858999999851e-01 5.322533672120000059e-01
1.413393254455760479e+09 -7.648268669000000131e-01 3.112782318999999909e+00 1.385191433499999958e+00 2.214681995999999986e-01 3.521077194000000188e-01 -7.374870002000000202e-01 5.320572478770000391e-01
1.413393254505760431e+09 -7.484511347000000203e-01 3.108877395499999974e+00 1.396923555100000103e+00 2.137664814999999940e-01 3.518286625000000001e-01 -7.399323656999999832e-01 5.319967835990000449e-01
1.413393254555760384e+09 -7.307941022999999703e-01 3.105760943599999990e+00 1.409216478700000108e+00 2.107885962999999918e-01 3.495685151999999851e-01 -7.426631897000000038e-01 5.308685407480000507e-01
1.413393254605760574e+09 -7.119287222000000304e-01 3.103136933400000075e+00 1.420951222500000055e+00 2.085790275000000138e-01 3.473452193000000077e-01 -7.455725797000000155e-01 5.291196616669999742e-01
1.413393254655760288e+09 -6.915251832000000043e-01 3.100746918700000077e+00 1.432706666699999909e+00 2.094231461000000127e-01 3.442998305000000148e-01 -7.474578804000000520e-01 5.281157918529999495e-01
1.413393254705760479e+09 -6.696028062000000114e-01 3.098458480100000134e+00 1.445214397400000017e+00 2.127344224999999922e-01 3.407126247000000219e-01 -7.465522223999999651e-01 5.303949019839999668e-01
1.413393254755760431e+09 -6.468338461000000539e-01 3.096084423899999827e+00 1.457840619700000007e+00 2.167736633000000024e-01 3.366363111999999824e-01 -7.448967528000000060e-01 5.336796796949999644e-01
1.413393254805760622e+09 -6.236978642999999600e-01 3.093891709899999842e+00 1.469938301400000036e+00 2.203132264000000062e-01 3.341747687000000133e-01 -7.430127062000000393e-01 5.363967046040000186e-01
1.413393254855760336e+09 -6.004277530999999613e-01 3.092111756099999997e+00 1.481289909400000049e+00 2.233544356000000120e-01 3.328480755000000069e-01 -7.415338205999999488e-01 5.380079438060000330e-01
1.413393254905760527e+09 -5.771931435999999582e-01 3.090294565799999837e+00 1.492378284099999952e+00 2.263635636000000118e-01 3.310939665000000032e-01 -7.396168827000000334e-01 5.404657152030000189e-01
1.413393254955760479e+09 -5.542950730000000270e-01 3.088865304000000034e+00 1.502570467199999982e+00 2.285879802999999932e-01 3.307015225000000114e-01 -7.385054070000000026e-01 5.412890190539999535e-01
1.413393255005760431e+09 -5.318839950999999511e-01 3.087711482200000024e+00 1.512117093100000087e+00 2.298343016999999933e-01 3.311315687999999979e-01 -7.377746559000000204e-01 5.414948153099999884e-01
1.413393255055760384e+09 -5.097546291000000229e-01 3.086804398099999958e+00 1.521659126699999920e+00 2.326263262999999915e-01 3.302598916999999745e-01 -7.373575025999999921e-01 5.414030934250000371e-01
1.413393255105760574e+09 -4.880478999999999790e-01 3.086091169699999970e+00 1.530987363699999992e+00 2.358310624999999938e-01 3.291976799999999925e-01 -7.371188036000000388e-01 5.409884164629999992e-01
1.413393255155760288e+09 -4.669709584999999774e-01 3.085477980899999917e+00 1.539905730200000100e+00 2.400658424999999874e-01 3.273617435999999770e-01 -7.375162633999999828e-01 5.396966196389999526e-01
1.413393255205760479e+09 -4.466959907999999979e-01 3.084753877799999877e+00 1.548221831300000018e+00 2.443018486000000100e-01 3.255670916000000248e-01 -7.382033976999999858e-01 5.379390478529999520e-01
1.413393255255760431e+09 -4.273313123999999963e-01 3.083635519200000008e+00 1.555831378199999948e+00 2.476126877000000004e-01 3.242763160000000089e-01 -7.386369651999999952e-01 5.366081078190000353e-01
1.413393255305760622e+09 -4.091003529000000194e-01 3.082233865200000089e+00 1.562288279599999941e+00 2.502305971000000073e-01 3.235034989000000194e-01 -7.391895800000000127e-01 5.350970933569999533e-01
1.413393255355760336e+09 -3.920548982000000016e-01 3.080197038300000134e+00 1.567785873899999904e+00 2.516545351999999736e-01 3.229560458999999883e-01 -7.398550328999999870e-01 5.338388499270000365e-01
1.413393255405760527e+09 -3.761252145999999796e-01 3.077434885599999781e+00 1.572523830700000014e+00 2.530878543000000258e-01 3.221892980000000128e-01 -7.400120270000000167e-01 5.334067812199999592e-01
1.413393255455760479e+09 -3.614505805000000072e-01 3.074019758399999969e+00 1.576642985699999944e+00 2.536994402000000148e-01 3.217561389999999966e-01 -7.403414065000000210e-01 5.329204282689999905e-01
1.413393255505760431e+09 -3.480080638999999976e-01 3.069724744500000213e+00 1.580771326000000032e+00 2.537385508000000178e-01 3.210220307000000162e-01 -7.406199264999999698e-01 5.329575293649999601e-01
1.413393255555760384e+09 -3.359342438999999847e-01 3.064507886499999945e+00 1.584723865199999970e+00 2.522049456000000078e-01 3.209599920000000273e-01 -7.410325652000000485e-01 5.331492158180000107e-01
1.413393255605760574e+09 -3.250074750999999984e-01 3.058498719600000193e+00 1.588606539699999987e+00 2.500019307999999940e-01 3.208638883000000108e-01 -7.416740416999999530e-01 5.333526185420000010e-01
1.413393255655760288e+09 -3.151566845000000061e-01 3.051701767900000029e+00 1.592226180800000002e+00 2.476525119999999913e-01 3.205921025999999840e-01 -7.422885459000000408e-01 5.337571092359999492e-01
1.413393255705760479e+09 -3.062897486000000224e-01 3.044372076999999788e+00 1.595113857100000088e+00 2.448604628999999921e-01 3.204689675999999876e-01 -7.433091901999999696e-01 5.336988310779999800e-01
1.413393255755760431e+09 -2.984258026000000119e-01 3.036541713600000136e+00 1.597064726599999984e+00 2.410857526999999889e-01 3.208604058000000259e-01 -7.452651526000000359e-01 5.324529200880000479e-01
1.413393255805760622e+09 -2.913363310000000039e-01 3.028132473899999955e+00 1.598582017100000030e+00 2.371906387000000116e-01 3.209419873000000090e-01 -7.467995683000000495e-01 5.320030511790000416e-01
1.413393255855760336e+09 -2.848928347999999944e-01 3.019351471199999803e+00 1.599023995999999892e+00 2.323131049000000115e-01 3.218833756000000212e-01 -7.496733573999999622e-01 5.295390173940000000e-01
1.413393255905760527e+09 -2.788781186000000023e-01 3.009998144799999942e+00 1.599504492000000111e+00 2.261180731999999916e-01 3.242542680000000122e-01 -7.513770033000000126e-01 5.283581981249999560e-01
1.413393255955760479e+09 -2.725542107000000214e-01 2.999911127599999894e+00 1.600080582199999935e+00 2.197665259000000093e-01 3.267671731999999829e-01 -7.513671284999999811e-01 5.295029053959999787e-01
1.413393256005760431e+09 -2.657011783000000071e-01 2.989573129600000101e+00 1.600321141500000044e+00 2.147391868000000092e-01 3.286182132000000089e-01 -7.514585564000000328e-01 5.302897223910000291e-01
1.413393256055760384e+09 -2.579834434000000121e-01 2.978902201799999983e+00 1.600124207599999959e+00 2.108503650000000118e-01 3.299332628000000156e-01 -7.508763697000000459e-01 5.318560360159999556e-01
1.413393256105760574e+09 -2.495226671000000118e-01 2.968039523799999913e+00 1.598819217900000034e+00 2.082162763000000028e-01 3.300016067000000053e-01 -7.507687190999999816e-01 5.330021127440000006e-01
1.413393256155760288e+09 -2.403270164000000098e-01 2.957460405700000017e+00 1.596789266800000107e+00 2.067700843999999982e-01 3.298020005000000254e-01 -7.507809807999999974e-01 5.336709581199999830e-01
1.413393256205760479e+09 -2.302106717999999885e-01 2.947109576899999972e+00 1.594562600299999966e+00 2.070176626000000131e-01 3.287748361999999758e-01 -7.511707826000000310e-01 5.336602381160000519e-01
1.413393256255760431e+09 -2.191920685000000035e-01 2.936754325299999913e+00 1.592323734500000088e+00 2.074691328000000112e-01 3.273867775000000035e-01 -7.522423292000000039e-01 5.328282416570000457e-01
1.413393256305760622e+09 -2.072615036999999882e-01 2.926442980500000068e+00 1.590661137299999917e+00 2.083991986000000018e-01 3.262785296999999862e-01 -7.530397639000000476e-01 5.320180533760000552e-01
1.413393256355760336e+09 -1.945772493000000047e-01 2.916144698600000140e+00 1.589284641999999970e+00 2.101646464999999964e-01 3.250096811000000030e-01 -7.542850879000000397e-01 5.303334184219999914e-01
1.413393256405760527e+09 -1.811694564999999923e-01 2.905510996799999912e+00 1.588517337300000110e+00 2.113419770999999947e-01 3.239912949000000042e-01 -7.560946934000000175e-01 5.279062646190000319e-01
1.413393256455760479e+09 -1.669026919999999914e-01 2.894551878400000167e+00 1.589650587399999981e+00 2.148976714999999982e-01 3.217542845999999956e-01 -7.577584888999999713e-01 5.254476602790000284e-01
1.413393256505760431e+09 -1.520686951999999925e-01 2.882905844999999800e+00 1.592348560800000090e+00 2.183070558999999911e-01 3.201131895000000060e-01 -7.587639261999999940e-01 5.235903738720000256e-01
1.413393256555760384e+09 -1.369588160000000110e-01 2.870275152300000077e+00 1.596492242699999897e+00 2.197232731000000050e-01 3.201458242999999926e-01 -7.594870459000000462e-01 5.219269694939999704e-01
1.413393256605760574e+09 -1.214938569999999968e-01 2.856594372800000059e+00 1.601648982399999976e+00 2.187041024999999972e-01 3.229054828999999849e-01 -7.581005146999999500e-01 5.226702347920000324e-01
1.413393256655760288e+09 -1.054791649000000053e-01 2.841944902899999903e+00 1.607066123999999929e+00 2.162338397999999939e-01 3.265573539000000136e-01 -7.555117615999999980e-01 5.251715902419999971e-01
1.413393256705760479e+09 -8.887706970000000539e-02 2.826903490499999894e+00 1.611294848000000002e+00 2.142268749000000028e-01 3.299188429000000089e-01 -7.532503992000000315e-01 5.271377802059999951e-01
1.413393256755760431e+09 -7.144515760000000326e-02 2.811619997599999810e+00 1.613513893599999971e+00 2.128466410000000031e-01 3.330168430000000068e-01 -7.513268840000000282e-01 5.284921977569999596e-01
1.413393256805760622e+09 -5.304805850000000184e-02 2.796034338100000127e+00 1.613192102800000027e+00 2.121157557999999999e-01 3.355033142000000135e-01 -7.492190535999999623e-01 5.302030196650000526e-01
1.413393256855760336e+09 -3.414464760000000126e-02 2.780753554999999988e+00 1.610327031700000022e+00 2.120026664000000116e-01 3.377253747000000250e-01 -7.475633484999999467e-01 5.311736823010000386e-01
1.413393256905760527e+09 -1.492725880000000081e-02 2.766074342400000052e+00 1.605789397299999921e+00 2.142152727999999950e-01 3.384070506999999894e-01 -7.467065426000000228e-01 5.310572701239999471e-01
1.413393256955760479e+09 4.866460999999999877e-03 2.751498759500000002e+00 1.600023892000000059e+00 2.169729360000000051e-01 3.381431420000000077e-01 -7.466559621999999674e-01 5.301762298350000124e-01
1.413393257005760431e+09 2.544809040000000147e-02 2.736914146100000167e+00 1.593928761899999991e+00 2.205521148000000042e-01 3.373796266999999904e-01 -7.466448391000000129e-01 5.292005635180000445e-01
1.413393257055760384e+09 4.640170429999999901e-02 2.722099806500000163e+00 1.587506992100000014e+00 2.221583518999999951e-01 3.375200736999999784e-01 -7.461452993999999617e-01 5.291437032169999943e-01
1.413393257105760574e+09 6.780874979999999830e-02 2.707501437999999983e+00 1.581017060199999991e+00 2.251324034999999946e-01 3.364794112000000226e-01 -7.457389548999999729e-01 5.291223089940000346e-01
1.413393257155760288e+09 8.945355539999999550e-02 2.692688261499999847e+00 1.574285146500000065e+00 2.268807293000000003e-01 3.357999664999999911e-01 -7.464583970000000512e-01 5.277910370160000531e-01
1.413393257205760479e+09 1.113126856000000026e-01 2.677445664700000005e+00 1.567939408199999995e+00 2.279065983999999934e-01 3.353216660000000182e-01 -7.463438595000000397e-01 5.278151248939999540e-01
1.413393257255760431e+09 1.332865621000000056e-01 2.662090866199999795e+00 1.561636341000000039e+00 2.284726132999999881e-01 3.349344720999999914e-01 -7.471171178000000079e-01 5.267211565199999557e-01
1.413393257305760622e+09 1.555395028000000068e-01 2.646266555399999998e+00 1.556097202499999943e+00 2.292830047999999954e-01 3.342370619000000209e-01 -7.462554353000000473e-01 5.280319265870000445e-01
1.413393257355760336e+09 1.778481259999999953e-01 2.630216331499999782e+00 1.550245922900000073e+00 2.292046434999999993e-01 3.341732805000000028e-01 -7.462000748999999544e-01 5.281845305510000088e-01
1.413393257405760527e+09 2.002314507000000077e-01 2.613798565499999782e+00 1.544625347900000056e+00 2.290981418999999963e-01 3.336813024999999988e-01 -7.459985793000000198e-01 5.288260104990000210e-01
1.413393257455760479e+09 2.226443275999999971e-01 2.597346561400000198e+00 1.538702145800000087e+00 2.285009410000000130e-01 3.335334898999999798e-01 -7.464782894000000502e-01 5.285006097609999953e-01
1.413393257505760431e+09 2.449638225000000114e-01 2.580715203600000063e+00 1.532927102199999947e+00 2.293404267999999968e-01 3.320675140000000081e-01 -7.472277192999999818e-01 5.280008241410000247e-01
1.413393257555760384e+09 2.671457116000000021e-01 2.563582933599999780e+00 1.526935166799999966e+00 2.287378441000000040e-01 3.313155878999999859e-01 -7.471143043000000317e-01 5.288943146939999451e-01
1.413393257605760574e+09 2.894274182000000084e-01 2.546151320199999901e+00 1.520901091999999899e+00 2.293664260000000121e-01 3.294456456000000033e-01 -7.472251479000000529e-01 5.296330687410000237e-01
1.413393257655760288e+09 3.116544326999999837e-01 2.528360586999999882e+00 1.514524510800000057e+00 2.296372074999999957e-01 3.275267115000000118e-01 -7.479142855000000534e-01 5.297331665079999530e-01
1.413393257705760479e+09 3.337318617999999737e-01 2.510254392499999820e+00 1.507518529499999982e+00 2.283807157999999948e-01 3.267237436000000050e-01 -7.486613477000000350e-01 5.297169343209999770e-01
1.413393257755760431e+09 3.557323007000000037e-01 2.491783863100000218e+00 1.500770347700000062e+00 2.275445987999999975e-01 3.255350404999999836e-01 -7.485862277000000509e-01 5.309134135369999452e-01
1.413393257805760622e+09 3.773370219000000136e-01 2.473094994699999827e+00 1.493722906999999989e+00 2.248203079999999965e-01 3.258059905999999839e-01 -7.484134846000000119e-01 5.321499240999999492e-01
1.413393257855760336e+09 3.988446465000000107e-01 2.454153284499999810e+00 1.486889656700000062e+00 2.204488884999999954e-01 3.273566191999999764e-01 -7.480084071999999473e-01 5.335947471069999448e-01
1.413393257905760527e+09 4.205713378000000002e-01 2.435091674100000159e+00 1.480905869899999949e+00 2.163057153999999871e-01 3.285658271999999935e-01 -7.473433580999999659e-01 5.354757135809999902e-01
1.413393257955760479e+09 4.427578770999999747e-01 2.416137196699999823e+00 1.475919299599999901e+00 2.129554993999999979e-01 3.298030989999999885e-01 -7.464661492999999926e-01 5.372784743780000261e-01
1.413393258005760431e+09 4.654396272999999917e-01 2.397393463299999805e+00 1.471795956300000041e+00 2.108839976999999921e-01 3.300775086000000136e-01 -7.457317124000000241e-01 5.389443301270000486e-01
1.413393258055760384e+09 4.885961100999999807e-01 2.379133339400000047e+00 1.468007868699999996e+00 2.091612814000000098e-01 3.304583747000000016e-01 -7.452800419999999759e-01 5.400059999570000491e-01
1.413393258105760574e+09 5.124099263000000404e-01 2.361491524899999916e+00 1.464799650100000017e+00 2.094696990000000092e-01 3.300010595999999796e-01 -7.450000780000000100e-01 5.405521526469999616e-01
1.413393258155760288e+09 5.367383202000000075e-01 2.344723553500000168e+00 1.461860871599999889e+00 2.104419260000000014e-01 3.311048319000000073e-01 -7.442330323000000414e-01 5.405561763170000367e-01
1.413393258205760479e+09 5.616691135000000390e-01 2.328832686200000168e+00 1.459302293399999950e+00 2.124520940000000080e-01 3.331289166999999996e-01 -7.433504617999999731e-01 5.397400518339999786e-01
1.413393258255760431e+09 5.872673953000000502e-01 2.313590692400000037e+00 1.457786367299999997e+00 2.164962981000000120e-01 3.352588107000000206e-01 -7.403463587999999929e-01 5.409419116320000054e-01
1.413393258305760622e+09 6.130889676999999871e-01 2.299181062000000164e+00 1.456978969099999910e+00 2.215121657999999938e-01 3.382082294000000044e-01 -7.351336831000000460e-01 5.441746245120000491e-01
1.413393258355760336e+09 6.391536406000000170e-01 2.285937096000000057e+00 1.456872404999999926e+00 2.286183924000000089e-01 3.412328042000000172e-01 -7.284936267999999604e-01 5.482616526139999502e-01
1.413393258405760527e+09 6.650911754999999648e-01 2.274111962600000147e+00 1.456617795399999915e+00 2.367047701999999976e-01 3.450444020999999806e-01 -7.234750742000000123e-01 5.490892726449999595e-01
1.413393258455760479e+09 6.902227798000000192e-01 2.263885895100000045e+00 1.455843640899999958e+00 2.446533609000000054e-01 3.503200294000000103e-01 -7.192265228999999982e-01 5.478447030790000172e-01
1.413393258505760431e+09 7.142181882000000481e-01 2.255446983000000127e+00 1.455047963599999994e+00 2.555660831000000077e-01 3.550744027000000136e-01 -7.152545394999999528e-01 5.449945773819999673e-01
1.413393258555760384e+09 7.372442458000000309e-01 2.248096345500000037e+00 1.454264659899999979e+00 2.659644057000000172e-01 3.621653900999999842e-01 -7.102531502000000163e-01 5.418852532969999913e-01
1.413393258605760574e+09 7.592397252999999457e-01 2.241578030899999963e+00 1.453770156000000036e+00 2.748735956999999730e-01 3.717085253999999894e-01 -7.046410229999999775e-01 5.382920278230000077e-01
1.413393258655760288e+09 7.797200663000000143e-01 2.236031809900000056e+00 1.453406910700000054e+00 2.819190312000000032e-01 3.830726798999999905e-01 -7.000798082000000422e-01 5.326023319070000150e-01
1.413393258705760479e+09 7.986675746000000409e-01 2.231542561699999982e+00 1.452594886900000049e+00 2.879792435999999900e-01 3.961761250999999984e-01 -6.960479916999999794e-01 5.250044060090000020e-01
1.413393258755760431e+09 8.165777224000000389e-01 2.227490450599999949e+00 1.452063281999999900e+00 2.937264908000000174e-01 4.088035112000000248e-01 -6.927096812999999909e-01 5.164859488090000061e-01
1.413393258805760622e+09 8.339169652000000266e-01 2.223803870999999877e+00 1.452134038899999924e+00 3.010871893000000021e-01 4.205759950999999885e-01 -6.890281535000000179e-01 5.076441080460000199e-01
1.413393258855760336e+09 8.506920073999999499e-01 2.220326845299999796e+00 1.452715122200000097e+00 3.095521769999999839e-01 4.319614438000000112e-01 -6.845453116999999921e-01 4.989834435989999872e-01
1.413393258905760527e+09 8.667586594999999727e-01 2.216712854699999902e+00 1.453012153400000006e+00 3.156066556000000078e-01 4.444221168999999971e-01 -6.792177164999999572e-01 4.914719875010000183e-01
1.413393258955760479e+09 8.822600523000000416e-01 2.213022525800000029e+00 1.453340637399999968e+00 3.208932507999999739e-01 4.576064612999999892e-01 -6.731404662000000094e-01 4.842579487149999973e-01
1.413393259005760431e+09 8.977685994999999863e-01 2.209369271099999921e+00 1.454156515099999991e+00 3.270142676000000193e-01 4.702303052999999844e-01 -6.661400537999999649e-01 4.777055134259999836e-01
1.413393259055760384e+09 9.130341685999999735e-01 2.205588383399999852e+00 1.455112528199999922e+00 3.333954272999999913e-01 4.820858912000000052e-01 -6.588585904999999521e-01 4.715358313599999907e-01
1.413393259105760574e+09 9.281650250999999852e-01 2.202026531400000042e+00 1.456326399099999946e+00 3.408102109999999740e-01 4.937994090999999752e-01 -6.514079663999999825e-01 4.644116760990000259e-01
1.413393259155760288e+09 9.434677506999999963e-01 2.198209159500000176e+00 1.457848170699999946e+00 3.474647423000000179e-01 5.054072756999999916e-01 -6.432110747000000517e-01 4.583789392109999805e-01
1.413393259205760479e+09 9.590242261000000434e-01 2.194209047000000190e+00 1.459666807599999894e+00 3.550503450999999977e-01 5.157618548000000303e-01 -6.350250805999999582e-01 4.524070165860000214e-01
1.413393259255760431e+09 9.745561067000000355e-01 2.190318869800000012e+00 1.461306788999999995e+00 3.621158909000000148e-01 5.267560088999999612e-01 -6.264382992999999455e-01 4.460664141119999870e-01
1.413393259305760622e+09 9.905585160000000000e-01 2.186308922999999904e+00 1.463182604800000064e+00 3.696577764999999793e-01 5.370916870999999926e-01 -6.182136368999999743e-01 4.389732873680000091e-01
1.413393259355760336e+09 1.006875705199999915e+00 2.182136162299999960e+00 1.464877752100000041e+00 3.761859914999999832e-01 5.473231415999999516e-01 -6.102176351000000443e-01 4.319211923380000262e-01
1.413393259405760527e+09 1.023446627200000014e+00 2.177913549799999959e+00 1.467070734700000045e+00 3.837267694000000007e-01 5.573961459999999812e-01 -6.011583011000000143e-01 4.250552903240000235e-01
1.413393259455760479e+09 1.040546035199999997e+00 2.173452927500000076e+00 1.469513716000000025e+00 3.914459074000000149e-01 5.667231859000000371e-01 -5.920639480999999593e-01 4.183960008029999900e-01
1.413393259505760431e+09 1.058030620999999893e+00 2.168849729899999801e+00 1.472063620599999956e+00 3.978968151000000231e-01 5.767806200999999744e-01 -5.825793028000000318e-01 4.118295724580000039e-01
1.413393259555760384e+09 1.075954023800000048e+00 2.164327144900000111e+00 1.475013804899999892e+00 4.046808398000000251e-01 5.871468029999999949e-01 -5.724902629000000465e-01 4.046565809680000014e-01
1.413393259605760574e+09 1.094030559099999911e+00 2.159745758400000160e+00 1.478364651899999993e+00 4.112672515999999945e-01 5.974793609999999866e-01 -5.616675042000000007e-01 3.980041150770000091e-01
1.413393259655760288e+09 1.112326365099999936e+00 2.155121463900000034e+00 1.481747179899999933e+00 4.176320654999999826e-01 6.077234015000000378e-01 -5.514134782999999818e-01 3.901267757629999777e-01
1.413393259705760479e+09 1.130820111100000025e+00 2.150519175799999960e+00 1.485497284700000087e+00 4.244083747999999878e-01 6.179121683999999615e-01 -5.403606826000000307e-01 3.821942126030000164e-01
1.413393259755760431e+09 1.149623624499999996e+00 2.145700405899999996e+00 1.489489271000000059e+00 4.309236437999999780e-01 6.274036789000000391e-01 -5.297067240999999704e-01 3.742729262250000244e-01
1.413393259805760622e+09 1.168746807700000057e+00 2.140712075899999789e+00 1.493885467299999936e+00 4.374686758999999925e-01 6.363506172999999766e-01 -5.185391190999999456e-01 3.671460627740000260e-01
1.413393259855760336e+09 1.188170273099999896e+00 2.135822657099999855e+00 1.498737542700000036e+00 4.441395606999999912e-01 6.447840108000000292e-01 -5.074887079000000023e-01 3.597899962569999777e-01
1.413393259905760527e+09 1.208218961800000102e+00 2.130857299100000102e+00 1.503740481299999932e+00 4.501610431999999995e-01 6.526982241000000018e-01 -4.968185493000000230e-01 3.528617187309999736e-01
1.413393259955760479e+09 1.228446447600000102e+00 2.125893336399999889e+00 1.508452012100000017e+00 4.557845448000000244e-01 6.604125777999999558e-01 -4.864632763999999776e-01 3.456431057459999900e-01
1.413393260005760431e+09 1.248909169000000041e+00 2.120882782999999883e+00 1.513159199800000021e+00 4.616935265000000066e-01 6.675427045999999809e-01 -4.761114055999999817e-01 3.384431334140000081e-01
1.413393260055760384e+09 1.269681456600000091e+00 2.115782085799999823e+00 1.517688657899999960e+00 4.662307239999999853e-01 6.746238302999999492e-01 -4.662585080000000159e-01 3.318352049600000186e-01
1.413393260105760574e+09 1.290648564500000095e+00 2.110920418500000117e+00 1.522944386300000064e+00 4.724592680999999961e-01 6.805951152000000448e-01 -4.560240195999999968e-01 3.249840344930000069e-01
1.413393260155760288e+09 1.311720746500000034e+00 2.105980863300000117e+00 1.527888806099999996e+00 4.776413232999999758e-01 6.868900344999999685e-01 -4.460946766000000174e-01 3.178685046899999977e-01
1.413393260205760479e+09 1.333097896499999990e+00 2.100946599199999820e+00 1.532847634499999945e+00 4.828419198000000190e-01 6.926010233999999599e-01 -4.362766015999999802e-01 3.111755609919999999e-01
1.413393260255760431e+09 1.354518638700000110e+00 2.095855645099999887e+00 1.537128912400000047e+00 4.877060793999999921e-01 6.986126858000000217e-01 -4.259019405999999730e-01 3.044513628539999850e-01
1.413393260305760622e+09 1.376495138099999904e+00 2.090834619899999858e+00 1.541030672900000065e+00 4.954558895999999768e-01 7.020393070999999541e-01 -4.142534084000000227e-01 3.000972948169999821e-01
1.413393260355760336e+09 1.398830785799999976e+00 2.085405714799999810e+00 1.543734608599999891e+00 5.042148979999999669e-01 7.035631513000000226e-01 -4.006024125000000047e-01 3.004728538709999786e-01
1.413393260405760527e+09 1.420742635399999898e+00 2.079466995999999845e+00 1.544418352699999941e+00 5.115441094999999549e-01 7.047176113999999991e-01 -3.865581204999999909e-01 3.037573567440000066e-01
1.413393260455760479e+09 1.442030232600000073e+00 2.073020851299999912e+00 1.543634474699999926e+00 5.184857400000000283e-01 7.044631704999999577e-01 -3.718681564999999911e-01 3.108347681670000084e-01
1.413393260505760431e+09 1.461753321200000011e+00 2.066227213099999904e+00 1.541309473000000096e+00 5.249147797000000004e-01 7.030976829999999733e-01 -3.581830101999999849e-01 3.190972475439999845e-01
1.413393260555760384e+09 1.478743796699999891e+00 2.058924659400000134e+00 1.536962458200000103e+00 5.282658569000000526e-01 7.025137076999999897e-01 -3.460778561999999781e-01 3.280850383689999927e-01
1.413393260605760574e+09 1.492548895599999925e+00 2.051856564499999980e+00 1.531347805200000023e+00 5.306676325000000416e-01 7.020754280000000014e-01 -3.358584533000000261e-01 3.356799912369999861e-01
1.413393260655760288e+09 1.502153420900000036e+00 2.044949943399999803e+00 1.524444689699999911e+00 5.288043064999999876e-01 7.048307536000000262e-01 -3.274357472000000158e-01 3.411237981149999876e-01
1.413393260705760479e+09 1.507168169699999893e+00 2.038903146200000016e+00 1.518067961000000077e+00 5.268469585999999705e-01 7.081088557000000394e-01 -3.199835954999999954e-01 3.444192638840000154e-01
1.413393260755760431e+09 1.507252771199999897e+00 2.034029525199999799e+00 1.511507681000000103e+00 5.202605272000000447e-01 7.148848817999999827e-01 -3.197275686000000117e-01 3.406506591149999763e-01
1.413393260805760622e+09 1.502904138499999931e+00 2.030494742300000155e+00 1.505493985600000029e+00 5.123008347999999934e-01 7.225257474999999818e-01 -3.231186050000000032e-01 3.333148151790000235e-01
1.413393260855760336e+09 1.494573679599999982e+00 2.029158219600000201e+00 1.501519999399999916e+00 5.077837738999999573e-01 7.279689848999999491e-01 -3.307851988000000132e-01 3.206211910639999996e-01
1.413393260905760527e+09 1.483562927799999986e+00 2.029516422099999939e+00 1.499011964599999969e+00 5.050956090999999537e-01 7.315213192999999725e-01 -3.389809990000000051e-01 3.079721859230000192e-01
1.413393260955760479e+09 1.470678926800000008e+00 2.031184934100000117e+00 1.497283186300000013e+00 5.030277911999999629e-01 7.340146922000000407e-01 -3.476774276999999858e-01 2.954756827539999908e-01
1.413393261005760431e+09 1.456964336099999979e+00 2.033982998499999972e+00 1.496276728700000058e+00 5.013350996000000004e-01 7.356316380999999849e-01 -3.552039039000000065e-01 2.852006269469999911e-01
1.413393261055760384e+09 1.443157480700000050e+00 2.037554559300000179e+00 1.495580577399999944e+00 4.993390878000000255e-01 7.368653620999999765e-01 -3.614676291000000208e-01 2.775447111470000228e-01
1.413393261105760574e+09 1.429674542599999931e+00 2.041926667099999815e+00 1.494950057500000096e+00 4.968028764999999902e-01 7.381618354000000215e-01 -3.669490087999999761e-01 2.713898147120000215e-01
1.413393261155760288e+09 1.417050124099999975e+00 2.047023248599999956e+00 1.494124433100000093e+00 4.932481900999999835e-01 7.399134635999999876e-01 -3.703977605000000062e-01 2.684022883120000258e-01
1.413393261205760479e+09 1.405200019800000089e+00 2.053020184799999814e+00 1.493075241199999903e+00 4.900928440000000275e-01 7.415621884999999969e-01 -3.728655509000000090e-01 2.662063218510000162e-01
1.413393261255760431e+09 1.394629918299999938e+00 2.060078980100000123e+00 1.492366534200000094e+00 4.885682002000000246e-01 7.419249696999999921e-01 -3.744410376000000262e-01 2.657863096070000042e-01
1.413393261305760622e+09 1.385058933500000089e+00 2.068415729399999847e+00 1.492454997600000111e+00 4.902851186000000139e-01 7.411743133999999511e-01 -3.730932409000000116e-01 2.666131525570000216e-01
1.413393261355760336e+09 1.376161295299999976e+00 2.077968807299999998e+00 1.493236044000000096e+00 4.941557926999999850e-01 7.402507948000000004e-01 -3.697176944000000187e-01 2.667351491769999750e-01
1.413393261405760527e+09 1.367822767400000084e+00 2.088399582700000146e+00 1.494075362600000068e+00 4.978088314999999930e-01 7.400208122000000444e-01 -3.655616548000000243e-01 2.663085453519999923e-01
1.413393261455760479e+09 1.359916265899999921e+00 2.099836431700000006e+00 1.494960508299999935e+00 5.014643640999999485e-01 7.408432283000000451e-01 -3.596763470000000074e-01 2.651749008509999839e-01
1.413393261505760431e+09 1.351919146399999994e+00 2.112438473700000152e+00 1.496554725600000024e+00 5.054628919000000442e-01 7.423244710999999940e-01 -3.557210779000000156e-01 2.586970415220000152e-01
1.413393261555760384e+09 1.344573788299999961e+00 2.125985393700000170e+00 1.498886984200000105e+00 5.102771055000000500e-01 7.436209088999999883e-01 -3.525583400999999784e-01 2.496954869099999863e-01
1.413393261605760574e+09 1.337361363799999925e+00 2.139693412699999797e+00 1.500655462899999959e+00 5.149306917999999511e-01 7.454542765999999654e-01 -3.499727240000000128e-01 2.380407456910000052e-01
1.413393261655760288e+09 1.330536346199999942e+00 2.153212995200000091e+00 1.502238402299999942e+00 5.183852254999999909e-01 7.488186162000000090e-01 -3.454378401000000043e-01 2.263186616829999942e-01
1.413393261705760479e+09 1.324785442400000068e+00 2.166571912699999825e+00 1.504196306000000094e+00 5.211171100000000500e-01 7.529683431000000482e-01 -3.399473854999999767e-01 2.142694729680000021e-01
1.413393261755760431e+09 1.320679933499999903e+00 2.179838207800000038e+00 1.506154160299999933e+00 5.238103701999999862e-01 7.573939201999999593e-01 -3.328767933999999817e-01 2.029043768069999920e-01
1.413393261805760622e+09 1.318353667800000073e+00 2.192792478499999920e+00 1.507895458699999969e+00 5.262731856000000263e-01 7.623460883999999549e-01 -3.236101070999999885e-01 1.927212345819999950e-01
1.413393261855760336e+09 1.318274986500000079e+00 2.205257926299999838e+00 1.510074427599999991e+00 5.297856829000000545e-01 7.664119192999999663e-01 -3.120794812000000085e-01 1.858663432409999872e-01
1.413393261905760527e+09 1.321002058599999973e+00 2.217265427900000141e+00 1.512686945500000046e+00 5.342649554999999717e-01 7.689264392000000337e-01 -2.986514203000000256e-01 1.847171286990000050e-01
1.413393261955760479e+09 1.325517460099999933e+00 2.228977936700000217e+00 1.515912647599999996e+00 5.390969297000000049e-01 7.704928925999999789e-01 -2.866313590999999827e-01 1.831875181300000044e-01
1.413393262005760431e+09 1.331487566899999919e+00 2.240175228000000018e+00 1.518910138100000085e+00 5.420538940000000361e-01 7.724728197000000351e-01 -2.757005157999999900e-01 1.829003676619999907e-01
1.413393262055760384e+09 1.338542504499999897e+00 2.251305878300000174e+00 1.522328133800000094e+00 5.454733482000000411e-01 7.733250528999999762e-01 -2.667986746000000076e-01 1.823339139629999994e-01
1.413393262105760574e+09 1.346351813100000072e+00 2.262159247000000040e+00 1.525755790500000098e+00 5.476807166999999588e-01 7.745088395000000459e-01 -2.593109816999999984e-01 1.814929884150000006e-01
1.413393262155760288e+09 1.354906718100000074e+00 2.272843331399999833e+00 1.529838226399999890e+00 5.497943467000000473e-01 7.750272065000000099e-01 -2.541662612999999737e-01 1.801624740910000022e-01
1.413393262205760479e+09 1.364077722800000059e+00 2.283176090100000000e+00 1.534358085899999891e+00 5.502924724000000101e-01 7.761403229000000126e-01 -2.495917850999999910e-01 1.802452074379999880e-01
1.413393262255760431e+09 1.373494498999999980e+00 2.293493204099999794e+00 1.539759171200000054e+00 5.509084382000000168e-01 7.767917211000000544e-01 -2.468164656000000068e-01 1.793771084599999899e-01
1.413393262305760622e+09 1.383008672899999958e+00 2.303428962299999938e+00 1.544770938399999904e+00 5.495701065000000440e-01 7.785825330000000211e-01 -2.447267169000000020e-01 1.785798743039999914e-01
1.413393262355760336e+09 1.392948019699999929e+00 2.313343450900000153e+00 1.549664267500000081e+00 5.486580785000000349e-01 7.797409293000000519e-01 -2.425132341000000025e-01 1.793480620369999889e-01
1.413393262405760527e+09 1.402751650299999930e+00 2.323456177899999808e+00 1.554674302800000074e+00 5.487278459000000108e-01 7.800391637000000378e-01 -2.421619240000000006e-01 1.783094411800000001e-01
1.413393262455760479e+09 1.412806100400000098e+00 2.333815294299999898e+00 1.559771423199999951e+00 5.481416403000000104e-01 7.806942189000000143e-01 -2.417304708000000135e-01 1.778304196699999895e-01
1.413393262505760431e+09 1.422957606300000011e+00 2.344389482500000010e+00 1.564324021100000017e+00 5.480027602999999470e-01 7.809263132000000551e-01 -2.412544057999999880e-01 1.778858612939999972e-01
1.413393262555760384e+09 1.433160061799999996e+00 2.355028238400000085e+00 1.566732738000000014e+00 5.475712610999999841e-01 7.813626184999999946e-01 -2.406319547000000114e-01 1.781416146060000039e-01
1.413393262605760574e+09 1.443478645399999927e+00 2.365835945300000187e+00 1.565992006799999947e+00 5.470228779000000374e-01 7.818328357999999589e-01 -2.398435767000000052e-01 1.788251846370000064e-01
1.413393262655760288e+09 1.453809102199999925e+00 2.377036083600000183e+00 1.562697393699999937e+00 5.468019693000000236e-01 7.819794230000000068e-01 -2.398408452000000135e-01 1.788635160650000056e-01
1.413393262705760479e+09 1.463938989599999907e+00 2.388123421700000026e+00 1.556848556400000083e+00 5.470228885000000263e-01 7.818806135000000435e-01 -2.396912023999999974e-01 1.788205610760000008e-01
1.413393262755760431e+09 1.473858591900000015e+00 2.399237740299999810e+00 1.548509870099999963e+00 5.466867989000000483e-01 7.821999457999999628e-01 -2.392271746999999893e-01 1.790730233110000014e-01
1.413393262805760622e+09 1.483617432600000008e+00 2.410598988299999856e+00 1.538673092700000078e+00 5.464175616999999985e-01 7.824623756999999902e-01 -2.392089206999999940e-01 1.787724000760000098e-01
1.413393262855760336e+09 1.493422046500000100e+00 2.422539934800000072e+00 1.528475881399999903e+00 5.463776788999999967e-01 7.825611995000000265e-01 -2.395711718000000101e-01 1.779748707780000050e-01
1.413393262905760527e+09 1.503061769299999906e+00 2.434887674400000090e+00 1.518555246900000100e+00 5.469165247999999702e-01 7.824147523000000159e-01 -2.395811451000000036e-01 1.769472950089999996e-01
1.413393262955760479e+09 1.512684662699999905e+00 2.447411217299999997e+00 1.508992877599999893e+00 5.463516266000000288e-01 7.829314680000000193e-01 -2.406553093000000088e-01 1.749378137779999953e-01
1.413393263005760431e+09 1.522045677799999996e+00 2.459853038099999889e+00 1.499990773299999969e+00 5.464918206000000112e-01 7.830840461000000419e-01 -2.410504658000000022e-01 1.732649404190000075e-01
1.413393263055760384e+09 1.531742355300000025e+00 2.472625797300000094e+00 1.491771949000000097e+00 5.473835256000000316e-01 7.825723541000000338e-01 -2.428141480000000074e-01 1.702735327209999872e-01
1.413393263105760574e+09 1.541756528000000070e+00 2.485563146800000123e+00 1.483801896399999931e+00 5.468026438999999961e-01 7.831999711999999558e-01 -2.437741496999999979e-01 1.678655342729999944e-01
1.413393263155760288e+09 1.552577504000000053e+00 2.499272318800000114e+00 1.477197780800000082e+00 5.476230552999999945e-01 7.827855134000000215e-01 -2.449835847999999872e-01 1.653447082879999919e-01
1.413393263205760479e+09 1.563704206299999955e+00 2.512671786099999860e+00 1.471410187000000036e+00 5.476768751999999685e-01 7.829613090000000497e-01 -2.458623675999999925e-01 1.630132671839999992e-01
1.413393263255760431e+09 1.575392670000000050e+00 2.525842705600000127e+00 1.466697971299999903e+00 5.486857214000000482e-01 7.823538114000000432e-01 -2.463271227000000119e-01 1.618315222470000092e-01
1.413393263305760622e+09 1.587897421899999939e+00 2.539023219699999778e+00 1.462831688899999927e+00 5.495584489999999489e-01 7.818017943999999719e-01 -2.463791673000000071e-01 1.614582650090000127e-01
1.413393263355760336e+09 1.600705385399999958e+00 2.551672820199999858e+00 1.459518622300000068e+00 5.498682371999999985e-01 7.816460323999999682e-01 -2.468176837999999929e-01 1.604849920099999938e-01
1.413393263405760527e+09 1.614324462699999962e+00 2.564230603700000000e+00 1.456316872799999995e+00 5.495996775999999473e-01 7.816148790000000401e-01 -2.480998285999999886e-01 1.595770985770000039e-01
1.413393263455760479e+09 1.628856481999999994e+00 2.576847975899999810e+00 1.451989561600000034e+00 5.493795044000000516e-01 7.816892327000000140e-01 -2.471429169000000092e-01 1.614449820570000027e-01
1.413393263505760431e+09 1.643923196000000031e+00 2.589395476299999999e+00 1.445801548299999961e+00 5.495587999000000057e-01 7.814847629000000184e-01 -2.459772332000000061e-01 1.635906216249999878e-01
1.413393263555760384e+09 1.659634975899999976e+00 2.602000996100000130e+00 1.437711327799999994e+00 5.517281337999999646e-01 7.796660868000000466e-01 -2.446634795000000029e-01 1.669030895979999873e-01
1.413393263605760574e+09 1.675288655399999938e+00 2.614376885099999992e+00 1.427515162499999990e+00 5.545853506000000266e-01 7.775417365000000247e-01 -2.425138349000000026e-01 1.704434708560000067e-01
1.413393263655760288e+09 1.690957607699999921e+00 2.626614479600000163e+00 1.415526790099999932e+00 5.592578338000000482e-01 7.740585666000000531e-01 -2.400637595000000013e-01 1.744517186220000127e-01
1.413393263705760479e+09 1.705931865299999961e+00 2.638459008099999892e+00 1.401910049400000080e+00 5.641326543000000360e-01 7.706477506000000144e-01 -2.380227507999999881e-01 1.766396413690000111e-01
1.413393263755760431e+09 1.719784843300000032e+00 2.649392644300000210e+00 1.386541649800000053e+00 5.676834069999999732e-01 7.689509243000000049e-01 -2.339028160000000134e-01 1.781558252240000029e-01
1.413393263805760622e+09 1.732391898499999972e+00 2.659461779399999948e+00 1.371193364300000050e+00 5.711207512000000541e-01 7.677994575000000044e-01 -2.285885752000000049e-01 1.790316838290000045e-01
1.413393263855760336e+09 1.743442939799999980e+00 2.668505357199999928e+00 1.355932006900000042e+00 5.736227766999999478e-01 7.680359061999999515e-01 -2.231730312999999910e-01 1.768376512719999905e-01
1.413393263905760527e+09 1.753128836499999954e+00 2.676332366300000043e+00 1.341143756699999967e+00 5.755407220999999574e-01 7.689602446000000091e-01 -2.166756079999999918e-01 1.746559486300000019e-01
1.413393263955760479e+09 1.761398339799999935e+00 2.683119679899999888e+00 1.327258282999999928e+00 5.780768386000000314e-01 7.696791664000000033e-01 -2.101429026999999949e-01 1.710587911479999890e-01
1.413393264005760431e+09 1.768374714599999953e+00 2.688762914199999798e+00 1.313708969899999968e+00 5.780338616000000318e-01 7.721438174000000432e-01 -2.043862935000000103e-01 1.670240194600000061e-01
1.413393264055760384e+09 1.773977110099999921e+00 2.693225356700000184e+00 1.301130403900000010e+00 5.772445606999999645e-01 7.748760708999999913e-01 -2.010606555999999989e-01 1.610292042889999997e-01
1.413393264105760574e+09 1.778724841400000090e+00 2.696743672499999800e+00 1.289183703199999975e+00 5.732670090999999468e-01 7.795537313000000523e-01 -1.980949120000000119e-01 1.562668299409999961e-01
1.413393264155760288e+09 1.782769843999999937e+00 2.699293947600000187e+00 1.277926188599999957e+00 5.686600287999999948e-01 7.841306757999999544e-01 -1.969372349000000078e-01 1.515934707709999940e-01
1.413393264205760479e+09 1.786270750399999940e+00 2.701054758699999780e+00 1.266996491900000077e+00 5.630184840999999940e-01 7.891308766000000308e-01 -1.964753016999999935e-01 1.472416448509999976e-01
1.413393264255760431e+09 1.789846909400000019e+00 2.702775749500000213e+00 1.256828883000000063e+00 5.574217412999999954e-01 7.936565288000000384e-01 -1.951430513999999894e-01 1.459777592479999941e-01
1.413393264305760622e+09 1.793248751399999952e+00 2.704387420599999814e+00 1.247175116900000047e+00 5.529571450000000388e-01 7.970533942999999955e-01 -1.955238678000000008e-01 1.439260210340000123e-01
1.413393264355760336e+09 1.797012762600000091e+00 2.706666285399999872e+00 1.237720211799999914e+00 5.486016393000000546e-01 8.000107738999999718e-01 -1.950565840000000051e-01 1.448168916020000085e-01
1.413393264405760527e+09 1.800724409999999942e+00 2.709619663799999856e+00 1.229211226999999962e+00 5.448571076999999541e-01 8.024658149000000185e-01 -1.952170269000000069e-01 1.451539201929999967e-01
1.413393264455760479e+09 1.804613675799999983e+00 2.713983743300000029e+00 1.221854587800000003e+00 5.440020558000000506e-01 8.028487802999999534e-01 -1.957648109000000025e-01 1.455051130860000042e-01
1.413393264505760431e+09 1.808617789499999962e+00 2.719214773500000071e+00 1.214866444100000109e+00 5.436627109999999652e-01 8.026407090999999605e-01 -1.972619012000000061e-01 1.458989067729999922e-01
1.413393264555760384e+09 1.812698850999999944e+00 2.725404638600000151e+00 1.208273374800000077e+00 5.437972508999999732e-01 8.020936346999999467e-01 -1.982618959999999930e-01 1.470461548070000068e-01
1.413393264605760574e+09 1.816627626899999903e+00 2.732727951999999849e+00 1.202651803299999989e+00 5.463599607000000358e-01 7.998800098999999664e-01 -2.001250847000000110e-01 1.470806362869999939e-01
1.413393264655760288e+09 1.820581607100000054e+00 2.740794217299999946e+00 1.197073346000000038e+00 5.476520159000000110e-01 7.984938705999999886e-01 -2.023037929000000013e-01 1.468263717199999874e-01
1.413393264705760479e+09 1.824248890800000078e+00 2.749714425900000148e+00 1.191992029799999964e+00 5.501919927999999738e-01 7.967022928000000448e-01 -2.035637208999999948e-01 1.453135892769999993e-01
1.413393264755760431e+09 1.827650341700000070e+00 2.758922109799999856e+00 1.186377236600000051e+00 5.509584424000000258e-01 7.965920139000000066e-01 -2.036243808000000044e-01 1.429093058800000038e-01
1.413393264805760622e+09 1.831500750800000077e+00 2.768485190099999826e+00 1.180947374000000050e+00 5.525367917000000295e-01 7.957929169999999885e-01 -2.025307141999999894e-01 1.428216963199999967e-01
1.413393264855760336e+09 1.835402392900000068e+00 2.778202219999999834e+00 1.174918459999999998e+00 5.524882566000000050e-01 7.962477215000000053e-01 -2.006080940999999951e-01 1.431875863640000024e-01
1.413393264905760527e+09 1.839644656699999992e+00 2.788180490299999814e+00 1.168794595999999908e+00 5.526208981000000353e-01 7.964043534000000424e-01 -1.987101294999999990e-01 1.444456065140000134e-01
1.413393264955760479e+09 1.843871218000000090e+00 2.798536903300000045e+00 1.162397253600000013e+00 5.519759448000000068e-01 7.969303770000000231e-01 -1.976201427000000010e-01 1.455019236370000135e-01
1.413393265005760431e+09 1.847970481800000009e+00 2.809238062199999941e+00 1.155770708499999966e+00 5.515466990999999819e-01 7.973628401000000254e-01 -1.962047041999999963e-01 1.466712446020000116e-01
1.413393265055760384e+09 1.852069358699999890e+00 2.820441370500000211e+00 1.149652111600000026e+00 5.528227784999999450e-01 7.964439430999999958e-01 -1.951711136000000013e-01 1.482304199870000117e-01
1.413393265105760574e+09 1.856139235799999954e+00 2.832012647700000052e+00 1.143701458600000054e+00 5.542588404999999607e-01 7.953255992000000107e-01 -1.946700312999999904e-01 1.495256093539999998e-01
1.413393265155760288e+09 1.859895672099999953e+00 2.844259071499999791e+00 1.138991493000000021e+00 5.597912886999999449e-01 7.914012997999999577e-01 -1.931009845999999974e-01 1.517554137259999880e-01
1.413393265205760479e+09 1.863355961999999977e+00 2.856802222799999846e+00 1.135318860399999963e+00 5.679293346999999548e-01 7.853161293999999515e-01 -1.920653224999999964e-01 1.544207225460000055e-01
1.413393265255760431e+09 1.866154060099999956e+00 2.868634139900000157e+00 1.131393779199999949e+00 5.745623763999999634e-01 7.802262893000000421e-01 -1.906627402000000138e-01 1.573935597760000027e-01
1.413393265305760622e+09 1.867523986199999930e+00 2.879576928600000141e+00 1.128185669699999893e+00 5.813761920000000138e-01 7.751921648999999803e-01 -1.908565993000000127e-01 1.570114305810000055e-01
1.413393265355760336e+09 1.867760971899999900e+00 2.889099969000000101e+00 1.125312121199999904e+00 5.859962837000000091e-01 7.716149359999999735e-01 -1.945293461000000002e-01 1.528956491519999905e-01
1.413393265405760527e+09 1.867088410100000040e+00 2.896756742400000029e+00 1.122385863699999931e+00 5.869656124000000030e-01 7.706747045999999823e-01 -1.990136714000000084e-01 1.480723748059999956e-01
1.413393265455760479e+09 1.865699654099999938e+00 2.902516022499999959e+00 1.119200037099999934e+00 5.844526652000000544e-01 7.725105260000000307e-01 -2.027868106999999864e-01 1.432483113949999942e-01
1.413393265505760431e+09 1.863986836600000085e+00 2.906507668400000188e+00 1.116729648299999988e+00 5.808080824000000364e-01 7.752565725000000185e-01 -2.066758969999999973e-01 1.375655908300000008e-01
1.413393265555760384e+09 1.862273881699999967e+00 2.908983355500000201e+00 1.114276649200000024e+00 5.760589770999999804e-01 7.793016443000000404e-01 -2.063278023000000017e-01 1.351807681589999866e-01
1.413393265605760574e+09 1.860756343300000060e+00 2.910091466699999962e+00 1.112852834399999935e+00 5.722068958999999566e-01 7.834014497000000299e-01 -2.010007619999999995e-01 1.358680630469999984e-01
1.413393265655760288e+09 1.859250103399999965e+00 2.910175371399999822e+00 1.111621967999999905e+00 5.686874377999999730e-01 7.874806784000000226e-01 -1.932812067999999939e-01 1.382430982839999989e-01
1.413393265705760479e+09 1.857428276700000103e+00 2.910074730899999906e+00 1.111612106699999991e+00 5.669907014999999717e-01 7.906324319999999961e-01 -1.852066709000000089e-01 1.382765013900000006e-01
1.413393265755760431e+09 1.855162998499999993e+00 2.909868224499999823e+00 1.112297359400000074e+00 5.656143589000000027e-01 7.938655165000000347e-01 -1.762742227000000106e-01 1.370596116159999989e-01
1.413393265805760622e+09 1.852638748800000013e+00 2.909579067900000204e+00 1.114292464300000063e+00 5.652945902999999550e-01 7.961846964000000026e-01 -1.678808764999999981e-01 1.354546667579999975e-01
1.413393265855760336e+09 1.849292505400000008e+00 2.909477878500000170e+00 1.117434415600000008e+00 5.653198437999999992e-01 7.985683101999999645e-01 -1.594664403999999924e-01 1.314251976399999911e-01
1.413393265905760527e+09 1.845226972499999896e+00 2.909564114999999784e+00 1.121230673299999925e+00 5.655350087999999609e-01 8.008277485999999445e-01 -1.512036320000000045e-01 1.264220414539999893e-01
1.413393265955760479e+09 1.840398005800000014e+00 2.909722929900000032e+00 1.125993139300000001e+00 5.656507114000000058e-01 8.032031102000000145e-01 -1.429651100999999869e-01 1.202705854399999941e-01
1.413393266005760431e+09 1.834547262799999912e+00 2.910194144200000110e+00 1.131960639299999904e+00 5.668219338000000107e-01 8.050726794000000464e-01 -1.337149122000000079e-01 1.126552198199999993e-01
1.413393266055760384e+09 1.828126656800000083e+00 2.910902688599999788e+00 1.138136489200000101e+00 5.674288570000000087e-01 8.074204645000000458e-01 -1.248725207000000031e-01 1.024867761029999991e-01
1.413393266105760574e+09 1.821466439699999995e+00 2.911917168000000000e+00 1.145192117199999915e+00 5.691898074000000252e-01 8.089586476000000248e-01 -1.129764679999999966e-01 9.404885625879999544e-02
1.413393266155760288e+09 1.814119119099999899e+00 2.912925204700000048e+00 1.152970952800000060e+00 5.710177718000000180e-01 8.105092648999999705e-01 -9.938841210000000370e-02 8.447117390930000691e-02
1.413393266205760479e+09 1.806012378799999984e+00 2.913917137199999896e+00 1.161512569399999917e+00 5.722944769000000154e-01 8.123589748999999749e-01 -8.501529409999999953e-02 7.296798901270000470e-02
1.413393266255760431e+09 1.797506026199999996e+00 2.914601709399999852e+00 1.170828553500000035e+00 5.732548231999999855e-01 8.141758904000000463e-01 -6.923680379999999634e-02 6.085057174649999984e-02
1.413393266305760622e+09 1.788547127900000033e+00 2.914804487400000088e+00 1.181167492399999963e+00 5.747227027000000321e-01 8.153460271000000370e-01 -5.210704490000000327e-02 4.679238141300000320e-02
1.413393266355760336e+09 1.779431051200000002e+00 2.914770454900000196e+00 1.192054807599999933e+00 5.754084835999999648e-01 8.165595782000000247e-01 -3.253080400000000344e-02 3.282192989800000044e-02
1.413393266405760527e+09 1.770202758499999973e+00 2.914978329299999782e+00 1.203478509800000040e+00 5.761545658000000181e-01 8.170543215000000137e-01 -1.262369099999999938e-02 1.757255062140000018e-02
1.413393266455760479e+09 1.760586692900000028e+00 2.914629808599999983e+00 1.215728056699999948e+00 5.757952460999999911e-01 8.175325364000000095e-01 9.908737799999999332e-03 1.484366376909999940e-03
1.413393266505760431e+09 1.750949972499999951e+00 2.914195693699999978e+00 1.229272785700000092e+00 5.759268083999999899e-01 8.167069590000000101e-01 3.217292089999999882e-02 -1.621596704570000061e-02
1.413393266555760384e+09 1.741671404200000106e+00 2.913251567300000122e+00 1.242898207899999941e+00 5.768380641000000475e-01 8.143506474999999689e-01 5.408214609999999894e-02 -3.414662949640000222e-02
1.413393266605760574e+09 1.732689647399999977e+00 2.912434110900000039e+00 1.255317049899999926e+00 5.801208827999999595e-01 8.093831650999999683e-01 7.498711199999999466e-02 -5.230283339860000019e-02
1.413393266655760288e+09 1.724528312099999905e+00 2.911374341900000218e+00 1.264628698199999901e+00 5.812797114000000098e-01 8.052645522000000389e-01 9.413602140000000562e-02 -6.929146831629999503e-02
1.413393266705760479e+09 1.717267992700000079e+00 2.909754785200000082e+00 1.270330512799999978e+00 5.818168392000000466e-01 8.012165084000000270e-01 1.111833267000000014e-01 -8.473216738819999705e-02
1.413393266755760431e+09 1.710913536100000076e+00 2.907485396899999852e+00 1.272624387500000065e+00 5.813286317000000425e-01 7.975821699999999792e-01 1.269193248999999912e-01 -9.905144611850000280e-02
1.413393266805760622e+09 1.705493789799999993e+00 2.904739877399999948e+00 1.273169085799999989e+00 5.805191758000000091e-01 7.940296283000000122e-01 1.411192047000000005e-01 -1.122488573710000020e-01
1.413393266855760336e+09 1.701634912200000072e+00 2.901723733399999894e+00 1.274960566899999925e+00 5.820320181000000481e-01 7.890970446999999721e-01 1.535654093999999914e-01 -1.224019971630000009e-01
1.413393266905760527e+09 1.699156122400000024e+00 2.898793494600000020e+00 1.280981943200000028e+00 5.834459093999999624e-01 7.846461385999999871e-01 1.647325118999999893e-01 -1.295550365719999875e-01
1.413393266955760479e+09 1.698094032500000017e+00 2.895431167399999950e+00 1.289147642999999954e+00 5.789384101000000227e-01 7.852452061000000372e-01 1.734672123999999871e-01 -1.346454966960000110e-01
1.413393267005760431e+09 1.698614292600000075e+00 2.891226342199999966e+00 1.302303397400000007e+00 5.757255067000000004e-01 7.854977697999999675e-01 1.800173985999999893e-01 -1.383008707099999957e-01
1.413393267055760384e+09 1.700124371500000064e+00 2.886870720400000145e+00 1.319572651199999891e+00 5.695082287999999604e-01 7.883618795000000290e-01 1.847714907000000129e-01 -1.414405195940000026e-01
1.413393267105760574e+09 1.703302588699999953e+00 2.881831168999999804e+00 1.338952225899999959e+00 5.680401817000000353e-01 7.884328900999999501e-01 1.876619194999999962e-01 -1.431325736849999863e-01
1.413393267155760288e+09 1.707522479000000093e+00 2.876518892800000060e+00 1.356807680099999969e+00 5.649728339999999793e-01 7.901697064999999576e-01 1.884858761000000049e-01 -1.446050008009999999e-01
1.413393267205760479e+09 1.712355367000000017e+00 2.871413908600000120e+00 1.371807154000000084e+00 5.625006058999999503e-01 7.918239517999999810e-01 1.886907536000000107e-01 -1.449265233129999886e-01
1.413393267255760431e+09 1.717799282200000111e+00 2.866560111100000086e+00 1.383839874400000003e+00 5.611724998999999547e-01 7.928831528999999989e-01 1.874450163999999974e-01 -1.458975569709999864e-01
1.413393267305760622e+09 1.723992854900000093e+00 2.862403912700000053e+00 1.392598761199999924e+00 5.594835566000000426e-01 7.945328875999999596e-01 1.860929987999999924e-01 -1.451379901769999925e-01
1.413393267355760336e+09 1.730649398600000000e+00 2.858806797100000185e+00 1.399442432999999930e+00 5.596632677999999750e-01 7.950034821999999446e-01 1.838546735000000099e-01 -1.447202441419999930e-01
1.413393267405760527e+09 1.737768815799999977e+00 2.855810603700000172e+00 1.403330456599999998e+00 5.601755256999999544e-01 7.952411525999999453e-01 1.825612642999999979e-01 -1.430603871570000074e-01
1.413393267455760479e+09 1.745491852900000085e+00 2.853247496799999894e+00 1.405117812200000094e+00 5.606728783000000105e-01 7.956500611000000278e-01 1.811553760999999874e-01 -1.406045288320000031e-01
1.413393267505760431e+09 1.753941659199999892e+00 2.851161420900000021e+00 1.404538823400000025e+00 5.624876819999999888e-01 7.952558556000000056e-01 1.805753459999999977e-01 -1.362654618549999919e-01
1.413393267555760384e+09 1.762693521299999899e+00 2.849273359800000183e+00 1.401509510699999961e+00 5.632671427000000008e-01 7.955574771000000212e-01 1.804471950000000047e-01 -1.313668007969999996e-01
1.413393267605760574e+09 1.771655522799999938e+00 2.847135684700000002e+00 1.396569283799999894e+00 5.641631568999999624e-01 7.956688296999999688e-01 1.804517674999999988e-01 -1.267604253569999950e-01
1.413393267655760288e+09 1.780879249899999905e+00 2.844538012300000140e+00 1.389790568600000054e+00 5.649934910999999671e-01 7.957223208000000492e-01 1.803241667000000104e-01 -1.228476213389999988e-01
1.413393267705760479e+09 1.790327824300000037e+00 2.841447985099999851e+00 1.380843248299999937e+00 5.660994056999999469e-01 7.954322037000000067e-01 1.802716243999999968e-01 -1.196712734080000035e-01
1.413393267755760431e+09 1.799579051800000107e+00 2.838544108399999821e+00 1.369245019599999891e+00 5.665673046000000435e-01 7.955048523000000094e-01 1.811411243000000115e-01 -1.155915761489999943e-01
1.413393267805760622e+09 1.808307643100000028e+00 2.835047677399999966e+00 1.356908038100000047e+00 5.667634821000000489e-01 7.955131841999999454e-01 1.816884501999999901e-01 -1.136980044180000010e-01
1.413393267855760336e+09 1.816451395200000096e+00 2.831545292299999961e+00 1.344614841699999896e+00 5.682090857999999578e-01 7.944494658999999848e-01 1.835300329000000008e-01 -1.109288415770000036e-01
1.413393267905760527e+09 1.823772155299999920e+00 2.827900423700000054e+00 1.333135540600000057e+00 5.685777343000000261e-01 7.941408393000000121e-01 1.847576348999999951e-01 -1.091984606349999942e-01
1.413393267955760479e+09 1.829953144000000087e+00 2.823925032000000002e+00 1.323214188199999919e+00 5.687843331999999918e-01 7.938317449999999775e-01 1.843820888000000102e-01 -1.109900370509999956e-01
1.413393268005760431e+09 1.835323128500000012e+00 2.819696472299999979e+00 1.314639182899999925e+00 5.675281903000000128e-01 7.946888382000000250e-01 1.820515588999999934e-01 -1.150592612160000056e-01
1.413393268055760384e+09 1.840100764000000000e+00 2.815345218500000080e+00 1.307153101799999995e+00 5.656818173000000005e-01 7.959795960000000115e-01 1.789841936000000078e-01 -1.199384121239999990e-01
1.413393268105760574e+09 1.844878540000000067e+00 2.811108154699999861e+00 1.300491659900000041e+00 5.639956726999999503e-01 7.970313708999999802e-01 1.775175525999999893e-01 -1.230341152690000023e-01
1.413393268155760288e+09 1.849536104100000022e+00 2.806863310999999861e+00 1.294576764100000110e+00 5.614626767999999490e-01 7.986903014999999773e-01 1.755527870999999962e-01 -1.266281321949999927e-01
1.413393268205760479e+09 1.854499056000000090e+00 2.803162351600000157e+00 1.289023792500000098e+00 5.604023420000000533e-01 7.993761472000000534e-01 1.752397169000000088e-01 -1.274285367820000014e-01
1.413393268255760431e+09 1.859617083100000068e+00 2.799852926699999855e+00 1.283394549100000059e+00 5.601538482000000263e-01 7.993877329999999892e-01 1.772591017000000047e-01 -1.256428647770000129e-01
1.413393268305760622e+09 1.864855485399999901e+00 2.797038479699999858e+00 1.278014079300000105e+00 5.604698049999999876e-01 7.991234767999999544e-01 1.802545534999999977e-01 -1.215876739409999935e-01
1.413393268355760336e+09 1.869824064299999922e+00 2.794623047500000013e+00 1.273301441799999933e+00 5.606531643000000065e-01 7.988795137999999962e-01 1.845112523000000115e-01 -1.158237865269999972e-01
1.413393268405760527e+09 1.874465260100000030e+00 2.792296369399999811e+00 1.269487149599999976e+00 5.602655398000000453e-01 7.989127829000000069e-01 1.894683006000000003e-01 -1.092824468540000010e-01
1.413393268455760479e+09 1.878010884400000080e+00 2.790302050399999789e+00 1.267501274200000028e+00 5.604082388000000137e-01 7.986987328000000330e-01 1.916511815999999979e-01 -1.062674204950000006e-01
1.413393268505760431e+09 1.880491771700000037e+00 2.788640342999999966e+00 1.266636975599999992e+00 5.595779191999999957e-01 7.994234033999999545e-01 1.924041098000000005e-01 -1.038047834509999989e-01
1.413393268555760384e+09 1.881371064599999920e+00 2.786991078599999838e+00 1.267651767500000082e+00 5.581636840000000488e-01 8.007176709000000114e-01 1.900725081999999899e-01 -1.057211186900000044e-01
1.413393268605760574e+09 1.881137837800000101e+00 2.785785695800000017e+00 1.270740257299999953e+00 5.582592580999999887e-01 8.011405651999999877e-01 1.863490344000000021e-01 -1.086021773120000034e-01
1.413393268655760288e+09 1.880258819100000034e+00 2.784809244999999933e+00 1.274988815700000000e+00 5.591425331999999582e-01 8.009164144000000540e-01 1.832345747000000136e-01 -1.109847530969999968e-01
1.413393268705760479e+09 1.878903069599999975e+00 2.784116997599999976e+00 1.280458488300000086e+00 5.603103016999999575e-01 8.004524309999999643e-01 1.804477526000000109e-01 -1.129906189939999944e-01
1.413393268755760431e+09 1.877285065799999986e+00 2.783645193999999989e+00 1.286548492599999927e+00 5.600153320999999851e-01 8.010313462999999468e-01 1.774886975999999950e-01 -1.150190085780000010e-01
1.413393268805760622e+09 1.875371027099999921e+00 2.783420244699999824e+00 1.293054016399999950e+00 5.585473362999999747e-01 8.022923118000000464e-01 1.756115172000000113e-01 -1.162433416469999953e-01
1.413393268855760336e+09 1.873436132799999987e+00 2.783896881800000056e+00 1.300271175500000043e+00 5.587915499000000175e-01 8.024851225000000365e-01 1.730614628000000099e-01 -1.175557824760000009e-01
1.413393268905760527e+09 1.871459786700000016e+00 2.784719546299999848e+00 1.306161670799999897e+00 5.576203494999999455e-01 8.034552482000000273e-01 1.717228036000000013e-01 -1.184503637669999943e-01
1.413393268955760479e+09 1.869374843099999906e+00 2.786870421200000170e+00 1.310894885399999987e+00 5.595465946000000024e-01 8.022971736999999770e-01 1.709435729000000070e-01 -1.183433497549999935e-01
1.413393269005760431e+09 1.867659087400000084e+00 2.789273468499999797e+00 1.313105069999999985e+00 5.629326463999999586e-01 8.000964645000000486e-01 1.722741905000000073e-01 -1.152132214750000022e-01
1.413393269055760384e+09 1.865913823799999927e+00 2.791956777199999795e+00 1.312898233200000098e+00 5.665744296000000402e-01 7.975018175000000431e-01 1.755149512999999994e-01 -1.103574584609999937e-01
1.413393269105760574e+09 1.864123800700000055e+00 2.794529637200000138e+00 1.311715735399999971e+00 5.699195203000000376e-01 7.949141230999999808e-01 1.805826526000000043e-01 -1.034078470939999994e-01
1.413393269155760288e+09 1.861392152899999930e+00 2.796348462800000156e+00 1.310954908900000104e+00 5.716397069999999969e-01 7.931147838000000005e-01 1.851517152000000110e-01 -9.957824814679999692e-02
1.413393269205760479e+09 1.857230142799999983e+00 2.797096597899999981e+00 1.311438571200000069e+00 5.742172330000000491e-01 7.902889696999999547e-01 1.886915108999999979e-01 -1.005655383569999950e-01
1.413393269255760431e+09 1.851537576799999973e+00 2.796391762399999870e+00 1.313172199600000090e+00 5.750336661999999599e-01 7.882754664000000133e-01 1.908451500999999995e-01 -1.074067063019999990e-01
1.413393269305760622e+09 1.844975639400000089e+00 2.794573522699999923e+00 1.315590221299999918e+00 5.760949118000000535e-01 7.856990879999999899e-01 1.929837248000000061e-01 -1.163996461030000068e-01
1.413393269355760336e+09 1.837879741300000092e+00 2.792090379399999822e+00 1.318596954800000054e+00 5.788971013000000498e-01 7.815649793000000178e-01 1.951184790000000113e-01 -1.263451951500000059e-01
1.413393269405760527e+09 1.831000231700000036e+00 2.788465063699999913e+00 1.320897678399999942e+00 5.799577585999999840e-01 7.785064283999999502e-01 1.971731915999999918e-01 -1.367460113679999922e-01
1.413393269455760479e+09 1.824827539900000017e+00 2.784127833499999927e+00 1.321138540800000039e+00 5.802073628999999677e-01 7.763781561000000497e-01 1.996619337999999966e-01 -1.439843289559999961e-01
1.413393269505760431e+09 1.819464135500000079e+00 2.779028848099999838e+00 1.318354583300000105e+00 5.785802885999999923e-01 7.759102320999999858e-01 2.012346486000000101e-01 -1.507075894290000051e-01
1.413393269555760384e+09 1.815255714899999928e+00 2.773252310999999803e+00 1.311865493700000052e+00 5.754877659999999562e-01 7.767130518000000539e-01 2.034806188000000127e-01 -1.553264436950000105e-01
1.413393269605760574e+09 1.812168678299999947e+00 2.766981437000000099e+00 1.301681307600000004e+00 5.719262164999999731e-01 7.781948575999999562e-01 2.051288994000000088e-01 -1.588562276609999935e-01
1.413393269655760288e+09 1.810153625899999952e+00 2.760442024200000066e+00 1.288732833599999905e+00 5.694248265000000364e-01 7.791208533000000269e-01 2.061307344999999958e-01 -1.619758725119999909e-01
1.413393269705760479e+09 1.809174757499999897e+00 2.753683365100000113e+00 1.272885309100000084e+00 5.667515022000000346e-01 7.803560335000000459e-01 2.073055374999999978e-01 -1.638951181920000055e-01
1.413393269755760431e+09 1.809330331500000000e+00 2.746823953799999884e+00 1.255607761300000069e+00 5.633138774999999487e-01 7.822962128999999543e-01 2.091678905000000088e-01 -1.641307536730000072e-01
1.413393269805760622e+09 1.810492108400000077e+00 2.740083090200000182e+00 1.237862327099999993e+00 5.596867641999999643e-01 7.845406416000000327e-01 2.114076951999999954e-01 -1.629524289219999866e-01
1.413393269855760336e+09 1.812459943099999915e+00 2.733842950600000155e+00 1.220517043000000079e+00 5.571150899000000267e-01 7.861133300000000546e-01 2.142833188999999916e-01 -1.604096886830000124e-01
1.413393269905760527e+09 1.814978655800000062e+00 2.728121864899999860e+00 1.203566579899999933e+00 5.558145957000000248e-01 7.867249593999999790e-01 2.179790359999999871e-01 -1.569047905529999953e-01
1.413393269955760479e+09 1.818069966699999984e+00 2.722799392100000215e+00 1.186996378099999916e+00 5.547835517000000438e-01 7.872185943999999713e-01 2.218026129000000013e-01 -1.526620329049999947e-01
1.413393270005760431e+09 1.821242318599999965e+00 2.718000647999999853e+00 1.170987563099999962e+00 5.538568352999999611e-01 7.876561888999999983e-01 2.257278638000000115e-01 -1.479434538839999869e-01
1.413393270055760384e+09 1.823818476800000088e+00 2.713411171300000202e+00 1.156308424799999957e+00 5.535842158999999540e-01 7.875292860999999478e-01 2.273417148000000110e-01 -1.471661789360000083e-01
1.413393270105760574e+09 1.826114542000000007e+00 2.708850127299999855e+00 1.141955824500000105e+00 5.512661978999999768e-01 7.889575312000000062e-01 2.280320968000000004e-01 -1.471494339499999915e-01
1.413393270155760288e+09 1.827977145099999978e+00 2.704689833299999790e+00 1.128164766200000058e+00 5.499405322000000540e-01 7.897342876999999817e-01 2.283472273000000108e-01 -1.474540933550000099e-01
1.413393270205760479e+09 1.829334357800000088e+00 2.700889928200000067e+00 1.115007415400000035e+00 5.489975110999999464e-01 7.901069949000000259e-01 2.286344207000000073e-01 -1.485226283290000115e-01
1.413393270255760431e+09 1.830456894599999940e+00 2.697564794199999838e+00 1.102019266499999928e+00 5.480542350999999535e-01 7.906156039999999718e-01 2.287879768999999952e-01 -1.490623481520000071e-01
1.413393270305760622e+09 1.830994639200000051e+00 2.695037285100000179e+00 1.089485442700000029e+00 5.473836397000000353e-01 7.907884819999999593e-01 2.289196501999999911e-01 -1.504012016419999931e-01
1.413393270355760336e+09 1.831175378399999998e+00 2.693664054100000094e+00 1.077383113200000020e+00 5.480111666000000437e-01 7.904299712000000255e-01 2.282634772999999895e-01 -1.509967113950000106e-01
1.413393270405760527e+09 1.830891822099999899e+00 2.693566192100000034e+00 1.066179895999999960e+00 5.473197426000000476e-01 7.914784913000000310e-01 2.256986367999999910e-01 -1.518651457649999870e-01
1.413393270455760479e+09 1.830282857999999901e+00 2.695115351900000178e+00 1.056847816499999926e+00 5.481231676000000164e-01 7.919447711999999528e-01 2.219857910999999961e-01 -1.520091481180000093e-01
1.413393270505760431e+09 1.830192801899999999e+00 2.697062872600000105e+00 1.048010265700000110e+00 5.484338430999999847e-01 7.931238224000000114e-01 2.174483573999999864e-01 -1.512981623659999941e-01
1.413393270555760384e+09 1.830940019800000096e+00 2.699235640800000002e+00 1.038609338599999932e+00 5.488005809999999540e-01 7.947256476999999819e-01 2.133339341000000111e-01 -1.473692636330000139e-01
1.413393270605760574e+09 1.832560709300000035e+00 2.701052534300000030e+00 1.028878943999999906e+00 5.503952898999999732e-01 7.956791539999999996e-01 2.085767575999999957e-01 -1.430225326690000021e-01
1.413393270655760288e+09 1.834802524299999904e+00 2.702766912600000015e+00 1.019385081300000051e+00 5.506321333999999457e-01 7.977808124999999917e-01 2.037268204000000082e-01 -1.372785910409999866e-01
1.413393270705760479e+09 1.836838374100000060e+00 2.706039228899999927e+00 1.011394905299999980e+00 5.534886815999999765e-01 7.981142735999999793e-01 2.003404242999999862e-01 -1.285597140929999882e-01
1.413393270755760431e+09 1.837357305899999904e+00 2.710633745500000025e+00 1.008220556199999951e+00 5.561141966999999520e-01 7.981743839999999590e-01 1.957105910999999976e-01 -1.239032586010000020e-01
1.413393270805760622e+09 1.837354945199999978e+00 2.716069313199999780e+00 1.008356992399999985e+00 5.575907085000000318e-01 7.987754049999999939e-01 1.927619452000000067e-01 -1.178697865860000027e-01
1.413393270855760336e+09 1.836883528900000062e+00 2.721457599799999905e+00 1.013181776699999981e+00 5.595144595000000054e-01 7.988738903000000002e-01 1.900259636999999946e-01 -1.124020025799999933e-01
1.413393270905760527e+09 1.835402044999999926e+00 2.726959557999999895e+00 1.021699912799999943e+00 5.599062044999999488e-01 7.996202004000000363e-01 1.886355188999999932e-01 -1.073741979079999992e-01
1.413393270955760479e+09 1.833383535300000089e+00 2.732470301799999834e+00 1.030476066399999890e+00 5.632972155000000036e-01 7.981996329999999640e-01 1.871606717000000031e-01 -1.026862984979999976e-01
1.413393271005760431e+09 1.830051822599999989e+00 2.738568173900000069e+00 1.039944110500000019e+00 5.637494003999999892e-01 7.985722435000000008e-01 1.869066665999999932e-01 -9.764672824419999564e-02
1.413393271055760384e+09 1.825522908800000010e+00 2.744259619100000158e+00 1.048271941999999957e+00 5.644789387999999963e-01 7.987469294000000275e-01 1.848930809999999869e-01 -9.581972161729999937e-02
1.413393271105760574e+09 1.820005362000000071e+00 2.750027721199999942e+00 1.054203203299999947e+00 5.660574760000000039e-01 7.982438900999999642e-01 1.828773522000000096e-01 -9.455950376760000053e-02
1.413393271155760288e+09 1.813348779800000088e+00 2.755649739099999884e+00 1.057842336900000069e+00 5.677821980999999685e-01 7.975999382999999776e-01 1.799692566999999965e-01 -9.523014478010000117e-02
1.413393271205760479e+09 1.806059836299999999e+00 2.761155076700000155e+00 1.058631911700000039e+00 5.694981274000000537e-01 7.967531919000000462e-01 1.792521143999999955e-01 -9.340724598970000236e-02
1.413393271255760431e+09 1.798130033699999908e+00 2.766169179299999836e+00 1.057312089599999894e+00 5.727823221000000187e-01 7.947622586999999461e-01 1.789213648000000101e-01 -9.088734096820000330e-02
1.413393271305760622e+09 1.789799338099999915e+00 2.770814582499999901e+00 1.053704362499999991e+00 5.760948997000000515e-01 7.928990873000000272e-01 1.787361370999999977e-01 -8.648177416999999756e-02
1.413393271355760336e+09 1.780709225000000062e+00 2.774808242399999791e+00 1.048398926299999978e+00 5.783114155999999895e-01 7.921389142000000438e-01 1.772598901999999921e-01 -8.155230552230000041e-02
1.413393271405760527e+09 1.770530730199999958e+00 2.778153286099999786e+00 1.043586773799999978e+00 5.810214637999999709e-01 7.914248243999999488e-01 1.731269820999999931e-01 -7.802470089139999787e-02
1.413393271455760479e+09 1.759375143900000049e+00 2.780450682800000184e+00 1.039490643900000011e+00 5.825146798000000459e-01 7.920368406000000139e-01 1.658596398000000138e-01 -7.645175425899999877e-02
1.413393271505760431e+09 1.747474707000000071e+00 2.781638924400000157e+00 1.036882284700000101e+00 5.834244106999999513e-01 7.933136427000000435e-01 1.568422493999999945e-01 -7.529893826420000491e-02
1.413393271555760384e+09 1.734630824999999987e+00 2.781755348199999922e+00 1.035346814399999982e+00 5.853802688999999448e-01 7.937411371000000493e-01 1.469026286000000014e-01 -7.566085995530000274e-02
1.413393271605760574e+09 1.721162179900000089e+00 2.780752076499999781e+00 1.034273945000000028e+00 5.868456037999999486e-01 7.941355571999999530e-01 1.389851011000000081e-01 -7.512719711330000105e-02
1.413393271655760288e+09 1.707657126099999978e+00 2.778789157099999851e+00 1.033542752800000075e+00 5.866048144000000075e-01 7.956879216000000143e-01 1.319729612999999968e-01 -7.320287393249999552e-02
1.413393271705760479e+09 1.694380506899999972e+00 2.775804661000000007e+00 1.033298626899999961e+00 5.847866653000000081e-01 7.984506206000000494e-01 1.254276762000000045e-01 -6.905838489109999978e-02
1.413393271755760431e+09 1.681152380699999949e+00 2.772354964399999844e+00 1.033504782599999894e+00 5.804990230000000029e-01 8.030752820000000014e-01 1.182549502999999946e-01 -6.408387082090000186e-02
1.413393271805760622e+09 1.667878562400000098e+00 2.768232929699999900e+00 1.035001178199999927e+00 5.771409602000000527e-01 8.069438838000000391e-01 1.104685732000000031e-01 -5.955312566860000018e-02
1.413393271855760336e+09 1.654351052300000013e+00 2.764117690500000002e+00 1.036790536800000107e+00 5.740604347000000107e-01 8.103946749999999533e-01 1.038130483999999965e-01 -5.420275759689999889e-02
1.413393271905760527e+09 1.640459464599999917e+00 2.760233802900000200e+00 1.039222653099999949e+00 5.743044209000000011e-01 8.112937660000000273e-01 9.783986220000000233e-02 -4.903283267140000345e-02
1.413393271955760479e+09 1.626103407700000059e+00 2.756451021899999798e+00 1.042013021700000097e+00 5.749534967999999635e-01 8.116879162000000258e-01 9.299578379999999533e-02 -4.407933108539999895e-02
1.413393272005760431e+09 1.611058305300000049e+00 2.752970522400000064e+00 1.045719412299999984e+00 5.768157833999999484e-01 8.110492477999999839e-01 8.860745159999999787e-02 -4.039045854170000144e-02
1.413393272055760384e+09 1.595731883800000084e+00 2.749206750099999930e+00 1.049380459200000004e+00 5.768416040999999606e-01 8.115920624000000361e-01 8.500197510000000178e-02 -3.669812299340000084e-02
1.413393272105760574e+09 1.579942394299999942e+00 2.745048211699999907e+00 1.053667814800000047e+00 5.776011394000000188e-01 8.114728466999999723e-01 8.211514200000000208e-02 -3.385035150779999724e-02
1.413393272155760288e+09 1.563861488499999952e+00 2.740874876599999954e+00 1.058456176800000037e+00 5.786147497000000417e-01 8.112681142000000012e-01 7.791138070000000471e-02 -3.128634113929999738e-02
1.413393272205760479e+09 1.547509954699999968e+00 2.736780198399999975e+00 1.064238247900000101e+00 5.812525208000000054e-01 8.099922849999999785e-01 7.167326879999999512e-02 -3.034712241950000139e-02
1.413393272255760431e+09 1.530889907900000013e+00 2.732446883799999782e+00 1.070202014799999990e+00 5.818564788000000210e-01 8.102255788000000125e-01 6.317174000000000400e-02 -3.141465906359999782e-02
1.413393272305760622e+09 1.514673401400000063e+00 2.728035342800000151e+00 1.076601821199999920e+00 5.830793947000000310e-01 8.099857649999999687e-01 5.462506169999999800e-02 -3.094483264559999905e-02
1.413393272355760336e+09 1.498957858800000098e+00 2.723359052600000219e+00 1.082784663500000022e+00 5.835764954000000060e-01 8.102025443000000493e-01 4.611108810000000280e-02 -2.973346326060000155e-02
1.413393272405760527e+09 1.484090781499999956e+00 2.718526378500000007e+00 1.088480721999999901e+00 5.830819247999999844e-01 8.110682558999999792e-01 3.908918740000000280e-02 -2.560837141990000149e-02
1.413393272455760479e+09 1.470085027999999960e+00 2.713874648300000025e+00 1.094405454199999905e+00 5.836560304000000254e-01 8.111027248000000078e-01 3.331165850000000067e-02 -1.866390528619999920e-02
1.413393272505760431e+09 1.456658214499999993e+00 2.709016664600000013e+00 1.100657859700000074e+00 5.840748458000000198e-01 8.111744291000000384e-01 2.667760749999999875e-02 -1.187120254100000084e-02
1.413393272555760384e+09 1.443781652199999987e+00 2.703844977400000182e+00 1.106729629399999970e+00 5.841431443000000279e-01 8.113740096999999540e-01 2.091797310000000076e-02 -3.382546773440000144e-03
1.413393272605760574e+09 1.431261092099999965e+00 2.698612545700000087e+00 1.113193779599999989e+00 5.841786192000000266e-01 8.114610563999999915e-01 1.518230490000000051e-02 5.982670400799999788e-03
1.413393272655760288e+09 1.418763657199999972e+00 2.693206168700000180e+00 1.119846812200000041e+00 5.835993376000000454e-01 8.118654118999999447e-01 8.603972200000000597e-03 1.457181755759999996e-02
1.413393272705760479e+09 1.405965494699999985e+00 2.687382044400000058e+00 1.126409334799999939e+00 5.824716760000000493e-01 8.125098587000000316e-01 1.976316599999999868e-03 2.346423602540000097e-02
1.413393272755760431e+09 1.392567331099999972e+00 2.681497589300000151e+00 1.133222143000000015e+00 5.819411702000000242e-01 8.126153054000000431e-01 -5.867730600000000026e-03 3.108712972840000158e-02
1.413393272805760622e+09 1.378798014400000049e+00 2.675330698599999835e+00 1.140001362500000059e+00 5.811119652999999774e-01 8.127640560000000125e-01 -1.375766450000000078e-02 3.916886128899999681e-02
1.413393272855760336e+09 1.364678262500000017e+00 2.669131996900000026e+00 1.147129706999999943e+00 5.810766612000000109e-01 8.121522997000000244e-01 -2.176693210000000059e-02 4.779912690689999688e-02
1.413393272905760527e+09 1.349734098000000104e+00 2.662866698899999829e+00 1.154647772399999939e+00 5.807889250000000114e-01 8.116365236999999455e-01 -3.090900359999999847e-02 5.454366509749999925e-02
1.413393272955760479e+09 1.334030750699999990e+00 2.656458192500000148e+00 1.162375848800000000e+00 5.798329246000000214e-01 8.114614148000000027e-01 -4.035700600000000082e-02 6.079032708630000004e-02
1.413393273005760431e+09 1.317693683799999960e+00 2.649991233899999798e+00 1.170065236099999906e+00 5.790162932000000318e-01 8.110071611000000402e-01 -5.079703320000000105e-02 6.653704387610000215e-02
1.413393273055760384e+09 1.300605001899999946e+00 2.643476355299999803e+00 1.177630280800000095e+00 5.768723607000000309e-01 8.113531148999999498e-01 -6.308126370000000094e-02 7.032180757610000110e-02
1.413393273105760574e+09 1.283310769100000082e+00 2.637235328900000120e+00 1.184908043699999913e+00 5.737044453999999849e-01 8.121333077000000289e-01 -7.466222699999999768e-02 7.568521481760000225e-02
1.413393273155760288e+09 1.265764628199999908e+00 2.631177953599999952e+00 1.192541903500000000e+00 5.717837857999999995e-01 8.118007915999999602e-01 -8.689568509999999468e-02 8.057243279280000559e-02
1.413393273205760479e+09 1.248308446800000082e+00 2.625389178299999848e+00 1.199710469300000026e+00 5.687611644000000188e-01 8.118976070000000211e-01 -9.912568380000000290e-02 8.664359401599999733e-02
1.413393273255760431e+09 1.231050606099999944e+00 2.620080912100000159e+00 1.206662428300000034e+00 5.648173637000000191e-01 8.123304344999999760e-01 -1.113628284000000024e-01 9.326806119779999793e-02
1.413393273305760622e+09 1.214029833999999974e+00 2.615375771800000138e+00 1.213804820500000048e+00 5.618335587999999658e-01 8.117715291000000555e-01 -1.243666449999999979e-01 9.951368982430000565e-02
1.413393273355760336e+09 1.197397740700000046e+00 2.611080669000000132e+00 1.220744579800000063e+00 5.587853435999999840e-01 8.109565399999999480e-01 -1.361451287000000065e-01 1.075775712620000019e-01
1.413393273405760527e+09 1.181003839199999961e+00 2.607522392199999928e+00 1.228070421099999976e+00 5.584089419000000110e-01 8.080570448999999655e-01 -1.478279332999999918e-01 1.156294422170000002e-01
1.413393273455760479e+09 1.164859718099999997e+00 2.604090419499999864e+00 1.234433871000000016e+00 5.547017649000000050e-01 8.072770594999999494e-01 -1.585051342000000085e-01 1.244420494749999967e-01
1.413393273505760431e+09 1.149197677799999928e+00 2.601557051999999981e+00 1.241815997400000038e+00 5.546432772999999594e-01 8.037040291999999475e-01 -1.690769179999999927e-01 1.335801791909999869e-01
1.413393273555760384e+09 1.133632659799999942e+00 2.599843482699999875e+00 1.249860110900000043e+00 5.557709703000000001e-01 7.991710789999999509e-01 -1.793107857000000027e-01 1.424494899819999938e-01
1.413393273605760574e+09 1.118002139999999978e+00 2.598596926499999960e+00 1.258340707199999908e+00 5.571448663000000412e-01 7.944820236999999841e-01 -1.890858474000000067e-01 1.504475130090000001e-01
1.413393273655760288e+09 1.102309074000000111e+00 2.597526862100000056e+00 1.267235982799999938e+00 5.585548675999999491e-01 7.894648449000000179e-01 -1.994199409999999895e-01 1.580930284319999879e-01
1.413393273705760479e+09 1.086633203299999906e+00 2.596389562000000151e+00 1.276329337299999978e+00 5.589962130000000196e-01 7.850246245999999983e-01 -2.089907084000000026e-01 1.660796688279999878e-01
1.413393273755760431e+09 1.070639652000000108e+00 2.595221992199999939e+00 1.285463126000000011e+00 5.586611130999999952e-01 7.812979934999999543e-01 -2.181512820000000019e-01 1.728618647980000034e-01
1.413393273805760622e+09 1.054753865099999910e+00 2.593774912899999840e+00 1.294249845800000021e+00 5.571223671999999683e-01 7.779154641000000092e-01 -2.283414253000000116e-01 1.797842933970000001e-01
1.413393273855760336e+09 1.038520174499999893e+00 2.591909113799999886e+00 1.302825617699999938e+00 5.546352513000000206e-01 7.752177883999999963e-01 -2.397512957000000056e-01 1.842184432960000118e-01
1.413393273905760527e+09 1.022128614399999913e+00 2.589814258200000108e+00 1.311324959700000070e+00 5.513707250999999587e-01 7.731435172999999716e-01 -2.508523079000000156e-01 1.879163241859999889e-01
1.413393273955760479e+09 1.006320747099999968e+00 2.587540179499999926e+00 1.320008430799999966e+00 5.476746997000000450e-01 7.707620351999999730e-01 -2.621541557000000022e-01 1.930116761200000031e-01
1.413393274005760431e+09 9.907360121999999603e-01 2.585268153499999944e+00 1.329013844699999947e+00 5.436836089000000038e-01 7.687483117000000199e-01 -2.726432986999999808e-01 1.977366892680000043e-01
1.413393274055760384e+09 9.756530652999999553e-01 2.582918250600000132e+00 1.338405227400000008e+00 5.400439519999999938e-01 7.665320599999999596e-01 -2.826400566000000225e-01 2.022269254690000073e-01
1.413393274105760574e+09 9.615725502999999952e-01 2.580474267600000093e+00 1.348350321400000107e+00 5.370952155999999533e-01 7.632990066000000517e-01 -2.930325792999999845e-01 2.074494235419999943e-01
1.413393274155760288e+09 9.480929823999999506e-01 2.578143183099999902e+00 1.358785767999999949e+00 5.349649750999999620e-01 7.594786059999999450e-01 -3.028321411000000074e-01 2.128318978540000017e-01
1.413393274205760479e+09 9.352004817000000303e-01 2.575700631000000129e+00 1.369456002099999958e+00 5.330120511999999477e-01 7.556529561000000506e-01 -3.123901457000000104e-01 2.174837006770000136e-01
1.413393274255760431e+09 9.231402963999999489e-01 2.573162291300000071e+00 1.380113869000000104e+00 5.300518868000000383e-01 7.522253534999999713e-01 -3.219880815000000229e-01 2.225436814339999958e-01
1.413393274305760622e+09 9.120332916000000179e-01 2.570539846800000028e+00 1.391200811999999898e+00 5.277441388000000400e-01 7.482705271999999797e-01 -3.307706543000000221e-01 2.284034071569999991e-01
1.413393274355760336e+09 9.016473318000000070e-01 2.567736659199999938e+00 1.402299052799999890e+00 5.249934832999999523e-01 7.448766105999999887e-01 -3.389008814000000203e-01 2.338522398229999910e-01
1.413393274405760527e+09 8.924224574000000354e-01 2.564677337500000043e+00 1.413290956099999995e+00 5.218884835000000555e-01 7.411463954000000465e-01 -3.472078557000000121e-01 2.403770710710000091e-01
1.413393274455760479e+09 8.839585474000000165e-01 2.561283109800000179e+00 1.423034614000000087e+00 5.193205244999999914e-01 7.368932919999999775e-01 -3.556485730000000234e-01 2.465939205169999926e-01
1.413393274505760431e+09 8.757571189999999728e-01 2.557269157599999954e+00 1.430560003000000080e+00 5.171475334999999784e-01 7.321959171999999905e-01 -3.638512462999999864e-01 2.531004503429999941e-01
1.413393274555760384e+09 8.682330812999999869e-01 2.553037302499999939e+00 1.435200588200000071e+00 5.140093267999999993e-01 7.278856767000000394e-01 -3.731156789999999779e-01 2.583825528140000216e-01
1.413393274605760574e+09 8.612811454000000033e-01 2.548424623599999883e+00 1.437047915700000011e+00 5.112770840000000483e-01 7.230470253999999874e-01 -3.816633872999999899e-01 2.648240951199999915e-01
1.413393274655760288e+09 8.549866190999999560e-01 2.543672923699999977e+00 1.436244980799999960e+00 5.076217026999999549e-01 7.187874382000000173e-01 -3.903931244000000134e-01 2.706622138579999892e-01
1.413393274705760479e+09 8.498657969999999784e-01 2.538829469399999983e+00 1.433523870599999972e+00 5.043066647999999708e-01 7.141311715000000504e-01 -3.985210371999999834e-01 2.772587972219999752e-01
1.413393274755760431e+09 8.454867375000000296e-01 2.533602317200000176e+00 1.429077944899999952e+00 5.013577221999999667e-01 7.092981735000000176e-01 -4.048962575000000230e-01 2.856493587110000010e-01
1.413393274805760622e+09 8.417444295999999548e-01 2.528081211299999964e+00 1.424289121399999969e+00 4.993513256000000067e-01 7.037440714999999569e-01 -4.103948425999999761e-01 2.949044059450000033e-01
1.413393274855760336e+09 8.382540996999999772e-01 2.522115718899999859e+00 1.419890250199999926e+00 4.971094803000000173e-01 6.982272966000000469e-01 -4.157609794000000081e-01 3.041440691339999947e-01
1.413393274905760527e+09 8.348390468999999925e-01 2.515908899799999876e+00 1.416382947700000061e+00 4.948665204000000095e-01 6.925306035999999610e-01 -4.208976649000000236e-01 3.136138482579999831e-01
1.413393274955760479e+09 8.311104056000000462e-01 2.509703325399999851e+00 1.413521815399999992e+00 4.926749604999999810e-01 6.872265440999999475e-01 -4.261270287999999740e-01 3.215693016200000254e-01
1.413393275005760431e+09 8.271807385999999651e-01 2.503431216500000112e+00 1.411564947900000089e+00 4.909030121999999885e-01 6.810180541999999448e-01 -4.321700551000000057e-01 3.293291454339999924e-01
1.413393275055760384e+09 8.224874776999999693e-01 2.497153095799999889e+00 1.409957172099999934e+00 4.884058987000000074e-01 6.756132341999999680e-01 -4.386583118999999864e-01 3.355373619290000220e-01
1.413393275105760574e+09 8.170477580999999656e-01 2.490661344299999858e+00 1.408480441500000069e+00 4.856308154999999793e-01 6.702420065999999954e-01 -4.450451697000000206e-01 3.418671679840000199e-01
1.413393275155760288e+09 8.108878864999999880e-01 2.483841835399999809e+00 1.407070229599999944e+00 4.824494398999999989e-01 6.648828802999999787e-01 -4.524160052999999793e-01 3.471210906680000097e-01
1.413393275205760479e+09 8.039831782999999898e-01 2.476952529000000069e+00 1.405568479800000103e+00 4.789901791000000242e-01 6.598154945999999965e-01 -4.605729539999999789e-01 3.508339714559999822e-01
1.413393275255760431e+09 7.965602349000000526e-01 2.469678903900000222e+00 1.404708511399999971e+00 4.750080658999999983e-01 6.545070294999999483e-01 -4.690589005999999950e-01 3.549248279589999888e-01
1.413393275305760622e+09 7.885815443000000480e-01 2.461941158400000162e+00 1.403892004200000043e+00 4.696137168000000250e-01 6.496263188999999993e-01 -4.781010654000000248e-01 3.589818575100000020e-01
1.413393275355760336e+09 7.802609275999999872e-01 2.454165786899999979e+00 1.403521171099999965e+00 4.655915112999999828e-01 6.436880498000000506e-01 -4.872781990999999757e-01 3.625606097629999747e-01
1.413393275405760527e+09 7.717779653999999878e-01 2.445973551599999851e+00 1.403440695700000074e+00 4.610758019999999791e-01 6.374891114999999830e-01 -4.966772513000000111e-01 3.665084522000000011e-01
1.413393275455760479e+09 7.630511947000000461e-01 2.437573491200000220e+00 1.404077225900000059e+00 4.573145364999999796e-01 6.306523989000000219e-01 -5.056793917999999888e-01 3.707146061200000120e-01
1.413393275505760431e+09 7.540641809000000473e-01 2.428678961000000136e+00 1.405492573200000095e+00 4.531414930000000063e-01 6.243162661000000169e-01 -5.138196335000000392e-01 3.753416729469999935e-01
1.413393275555760384e+09 7.448506549000000199e-01 2.419244697699999946e+00 1.407322466499999924e+00 4.486409731000000067e-01 6.178057480999999962e-01 -5.218485593999999672e-01 3.804095370510000018e-01
1.413393275605760574e+09 7.354273046999999508e-01 2.409420623599999978e+00 1.409923659599999990e+00 4.453725646999999732e-01 6.102040295999999753e-01 -5.302710363000000537e-01 3.848466563510000160e-01
1.413393275655760288e+09 7.258623145999999471e-01 2.399038296000000070e+00 1.412992834600000025e+00 4.412790389999999840e-01 6.036711732999999747e-01 -5.377509915000000529e-01 3.894583359959999935e-01
1.413393275705760479e+09 7.164207675999999525e-01 2.387810950300000012e+00 1.416974999100000021e+00 4.371320186000000052e-01 5.963339799000000330e-01 -5.452355021000000468e-01 3.949932024849999723e-01
1.413393275755760431e+09 7.064965849000000020e-01 2.375856798600000097e+00 1.420601412399999930e+00 4.297637898000000178e-01 5.917772860000000135e-01 -5.533500199999999980e-01 3.986307616420000088e-01
1.413393275805760622e+09 6.961218960999999705e-01 2.363812058100000169e+00 1.424302005699999985e+00 4.217333527000000082e-01 5.890256938000000275e-01 -5.620769113000000372e-01 3.990729971040000157e-01
1.413393275855760336e+09 6.859276161999999788e-01 2.351546926000000148e+00 1.428567326500000068e+00 4.146353868000000054e-01 5.864869780000000477e-01 -5.712755803000000299e-01 3.971834991879999999e-01
1.413393275905760527e+09 6.762873805000000349e-01 2.339134606200000022e+00 1.433363310100000065e+00 4.084323948999999954e-01 5.847525439999999852e-01 -5.801644301999999698e-01 3.932641287490000193e-01
1.413393275955760479e+09 6.680704698999999636e-01 2.326165906299999975e+00 1.438569685400000076e+00 4.031760468999999736e-01 5.834195447000000145e-01 -5.875597151000000462e-01 3.896720303369999860e-01
1.413393276005760431e+09 6.615971865999999979e-01 2.312575088800000067e+00 1.443741592200000090e+00 3.993462278000000087e-01 5.820417613999999684e-01 -5.930214208999999848e-01 3.873958861580000246e-01
1.413393276055760384e+09 6.570507753000000006e-01 2.298080025700000029e+00 1.449079165299999916e+00 3.959987153999999787e-01 5.817073188000000394e-01 -5.936006466000000037e-01 3.904355069139999745e-01
1.413393276105760574e+09 6.550836381000000319e-01 2.282638677100000013e+00 1.455787497400000019e+00 3.943786678000000268e-01 5.814746984999999979e-01 -5.885163745000000501e-01 4.000013977860000236e-01
1.413393276155760288e+09 6.540954310000000049e-01 2.266930552699999879e+00 1.462837538700000106e+00 3.932842724999999762e-01 5.814666726999999646e-01 -5.819659356999999922e-01 4.105357952750000039e-01
1.413393276205760479e+09 6.538417514000000041e-01 2.251632412999999833e+00 1.470343478300000006e+00 3.927809871999999869e-01 5.817310886000000014e-01 -5.749317776000000269e-01 4.204348792989999750e-01
1.413393276255760431e+09 6.538105218999999968e-01 2.237224534800000164e+00 1.477692016700000055e+00 3.926458366000000200e-01 5.822085326000000505e-01 -5.690932921000000366e-01 4.277794951330000095e-01
1.413393276305760622e+09 6.536811031999999466e-01 2.223829577800000123e+00 1.484459522799999931e+00 3.920405167000000080e-01 5.832882460999999630e-01 -5.642975091999999915e-01 4.331828440830000071e-01
1.413393276355760336e+09 6.534447581000000227e-01 2.211829804000000177e+00 1.490298557200000040e+00 3.924164840000000098e-01 5.841987919000000140e-01 -5.618994537000000511e-01 4.347298914669999736e-01
1.413393276405760527e+09 6.529202772000000099e-01 2.201136534699999814e+00 1.493935419500000084e+00 3.936237016999999949e-01 5.848128500999999480e-01 -5.607527678999999488e-01 4.342932707359999922e-01
1.413393276455760479e+09 6.523246687999999516e-01 2.191633411999999836e+00 1.495153844200000082e+00 3.950661044000000066e-01 5.853473917999999498e-01 -5.608587816000000226e-01 4.321210839199999820e-01
1.413393276505760431e+09 6.522174494000000378e-01 2.183314913099999810e+00 1.493554473099999891e+00 3.967275161000000105e-01 5.859656519999999480e-01 -5.624162156999999995e-01 4.277143121970000128e-01
1.413393276555760384e+09 6.520628431999999641e-01 2.175758908300000183e+00 1.489004952399999970e+00 3.983366834000000023e-01 5.863011646000000354e-01 -5.656439670999999780e-01 4.214566804680000001e-01
1.413393276605760574e+09 6.517647639000000437e-01 2.168690267500000157e+00 1.482949853200000057e+00 4.003042659000000114e-01 5.862820412000000481e-01 -5.683475295000000038e-01 4.159458480880000031e-01
1.413393276655760288e+09 6.521072819000000020e-01 2.161796219899999816e+00 1.476783527400000073e+00 4.011670641000000259e-01 5.870319855000000198e-01 -5.706184274000000167e-01 4.109173213819999892e-01
1.413393276705760479e+09 6.534548846000000077e-01 2.154927578400000154e+00 1.471236780599999960e+00 4.024566251000000205e-01 5.871303627999999719e-01 -5.720273402000000118e-01 4.075430333989999987e-01
1.413393276755760431e+09 6.555016707999999914e-01 2.147838168199999842e+00 1.465606430400000049e+00 4.014081380999999782e-01 5.887565583999999630e-01 -5.723966149000000447e-01 4.057084381220000258e-01
1.413393276805760622e+09 6.584762355000000067e-01 2.140782667999999944e+00 1.461285096999999977e+00 4.025525142999999972e-01 5.886192527000000396e-01 -5.727097452999999616e-01 4.043295639510000039e-01
1.413393276855760336e+09 6.623946876999999844e-01 2.133396853499999857e+00 1.457643591699999908e+00 4.025814705999999910e-01 5.888516754999999492e-01 -5.723441231000000462e-01 4.044799976419999887e-01
1.413393276905760527e+09 6.671285829999999972e-01 2.125826709300000061e+00 1.454527314399999938e+00 4.027945380999999880e-01 5.892702888999999944e-01 -5.716384459000000140e-01 4.046561179850000078e-01
1.413393276955760479e+09 6.727339043000000185e-01 2.118249643199999976e+00 1.451957534900000013e+00 4.031613698000000023e-01 5.895667486000000235e-01 -5.705830296999999662e-01 4.053479556840000053e-01
1.413393277005760431e+09 6.792289930999999559e-01 2.110531798399999825e+00 1.449529714799999924e+00 4.028714083000000112e-01 5.896818621999999621e-01 -5.705894865999999732e-01 4.054596989200000001e-01
1.413393277055760384e+09 6.864377162999999449e-01 2.102999598999999886e+00 1.447490113299999992e+00 4.028084778000000088e-01 5.897257196999999840e-01 -5.703835822999999694e-01 4.057480435340000136e-01
1.413393277105760574e+09 6.943048635999999885e-01 2.095576459100000122e+00 1.445889603299999937e+00 4.027006828999999954e-01 5.897716915999999809e-01 -5.699734895000000412e-01 4.063640401840000194e-01
1.413393277155760288e+09 7.029319313999999874e-01 2.088178413200000083e+00 1.445126363199999986e+00 4.035090789999999927e-01 5.889187488999999553e-01 -5.697166420999999481e-01 4.071585417649999927e-01
1.413393277205760479e+09 7.121093385000000220e-01 2.080877739099999957e+00 1.445145029799999925e+00 4.046815924000000120e-01 5.877823028999999977e-01 -5.691267734999999606e-01 4.084598987790000191e-01
1.413393277255760431e+09 7.218540146999999907e-01 2.073540374099999806e+00 1.445951288500000098e+00 4.060359374999999993e-01 5.867945853999999573e-01 -5.676795843999999924e-01 4.105445425989999730e-01
1.413393277305760622e+09 7.318502856999999917e-01 2.066135008099999837e+00 1.447152040600000023e+00 4.063528416000000143e-01 5.861901845000000444e-01 -5.668750876000000494e-01 4.122027059030000107e-01
1.413393277355760336e+09 7.420929835999999780e-01 2.058627623700000076e+00 1.448755862100000069e+00 4.058158499000000252e-01 5.858644571000000134e-01 -5.659114538999999722e-01 4.145124367590000136e-01
1.413393277405760527e+09 7.523692013999999650e-01 2.051435969299999940e+00 1.450665268699999899e+00 4.054116084000000120e-01 5.859567111000000272e-01 -5.654307261000000029e-01 4.154326113469999915e-01
1.413393277455760479e+09 7.627660978000000425e-01 2.044348892899999992e+00 1.452913771600000015e+00 4.046848793999999749e-01 5.859814733000000553e-01 -5.656782767000000378e-01 4.157691049259999994e-01
1.413393277505760431e+09 7.731668288999999916e-01 2.037550926100000215e+00 1.455607630899999894e+00 4.033930050999999795e-01 5.865311269999999855e-01 -5.653916944000000333e-01 4.166383952659999945e-01
1.413393277555760384e+09 7.836614819999999648e-01 2.031363191800000134e+00 1.459000281000000010e+00 4.040313496999999865e-01 5.859236228999999962e-01 -5.657516984999999554e-01 4.163858693709999725e-01
1.413393277605760574e+09 7.945303088999999819e-01 2.025515071400000089e+00 1.463123571799999967e+00 4.070948112000000174e-01 5.831431053000000198e-01 -5.658347348000000165e-01 4.171917860889999830e-01
1.413393277655760288e+09 8.052209897000000005e-01 2.019782333199999780e+00 1.465942425900000012e+00 4.092412037000000002e-01 5.806204407999999706e-01 -5.669404286000000459e-01 4.171092078479999854e-01
1.413393277705760479e+09 8.162482745000000373e-01 2.013983781699999920e+00 1.467260850599999999e+00 4.122494640000000099e-01 5.762454154999999689e-01 -5.689027392000000072e-01 4.175419426959999791e-01
1.413393277755760431e+09 8.277266067999999866e-01 2.007542063299999846e+00 1.466216633399999969e+00 4.140125236000000153e-01 5.711153584999999477e-01 -5.712453717000000042e-01 4.196422320550000085e-01
1.413393277805760622e+09 8.387426923999999895e-01 2.000673243400000079e+00 1.463254301999999951e+00 4.146580193000000136e-01 5.659374106000000237e-01 -5.744249625999999775e-01 4.216746809549999919e-01
1.413393277855760336e+09 8.493290554000000325e-01 1.993193779699999890e+00 1.457839653299999982e+00 4.137684522000000253e-01 5.608187556999999490e-01 -5.781490974999999866e-01 4.242895383140000143e-01
1.413393277905760527e+09 8.592095351999999853e-01 1.984962095800000048e+00 1.449901426899999901e+00 4.125318626999999738e-01 5.548902495999999962e-01 -5.816462748999999821e-01 4.284879041240000075e-01
1.413393277955760479e+09 8.681456035000000293e-01 1.976003738900000029e+00 1.441525773199999971e+00 4.112109126999999864e-01 5.480086254999999573e-01 -5.857909483000000028e-01 4.329446806939999948e-01
1.413393278005760431e+09 8.761398824999999668e-01 1.966173545400000000e+00 1.433825133700000087e+00 4.095119561000000186e-01 5.402557101999999611e-01 -5.909942957999999580e-01 4.372064361040000069e-01
1.413393278055760384e+09 8.827879902999999917e-01 1.955366005499999948e+00 1.426612423299999932e+00 4.051777207999999741e-01 5.336529531000000492e-01 -5.975211805000000265e-01 4.404701795309999834e-01
1.413393278105760574e+09 8.881936916999999543e-01 1.943528572600000004e+00 1.419942712499999926e+00 3.980528740000000010e-01 5.281186534999999793e-01 -6.049100067999999553e-01 4.435408448340000254e-01
1.413393278155760288e+09 8.926975797999999740e-01 1.930904809000000055e+00 1.414444225100000008e+00 3.910784802999999754e-01 5.217740151999999965e-01 -6.123800044999999637e-01 4.469901894120000274e-01
1.413393278205760479e+09 8.962811753999999631e-01 1.917634264399999955e+00 1.410068259200000007e+00 3.841109321999999771e-01 5.154166678999999585e-01 -6.200957338999999457e-01 4.497618603610000210e-01
1.413393278255760431e+09 8.992355117000000453e-01 1.903407990500000091e+00 1.406571132400000090e+00 3.767110747999999898e-01 5.083605275000000479e-01 -6.288337898000000425e-01 4.519141567130000037e-01
1.413393278305760622e+09 9.016655802999999914e-01 1.888898231400000016e+00 1.404275357099999955e+00 3.719469765999999789e-01 5.000773304000000197e-01 -6.388956256000000167e-01 4.509883478050000227e-01
1.413393278355760336e+09 9.034869212999999677e-01 1.873803362799999928e+00 1.402869508300000012e+00 3.683081223999999931e-01 4.925538982000000066e-01 -6.482388500000000331e-01 4.489166710829999851e-01
1.413393278405760527e+09 9.052592217999999580e-01 1.857742980999999904e+00 1.402257777200000000e+00 3.656914770999999953e-01 4.854911306999999954e-01 -6.572172232999999864e-01 4.456833259519999979e-01
1.413393278455760479e+09 9.066235808000000507e-01 1.840332909000000017e+00 1.401717367700000105e+00 3.629901162999999986e-01 4.796396445000000175e-01 -6.653169677000000393e-01 4.421960191739999768e-01
1.413393278505760431e+09 9.083218978000000554e-01 1.821171056300000091e+00 1.401963863800000043e+00 3.607881267999999975e-01 4.752642208999999784e-01 -6.714871738000000034e-01 4.393868720149999851e-01
1.413393278555760384e+09 9.103718954999999724e-01 1.799988859900000016e+00 1.402639961099999999e+00 3.588188576999999935e-01 4.716028293000000260e-01 -6.768697780000000330e-01 4.366773435660000202e-01
1.413393278605760574e+09 9.125152621000000019e-01 1.776455943600000031e+00 1.404316601899999961e+00 3.577880582999999892e-01 4.684200970999999880e-01 -6.802120138999999677e-01 4.357544425379999975e-01
1.413393278655760288e+09 9.147141005000000158e-01 1.750796703600000059e+00 1.405514981999999913e+00 3.557845290000000160e-01 4.675169198999999942e-01 -6.816787337999999918e-01 4.360727030989999808e-01
1.413393278705760479e+09 9.176263526000000281e-01 1.722292849500000056e+00 1.406906301800000092e+00 3.517385221000000062e-01 4.687239652999999895e-01 -6.796053349999999771e-01 4.412645974850000208e-01
1.413393278755760431e+09 9.209213214000000480e-01 1.691354116699999910e+00 1.409416817699999935e+00 3.454902700999999965e-01 4.726844767999999752e-01 -6.732416274000000422e-01 4.516099753100000225e-01
1.413393278805760622e+09 9.243870489000000079e-01 1.659131236999999981e+00 1.412328045600000026e+00 3.406806746000000108e-01 4.758508147000000132e-01 -6.661686696999999935e-01 4.623007501649999962e-01
1.413393278855760336e+09 9.282320692000000095e-01 1.626112693600000103e+00 1.416144164599999922e+00 3.353589178999999976e-01 4.796938957999999920e-01 -6.600845658999999754e-01 4.708678459999999788e-01
1.413393278905760527e+09 9.317840979000000523e-01 1.593405218300000037e+00 1.420576279999999914e+00 3.314986134999999834e-01 4.829794146999999982e-01 -6.553590858000000186e-01 4.768060641840000113e-01
1.413393278955760479e+09 9.354662863999999578e-01 1.561132703399999988e+00 1.425485319899999936e+00 3.287069150999999967e-01 4.854216310999999728e-01 -6.521127177000000108e-01 4.806938811850000048e-01
1.413393279005760431e+09 9.391813058000000325e-01 1.529789587600000056e+00 1.431532235599999980e+00 3.264514900000000108e-01 4.879208176000000008e-01 -6.498429022999999694e-01 4.827700309249999822e-01
1.413393279055760384e+09 9.428259328000000439e-01 1.499475917200000064e+00 1.437727348999999988e+00 3.253769329000000265e-01 4.901362678000000250e-01 -6.485071487000000356e-01 4.830473771200000099e-01
1.413393279105760574e+09 9.467379860000000313e-01 1.469968278300000097e+00 1.443831377400000004e+00 3.238336656999999952e-01 4.924314947000000275e-01 -6.478906795000000107e-01 4.825770895650000059e-01
1.413393279155760288e+09 9.508687139999999482e-01 1.441501415200000080e+00 1.448352778699999899e+00 3.240501839000000106e-01 4.936875868999999750e-01 -6.475596538000000235e-01 4.815916731820000241e-01
1.413393279205760479e+09 9.551854394000000026e-01 1.413909763799999997e+00 1.449843340599999975e+00 3.229385174000000136e-01 4.961162982000000277e-01 -6.470395160999999895e-01 4.805405262049999848e-01
1.413393279255760431e+09 9.599374207999999964e-01 1.387359418600000005e+00 1.448431649800000054e+00 3.218876206999999878e-01 4.985089569000000220e-01 -6.474593115000000232e-01 4.781983055699999818e-01
1.413393279305760622e+09 9.650599636000000148e-01 1.361756321599999930e+00 1.444378072899999976e+00 3.210266254999999957e-01 5.006837849999999923e-01 -6.483642425000000209e-01 4.752698834599999866e-01
1.413393279355760336e+09 9.705214054999999895e-01 1.337178349800000055e+00 1.439347374800000079e+00 3.196608800999999889e-01 5.033836058999999752e-01 -6.497134329999999514e-01 4.714809879310000174e-01
1.413393279405760527e+09 9.763772030999999796e-01 1.313540933699999913e+00 1.434253454200000055e+00 3.176862993999999829e-01 5.064831314000000084e-01 -6.512887949000000232e-01 4.673041390459999889e-01
1.413393279455760479e+09 9.837097152999999539e-01 1.290381564300000061e+00 1.429879688600000032e+00 3.171902819999999901e-01 5.084469659999999447e-01 -6.510967787000000451e-01 4.657735421329999848e-01
1.413393279505760431e+09 9.923044672999999927e-01 1.268041499500000002e+00 1.426384370999999929e+00 3.179341593000000188e-01 5.093860601999999904e-01 -6.504647209999999680e-01 4.651229501260000232e-01
1.413393279555760384e+09 1.002177566699999911e+00 1.246645971399999997e+00 1.423904822399999937e+00 3.195149130000000115e-01 5.101237824000000032e-01 -6.487107246000000105e-01 4.656805157730000144e-01
1.413393279605760574e+09 1.013270837499999910e+00 1.225998926499999975e+00 1.422411124499999957e+00 3.216141949999999916e-01 5.105174891999999520e-01 -6.456384996999999792e-01 4.680674423480000179e-01
1.413393279655760288e+09 1.025449396299999982e+00 1.206299885700000019e+00 1.421774396300000021e+00 3.244148326999999887e-01 5.101026871999999601e-01 -6.423708187000000125e-01 4.710732385779999865e-01
1.413393279705760479e+09 1.038325940400000036e+00 1.187651771100000087e+00 1.420879204000000007e+00 3.266154203000000145e-01 5.104080278000000526e-01 -6.398323013000000170e-01 4.726739241569999916e-01
1.413393279755760431e+09 1.052081654900000052e+00 1.169873346699999983e+00 1.420240505400000020e+00 3.291762604999999842e-01 5.098161439999999711e-01 -6.375986781000000381e-01 4.745507502399999855e-01
1.413393279805760622e+09 1.066008040999999906e+00 1.153067979700000079e+00 1.418840219600000063e+00 3.321547451999999900e-01 5.088538655000000022e-01 -6.357359235999999747e-01 4.760050464860000052e-01
1.413393279855760336e+09 1.080159222700000088e+00 1.137420596399999928e+00 1.416574074799999972e+00 3.358697216000000041e-01 5.079662396999999885e-01 -6.338030881999999755e-01 4.769229233419999825e-01
1.413393279905760527e+09 1.094281110999999918e+00 1.122497636799999920e+00 1.413862142499999974e+00 3.386163537999999917e-01 5.067804393000000518e-01 -6.328404152000000060e-01 4.775202196159999968e-01
1.413393279955760479e+09 1.108149834800000066e+00 1.108622602799999912e+00 1.411932368500000035e+00 3.422727727000000053e-01 5.052863482999999656e-01 -6.316874730000000548e-01 4.780230033330000183e-01
1.413393280005760431e+09 1.121492798200000029e+00 1.095837456499999973e+00 1.410122202699999994e+00 3.447510212000000074e-01 5.052141208999999522e-01 -6.313057024999999545e-01 4.768212824690000184e-01
1.413393280055760384e+09 1.134358388199999901e+00 1.083798160199999971e+00 1.408741661499999909e+00 3.466648097000000206e-01 5.050694058000000375e-01 -6.312171924999999684e-01 4.757029125850000262e-01
1.413393280105760574e+09 1.146694457900000019e+00 1.072995015799999896e+00 1.408433474399999996e+00 3.505089259999999984e-01 5.042808952999999761e-01 -6.316928900999999597e-01 4.730838867950000193e-01
1.413393280155760288e+09 1.158465286900000057e+00 1.062847682999999988e+00 1.409131787900000043e+00 3.547963571000000149e-01 5.031486719000000107e-01 -6.323834275999999921e-01 4.701618438729999738e-01
1.413393280205760479e+09 1.169556382799999961e+00 1.053102337599999938e+00 1.410868191700000107e+00 3.599198583000000062e-01 5.015060962999999816e-01 -6.326831325999999756e-01 4.676124300599999728e-01
1.413393280255760431e+09 1.179900799099999897e+00 1.043360908199999937e+00 1.412579341600000093e+00 3.632765626000000192e-01 5.010728220000000288e-01 -6.339223649999999877e-01 4.637872370519999787e-01
1.413393280305760622e+09 1.189691489000000102e+00 1.033248270300000105e+00 1.415218003499999933e+00 3.663017733000000220e-01 5.004201741999999564e-01 -6.337935818000000054e-01 4.622860108069999918e-01
1.413393280355760336e+09 1.198731721099999925e+00 1.022852308000000043e+00 1.418781557199999988e+00 3.702751570999999742e-01 4.991837301000000005e-01 -6.334558231000000372e-01 4.609182485430000087e-01
1.413393280405760527e+09 1.207064169499999950e+00 1.011994478200000103e+00 1.423411168799999960e+00 3.754163424999999998e-01 4.967086384000000132e-01 -6.329269135999999740e-01 4.601593423909999814e-01
1.413393280455760479e+09 1.214461423299999954e+00 1.000630460100000008e+00 1.428527008000000098e+00 3.811642489000000023e-01 4.937029334999999963e-01 -6.339026334999999790e-01 4.573168267589999836e-01
1.413393280505760431e+09 1.220726478700000062e+00 9.883167860999999554e-01 1.433858150600000103e+00 3.851629048999999916e-01 4.925616266999999771e-01 -6.344169162999999667e-01 4.544752544599999777e-01
1.413393280555760384e+09 1.225717017100000028e+00 9.745092019000000105e-01 1.437239272900000087e+00 3.846501278000000190e-01 4.939467151999999972e-01 -6.368193704000000288e-01 4.500244562530000270e-01
1.413393280605760574e+09 1.229684290200000030e+00 9.595199671999999902e-01 1.438976290500000088e+00 3.851535737999999820e-01 4.948731312999999910e-01 -6.384068904999999905e-01 4.463114950709999862e-01
1.413393280655760288e+09 1.232631728000000093e+00 9.432444611000000423e-01 1.438202943400000100e+00 3.851480579000000071e-01 4.959901228999999967e-01 -6.403411051999999826e-01 4.422872828500000186e-01
1.413393280705760479e+09 1.234665497399999978e+00 9.255122862000000339e-01 1.435266296500000038e+00 3.857655736000000224e-01 4.959868877999999981e-01 -6.424629248000000015e-01 4.386608253340000263e-01
1.413393280755760431e+09 1.235845997099999982e+00 9.064968906000000493e-01 1.430016952599999946e+00 3.874045248999999913e-01 4.955385753000000060e-01 -6.446770711000000542e-01 4.344545183899999885e-01
1.413393280805760622e+09 1.236120365000000110e+00 8.857479912000000288e-01 1.422255637699999964e+00 3.886367669999999941e-01 4.953678606999999956e-01 -6.469941468000000029e-01 4.300822246359999879e-01
1.413393280855760336e+09 1.236057143100000033e+00 8.628558063000000278e-01 1.412683425300000017e+00 3.880756211999999983e-01 4.959786285000000183e-01 -6.494655283000000390e-01 4.261420419499999945e-01
1.413393280905760527e+09 1.235880807700000084e+00 8.375656711000000199e-01 1.403427774300000097e+00 3.873048224000000261e-01 4.973710466999999857e-01 -6.496048545000000507e-01 4.250065286299999912e-01
1.413393280955760479e+09 1.235677673200000104e+00 8.098581032999999652e-01 1.395002607799999961e+00 3.858571160000000000e-01 4.992736998999999787e-01 -6.487844732999999975e-01 4.253454665799999979e-01
1.413393281005760431e+09 1.236486388699999939e+00 7.791872278999999457e-01 1.389119845600000014e+00 3.806492161999999735e-01 5.030177529999999564e-01 -6.465257873999999960e-01 4.290497880249999896e-01
1.413393281055760384e+09 1.238083872500000071e+00 7.465307347999999843e-01 1.385502309800000109e+00 3.742580811999999812e-01 5.084352412000000543e-01 -6.419660085999999710e-01 4.350909537220000178e-01
1.413393281105760574e+09 1.239519243399999970e+00 7.126798999000000245e-01 1.383796120500000004e+00 3.681359599999999843e-01 5.128254123000000053e-01 -6.387019164999999665e-01 4.399384881060000030e-01
1.413393281155760288e+09 1.241950884099999985e+00 6.777841046999999453e-01 1.383725050800000078e+00 3.625921328999999749e-01 5.163961631000000274e-01 -6.351615833000000544e-01 4.454567443249999870e-01
1.413393281205760479e+09 1.244517460600000014e+00 6.430581846999999796e-01 1.385136746899999993e+00 3.591304368000000080e-01 5.188926788000000068e-01 -6.321968782000000342e-01 4.495584772840000021e-01
1.413393281255760431e+09 1.247546103699999964e+00 6.083919425999999575e-01 1.387090794999999988e+00 3.551885732999999767e-01 5.212589576999999696e-01 -6.301075333000000223e-01 4.528737935709999940e-01
1.413393281305760622e+09 1.251010846000000010e+00 5.743337375000000522e-01 1.390241896000000033e+00 3.523270023999999778e-01 5.226776647999999970e-01 -6.283842455000000493e-01 4.558585110680000163e-01
1.413393281355760336e+09 1.255140491499999955e+00 5.410729938999999655e-01 1.394430368399999898e+00 3.504090377999999895e-01 5.231861378000000062e-01 -6.274403020000000053e-01 4.580485114780000200e-01
1.413393281405760527e+09 1.259830221499999903e+00 5.086953672999999787e-01 1.398697183099999908e+00 3.486023576000000235e-01 5.236976694999999626e-01 -6.262824340000000545e-01 4.604209597080000105e-01
1.413393281455760479e+09 1.265029244800000008e+00 4.773325896000000235e-01 1.403122880600000011e+00 3.479703813000000201e-01 5.226465726000000256e-01 -6.268782743999999907e-01 4.612816958420000168e-01
1.413393281505760431e+09 1.270607257300000015e+00 4.468681427000000261e-01 1.407344130900000101e+00 3.466639059000000134e-01 5.219963998000000105e-01 -6.275593863999999744e-01 4.620747898879999926e-01
1.413393281555760384e+09 1.276677210199999912e+00 4.175490391000000190e-01 1.411842071899999995e+00 3.463335504999999759e-01 5.209549883999999853e-01 -6.283184634999999796e-01 4.624660855080000021e-01
1.413393281605760574e+09 1.283528592699999971e+00 3.890670152999999853e-01 1.416599525000000082e+00 3.463062527999999918e-01 5.191168161000000447e-01 -6.287277954000000113e-01 4.639946873360000223e-01
1.413393281655760288e+09 1.290909504200000057e+00 3.613607447000000139e-01 1.422063354999999918e+00 3.462507052000000085e-01 5.170962611999999625e-01 -6.282754113999999834e-01 4.668960410779999792e-01
1.413393281705760479e+09 1.298574847200000049e+00 3.349540731000000271e-01 1.428188781300000043e+00 3.473576279000000211e-01 5.146676546999999768e-01 -6.280162766000000341e-01 4.691006714040000247e-01
1.413393281755760431e+09 1.306653746500000102e+00 3.093197505999999986e-01 1.434956997000000012e+00 3.480519800999999913e-01 5.120032744000000413e-01 -6.268979888000000278e-01 4.729813715410000063e-01
1.413393281805760622e+09 1.314964277499999890e+00 2.847443331000000244e-01 1.442550639500000065e+00 3.498091535999999779e-01 5.087060417000000001e-01 -6.246278075000000207e-01 4.782173369230000026e-01
1.413393281855760336e+09 1.322981070800000047e+00 2.618714133999999749e-01 1.450892674399999915e+00 3.549523948000000151e-01 5.034327173000000544e-01 -6.244646306000000147e-01 4.802168485939999898e-01
1.413393281905760527e+09 1.330133723100000109e+00 2.397913271999999874e-01 1.458729208000000055e+00 3.567675988999999825e-01 4.999622243999999882e-01 -6.251226033000000237e-01 4.816392688989999948e-01
1.413393281955760479e+09 1.336122405400000046e+00 2.189145583000000062e-01 1.466587759799999890e+00 3.583528069999999954e-01 4.972816943000000212e-01 -6.277887588999999657e-01 4.797660433829999960e-01
1.413393282005760431e+09 1.341164685000000079e+00 1.986589651000000012e-01 1.474096543599999976e+00 3.571477974999999749e-01 4.964271049999999796e-01 -6.312983825000000326e-01 4.769359836400000052e-01
1.413393282055760384e+09 1.345555212200000073e+00 1.790970490999999887e-01 1.482193424899999945e+00 3.562820623999999881e-01 4.956565480999999829e-01 -6.356456233999999705e-01 4.725910704210000146e-01
1.413393282105760574e+09 1.349383042399999955e+00 1.599993610000000066e-01 1.490556023599999946e+00 3.561345170999999921e-01 4.947261271000000238e-01 -6.400757102999999892e-01 4.676722677440000031e-01
1.413393282155760288e+09 1.352944905900000050e+00 1.411385088999999871e-01 1.499562194199999920e+00 3.574770354999999844e-01 4.927357116000000148e-01 -6.447381440999999658e-01 4.623141929649999815e-01
1.413393282205760479e+09 1.356526887200000031e+00 1.220554997000000003e-01 1.508766630600000047e+00 3.578985759000000155e-01 4.920178892000000026e-01 -6.481139441000000057e-01 4.580123595539999926e-01
1.413393282255760431e+09 1.360166673299999962e+00 1.024192277000000040e-01 1.518352039600000092e+00 3.582858783999999797e-01 4.912304827999999790e-01 -6.511608507999999684e-01 4.542173362160000227e-01
1.413393282305760622e+09 1.363998592399999987e+00 8.175920550000000120e-02 1.528342056500000101e+00 3.576250668000000021e-01 4.913063951000000151e-01 -6.522028483999999793e-01 4.531597755730000232e-01
1.413393282355760336e+09 1.368275084700000033e+00 6.011765730000000196e-02 1.538989766899999889e+00 3.559898119000000083e-01 4.926455257999999837e-01 -6.497367676999999953e-01 4.565235728020000106e-01
1.413393282405760527e+09 1.372689745600000011e+00 3.792511850000000045e-02 1.549975561199999907e+00 3.539112743000000227e-01 4.942122689999999818e-01 -6.463696410999999475e-01 4.612020491520000265e-01
1.413393282455760479e+09 1.377163808900000008e+00 1.545729879999999980e-02 1.560623034900000095e+00 3.507029497999999967e-01 4.966793714000000137e-01 -6.419754535999999678e-01 4.671023014049999755e-01
1.413393282505760431e+09 1.381424251199999897e+00 -6.639370300000000009e-03 1.569895732700000046e+00 3.480302440999999969e-01 4.991343993999999840e-01 -6.388988494999999768e-01 4.706889212939999734e-01
1.413393282555760384e+09 1.385993889999999951e+00 -2.833276360000000146e-02 1.577064052099999891e+00 3.461247742999999932e-01 5.009074960999999604e-01 -6.360728836000000275e-01 4.740259568260000167e-01
1.413393282605760574e+09 1.390891738499999919e+00 -4.928059619999999863e-02 1.581283207300000049e+00 3.449712245000000066e-01 5.022657137999999577e-01 -6.330621517000000198e-01 4.774477135110000159e-01
1.413393282655760288e+09 1.395862800800000025e+00 -6.923339059999999989e-02 1.583081484600000088e+00 3.446704058000000237e-01 5.031737105000000376e-01 -6.303967742999999624e-01 4.802274829250000043e-01
1.413393282705760479e+09 1.400715965999999923e+00 -8.794015149999999392e-02 1.582947059999999961e+00 3.453251118999999814e-01 5.037787743999999623e-01 -6.280946964000000410e-01 4.821354228490000171e-01
1.413393282755760431e+09 1.405226619700000068e+00 -1.049881242000000048e-01 1.582644265099999892e+00 3.485814289999999982e-01 5.042146712999999725e-01 -6.256089030999999467e-01 4.825681847939999880e-01
1.413393282805760622e+09 1.409169849700000032e+00 -1.203076467000000066e-01 1.582493375499999910e+00 3.548982124000000238e-01 5.042543409999999948e-01 -6.231032961000000370e-01 4.811622395240000016e-01
1.413393282855760336e+09 1.412101724600000052e+00 -1.339881804999999981e-01 1.582503753299999927e+00 3.611431260999999893e-01 5.064238009000000540e-01 -6.207114726000000360e-01 4.773131509579999765e-01
1.413393282905760527e+09 1.414037947900000036e+00 -1.467506630000000034e-01 1.582298933399999941e+00 3.645894820999999730e-01 5.112770603999999830e-01 -6.192350167000000294e-01 4.714003300719999956e-01
1.413393282955760479e+09 1.415076329099999919e+00 -1.586012665000000044e-01 1.582281425499999949e+00 3.668377386000000184e-01 5.184257214999999919e-01 -6.170205684999999773e-01 4.647047050829999915e-01
1.413393283005760431e+09 1.415701069200000051e+00 -1.697344375000000016e-01 1.582289777800000019e+00 3.683325411000000216e-01 5.266163314999999789e-01 -6.150300261000000157e-01 4.568855933900000110e-01
1.413393283055760384e+09 1.416188737699999978e+00 -1.801948542000000042e-01 1.582950470299999912e+00 3.692852148999999917e-01 5.359979389000000261e-01 -6.116192338999999478e-01 4.497294211960000121e-01
1.413393283105760574e+09 1.416601762300000011e+00 -1.897706878000000041e-01 1.584132855500000048e+00 3.711784112000000024e-01 5.455536871999999704e-01 -6.068688616999999841e-01 4.430665255299999772e-01
1.413393283155760288e+09 1.417209383599999928e+00 -1.988668774000000028e-01 1.586090959000000078e+00 3.736772312000000151e-01 5.549236960000000218e-01 -6.001417875000000235e-01 4.384687599500000088e-01
1.413393283205760479e+09 1.418193726399999965e+00 -2.071303499000000103e-01 1.588382700099999933e+00 3.769600047000000176e-01 5.638860673000000157e-01 -5.932184385000000004e-01 4.336191211179999949e-01
1.413393283255760431e+09 1.420063662700000062e+00 -2.146967391000000058e-01 1.590766992700000104e+00 3.799030744999999931e-01 5.734875927999999456e-01 -5.851119327999999564e-01 4.294527458749999860e-01
1.413393283305760622e+09 1.422406571200000025e+00 -2.212268393000000055e-01 1.593366524799999961e+00 3.842393070999999827e-01 5.819329586999999471e-01 -5.776355524999999824e-01 4.243245868780000096e-01
1.413393283355760336e+09 1.425355142699999966e+00 -2.266099461999999953e-01 1.596028993500000048e+00 3.882539608000000197e-01 5.907208357000000021e-01 -5.696867732000000517e-01 4.192430519600000016e-01
1.413393283405760527e+09 1.429016831800000054e+00 -2.305974811000000013e-01 1.598466169099999945e+00 3.937641583000000001e-01 5.990334936000000221e-01 -5.612316242999999538e-01 4.136758694429999994e-01
1.413393283455760479e+09 1.433533886800000046e+00 -2.336935576999999986e-01 1.600092105799999942e+00 3.990593148000000090e-01 6.069798584000000163e-01 -5.533033202999999567e-01 4.076549404520000142e-01
1.413393283505760431e+09 1.438430846199999946e+00 -2.357628290999999876e-01 1.600166221899999908e+00 4.047496604999999970e-01 6.148532356000000476e-01 -5.450111831999999712e-01 4.013676882500000209e-01
1.413393283555760384e+09 1.443990439000000015e+00 -2.364788515000000035e-01 1.598720813999999990e+00 4.117698865000000152e-01 6.219496257000000083e-01 -5.368609907000000403e-01 3.942137749599999852e-01
1.413393283605760574e+09 1.449880270199999988e+00 -2.366884080999999973e-01 1.594251104000000030e+00 4.179163733999999852e-01 6.284515965000000426e-01 -5.295144814000000144e-01 3.873098366959999983e-01
1.413393283655760288e+09 1.456361374499999917e+00 -2.361052120999999893e-01 1.586120354399999988e+00 4.245577849000000126e-01 6.348391664000000434e-01 -5.206193237999999779e-01 3.816876207320000214e-01
1.413393283705760479e+09 1.462800763800000015e+00 -2.347732965999999866e-01 1.576137649699999921e+00 4.323744608000000267e-01 6.403347013000000310e-01 -5.115784354000000311e-01 3.759139534859999854e-01
1.413393283755760431e+09 1.469675046199999890e+00 -2.328534985000000057e-01 1.564751756800000004e+00 4.398582299000000084e-01 6.453984971999999765e-01 -5.015220017999999502e-01 3.721037476810000189e-01
1.413393283805760622e+09 1.477027112200000047e+00 -2.298449602000000036e-01 1.552944240800000042e+00 4.473033060000000116e-01 6.507002103000000259e-01 -4.919464319999999891e-01 3.667392763380000198e-01
1.413393283855760336e+09 1.484149347700000066e+00 -2.264267034000000123e-01 1.540939498199999980e+00 4.535328455000000036e-01 6.567858833999999923e-01 -4.815931183000000115e-01 3.619507284619999932e-01
1.413393283905760527e+09 1.490943852500000055e+00 -2.224378768999999978e-01 1.529266707199999908e+00 4.585787271999999803e-01 6.634939251000000482e-01 -4.714356752000000150e-01 3.566928181549999799e-01
1.413393283955760479e+09 1.497370580199999912e+00 -2.177553999000000073e-01 1.517994435799999930e+00 4.630000753999999885e-01 6.709450046999999584e-01 -4.611065663999999731e-01 3.504917477899999745e-01
1.413393284005760431e+09 1.503037932300000046e+00 -2.123521053000000103e-01 1.507204404399999920e+00 4.657096414999999934e-01 6.794576126000000382e-01 -4.520355318000000011e-01 3.422218000550000250e-01
1.413393284055760384e+09 1.508335871799999950e+00 -2.060893390999999908e-01 1.497442328600000039e+00 4.697145059000000233e-01 6.867628501000000441e-01 -4.424119648000000016e-01 3.346591161249999891e-01
1.413393284105760574e+09 1.513290515200000019e+00 -1.989172931000000033e-01 1.488442553999999918e+00 4.733260763000000093e-01 6.945995882000000066e-01 -4.321278320999999978e-01 3.267405304420000212e-01
1.413393284155760288e+09 1.518139671399999946e+00 -1.908029290999999905e-01 1.480548213899999910e+00 4.781302928000000230e-01 7.012999433000000060e-01 -4.216204607999999854e-01 3.190705246059999944e-01
1.413393284205760479e+09 1.523138482600000065e+00 -1.819190011000000051e-01 1.473591371799999994e+00 4.827515827000000148e-01 7.076294899999999721e-01 -4.111133797000000034e-01 3.117646601599999845e-01
1.413393284255760431e+09 1.528032291699999989e+00 -1.719753138000000015e-01 1.467823648600000030e+00 4.878400540000000229e-01 7.139625141000000008e-01 -3.990741193999999825e-01 3.049745193599999737e-01
1.413393284305760622e+09 1.532563863400000059e+00 -1.612355423999999871e-01 1.462823844399999906e+00 4.930422624999999948e-01 7.199513150999999889e-01 -3.875567342999999831e-01 2.972864089500000251e-01
1.413393284355760336e+09 1.536910599400000077e+00 -1.495710728000000100e-01 1.458705287099999914e+00 4.994335265000000024e-01 7.248455317999999981e-01 -3.755091258000000098e-01 2.900999896600000016e-01
1.413393284405760527e+09 1.540680878599999915e+00 -1.370226286000000016e-01 1.454909906299999944e+00 5.058600320999999678e-01 7.297875763000000182e-01 -3.632444710000000132e-01 2.820800873529999975e-01
1.413393284455760479e+09 1.543999341299999939e+00 -1.238470621000000021e-01 1.451539518799999984e+00 5.120317180000000246e-01 7.346036573999999986e-01 -3.503710725999999998e-01 2.746290184169999926e-01
1.413393284505760431e+09 1.546518210799999959e+00 -1.102020840000000057e-01 1.448252771099999947e+00 5.181227098999999781e-01 7.393119152999999555e-01 -3.377688224000000017e-01 2.662310499730000113e-01
1.413393284555760384e+09 1.548279642300000036e+00 -9.613438920000000332e-02 1.444936087299999894e+00 5.225281859999999501e-01 7.450506936999999885e-01 -3.252859806999999770e-01 2.570073722630000224e-01
1.413393284605760574e+09 1.549071300200000056e+00 -8.179958219999999836e-02 1.441896572399999910e+00 5.270501720000000390e-01 7.502987451000000529e-01 -3.131901556000000197e-01 2.473496223980000130e-01
1.413393284655760288e+09 1.549064720100000070e+00 -6.713636000000000603e-02 1.438796416600000017e+00 5.311282792000000530e-01 7.557037826000000402e-01 -3.028111754000000211e-01 2.347763534339999958e-01
1.413393284705760479e+09 1.548331400099999922e+00 -5.236150330000000075e-02 1.435696722499999911e+00 5.340689521999999467e-01 7.618278507000000310e-01 -2.931980059000000027e-01 2.200536512790000065e-01
1.413393284755760431e+09 1.547470643000000035e+00 -3.721682979999999669e-02 1.433269581400000048e+00 5.376075106000000048e-01 7.670514232999999793e-01 -2.836726682999999860e-01 2.052805294599999997e-01
1.413393284805760622e+09 1.546787435599999982e+00 -2.201425200000000151e-02 1.431142024399999935e+00 5.410938316000000192e-01 7.721725385000000053e-01 -2.725950615000000132e-01 1.914653196920000078e-01
1.413393284855760336e+09 1.546343455799999989e+00 -6.913997699999999656e-03 1.428910768499999984e+00 5.440210692000000403e-01 7.774417914000000263e-01 -2.604559653999999891e-01 1.782919718900000117e-01
1.413393284905760527e+09 1.546375483899999903e+00 7.916352899999999637e-03 1.427161139499999898e+00 5.468919987999999455e-01 7.822496091999999734e-01 -2.478294756999999959e-01 1.660579464130000071e-01
1.413393284955760479e+09 1.547086295800000011e+00 2.276819100000000012e-02 1.425775565399999945e+00 5.498165224000000073e-01 7.866848856999999473e-01 -2.341915246000000062e-01 1.548644957430000135e-01
1.413393285005760431e+09 1.548543879699999959e+00 3.767469870000000193e-02 1.424721175700000009e+00 5.528853192999999555e-01 7.906910346000000089e-01 -2.205975850000000127e-01 1.430462055070000071e-01
1.413393285055760384e+09 1.551037429700000025e+00 5.243902990000000319e-02 1.423865488599999951e+00 5.553797029000000496e-01 7.945088880999999770e-01 -2.067387287999999934e-01 1.325447482519999942e-01
1.413393285105760574e+09 1.554420739100000004e+00 6.730496480000000559e-02 1.423750201200000065e+00 5.582523414000000184e-01 7.976690977000000515e-01 -1.933815855999999889e-01 1.211688749050000014e-01
1.413393285155760288e+09 1.558902551999999941e+00 8.206145519999999416e-02 1.424054769000000054e+00 5.611330134999999997e-01 8.004555909999999663e-01 -1.790456900000000073e-01 1.111000849249999950e-01
1.413393285205760479e+09 1.564199627300000062e+00 9.662239420000000301e-02 1.424397652699999961e+00 5.632221507000000349e-01 8.032863454999999986e-01 -1.654906694999999928e-01 1.006215407049999983e-01
1.413393285255760431e+09 1.570426803799999993e+00 1.110721677000000018e-01 1.424794672200000001e+00 5.658447197000000539e-01 8.053178807999999966e-01 -1.520203357000000088e-01 9.040288488629999453e-02
1.413393285305760622e+09 1.577548832600000006e+00 1.253020022000000122e-01 1.425146682100000062e+00 5.675800954999999925e-01 8.076558727999999521e-01 -1.380431413000000052e-01 8.055381660629999663e-02
1.413393285355760336e+09 1.585730218599999963e+00 1.394586533000000128e-01 1.425687449700000053e+00 5.699006004000000125e-01 8.090862783000000169e-01 -1.244977758000000018e-01 7.136528384059999397e-02
1.413393285405760527e+09 1.594704423899999890e+00 1.534172827999999988e-01 1.426175889400000063e+00 5.713254450000000428e-01 8.108762563000000423e-01 -1.104713603000000016e-01 6.215312940730000069e-02
1.413393285455760479e+09 1.604478414499999950e+00 1.674886264000000069e-01 1.426741442400000004e+00 5.723638756000000161e-01 8.125427774000000269e-01 -9.652690880000000528e-02 5.344515572360000050e-02
1.413393285505760431e+09 1.615094896100000010e+00 1.814444597000000048e-01 1.427380357299999902e+00 5.736544329999999636e-01 8.136899731000000191e-01 -8.276339019999999491e-02 4.449090173269999726e-02
1.413393285555760384e+09 1.626503642599999910e+00 1.953444061999999870e-01 1.428228629499999958e+00 5.750052189000000036e-01 8.145091534999999716e-01 -6.764159290000000546e-02 3.699259473370000023e-02
1.413393285605760574e+09 1.638512041999999891e+00 2.092551941000000137e-01 1.429387099099999947e+00 5.767066779999999726e-01 8.147035464999999865e-01 -5.286838209999999982e-02 2.953765473260000149e-02
1.413393285655760288e+09 1.650858222899999950e+00 2.228968872000000045e-01 1.430983272400000006e+00 5.792490418000000307e-01 8.139801787999999538e-01 -3.745878119999999922e-02 2.244227664719999904e-02
1.413393285705760479e+09 1.663682861999999929e+00 2.365094776999999981e-01 1.432860557099999932e+00 5.813996156999999831e-01 8.131575183999999457e-01 -2.173880539999999834e-02 1.663615058620000059e-02
1.413393285755760431e+09 1.676808913599999951e+00 2.498507644000000083e-01 1.434992875300000081e+00 5.835869710000000099e-01 8.119148972999999936e-01 -4.470759799999999770e-03 1.415835507659999985e-02
1.413393285805760622e+09 1.689568438900000080e+00 2.625304933000000007e-01 1.437742554399999984e+00 5.850477593999999781e-01 8.108525074000000332e-01 1.130575059999999916e-02 1.046472726999999985e-02
1.413393285855760336e+09 1.701785177200000110e+00 2.745905303999999769e-01 1.440976187900000038e+00 5.854394869000000279e-01 8.103535867000000170e-01 2.388709309999999947e-02 4.132609178640000124e-03
1.413393285905760527e+09 1.713631839799999890e+00 2.862477227999999929e-01 1.444586788699999902e+00 5.842817389000000139e-01 8.109268788000000283e-01 3.147779130000000203e-02 -4.647098543340000276e-03
1.413393285955760479e+09 1.725109247400000045e+00 2.975412809999999908e-01 1.448337091800000032e+00 5.831970176999999866e-01 8.113491599000000054e-01 3.792051290000000158e-02 -1.248254496630000002e-02
1.413393286005760431e+09 1.736570821699999989e+00 3.086673253000000172e-01 1.452144705000000036e+00 5.821371743000000043e-01 8.117844130000000380e-01 4.177933009999999781e-02 -1.941300511519999938e-02
1.413393286055760384e+09 1.748022380299999901e+00 3.197871060999999959e-01 1.455777375899999893e+00 5.802860475000000129e-01 8.128277927999999486e-01 4.385877490000000128e-02 -2.560254426289999830e-02
1.413393286105760574e+09 1.759501070700000058e+00 3.311029910000000132e-01 1.459704167199999958e+00 5.791139728999999958e-01 8.134337052000000234e-01 4.477479270000000316e-02 -3.078687428389999953e-02
1.413393286155760288e+09 1.771228275399999941e+00 3.427407533999999867e-01 1.464077644200000083e+00 5.792293670999999478e-01 8.131878920999999760e-01 4.519523069999999837e-02 -3.429553277990000232e-02
1.413393286205760479e+09 1.783326040599999995e+00 3.544506902999999820e-01 1.468435154200000037e+00 5.790939670000000428e-01 8.132049459000000313e-01 4.503255069999999999e-02 -3.633129022460000052e-02
1.413393286255760431e+09 1.795950604299999975e+00 3.663865504000000106e-01 1.472076781900000020e+00 5.798520180999999774e-01 8.126488374000000459e-01 4.494136759999999703e-02 -3.679371709829999670e-02
1.413393286305760622e+09 1.809115158100000009e+00 3.780983432999999727e-01 1.473511730900000094e+00 5.799701649999999820e-01 8.126188504000000368e-01 4.412891699999999667e-02 -3.657663655440000078e-02
1.413393286355760336e+09 1.822770810299999988e+00 3.896096002000000169e-01 1.472582821400000075e+00 5.807013560999999546e-01 8.122061204999999617e-01 4.392852170000000056e-02 -3.431381539210000275e-02
1.413393286405760527e+09 1.836876476100000044e+00 4.009127757000000014e-01 1.469495781200000017e+00 5.814691508999999536e-01 8.117894185999999790e-01 4.356461159999999722e-02 -3.152286438609999686e-02
1.413393286455760479e+09 1.851263580499999950e+00 4.116332131000000061e-01 1.462860405700000088e+00 5.823392590999999507e-01 8.113318564999999483e-01 4.270074919999999885e-02 -2.825335267920000074e-02
1.413393286505760431e+09 1.865583748299999955e+00 4.213801399000000059e-01 1.453322561600000062e+00 5.826971528000000067e-01 8.112374063999999718e-01 4.084655830000000210e-02 -2.625751694019999929e-02
1.413393286555760384e+09 1.879753345699999967e+00 4.310665773999999839e-01 1.443141946899999972e+00 5.829728362999999636e-01 8.112091681999999970e-01 3.838280270000000299e-02 -2.468031808890000164e-02
1.413393286605760574e+09 1.893733862499999976e+00 4.403617938000000120e-01 1.433646741100000011e+00 5.819699899000000398e-01 8.120766314999999791e-01 3.548182670000000344e-02 -2.415606301140000092e-02
1.413393286655760288e+09 1.907989371600000039e+00 4.495187994000000020e-01 1.425727422200000039e+00 5.812173713999999602e-01 8.127465613000000033e-01 3.379629650000000318e-02 -2.207271499940000048e-02
1.413393286705760479e+09 1.922376240800000025e+00 4.586262023000000077e-01 1.419804820099999976e+00 5.804579662000000084e-01 8.133956776999999860e-01 3.298569839999999920e-02 -1.918240268900000059e-02
1.413393286755760431e+09 1.936778710200000031e+00 4.675584112999999764e-01 1.415570465100000064e+00 5.796461247999999955e-01 8.140413177999999972e-01 3.370173550000000323e-02 -1.453602277459999960e-02
1.413393286805760622e+09 1.951127038999999952e+00 4.763113126999999891e-01 1.413063871300000107e+00 5.788973174999999527e-01 8.145636219999999872e-01 3.604338519999999990e-02 -8.054559149760000605e-03
1.413393286855760336e+09 1.964750339699999904e+00 4.847712525999999800e-01 1.411911059999999996e+00 5.780078828000000390e-01 8.150707945999999815e-01 3.954719760000000028e-02 -1.583139816260000030e-03
1.413393286905760527e+09 1.976943021300000103e+00 4.928473003000000130e-01 1.411621838499999892e+00 5.777718979000000532e-01 8.149630195999999493e-01 4.473368889999999876e-02 3.715883646619999852e-03
1.413393286955760479e+09 1.987342105800000036e+00 5.008609579999999672e-01 1.412210605500000105e+00 5.776013325000000087e-01 8.147217417000000017e-01 5.060878500000000335e-02 6.628357253640000148e-03
1.413393287005760431e+09 1.995817424800000017e+00 5.092283903000000000e-01 1.413385704800000031e+00 5.772813034999999537e-01 8.145301150000000545e-01 5.681135379999999874e-02 7.710933601620000022e-03
1.413393287055760384e+09 2.001975121700000138e+00 5.176015939000000454e-01 1.415237763499999968e+00 5.781528675999999534e-01 8.134773737999999588e-01 6.290203569999999744e-02 6.095732240100000185e-03
1.413393287105760574e+09 2.005869073599999997e+00 5.256763075999999479e-01 1.417312347500000014e+00 5.777427507000000295e-01 8.132782252000000378e-01 6.917042419999999692e-02 2.700923715240000078e-03
1.413393287155760288e+09 2.007290241300000222e+00 5.332795757999999609e-01 1.420705844500000037e+00 5.771362453999999698e-01 8.131639829000000264e-01 7.527891849999999996e-02 -3.342994238510000118e-03
1.413393287205760479e+09 2.006300358599999889e+00 5.403892700000000326e-01 1.424698368300000073e+00 5.760701194999999775e-01 8.133901422999999520e-01 7.979169319999999954e-02 -1.315216757600000050e-02
1.413393287255760431e+09 2.003231770899999820e+00 5.469069497999999863e-01 1.428967201699999912e+00 5.746208017999999695e-01 8.136178196000000140e-01 8.479316239999999671e-02 -2.543811059649999859e-02
1.413393287305760622e+09 1.998780694599999963e+00 5.534168154999999922e-01 1.434045583000000068e+00 5.740220014000000370e-01 8.129222443000000409e-01 9.059579449999999312e-02 -3.806006796340000164e-02
1.413393287355760336e+09 1.993205888599999920e+00 5.600283310000000458e-01 1.439973127900000094e+00 5.741466618999999660e-01 8.113078806000000309e-01 9.754166009999999665e-02 -5.119333995340000221e-02
1.413393287405760527e+09 1.987036278499999975e+00 5.663878010999999768e-01 1.445975033100000084e+00 5.742741840999999736e-01 8.092807695999999495e-01 1.059121655000000023e-01 -6.368995621999999635e-02
1.413393287455760479e+09 1.980421874899999990e+00 5.726643259999999458e-01 1.452478668099999926e+00 5.731844110999999575e-01 8.077123830000000337e-01 1.154731405999999960e-01 -7.567226007140000210e-02
1.413393287505760431e+09 1.973736292599999942e+00 5.788447560999999686e-01 1.459064217799999952e+00 5.717782127999999631e-01 8.059602286999999476e-01 1.268091939000000057e-01 -8.612324522849999775e-02
1.413393287555760384e+09 1.967028882399999956e+00 5.847856666999999842e-01 1.465595432400000009e+00 5.694951723000000188e-01 8.044841820999999449e-01 1.389529338000000114e-01 -9.577333460869999482e-02
1.413393287605760574e+09 1.960394953300000020e+00 5.904676132999999716e-01 1.471785129699999972e+00 5.667869355000000331e-01 8.028758032999999683e-01 1.513332360999999904e-01 -1.060248363980000053e-01
1.413393287655760288e+09 1.953846760300000041e+00 5.963618724999999454e-01 1.477719266000000031e+00 5.636271849999999750e-01 8.013399153000000386e-01 1.632561366999999986e-01 -1.163020650769999997e-01
1.413393287705760479e+09 1.947432975699999957e+00 6.024290462000000401e-01 1.484393041299999938e+00 5.617178258999999674e-01 7.985346711999999902e-01 1.749745185000000092e-01 -1.272767886629999901e-01
1.413393287755760431e+09 1.941280213900000051e+00 6.087872081999999851e-01 1.490932346699999966e+00 5.598209277000000261e-01 7.954196006000000541e-01 1.866630962999999976e-01 -1.380763425140000000e-01
1.413393287805760622e+09 1.935508483400000035e+00 6.154448198999999953e-01 1.496624444400000087e+00 5.577053570000000127e-01 7.921985255000000281e-01 1.987312813000000067e-01 -1.479598212340000052e-01
1.413393287855760336e+09 1.930047267299999980e+00 6.222182867000000117e-01 1.501905887699999997e+00 5.565365893000000508e-01 7.879245473999999527e-01 2.099255044999999986e-01 -1.592897201550000086e-01
1.413393287905760527e+09 1.925318201100000071e+00 6.292349760000000014e-01 1.506205092100000087e+00 5.545877596999999604e-01 7.839918630000000110e-01 2.219626094999999910e-01 -1.688839113889999966e-01
1.413393287955760479e+09 1.921105399900000066e+00 6.368127695999999949e-01 1.510305353099999914e+00 5.532865098999999454e-01 7.793970199999999959e-01 2.339514384999999974e-01 -1.779917063060000026e-01
1.413393288005760431e+09 1.917387824099999971e+00 6.450447586999999983e-01 1.514255437699999929e+00 5.520247657000000308e-01 7.747574119000000259e-01 2.447124092999999889e-01 -1.874445183150000027e-01
1.413393288055760384e+09 1.914409868899999978e+00 6.539385666000000485e-01 1.517412926700000053e+00 5.495317481999999476e-01 7.713145345999999902e-01 2.552828140000000245e-01 -1.947291231390000099e-01
1.413393288105760574e+09 1.912540710600000082e+00 6.633610724999999819e-01 1.519489832599999923e+00 5.475066565999999746e-01 7.683306012999999712e-01 2.645455065999999800e-01 -1.998004581310000027e-01
1.413393288155760288e+09 1.911480242899999960e+00 6.733673776999999916e-01 1.520781060100000026e+00 5.442541252000000496e-01 7.669488141000000425e-01 2.723398501000000027e-01 -2.034894835180000028e-01
1.413393288205760479e+09 1.910990708799999993e+00 6.843005046000000258e-01 1.521423267399999890e+00 5.410866102000000399e-01 7.665048932000000370e-01 2.786568159999999739e-01 -2.050509887310000001e-01
1.413393288255760431e+09 1.910826738399999947e+00 6.958029071000000343e-01 1.521329189100000034e+00 5.363647100999999751e-01 7.678945874000000504e-01 2.837708926999999992e-01 -2.052434674879999865e-01
1.413393288305760622e+09 1.910732432999999952e+00 7.080606814000000027e-01 1.520724215500000032e+00 5.315414080999999458e-01 7.696881531999999471e-01 2.886777562000000241e-01 -2.042278907210000050e-01
1.413393288355760336e+09 1.910362498500000061e+00 7.215336986999999480e-01 1.519941364399999939e+00 5.273412199000000466e-01 7.718437611999999781e-01 2.910070611000000196e-01 -2.036745845210000128e-01
1.413393288405760527e+09 1.909393671599999953e+00 7.363441018999999921e-01 1.519410627699999905e+00 5.261574062999999635e-01 7.722692006000000386e-01 2.922413493000000084e-01 -2.033559915600000045e-01
1.413393288455760479e+09 1.907607798999999993e+00 7.524585668000000060e-01 1.519449502899999915e+00 5.290131778000000118e-01 7.701829546999999776e-01 2.920563997000000245e-01 -2.041233289030000009e-01
1.413393288505760431e+09 1.905509147599999897e+00 7.696444276999999667e-01 1.519381152300000037e+00 5.325843419000000356e-01 7.680962541000000421e-01 2.904039299999999768e-01 -2.050551649219999883e-01
1.413393288555760384e+09 1.903189591300000094e+00 7.877664615999999675e-01 1.519243011799999987e+00 5.377337006000000308e-01 7.651663199999999554e-01 2.882150099999999937e-01 -2.056576718589999964e-01
1.413393288605760574e+09 1.900712880399999971e+00 8.058071896999999817e-01 1.518677719100000045e+00 5.425688358000000378e-01 7.616986810000000441e-01 2.872818255999999848e-01 -2.071311912250000109e-01
1.413393288655760288e+09 1.898513496200000095e+00 8.235638497999999696e-01 1.518314115099999917e+00 5.471555037999999982e-01 7.579941826999999632e-01 2.868061056999999803e-01 -2.093034434090000062e-01
1.413393288705760479e+09 1.896710621800000052e+00 8.405186988999999720e-01 1.517529327499999914e+00 5.505658464999999557e-01 7.542679200999999889e-01 2.878660337000000236e-01 -2.123447670789999908e-01
1.413393288755760431e+09 1.895595319299999915e+00 8.567012294000000416e-01 1.515671005800000026e+00 5.511859248999999572e-01 7.520175460000000367e-01 2.910198702999999831e-01 -2.144087725059999894e-01
1.413393288805760622e+09 1.895001653000000008e+00 8.725942612999999515e-01 1.512979693299999928e+00 5.513456736999999830e-01 7.505102332999999959e-01 2.938842731999999902e-01 -2.153703132560000066e-01
1.413393288855760336e+09 1.894754652400000072e+00 8.882449263999999678e-01 1.509287889000000105e+00 5.499420475999999836e-01 7.503098843000000073e-01 2.972407884000000111e-01 -2.150505416329999975e-01
1.413393288905760527e+09 1.894616875699999925e+00 9.036427011000000009e-01 1.506030681099999935e+00 5.482580525000000371e-01 7.502026000999999500e-01 2.996848371999999983e-01 -2.163288353770000116e-01
1.413393288955760479e+09 1.894965536600000000e+00 9.188718265999999968e-01 1.500821589200000084e+00 5.460665274999999541e-01 7.509285727000000188e-01 3.020122565999999731e-01 -2.161162258160000127e-01
1.413393289005760431e+09 1.895241896299999951e+00 9.342394526999999727e-01 1.493988346100000086e+00 5.453240222999999887e-01 7.505311056000000258e-01 3.039442397000000073e-01 -2.166625702409999965e-01
1.413393289055760384e+09 1.895782807800000080e+00 9.492863110000000493e-01 1.484345299699999954e+00 5.444623750999999512e-01 7.503524969000000544e-01 3.060495967999999900e-01 -2.164844030059999980e-01
1.413393289105760574e+09 1.896534820999999926e+00 9.637427196000000196e-01 1.473314363499999891e+00 5.444971363999999703e-01 7.497386024000000093e-01 3.063916831999999868e-01 -2.180344766960000125e-01
1.413393289155760288e+09 1.897011922299999931e+00 9.780347735000000098e-01 1.461778731399999920e+00 5.448735971999999483e-01 7.485205198000000060e-01 3.069675934000000161e-01 -2.204556443260000109e-01
1.413393289205760479e+09 1.897515668600000094e+00 9.921623314999999943e-01 1.450608140099999943e+00 5.441604916000000181e-01 7.480061442000000005e-01 3.075561171000000260e-01 -2.231264271510000063e-01
1.413393289255760431e+09 1.898589361800000042e+00 1.006029342599999987e+00 1.440464731799999898e+00 5.446509199000000301e-01 7.466976723999999566e-01 3.090179916999999943e-01 -2.242896394170000030e-01
1.413393289305760622e+09 1.900000503300000032e+00 1.019668082899999995e+00 1.431708856900000049e+00 5.451235359999999641e-01 7.457052720000000301e-01 3.102269792999999831e-01 -2.247736619000000047e-01
1.413393289355760336e+09 1.901778364399999921e+00 1.032946859900000014e+00 1.424487382599999963e+00 5.444829659000000044e-01 7.454648139999999756e-01 3.118477970999999904e-01 -2.248809960439999978e-01
1.413393289405760527e+09 1.903906875399999921e+00 1.046069141999999896e+00 1.418311722999999969e+00 5.442050554999999790e-01 7.451900794000000383e-01 3.142082802000000230e-01 -2.231720404589999929e-01
1.413393289455760479e+09 1.906141845400000090e+00 1.058866214100000036e+00 1.414007167000000065e+00 5.432260425999999587e-01 7.456534761999999983e-01 3.153480520999999981e-01 -2.224004635200000080e-01
1.413393289505760431e+09 1.908463242000000060e+00 1.071309807800000069e+00 1.411961465899999935e+00 5.415075870000000124e-01 7.468214562999999639e-01 3.159294718999999807e-01 -2.218463756600000114e-01
1.413393289555760384e+09 1.910637206100000096e+00 1.083573573300000037e+00 1.411627794599999985e+00 5.408655137000000224e-01 7.471733369999999930e-01 3.170979213999999824e-01 -2.205570422400000008e-01
1.413393289605760574e+09 1.912777526800000016e+00 1.095651470700000019e+00 1.412003403800000001e+00 5.404158982000000222e-01 7.476765343000000286e-01 3.175702919000000235e-01 -2.192705331669999869e-01
1.413393289655760288e+09 1.914570751799999915e+00 1.107458303999999893e+00 1.412488711800000019e+00 5.397023668000000551e-01 7.482197574000000184e-01 3.179310417000000277e-01 -2.186513267009999872e-01
1.413393289705760479e+09 1.916156560099999906e+00 1.118838341000000014e+00 1.413023508700000042e+00 5.390249480000000037e-01 7.487956799999999635e-01 3.178819222000000000e-01 -2.184221113379999912e-01
1.413393289755760431e+09 1.917274295699999964e+00 1.130341358799999973e+00 1.414021566700000010e+00 5.395596482000000194e-01 7.488389107999999794e-01 3.171773223000000086e-01 -2.179775630240000095e-01
1.413393289805760622e+09 1.918014801400000025e+00 1.141565764399999905e+00 1.415563858599999891e+00 5.404276018000000459e-01 7.485591678999999887e-01 3.162806550000000216e-01 -2.180910971689999922e-01
1.413393289855760336e+09 1.918350350399999904e+00 1.152786507799999915e+00 1.417796850700000055e+00 5.418987521999999446e-01 7.479917742999999675e-01 3.148523353000000080e-01 -2.184537819010000104e-01
1.413393289905760527e+09 1.918385210300000088e+00 1.163969571800000047e+00 1.420364174599999973e+00 5.438255462000000096e-01 7.472575285000000456e-01 3.136988882999999784e-01 -2.178370237120000052e-01
1.413393289955760479e+09 1.918126625800000040e+00 1.174827017699999976e+00 1.423580404199999982e+00 5.455030643999999596e-01 7.466294244000000191e-01 3.123536997999999953e-01 -2.177293630250000112e-01
1.413393290005760431e+09 1.917904003999999940e+00 1.185184130399999924e+00 1.426496718599999936e+00 5.462466720999999970e-01 7.467272562000000224e-01 3.111216854000000143e-01 -2.172930622810000101e-01
1.413393290055760384e+09 1.917790012300000013e+00 1.194848152999999913e+00 1.427994016500000019e+00 5.462211336000000195e-01 7.474183653000000538e-01 3.095879306000000053e-01 -2.171717608600000071e-01
1.413393290105760574e+09 1.917673152799999947e+00 1.204301507500000090e+00 1.427287049800000096e+00 5.465507808999999773e-01 7.479167409000000433e-01 3.078394425000000045e-01 -2.171121145309999889e-01
1.413393290155760288e+09 1.917546129099999996e+00 1.213132467999999964e+00 1.423737618399999905e+00 5.466927299999999601e-01 7.484538268000000549e-01 3.062318686000000123e-01 -2.171772797429999957e-01
1.413393290205760479e+09 1.917692301600000038e+00 1.221393239700000022e+00 1.417396097499999952e+00 5.460579336999999978e-01 7.497164990000000362e-01 3.042790671000000224e-01 -2.171638861150000099e-01
1.413393290255760431e+09 1.917969121300000079e+00 1.229312524400000051e+00 1.408912183800000051e+00 5.457280695999999764e-01 7.506310516999999960e-01 3.029099525999999765e-01 -2.167474543640000029e-01
1.413393290305760622e+09 1.918347054100000060e+00 1.236935452200000007e+00 1.397720482900000061e+00 5.446108587000000334e-01 7.521083534000000403e-01 3.023933977000000106e-01 -2.151517378610000031e-01
1.413393290355760336e+09 1.918536609100000012e+00 1.244492026300000109e+00 1.385317020900000085e+00 5.432484614000000489e-01 7.535708612000000528e-01 3.025230003000000112e-01 -2.132883039640000034e-01
1.413393290405760527e+09 1.918567653200000001e+00 1.251749987399999986e+00 1.372713156199999895e+00 5.412396226000000254e-01 7.548078748000000004e-01 3.038580672999999788e-01 -2.121202913989999883e-01
1.413393290455760479e+09 1.918313568300000105e+00 1.258638091699999961e+00 1.360032399500000100e+00 5.388936023000000519e-01 7.554939427000000318e-01 3.063495053999999995e-01 -2.120673676050000012e-01
1.413393290505760431e+09 1.917763782299999997e+00 1.265276377700000010e+00 1.347561021099999978e+00 5.364629549999999636e-01 7.557391688000000274e-01 3.096530757000000023e-01 -2.125577084330000088e-01
1.413393290555760384e+09 1.916701316799999999e+00 1.272256223899999927e+00 1.335689965999999895e+00 5.347767021999999537e-01 7.556071246000000130e-01 3.125440774000000088e-01 -2.130444830369999931e-01
1.413393290605760574e+09 1.915060000099999993e+00 1.279583756499999891e+00 1.324420629600000066e+00 5.337135219999999958e-01 7.550260159999999665e-01 3.150412556000000142e-01 -2.140901655119999969e-01
1.413393290655760288e+09 1.912794701599999980e+00 1.287264576899999957e+00 1.313284063300000026e+00 5.319146863999999475e-01 7.551859181000000198e-01 3.168069387999999931e-01 -2.153934979919999992e-01
1.413393290705760479e+09 1.909902652099999987e+00 1.295331689800000019e+00 1.301827777600000013e+00 5.304539746999999972e-01 7.551242981000000354e-01 3.190613546000000134e-01 -2.158835963419999948e-01
1.413393290755760431e+09 1.906256611599999928e+00 1.303989503599999988e+00 1.290527517599999952e+00 5.306526615000000113e-01 7.541064317000000239e-01 3.204330785000000237e-01 -2.169190739330000006e-01
1.413393290805760622e+09 1.902571183999999915e+00 1.312474621200000025e+00 1.278949852100000006e+00 5.310763541999999893e-01 7.529947328999999634e-01 3.220727441999999829e-01 -2.173154062050000057e-01
1.413393290855760336e+09 1.898591776099999962e+00 1.321016718799999934e+00 1.266909485300000027e+00 5.315948734000000009e-01 7.521629083999999965e-01 3.228330871000000268e-01 -2.177995584709999932e-01
1.413393290905760527e+09 1.893884967500000016e+00 1.329548514499999889e+00 1.254922110299999893e+00 5.315024288999999902e-01 7.518418929000000306e-01 3.220987947999999768e-01 -2.202074079980000099e-01
1.413393290955760479e+09 1.888135785700000069e+00 1.338417893199999931e+00 1.243642401300000033e+00 5.312947565000000205e-01 7.515746222000000420e-01 3.193618724999999769e-01 -2.255425977920000047e-01
1.413393291005760431e+09 1.882110310699999900e+00 1.348096675599999905e+00 1.232023109900000080e+00 5.314841359999999959e-01 7.511870857000000345e-01 3.165643314000000097e-01 -2.302815658919999953e-01
1.413393291055760384e+09 1.876043116900000030e+00 1.358456983900000026e+00 1.220136439400000050e+00 5.323000128000000553e-01 7.505646811999999723e-01 3.127871425000000039e-01 -2.355282557060000004e-01
1.413393291105760574e+09 1.870556455600000056e+00 1.369333476700000052e+00 1.207320502099999970e+00 5.330511629999999945e-01 7.498916632000000027e-01 3.098759743000000233e-01 -2.397828843110000052e-01
1.413393291155760288e+09 1.865578581300000094e+00 1.381062279800000070e+00 1.195049318499999957e+00 5.355841561999999945e-01 7.482037820000000394e-01 3.069806640000000142e-01 -2.431122871409999997e-01
1.413393291205760479e+09 1.861731037400000011e+00 1.393212153599999947e+00 1.182573840499999918e+00 5.374555552999999986e-01 7.470252722000000345e-01 3.048461693999999778e-01 -2.452826569169999915e-01
1.413393291255760431e+09 1.859012864999999959e+00 1.405906734400000024e+00 1.170284248800000038e+00 5.392431678000000339e-01 7.459885762000000309e-01 3.032940136000000231e-01 -2.464357754690000013e-01
1.413393291305760622e+09 1.857859949899999918e+00 1.419092623200000070e+00 1.157297650699999902e+00 5.403890053000000027e-01 7.457611197000000303e-01 3.037956794000000182e-01 -2.439841396959999964e-01
1.413393291355760336e+09 1.857651303199999937e+00 1.432615041800000100e+00 1.144086300099999898e+00 5.402909303999999802e-01 7.463493305999999716e-01 3.056974293999999981e-01 -2.399947268410000112e-01
1.413393291405760527e+09 1.858250142199999955e+00 1.446118115400000015e+00 1.131177597500000021e+00 5.403035282999999467e-01 7.463144282000000462e-01 3.089554529999999910e-01 -2.358673348870000130e-01
1.413393291455760479e+09 1.859871265400000029e+00 1.458993343299999967e+00 1.118547153199999977e+00 5.392874023000000516e-01 7.464542088000000186e-01 3.132293007999999990e-01 -2.320832113909999939e-01
1.413393291505760431e+09 1.861955631100000064e+00 1.471531575400000014e+00 1.107073180400000023e+00 5.384668608999999551e-01 7.459420454999999839e-01 3.175644288999999731e-01 -2.297318828319999950e-01
1.413393291555760384e+09 1.864220653300000086e+00 1.484248752999999921e+00 1.096991202599999937e+00 5.379555311999999478e-01 7.453869424000000299e-01 3.211648534000000055e-01 -2.277175650409999919e-01
1.413393291605760574e+09 1.866270777400000025e+00 1.496954099100000102e+00 1.088277143700000060e+00 5.379152704999999868e-01 7.443569033000000390e-01 3.242514642000000058e-01 -2.268059747120000080e-01
1.413393291655760288e+09 1.868074509699999997e+00 1.509825514000000091e+00 1.080718161599999894e+00 5.378332831000000036e-01 7.434370681999999952e-01 3.272439803000000147e-01 -2.257167751949999968e-01
1.413393291705760479e+09 1.869653850299999975e+00 1.522600216500000103e+00 1.074333388499999931e+00 5.370604677000000438e-01 7.431551409000000108e-01 3.296010357999999973e-01 -2.250547661249999998e-01
1.413393291755760431e+09 1.870974046599999996e+00 1.535168344299999932e+00 1.069430577099999891e+00 5.367405416999999623e-01 7.425817868999999849e-01 3.317589731000000208e-01 -2.245392269029999888e-01
1.413393291805760622e+09 1.871833866800000079e+00 1.547240403200000003e+00 1.066393999500000023e+00 5.365275874999999584e-01 7.415964124999999685e-01 3.342574838999999853e-01 -2.245992949399999994e-01
1.413393291855760336e+09 1.872091759999999994e+00 1.558632913400000097e+00 1.066271355000000032e+00 5.354372332000000290e-01 7.404296820000000334e-01 3.378530362000000120e-01 -2.256682991020000084e-01
1.413393291905760527e+09 1.871502860499999921e+00 1.569799770900000002e+00 1.070303951000000087e+00 5.348641766999999714e-01 7.388178837000000110e-01 3.412987821999999838e-01 -2.271202071210000062e-01
1.413393291955760479e+09 1.870579862500000079e+00 1.580519113999999892e+00 1.078087262199999952e+00 5.349573407000000058e-01 7.371851271999999566e-01 3.440991303000000001e-01 -2.279792103190000085e-01
1.413393292005760431e+09 1.869285718400000018e+00 1.590535275899999990e+00 1.088708853900000051e+00 5.365310371000000522e-01 7.344773910999999877e-01 3.462764516999999875e-01 -2.297172767710000119e-01
1.413393292055760384e+09 1.867946158999999939e+00 1.599888386099999948e+00 1.100522066899999984e+00 5.389961368000000252e-01 7.313417143999999537e-01 3.481837508000000247e-01 -2.310639240329999955e-01
1.413393292105760574e+09 1.866141878599999915e+00 1.608618900600000012e+00 1.112449605599999947e+00 5.410550790000000498e-01 7.284986239999999835e-01 3.490996364000000241e-01 -2.338345573210000028e-01
1.413393292155760288e+09 1.864035582000000080e+00 1.616876714100000001e+00 1.124218739300000047e+00 5.437863871000000460e-01 7.254283121000000278e-01 3.500258064999999807e-01 -2.356524219829999878e-01
1.413393292205760479e+09 1.862078327899999941e+00 1.623703377600000053e+00 1.136000662799999894e+00 5.458117995000000278e-01 7.223909186000000426e-01 3.516829646999999892e-01 -2.378233223519999884e-01
1.413393292255760431e+09 1.860244538099999900e+00 1.629301432199999899e+00 1.147168752000000014e+00 5.479088640000000510e-01 7.192156875999999865e-01 3.535524815000000154e-01 -2.398443541249999922e-01
1.413393292305760622e+09 1.858819434299999962e+00 1.633317121599999977e+00 1.158037166800000017e+00 5.487365181000000147e-01 7.172175769999999950e-01 3.547307866000000143e-01 -2.421843305760000009e-01
1.413393292355760336e+09 1.857941802900000106e+00 1.635693552600000045e+00 1.167815862899999946e+00 5.487075087999999656e-01 7.158637332999999714e-01 3.557903459999999796e-01 -2.446884037110000076e-01
1.413393292405760527e+09 1.857126384699999910e+00 1.636880237099999968e+00 1.178076820900000099e+00 5.480952275999999568e-01 7.151112533000000271e-01 3.558518885999999992e-01 -2.481470335079999923e-01
1.413393292455760479e+09 1.856589002500000030e+00 1.637075469900000080e+00 1.188634406000000032e+00 5.485227368999999742e-01 7.136649513999999694e-01 3.565304150999999977e-01 -2.503821227279999784e-01
1.413393292505760431e+09 1.856589379999999956e+00 1.635882627199999995e+00 1.198108193799999999e+00 5.467062221999999805e-01 7.137597463000000531e-01 3.584811565000000089e-01 -2.512978145499999982e-01
1.413393292555760384e+09 1.857046443099999999e+00 1.633801196300000091e+00 1.207429171600000073e+00 5.456150993999999699e-01 7.135040139999999642e-01 3.602458103999999772e-01 -2.518712795240000135e-01
1.413393292605760574e+09 1.858220307999999932e+00 1.630242768900000083e+00 1.216335835199999993e+00 5.434521317999999601e-01 7.138989787999999725e-01 3.629697934000000181e-01 -2.515173106470000031e-01
1.413393292655760288e+09 1.860048860400000059e+00 1.625317561899999985e+00 1.225192795599999940e+00 5.419388247999999964e-01 7.138045602999999462e-01 3.665084888999999846e-01 -2.499137599440000024e-01
1.413393292705760479e+09 1.861467408099999998e+00 1.619623634100000098e+00 1.234150355699999979e+00 5.405314156999999620e-01 7.136474204999999627e-01 3.695875995999999830e-01 -2.488737715159999864e-01
1.413393292755760431e+09 1.862493991200000032e+00 1.612799929099999918e+00 1.242884251800000062e+00 5.394946910000000262e-01 7.127352193999999530e-01 3.727830382999999803e-01 -2.489714680300000038e-01
1.413393292805760622e+09 1.863923174199999977e+00 1.604678657400000041e+00 1.252463564199999935e+00 5.393692834000000103e-01 7.115056540999999957e-01 3.747279947000000111e-01 -2.498387685000000025e-01
1.413393292855760336e+09 1.865202574100000010e+00 1.595134506499999993e+00 1.262961148300000058e+00 5.398014917000000246e-01 7.096816920999999834e-01 3.761636622999999791e-01 -2.519268634110000127e-01
1.413393292905760527e+09 1.866284098499999988e+00 1.584208390799999977e+00 1.274288933200000029e+00 5.399689544000000341e-01 7.079006761999999675e-01 3.776075767000000027e-01 -2.544065229690000152e-01
1.413393292955760479e+09 1.867268578300000037e+00 1.571842141799999926e+00 1.286126238000000033e+00 5.389797267999999475e-01 7.071207753999999568e-01 3.779724580000000111e-01 -2.581044056089999983e-01
1.413393293005760431e+09 1.868336415299999942e+00 1.558216185100000040e+00 1.297723051500000002e+00 5.370246622000000025e-01 7.069798520000000197e-01 3.791848334999999848e-01 -2.607735858979999821e-01
1.413393293055760384e+09 1.869740770800000007e+00 1.543466199100000047e+00 1.309282911599999988e+00 5.352313927999999832e-01 7.068374038000000414e-01 3.801166968999999951e-01 -2.634758764569999911e-01
1.413393293105760574e+09 1.871417135600000003e+00 1.527792106099999936e+00 1.320561907699999926e+00 5.331181540999999635e-01 7.069771735000000001e-01 3.814870075999999832e-01 -2.653977637689999836e-01
1.413393293155760288e+09 1.873126350399999973e+00 1.511168389699999892e+00 1.332212443500000010e+00 5.305338686999999664e-01 7.075955234999999899e-01 3.816248782000000173e-01 -2.687095859079999816e-01
1.413393293205760479e+09 1.875201520300000091e+00 1.493942485100000050e+00 1.343841719000000046e+00 5.287696665000000129e-01 7.077713803999999831e-01 3.825133082000000129e-01 -2.704549535310000197e-01
1.413393293255760431e+09 1.877346423699999933e+00 1.475949271900000026e+00 1.355384108700000034e+00 5.263297108000000168e-01 7.085673326000000438e-01 3.820385121000000050e-01 -2.737808356229999851e-01
1.413393293305760622e+09 1.879914392100000109e+00 1.457462459700000101e+00 1.364753917800000105e+00 5.238323118000000056e-01 7.093798456000000030e-01 3.826175689999999907e-01 -2.756514822310000001e-01
1.413393293355760336e+09 1.882777716199999896e+00 1.438652265200000002e+00 1.371871379399999924e+00 5.221322764000000394e-01 7.098819880000000193e-01 3.811155766000000056e-01 -2.796361320940000117e-01
1.413393293405760527e+09 1.886178939999999971e+00 1.419600001300000081e+00 1.375409772700000088e+00 5.200341927999999614e-01 7.107362991000000241e-01 3.800124623000000201e-01 -2.828584096389999969e-01
1.413393293455760479e+09 1.890001863599999998e+00 1.400843956199999907e+00 1.376871883500000004e+00 5.181213162000000150e-01 7.117022559000000248e-01 3.785766266999999741e-01 -2.858495030050000052e-01
1.413393293505760431e+09 1.894300421100000076e+00 1.382449883000000046e+00 1.375319246399999917e+00 5.167658439000000214e-01 7.125189069999999791e-01 3.785876370999999851e-01 -2.862538570220000134e-01
1.413393293555760384e+09 1.898959082600000015e+00 1.364479179399999964e+00 1.372346146199999950e+00 5.168140503999999469e-01 7.123741995000000271e-01 3.800019358000000236e-01 -2.846484955729999822e-01
1.413393293605760574e+09 1.904247935399999925e+00 1.346616551499999925e+00 1.368127926299999908e+00 5.176912586999999899e-01 7.116214676000000017e-01 3.824482499999999896e-01 -2.816451375979999727e-01
1.413393293655760288e+09 1.910104004399999944e+00 1.328870356499999961e+00 1.363773845199999890e+00 5.184452239000000295e-01 7.111398211999999663e-01 3.855806915000000168e-01 -2.771682428810000043e-01
1.413393293705760479e+09 1.916218940700000095e+00 1.311075747400000102e+00 1.359880638399999953e+00 5.191059649000000498e-01 7.103543632000000052e-01 3.895828110999999816e-01 -2.723066454629999855e-01
1.413393293755760431e+09 1.922158043800000105e+00 1.292871628099999892e+00 1.357080093300000012e+00 5.197145143000000411e-01 7.095531122999999551e-01 3.928303717000000139e-01 -2.685432993540000091e-01
1.413393293805760622e+09 1.928019913500000015e+00 1.274141320200000038e+00 1.355300801799999899e+00 5.203981986000000282e-01 7.088806103000000469e-01 3.949590921999999726e-01 -2.658595694240000196e-01
1.413393293855760336e+09 1.933633188499999989e+00 1.254463854299999959e+00 1.354523461399999906e+00 5.201799480000000031e-01 7.085320682000000314e-01 3.967620126999999997e-01 -2.645279480959999985e-01
1.413393293905760527e+09 1.938746656099999965e+00 1.233990645500000038e+00 1.354608177200000041e+00 5.201406585000000193e-01 7.080834383999999870e-01 3.982247546000000082e-01 -2.636068749839999836e-01
1.413393293955760479e+09 1.943315587699999902e+00 1.212853606399999951e+00 1.355542586399999916e+00 5.201900053000000357e-01 7.076907256000000146e-01 3.999917899000000054e-01 -2.618831099550000263e-01
1.413393294005760431e+09 1.947011523500000063e+00 1.190812203799999969e+00 1.357580639700000091e+00 5.202039828000000199e-01 7.072062439999999839e-01 4.007331140000000014e-01 -2.620307542640000209e-01
1.413393294055760384e+09 1.950036704600000004e+00 1.168011405199999908e+00 1.360134282400000005e+00 5.201934931999999678e-01 7.069081173000000273e-01 4.013004640000000234e-01 -2.619877495119999899e-01
1.413393294105760574e+09 1.952193040899999898e+00 1.144511022999999961e+00 1.364076052199999944e+00 5.224227079000000051e-01 7.050513828000000149e-01 4.001289807999999781e-01 -2.643366425490000227e-01
1.413393294155760288e+09 1.953799134500000090e+00 1.120251459099999902e+00 1.369025035499999987e+00 5.249998241000000121e-01 7.030674640999999836e-01 3.977062152999999989e-01 -2.681437898390000019e-01
1.413393294205760479e+09 1.955173550800000104e+00 1.095206302800000087e+00 1.374421031500000057e+00 5.271009946000000390e-01 7.015880826999999487e-01 3.947903097000000083e-01 -2.721751552239999872e-01
1.413393294255760431e+09 1.956981902099999893e+00 1.069560615199999898e+00 1.379151468899999955e+00 5.277884030999999698e-01 7.014731213999999548e-01 3.937409814999999758e-01 -2.726589461780000168e-01
1.413393294305760622e+09 1.959271256499999891e+00 1.043147132799999932e+00 1.383246116400000059e+00 5.275060459000000535e-01 7.020781485999999516e-01 3.939809692999999835e-01 -2.712980660309999847e-01
1.413393294355760336e+09 1.961778063299999930e+00 1.016009925000000091e+00 1.386727733999999934e+00 5.262912603999999606e-01 7.036189989000000145e-01 3.941021177999999847e-01 -2.694834585790000236e-01
1.413393294405760527e+09 1.964377083600000073e+00 9.881171838000000207e-01 1.389986278899999927e+00 5.253988596999999983e-01 7.048980903999999548e-01 3.947985668999999809e-01 -2.668497928010000186e-01
1.413393294455760479e+09 1.966866617300000009e+00 9.596866573000000233e-01 1.392909116200000019e+00 5.250017577000000157e-01 7.060444720999999868e-01 3.954752105000000073e-01 -2.635786709260000138e-01
1.413393294505760431e+09 1.968816220399999928e+00 9.304497449999999947e-01 1.395679573400000040e+00 5.235129927999999655e-01 7.079341183999999787e-01 3.958815761000000211e-01 -2.608470971019999918e-01
1.413393294555760384e+09 1.970127988900000071e+00 9.005246209999999696e-01 1.398621770799999942e+00 5.220610809000000296e-01 7.098451131999999886e-01 3.952113627000000129e-01 -2.595768130080000069e-01
1.413393294605760574e+09 1.970834164200000016e+00 8.700451219000000513e-01 1.401537320999999947e+00 5.204097561999999622e-01 7.119432878000000464e-01 3.934527166999999825e-01 -2.598180139799999844e-01
1.413393294655760288e+09 1.971150452200000069e+00 8.389996830000000516e-01 1.404444494700000101e+00 5.188191645999999935e-01 7.138097143999999616e-01 3.909424894999999900e-01 -2.616607268750000270e-01
1.413393294705760479e+09 1.971253445000000104e+00 8.075330079000000438e-01 1.407235128900000021e+00 5.164658240999999705e-01 7.160649070000000282e-01 3.884784291999999750e-01 -2.638154878780000212e-01
1.413393294755760431e+09 1.971005109900000107e+00 7.760378367000000388e-01 1.410049683400000031e+00 5.150853602999999614e-01 7.177628240000000215e-01 3.854105219000000249e-01 -2.663875555149999852e-01
1.413393294805760622e+09 1.970502536399999949e+00 7.445802381999999664e-01 1.412709016900000059e+00 5.133347212000000104e-01 7.196490564999999950e-01 3.820306913000000026e-01 -2.695278285859999956e-01
1.413393294855760336e+09 1.969982605900000072e+00 7.133994201000000146e-01 1.414952778199999983e+00 5.114385718999999719e-01 7.212802487999999679e-01 3.806013743000000171e-01 -2.707914027450000205e-01
1.413393294905760527e+09 1.969298686299999934e+00 6.829634070000000223e-01 1.417339411900000012e+00 5.107852716999999876e-01 7.223122659999999806e-01 3.800759718000000231e-01 -2.700104667720000240e-01
1.413393294955760479e+09 1.968406583099999940e+00 6.532746817000000261e-01 1.419991077900000009e+00 5.114226437000000125e-01 7.222403268000000542e-01 3.809680673999999989e-01 -2.677295679800000272e-01
1.413393295005760431e+09 1.967336815099999914e+00 6.238279611000000502e-01 1.422709669799999910e+00 5.123567708999999804e-01 7.214639323000000548e-01 3.833802383000000091e-01 -2.645749923049999786e-01
1.413393295055760384e+09 1.966116075700000021e+00 5.949589842000000406e-01 1.425910020899999964e+00 5.141994709999999635e-01 7.205952989999999669e-01 3.852770542999999770e-01 -2.605818690410000027e-01
1.413393295105760574e+09 1.964392326300000047e+00 5.661081801999999774e-01 1.429444094800000009e+00 5.156056688000000277e-01 7.197000664999999575e-01 3.873331662000000231e-01 -2.572073617610000085e-01
1.413393295155760288e+09 1.961862859900000089e+00 5.368136816999999894e-01 1.433568475399999986e+00 5.156733414999999932e-01 7.195169182999999746e-01 3.877544687000000212e-01 -2.569491801680000020e-01
1.413393295205760479e+09 1.958699705199999919e+00 5.076102133000000016e-01 1.438038718799999893e+00 5.156931878999999608e-01 7.198439227999999801e-01 3.862469275000000035e-01 -2.582606701629999724e-01
1.413393295255760431e+09 1.955069041800000074e+00 4.782135465999999835e-01 1.442399057999999901e+00 5.141757614999999948e-01 7.210933476999999980e-01 3.845702013000000252e-01 -2.602948912610000276e-01
1.413393295305760622e+09 1.950954759100000047e+00 4.489905793000000256e-01 1.446920255600000038e+00 5.125398310000000013e-01 7.223030657000000243e-01 3.825545725999999758e-01 -2.631220284160000200e-01
1.413393295355760336e+09 1.946396851000000039e+00 4.201586346999999777e-01 1.451736120100000083e+00 5.112027969000000338e-01 7.235304488999999561e-01 3.805981113999999943e-01 -2.651800663769999788e-01
1.413393295405760527e+09 1.941430145800000062e+00 3.916749663999999909e-01 1.456871304599999917e+00 5.080374058000000081e-01 7.255920773999999795e-01 3.781979281999999776e-01 -2.690361661339999988e-01
1.413393295455760479e+09 1.936079285599999977e+00 3.641798144000000237e-01 1.462424212099999954e+00 5.066763557000000251e-01 7.266124805000000464e-01 3.757994677000000006e-01 -2.721913551249999785e-01
1.413393295505760431e+09 1.930637182399999929e+00 3.375890865999999768e-01 1.467598792400000018e+00 5.045393543999999730e-01 7.281648381999999975e-01 3.731039749000000239e-01 -2.756980816240000021e-01
1.413393295555760384e+09 1.925085270599999898e+00 3.119494502999999863e-01 1.471552127000000043e+00 5.027566862000000247e-01 7.290355192999999900e-01 3.710753425000000161e-01 -2.793671710169999822e-01
1.413393295605760574e+09 1.919889484900000109e+00 2.876709807000000230e-01 1.473017062400000077e+00 5.016485395999999986e-01 7.299129236000000409e-01 3.693448357999999931e-01 -2.813543298539999959e-01
1.413393295655760288e+09 1.915187995699999979e+00 2.644696394000000117e-01 1.472369786100000022e+00 5.007115222000000365e-01 7.303808866000000011e-01 3.683444029999999869e-01 -2.831150521879999826e-01
1.413393295705760479e+09 1.911811967900000075e+00 2.420021715000000018e-01 1.469355818199999941e+00 5.000500800999999607e-01 7.306010052000000421e-01 3.682987766999999968e-01 -2.837747340510000105e-01
1.413393295755760431e+09 1.908657127799999964e+00 2.211762493999999968e-01 1.463851103000000098e+00 5.003637125000000019e-01 7.303742080999999775e-01 3.689480338000000192e-01 -2.829611627670000074e-01
1.413393295805760622e+09 1.905563777900000089e+00 2.017507000000000050e-01 1.456834106599999901e+00 5.017725313999999992e-01 7.292197760999999945e-01 3.711237995000000178e-01 -2.805886138900000049e-01
1.413393295855760336e+09 1.902896663099999941e+00 1.837644780000000089e-01 1.449412139599999927e+00 5.046246543000000306e-01 7.270555292000000502e-01 3.756269124000000126e-01 -2.750429754329999921e-01
1.413393295905760527e+09 1.900258233500000005e+00 1.670454345999999868e-01 1.442590406899999955e+00 5.080472867999999975e-01 7.246415441000000346e-01 3.803717516999999826e-01 -2.685142778790000073e-01
1.413393295955760479e+09 1.897285581300000024e+00 1.509884093999999954e-01 1.436862316900000103e+00 5.112817235000000071e-01 7.220151632000000319e-01 3.857247615000000129e-01 -2.617279344869999913e-01
1.413393296005760431e+09 1.893685588599999914e+00 1.350362685000000007e-01 1.432473303100000095e+00 5.139385690000000118e-01 7.198375155999999775e-01 3.892924533000000076e-01 -2.572012524310000048e-01
1.413393296055760384e+09 1.889353696599999965e+00 1.189412995000000001e-01 1.429171310300000108e+00 5.158129130999999923e-01 7.183316533000000392e-01 3.923433626000000229e-01 -2.529888543109999888e-01
1.413393296105760574e+09 1.883973013699999921e+00 1.022129345999999994e-01 1.427087899900000068e+00 5.165801961000000553e-01 7.173788982000000036e-01 3.947080068000000108e-01 -2.504356341769999883e-01
1.413393296155760288e+09 1.877375268800000052e+00 8.497975210000000001e-02 1.426213639300000002e+00 5.166989458999999840e-01 7.173360622000000131e-01 3.951394999000000241e-01 -2.496316262580000056e-01
1.413393296205760479e+09 1.869751374100000030e+00 6.719267369999999684e-02 1.425982189099999964e+00 5.163709101000000246e-01 7.176390178999999536e-01 3.960757047999999836e-01 -2.479503160850000110e-01
1.413393296255760431e+09 1.860825316499999937e+00 4.863672320000000243e-02 1.426483745599999908e+00 5.152504917000000351e-01 7.183080311999999745e-01 3.967299271999999988e-01 -2.472971246640000009e-01
1.413393296305760622e+09 1.850498747100000063e+00 2.965418410000000143e-02 1.427848985500000056e+00 5.150400036000000181e-01 7.186923813000000161e-01 3.968590540999999972e-01 -2.464101193780000032e-01
1.413393296355760336e+09 1.838796939100000083e+00 9.961044400000000631e-03 1.430044270000000006e+00 5.135870698000000178e-01 7.200538934000000335e-01 3.953728313000000050e-01 -2.478528525940000005e-01
1.413393296405760527e+09 1.825788270599999930e+00 -1.010470790000000084e-02 1.432920506699999930e+00 5.113928986000000343e-01 7.221026025000000237e-01 3.925312911000000127e-01 -2.509269221289999741e-01
1.413393296455760479e+09 1.811980751199999906e+00 -3.019726699999999986e-02 1.434650026299999936e+00 5.088854463999999966e-01 7.248381482000000320e-01 3.888902258999999972e-01 -2.537905703200000196e-01
1.413393296505760431e+09 1.797672683700000107e+00 -5.019020770000000298e-02 1.433742706999999950e+00 5.070481547999999838e-01 7.277952503000000295e-01 3.842322984000000052e-01 -2.560894048189999994e-01
1.413393296555760384e+09 1.783242200799999955e+00 -6.976503559999999715e-02 1.430082785900000042e+00 5.064844643000000479e-01 7.306384573999999965e-01 3.789181697999999821e-01 -2.570251983099999804e-01
1.413393296605760574e+09 1.768379762499999952e+00 -8.876345260000000070e-02 1.423609742800000078e+00 5.065575474000000300e-01 7.334071853000000418e-01 3.730032305000000048e-01 -2.576469324369999869e-01
1.413393296655760288e+09 1.753170071500000038e+00 -1.068038188000000055e-01 1.414111895800000074e+00 5.070343191999999721e-01 7.363482720999999787e-01 3.672264257000000254e-01 -2.566167835420000154e-01
1.413393296705760479e+09 1.737563135000000036e+00 -1.241551657999999947e-01 1.403518179800000043e+00 5.078156071999999632e-01 7.390057382000000397e-01 3.610959648000000022e-01 -2.561318647490000155e-01
1.413393296755760431e+09 1.721641434699999973e+00 -1.407998196999999951e-01 1.392538817499999970e+00 5.080023423999999732e-01 7.417356270999999612e-01 3.559183276999999812e-01 -2.551157062950000221e-01
1.413393296805760622e+09 1.705359504500000067e+00 -1.564150925999999997e-01 1.382450812399999895e+00 5.088129903000000454e-01 7.436707238999999969e-01 3.513378777000000230e-01 -2.542142619380000079e-01
1.413393296855760336e+09 1.689023095800000096e+00 -1.709253454000000116e-01 1.373045177500000102e+00 5.104669289000000054e-01 7.448502286999999500e-01 3.478513341999999731e-01 -2.522322354920000231e-01
1.413393296905760527e+09 1.672692332200000020e+00 -1.845174276999999863e-01 1.364201331000000073e+00 5.119039480999999503e-01 7.457587476999999465e-01 3.455086278999999760e-01 -2.498440036929999997e-01
1.413393296955760479e+09 1.656216256500000039e+00 -1.969825685000000104e-01 1.356166832900000063e+00 5.138839831000000524e-01 7.462103173999999894e-01 3.433194206999999887e-01 -2.474372434969999979e-01
1.413393297005760431e+09 1.639643645800000105e+00 -2.083196154999999994e-01 1.348814191400000029e+00 5.153459463999999768e-01 7.469916134999999846e-01 3.414336934000000157e-01 -2.446326181590000037e-01
1.413393297055760384e+09 1.622915783699999892e+00 -2.186365147000000064e-01 1.342092041699999960e+00 5.171583966999999671e-01 7.478694933999999739e-01 3.389244945000000064e-01 -2.415959450019999899e-01
1.413393297105760574e+09 1.606057537999999951e+00 -2.281435960000000041e-01 1.335616033800000046e+00 5.185250915000000349e-01 7.491593096999999979e-01 3.356530777999999771e-01 -2.392259798749999944e-01
1.413393297155760288e+09 1.589257343399999911e+00 -2.372523232000000037e-01 1.329357033900000040e+00 5.193165177999999882e-01 7.505250503999999490e-01 3.327195976999999805e-01 -2.373187148950000047e-01
1.413393297205760479e+09 1.572280286900000101e+00 -2.457745635999999956e-01 1.323574804399999971e+00 5.195789939999999607e-01 7.518310019999999705e-01 3.292629917000000073e-01 -2.374314547389999863e-01
1.413393297255760431e+09 1.555231534800000093e+00 -2.534569476999999904e-01 1.318103044899999965e+00 5.199047882999999759e-01 7.528925110999999948e-01 3.257245612999999929e-01 -2.382338934650000128e-01
1.413393297305760622e+09 1.538410472700000087e+00 -2.602579387999999772e-01 1.312663334900000089e+00 5.207119246000000423e-01 7.534088221000000418e-01 3.231314096999999830e-01 -2.383701543869999884e-01
1.413393297355760336e+09 1.521807256400000030e+00 -2.660674019000000001e-01 1.307310994699999895e+00 5.214538004000000004e-01 7.538156987999999892e-01 3.217812456999999959e-01 -2.372860218819999867e-01
1.413393297405760527e+09 1.505058938599999951e+00 -2.708695872999999921e-01 1.302406608400000110e+00 5.227328355999999454e-01 7.536586587000000392e-01 3.205776944000000017e-01 -2.365987122079999949e-01
1.413393297455760479e+09 1.488545566800000053e+00 -2.747693052999999885e-01 1.297520471499999939e+00 5.236234788000000417e-01 7.537894034000000021e-01 3.203585614000000192e-01 -2.345002769379999907e-01
1.413393297505760431e+09 1.471993721300000058e+00 -2.778843040999999792e-01 1.292807106599999978e+00 5.248996643000000129e-01 7.531990471999999714e-01 3.212777130999999731e-01 -2.322760617290000051e-01
1.413393297555760384e+09 1.455226163699999908e+00 -2.804877085999999964e-01 1.288148095599999987e+00 5.257447185000000411e-01 7.527291069999999529e-01 3.211597190000000102e-01 -2.320513249539999934e-01
1.413393297605760574e+09 1.438350322000000014e+00 -2.823394772000000219e-01 1.283568224299999949e+00 5.262928295000000034e-01 7.524139252000000555e-01 3.209174805000000186e-01 -2.321661334400000054e-01
1.413393297655760288e+09 1.421545246600000034e+00 -2.839178969000000219e-01 1.279329436500000083e+00 5.260471668999999739e-01 7.523965311000000433e-01 3.197321094000000197e-01 -2.344039597929999941e-01
1.413393297705760479e+09 1.404784423399999982e+00 -2.849107450000000208e-01 1.275391284399999936e+00 5.253914710000000543e-01 7.525870922999999824e-01 3.182307608000000121e-01 -2.372881236130000016e-01
1.413393297755760431e+09 1.388194006099999989e+00 -2.851221816999999770e-01 1.271672346899999972e+00 5.256346811000000008e-01 7.521339071000000542e-01 3.164888774999999876e-01 -2.404944039159999936e-01
1.413393297805760622e+09 1.371999045599999967e+00 -2.844869045000000263e-01 1.267800806999999974e+00 5.254878288000000008e-01 7.518555056000000292e-01 3.150505923999999958e-01 -2.435548495640000033e-01
1.413393297855760336e+09 1.356479754600000032e+00 -2.830263491000000187e-01 1.263865483100000020e+00 5.262069168999999880e-01 7.510502754000000225e-01 3.134615538000000146e-01 -2.465190025929999973e-01
1.413393297905760527e+09 1.341750059200000011e+00 -2.807500361999999972e-01 1.259623855200000087e+00 5.259628645999999685e-01 7.507315423000000543e-01 3.134763930999999726e-01 -2.479874340819999967e-01
1.413393297955760479e+09 1.327704823399999956e+00 -2.774918102999999747e-01 1.255573550700000096e+00 5.255397962000000200e-01 7.505044928999999865e-01 3.138336176000000033e-01 -2.491172197800000099e-01
1.413393298005760431e+09 1.314573076799999907e+00 -2.733241837000000007e-01 1.251388432399999973e+00 5.252881454000000172e-01 7.503301744000000495e-01 3.140944675999999824e-01 -2.498432690880000029e-01
1.413393298055760384e+09 1.302280813200000109e+00 -2.684955787000000149e-01 1.247342346699999993e+00 5.247256970000000464e-01 7.501979010999999531e-01 3.149491358000000019e-01 -2.503459483720000267e-01
1.413393298105760574e+09 1.290988612000000035e+00 -2.625566621000000045e-01 1.243122390399999944e+00 5.237623961999999800e-01 7.506722616000000015e-01 3.164321829999999780e-01 -2.490678252530000025e-01
1.413393298155760288e+09 1.280333309099999983e+00 -2.557603737999999960e-01 1.238515049399999901e+00 5.220130819999999616e-01 7.513924062000000292e-01 3.190035178999999776e-01 -2.472823278200000086e-01
1.413393298205760479e+09 1.270206881800000076e+00 -2.478652204000000026e-01 1.233490694599999937e+00 5.206841114000000381e-01 7.519177827999999897e-01 3.225466544999999741e-01 -2.438675045070000102e-01
1.413393298255760431e+09 1.260194818600000044e+00 -2.388400424000000077e-01 1.228505644399999985e+00 5.207495001999999928e-01 7.516538380999999713e-01 3.262480777999999804e-01 -2.395801690569999975e-01
1.413393298305760622e+09 1.249998984499999910e+00 -2.291774409000000012e-01 1.223422180000000026e+00 5.206351367999999535e-01 7.511598312999999694e-01 3.310630352000000221e-01 -2.347237288019999868e-01
1.413393298355760336e+09 1.239551167399999931e+00 -2.187834643999999884e-01 1.218257433600000050e+00 5.209956516999999510e-01 7.503594060999999593e-01 3.359965274000000224e-01 -2.294136575759999908e-01
1.413393298405760527e+09 1.228436938400000011e+00 -2.078084417000000128e-01 1.213179533499999962e+00 5.229001778999999850e-01 7.485248743000000315e-01 3.408279338999999908e-01 -2.238799590130000072e-01
1.413393298455760479e+09 1.216133353900000102e+00 -1.968217117999999932e-01 1.208678489800000033e+00 5.261049316999999448e-01 7.455317084999999455e-01 3.450073544999999742e-01 -2.199227085980000052e-01
1.413393298505760431e+09 1.202616528999999934e+00 -1.860303527000000123e-01 1.204713619000000069e+00 5.292446403999999660e-01 7.426427592000000022e-01 3.479588149000000241e-01 -2.175005883929999884e-01
1.413393298555760384e+09 1.187685169899999948e+00 -1.757261616999999942e-01 1.201254212400000076e+00 5.320206521000000466e-01 7.402643235000000432e-01 3.492484623000000066e-01 -2.167677757600000032e-01
1.413393298605760574e+09 1.171575274600000105e+00 -1.663228170999999922e-01 1.198446860300000028e+00 5.329247843000000096e-01 7.391307368999999738e-01 3.490170283999999845e-01 -2.187785225349999918e-01
1.413393298655760288e+09 1.154118020000000078e+00 -1.579787290000000122e-01 1.196153917499999997e+00 5.319625957000000405e-01 7.393241003999999617e-01 3.474929962000000150e-01 -2.228548606909999952e-01
1.413393298705760479e+09 1.135661855900000017e+00 -1.502320242999999889e-01 1.194596568999999997e+00 5.302961162999999534e-01 7.402843664999999573e-01 3.443948157000000232e-01 -2.283797204580000073e-01
1.413393298755760431e+09 1.116692507500000042e+00 -1.428236013999999998e-01 1.193101859300000012e+00 5.282414225999999546e-01 7.414524368999999560e-01 3.413690761000000018e-01 -2.338299323220000003e-01
1.413393298805760622e+09 1.097422121399999950e+00 -1.352640146000000099e-01 1.191870973499999931e+00 5.268155879999999458e-01 7.423865888999999774e-01 3.385689626999999757e-01 -2.381145657990000053e-01
1.413393298855760336e+09 1.078032342300000002e+00 -1.277319057999999896e-01 1.191087213299999892e+00 5.255574167000000019e-01 7.432170890999999502e-01 3.361153241000000014e-01 -2.417524544290000077e-01
1.413393298905760527e+09 1.058855607299999946e+00 -1.198383994999999980e-01 1.190610867600000011e+00 5.248414453999999951e-01 7.439210702999999869e-01 3.339405551999999888e-01 -2.441446372349999894e-01
1.413393298955760479e+09 1.040023044100000016e+00 -1.115940232999999976e-01 1.189930724099999892e+00 5.236925778000000031e-01 7.451905985000000232e-01 3.319823061000000131e-01 -2.454074249700000099e-01
1.413393299005760431e+09 1.021327897199999946e+00 -1.029790089999999964e-01 1.189770690500000061e+00 5.232597583000000441e-01 7.459703696999999689e-01 3.300422880000000170e-01 -2.465755887380000066e-01
1.413393299055760384e+09 1.003068438799999962e+00 -9.375989329999999400e-02 1.189751116300000078e+00 5.232768868999999601e-01 7.466626481999999454e-01 3.292474256999999849e-01 -2.455042202369999982e-01
1.413393299105760574e+09 9.849512115999999873e-01 -8.383334150000000540e-02 1.190266253000000107e+00 5.248603348000000501e-01 7.462716649999999730e-01 3.288816050999999741e-01 -2.437972943729999897e-01
1.413393299155760288e+09 9.671401592999999686e-01 -7.324446749999999340e-02 1.190682742399999938e+00 5.283642737000000533e-01 7.446318486999999875e-01 3.297577286999999746e-01 -2.400300910200000026e-01
1.413393299205760479e+09 9.493843722999999457e-01 -6.238971120000000314e-02 1.191472065799999980e+00 5.338352511999999717e-01 7.416856357000000122e-01 3.307501793000000023e-01 -2.356409581929999886e-01
1.413393299255760431e+09 9.314412949000000497e-01 -5.196095030000000281e-02 1.193068273700000015e+00 5.400661181000000477e-01 7.379585295999999683e-01 3.307549066000000093e-01 -2.331244056710000123e-01
1.413393299305760622e+09 9.134216657000000517e-01 -4.228637880000000321e-02 1.195192551000000103e+00 5.469325733000000023e-01 7.336755086999999786e-01 3.298093342999999789e-01 -2.319715740549999905e-01
1.413393299355760336e+09 8.956944519999999743e-01 -3.383694059999999698e-02 1.197637846299999920e+00 5.526751306999999613e-01 7.301959755000000385e-01 3.270358634000000153e-01 -2.332629017299999996e-01
1.413393299405760527e+09 8.784153749999999983e-01 -2.691442120000000007e-02 1.199635355100000078e+00 5.566157055999999548e-01 7.278298627000000520e-01 3.243580039999999776e-01 -2.350202810750000038e-01
1.413393299455760479e+09 8.620252609999999871e-01 -2.156833179999999989e-02 1.201560692299999955e+00 5.578754429000000181e-01 7.273234903999999945e-01 3.216741516000000134e-01 -2.372788879280000041e-01
1.413393299505760431e+09 8.464428564999999516e-01 -1.752750260000000143e-02 1.203395064600000008e+00 5.576334467000000350e-01 7.279066795999999950e-01 3.192121815000000251e-01 -2.393749948280000095e-01
1.413393299555760384e+09 8.318334231999999773e-01 -1.500971490000000026e-02 1.205101663600000039e+00 5.555131463000000380e-01 7.297792409000000147e-01 3.172746740999999870e-01 -2.411725212620000058e-01
1.413393299605760574e+09 8.182765965999999613e-01 -1.379633979999999975e-02 1.206955875000000011e+00 5.525683367000000512e-01 7.320836845000000537e-01 3.158159684999999883e-01 -2.428620726300000088e-01
1.413393299655760288e+09 8.057764487999999892e-01 -1.344990190000000009e-02 1.208978525000000026e+00 5.488782789999999689e-01 7.348966775999999923e-01 3.143043182999999963e-01 -2.446881762420000106e-01
1.413393299705760479e+09 7.944435675000000030e-01 -1.359128929999999999e-02 1.211504038099999958e+00 5.457314298000000008e-01 7.372807333999999990e-01 3.142079207999999846e-01 -2.446787876790000038e-01
1.413393299755760431e+09 7.841015692999999676e-01 -1.422023069999999931e-02 1.214864196499999993e+00 5.444285720000000550e-01 7.381536115000000287e-01 3.142280212999999933e-01 -2.449235114280000070e-01
1.413393299805760622e+09 7.747250334999999932e-01 -1.532953350000000083e-02 1.218394785399999902e+00 5.446233934999999970e-01 7.378157628000000523e-01 3.155031205000000116e-01 -2.438668496109999972e-01
1.413393299855760336e+09 7.663009579999999765e-01 -1.665749529999999839e-02 1.222103194800000070e+00 5.446081070999999607e-01 7.376533497999999689e-01 3.173763380999999884e-01 -2.419541386050000076e-01
1.413393299905760527e+09 7.585474132999999730e-01 -1.834560920000000150e-02 1.225754788099999937e+00 5.436870903999999616e-01 7.379933778999999694e-01 3.208711521000000011e-01 -2.383523142479999912e-01
1.413393299955760479e+09 7.514348858999999603e-01 -2.028083879999999922e-02 1.229525544199999931e+00 5.434106741999999990e-01 7.380185378000000407e-01 3.252637561999999760e-01 -2.328883122719999921e-01
1.413393300005760431e+09 7.444300109999999471e-01 -2.287684309999999874e-02 1.233790131999999984e+00 5.440844148000000269e-01 7.371817364999999622e-01 3.293741628999999893e-01 -2.281400834229999897e-01
1.413393300055760384e+09 7.372166175000000043e-01 -2.618779770000000118e-02 1.237926902599999934e+00 5.440365915000000552e-01 7.367465109999999928e-01 3.334261893000000088e-01 -2.237314059019999968e-01
1.413393300105760574e+09 7.295142757000000477e-01 -3.017647990000000072e-02 1.242288105799999931e+00 5.438024698000000212e-01 7.367226505999999731e-01 3.355237945000000277e-01 -2.212292773760000109e-01
1.413393300155760288e+09 7.209575643000000200e-01 -3.540100599999999875e-02 1.247128117599999975e+00 5.426438633000000289e-01 7.372161938000000303e-01 3.357422889000000188e-01 -2.220969083650000120e-01
1.413393300205760479e+09 7.115593208999999586e-01 -4.182907460000000188e-02 1.252267543100000102e+00 5.398646905999999746e-01 7.385563159000000377e-01 3.347131636999999826e-01 -2.259375624620000023e-01
1.413393300255760431e+09 7.014750548000000530e-01 -4.938061700000000165e-02 1.257632757599999929e+00 5.363081545000000228e-01 7.396672337999999902e-01 3.334093562000000066e-01 -2.326029832540000009e-01
1.413393300305760622e+09 6.910922482000000366e-01 -5.782612310000000144e-02 1.263275775399999912e+00 5.316978160999999981e-01 7.401778614999999784e-01 3.332598803999999859e-01 -2.416030169379999870e-01
1.413393300355760336e+09 6.808394690000000304e-01 -6.664931320000000436e-02 1.268978965100000078e+00 5.269547064999999808e-01 7.400379272999999536e-01 3.343031988999999871e-01 -2.508066479809999971e-01
1.413393300405760527e+09 6.705115655000000174e-01 -7.518816579999999805e-02 1.275101703800000097e+00 5.217514383000000366e-01 7.393041587999999997e-01 3.369910877999999776e-01 -2.600803801820000261e-01
1.413393300455760479e+09 6.602072220000000380e-01 -8.324388169999999421e-02 1.281920946600000111e+00 5.163658746000000521e-01 7.377209750000000010e-01 3.410081521000000171e-01 -2.699027357839999808e-01
1.413393300505760431e+09 6.505145890000000319e-01 -9.045022640000000003e-02 1.288670266500000050e+00 5.124230310999999816e-01 7.347743761999999679e-01 3.468800361000000110e-01 -2.778551669500000099e-01
1.413393300555760384e+09 6.416293919000000123e-01 -9.693228680000000319e-02 1.294971477999999898e+00 5.084265152000000398e-01 7.309609150000000444e-01 3.541438672000000176e-01 -2.859733215799999950e-01
1.413393300605760574e+09 6.336570062999999919e-01 -1.025083881999999946e-01 1.300966662800000062e+00 5.049965572000000291e-01 7.261834327999999728e-01 3.632217280999999742e-01 -2.927559996310000190e-01
1.413393300655760288e+09 6.266089271000000460e-01 -1.068875256999999995e-01 1.306474389199999919e+00 5.024978200999999922e-01 7.204055272999999593e-01 3.738952428999999800e-01 -2.978492308999999838e-01
1.413393300705760479e+09 6.201671993999999799e-01 -1.102358880999999985e-01 1.312162875200000078e+00 5.000041731000000045e-01 7.140611944000000433e-01 3.862653357999999981e-01 -3.015153859229999789e-01
1.413393300755760431e+09 6.141104979999999491e-01 -1.127241400000000004e-01 1.318194505599999955e+00 4.977885142999999846e-01 7.072305359999999652e-01 3.988195284000000118e-01 -3.049172799880000007e-01
1.413393300805760622e+09 6.088545897999999568e-01 -1.143479641999999991e-01 1.323476832299999906e+00 4.969760497999999860e-01 7.003204091000000409e-01 4.103699988000000243e-01 -3.068592422759999772e-01
1.413393300855760336e+09 6.040490284999999737e-01 -1.154743624999999968e-01 1.326947492499999992e+00 4.974197651999999747e-01 6.932209660000000495e-01 4.201765734999999835e-01 -3.089820651660000195e-01
1.413393300905760527e+09 5.991033674000000309e-01 -1.160261231000000032e-01 1.327874740399999975e+00 4.988003245000000030e-01 6.863625266999999752e-01 4.281156550999999921e-01 -3.111618616910000190e-01
1.413393300955760479e+09 5.942363507000000267e-01 -1.165140785000000068e-01 1.325572837199999965e+00 5.003173346999999493e-01 6.803189538999999675e-01 4.338351190999999996e-01 -3.140633295149999893e-01
1.413393301005760431e+09 5.895082576000000296e-01 -1.171496005000000062e-01 1.320136049700000092e+00 5.022079789000000183e-01 6.746174746999999972e-01 4.376754907000000028e-01 -3.179914678540000095e-01
1.413393301055760384e+09 5.846085681999999561e-01 -1.181342194000000040e-01 1.312725298499999971e+00 5.037865410999999849e-01 6.695017048000000415e-01 4.404093427999999921e-01 -3.224999211390000009e-01
1.413393301105760574e+09 5.798858107000000039e-01 -1.198697008000000064e-01 1.303527987300000079e+00 5.042790703999999735e-01 6.649712419000000097e-01 4.434616844000000002e-01 -3.268908092369999796e-01
1.413393301155760288e+09 5.754100883999999638e-01 -1.223312646999999975e-01 1.291932191599999946e+00 5.041812959000000482e-01 6.605545214000000387e-01 4.467848047999999905e-01 -3.314397128980000051e-01
1.413393301205760479e+09 5.714864199000000422e-01 -1.256859989000000122e-01 1.278670202500000075e+00 5.027595150000000457e-01 6.565099924999999725e-01 4.507662137999999818e-01 -3.362102322550000189e-01
1.413393301255760431e+09 5.686647164000000476e-01 -1.300743666999999992e-01 1.264746797899999997e+00 5.001726710999999659e-01 6.526895415000000256e-01 4.556458820000000021e-01 -3.408965997130000147e-01
1.413393301305760622e+09 5.670641489000000091e-01 -1.354397028999999864e-01 1.251519447700000010e+00 4.978162803999999775e-01 6.480990991999999729e-01 4.610378039999999955e-01 -3.458188136700000026e-01
1.413393301355760336e+09 5.666668377000000367e-01 -1.419538693000000074e-01 1.238754033099999985e+00 4.945622870999999976e-01 6.432506671000000065e-01 4.677734425999999779e-01 -3.504635927829999886e-01
1.413393301405760527e+09 5.675466831000000045e-01 -1.494323889999999988e-01 1.227147036399999891e+00 4.904071902000000094e-01 6.384872716999999698e-01 4.743275958000000014e-01 -3.561574421059999773e-01
1.413393301455760479e+09 5.697505470000000516e-01 -1.576558717000000054e-01 1.215961741299999899e+00 4.857413808000000111e-01 6.336486523000000037e-01 4.815404697999999817e-01 -3.614740272070000038e-01
1.413393301505760431e+09 5.731230468000000355e-01 -1.666418785000000069e-01 1.205454224699999966e+00 4.799964232000000219e-01 6.289035308999999518e-01 4.900812258999999727e-01 -3.659291933589999823e-01
1.413393301555760384e+09 5.774360191999999836e-01 -1.761930339999999984e-01 1.195480828800000062e+00 4.730519898000000167e-01 6.247459239999999525e-01 4.999939520000000193e-01 -3.686738306799999809e-01
1.413393301605760574e+09 5.824123536999999962e-01 -1.862885063999999979e-01 1.186327019299999952e+00 4.659553939000000145e-01 6.203233503999999732e-01 5.106042710000000540e-01 -3.706316099329999836e-01
1.413393301655760288e+09 5.878364370999999977e-01 -1.968729384000000027e-01 1.178198704699999988e+00 4.592616568999999815e-01 6.153603135999999862e-01 5.213428009999999668e-01 -3.723064581530000083e-01
1.413393301705760479e+09 5.932600260000000514e-01 -2.075083652999999972e-01 1.171081909300000001e+00 4.544706239999999897e-01 6.101950092000000270e-01 5.302806181000000452e-01 -3.740601137530000231e-01
1.413393301755760431e+09 5.985867896000000021e-01 -2.185521259000000049e-01 1.164451606899999936e+00 4.499059826999999845e-01 6.056795239000000164e-01 5.383006320000000011e-01 -3.754588535489999934e-01
1.413393301805760622e+09 6.035305743000000112e-01 -2.300543475999999865e-01 1.158395506399999997e+00 4.470309043999999843e-01 6.009971776000000432e-01 5.450801376999999670e-01 -3.766343141130000238e-01
1.413393301855760336e+09 6.079073966000000384e-01 -2.421137664000000134e-01 1.153107399600000083e+00 4.449039598000000262e-01 5.972355670000000227e-01 5.492458020999999579e-01 -3.790767638099999948e-01
1.413393301905760527e+09 6.118641350000000312e-01 -2.547540515000000227e-01 1.148144225900000093e+00 4.432923476999999779e-01 5.939342668000000547e-01 5.530676302999999461e-01 -3.805918779540000130e-01
1.413393301955760479e+09 6.154453316000000340e-01 -2.681923835000000200e-01 1.143655061600000078e+00 4.422129988999999872e-01 5.909935150999999776e-01 5.563998233000000404e-01 -3.815672487399999757e-01
1.413393302005760431e+09 6.183610054999999495e-01 -2.822791496000000011e-01 1.139959347900000086e+00 4.422043751999999994e-01 5.883956106000000075e-01 5.581368878000000366e-01 -3.830523598539999908e-01
1.413393302055760384e+09 6.209377719999999989e-01 -2.973026162999999888e-01 1.137035475500000059e+00 4.423042939999999867e-01 5.862275445000000307e-01 5.593740690999999821e-01 -3.844539354450000057e-01
1.413393302105760574e+09 6.229735185000000453e-01 -3.132716730999999810e-01 1.134776579900000026e+00 4.414535768999999776e-01 5.853303987000000319e-01 5.599391713000000381e-01 -3.859730408270000135e-01
1.413393302155760288e+09 6.245514149999999987e-01 -3.300538123999999796e-01 1.133281171599999970e+00 4.408296387999999788e-01 5.851950941000000350e-01 5.594407793000000240e-01 -3.876105594889999728e-01
1.413393302205760479e+09 6.256887023999999631e-01 -3.476531542999999891e-01 1.132530253000000098e+00 4.404414808000000070e-01 5.855502675000000545e-01 5.588188501999999946e-01 -3.884117388589999886e-01
1.413393302255760431e+09 6.267083594000000257e-01 -3.660987085999999890e-01 1.132368644900000110e+00 4.393121240999999788e-01 5.865977675000000335e-01 5.577266676000000034e-01 -3.896779195089999925e-01
1.413393302305760622e+09 6.273804676999999996e-01 -3.851389505999999741e-01 1.133027217300000000e+00 4.395100044999999955e-01 5.874342363000000233e-01 5.555539702999999774e-01 -3.912949781589999954e-01
1.413393302355760336e+09 6.280199649000000051e-01 -4.048643839000000133e-01 1.133935084300000007e+00 4.379404610000000031e-01 5.898058766999999536e-01 5.530753163999999611e-01 -3.929947516089999926e-01
1.413393302405760527e+09 6.284621951000000095e-01 -4.247717391999999981e-01 1.135391828499999978e+00 4.376238850999999985e-01 5.915715207999999725e-01 5.510552971000000078e-01 -3.935308507020000013e-01
1.413393302455760479e+09 6.288282231999999805e-01 -4.448625659000000065e-01 1.137804882900000036e+00 4.370086337999999904e-01 5.940718205999999668e-01 5.481999362999999681e-01 -3.944349829609999913e-01
1.413393302505760431e+09 6.291014200000000223e-01 -4.650324834999999823e-01 1.140929351700000094e+00 4.361332381999999952e-01 5.968223119000000132e-01 5.457149813999999655e-01 -3.946974608830000064e-01
1.413393302555760384e+09 6.292557117999999505e-01 -4.851957771000000030e-01 1.144909984000000103e+00 4.348984115000000261e-01 6.000251302000000342e-01 5.423256473999999994e-01 -3.958738522499999912e-01
1.413393302605760574e+09 6.293113863000000530e-01 -5.051101565000000182e-01 1.149546744300000034e+00 4.330361707000000004e-01 6.035458357999999857e-01 5.392895770000000200e-01 -3.967100341140000208e-01
1.413393302655760288e+09 6.293130283000000214e-01 -5.243721672000000167e-01 1.154754509500000026e+00 4.321418732999999790e-01 6.064202384000000334e-01 5.371311806999999883e-01 -3.962297193700000109e-01
1.413393302705760479e+09 6.293035029000000335e-01 -5.430732592000000469e-01 1.160670259700000040e+00 4.319214160000000025e-01 6.084157542999999446e-01 5.357242786000000478e-01 -3.953146312449999922e-01
1.413393302755760431e+09 6.290691054000000504e-01 -5.611523230999999612e-01 1.167283547999999893e+00 4.313040328000000145e-01 6.103881181000000433e-01 5.342458303999999547e-01 -3.949488185600000256e-01
1.413393302805760622e+09 6.285585988999999874e-01 -5.783473065999999996e-01 1.174740993199999917e+00 4.313852538999999875e-01 6.116503540000000072e-01 5.326763683999999888e-01 -3.950272063110000231e-01
1.413393302855760336e+09 6.278508259999999730e-01 -5.947604435000000134e-01 1.182744325100000049e+00 4.307111882999999919e-01 6.130206451999999917e-01 5.316639859999999773e-01 -3.950024896020000176e-01
1.413393302905760527e+09 6.267558657999999783e-01 -6.103916577000000343e-01 1.191033368000000037e+00 4.306582572000000053e-01 6.135111112000000144e-01 5.312526673999999893e-01 -3.948521056029999921e-01
1.413393302955760479e+09 6.254049534000000188e-01 -6.250544444000000199e-01 1.199481364099999947e+00 4.303053923999999864e-01 6.143328597999999641e-01 5.309958631000000207e-01 -3.943041974109999792e-01
1.413393303005760431e+09 6.237200252000000278e-01 -6.386610191999999575e-01 1.208083425599999927e+00 4.316687788999999942e-01 6.136216704000000410e-01 5.317084010000000527e-01 -3.929588874280000033e-01
1.413393303055760384e+09 6.218237049000000516e-01 -6.515455437999999599e-01 1.216970271599999931e+00 4.329388699000000229e-01 6.124774655000000401e-01 5.322831160000000006e-01 -3.925684316540000163e-01
1.413393303105760574e+09 6.196760183999999727e-01 -6.635016913000000294e-01 1.225817207399999997e+00 4.344227507999999793e-01 6.115929307999999898e-01 5.324696778999999935e-01 -3.920548466000000065e-01
1.413393303155760288e+09 6.174593642000000271e-01 -6.750219678000000112e-01 1.234487686100000037e+00 4.349704710999999779e-01 6.109494758000000303e-01 5.331565914000000461e-01 -3.915168915130000094e-01
1.413393303205760479e+09 6.151355302000000025e-01 -6.859419144999999718e-01 1.243552521700000080e+00 4.355767797999999802e-01 6.102273348000000208e-01 5.330856333000000280e-01 -3.920652704839999725e-01
1.413393303255760431e+09 6.128111134000000515e-01 -6.961155209999999594e-01 1.252499574600000054e+00 4.357593009999999878e-01 6.100342828000000495e-01 5.335643186999999843e-01 -3.915113321109999767e-01
1.413393303305760622e+09 6.101852947000000471e-01 -7.055216721999999496e-01 1.261349844499999984e+00 4.376804974999999875e-01 6.087561273999999578e-01 5.353266411999999530e-01 -3.889436290780000083e-01
1.413393303355760336e+09 6.073633953000000529e-01 -7.143596366000000142e-01 1.270327407099999917e+00 4.405786796000000227e-01 6.068397925999999831e-01 5.379381475000000190e-01 -3.850434295869999968e-01
1.413393303405760527e+09 6.042649206000000328e-01 -7.231280927000000025e-01 1.279698344300000068e+00 4.433912138000000169e-01 6.051058273999999626e-01 5.402474919999999958e-01 -3.812922981419999968e-01
1.413393303455760479e+09 6.009168423999999842e-01 -7.320969293000000322e-01 1.289796161099999949e+00 4.450409377000000277e-01 6.042243483000000470e-01 5.417135811000000079e-01 -3.786791475679999741e-01
1.413393303505760431e+09 5.972139976000000461e-01 -7.415219693000000278e-01 1.300897971699999989e+00 4.472655871999999810e-01 6.027999745000000020e-01 5.424940723000000187e-01 -3.772079887850000035e-01
1.413393303555760384e+09 5.931269850000000510e-01 -7.513502562999999634e-01 1.312795972500000019e+00 4.490049454999999745e-01 6.026125149000000070e-01 5.420362426000000511e-01 -3.760976303129999754e-01
1.413393303605760574e+09 5.884312793000000541e-01 -7.618166602000000509e-01 1.325649543199999947e+00 4.510671229000000060e-01 6.017978139999999865e-01 5.412483515999999550e-01 -3.760692271050000146e-01
1.413393303655760288e+09 5.834640789999999688e-01 -7.730007186999999780e-01 1.339193394300000062e+00 4.525116571999999726e-01 6.014191342000000384e-01 5.397046406000000074e-01 -3.771566332319999937e-01
1.413393303705760479e+09 5.786512740999999460e-01 -7.846286663000000550e-01 1.353127557699999928e+00 4.529420250999999786e-01 6.022287588000000413e-01 5.380233823000000193e-01 -3.777497638539999980e-01
1.413393303755760431e+09 5.738824838999999622e-01 -7.968870187000000049e-01 1.367516171499999933e+00 4.522122527999999919e-01 6.033719343000000235e-01 5.370185660999999833e-01 -3.782293576610000208e-01
1.413393303805760622e+09 5.691898037999999493e-01 -8.095216724999999558e-01 1.382566683799999918e+00 4.523566911999999940e-01 6.037253766000000299e-01 5.357932457999999842e-01 -3.792290749630000124e-01
1.413393303855760336e+09 5.646551254999999658e-01 -8.224332868999999491e-01 1.397970584300000096e+00 4.510287767000000225e-01 6.052962453000000353e-01 5.339735128999999469e-01 -3.808697749619999740e-01
1.413393303905760527e+09 5.602304536000000112e-01 -8.356030836000000184e-01 1.413761046499999896e+00 4.494169605000000178e-01 6.066758803999999783e-01 5.324892019000000420e-01 -3.826539187829999800e-01
1.413393303955760479e+09 5.558123274999999808e-01 -8.486469016000000032e-01 1.428895048200000018e+00 4.472327160999999829e-01 6.083045744999999727e-01 5.304174945999999835e-01 -3.854941292849999868e-01
1.413393304005760431e+09 5.514674467000000302e-01 -8.613506627000000471e-01 1.441671778699999962e+00 4.446050787999999976e-01 6.105711171000000048e-01 5.287173715999999857e-01 -3.872817782870000003e-01
1.413393304055760384e+09 5.470436114000000183e-01 -8.735171669000000305e-01 1.451709623199999966e+00 4.428778219000000238e-01 6.118126207999999844e-01 5.273535595999999659e-01 -3.891564916299999899e-01
1.413393304105760574e+09 5.429495383000000341e-01 -8.849386095000000285e-01 1.457918024200000051e+00 4.404560458999999817e-01 6.134804761000000051e-01 5.274835772000000533e-01 -3.891031392159999824e-01
1.413393304155760288e+09 5.391272588000000088e-01 -8.953553158999999484e-01 1.460513555199999924e+00 4.381769104000000081e-01 6.153954096999999512e-01 5.289110323000000280e-01 -3.867073890539999836e-01
1.413393304205760479e+09 5.350511134000000002e-01 -9.050373238000000153e-01 1.460422223999999991e+00 4.360352480999999947e-01 6.165240803999999519e-01 5.311267965000000535e-01 -3.842858919559999920e-01
1.413393304255760431e+09 5.305598109000000395e-01 -9.137177392999999981e-01 1.458240203199999918e+00 4.355563858000000010e-01 6.165773567000000233e-01 5.344330444999999541e-01 -3.801372369620000247e-01
1.413393304305760622e+09 5.253724993999999704e-01 -9.216934919000000503e-01 1.454020907000000085e+00 4.358635411999999820e-01 6.160574666999999449e-01 5.373347750000000422e-01 -3.765202660329999840e-01
1.413393304355760336e+09 5.199559617000000245e-01 -9.292995135999999601e-01 1.448747987099999968e+00 4.363466080999999774e-01 6.149442267000000406e-01 5.406202722999999821e-01 -3.730615992860000230e-01
1.413393304405760527e+09 5.136657651999999574e-01 -9.364619009000000327e-01 1.443597068999999955e+00 4.369157148999999740e-01 6.137973891000000348e-01 5.429653902000000087e-01 -3.708719567459999866e-01
1.413393304455760479e+09 5.062788136000000438e-01 -9.434060240999999625e-01 1.438753678100000100e+00 4.384282530999999983e-01 6.119064150999999896e-01 5.449620349999999558e-01 -3.692798212560000071e-01
1.413393304505760431e+09 4.979267782999999836e-01 -9.504085480999999724e-01 1.434405791599999924e+00 4.393659971000000164e-01 6.102535395000000529e-01 5.461079438000000508e-01 -3.692075999430000088e-01
1.413393304555760384e+09 4.887319766000000065e-01 -9.573287132000000144e-01 1.430603035699999914e+00 4.414374106999999769e-01 6.075410288000000492e-01 5.468729032000000378e-01 -3.700769359650000201e-01
1.413393304605760574e+09 4.789371116000000206e-01 -9.641721940999999907e-01 1.426749588300000093e+00 4.442953733000000183e-01 6.047196303999999856e-01 5.477977745000000009e-01 -3.699099728779999818e-01
1.413393304655760288e+09 4.687453556000000243e-01 -9.714466877999999861e-01 1.423320078299999958e+00 4.458158823999999743e-01 6.025539831999999763e-01 5.482783950999999822e-01 -3.709011968279999905e-01
1.413393304705760479e+09 4.578538348000000258e-01 -9.791585866999999999e-01 1.420581825900000039e+00 4.482198875000000249e-01 5.998066637000000201e-01 5.482773410000000291e-01 -3.724551732310000252e-01
1.413393304755760431e+09 4.466543346999999886e-01 -9.875847559000000553e-01 1.418266724800000045e+00 4.471637073999999989e-01 5.994485822999999769e-01 5.485042153000000420e-01 -3.739640915010000177e-01
1.413393304805760622e+09 4.349430824000000140e-01 -9.964866284000000185e-01 1.416870413000000051e+00 4.465859771999999839e-01 5.983369110999999796e-01 5.486670298000000390e-01 -3.761893090030000164e-01
1.413393304855760336e+09 4.229153808000000181e-01 -1.005954232399999926e+00 1.416034631200000060e+00 4.441914008000000247e-01 5.986385066999999616e-01 5.483984901999999773e-01 -3.789261586939999815e-01
1.413393304905760527e+09 4.106353742000000140e-01 -1.015382040200000002e+00 1.415337542100000068e+00 4.433725750999999993e-01 5.980287917000000064e-01 5.498577111000000350e-01 -3.787331797610000161e-01
1.413393304955760479e+09 3.978117114999999981e-01 -1.025183069499999933e+00 1.415389012099999899e+00 4.423546971000000272e-01 5.977117454000000496e-01 5.501975394000000463e-01 -3.799284919809999828e-01
1.413393305005760431e+09 3.848625012999999928e-01 -1.034844866700000088e+00 1.415441112199999907e+00 4.422797420999999840e-01 5.970600776000000165e-01 5.518081378000000425e-01 -3.787026174629999908e-01
1.413393305055760384e+09 3.716555378999999992e-01 -1.044910271800000068e+00 1.415749521399999988e+00 4.406168485999999995e-01 5.976686683999999916e-01 5.524186043000000046e-01 -3.787910257470000208e-01
1.413393305105760574e+09 3.579451466999999942e-01 -1.055061352200000080e+00 1.416950497099999984e+00 4.399783934000000007e-01 5.979930399999999757e-01 5.524208806000000527e-01 -3.790178202639999938e-01
1.413393305155760288e+09 3.437741823000000085e-01 -1.065213468400000085e+00 1.418611929099999891e+00 4.384999285000000246e-01 5.993499552000000064e-01 5.521360114000000152e-01 -3.790029931950000264e-01
1.413393305205760479e+09 3.287713805999999961e-01 -1.075243912599999963e+00 1.421007641000000099e+00 4.396801891000000073e-01 5.988817825000000150e-01 5.524900469000000314e-01 -3.778580288550000277e-01
1.413393305255760431e+09 3.135315993000000190e-01 -1.085234174300000021e+00 1.423891460599999936e+00 4.424411780999999988e-01 5.975904944000000052e-01 5.541370877000000306e-01 -3.742505749799999726e-01
1.413393305305760622e+09 2.977512116000000097e-01 -1.095619031500000062e+00 1.428099014799999900e+00 4.446378995999999972e-01 5.975546270999999576e-01 5.533767925999999449e-01 -3.728266774499999769e-01
1.413393305355760336e+09 2.814249883000000119e-01 -1.106491141300000036e+00 1.432719920400000069e+00 4.470034689999999866e-01 5.980863615999999494e-01 5.519533023999999566e-01 -3.712521443649999808e-01
1.413393305405760527e+09 2.646961045999999818e-01 -1.118054141100000010e+00 1.437447141100000048e+00 4.478610244999999823e-01 6.000055691000000246e-01 5.500891074000000547e-01 -3.698861901550000164e-01
1.413393305455760479e+09 2.478943722999999988e-01 -1.130468873699999932e+00 1.442508067499999935e+00 4.468525195999999977e-01 6.032319047999999961e-01 5.473670219999999809e-01 -3.698965233950000098e-01
1.413393305505760431e+09 2.306686782000000047e-01 -1.143461382899999990e+00 1.447797038900000111e+00 4.470791478000000208e-01 6.053183927999999936e-01 5.449541076999999678e-01 -3.697768239149999969e-01
1.413393305555760384e+09 2.129862335000000106e-01 -1.156907521299999964e+00 1.453284672000000111e+00 4.473004991999999791e-01 6.074233032000000421e-01 5.424941249000000409e-01 -3.696746116230000267e-01
1.413393305605760574e+09 1.951565439000000068e-01 -1.170979277500000082e+00 1.458906424400000068e+00 4.468847311999999961e-01 6.095061604999999494e-01 5.405658861000000037e-01 -3.695738089039999896e-01
1.413393305655760288e+09 1.766630177999999884e-01 -1.184964829199999903e+00 1.464817267799999989e+00 4.482408976999999739e-01 6.111823495999999523e-01 5.387403146999999448e-01 -3.678248310919999819e-01
1.413393305705760479e+09 1.576166136000000106e-01 -1.199007680000000020e+00 1.471067184300000052e+00 4.504709251999999831e-01 6.130662671000000064e-01 5.363340829999999615e-01 -3.654742796470000221e-01
1.413393305755760431e+09 1.380622049999999934e-01 -1.213013651700000084e+00 1.477502366900000030e+00 4.552497408999999773e-01 6.135512348999999643e-01 5.344613315999999781e-01 -3.614604273390000233e-01
1.413393305805760622e+09 1.181646712000000016e-01 -1.227447367899999975e+00 1.484507961800000109e+00 4.604481832999999802e-01 6.142864125000000453e-01 5.319799018999999962e-01 -3.572632892500000046e-01
1.413393305855760336e+09 9.804680690000000531e-02 -1.242440770099999980e+00 1.491758356999999924e+00 4.666905445999999791e-01 6.137370184999999534e-01 5.307325267000000402e-01 -3.519229925340000009e-01
1.413393305905760527e+09 7.774180690000000171e-02 -1.258652751599999897e+00 1.498802715599999891e+00 4.717586035999999927e-01 6.137143480000000206e-01 5.303971127000000063e-01 -3.456550618120000085e-01
1.413393305955760479e+09 5.693803699999999690e-02 -1.276749601499999942e+00 1.506853475600000047e+00 4.754154042000000024e-01 6.143255930000000031e-01 5.279546327999999900e-01 -3.432902052219999889e-01
1.413393306005760431e+09 3.591095849999999950e-02 -1.296776589900000110e+00 1.515335593499999911e+00 4.758016252000000224e-01 6.167411061999999999e-01 5.246828091999999888e-01 -3.434402002199999915e-01
1.413393306055760384e+09 1.456066519999999961e-02 -1.318533532900000083e+00 1.524300853700000014e+00 4.754564787000000181e-01 6.189810180000000495e-01 5.209170972000000122e-01 -3.456139666979999858e-01
1.413393306105760574e+09 -6.831816600000000309e-03 -1.341505006800000066e+00 1.532937983899999912e+00 4.743687274000000231e-01 6.214546251000000465e-01 5.180819993999999928e-01 -3.469286688029999954e-01
1.413393306155760288e+09 -2.829117169999999931e-02 -1.365695358800000037e+00 1.541384814800000003e+00 4.731920492000000200e-01 6.231631569000000148e-01 5.160989866999999842e-01 -3.484233063300000155e-01
1.413393306205760479e+09 -4.978865949999999874e-02 -1.390840939600000103e+00 1.549884977700000110e+00 4.717700454000000043e-01 6.247727543000000106e-01 5.143145536000000018e-01 -3.501036556220000207e-01
1.413393306255760431e+09 -7.127074980000000504e-02 -1.416522596499999898e+00 1.558244289199999910e+00 4.703268502999999878e-01 6.262953367000000382e-01 5.133148371000000321e-01 -3.507915095210000223e-01
1.413393306305760622e+09 -9.270610040000000496e-02 -1.442740088599999915e+00 1.566331189000000013e+00 4.678995872999999750e-01 6.286333200000000510e-01 5.125032806000000551e-01 -3.510420380770000182e-01
1.413393306355760336e+09 -1.143571686000000032e-01 -1.469059178299999990e+00 1.574275558999999935e+00 4.653527977999999954e-01 6.322168329999999781e-01 5.105777435999999669e-01 -3.507976871699999832e-01
1.413393306405760527e+09 -1.363807653000000120e-01 -1.495082263000000022e+00 1.581222370000000099e+00 4.632421065999999810e-01 6.368896402999999484e-01 5.075977354999999802e-01 -3.494608355750000173e-01
1.413393306455760479e+09 -1.589797146999999966e-01 -1.520694731799999921e+00 1.586337861899999924e+00 4.620199231000000073e-01 6.426631081000000467e-01 5.029135110000000353e-01 -3.472747049409999898e-01
1.413393306505760431e+09 -1.820979413000000102e-01 -1.545732180399999933e+00 1.589360631899999987e+00 4.623587384000000244e-01 6.486849220000000527e-01 4.964127716000000246e-01 -3.449733745660000239e-01
1.413393306555760384e+09 -2.057155763000000082e-01 -1.569823998800000009e+00 1.589481399499999892e+00 4.647732929999999762e-01 6.544864056000000430e-01 4.892008868000000121e-01 -3.410510568069999859e-01
1.413393306605760574e+09 -2.296368352000000002e-01 -1.593091989499999972e+00 1.587597659200000066e+00 4.692134774000000230e-01 6.597387543999999604e-01 4.802997070000000202e-01 -3.374843404910000122e-01
1.413393306655760288e+09 -2.540405088000000089e-01 -1.615672775700000008e+00 1.583674695500000063e+00 4.738756615999999977e-01 6.650408036999999606e-01 4.710062094999999949e-01 -3.336401313399999791e-01
1.413393306705760479e+09 -2.785779899999999976e-01 -1.638170894499999974e+00 1.579170072499999966e+00 4.754677371000000097e-01 6.721552294999999511e-01 4.589035740999999891e-01 -3.339839639320000275e-01
1.413393306755760431e+09 -3.029966745000000072e-01 -1.659980866800000010e+00 1.574949914000000062e+00 4.765224376000000150e-01 6.786936832000000086e-01 4.483879436000000052e-01 -3.335408563689999939e-01
1.413393306805760622e+09 -3.271396046000000224e-01 -1.680965443100000067e+00 1.571469239800000084e+00 4.777250250000000253e-01 6.839366161000000055e-01 4.382857217000000194e-01 -3.345371904769999793e-01
1.413393306855760336e+09 -3.507581731000000147e-01 -1.700718532600000055e+00 1.568426157500000029e+00 4.779367860000000023e-01 6.891874480999999886e-01 4.303654291999999826e-01 -3.337404489010000197e-01
1.413393306905760527e+09 -3.736919957000000014e-01 -1.718721714600000006e+00 1.565813591499999990e+00 4.794596071000000181e-01 6.936170737000000308e-01 4.228701000000000265e-01 -3.319558989759999745e-01
1.413393306955760479e+09 -3.960451114999999911e-01 -1.734986198599999918e+00 1.564110468199999993e+00 4.804604974000000195e-01 6.984865600999999868e-01 4.154252870999999847e-01 -3.296908652689999886e-01
1.413393307005760431e+09 -4.177239862000000081e-01 -1.749141845700000086e+00 1.563120254600000036e+00 4.825792796000000218e-01 7.029974600999999712e-01 4.088344742999999726e-01 -3.252171315610000168e-01
1.413393307055760384e+09 -4.385588797000000150e-01 -1.761317913899999921e+00 1.562271042599999937e+00 4.857474740000000124e-01 7.070253113000000145e-01 4.028468463000000055e-01 -3.191849292799999738e-01
1.413393307105760574e+09 -4.586702049999999975e-01 -1.771442073600000056e+00 1.561250352699999899e+00 4.901766191999999966e-01 7.104346595999999625e-01 3.973149219000000065e-01 -3.116894757270000094e-01
1.413393307155760288e+09 -4.782722359000000090e-01 -1.779787078300000047e+00 1.560115089299999980e+00 4.951006708999999839e-01 7.135659763999999683e-01 3.925272627999999986e-01 -3.026900576139999743e-01
1.413393307205760479e+09 -4.974927443000000116e-01 -1.786553996599999916e+00 1.559398648700000001e+00 4.995743131000000004e-01 7.172135205999999874e-01 3.870404100000000014e-01 -2.936494382370000156e-01
1.413393307255760431e+09 -5.163549455000000510e-01 -1.792119023699999980e+00 1.559364565899999944e+00 5.044190269999999643e-01 7.205361338000000337e-01 3.807894560000000261e-01 -2.852867246970000048e-01
1.413393307305760622e+09 -5.349584308000000510e-01 -1.796649998299999940e+00 1.559801902900000092e+00 5.098193550999999824e-01 7.234411904999999976e-01 3.742953391000000130e-01 -2.768033023240000223e-01
1.413393307355760336e+09 -5.531941142999999839e-01 -1.800394148000000083e+00 1.560281827899999918e+00 5.126005139999999516e-01 7.284531271999999946e-01 3.668120619999999943e-01 -2.684132368459999918e-01
1.413393307405760527e+09 -5.712688419000000462e-01 -1.803189350800000090e+00 1.561475454200000001e+00 5.164843652999999701e-01 7.329104063000000391e-01 3.586126881999999738e-01 -2.597752427380000118e-01
1.413393307455760479e+09 -5.892416467000000102e-01 -1.804944685299999962e+00 1.563625621199999927e+00 5.204910069000000528e-01 7.376471983000000288e-01 3.495250019999999735e-01 -2.505952824770000253e-01
1.413393307505760431e+09 -6.070739510999999533e-01 -1.806077750400000070e+00 1.566363371000000004e+00 5.234201354999999944e-01 7.430738703000000500e-01 3.398322363999999873e-01 -2.416332675910000116e-01
1.413393307555760384e+09 -6.247639226000000212e-01 -1.806776116500000029e+00 1.569511337900000081e+00 5.246913523999999773e-01 7.495198283999999767e-01 3.301355926000000274e-01 -2.322272639150000095e-01
1.413393307605760574e+09 -6.428191841000000517e-01 -1.806920764600000062e+00 1.573297958199999957e+00 5.259653171000000516e-01 7.557655184999999554e-01 3.194476499000000191e-01 -2.239021332929999886e-01
1.413393307655760288e+09 -6.612914112000000122e-01 -1.806539803599999994e+00 1.577616598000000092e+00 5.255769514000000475e-01 7.630139785999999757e-01 3.080615919999999952e-01 -2.160476618249999869e-01
1.413393307705760479e+09 -6.800250839999999464e-01 -1.805454068800000034e+00 1.582174261200000043e+00 5.254674594999999560e-01 7.696310978000000524e-01 2.971792014999999898e-01 -2.079337504229999967e-01
1.413393307755760431e+09 -6.992633593999999508e-01 -1.803127424199999940e+00 1.587108378399999964e+00 5.277975039000000201e-01 7.743817519000000260e-01 2.868171813000000014e-01 -1.987425515410000121e-01
1.413393307805760622e+09 -7.189981331000000475e-01 -1.799675404600000084e+00 1.592533386699999998e+00 5.343344163000000036e-01 7.757080391999999769e-01 2.777260475000000173e-01 -1.887644351080000060e-01
1.413393307855760336e+09 -7.392706210999999694e-01 -1.795640455100000032e+00 1.598089279699999921e+00 5.402943408000000503e-01 7.770638166000000124e-01 2.681139156999999829e-01 -1.799132527869999887e-01
1.413393307905760527e+09 -7.599741845999999912e-01 -1.791089658900000048e+00 1.603900343500000103e+00 5.467142847999999500e-01 7.777993756000000092e-01 2.587234862000000191e-01 -1.708618733470000095e-01
1.413393307955760479e+09 -7.810890203999999448e-01 -1.786410965700000020e+00 1.609862727999999965e+00 5.517313133000000258e-01 7.792193938999999459e-01 2.494904266000000093e-01 -1.617535816600000065e-01
1.413393308005760431e+09 -8.026903585000000341e-01 -1.781721708899999923e+00 1.616283275300000044e+00 5.562957534000000370e-01 7.807858596000000206e-01 2.393340159000000023e-01 -1.537130606949999867e-01
1.413393308055760384e+09 -8.247171053999999835e-01 -1.777318089300000015e+00 1.622471918500000054e+00 5.597511504000000082e-01 7.828542948000000168e-01 2.296942157999999901e-01 -1.451150231309999983e-01
1.413393308105760574e+09 -8.473900886999999882e-01 -1.773023512800000034e+00 1.628835524599999918e+00 5.629367306000000459e-01 7.848813523000000014e-01 2.198648166000000126e-01 -1.368318771070000106e-01
1.413393308155760288e+09 -8.705339613000000476e-01 -1.768927981999999899e+00 1.635104257600000111e+00 5.646765953000000282e-01 7.877845659000000111e-01 2.097003343000000131e-01 -1.286918425219999995e-01
1.413393308205760479e+09 -8.943691551000000350e-01 -1.765083742300000091e+00 1.641613401499999902e+00 5.665891038000000490e-01 7.902585934000000423e-01 1.998364572000000117e-01 -1.205551055240000058e-01
1.413393308255760431e+09 -9.188551858000000294e-01 -1.761457876199999939e+00 1.648311924399999961e+00 5.687797085000000363e-01 7.924253304999999692e-01 1.894476286000000009e-01 -1.125225970300000045e-01
1.413393308305760622e+09 -9.440292647000000370e-01 -1.758005011200000078e+00 1.655277059299999909e+00 5.714248815000000370e-01 7.942610869999999768e-01 1.773986358000000096e-01 -1.056061295270000061e-01
1.413393308355760336e+09 -9.696165265999999727e-01 -1.755004599799999898e+00 1.662184852200000007e+00 5.732186032999999625e-01 7.963300915000000035e-01 1.654525162000000105e-01 -9.952026476229999807e-02
1.413393308405760527e+09 -9.956011315999999667e-01 -1.752332594200000093e+00 1.669167685799999967e+00 5.746798709999999533e-01 7.984760470999999749e-01 1.526602119999999896e-01 -9.420142066900000222e-02
1.413393308455760479e+09 -1.021784074199999948e+00 -1.750026880300000087e+00 1.675095454100000048e+00 5.743312136999999540e-01 8.016632315999999703e-01 1.398691053999999989e-01 -8.897389233169999967e-02
1.413393308505760431e+09 -1.048056784699999966e+00 -1.747729229399999973e+00 1.679561285399999937e+00 5.727619707000000115e-01 8.054434211000000010e-01 1.267535996999999970e-01 -8.448754537140000520e-02
1.413393308555760384e+09 -1.074082886300000039e+00 -1.745657636100000021e+00 1.681591084799999969e+00 5.714828540999999928e-01 8.087866500000000514e-01 1.138345384999999987e-01 -7.945564874610000494e-02
1.413393308605760574e+09 -1.099551050200000102e+00 -1.743886066900000031e+00 1.681218723099999979e+00 5.707832272999999734e-01 8.115308621000000278e-01 1.005636892999999948e-01 -7.423686244909999399e-02
1.413393308655760288e+09 -1.124687973199999913e+00 -1.741572183399999973e+00 1.678250816000000034e+00 5.690413945000000195e-01 8.147812299000000147e-01 8.650570030000000188e-02 -6.957156437379999336e-02
1.413393308705760479e+09 -1.149457262399999902e+00 -1.738038710100000106e+00 1.673306473700000074e+00 5.678673816999999513e-01 8.173667785999999547e-01 7.214784350000000290e-02 -6.506054609670000599e-02
1.413393308755760431e+09 -1.173420802100000104e+00 -1.733886771999999965e+00 1.667035641500000054e+00 5.682577493999999563e-01 8.186316119000000002e-01 5.804552629999999713e-02 -5.963330503840000296e-02
1.413393308805760622e+09 -1.196318980600000081e+00 -1.729488302900000107e+00 1.658759337800000067e+00 5.707161651000000058e-01 8.181833317000000161e-01 4.458732709999999738e-02 -5.358231931799999764e-02
1.413393308855760336e+09 -1.217771863200000082e+00 -1.725114096099999994e+00 1.647624895899999942e+00 5.743038217999999473e-01 8.167407572999999532e-01 3.313455650000000224e-02 -4.485261170740000025e-02
1.413393308905760527e+09 -1.238147293699999985e+00 -1.720240717100000039e+00 1.634729186199999962e+00 5.773689612000000304e-01 8.153796796000000180e-01 2.186872390000000124e-02 -3.637058798730000153e-02
1.413393308955760479e+09 -1.257433260700000055e+00 -1.714766165399999931e+00 1.621377513499999923e+00 5.801972386000000537e-01 8.139360102999999569e-01 1.134750770000000041e-02 -2.739652388289999865e-02
1.413393309005760431e+09 -1.275539359499999970e+00 -1.709211728199999891e+00 1.608113109800000107e+00 5.826760032000000145e-01 8.125109266000000163e-01 1.462480499999999897e-03 -1.767853694220000021e-02
1.413393309055760384e+09 -1.292704026000000006e+00 -1.704306861200000078e+00 1.594897808000000028e+00 5.832168854999999485e-01 8.122076981000000417e-01 -8.928997200000000217e-03 -9.848482661449999356e-03
1.413393309105760574e+09 -1.308837138299999925e+00 -1.699669287899999937e+00 1.582566134699999960e+00 5.855064749999999707e-01 8.104488987000000311e-01 -1.874877869999999960e-02 -1.798233185959999996e-03
1.413393309155760288e+09 -1.323971281499999986e+00 -1.695484346600000025e+00 1.570530576799999967e+00 5.856355828000000541e-01 8.100542848999999768e-01 -2.846294380000000124e-02 5.734150228900000007e-03
1.413393309205760479e+09 -1.338428348499999920e+00 -1.691664426100000007e+00 1.559653224400000093e+00 5.868478165999999607e-01 8.087654139000000075e-01 -3.691459870000000226e-02 1.206059083040000000e-02
1.413393309255760431e+09 -1.352164309099999961e+00 -1.688736199500000090e+00 1.549162059499999966e+00 5.866464722999999992e-01 8.084823304999999571e-01 -4.305217880000000025e-02 1.867479097159999851e-02
1.413393309305760622e+09 -1.365416254299999910e+00 -1.686437486900000060e+00 1.539735940799999980e+00 5.868142974000000178e-01 8.079773550000000082e-01 -4.686872310000000236e-02 2.499793803220000041e-02
1.413393309355760336e+09 -1.378164878500000023e+00 -1.684357035199999908e+00 1.530484148800000055e+00 5.868154309999999985e-01 8.076561641999999708e-01 -4.811750730000000087e-02 3.199805935490000058e-02
1.413393309405760527e+09 -1.391014939299999975e+00 -1.683078021999999896e+00 1.521637899199999922e+00 5.860094143999999838e-01 8.079892398000000364e-01 -4.851135489999999773e-02 3.732295663489999804e-02
1.413393309455760479e+09 -1.403910552099999931e+00 -1.682361648000000098e+00 1.513761509300000085e+00 5.851195699000000250e-01 8.084500359999999830e-01 -4.788576459999999840e-02 4.183995442039999818e-02
1.413393309505760431e+09 -1.417102821300000093e+00 -1.682075189799999926e+00 1.507401203299999937e+00 5.825745618000000015e-01 8.102003558999999466e-01 -4.677996320000000346e-02 4.465308927620000035e-02
1.413393309555760384e+09 -1.430734007599999913e+00 -1.681998620499999930e+00 1.502017808299999979e+00 5.795354222999999916e-01 8.123987526999999487e-01 -4.568130089999999921e-02 4.538920254249999980e-02
1.413393309605760574e+09 -1.444611655899999958e+00 -1.682370091199999917e+00 1.496785267299999944e+00 5.740470865000000256e-01 8.163252587999999532e-01 -4.421143319999999710e-02 4.613418963100000131e-02
1.413393309655760288e+09 -1.458915896399999967e+00 -1.682478815799999916e+00 1.492555658699999954e+00 5.699377825000000453e-01 8.193251995000000454e-01 -4.220621799999999674e-02 4.577965365020000149e-02
1.413393309705760479e+09 -1.473544238199999912e+00 -1.681706215199999965e+00 1.489122995800000071e+00 5.663966986999999786e-01 8.219198034000000375e-01 -4.125932980000000111e-02 4.404865811119999808e-02
1.413393309755760431e+09 -1.488193486099999907e+00 -1.679842586399999949e+00 1.486762252699999953e+00 5.646944641000000153e-01 8.232204743000000047e-01 -4.207938700000000282e-02 4.071287320840000223e-02
1.413393309805760622e+09 -1.503053778499999993e+00 -1.677093034899999946e+00 1.485010559900000082e+00 5.643730781000000363e-01 8.236172863999999816e-01 -4.393616739999999660e-02 3.474489009210000173e-02
1.413393309855760336e+09 -1.517334426499999944e+00 -1.673480258899999962e+00 1.483512333700000019e+00 5.636627300000000007e-01 8.241946430000000046e-01 -4.604837619999999770e-02 2.944595587410000007e-02
1.413393309905760527e+09 -1.530674329200000017e+00 -1.668916741699999928e+00 1.482308504999999998e+00 5.636699199000000382e-01 8.242403485000000529e-01 -4.750295410000000135e-02 2.544677976950000114e-02
1.413393309955760479e+09 -1.543150416100000033e+00 -1.663601357599999941e+00 1.480967107999999977e+00 5.628112562999999513e-01 8.248600739000000459e-01 -4.906808900000000223e-02 2.101597065960000149e-02
1.413393310005760431e+09 -1.554450894199999933e+00 -1.657374575399999994e+00 1.480040863900000003e+00 5.627772233000000179e-01 8.248712786999999880e-01 -5.096182999999999963e-02 1.649431599850000041e-02
1.413393310055760384e+09 -1.564309255900000029e+00 -1.650053685999999908e+00 1.479365484799999964e+00 5.633952150000000048e-01 8.244532467999999836e-01 -5.156357730000000333e-02 1.427841142230000006e-02
1.413393310105760574e+09 -1.572771593099999921e+00 -1.641724730399999999e+00 1.479280501499999900e+00 5.654182996000000072e-01 8.231071706000000487e-01 -5.128982790000000125e-02 1.288742527209999975e-02
1.413393310155760288e+09 -1.579477035500000071e+00 -1.632492195099999988e+00 1.479409905700000083e+00 5.683392727999999616e-01 8.211774188999999557e-01 -4.947876479999999827e-02 1.449032796309999982e-02
1.413393310205760479e+09 -1.584500580999999908e+00 -1.622836581300000081e+00 1.479270177499999894e+00 5.709893370999999940e-01 8.194889128000000245e-01 -4.504399829999999882e-02 1.949710015999999921e-02
1.413393310255760431e+09 -1.588779231500000000e+00 -1.612923029899999916e+00 1.479074635799999982e+00 5.733617288000000256e-01 8.179354869999999611e-01 -4.005107859999999798e-02 2.517495015490000057e-02
1.413393310305760622e+09 -1.592364327599999907e+00 -1.602838047299999902e+00 1.478348314200000013e+00 5.747044687000000263e-01 8.169955454999999755e-01 -3.560564900000000310e-02 3.106911868929999876e-02
1.413393310355760336e+09 -1.595813810999999971e+00 -1.592504667000000040e+00 1.477610037000000043e+00 5.752599534000000236e-01 8.165798802999999495e-01 -3.147591940000000338e-02 3.581272951620000089e-02
1.413393310405760527e+09 -1.599233453300000107e+00 -1.581754329300000039e+00 1.476970937099999936e+00 5.762430916999999875e-01 8.158019749999999570e-01 -2.864555690000000071e-02 3.988068297089999992e-02
1.413393310455760479e+09 -1.603040980899999912e+00 -1.571035640599999894e+00 1.476339324500000050e+00 5.767271670000000405e-01 8.154022225999999485e-01 -2.782186539999999958e-02 4.160449539330000196e-02
1.413393310505760431e+09 -1.607784466100000031e+00 -1.560296954000000014e+00 1.476145797400000070e+00 5.771238325999999974e-01 8.151808192999999703e-01 -2.941235420000000086e-02 3.928392922130000131e-02
1.413393310555760384e+09 -1.612736307500000077e+00 -1.549454463700000062e+00 1.475774799300000106e+00 5.776779605999999845e-01 8.148208373999999976e-01 -3.109796110000000169e-02 3.725712752210000311e-02
1.413393310605760574e+09 -1.617987884599999981e+00 -1.538649515899999987e+00 1.475140363199999971e+00 5.773587381000000462e-01 8.151048918000000088e-01 -3.402674160000000031e-02 3.321270305860000299e-02
1.413393310655760288e+09 -1.623146735299999976e+00 -1.527866344600000037e+00 1.474859340300000099e+00 5.774536438999999799e-01 8.150533838000000308e-01 -3.792342890000000022e-02 2.823267881610000071e-02
1.413393310705760479e+09 -1.627836513100000104e+00 -1.517234113700000053e+00 1.474664977700000046e+00 5.774671933999999673e-01 8.150096713000000159e-01 -4.172461890000000312e-02 2.345063684619999936e-02
1.413393310755760431e+09 -1.631822950599999933e+00 -1.506698089799999973e+00 1.473953868599999995e+00 5.764082064000000116e-01 8.156962639999999487e-01 -4.513488050000000196e-02 1.886867633500000085e-02
1.413393310805760622e+09 -1.634767776899999969e+00 -1.495894115400000057e+00 1.473422928199999982e+00 5.758730243999999887e-01 8.159734343000000223e-01 -4.821565919999999672e-02 1.525989770150000015e-02
1.413393310855760336e+09 -1.636280761399999895e+00 -1.484893973899999997e+00 1.472853720800000099e+00 5.749287969999999914e-01 8.165207376999999989e-01 -5.070087000000000205e-02 1.342330347039999948e-02
1.413393310905760527e+09 -1.636169011000000006e+00 -1.473680910599999949e+00 1.471596831600000099e+00 5.740272754999999893e-01 8.171395411999999858e-01 -5.015096770000000009e-02 1.614117690529999830e-02
1.413393310955760479e+09 -1.634441238500000004e+00 -1.462156212500000052e+00 1.469192960300000017e+00 5.721020992999999999e-01 8.185008967000000357e-01 -4.722931159999999712e-02 2.290987128260000075e-02
1.413393311005760431e+09 -1.631800358700000064e+00 -1.450336373000000068e+00 1.466560300999999900e+00 5.704224059000000402e-01 8.195967704000000076e-01 -4.500755449999999797e-02 2.921870699430000051e-02
1.413393311055760384e+09 -1.628678655100000094e+00 -1.438072940499999897e+00 1.463580153499999925e+00 5.684265748000000285e-01 8.208495547999999919e-01 -4.357790300000000117e-02 3.461508039769999739e-02
1.413393311105760574e+09 -1.625433255399999943e+00 -1.425001163899999979e+00 1.459536264300000052e+00 5.664398219999999817e-01 8.220764364000000546e-01 -4.335297180000000083e-02 3.816779551869999704e-02
1.413393311155760288e+09 -1.621996838000000052e+00 -1.411282833700000072e+00 1.453491667800000053e+00 5.665989659000000289e-01 8.218038036999999463e-01 -4.323492620000000258e-02 4.165166562219999730e-02
1.413393311205760479e+09 -1.618909585799999995e+00 -1.397256298899999916e+00 1.445086999900000002e+00 5.663942476000000115e-01 8.218339229000000135e-01 -4.581160690000000285e-02 4.108352491919999711e-02
1.413393311255760431e+09 -1.615894970800000108e+00 -1.382391400599999987e+00 1.434318163299999949e+00 5.664763764000000368e-01 8.217125763999999499e-01 -4.842083540000000075e-02 3.934945350920000112e-02
1.413393311305760622e+09 -1.612564985299999920e+00 -1.367241102599999980e+00 1.421864835100000057e+00 5.660090626999999541e-01 8.219808144000000372e-01 -4.930387259999999966e-02 3.937524447400000266e-02
1.413393311355760336e+09 -1.608777499099999897e+00 -1.351338245700000051e+00 1.409327423599999962e+00 5.653361448000000511e-01 8.223777370000000531e-01 -4.882658699999999768e-02 4.130212400669999728e-02
1.413393311405760527e+09 -1.604655377799999894e+00 -1.334682544599999909e+00 1.397031227800000108e+00 5.649303788999999743e-01 8.225855456999999760e-01 -4.811329210000000328e-02 4.349480571090000303e-02
1.413393311455760479e+09 -1.600361881200000003e+00 -1.317087349799999973e+00 1.385023926499999947e+00 5.642592974000000261e-01 8.229851297000000399e-01 -4.705905130000000158e-02 4.574240221320000077e-02
1.413393311505760431e+09 -1.596051359500000100e+00 -1.298585497299999947e+00 1.374021565999999916e+00 5.633847392999999926e-01 8.235282256999999495e-01 -4.676539610000000208e-02 4.703078623319999901e-02
1.413393311555760384e+09 -1.591717966000000040e+00 -1.279210143500000063e+00 1.363888260600000013e+00 5.626812358999999653e-01 8.239359646999999676e-01 -4.540675160000000321e-02 4.957398257569999717e-02
1.413393311605760574e+09 -1.587562868800000082e+00 -1.258691888800000047e+00 1.355004110299999898e+00 5.625895760000000356e-01 8.239483176999999881e-01 -4.428454209999999752e-02 5.139083644580000332e-02
1.413393311655760288e+09 -1.583832976999999920e+00 -1.237223460400000086e+00 1.347612394800000057e+00 5.640748548999999779e-01 8.229291576999999691e-01 -4.344133380000000239e-02 5.215371432469999985e-02
1.413393311705760479e+09 -1.580590504899999971e+00 -1.214609311800000091e+00 1.342097157400000018e+00 5.670906795000000278e-01 8.208717867999999473e-01 -4.264117139999999695e-02 5.253000444759999693e-02
1.413393311755760431e+09 -1.577802265599999920e+00 -1.191099914999999898e+00 1.337724970600000063e+00 5.701212453999999763e-01 8.188052127999999596e-01 -4.137508880000000111e-02 5.298953754579999870e-02
1.413393311805760622e+09 -1.575693363599999897e+00 -1.167237496800000107e+00 1.334117642700000106e+00 5.734688060999999504e-01 8.165623631999999743e-01 -3.953351289999999796e-02 5.288229129659999944e-02
1.413393311855760336e+09 -1.574348842800000092e+00 -1.143278822799999928e+00 1.331401309599999916e+00 5.762851360999999839e-01 8.147325934000000380e-01 -3.826604360000000066e-02 5.139993230369999805e-02
1.413393311905760527e+09 -1.573639734199999918e+00 -1.119371400399999938e+00 1.328839384999999984e+00 5.782361943999999587e-01 8.135430562000000032e-01 -3.559381830000000330e-02 5.023623459059999713e-02
1.413393311955760479e+09 -1.573818291400000069e+00 -1.095601872300000057e+00 1.326683090399999987e+00 5.799217196000000518e-01 8.126222454000000539e-01 -3.351915119999999970e-02 4.703564577950000020e-02
1.413393312005760431e+09 -1.574414410399999964e+00 -1.071919025999999997e+00 1.325275279400000006e+00 5.836774748999999929e-01 8.101615832999999878e-01 -3.034644660000000022e-02 4.514318758320000347e-02
1.413393312055760384e+09 -1.575430684499999900e+00 -1.048769825800000000e+00 1.323753972800000067e+00 5.874769185999999532e-01 8.075875125999999460e-01 -2.594953380000000059e-02 4.472025693799999702e-02
1.413393312105760574e+09 -1.577191149399999937e+00 -1.026300361499999925e+00 1.322334697500000100e+00 5.914071368000000106e-01 8.048513555999999847e-01 -2.162147600000000058e-02 4.454666801240000223e-02
1.413393312155760288e+09 -1.579871368699999890e+00 -1.004716103200000044e+00 1.320875705900000030e+00 5.933116737000000418e-01 8.035950338999999776e-01 -1.862062780000000098e-02 4.323831173499999986e-02
1.413393312205760479e+09 -1.583348956700000087e+00 -9.841532729999999951e-01 1.319349022099999935e+00 5.931888655999999482e-01 8.038329440000000492e-01 -1.664882009999999954e-02 4.125996465830000098e-02
1.413393312255760431e+09 -1.587502590399999969e+00 -9.643949550999999509e-01 1.317818405199999932e+00 5.918246120000000277e-01 8.049662115000000284e-01 -1.624922250000000040e-02 3.884571777229999662e-02
1.413393312305760622e+09 -1.592516657300000027e+00 -9.450819253000000142e-01 1.317390856300000079e+00 5.920013680000000278e-01 8.050414942000000407e-01 -1.918499280000000168e-02 3.277970233699999819e-02
1.413393312355760336e+09 -1.597961715000000060e+00 -9.265364180999999810e-01 1.317394002999999980e+00 5.906386220999999548e-01 8.061944314000000222e-01 -2.293676030000000102e-02 2.589327898800000000e-02
1.413393312405760527e+09 -1.603463517600000054e+00 -9.086480055000000222e-01 1.317014293499999988e+00 5.873308708000000156e-01 8.086794996999999707e-01 -2.699212520000000143e-02 1.874406985079999852e-02
1.413393312455760479e+09 -1.608767977599999899e+00 -8.910465374999999577e-01 1.316869325100000099e+00 5.854355330999999607e-01 8.100490234999999650e-01 -3.070700759999999904e-02 1.195390056290000086e-02
1.413393312505760431e+09 -1.613219610900000101e+00 -8.739480088000000091e-01 1.316353875399999929e+00 5.824145466000000271e-01 8.121530679999999780e-01 -3.399288090000000123e-02 6.721162766509999713e-03
1.413393312555760384e+09 -1.616342658500000029e+00 -8.568138373999999446e-01 1.316425153600000009e+00 5.818538663000000222e-01 8.125080774999999811e-01 -3.539107169999999858e-02 4.916738476500000406e-03
1.413393312605760574e+09 -1.618164479200000061e+00 -8.396031811999999928e-01 1.316731514700000050e+00 5.829379778000000067e-01 8.117910589000000288e-01 -3.342520649999999871e-02 7.832390787470000504e-03
1.413393312655760288e+09 -1.618909795600000034e+00 -8.227419336000000305e-01 1.316631949200000040e+00 5.835452661000000152e-01 8.114261042000000534e-01 -2.981146139999999931e-02 1.318622902810000046e-02
1.413393312705760479e+09 -1.619037665100000023e+00 -8.063268765000000116e-01 1.316173521799999913e+00 5.827990199000000482e-01 8.119889978000000008e-01 -2.549240280000000108e-02 1.921736778119999961e-02
1.413393312755760431e+09 -1.619044736300000009e+00 -7.900259762000000352e-01 1.316406551900000110e+00 5.828484982999999620e-01 8.119458233999999885e-01 -2.332303059999999914e-02 2.208266399919999942e-02
1.413393312805760622e+09 -1.619063039600000087e+00 -7.737143208000000216e-01 1.316777088899999892e+00 5.829972613999999664e-01 8.118381033999999552e-01 -2.171158639999999987e-02 2.370008761329999922e-02
1.413393312855760336e+09 -1.619233969299999965e+00 -7.575865407999999857e-01 1.317591162999999899e+00 5.835766175000000056e-01 8.114589367000000220e-01 -2.057179979999999853e-02 2.344198216019999920e-02
1.413393312905760527e+09 -1.619444227000000014e+00 -7.416072814999999929e-01 1.318942098900000026e+00 5.863407971999999857e-01 8.095244756999999680e-01 -1.966978210000000157e-02 2.208375939849999831e-02
1.413393312955760479e+09 -1.619838419699999976e+00 -7.263331291000000300e-01 1.320630786399999979e+00 5.882580016999999772e-01 8.082175458999999451e-01 -1.941546790000000036e-02 1.897265086489999947e-02
1.413393313005760431e+09 -1.620323561700000026e+00 -7.114947415000000275e-01 1.323806500199999903e+00 5.939194236999999488e-01 8.041533849999999983e-01 -1.870402570000000153e-02 1.572294491850000087e-02
1.413393313055760384e+09 -1.620631495999999894e+00 -6.981275819000000160e-01 1.325520108799999930e+00 5.919937044999999953e-01 8.056567704000000552e-01 -1.622234989999999863e-02 1.405195659320000040e-02
1.413393313105760574e+09 -1.620467518399999918e+00 -6.863174629999999610e-01 1.327771965199999959e+00 5.893565478000000191e-01 8.076489127999999518e-01 -1.143592629999999957e-02 1.520897394240000068e-02
1.413393313155760288e+09 -1.620480491199999928e+00 -6.753768781000000221e-01 1.329142786300000045e+00 5.851874019999999677e-01 8.107056151000000543e-01 -6.370600300000000236e-03 1.647803727319999828e-02
1.413393313205760479e+09 -1.620633466299999936e+00 -6.643311748000000350e-01 1.332852803400000008e+00 5.824768859000000187e-01 8.126711454999999695e-01 -1.119572400000000021e-03 1.688292647629999893e-02
1.413393313255760431e+09 -1.620885049400000000e+00 -6.530077618999999833e-01 1.337562567099999988e+00 5.793528449999999497e-01 8.148885740000000322e-01 3.512529199999999980e-03 1.716260652060000100e-02
1.413393313305760622e+09 -1.621853811400000067e+00 -6.422902301999999786e-01 1.342463998399999969e+00 5.782451691000000116e-01 8.157390384999999577e-01 5.142777500000000022e-03 1.326263124460000040e-02
1.413393313355760336e+09 -1.622947695299999937e+00 -6.319553294999999959e-01 1.347059388799999979e+00 5.773836063999999713e-01 8.163899263999999656e-01 6.471961699999999838e-03 9.683638422619999381e-03
1.413393313405760527e+09 -1.623798224600000006e+00 -6.220044861000000314e-01 1.351215361599999998e+00 5.773441194999999748e-01 8.164385412000000342e-01 7.217972300000000119e-03 7.055283421209999906e-03
1.413393313455760479e+09 -1.624496457200000021e+00 -6.116956749999999943e-01 1.356147609600000026e+00 5.787132354999999784e-01 8.155003347000000513e-01 6.243351000000000282e-03 3.348976700590000112e-03
1.413393313505760431e+09 -1.624940921200000110e+00 -6.004474256999999815e-01 1.360148959700000049e+00 5.818707534999999487e-01 8.132690433999999469e-01 4.429540099999999640e-03 -5.180831271490000077e-04
1.413393313555760384e+09 -1.624590176699999944e+00 -5.884837869000000277e-01 1.363494508400000083e+00 5.864314430999999495e-01 8.099883594000000242e-01 1.254865599999999961e-03 -3.930081966889999688e-03
1.413393313605760574e+09 -1.623261345800000033e+00 -5.778738513000000188e-01 1.364413354899999931e+00 5.908155224000000150e-01 8.067640533000000058e-01 -3.369430699999999886e-03 -7.578105255700000147e-03
1.413393313655760288e+09 -1.620549102900000094e+00 -5.673371487999999685e-01 1.364640023300000005e+00 5.961529182000000482e-01 8.027498672999999751e-01 -9.200582500000000288e-03 -1.047368181070000050e-02
1.413393313705760479e+09 -1.616032401900000082e+00 -5.574268103999999724e-01 1.363343964400000052e+00 6.011769716999999513e-01 7.989524969000000310e-01 -1.337484469999999925e-02 -9.070280524650000537e-03
1.413393313755760431e+09 -1.609698743200000060e+00 -5.487840980999999507e-01 1.361467750399999899e+00 6.053096964999999940e-01 7.958289734000000282e-01 -1.561855080000000041e-02 -3.532314793719999822e-03
1.413393313805760622e+09 -1.602096229000000038e+00 -5.427668633000000131e-01 1.359835895000000017e+00 6.088013687000000118e-01 7.931260274000000443e-01 -1.755465239999999885e-02 1.957627843120000009e-03
1.413393313855760336e+09 -1.593335745200000098e+00 -5.384648371000000378e-01 1.358342735299999937e+00 6.086353572999999573e-01 7.931713036999999966e-01 -1.910651650000000021e-02 8.787827681919999426e-03
1.413393313905760527e+09 -1.583666621499999927e+00 -5.368020055000000124e-01 1.355827234299999962e+00 6.029412493000000373e-01 7.973572100000000384e-01 -2.097354670000000157e-02 1.560255957570000004e-02
1.413393313955760479e+09 -1.573311828300000048e+00 -5.363912158000000430e-01 1.353598145999999947e+00 5.951471609999999801e-01 8.029651282999999973e-01 -2.469058130000000018e-02 2.091015663120000118e-02
1.413393314005760431e+09 -1.562452370799999990e+00 -5.369636835000000108e-01 1.351793386099999994e+00 5.879804624000000146e-01 8.079504826000000195e-01 -2.894556009999999999e-02 2.563489921869999827e-02
1.413393314055760384e+09 -1.551271057499999939e+00 -5.379879187999999646e-01 1.350618426000000039e+00 5.811047805000000288e-01 8.126015712999999918e-01 -3.391784529999999909e-02 2.907748468119999985e-02
1.413393314105760574e+09 -1.540308833499999919e+00 -5.388449851000000068e-01 1.350604295899999974e+00 5.773656298999999548e-01 8.150353496000000142e-01 -3.789109029999999934e-02 3.050530437740000059e-02
1.413393314155760288e+09 -1.529317231500000096e+00 -5.395128003000000394e-01 1.350941999800000071e+00 5.757194039999999902e-01 8.160520710999999983e-01 -3.945543509999999837e-02 3.239527299529999793e-02
1.413393314205760479e+09 -1.518339146099999981e+00 -5.397302778000000467e-01 1.351770772599999892e+00 5.753074455000000142e-01 8.163056216999999837e-01 -3.902252870000000318e-02 3.381889123000000191e-02
1.413393314255760431e+09 -1.507554591599999938e+00 -5.393361725999999967e-01 1.352824369899999990e+00 5.753213650999999818e-01 8.163888999999999729e-01 -3.574302420000000091e-02 3.516997500980000024e-02
1.413393314305760622e+09 -1.497195477600000046e+00 -5.385596826999999864e-01 1.354554957399999982e+00 5.758719204000000147e-01 8.162252960000000446e-01 -3.198732919999999758e-02 3.353518073129999749e-02
1.413393314355760336e+09 -1.487368227099999940e+00 -5.378868102999999623e-01 1.355808123299999890e+00 5.758653111999999519e-01 8.165197145000000489e-01 -2.580071509999999971e-02 3.176511158970000276e-02
1.413393314405760527e+09 -1.478149152100000085e+00 -5.372742872000000336e-01 1.356421269699999987e+00 5.746784040000000315e-01 8.176658341000000441e-01 -1.738860990000000092e-02 2.941006616790000153e-02
1.413393314455760479e+09 -1.469609582099999923e+00 -5.364842365999999974e-01 1.356977107899999924e+00 5.736892329999999651e-01 8.186417562000000148e-01 -8.379344800000000648e-03 2.522152753180000040e-02
1.413393314505760431e+09 -1.461877692400000095e+00 -5.355114167000000203e-01 1.357031862699999980e+00 5.724624112999999737e-01 8.196928044000000302e-01 1.865581700000000075e-03 1.967266425180000042e-02
1.413393314555760384e+09 -1.455318449099999967e+00 -5.338379357000000436e-01 1.357167742199999916e+00 5.727900955000000405e-01 8.194846478999999739e-01 1.378014349999999964e-02 1.290449568870000001e-02
1.413393314605760574e+09 -1.449567081000000091e+00 -5.317082428999999610e-01 1.356915308200000059e+00 5.717920257999999922e-01 8.199610681000000234e-01 2.611894140000000156e-02 5.960450264329999678e-03
1.413393314655760288e+09 -1.444786161499999944e+00 -5.293581042999999653e-01 1.356579272600000108e+00 5.704762807000000047e-01 8.203723102000000100e-01 3.928366240000000231e-02 -1.696964385100000090e-03
1.413393314705760479e+09 -1.440715538200000090e+00 -5.262329678999999594e-01 1.356278232600000022e+00 5.691705513000000494e-01 8.205334524999999823e-01 5.186402589999999924e-02 -8.936425793660000144e-03
1.413393314755760431e+09 -1.437444006300000021e+00 -5.223336041999999679e-01 1.355579080799999891e+00 5.670540035000000145e-01 8.211674093999999924e-01 6.220148820000000189e-02 -1.627322202120000047e-02
1.413393314805760622e+09 -1.435159462899999960e+00 -5.173253281999999897e-01 1.354392423299999981e+00 5.653342222999999667e-01 8.213946990999999587e-01 7.196564069999999980e-02 -2.299808731499999870e-02
1.413393314855760336e+09 -1.433944408499999934e+00 -5.116309299000000310e-01 1.352713051000000055e+00 5.637664436999999529e-01 8.214231405999999902e-01 8.051614740000000159e-02 -3.079888224019999843e-02
1.413393314905760527e+09 -1.433759719300000013e+00 -5.049461066999999526e-01 1.350434925999999924e+00 5.617350794000000036e-01 8.216283390999999936e-01 8.900918929999999951e-02 -3.818294378459999999e-02
1.413393314955760479e+09 -1.434661217599999983e+00 -4.971951320999999924e-01 1.348349083000000004e+00 5.605504230000000199e-01 8.210318876000000099e-01 9.782376330000000508e-02 -4.604751954419999960e-02
1.413393315005760431e+09 -1.436328952800000058e+00 -4.881897149000000158e-01 1.345886656300000039e+00 5.590578076000000118e-01 8.206063376000000131e-01 1.054619430999999968e-01 -5.419764676709999673e-02
1.413393315055760384e+09 -1.438594017200000019e+00 -4.775870821000000044e-01 1.343087984300000093e+00 5.581959608000000017e-01 8.199528844000000261e-01 1.110750045999999991e-01 -6.129339288070000114e-02
1.413393315105760574e+09 -1.441276236099999997e+00 -4.656047496999999868e-01 1.339672420599999914e+00 5.577033412999999884e-01 8.191451433999999976e-01 1.158595069000000061e-01 -6.741507118209999483e-02
1.413393315155760288e+09 -1.444226138499999923e+00 -4.522618159999999832e-01 1.335336426600000070e+00 5.567920422000000036e-01 8.187511473999999900e-01 1.213076012999999981e-01 -7.009740534880000429e-02
1.413393315205760479e+09 -1.447584833300000096e+00 -4.373456235000000025e-01 1.331063593100000109e+00 5.586539456000000348e-01 8.166966683999999921e-01 1.259110796000000032e-01 -7.112468541460000016e-02
1.413393315255760431e+09 -1.451382176000000079e+00 -4.212351335000000252e-01 1.325607858099999925e+00 5.598711508000000503e-01 8.152616664999999818e-01 1.305594159000000032e-01 -6.962002983920000110e-02
1.413393315305760622e+09 -1.455860745000000067e+00 -4.040651456000000086e-01 1.319717456500000052e+00 5.624484567999999962e-01 8.130932949000000409e-01 1.343454121000000057e-01 -6.695026163169999489e-02
1.413393315355760336e+09 -1.461298437800000016e+00 -3.859277237000000027e-01 1.313897921999999996e+00 5.666342417999999936e-01 8.099499947999999616e-01 1.375369690000000089e-01 -6.316822058389999495e-02
1.413393315405760527e+09 -1.467741879699999918e+00 -3.673060496000000175e-01 1.307963669400000084e+00 5.711465458000000162e-01 8.066427253000000297e-01 1.404353838000000076e-01 -5.828412990080000106e-02
1.413393315455760479e+09 -1.475672916800000012e+00 -3.485497061000000230e-01 1.302464267399999986e+00 5.762276172000000418e-01 8.029965985999999445e-01 1.424780438000000093e-01 -5.346216281760000216e-02
1.413393315505760431e+09 -1.485642337300000060e+00 -3.301267539000000140e-01 1.297525749000000062e+00 5.798790450999999901e-01 8.006182281999999484e-01 1.414852527000000082e-01 -5.227493656999999960e-02
1.413393315555760384e+09 -1.497383907399999936e+00 -3.121232911999999859e-01 1.293142108599999895e+00 5.832780889999999996e-01 7.983833782000000490e-01 1.406838112000000085e-01 -5.078107555409999696e-02
1.413393315605760574e+09 -1.511163015700000001e+00 -2.949601280999999964e-01 1.290346685000000049e+00 5.854961921000000347e-01 7.971508280000000335e-01 1.379568644999999982e-01 -5.208329786370000103e-02
1.413393315655760288e+09 -1.526905654799999956e+00 -2.785578871000000123e-01 1.290959558299999976e+00 5.889170947999999850e-01 7.950058462000000326e-01 1.343411236000000009e-01 -5.563112769419999853e-02
1.413393315705760479e+09 -1.543676297900000050e+00 -2.633047672000000117e-01 1.293587546599999971e+00 5.897746971999999754e-01 7.946953308999999965e-01 1.316738849999999905e-01 -5.733346038099999820e-02
1.413393315755760431e+09 -1.561805567199999967e+00 -2.488571901999999947e-01 1.300265161000000003e+00 5.900909058000000096e-01 7.948319725000000391e-01 1.273936120999999977e-01 -6.169056691469999854e-02
1.413393315805760622e+09 -1.580602599099999894e+00 -2.359012728000000059e-01 1.310066866999999968e+00 5.882940410000000453e-01 7.963749352000000226e-01 1.240365078000000010e-01 -6.566603893040000306e-02
1.413393315855760336e+09 -1.599960729099999979e+00 -2.240313698999999992e-01 1.323523578100000098e+00 5.882253929999999853e-01 7.966299076999999729e-01 1.192310703000000055e-01 -7.180270990999999825e-02
1.413393315905760527e+09 -1.619212581900000059e+00 -2.124174024000000105e-01 1.338281123200000033e+00 5.858879578000000254e-01 7.984474152999999630e-01 1.167484658000000064e-01 -7.474504403579999845e-02
1.413393315955760479e+09 -1.638488613500000080e+00 -2.012377716000000039e-01 1.353945175100000009e+00 5.853812943999999741e-01 7.987706647000000215e-01 1.152647911999999941e-01 -7.751253710840000366e-02
1.413393316005760431e+09 -1.657313304499999917e+00 -1.901733398999999880e-01 1.369311932500000051e+00 5.851041027000000172e-01 7.989860648000000065e-01 1.150107036999999943e-01 -7.776242842840000447e-02
1.413393316055760384e+09 -1.675971767000000057e+00 -1.793732500999999924e-01 1.384795702599999956e+00 5.853879870000000540e-01 7.987579076999999916e-01 1.147197578000000023e-01 -7.839698248439999628e-02
1.413393316105760574e+09 -1.694301578199999936e+00 -1.689847680000000074e-01 1.400352818200000016e+00 5.851085142999999933e-01 7.988604858000000197e-01 1.164952330999999980e-01 -7.680371977460000166e-02
1.413393316155760288e+09 -1.712450325799999895e+00 -1.587324932999999993e-01 1.417220380999999918e+00 5.864882657000000110e-01 7.978054848000000199e-01 1.183498340999999954e-01 -7.437230253250000367e-02
1.413393316205760479e+09 -1.730626041899999912e+00 -1.489892782999999998e-01 1.435080984300000084e+00 5.879036679000000376e-01 7.966852340000000199e-01 1.202045273000000025e-01 -7.219963167729999409e-02
1.413393316255760431e+09 -1.749118346900000009e+00 -1.400774334999999871e-01 1.453619392200000027e+00 5.885837708000000168e-01 7.959876362000000150e-01 1.222616871000000022e-01 -7.088658245680000414e-02
1.413393316305760622e+09 -1.767831202300000015e+00 -1.318506023000000082e-01 1.472377026600000027e+00 5.891527323999999899e-01 7.954446948000000184e-01 1.232033572999999965e-01 -7.062385013819999502e-02
1.413393316355760336e+09 -1.787044531700000105e+00 -1.245371524000000035e-01 1.491209644600000050e+00 5.883602224999999741e-01 7.958181948000000450e-01 1.236949734000000051e-01 -7.214709222220000440e-02
1.413393316405760527e+09 -1.806473589599999929e+00 -1.178474360999999943e-01 1.510324429600000018e+00 5.879873622000000299e-01 7.958889048999999716e-01 1.244054237000000035e-01 -7.317789012799999493e-02
1.413393316455760479e+09 -1.826162756500000039e+00 -1.119091402000000068e-01 1.529282593300000048e+00 5.863971196999999691e-01 7.968883253999999861e-01 1.244517351000000022e-01 -7.496119318329999559e-02
1.413393316505760431e+09 -1.846002833400000043e+00 -1.064272945999999997e-01 1.548317876500000079e+00 5.850337249999999489e-01 7.976947575999999707e-01 1.243571561999999991e-01 -7.716159592980000037e-02
1.413393316555760384e+09 -1.865880479000000092e+00 -1.012903450000000039e-01 1.566878335900000030e+00 5.837064614000000429e-01 7.984745345000000549e-01 1.249649644000000032e-01 -7.815972323419999312e-02
1.413393316605760574e+09 -1.885864867900000075e+00 -9.639630750000000026e-02 1.584768372699999928e+00 5.823447177999999669e-01 7.992567292000000156e-01 1.257369157999999876e-01 -7.907931720369999751e-02
1.413393316655760288e+09 -1.906041240900000044e+00 -9.179812719999999593e-02 1.601469249800000050e+00 5.803904905000000225e-01 8.004115966000000526e-01 1.268387796999999872e-01 -8.000049067190000140e-02
1.413393316705760479e+09 -1.926384805699999925e+00 -8.720102500000000145e-02 1.616487218300000084e+00 5.784458153999999519e-01 8.015571606000000404e-01 1.281500127000000100e-01 -8.052410375360000150e-02
1.413393316755760431e+09 -1.946866973999999972e+00 -8.265110370000000595e-02 1.629283545500000097e+00 5.765032721999999721e-01 8.026471625000000110e-01 1.299407133000000103e-01 -8.072744657529999646e-02
1.413393316805760622e+09 -1.967707568500000059e+00 -7.795074089999999567e-02 1.639556637200000111e+00 5.755039776999999468e-01 8.030292249999999576e-01 1.314213247000000084e-01 -8.165580766289999570e-02
1.413393316855760336e+09 -1.988590590100000055e+00 -7.315217279999999822e-02 1.646287198700000065e+00 5.741581802999999873e-01 8.036244031000000509e-01 1.333437134999999885e-01 -8.215629555509999793e-02
1.413393316905760527e+09 -2.009623195300000109e+00 -6.821665400000000157e-02 1.649573668299999962e+00 5.738400970000000489e-01 8.034783823000000158e-01 1.353551719999999958e-01 -8.251672377310000084e-02
1.413393316955760479e+09 -2.030945136000000151e+00 -6.303836940000000222e-02 1.649928956199999908e+00 5.728482143999999998e-01 8.038201596999999810e-01 1.367590536000000134e-01 -8.375580787299999330e-02
1.413393317005760431e+09 -2.052536701300000210e+00 -5.740226570000000333e-02 1.648721169199999892e+00 5.737941824000000191e-01 8.028153321000000009e-01 1.382066324000000013e-01 -8.453818994009999754e-02
1.413393317055760384e+09 -2.074402446300000147e+00 -5.151594550000000022e-02 1.645830494599999971e+00 5.761141108999999760e-01 8.009250504999999576e-01 1.394105029000000107e-01 -8.471308297940000065e-02
1.413393317105760574e+09 -2.096590355400000050e+00 -4.590147359999999926e-02 1.641161256099999965e+00 5.794677683000000190e-01 7.982583383000000365e-01 1.401770428000000124e-01 -8.573871666559999827e-02
1.413393317155760288e+09 -2.119088125199999784e+00 -4.045781340000000059e-02 1.635970725800000025e+00 5.830059829000000526e-01 7.954779194000000109e-01 1.408297950999999881e-01 -8.652093640199999547e-02
1.413393317205760479e+09 -2.141548419899999889e+00 -3.530304630000000166e-02 1.630964361500000015e+00 5.866988155000000260e-01 7.927042465000000426e-01 1.412938713000000124e-01 -8.625844542060000231e-02
1.413393317255760431e+09 -2.164331462799999883e+00 -3.081670729999999928e-02 1.626438911499999973e+00 5.891335441999999700e-01 7.908936724999999779e-01 1.410153888000000022e-01 -8.673826197219999812e-02
1.413393317305760622e+09 -2.187332229799999972e+00 -2.703020009999999862e-02 1.622434080699999948e+00 5.914606659000000155e-01 7.891877119000000329e-01 1.407547842000000105e-01 -8.686268894889999370e-02
1.413393317355760336e+09 -2.210476110900000180e+00 -2.394611569999999939e-02 1.619162159600000095e+00 5.931224080000000454e-01 7.880572306999999999e-01 1.398180784999999982e-01 -8.730701721759999423e-02
1.413393317405760527e+09 -2.233536266699999828e+00 -2.195146170000000091e-02 1.616063696999999966e+00 5.942410220999999604e-01 7.874133669999999752e-01 1.392143185999999977e-01 -8.647063396479999497e-02
1.413393317455760479e+09 -2.256653593799999857e+00 -2.101890420000000065e-02 1.613291424900000104e+00 5.945591906999999621e-01 7.872832570000000141e-01 1.389402533000000106e-01 -8.590720600130000162e-02
1.413393317505760431e+09 -2.279867622499999857e+00 -2.105649990000000096e-02 1.609894745699999907e+00 5.951414864999999832e-01 7.869768596999999755e-01 1.385362303999999878e-01 -8.533314844719999681e-02
1.413393317555760384e+09 -2.303062418700000169e+00 -2.239554969999999964e-02 1.604549612100000022e+00 5.960360015000000233e-01 7.864985507999999736e-01 1.374420769999999958e-01 -8.526892765599999868e-02
1.413393317605760574e+09 -2.326427821499999826e+00 -2.515894930000000043e-02 1.596641137200000005e+00 5.951286968000000233e-01 7.872783747999999582e-01 1.369853782000000075e-01 -8.514458804430000138e-02
1.413393317655760288e+09 -2.349826572500000044e+00 -2.873644529999999989e-02 1.586303207200000065e+00 5.949873138000000283e-01 7.876040212999999568e-01 1.356365714999999972e-01 -8.528025883610000635e-02
1.413393317705760479e+09 -2.373199297100000216e+00 -3.325112759999999945e-02 1.573978804400000042e+00 5.946431656999999760e-01 7.881135930999999539e-01 1.336154665000000019e-01 -8.615902150370000068e-02
1.413393317755760431e+09 -2.396375197099999799e+00 -3.873736609999999664e-02 1.561327571899999933e+00 5.941493883999999781e-01 7.886485384000000431e-01 1.326243334999999968e-01 -8.620193340210000055e-02
1.413393317805760622e+09 -2.419327236100000000e+00 -4.517094509999999841e-02 1.549509737800000009e+00 5.934585500000000291e-01 7.894332503000000001e-01 1.310906011000000093e-01 -8.612402106859999573e-02
1.413393317855760336e+09 -2.441862892700000121e+00 -5.247197390000000322e-02 1.538302536900000073e+00 5.925357761999999751e-01 7.903527256000000278e-01 1.306637700999999929e-01 -8.468118021010000163e-02
1.413393317905760527e+09 -2.464051513399999838e+00 -6.064793510000000137e-02 1.527493652600000029e+00 5.918949168999999566e-01 7.911152755000000480e-01 1.307752564000000117e-01 -8.182212758609999637e-02
1.413393317955760479e+09 -2.486204670499999825e+00 -6.969074199999999997e-02 1.516745135999999938e+00 5.899482097999999564e-01 7.929346971999999827e-01 1.297875283000000102e-01 -7.981774975890000567e-02
1.413393318005760431e+09 -2.508354560699999958e+00 -7.938579060000000576e-02 1.506068374999999904e+00 5.889706568000000475e-01 7.940795135999999532e-01 1.290111049000000065e-01 -7.685978333710000165e-02
1.413393318055760384e+09 -2.530888277799999919e+00 -8.985003989999999774e-02 1.495147824500000056e+00 5.861922938000000416e-01 7.965861778999999698e-01 1.266782311000000105e-01 -7.603736992369999892e-02
1.413393318105760574e+09 -2.553606164900000142e+00 -1.008086130000000052e-01 1.484306743299999898e+00 5.844505828999999597e-01 7.983297569999999732e-01 1.241055375000000016e-01 -7.539847995720000418e-02
1.413393318155760288e+09 -2.576551313600000004e+00 -1.122172092000000010e-01 1.472996799599999962e+00 5.818112037999999542e-01 8.006803986999999623e-01 1.209195675000000053e-01 -7.605971617060000578e-02
1.413393318205760479e+09 -2.599649617499999898e+00 -1.237370658000000040e-01 1.461494102699999909e+00 5.795950857999999650e-01 8.027286629000000007e-01 1.168562825999999999e-01 -7.772283785000000389e-02
1.413393318255760431e+09 -2.622863598299999932e+00 -1.353216932000000094e-01 1.449948282700000091e+00 5.783739975999999672e-01 8.039460218999999741e-01 1.123823342999999975e-01 -8.077452417319999634e-02
1.413393318305760622e+09 -2.645788902500000095e+00 -1.467449325999999887e-01 1.438157908300000010e+00 5.783276259999999835e-01 8.042845915999999873e-01 1.081561186000000035e-01 -8.346080894349999779e-02
1.413393318355760336e+09 -2.668217662500000031e+00 -1.581243098000000014e-01 1.425776325600000005e+00 5.781570440000000088e-01 8.046498619999999935e-01 1.043274639999999948e-01 -8.595820044849999952e-02
1.413393318405760527e+09 -2.689974481500000181e+00 -1.694333121000000109e-01 1.412732580299999929e+00 5.778016568999999603e-01 8.050665912000000146e-01 1.020442683000000045e-01 -8.717795756639999671e-02
1.413393318455760479e+09 -2.710938885900000095e+00 -1.802772428999999954e-01 1.399362835800000093e+00 5.780281295000000430e-01 8.050168947000000408e-01 9.994428800000000612e-02 -8.855743995579999639e-02
1.413393318505760431e+09 -2.730884991299999953e+00 -1.907301607000000121e-01 1.385062888800000058e+00 5.781423789999999840e-01 8.051087044000000414e-01 9.820524040000000454e-02 -8.892184491769999921e-02
1.413393318555760384e+09 -2.749859531399999835e+00 -2.013933167999999996e-01 1.370187235099999956e+00 5.787592969000000531e-01 8.047724538999999622e-01 9.749790390000000195e-02 -8.873067357840000446e-02
1.413393318605760574e+09 -2.767817841499999876e+00 -2.118986338999999941e-01 1.355327705999999965e+00 5.783782014999999666e-01 8.051080633999999625e-01 9.675449220000000017e-02 -8.898444011410000520e-02
1.413393318655760288e+09 -2.784805976699999963e+00 -2.221667001000000030e-01 1.341121707499999927e+00 5.788120531999999541e-01 8.048840511999999503e-01 9.598478380000000088e-02 -8.902355055839999975e-02
1.413393318705760479e+09 -2.800919956200000005e+00 -2.322995156000000061e-01 1.327856711399999945e+00 5.784797149999999499e-01 8.051118003999999662e-01 9.542081759999999913e-02 -8.972778698430000643e-02
1.413393318755760431e+09 -2.816016479199999978e+00 -2.421629375000000084e-01 1.316100983999999974e+00 5.788477498999999860e-01 8.047979656000000537e-01 9.510527729999999902e-02 -9.050139867180000131e-02
1.413393318805760622e+09 -2.829890175900000138e+00 -2.518848600999999965e-01 1.305515237700000108e+00 5.798292846000000500e-01 8.040767854000000492e-01 9.597712220000000072e-02 -8.970460345590000606e-02
1.413393318855760336e+09 -2.842700089800000107e+00 -2.613536697000000131e-01 1.296545112400000033e+00 5.822778835999999902e-01 8.023035294000000484e-01 9.681592560000000514e-02 -8.881548005139999757e-02
1.413393318905760527e+09 -2.854665435199999823e+00 -2.708088028000000258e-01 1.289393401699999941e+00 5.870704445000000105e-01 7.987566471999999473e-01 9.748210420000000265e-02 -8.850622061710000654e-02
1.413393318955760479e+09 -2.865645873200000082e+00 -2.807213344999999749e-01 1.283197793300000056e+00 5.917105416000000284e-01 7.952481667999999893e-01 9.836135109999999404e-02 -8.822716606909999926e-02
1.413393319005760431e+09 -2.875413381200000007e+00 -2.914812266999999846e-01 1.277722481300000101e+00 5.951852939999999759e-01 7.926208919999999658e-01 9.904485609999999496e-02 -8.773086002869999456e-02
1.413393319055760384e+09 -2.884257449800000206e+00 -3.033611225999999772e-01 1.272763186699999993e+00 5.955114029000000420e-01 7.922575837999999981e-01 1.002790357999999993e-01 -8.739682471519999440e-02
1.413393319105760574e+09 -2.892331968100000150e+00 -3.162757467000000267e-01 1.268808268799999972e+00 5.927360857000000260e-01 7.942081826000000344e-01 1.004497478000000027e-01 -8.835804187159999878e-02
1.413393319155760288e+09 -2.899417623500000207e+00 -3.300401845000000001e-01 1.265812077499999910e+00 5.881322142999999558e-01 7.975317826000000165e-01 1.007924535999999982e-01 -8.879434434449999525e-02
1.413393319205760479e+09 -2.905714286299999838e+00 -3.444863141999999767e-01 1.264862221600000058e+00 5.845924635000000480e-01 7.999529426000000498e-01 1.012316297000000059e-01 -8.988380522960000285e-02
1.413393319255760431e+09 -2.911113155499999827e+00 -3.592482998000000038e-01 1.264690441199999960e+00 5.797874209000000167e-01 8.033233586000000370e-01 1.020460098999999982e-01 -9.002632897310000604e-02
1.413393319305760622e+09 -2.915583212300000060e+00 -3.740782317999999940e-01 1.264352721400000101e+00 5.753366823000000130e-01 8.063980319000000341e-01 1.024652536000000003e-01 -9.061339792639999668e-02
1.413393319355760336e+09 -2.919312684199999897e+00 -3.888316177999999734e-01 1.262769487599999962e+00 5.713840059000000471e-01 8.091374767000000245e-01 1.028630581999999960e-01 -9.075270120990000522e-02
1.413393319405760527e+09 -2.922448545600000003e+00 -4.031078464000000250e-01 1.259117157699999989e+00 5.682578023000000034e-01 8.112872335999999907e-01 1.038123803000000067e-01 -9.010596158109999976e-02
1.413393319455760479e+09 -2.925273420999999985e+00 -4.163021312999999890e-01 1.253674357399999995e+00 5.655642296999999763e-01 8.131149685999999877e-01 1.042844732000000052e-01 -9.003276416170000185e-02
1.413393319505760431e+09 -2.927655542800000177e+00 -4.287677904000000151e-01 1.246783390100000055e+00 5.610221340000000056e-01 8.161353544999999654e-01 1.048014627000000004e-01 -9.052017313669999399e-02
1.413393319555760384e+09 -2.929802311500000034e+00 -4.399404210999999787e-01 1.238423439700000017e+00 5.555792453000000242e-01 8.197232040999999914e-01 1.037324770999999979e-01 -9.287165412669999565e-02
1.413393319605760574e+09 -2.931529875199999857e+00 -4.496714566000000191e-01 1.228818217099999943e+00 5.510182230000000292e-01 8.226246058999999722e-01 1.027342452000000045e-01 -9.546387072839999932e-02
1.413393319655760288e+09 -2.932380542599999806e+00 -4.583915868999999810e-01 1.218223424999999915e+00 5.462175555999999599e-01 8.256645824999999661e-01 1.016186423000000061e-01 -9.796953981330000505e-02
1.413393319705760479e+09 -2.932104710800000014e+00 -4.655667611000000039e-01 1.207474235899999915e+00 5.433445143999999782e-01 8.274316349000000459e-01 1.013224810000000059e-01 -9.933470229379999517e-02
1.413393319755760431e+09 -2.931120057399999812e+00 -4.698314579999999796e-01 1.195947144300000042e+00 5.455658075000000551e-01 8.259441310999999786e-01 1.042450620999999938e-01 -9.647387741759999580e-02
1.413393319805760622e+09 -2.929487625200000167e+00 -4.717536814000000134e-01 1.182706677100000103e+00 5.483918830999999772e-01 8.240833437000000261e-01 1.095581877000000037e-01 -9.027728770369999878e-02
1.413393319855760336e+09 -2.927956581700000172e+00 -4.712777839000000246e-01 1.168476124999999977e+00 5.530398804999999696e-01 8.208627317000000145e-01 1.142534085999999949e-01 -8.530782405980000260e-02
1.413393319905760527e+09 -2.926540490199999844e+00 -4.695457976999999894e-01 1.153459797000000009e+00 5.577647644000000016e-01 8.175059517999999636e-01 1.186212893999999962e-01 -8.069371789929999372e-02
1.413393319955760479e+09 -2.925416787400000107e+00 -4.673135520000000209e-01 1.136845549200000027e+00 5.621811405000000095e-01 8.143120659000000483e-01 1.220887249000000008e-01 -7.708805201099999671e-02
1.413393320005760431e+09 -2.924831715699999890e+00 -4.643448217000000211e-01 1.119432256200000086e+00 5.662386491999999993e-01 8.113385893000000237e-01 1.247862181999999931e-01 -7.437664637270000045e-02
1.413393320055760384e+09 -2.924826572699999794e+00 -4.612990480999999976e-01 1.101569004399999940e+00 5.694985514999999499e-01 8.089461337000000141e-01 1.262601678999999977e-01 -7.304739942049999490e-02
1.413393320105760574e+09 -2.925317207700000033e+00 -4.583161382000000006e-01 1.083534079799999938e+00 5.735237377999999886e-01 8.060400120999999807e-01 1.268712481000000003e-01 -7.262029666710000109e-02
1.413393320155760288e+09 -2.926522553999999943e+00 -4.548506318000000159e-01 1.065811566500000085e+00 5.787642415000000540e-01 8.023281089999999560e-01 1.266879391000000077e-01 -7.246878221050000179e-02
1.413393320205760479e+09 -2.928413109800000136e+00 -4.515968633999999926e-01 1.048410726299999984e+00 5.837582242000000088e-01 7.988215319000000481e-01 1.253572948999999992e-01 -7.345777342989999459e-02
1.413393320255760431e+09 -2.930826928600000159e+00 -4.490339581000000191e-01 1.032433674900000042e+00 5.867980929999999651e-01 7.967486816000000083e-01 1.243785832000000036e-01 -7.341324441650000365e-02
1.413393320305760622e+09 -2.933763308300000094e+00 -4.473720680000000116e-01 1.018743509999999963e+00 5.854141601000000250e-01 7.980095324000000545e-01 1.228004820000000025e-01 -7.342403603239999743e-02
1.413393320355760336e+09 -2.937312606799999948e+00 -4.464510819999999991e-01 1.009089924400000005e+00 5.834934566999999683e-01 7.996340553999999878e-01 1.213117150999999949e-01 -7.351347637510000088e-02
1.413393320405760527e+09 -2.941449599899999878e+00 -4.465035459999999734e-01 1.003428304999999909e+00 5.788524162000000528e-01 8.031681071999999810e-01 1.197556436000000030e-01 -7.422572148509999634e-02
1.413393320455760479e+09 -2.945992713799999940e+00 -4.468800954000000103e-01 1.001411368899999932e+00 5.739547779000000460e-01 8.068766028999999618e-01 1.188096045999999933e-01 -7.355500298429999695e-02
1.413393320505760431e+09 -2.951039102699999805e+00 -4.469193251999999950e-01 1.002281089200000030e+00 5.704592836999999861e-01 8.095325853000000516e-01 1.186750292000000040e-01 -7.175957406579999698e-02
1.413393320555760384e+09 -2.956572985499999806e+00 -4.468314847000000034e-01 1.003619752699999923e+00 5.689867908000000307e-01 8.106970090999999767e-01 1.187440017000000042e-01 -7.017302484720000511e-02
1.413393320605760574e+09 -2.962582659999999812e+00 -4.464217240000000197e-01 1.002129243900000022e+00 5.683456747999999781e-01 8.113467922000000554e-01 1.180948371999999968e-01 -6.894335540500000359e-02
1.413393320655760288e+09 -2.968975753700000109e+00 -4.456320511999999900e-01 9.947660118000000162e-01 5.671488864999999491e-01 8.123353394000000227e-01 1.187245618999999974e-01 -6.601450778480000281e-02
1.413393320705760479e+09 -2.976185505900000194e+00 -4.444909371999999914e-01 9.813183903000000097e-01 5.667816967000000039e-01 8.126977322999999753e-01 1.186089451999999961e-01 -6.490625768879999813e-02
1.413393320755760431e+09 -2.984103066099999868e+00 -4.432380951000000069e-01 9.610407520000000536e-01 5.682009466999999869e-01 8.117961696000000060e-01 1.181076910000000008e-01 -6.469340418539999693e-02
1.413393320805760622e+09 -2.992560824399999930e+00 -4.420202482000000210e-01 9.340892439000000325e-01 5.703245630000000066e-01 8.103753956000000480e-01 1.169400473000000024e-01 -6.592902523339999599e-02
1.413393320855760336e+09 -2.995241335099999791e+00 -4.430346464000000095e-01 9.261549605000000129e-01 5.854086724000000519e-01 8.000152068000000449e-01 1.130937441000000043e-01 -6.694893723750000580e-02
1.413393320905760527e+09 -2.990083310000000161e+00 -4.459609339000000228e-01 9.436582746999999660e-01 5.897353910999999504e-01 7.969162563999999671e-01 1.150412871000000004e-01 -6.246720062640000182e-02
1.413393320955760479e+09 -2.984754751900000169e+00 -4.499899051999999844e-01 9.513694592000000450e-01 5.749904555999999500e-01 8.075239043999999922e-01 1.195534724999999937e-01 -5.475479041240000067e-02
1.413393321005760431e+09 -2.980262792200000010e+00 -4.539433853000000019e-01 9.526212258999999793e-01 5.647377300000000488e-01 8.143194797999999679e-01 1.254143255000000068e-01 -4.718398143580000009e-02
1.413393321055760384e+09 -2.977516722999999921e+00 -4.572419985000000242e-01 9.473476780999999791e-01 5.630128028999999978e-01 8.151887521999999775e-01 1.278091939000000066e-01 -4.635398536120000079e-02
1.413393321105760574e+09 -2.976123158000000046e+00 -4.595786989999999794e-01 9.330802607999999498e-01 5.687946278000000078e-01 8.113039211999999445e-01 1.251061689000000088e-01 -5.105942892740000100e-02
1.413393321155760288e+09 -2.974210681899999820e+00 -4.613911816999999860e-01 9.266386577999999874e-01 5.901035982000000235e-01 7.964966901000000155e-01 1.099039593000000065e-01 -7.274534907190000066e-02
1.413393321205760479e+09 -2.971408743600000069e+00 -4.631595801999999762e-01 9.384642730000000155e-01 6.008250630000000481e-01 7.886575760999999796e-01 1.126579224999999934e-01 -6.585335103030000303e-02
1.413393321255760431e+09 -2.972041915200000162e+00 -4.641751171999999870e-01 9.410204274000000257e-01 5.960385963000000009e-01 7.924161384000000252e-01 1.161222150999999952e-01 -5.770863434009999848e-02
1.413393321305760622e+09 -2.972420317900000164e+00 -4.638321317999999915e-01 9.309808459999999730e-01 5.832989509999999544e-01 8.026692119999999653e-01 1.126706923999999943e-01 -5.281841414760000269e-02
1.413393321355760336e+09 -2.971543048700000078e+00 -4.626623308999999740e-01 9.288923118999999895e-01 5.838870578999999505e-01 8.022979007999999634e-01 1.056630954000000039e-01 -6.503300872379999542e-02
1.413393321405760527e+09 -2.969420627399999901e+00 -4.634202291000000251e-01 9.337895454000000317e-01 5.888988891999999975e-01 7.986780834000000162e-01 1.065556220999999970e-01 -6.290720807310000440e-02
1.413393321455760479e+09 -2.971154392099999875e+00 -4.644426422999999859e-01 9.335037895000000141e-01 5.919447732000000517e-01 7.965027344999999759e-01 1.053561315000000054e-01 -6.391294890649999727e-02
1.413393321505760431e+09 -2.971354376099999861e+00 -4.639758143000000112e-01 9.313748724999999506e-01 5.911867908000000282e-01 7.969596557000000470e-01 1.083625133000000046e-01 -6.009202414999999936e-02
1.413393321555760384e+09 -2.970748807300000127e+00 -4.635080173000000192e-01 9.323754682999999543e-01 5.884076990000000063e-01 7.990787177000000518e-01 1.061871206999999984e-01 -6.303870380440000643e-02
1.413393321605760574e+09 -2.970870750300000029e+00 -4.635680226000000181e-01 9.315992682999999497e-01 5.890776692000000425e-01 7.985583703999999949e-01 1.067947813000000024e-01 -6.234503433079999907e-02
1.413393321655760288e+09 -2.971277765600000009e+00 -4.641928028999999789e-01 9.319170019000000416e-01 5.905810138999999515e-01 7.974631336999999931e-01 1.068392377000000060e-01 -6.206443175459999684e-02
1.413393321705760479e+09 -2.970720801900000207e+00 -4.639898333999999958e-01 9.320624347000000531e-01 5.910484741999999514e-01 7.971157052999999770e-01 1.066957305999999966e-01 -6.232394894619999737e-02
1.413393321755760431e+09 -2.970870851699999982e+00 -4.639568394999999956e-01 9.315485787999999712e-01 5.895548637999999952e-01 7.982198641000000094e-01 1.065933735000000049e-01 -6.251370956160000325e-02
1.413393321805760622e+09 -2.970924821900000179e+00 -4.640198434000000205e-01 9.317088918000000497e-01 5.903980048000000425e-01 7.976059004000000119e-01 1.066874262999999989e-01 -6.223195837559999943e-02
1.413393321855760336e+09 -2.970769423100000139e+00 -4.641894974999999923e-01 9.317111766000000239e-01 5.906142222000000386e-01 7.974490632999999828e-01 1.064465002000000021e-01 -6.260171429920000086e-02
1.413393321905760527e+09 -2.970713568999999943e+00 -4.641217871000000161e-01 9.317932344999999561e-01 5.907793120000000009e-01 7.973303462999999924e-01 1.064925639000000035e-01 -6.247765373059999822e-02
1.413393321955760479e+09 -2.971048893699999915e+00 -4.641914066000000227e-01 9.316062529999999953e-01 5.901557584000000078e-01 7.977867508999999524e-01 1.064677527999999956e-01 -6.258672779780000139e-02
1.413393322005760431e+09 -2.970742993800000065e+00 -4.641372474000000081e-01 9.317764682000000409e-01 5.909067571999999657e-01 7.972348767000000391e-01 1.065008652000000028e-01 -6.247656585570000171e-02
1.413393322055760384e+09 -2.970920393000000104e+00 -4.642166656999999752e-01 9.317456384000000202e-01 5.908324100999999828e-01 7.972813621000000017e-01 1.063791510999999995e-01 -6.279306556239999670e-02
1.413393322105760574e+09 -2.970912114099999890e+00 -4.641252254000000077e-01 9.316926484999999980e-01 5.907271951000000465e-01 7.973615698999999557e-01 1.065167283999999964e-01 -6.253074727530000265e-02
1.413393322155760288e+09 -2.970875111099999799e+00 -4.641453272000000130e-01 9.317085294000000406e-01 5.906803099999999862e-01 7.973909772999999701e-01 1.064606416000000028e-01 -6.269395923579999808e-02
1.413393322205760479e+09 -2.970923707599999908e+00 -4.641897782000000139e-01 9.317905563999999696e-01 5.909284326000000531e-01 7.971975059000000474e-01 1.065146544000000056e-01 -6.272441753790000685e-02
1.413393322255760431e+09 -2.970963131900000054e+00 -4.641280559000000028e-01 9.317502792999999839e-01 5.908650880000000383e-01 7.972642419000000036e-01 1.063972544999999964e-01 -6.267216786290000230e-02
1.413393322305760622e+09 -2.970904968100000154e+00 -4.640995773000000102e-01 9.317072454000000503e-01 5.907861091999999648e-01 7.973219339999999544e-01 1.064185589000000015e-01 -6.264660487860000682e-02
1.413393322355760336e+09 -2.970960375399999798e+00 -4.642173767000000173e-01 9.317002068999999942e-01 5.909382753999999904e-01 7.971992594000000265e-01 1.064566009999999979e-01 -6.270795542429999370e-02
1.413393322405760527e+09 -2.970897930600000070e+00 -4.642441798999999980e-01 9.316147700000000365e-01 5.908701900999999701e-01 7.972582486999999496e-01 1.064183655000000006e-01 -6.266446293909999632e-02
1.413393322455760479e+09 -2.970874733600000095e+00 -4.642449459999999917e-01 9.315398030000000551e-01 5.908890685000000031e-01 7.972549815999999678e-01 1.063772332000000043e-01 -6.259782192359999997e-02
1.413393322505760431e+09 -2.970886131999999957e+00 -4.643313659000000149e-01 9.315282732999999871e-01 5.909326880999999920e-01 7.972114681999999952e-01 1.064108688000000025e-01 -6.268301258990000013e-02
1.413393322555760384e+09 -2.970811906899999855e+00 -4.643344298000000037e-01 9.314937062999999462e-01 5.909823449000000117e-01 7.971623221000000425e-01 1.065017495000000064e-01 -6.268554559710000362e-02
1.413393322605760574e+09 -2.970806034799999829e+00 -4.643322913999999857e-01 9.314504898000000033e-01 5.909459675999999551e-01 7.972020461000000058e-01 1.064347434999999981e-01 -6.263710128110000497e-02
1.413393322655760288e+09 -2.970744757899999922e+00 -4.643138841000000183e-01 9.314634242999999536e-01 5.909319584000000125e-01 7.972192298000000399e-01 1.063926602999999971e-01 -6.262205694420000524e-02
1.413393322705760479e+09 -2.970713541399999880e+00 -4.643391394999999977e-01 9.315317667000000412e-01 5.909080391000000043e-01 7.972291084000000527e-01 1.064176906999999977e-01 -6.267944771899999767e-02
1.413393322755760431e+09 -2.970738046800000198e+00 -4.643364347000000225e-01 9.315618540000000225e-01 5.909073240000000116e-01 7.972227873999999659e-01 1.064331012999999992e-01 -6.274039064359999973e-02
1.413393322805760622e+09 -2.970733932599999960e+00 -4.643153314999999837e-01 9.315406755999999788e-01 5.909739478000000101e-01 7.971763959000000010e-01 1.064418686999999974e-01 -6.268744324510000521e-02
1.413393322855760336e+09 -2.970731866099999952e+00 -4.642623862999999962e-01 9.315151271999999594e-01 5.909679021999999504e-01 7.971800583000000495e-01 1.064447054000000059e-01 -6.269304468530000063e-02
1.413393322905760527e+09 -2.970776919800000027e+00 -4.642346755000000269e-01 9.315022782999999862e-01 5.909449614999999767e-01 7.971965400999999618e-01 1.064323969999999980e-01 -6.272060026789999521e-02
1.413393322955760479e+09 -2.970760428200000192e+00 -4.642094687000000164e-01 9.315318159000000042e-01 5.909958360000000521e-01 7.971625145999999829e-01 1.063960397000000002e-01 -6.273539524309999782e-02
1.413393323005760431e+09 -2.970761161200000000e+00 -4.642161773999999852e-01 9.315469137999999871e-01 5.910014994000000188e-01 7.971524523999999889e-01 1.064177719999999938e-01 -6.277302898750000693e-02
1.413393323055760384e+09 -2.970731332699999783e+00 -4.642425475999999995e-01 9.315355682999999498e-01 5.910248367999999530e-01 7.971275458000000036e-01 1.064412235999999956e-01 -6.282980087190000174e-02
1.413393323105760574e+09 -2.970666861799999836e+00 -4.643030908999999928e-01 9.315335754000000357e-01 5.910136179999999628e-01 7.971284669000000545e-01 1.064802324999999938e-01 -6.285754215409999901e-02
1.413393323155760288e+09 -2.970640062100000200e+00 -4.643520599000000026e-01 9.316013317000000349e-01 5.910510304999999631e-01 7.970976684999999673e-01 1.064788076000000028e-01 -6.289872685849999534e-02
1.413393323205760479e+09 -2.970626509100000145e+00 -4.643730777000000254e-01 9.316424742000000148e-01 5.910707855000000288e-01 7.970802483000000160e-01 1.064953309999999986e-01 -6.290587250279999765e-02
1.413393323255760431e+09 -2.970621912699999978e+00 -4.643869542999999878e-01 9.316914179999999934e-01 5.910514490999999593e-01 7.970946126000000298e-01 1.065006061000000059e-01 -6.289661330609999657e-02
1.413393323305760622e+09 -2.970655756799999825e+00 -4.644120750999999880e-01 9.317771794000000440e-01 5.910570235000000006e-01 7.970931398999999695e-01 1.064715311000000025e-01 -6.291211547910000035e-02
1.413393323355760336e+09 -2.970656776499999818e+00 -4.644153132000000128e-01 9.318426760000000364e-01 5.910509886999999463e-01 7.970956485000000313e-01 1.064999841000000003e-01 -6.288886384859999901e-02
1.413393323405760527e+09 -2.970703551300000189e+00 -4.643361804999999731e-01 9.319041020999999647e-01 5.910038484999999842e-01 7.971370988000000546e-01 1.064556700000000022e-01 -6.288153280800000411e-02
1.413393323455760479e+09 -2.970742726900000186e+00 -4.643246750000000200e-01 9.317924939999999712e-01 5.910151587999999956e-01 7.971222675000000368e-01 1.064629478999999934e-01 -6.295088080770000483e-02
1.413393323505760431e+09 -2.970789902199999943e+00 -4.643677379999999744e-01 9.315864884000000234e-01 5.910582494999999659e-01 7.970860975000000348e-01 1.064542715000000028e-01 -6.301894193460000348e-02
1.413393323555760384e+09 -2.970841460800000000e+00 -4.643948258000000218e-01 9.314300586999999521e-01 5.910204640999999759e-01 7.971097035999999969e-01 1.064931286000000005e-01 -6.300908666530000146e-02
1.413393323605760574e+09 -2.970875415300000100e+00 -4.643748173999999729e-01 9.312876344999999612e-01 5.910070697000000539e-01 7.971226450999999713e-01 1.064601820999999948e-01 -6.302667539249999507e-02
1.413393323655760288e+09 -2.970886427399999974e+00 -4.643667443000000228e-01 9.311920264999999919e-01 5.909944901000000472e-01 7.971340550000000080e-01 1.064526070000000046e-01 -6.301312142909999692e-02
1.413393323705760479e+09 -2.970878170999999845e+00 -4.643701848999999826e-01 9.311185574000000464e-01 5.910122188999999970e-01 7.971174533999999534e-01 1.064792140000000026e-01 -6.301190028389999642e-02
1.413393323755760431e+09 -2.970830061100000030e+00 -4.643689489000000226e-01 9.310657746999999596e-01 5.909788592000000396e-01 7.971451567999999765e-01 1.064571106000000017e-01 -6.301167001809999946e-02
1.413393323805760622e+09 -2.970821706799999795e+00 -4.643838941000000275e-01 9.310476473000000031e-01 5.909678704999999921e-01 7.971521496000000262e-01 1.064523465999999974e-01 -6.303430959450000148e-02
1.413393323855760336e+09 -2.970825380299999985e+00 -4.643854434999999947e-01 9.310427601999999858e-01 5.909862041000000232e-01 7.971339281000000554e-01 1.065065369999999983e-01 -6.300130833559999810e-02
1.413393323905760527e+09 -2.970831678400000175e+00 -4.643761278999999909e-01 9.310449070999999854e-01 5.909640899000000447e-01 7.971526517999999450e-01 1.064594823000000051e-01 -6.305134982920000686e-02
1.413393323955760479e+09 -2.970818783699999965e+00 -4.643851439000000192e-01 9.310860007000000271e-01 5.909804759000000240e-01 7.971386149000000421e-01 1.065116170999999973e-01 -6.298715149130000579e-02
1.413393324005760431e+09 -2.970802269600000045e+00 -4.643819564000000177e-01 9.311411237000000174e-01 5.909741441000000428e-01 7.971456499000000306e-01 1.064636072999999988e-01 -6.303867131929999368e-02
1.413393324055760384e+09 -2.970775725499999798e+00 -4.643803040999999743e-01 9.311773449000000369e-01 5.909713059000000213e-01 7.971469647000000158e-01 1.065067678999999934e-01 -6.297571501760000634e-02
1.413393324105760574e+09 -2.970750047400000149e+00 -4.643977592999999904e-01 9.311839106000000532e-01 5.909464625000000471e-01 7.971637817000000181e-01 1.064944829000000065e-01 -6.301673361199999768e-02
1.413393324155760288e+09 -2.970754229100000199e+00 -4.644328318000000011e-01 9.311802948999999829e-01 5.909552165000000468e-01 7.971575172000000542e-01 1.065270227999999958e-01 -6.295886195909999872e-02
1.413393324205760479e+09 -2.970758395899999904e+00 -4.644604681999999762e-01 9.312306213000000055e-01 5.909749626000000422e-01 7.971452834000000154e-01 1.064961319999999934e-01 -6.298066821679999816e-02
1.413393324255760431e+09 -2.970777523899999828e+00 -4.644825678999999763e-01 9.312591117999999835e-01 5.909428881999999605e-01 7.971656626999999995e-01 1.065257215999999979e-01 -6.297364317720000049e-02
1.413393324305760622e+09 -2.970774049000000083e+00 -4.644756047999999971e-01 9.312617192000000044e-01 5.909235711000000446e-01 7.971792331999999481e-01 1.065204493000000002e-01 -6.299204018220000423e-02
1.413393324355760336e+09 -2.970785468899999948e+00 -4.644429563999999955e-01 9.312483940000000349e-01 5.909155310999999466e-01 7.971850570999999830e-01 1.065269263000000050e-01 -6.298280648340000287e-02
1.413393324405760527e+09 -2.970833468399999955e+00 -4.644442764000000223e-01 9.312139222999999966e-01 5.909176390999999473e-01 7.971768045999999552e-01 1.065593219999999980e-01 -6.301267221890000103e-02
1.413393324455760479e+09 -2.970875400999999805e+00 -4.644491840000000149e-01 9.311843885999999682e-01 5.909223823999999459e-01 7.971751518999999897e-01 1.065316186000000026e-01 -6.303593784340000283e-02
1.413393324505760431e+09 -2.970882243400000178e+00 -4.644756012999999850e-01 9.311198106000000418e-01 5.908861865000000213e-01 7.971939687000000330e-01 1.066015193999999972e-01 -6.301910030660000384e-02
1.413393324555760384e+09 -2.970875357000000161e+00 -4.645007891999999861e-01 9.310679676999999987e-01 5.908536747000000533e-01 7.972150748999999870e-01 1.066184158999999992e-01 -6.302835033739999371e-02
1.413393324605760574e+09 -2.970841897500000162e+00 -4.644965461000000184e-01 9.310345059000000312e-01 5.908602595999999929e-01 7.972065425000000038e-01 1.066585983999999987e-01 -6.300655211529999911e-02
1.413393324655760288e+09 -2.970858677699999895e+00 -4.644782819000000118e-01 9.310539132999999801e-01 5.908483279999999782e-01 7.972124842000000156e-01 1.066806834999999981e-01 -6.300587460300000053e-02
1.413393324705760479e+09 -2.970875245899999850e+00 -4.644821406999999902e-01 9.310684307000000048e-01 5.908352615999999946e-01 7.972179592999999453e-01 1.067091617999999936e-01 -6.301090219999999631e-02
1.413393324755760431e+09 -2.970855140499999880e+00 -4.644915927000000111e-01 9.310839718000000209e-01 5.908383709000000206e-01 7.972121070000000032e-01 1.067331049000000004e-01 -6.301523835319999822e-02
1.413393324805760622e+09 -2.970826485499999947e+00 -4.645017228000000165e-01 9.311131597999999787e-01 5.908398516999999739e-01 7.972086496000000411e-01 1.067365207999999982e-01 -6.303930344989999712e-02
1.413393324855760336e+09 -2.970765931799999926e+00 -4.644767571000000261e-01 9.311508624000000012e-01 5.908107523000000194e-01 7.972279774999999624e-01 1.067590459000000019e-01 -6.302946088550000214e-02
1.413393324905760527e+09 -2.970707509199999929e+00 -4.644681525000000089e-01 9.311836765000000016e-01 5.908178770999999996e-01 7.972236740000000488e-01 1.067383984000000036e-01 -6.305207342209999399e-02
1.413393324955760479e+09 -2.970677606799999815e+00 -4.644986207999999839e-01 9.312193638000000329e-01 5.907812083000000269e-01 7.972489499999999563e-01 1.067517622000000027e-01 -6.305344548090000001e-02
1.413393325005760431e+09 -2.970651112000000094e+00 -4.645091273999999992e-01 9.312142023999999685e-01 5.907805227000000325e-01 7.972468936000000062e-01 1.067537798999999982e-01 -6.308244709320000310e-02
1.413393325055760384e+09 -2.970624165799999883e+00 -4.645118247999999728e-01 9.311938115000000238e-01 5.907917692999999915e-01 7.972386532999999886e-01 1.067422148999999931e-01 -6.310082797490000617e-02
1.413393325105760574e+09 -2.970657647699999959e+00 -4.645311052000000163e-01 9.311481017999999610e-01 5.907786066000000336e-01 7.972329199000000033e-01 1.068179181000000061e-01 -6.316836135740000469e-02
1.413393325155760288e+09 -2.970709169800000105e+00 -4.645516686999999756e-01 9.310934234000000087e-01 5.907048073999999760e-01 7.972911051000000082e-01 1.067952635000000011e-01 -6.316245648380000577e-02
1.413393325205760479e+09 -2.970768252800000120e+00 -4.646001237999999867e-01 9.310575138000000139e-01 5.906780354999999760e-01 7.973054359000000257e-01 1.068091089000000049e-01 -6.320850023030000209e-02
1.413393325255760431e+09 -2.970833998299999834e+00 -4.646416965999999871e-01 9.310151836000000181e-01 5.907066363999999847e-01 7.972815173999999727e-01 1.068227018999999972e-01 -6.321994991780000017e-02
1.413393325305760622e+09 -2.970932178400000012e+00 -4.646794980000000241e-01 9.310052958000000212e-01 5.906992629999999744e-01 7.972770285000000401e-01 1.068621478999999957e-01 -6.327876319219999379e-02
1.413393325355760336e+09 -2.971035628700000153e+00 -4.647183245000000018e-01 9.310146351000000431e-01 5.906733247000000020e-01 7.972977766000000077e-01 1.068386176000000048e-01 -6.329919970620000169e-02
1.413393325405760527e+09 -2.971160300299999779e+00 -4.647505949999999886e-01 9.310668263000000389e-01 5.906812666999999850e-01 7.972907100999999663e-01 1.068235451000000003e-01 -6.333952050820000623e-02
1.413393325455760479e+09 -2.971283813799999951e+00 -4.647519531000000037e-01 9.311527960000000048e-01 5.906977919000000465e-01 7.973099620000000387e-01 1.066759084000000052e-01 -6.319172195420000304e-02
