1.413394882805760622e+09 -1.051690947200000004e+00 3.626874258000000184e-01 1.310783843799999904e+00 4.152901804999999946e-01 5.441961050000000411e-01 5.791644581999999541e-01 -4.426660091460000168e-01
1.413394882855760336e+09 -1.052484089900000086e+00 3.624194882999999812e-01 1.310810371499999905e+00 4.152349551999999777e-01 5.443537472999999682e-01 5.790717027999999766e-01 -4.426453352720000067e-01
1.413394882905760527e+09 -1.053069446000000076e+00 3.622540670000000129e-01 1.310793875699999944e+00 4.153789039999999932e-01 5.443891227999999582e-01 5.789917527000000286e-01 -4.425713495370000028e-01
1.413394882955760479e+09 -1.053416954900000091e+00 3.620659481999999874e-01 1.310805360600000080e+00 4.153947964999999964e-01 5.444578098000000255e-01 5.789449888000000044e-01 -4.425331132409999757e-01
1.413394883005760431e+09 -1.053654091499999890e+00 3.619357957000000070e-01 1.310767396699999976e+00 4.152786314999999950e-01 5.445172644000000339e-01 5.789738707999999567e-01 -4.425312010010000185e-01
1.413394883055760384e+09 -1.053773949099999996e+00 3.618562739000000250e-01 1.310781624699999925e+00 4.152438131999999782e-01 5.444944473999999701e-01 5.790165702999999775e-01 -4.425360818219999937e-01
1.413394883105760574e+09 -1.053849623100000077e+00 3.617891972000000234e-01 1.310772963000000013e+00 4.152169808999999767e-01 5.444929750000000457e-01 5.790003899000000231e-01 -4.425842376590000127e-01
1.413394883155760288e+09 -1.053915061999999958e+00 3.618298018000000171e-01 1.310775731999999971e+00 4.153023290000000256e-01 5.444512745999999792e-01 5.789843287000000505e-01 -4.425764705129999754e-01
1.413394883205760479e+09 -1.053935514399999995e+00 3.618857820999999975e-01 1.310783579099999985e+00 4.153506940000000203e-01 5.445012249999999776e-01 5.788961300999999615e-01 -4.425850059340000198e-01
1.413394883255760431e+09 -1.053928948900000107e+00 3.619250763999999898e-01 1.310828136500000074e+00 4.153164038000000113e-01 5.445720170000000193e-01 5.788427482000000346e-01 -4.425999049279999986e-01
1.413394883305760622e+09 -1.053868225400000025e+00 3.619768252000000186e-01 1.310842094200000085e+00 4.152855652999999925e-01 5.445895820999999692e-01 5.788611809000000497e-01 -4.425831215809999941e-01
1.413394883355760336e+09 -1.053776352999999943e+00 3.619736470000000095e-01 1.310893739399999980e+00 4.151420980000000149e-01 5.446119877999999748e-01 5.789003204999999541e-01 -4.426389500690000034e-01
1.413394883405760527e+09 -1.053750457200000046e+00 3.620159635999999903e-01 1.310919299999999899e+00 4.151482978000000101e-01 5.445570329000000154e-01 5.789296309000000473e-01 -4.426624123180000203e-01
1.413394883455760479e+09 -1.053660432300000060e+00 3.620838177999999852e-01 1.310950166200000044e+00 4.151437946000000045e-01 5.445224733000000317e-01 5.789556951000000007e-01 -4.426750602139999935e-01
1.413394883505760431e+09 -1.053626580700000037e+00 3.621469739000000021e-01 1.310959089800000088e+00 4.152084181999999846e-01 5.445154651000000401e-01 5.789238064999999711e-01 -4.426647760090000050e-01
1.413394883555760384e+09 -1.053617861099999997e+00 3.622453986999999986e-01 1.310994446800000102e+00 4.152263606000000107e-01 5.445533023999999944e-01 5.789288567999999469e-01 -4.425947911129999857e-01
1.413394883605760574e+09 -1.053597149000000011e+00 3.621801555999999978e-01 1.311030685500000015e+00 4.150874625000000040e-01 5.444592176000000450e-01 5.793990233000000378e-01 -4.422254296440000232e-01
1.413394883655760288e+09 -1.053399620199999998e+00 3.620593002999999976e-01 1.311132267200000090e+00 4.149151440000000135e-01 5.443669380000000224e-01 5.794130987000000177e-01 -4.424822268870000075e-01
1.413394883705760479e+09 -1.053407704899999908e+00 3.620627616000000049e-01 1.311143323100000035e+00 4.148036185000000264e-01 5.446236218000000129e-01 5.789798326999999745e-01 -4.428379184519999900e-01
1.413394883755760431e+09 -1.053414908299999952e+00 3.619905959999999978e-01 1.311074163300000039e+00 4.149284736000000140e-01 5.445467454000000318e-01 5.791114180999999972e-01 -4.426433885009999902e-01
1.413394883805760622e+09 -1.053340981999999926e+00 3.619397211000000003e-01 1.310921338300000016e+00 4.150488472000000151e-01 5.445291435000000346e-01 5.791659089999999788e-01 -4.424808653749999765e-01
1.413394883855760336e+09 -1.053285860799999973e+00 3.619579215000000016e-01 1.310917059499999926e+00 4.149995282000000230e-01 5.446501365999999456e-01 5.789633491000000243e-01 -4.426432658109999974e-01
1.413394883905760527e+09 -1.053271982100000059e+00 3.620016255999999877e-01 1.310857640899999899e+00 4.150728944000000031e-01 5.446571054000000078e-01 5.788372150999999688e-01 -4.427308530610000181e-01
1.413394883955760479e+09 -1.053232011400000001e+00 3.619605491999999813e-01 1.310742635600000039e+00 4.150111452999999950e-01 5.446376826000000060e-01 5.790432854999999490e-01 -4.425431250579999753e-01
1.413394884005760431e+09 -1.053244483599999892e+00 3.620117744999999942e-01 1.310735987499999977e+00 4.151764537000000033e-01 5.446208398999999867e-01 5.788908681000000112e-01 -4.426081967719999732e-01
1.413394884055760384e+09 -1.053289337899999900e+00 3.619823081999999914e-01 1.310769763299999946e+00 4.150292788000000122e-01 5.446848197000000447e-01 5.788445003000000089e-01 -4.427281213229999901e-01
1.413394884105760574e+09 -1.053381100500000001e+00 3.620331840000000079e-01 1.310686645199999889e+00 4.151826518000000243e-01 5.446311123999999504e-01 5.788915364000000174e-01 -4.425888681219999898e-01
1.413394884155760288e+09 -1.053409888600000066e+00 3.620235231999999748e-01 1.310712458300000050e+00 4.149884141999999887e-01 5.447331803999999611e-01 5.789127924000000425e-01 -4.426176193840000161e-01
1.413394884205760479e+09 -1.053414100799999975e+00 3.620858337000000260e-01 1.310757766100000055e+00 4.151878596999999949e-01 5.446809913000000281e-01 5.787959002000000464e-01 -4.426476756900000198e-01
1.413394884255760431e+09 -1.053347294299999959e+00 3.620700874000000180e-01 1.310799751900000087e+00 4.150078721000000082e-01 5.447130166000000440e-01 5.789104588000000273e-01 -4.426272430270000169e-01
1.413394884305760622e+09 -1.053400023500000060e+00 3.620518172000000146e-01 1.310840560399999966e+00 4.150195812999999956e-01 5.447184950000000248e-01 5.789323002999999801e-01 -4.425809530690000271e-01
1.413394884355760336e+09 -1.053410390600000079e+00 3.619822564999999881e-01 1.310883624199999931e+00 4.150125493999999859e-01 5.446452531000000041e-01 5.790730612000000166e-01 -4.424935275019999947e-01
1.413394884405760527e+09 -1.053348780000000096e+00 3.619475220999999743e-01 1.310922589800000093e+00 4.149333208000000051e-01 5.446780453999999771e-01 5.789693077999999993e-01 -4.426631978450000227e-01
1.413394884455760479e+09 -1.053376024100000086e+00 3.619929245999999878e-01 1.310996192499999990e+00 4.150101701000000198e-01 5.447527400999999658e-01 5.789552763999999963e-01 -4.425175688210000180e-01
1.413394884505760431e+09 -1.053452180999999932e+00 3.619327937999999856e-01 1.310981604700000025e+00 4.148812539000000243e-01 5.448201795999999542e-01 5.790506516000000214e-01 -4.424306273040000126e-01
1.413394884555760384e+09 -1.053406734099999964e+00 3.619125988999999932e-01 1.310988837600000068e+00 4.149849641999999728e-01 5.447440796000000418e-01 5.790288958000000541e-01 -4.424555402170000096e-01
1.413394884605760574e+09 -1.053433858500000042e+00 3.619850351000000188e-01 1.310970100900000102e+00 4.149986417000000039e-01 5.448391803000000033e-01 5.789140682000000204e-01 -4.424758712860000220e-01
1.413394884655760288e+09 -1.053464656999999915e+00 3.620143308000000060e-01 1.310951908600000104e+00 4.149889204000000165e-01 5.448562297000000276e-01 5.788680922000000173e-01 -4.425241425179999855e-01
1.413394884705760479e+09 -1.053413741099999967e+00 3.620463034999999996e-01 1.310977094400000098e+00 4.150744143000000275e-01 5.447931290999999954e-01 5.789195664999999824e-01 -4.424543057179999850e-01
1.413394884755760431e+09 -1.053452282300000098e+00 3.621100969000000114e-01 1.310943181100000077e+00 4.151182272999999756e-01 5.448174573999999826e-01 5.789118957000000121e-01 -4.423932780479999938e-01
1.413394884805760622e+09 -1.053425805300000073e+00 3.620586182000000153e-01 1.311050186699999953e+00 4.149605458000000247e-01 5.447752807000000308e-01 5.789308936000000516e-01 -4.425682539040000085e-01
1.413394884855760336e+09 -1.053406280599999967e+00 3.621667127000000042e-01 1.311027827500000020e+00 4.151400336000000135e-01 5.447314631999999879e-01 5.789201583999999956e-01 -4.424678922429999828e-01
1.413394884905760527e+09 -1.053454784599999972e+00 3.622885967999999735e-01 1.311012134700000109e+00 4.150388017000000151e-01 5.448929457000000198e-01 5.788051871999999598e-01 -4.425144361600000242e-01
1.413394884955760479e+09 -1.053428575799999933e+00 3.622017244999999885e-01 1.310960225599999918e+00 4.151313312000000089e-01 5.447220528999999756e-01 5.787968510000000011e-01 -4.426489220609999831e-01
1.413394885005760431e+09 -1.053369911899999956e+00 3.622263996000000263e-01 1.310888427599999906e+00 4.151448499000000014e-01 5.447808240999999496e-01 5.787498376999999916e-01 -4.426253863080000239e-01
1.413394885055760384e+09 -1.053371335000000020e+00 3.621491372999999792e-01 1.310842578499999966e+00 4.150228932000000204e-01 5.447526997999999621e-01 5.787968357999999647e-01 -4.427129059550000134e-01
1.413394885105760574e+09 -1.053357523999999934e+00 3.621894316000000003e-01 1.310845265600000031e+00 4.150224391999999818e-01 5.447976701000000199e-01 5.787759181999999614e-01 -4.426853399230000208e-01
1.413394885155760288e+09 -1.053351444900000100e+00 3.621727798000000109e-01 1.310834963900000094e+00 4.151749449000000092e-01 5.447550209999999504e-01 5.786980118000000228e-01 -4.426966720320000270e-01
1.413394885205760479e+09 -1.053385284199999994e+00 3.620886658999999952e-01 1.310836748000000052e+00 4.149420957000000132e-01 5.447625103000000024e-01 5.788359865000000104e-01 -4.427253837119999869e-01
1.413394885255760431e+09 -1.053397235100000051e+00 3.621593289000000215e-01 1.310864522699999979e+00 4.151269644999999731e-01 5.447825598000000102e-01 5.787065380999999453e-01 -4.426966326369999871e-01
1.413394885305760622e+09 -1.053349770200000091e+00 3.620781267000000025e-01 1.310880179300000004e+00 4.150651824000000101e-01 5.447420455999999467e-01 5.787625008000000237e-01 -4.427312568280000193e-01
1.413394885355760336e+09 -1.053322051499999912e+00 3.620594994999999927e-01 1.310928950699999929e+00 4.148862947999999995e-01 5.447454285999999701e-01 5.788643363000000042e-01 -4.427616295019999870e-01
1.413394885405760527e+09 -1.053367711599999978e+00 3.620887830000000251e-01 1.310948206800000015e+00 4.151047118000000258e-01 5.447776485999999974e-01 5.786780631000000286e-01 -4.427607606589999967e-01
1.413394885455760479e+09 -1.053336966500000083e+00 3.620486045999999902e-01 1.310946266299999996e+00 4.150655272000000062e-01 5.447690606999999741e-01 5.787095837000000298e-01 -4.427668646349999793e-01
1.413394885505760431e+09 -1.053294958800000014e+00 3.619941870999999756e-01 1.310902621699999937e+00 4.148286428999999886e-01 5.448111177000000138e-01 5.788200132999999914e-01 -4.427927679299999975e-01
1.413394885555760384e+09 -1.053219154900000065e+00 3.620787081999999879e-01 1.310890997600000052e+00 4.150074846999999845e-01 5.447413618999999985e-01 5.787848370000000520e-01 -4.427569861039999943e-01
1.413394885605760574e+09 -1.053182367700000066e+00 3.621691479999999963e-01 1.310893648099999975e+00 4.151007568999999786e-01 5.447341304999999689e-01 5.787150100000000297e-01 -4.427697210379999970e-01
1.413394885655760288e+09 -1.053126889899999918e+00 3.621316634000000256e-01 1.310893284400000081e+00 4.148802963000000066e-01 5.448261663000000254e-01 5.787444713999999601e-01 -4.428245986020000191e-01
1.413394885705760479e+09 -1.053133600900000078e+00 3.620797209000000128e-01 1.310873982299999962e+00 4.149087960999999769e-01 5.447390536999999755e-01 5.788315308999999464e-01 -4.427912749999999842e-01
1.413394885755760431e+09 -1.053204971700000048e+00 3.620665169999999766e-01 1.310852287499999935e+00 4.149839363999999753e-01 5.447841829999999774e-01 5.787557770000000268e-01 -4.427643583909999792e-01
1.413394885805760622e+09 -1.053268934399999912e+00 3.620460990000000101e-01 1.310884533899999926e+00 4.149392734999999832e-01 5.448097306000000417e-01 5.787244174000000241e-01 -4.428157692149999880e-01
1.413394885855760336e+09 -1.053346759699999913e+00 3.620191833999999997e-01 1.310852407899999905e+00 4.149170677999999834e-01 5.447427489999999706e-01 5.788136423999999947e-01 -4.428023617899999875e-01
1.413394885905760527e+09 -1.053509181199999922e+00 3.621341409000000122e-01 1.310875243799999978e+00 4.149905271000000062e-01 5.448675142000000138e-01 5.788421711000000247e-01 -4.425426480940000129e-01
1.413394885955760479e+09 -1.053624648300000022e+00 3.618815309000000258e-01 1.310915552500000025e+00 4.146028071999999787e-01 5.445773434999999774e-01 5.792676525000000076e-01 -4.427064670210000275e-01
1.413394886005760431e+09 -1.053781799100000027e+00 3.620562588999999831e-01 1.311047449699999978e+00 4.149565310000000173e-01 5.451871141999999892e-01 5.785699621000000015e-01 -4.425368762240000087e-01
1.413394886055760384e+09 -1.053931891199999971e+00 3.619107960999999873e-01 1.311069791400000017e+00 4.149560220999999882e-01 5.450619073000000370e-01 5.787737329000000042e-01 -4.424251157479999752e-01
1.413394886105760574e+09 -1.054047030800000062e+00 3.618165675000000192e-01 1.311201248199999947e+00 4.148253096999999778e-01 5.449248932000000378e-01 5.789239395999999926e-01 -4.425199378090000080e-01
1.413394886155760288e+09 -1.054040870099999916e+00 3.617345869999999963e-01 1.311309560800000051e+00 4.147593276000000051e-01 5.450261438000000291e-01 5.788488109999999631e-01 -4.425553714200000099e-01
1.413394886205760479e+09 -1.053977080599999949e+00 3.618328923999999946e-01 1.311411060600000011e+00 4.148576487999999785e-01 5.450172220000000234e-01 5.788673130000000500e-01 -4.424499892050000049e-01
1.413394886255760431e+09 -1.053870581500000014e+00 3.618864789999999831e-01 1.311395906700000058e+00 4.147372418999999977e-01 5.450931569000000421e-01 5.789106541999999855e-01 -4.424126184289999819e-01
1.413394886305760622e+09 -1.053900427399999895e+00 3.618911086000000110e-01 1.311385216599999959e+00 4.146369806999999907e-01 5.450593581999999548e-01 5.791276167000000141e-01 -4.422642579350000158e-01
1.413394886355760336e+09 -1.053812307500000101e+00 3.621217111000000211e-01 1.311285572699999902e+00 4.142826191999999796e-01 5.453521753000000194e-01 5.794075790999999587e-01 -4.418685025660000210e-01
1.413394886405760527e+09 -1.053702228099999916e+00 3.620667407000000004e-01 1.311309911299999964e+00 4.140423078000000090e-01 5.454387139999999912e-01 5.796157868000000324e-01 -4.417138398029999968e-01
1.413394886455760479e+09 -1.053648605300000041e+00 3.619792553999999773e-01 1.311441261499999955e+00 4.140627024999999906e-01 5.453887320000000427e-01 5.795602369000000254e-01 -4.418293122899999981e-01
1.413394886505760431e+09 -1.053612665199999965e+00 3.619280845999999774e-01 1.311308700699999941e+00 4.136262481999999907e-01 5.456263990999999924e-01 5.797716457999999573e-01 -4.416672935020000135e-01
1.413394886555760384e+09 -1.053631929900000097e+00 3.619925722999999818e-01 1.311519105499999949e+00 4.132539431000000207e-01 5.458367493000000348e-01 5.801914100999999713e-01 -4.412044302409999785e-01
1.413394886605760574e+09 -1.053737583199999994e+00 3.619670379000000104e-01 1.311605034999999919e+00 4.125355541999999875e-01 5.462111037000000335e-01 5.803818318000000254e-01 -4.411629811830000136e-01
1.413394886655760288e+09 -1.053824849099999961e+00 3.619970699000000236e-01 1.311800948799999977e+00 4.118661484999999733e-01 5.466689123000000317e-01 5.804874399999999657e-01 -4.410824277370000157e-01
1.413394886705760479e+09 -1.053849990800000080e+00 3.621227645000000273e-01 1.311952003300000058e+00 4.121806988000000227e-01 5.465139977999999843e-01 5.808120265999999754e-01 -4.405529609759999965e-01
1.413394886755760431e+09 -1.053809237999999926e+00 3.620040223000000057e-01 1.312273205499999928e+00 4.112490890000000121e-01 5.471173771999999769e-01 5.812302340999999650e-01 -4.401229116529999930e-01
1.413394886805760622e+09 -1.053828217700000014e+00 3.621303786999999774e-01 1.312483868199999959e+00 4.110418607999999918e-01 5.472493791000000440e-01 5.815577723000000532e-01 -4.397195279330000095e-01
1.413394886855760336e+09 -1.054056050500000064e+00 3.620775982000000170e-01 1.312558126499999922e+00 4.104192037000000126e-01 5.476852247000000284e-01 5.821768921000000097e-01 -4.389385357489999917e-01
1.413394886905760527e+09 -1.054468555099999927e+00 3.621226573999999920e-01 1.312647954500000047e+00 4.106117723000000108e-01 5.476773767000000515e-01 5.830110000999999542e-01 -4.376592707840000207e-01
1.413394886955760479e+09 -1.054228826699999955e+00 3.622781059999999886e-01 1.311653724099999918e+00 4.079756916000000233e-01 5.494609392000000536e-01 5.843041319999999761e-01 -4.361618881659999891e-01
1.413394887005760431e+09 -1.053553440399999985e+00 3.626217364000000054e-01 1.311943611300000034e+00 4.088803966999999817e-01 5.490143686999999773e-01 5.838300100000000104e-01 -4.365118137249999752e-01
1.413394887055760384e+09 -1.052750225100000048e+00 3.634153837999999914e-01 1.312252094400000013e+00 4.079036238000000036e-01 5.503385689999999997e-01 5.856590098999999716e-01 -4.332962235300000242e-01
1.413394887105760574e+09 -1.051714707899999990e+00 3.644783422999999800e-01 1.314246643399999970e+00 4.071695036999999906e-01 5.514150245000000172e-01 5.875114976999999961e-01 -4.300984842610000025e-01
1.413394887155760288e+09 -1.050361869600000109e+00 3.657780914000000050e-01 1.318542504799999904e+00 4.072773397000000184e-01 5.521629363000000179e-01 5.881604776000000090e-01 -4.281454342809999924e-01
1.413394887205760479e+09 -1.048919768500000016e+00 3.672190946000000178e-01 1.324296804200000066e+00 4.093477962000000026e-01 5.519465916000000361e-01 5.876145515999999791e-01 -4.271984088810000246e-01
1.413394887255760431e+09 -1.047063610099999931e+00 3.683691263000000160e-01 1.330790407999999925e+00 4.107757476000000185e-01 5.519858010999999509e-01 5.883404244000000061e-01 -4.247711214009999847e-01
1.413394887305760622e+09 -1.045378221500000038e+00 3.691837793000000145e-01 1.339087275500000063e+00 4.136831335000000220e-01 5.509675067999999509e-01 5.874600842999999628e-01 -4.244899536250000271e-01
1.413394887355760336e+09 -1.043325177799999892e+00 3.697251429000000256e-01 1.348871433400000042e+00 4.141261115000000048e-01 5.516348030000000069e-01 5.885727829000000355e-01 -4.216404714670000109e-01
1.413394887405760527e+09 -1.041095502599999945e+00 3.699239357999999922e-01 1.361980131299999952e+00 4.133753009000000200e-01 5.534031219999999696e-01 5.894810387000000151e-01 -4.187815064629999973e-01
1.413394887455760479e+09 -1.038928367300000044e+00 3.699616105999999904e-01 1.379201653500000013e+00 4.159883086000000230e-01 5.524664422999999713e-01 5.896701100000000251e-01 -4.171615018720000179e-01
1.413394887505760431e+09 -1.036692553900000036e+00 3.695079701000000272e-01 1.399565169099999951e+00 4.167390288999999748e-01 5.525882247000000191e-01 5.893884332000000059e-01 -4.166486655800000216e-01
1.413394887555760384e+09 -1.034239762899999970e+00 3.687337894000000116e-01 1.422126831899999999e+00 4.159871450000000026e-01 5.538926574000000436e-01 5.905026214999999912e-01 -4.140824475579999997e-01
1.413394887605760574e+09 -1.031666683599999912e+00 3.672509951999999855e-01 1.446758802399999988e+00 4.151634148000000191e-01 5.551327686999999456e-01 5.918663426000000394e-01 -4.112920867359999844e-01
1.413394887655760288e+09 -1.029485546699999921e+00 3.649732833000000065e-01 1.470799997300000106e+00 4.127196495000000076e-01 5.572257639000000040e-01 5.945196426000000089e-01 -4.070728848319999926e-01
1.413394887705760479e+09 -1.028012048599999950e+00 3.619505794999999804e-01 1.493928341499999979e+00 4.091298420000000213e-01 5.603407381999999659e-01 5.965745422999999548e-01 -4.033978742279999974e-01
1.413394887755760431e+09 -1.027085397100000019e+00 3.580518059999999725e-01 1.515513463900000080e+00 4.055617185000000013e-01 5.634565003000000516e-01 5.983010772000000310e-01 -4.000903469839999782e-01
1.413394887805760622e+09 -1.027400802100000066e+00 3.534719802999999883e-01 1.535402355800000063e+00 4.024022686000000015e-01 5.656603677999999524e-01 6.001704256000000015e-01 -3.973615768980000018e-01
1.413394887855760336e+09 -1.029037422100000043e+00 3.484354691000000059e-01 1.552752139100000095e+00 4.014293881000000064e-01 5.663096430999999820e-01 6.027592314999999923e-01 -3.934833457990000172e-01
1.413394887905760527e+09 -1.032172409399999990e+00 3.424838359999999859e-01 1.567651860700000066e+00 3.987995039000000186e-01 5.685747756000000264e-01 6.038370570000000104e-01 -3.912320139970000277e-01
1.413394887955760479e+09 -1.037016834499999929e+00 3.356053310000000067e-01 1.580792825599999896e+00 3.978558504999999967e-01 5.691171156000000009e-01 6.043618886999999607e-01 -3.905933160030000129e-01
1.413394888005760431e+09 -1.043656030299999982e+00 3.280042638999999816e-01 1.592704962100000010e+00 3.973907179999999761e-01 5.694871866999999810e-01 6.038132296999999538e-01 -3.913751971619999770e-01
1.413394888055760384e+09 -1.052329866600000052e+00 3.196808892999999929e-01 1.605060953299999982e+00 3.996466256000000272e-01 5.678368515999999699e-01 6.022715787000000320e-01 -3.938436619680000250e-01
1.413394888105760574e+09 -1.062881960499999945e+00 3.106521657999999908e-01 1.618187224199999941e+00 4.029105121000000067e-01 5.652481421999999700e-01 6.006380016000000266e-01 -3.967261624499999750e-01
1.413394888155760288e+09 -1.074668942800000027e+00 3.009313420999999988e-01 1.632552761499999949e+00 4.057978655000000212e-01 5.626209895999999544e-01 5.985783201000000053e-01 -4.006116687349999816e-01
1.413394888205760479e+09 -1.087406390599999995e+00 2.908997213000000248e-01 1.647157688799999908e+00 4.082782804000000265e-01 5.605327261000000449e-01 5.974009686000000263e-01 -4.027703955129999791e-01
1.413394888255760431e+09 -1.101121896200000005e+00 2.800015969999999910e-01 1.662293058699999992e+00 4.097749217000000166e-01 5.591853042000000107e-01 5.961724991000000307e-01 -4.049378477219999772e-01
1.413394888305760622e+09 -1.114961877799999890e+00 2.685069075000000027e-01 1.676987808200000041e+00 4.101518769999999980e-01 5.580785620999999530e-01 5.981393268000000374e-01 -4.031787470450000077e-01
1.413394888355760336e+09 -1.129561212800000103e+00 2.561469077999999899e-01 1.692725936300000011e+00 4.092381344000000087e-01 5.580996670000000215e-01 5.982991009000000471e-01 -4.038404350820000155e-01
1.413394888405760527e+09 -1.144756270200000037e+00 2.432545829999999965e-01 1.708302650800000100e+00 4.085055561000000002e-01 5.583999299999999888e-01 5.997027406999999588e-01 -4.020812748079999888e-01
1.413394888455760479e+09 -1.160703966800000098e+00 2.293716902999999863e-01 1.724288549399999981e+00 4.072864883999999797e-01 5.586086148000000140e-01 6.007275636000000141e-01 -4.014978531410000051e-01
1.413394888505760431e+09 -1.177278257500000036e+00 2.147546697000000115e-01 1.740130502700000026e+00 4.043323119000000188e-01 5.603438029999999737e-01 6.010931078000000261e-01 -4.015187165010000170e-01
1.413394888555760384e+09 -1.194802377200000043e+00 1.995678314999999869e-01 1.753609340399999938e+00 4.017018788000000229e-01 5.623944455999999592e-01 6.006373663999999835e-01 -4.019736834379999957e-01
1.413394888605760574e+09 -1.213103451500000096e+00 1.838246667000000001e-01 1.762360288500000038e+00 3.991439048000000045e-01 5.637381888000000396e-01 6.008383054999999473e-01 -4.023390714089999931e-01
1.413394888655760288e+09 -1.232456029499999994e+00 1.678010296000000123e-01 1.766817531200000069e+00 3.980038198999999999e-01 5.640973458000000385e-01 6.000193163000000496e-01 -4.041830819919999818e-01
1.413394888705760479e+09 -1.253207940900000095e+00 1.517128178000000105e-01 1.768451201600000022e+00 3.994514993000000125e-01 5.631001233000000328e-01 5.979849146000000282e-01 -4.071495949410000037e-01
1.413394888755760431e+09 -1.274364767700000067e+00 1.353656467999999891e-01 1.769110417600000096e+00 3.989952252999999782e-01 5.629775285000000462e-01 5.948350957000000383e-01 -4.123473310920000023e-01
1.413394888805760622e+09 -1.296732374899999929e+00 1.194139565000000014e-01 1.770109726799999894e+00 4.005216105000000137e-01 5.621612201000000253e-01 5.902463946999999544e-01 -4.185288468519999805e-01
1.413394888855760336e+09 -1.319236940199999930e+00 1.034802110000000025e-01 1.771353139699999968e+00 4.005692411999999814e-01 5.617328596999999757e-01 5.874708181000000140e-01 -4.229403211259999962e-01
1.413394888905760527e+09 -1.342008792499999936e+00 8.814897519999999320e-02 1.773499505500000017e+00 4.003739363000000107e-01 5.613593069000000213e-01 5.845103352999999613e-01 -4.276962796830000024e-01
1.413394888955760479e+09 -1.364607463500000062e+00 7.348471319999999585e-02 1.776559017200000090e+00 3.998201136000000266e-01 5.617764936000000375e-01 5.816532524999999954e-01 -4.315443683640000083e-01
1.413394889005760431e+09 -1.386879595899999984e+00 5.962366320000000303e-02 1.779782677200000052e+00 3.997424702999999857e-01 5.612167415000000048e-01 5.809050585999999683e-01 -4.333486348689999934e-01
1.413394889055760384e+09 -1.408762695699999901e+00 4.707832850000000235e-02 1.784045548299999950e+00 3.997246603999999870e-01 5.610410920999999718e-01 5.789428091999999637e-01 -4.362090237469999909e-01
1.413394889105760574e+09 -1.430263349300000097e+00 3.534341929999999798e-02 1.788491778600000082e+00 3.991722435999999763e-01 5.616700663999999454e-01 5.776277911999999626e-01 -4.376464227790000106e-01
1.413394889155760288e+09 -1.451306308399999967e+00 2.458826559999999911e-02 1.793668239600000103e+00 4.010093692000000209e-01 5.597404880999999888e-01 5.780567438000000502e-01 -4.378726673560000004e-01
1.413394889205760479e+09 -1.472087157300000060e+00 1.526872970000000065e-02 1.799901463699999926e+00 4.067979586000000092e-01 5.558199271999999524e-01 5.773609552999999783e-01 -4.384449301380000108e-01
1.413394889255760431e+09 -1.492527500700000065e+00 6.528545699999999986e-03 1.808346266200000052e+00 4.151815844999999783e-01 5.499577507999999781e-01 5.722592232000000001e-01 -4.446235550070000153e-01
1.413394889305760622e+09 -1.511613201699999909e+00 -1.472285700000000065e-03 1.818893825700000022e+00 4.269930442000000048e-01 5.410226293000000020e-01 5.649584702000000069e-01 -4.536445544220000237e-01
1.413394889355760336e+09 -1.528534522499999992e+00 -8.924469900000000719e-03 1.830866100599999990e+00 4.420147748000000099e-01 5.290900342000000034e-01 5.544672756999999841e-01 -4.661037596759999846e-01
1.413394889405760527e+09 -1.541249041699999989e+00 -1.600803959999999929e-02 1.844250426499999929e+00 4.554406124000000000e-01 5.176131590000000449e-01 5.422060610000000169e-01 -4.802739360020000237e-01
1.413394889455760479e+09 -1.549068150499999907e+00 -2.220820579999999850e-02 1.857515558100000019e+00 4.687896008999999919e-01 5.064302469999999445e-01 5.318447049000000204e-01 -4.908216833799999845e-01
1.413394889505760431e+09 -1.550209519300000061e+00 -2.797547870000000048e-02 1.869405052799999911e+00 4.750933270000000097e-01 5.007822307999999500e-01 5.271381750000000421e-01 -4.956095563280000227e-01
1.413394889555760384e+09 -1.544969214099999988e+00 -3.311433490000000035e-02 1.879039201199999898e+00 4.738846275999999968e-01 5.027825527999999489e-01 5.320121115000000511e-01 -4.894958401919999869e-01
1.413394889605760574e+09 -1.533251754099999919e+00 -3.812942779999999726e-02 1.887075788600000026e+00 4.619575667999999968e-01 5.135120949000000490e-01 5.430392608999999871e-01 -4.775027707519999831e-01
1.413394889655760288e+09 -1.516266716999999931e+00 -4.289462859999999822e-02 1.895233046500000018e+00 4.473128715999999949e-01 5.266122017000000044e-01 5.572152451999999867e-01 -4.605452794039999742e-01
1.413394889705760479e+09 -1.495594495400000001e+00 -4.744371829999999984e-02 1.903842456000000016e+00 4.300919096999999969e-01 5.409492689999999548e-01 5.724392499999999551e-01 -4.412574561570000165e-01
1.413394889755760431e+09 -1.472760253699999966e+00 -5.204148160000000162e-02 1.912489551099999963e+00 4.119137186999999867e-01 5.551909841000000068e-01 5.880734012999999649e-01 -4.198329837690000232e-01
1.413394889805760622e+09 -1.449811205100000056e+00 -5.718818369999999901e-02 1.921827449400000054e+00 3.938558039000000233e-01 5.679562864999999627e-01 6.007574620000000198e-01 -4.017383903130000156e-01
1.413394889855760336e+09 -1.428827310900000036e+00 -6.236677589999999743e-02 1.931943408600000023e+00 3.780353473999999991e-01 5.787720151999999896e-01 6.113085175000000371e-01 -3.852455411430000254e-01
1.413394889905760527e+09 -1.411023050500000098e+00 -6.770744260000000070e-02 1.942198208600000031e+00 3.637611942999999792e-01 5.886915135000000410e-01 6.193044438999999457e-01 -3.709206130550000147e-01
1.413394889955760479e+09 -1.397436102299999927e+00 -7.364905739999999534e-02 1.951017030700000099e+00 3.507121335000000228e-01 5.967040471000000235e-01 6.256148619000000410e-01 -3.599323883750000230e-01
1.413394890005760431e+09 -1.388631156700000036e+00 -7.927520970000000167e-02 1.956917821800000068e+00 3.407525047000000140e-01 6.030871105999999759e-01 6.316898766999999859e-01 -3.480539717730000149e-01
1.413394890055760384e+09 -1.385389267899999943e+00 -8.540449109999999344e-02 1.960310507300000005e+00 3.313845616000000160e-01 6.085713685000000428e-01 6.364967482000000176e-01 -3.386695310130000136e-01
1.413394890105760574e+09 -1.388086791299999900e+00 -9.175399939999999421e-02 1.961964883500000090e+00 3.237741867999999745e-01 6.137366623000000132e-01 6.376782666000000432e-01 -3.344607803540000091e-01
1.413394890155760288e+09 -1.398189072799999932e+00 -9.812093959999999837e-02 1.963443402100000013e+00 3.245589467000000172e-01 6.146890063000000071e-01 6.338105828000000219e-01 -3.392684198790000272e-01
1.413394890205760479e+09 -1.415823890500000015e+00 -1.044263873000000065e-01 1.964582594299999929e+00 3.345580556000000150e-01 6.101797565000000034e-01 6.258488255999999916e-01 -3.522283629779999758e-01
1.413394890255760431e+09 -1.439682530300000041e+00 -1.107018158000000058e-01 1.964761500200000066e+00 3.449614637999999789e-01 6.057562860999999854e-01 6.134462493000000238e-01 -3.711396092790000267e-01
1.413394890305760622e+09 -1.468511427799999991e+00 -1.160265530999999989e-01 1.962385934300000079e+00 3.582506719999999922e-01 5.988391547000000426e-01 5.998347582999999927e-01 -3.914669661490000063e-01
1.413394890355760336e+09 -1.501308918499999923e+00 -1.203098655000000017e-01 1.958498936200000040e+00 3.728758483999999873e-01 5.901968558000000309e-01 5.846459403999999527e-01 -4.133042432480000250e-01
1.413394890405760527e+09 -1.534894597599999910e+00 -1.232990476000000030e-01 1.953195486700000094e+00 3.869696536000000187e-01 5.808773540999999652e-01 5.691667217000000445e-01 -4.346092838799999747e-01
1.413394890455760479e+09 -1.568474700299999913e+00 -1.244839598000000019e-01 1.946217937799999964e+00 4.014183779000000118e-01 5.698275577000000425e-01 5.557266567999999962e-01 -4.531310222520000264e-01
1.413394890505760431e+09 -1.600064123499999935e+00 -1.237213719999999961e-01 1.938270821299999946e+00 4.160405576000000272e-01 5.575718827000000211e-01 5.423929535000000524e-01 -4.709922866510000139e-01
1.413394890555760384e+09 -1.628375161599999954e+00 -1.202722804000000006e-01 1.930023920400000037e+00 4.310111341000000262e-01 5.457525382000000258e-01 5.310482803999999613e-01 -4.841190898869999759e-01
1.413394890605760574e+09 -1.651758390799999976e+00 -1.155658611000000002e-01 1.921236930100000073e+00 4.419497191999999797e-01 5.352052483000000471e-01 5.239669694999999905e-01 -4.936541327649999755e-01
1.413394890655760288e+09 -1.669747043599999925e+00 -1.084408268999999952e-01 1.912576121999999934e+00 4.532806721000000039e-01 5.246524129999999841e-01 5.207988421000000479e-01 -4.980412070490000120e-01
1.413394890705760479e+09 -1.681869397300000069e+00 -9.958141149999999442e-02 1.905052492800000108e+00 4.615021402999999744e-01 5.172183734999999949e-01 5.177837060000000102e-01 -5.013990052119999818e-01
1.413394890755760431e+09 -1.687173571500000024e+00 -8.958641729999999859e-02 1.897316585900000074e+00 4.645725391000000148e-01 5.136149329000000430e-01 5.208457950999999531e-01 -4.990908879040000246e-01
1.413394890805760622e+09 -1.685500277700000105e+00 -7.809710059999999676e-02 1.887845195899999995e+00 4.608864943000000047e-01 5.168855367000000367e-01 5.318943532000000030e-01 -4.873411313389999777e-01
1.413394890855760336e+09 -1.677875825499999918e+00 -6.616763840000000618e-02 1.878338693599999942e+00 4.482454914999999818e-01 5.268654595999999746e-01 5.457213571000000263e-01 -4.729449939070000108e-01
1.413394890905760527e+09 -1.665814016299999922e+00 -5.374530090000000093e-02 1.868955997800000102e+00 4.322545534000000189e-01 5.390549689000000422e-01 5.620188023000000088e-01 -4.546543823570000087e-01
1.413394890955760479e+09 -1.651022229799999907e+00 -4.105127979999999982e-02 1.860213662500000087e+00 4.146760814000000073e-01 5.521037092999999674e-01 5.792236990000000363e-01 -4.332726025970000117e-01
1.413394891005760431e+09 -1.635309723900000067e+00 -2.829993990000000126e-02 1.851841878399999919e+00 3.961368259999999974e-01 5.649117224999999909e-01 5.959845499999999463e-01 -4.107952982599999969e-01
1.413394891055760384e+09 -1.620719663400000066e+00 -1.584892120000000112e-02 1.844777788300000054e+00 3.786246047999999864e-01 5.761754196999999689e-01 6.092965860000000289e-01 -3.916924362270000071e-01
1.413394891105760574e+09 -1.609217348100000056e+00 -3.415348500000000079e-03 1.839079769900000105e+00 3.654079297000000226e-01 5.840762185000000217e-01 6.206656405999999571e-01 -3.743075987650000269e-01
1.413394891155760288e+09 -1.601902829899999992e+00 8.322802299999999473e-03 1.834359179000000006e+00 3.531572975000000225e-01 5.915371378999999541e-01 6.281787845999999842e-01 -3.616008189919999727e-01
1.413394891205760479e+09 -1.600087397200000039e+00 1.955315159999999886e-02 1.830091423000000050e+00 3.444121479000000208e-01 5.963529798000000159e-01 6.343152530000000233e-01 -3.512656483650000161e-01
1.413394891255760431e+09 -1.604570408799999903e+00 3.015030189999999902e-02 1.826125520399999980e+00 3.391216678999999790e-01 5.989969272999999816e-01 6.390232483000000130e-01 -3.432906402149999980e-01
1.413394891305760622e+09 -1.615921756299999901e+00 3.986121349999999924e-02 1.823419332799999903e+00 3.364632484000000257e-01 6.005029128000000105e-01 6.407831457999999536e-01 -3.399789614859999864e-01
1.413394891355760336e+09 -1.634417561800000085e+00 4.882060170000000060e-02 1.821949927499999955e+00 3.386947866999999723e-01 5.987825754000000167e-01 6.415248305999999845e-01 -3.393982330840000228e-01
1.413394891405760527e+09 -1.660475426799999932e+00 5.695411460000000120e-02 1.822664490400000004e+00 3.490876562999999932e-01 5.924272629000000290e-01 6.385847123000000236e-01 -3.455102192010000017e-01
1.413394891455760479e+09 -1.692602350000000033e+00 6.348666379999999554e-02 1.825174979500000072e+00 3.594922948000000007e-01 5.866486402999999683e-01 6.322600183000000040e-01 -3.561684039960000270e-01
1.413394891505760431e+09 -1.729452438999999897e+00 6.907361119999999577e-02 1.827860208299999956e+00 3.717925697999999723e-01 5.787124419000000408e-01 6.260516184000000095e-01 -3.673167105160000112e-01
1.413394891555760384e+09 -1.769965029199999984e+00 7.342249620000000643e-02 1.831393581900000012e+00 3.832934490000000083e-01 5.718242521999999939e-01 6.180686864000000114e-01 -3.795974913240000026e-01
1.413394891605760574e+09 -1.813017337700000065e+00 7.668053190000000130e-02 1.834435389400000060e+00 3.950068560000000173e-01 5.634240098999999669e-01 6.132090014000000089e-01 -3.879403166739999742e-01
1.413394891655760288e+09 -1.857157975100000025e+00 7.879483739999999792e-02 1.837557429999999936e+00 4.026421801000000245e-01 5.576347580999999609e-01 6.087415501999999812e-01 -3.954193677610000068e-01
1.413394891705760479e+09 -1.902044238300000023e+00 7.987112790000000517e-02 1.840453771800000027e+00 4.088633154999999908e-01 5.529780036000000454e-01 6.055208147999999735e-01 -4.004880268329999993e-01
1.413394891755760431e+09 -1.947141204500000056e+00 7.991167920000000202e-02 1.843673969399999946e+00 4.124301881999999919e-01 5.501647563999999546e-01 6.032764310999999546e-01 -4.040762656469999992e-01
1.413394891805760622e+09 -1.991667377800000027e+00 7.842337889999999312e-02 1.848707872499999905e+00 4.141907275999999749e-01 5.479040066999999459e-01 6.023856064000000510e-01 -4.066679502919999800e-01
1.413394891855760336e+09 -2.036666014900000210e+00 7.604277580000000369e-02 1.858015029399999962e+00 4.204834889999999881e-01 5.430627693999999783e-01 5.991184712999999551e-01 -4.115015446820000089e-01
1.413394891905760527e+09 -2.081050537699999925e+00 7.191151299999999635e-02 1.870932320399999904e+00 4.284764781000000022e-01 5.363942066000000342e-01 5.941875295999999862e-01 -4.190827394189999833e-01
1.413394891955760479e+09 -2.124369460500000084e+00 6.629696710000000659e-02 1.887137507100000056e+00 4.365630670999999796e-01 5.295410096999999539e-01 5.881641637000000200e-01 -4.278573641519999859e-01
1.413394892005760431e+09 -2.165667895699999956e+00 5.944493339999999681e-02 1.904750151700000060e+00 4.442579488999999771e-01 5.230215183999999962e-01 5.828853711000000493e-01 -4.351183865339999790e-01
1.413394892055760384e+09 -2.203902828499999966e+00 5.061372070000000334e-02 1.922566718299999922e+00 4.485715909999999917e-01 5.167162851000000057e-01 5.794387135999999883e-01 -4.427624483209999795e-01
1.413394892105760574e+09 -2.238519569899999784e+00 4.063931259999999795e-02 1.940316844899999893e+00 4.511931981000000258e-01 5.101583865000000051e-01 5.780147344999999603e-01 -4.495131648560000137e-01
1.413394892155760288e+09 -2.268992043899999977e+00 2.898744649999999978e-02 1.957586330500000082e+00 4.510813892000000158e-01 5.036427213999999930e-01 5.798508875000000229e-01 -4.545795175430000223e-01
1.413394892205760479e+09 -2.295265330599999931e+00 1.555405510000000026e-02 1.974720053400000008e+00 4.476973874999999881e-01 4.968650941000000154e-01 5.846121101000000264e-01 -4.592611546989999738e-01
1.413394892255760431e+09 -2.318170149699999794e+00 8.351431000000000306e-04 1.991100429500000102e+00 4.430858294000000197e-01 4.892300816999999857e-01 5.903527206999999999e-01 -4.645562829550000106e-01
1.413394892305760622e+09 -2.337264542999999861e+00 -1.507362540000000035e-02 2.005453987400000138e+00 4.369555316000000023e-01 4.818569097000000023e-01 5.961475326999999824e-01 -4.706292609639999847e-01
1.413394892355760336e+09 -2.353007640099999964e+00 -3.177988419999999703e-02 2.014925379300000152e+00 4.296572907999999802e-01 4.738407758000000025e-01 6.041554476999999590e-01 -4.752533289540000205e-01
1.413394892405760527e+09 -2.365423697499999811e+00 -4.917158709999999711e-02 2.020421471700000193e+00 4.219067336999999807e-01 4.650592411000000204e-01 6.109314487000000460e-01 -4.821590767860000071e-01
1.413394892455760479e+09 -2.374558506000000069e+00 -6.698196879999999964e-02 2.021822345399999943e+00 4.127099383999999760e-01 4.563651523000000210e-01 6.183645526000000059e-01 -4.889035023819999770e-01
1.413394892505760431e+09 -2.380010303600000210e+00 -8.526969230000000510e-02 2.020553729900000040e+00 4.034123985999999995e-01 4.461872955999999779e-01 6.269399130999999681e-01 -4.950976462230000097e-01
1.413394892555760384e+09 -2.381600570999999888e+00 -1.038073251999999946e-01 2.019118760600000062e+00 3.922058103000000129e-01 4.365654827000000071e-01 6.364035783999999474e-01 -5.005753360250000394e-01
1.413394892605760574e+09 -2.379103260499999983e+00 -1.226907200000000031e-01 2.017960314699999813e+00 3.781450034000000127e-01 4.274174782999999866e-01 6.480884126000000522e-01 -5.042837149059999913e-01
1.413394892655760288e+09 -2.373550392999999925e+00 -1.415655047999999916e-01 2.017616463800000037e+00 3.635281772000000244e-01 4.176892510999999919e-01 6.602801337000000492e-01 -5.073589448180000350e-01
1.413394892705760479e+09 -2.365134385400000205e+00 -1.604720292000000048e-01 2.019332600499999852e+00 3.480015251999999948e-01 4.071960833000000113e-01 6.726639507999999656e-01 -5.104992629260000081e-01
1.413394892755760431e+09 -2.354501583599999837e+00 -1.793928810000000040e-01 2.022132187500000011e+00 3.318625672000000137e-01 3.960105642000000259e-01 6.861265715000000043e-01 -5.121261537660000140e-01
1.413394892805760622e+09 -2.342264972999999806e+00 -1.984313802000000071e-01 2.026752493300000069e+00 3.167262109999999797e-01 3.833872675000000174e-01 6.972219394999999986e-01 -5.163141267499999909e-01
1.413394892855760336e+09 -2.328486178499999948e+00 -2.172210900000000056e-01 2.032416656500000141e+00 3.020177915999999740e-01 3.703486128999999849e-01 7.081872869999999986e-01 -5.197094621569999795e-01
1.413394892905760527e+09 -2.313358743599999823e+00 -2.354346139999999865e-01 2.038092135499999902e+00 2.876139334999999742e-01 3.577125065999999798e-01 7.196993405999999593e-01 -5.209153933410000104e-01
1.413394892955760479e+09 -2.297634749799999820e+00 -2.535841524999999930e-01 2.043721981200000037e+00 2.729257883999999801e-01 3.461088256000000030e-01 7.317067776000000245e-01 -5.199282512999999772e-01
1.413394893005760431e+09 -2.281757085000000185e+00 -2.719208348000000108e-01 2.049916082899999825e+00 2.603458187000000090e-01 3.338174548000000241e-01 7.428253738000000217e-01 -5.186486532759999601e-01
1.413394893055760384e+09 -2.266128770299999928e+00 -2.909541622999999855e-01 2.056816644500000013e+00 2.500475402999999819e-01 3.200152929000000257e-01 7.525094809000000273e-01 -5.184553221369999632e-01
1.413394893105760574e+09 -2.251105683400000057e+00 -3.105609020999999803e-01 2.064030424899999883e+00 2.428060935999999947e-01 3.048491772999999960e-01 7.608977402000000057e-01 -5.187936091920000159e-01
1.413394893155760288e+09 -2.236145960800000054e+00 -3.313186102999999827e-01 2.071542667800000181e+00 2.363971179000000089e-01 2.891328893999999816e-01 7.691032440999999720e-01 -5.186509180530000096e-01
1.413394893205760479e+09 -2.220884929199999913e+00 -3.535394165999999894e-01 2.079711429400000089e+00 2.266014658999999931e-01 2.757719036999999873e-01 7.754130995000000359e-01 -5.208993740470000411e-01
1.413394893255760431e+09 -2.206363215200000116e+00 -3.770293036999999847e-01 2.088069232400000086e+00 2.197964839999999864e-01 2.627790566000000050e-01 7.805670443000000125e-01 -5.228305293560000511e-01
1.413394893305760622e+09 -2.192123344300000110e+00 -4.024613388000000125e-01 2.097618223900000078e+00 2.131997674999999981e-01 2.521782576000000109e-01 7.817765236000000506e-01 -5.289399328970000314e-01
1.413394893355760336e+09 -2.178181893700000149e+00 -4.291207033000000171e-01 2.107510483700000048e+00 2.093033656000000131e-01 2.423616601999999953e-01 7.820213729999999641e-01 -5.346919664920000148e-01
1.413394893405760527e+09 -2.164867742699999820e+00 -4.572039230000000121e-01 2.117786956099999784e+00 2.116521588999999981e-01 2.308436289999999946e-01 7.802601289999999690e-01 -5.413951547859999769e-01
1.413394893455760479e+09 -2.150846836599999978e+00 -4.858211479999999804e-01 2.126791630200000061e+00 2.152581832999999889e-01 2.202671149000000050e-01 7.802653921000000103e-01 -5.443640605699999746e-01
1.413394893505760431e+09 -2.135427594099999826e+00 -5.156355233999999621e-01 2.135388069799999844e+00 2.178952698999999937e-01 2.108871508000000061e-01 7.785240484000000016e-01 -5.494984686680000063e-01
1.413394893555760384e+09 -2.118711137400000055e+00 -5.460990585999999647e-01 2.140857717699999885e+00 2.213825328000000037e-01 2.030995391000000039e-01 7.783497200000000227e-01 -5.512822006290000187e-01
1.413394893605760574e+09 -2.100288895599999872e+00 -5.771205367999999725e-01 2.143899650899999898e+00 2.269716277999999920e-01 1.958404321999999975e-01 7.767670865000000369e-01 -5.538621657719999813e-01
1.413394893655760288e+09 -2.079951404100000012e+00 -6.088771640000000263e-01 2.143643038200000017e+00 2.343680569999999908e-01 1.892734742999999942e-01 7.761521626999999812e-01 -5.539268779520000185e-01
1.413394893705760479e+09 -2.057102314899999840e+00 -6.416567970000000010e-01 2.142182051099999818e+00 2.450707289999999872e-01 1.817539583999999986e-01 7.731630873999999487e-01 -5.559898170250000549e-01
1.413394893755760431e+09 -2.030989641100000132e+00 -6.756643762999999803e-01 2.139359339599999910e+00 2.515991975999999908e-01 1.789483085999999945e-01 7.709307716000000088e-01 -5.570826617330000285e-01
1.413394893805760622e+09 -2.001285537299999806e+00 -7.107877407999999564e-01 2.136028266899999917e+00 2.584454304000000091e-01 1.768856437999999920e-01 7.678879928999999827e-01 -5.588071750499999935e-01
1.413394893855760336e+09 -1.967315843800000019e+00 -7.468209109000000234e-01 2.132131343000000179e+00 2.598548708000000262e-01 1.798927857000000019e-01 7.658764306999999993e-01 -5.599529664879999702e-01
1.413394893905760527e+09 -1.928757372099999978e+00 -7.837237725000000266e-01 2.127772882299999946e+00 2.597835070000000246e-01 1.821841998000000018e-01 7.643549098999999902e-01 -5.613225618930000049e-01
1.413394893955760479e+09 -1.885420515799999919e+00 -8.212851182000000527e-01 2.123515678600000012e+00 2.564696699999999829e-01 1.845997225999999880e-01 7.622476488999999633e-01 -5.649112961619999762e-01
1.413394894005760431e+09 -1.837346686500000104e+00 -8.590415768000000396e-01 2.118973513799999875e+00 2.518842506000000259e-01 1.847888723999999983e-01 7.604311103999999988e-01 -5.693434142579999468e-01
1.413394894055760384e+09 -1.785454140699999970e+00 -8.970399583999999482e-01 2.113676044199999993e+00 2.470711733000000021e-01 1.823274098000000065e-01 7.581464548999999886e-01 -5.752621174719999564e-01
1.413394894105760574e+09 -1.729217804799999980e+00 -9.349067250000000495e-01 2.107118730899999903e+00 2.387201230000000063e-01 1.801892093999999944e-01 7.575028019999999751e-01 -5.802879083959999740e-01
1.413394894155760288e+09 -1.668439841599999918e+00 -9.716888481000000022e-01 2.099700919500000040e+00 2.253805962000000052e-01 1.786163241000000013e-01 7.573031135000000136e-01 -5.863376074759999446e-01
1.413394894205760479e+09 -1.603894274299999978e+00 -1.007430991799999953e+00 2.091801655399999849e+00 2.060329972000000121e-01 1.790664821999999878e-01 7.580513884999999785e-01 -5.923205984389999790e-01
1.413394894255760431e+09 -1.536472622700000068e+00 -1.041554287999999939e+00 2.083140793600000151e+00 1.852540608000000089e-01 1.778490215999999902e-01 7.593065355000000460e-01 -5.979165859220000323e-01
1.413394894305760622e+09 -1.467591191499999947e+00 -1.073959597200000005e+00 2.073178333200000001e+00 1.668709292999999982e-01 1.740579456999999941e-01 7.634338567999999769e-01 -5.991883432900000361e-01
1.413394894355760336e+09 -1.397668839999999912e+00 -1.104210512899999941e+00 2.062953798000000116e+00 1.506258531999999928e-01 1.681881121999999895e-01 7.659824407999999973e-01 -6.019098866240000234e-01
1.413394894405760527e+09 -1.327144451699999950e+00 -1.132594607699999978e+00 2.051509296099999879e+00 1.347488309000000051e-01 1.609830835999999932e-01 7.699692955000000394e-01 -6.025566226049999807e-01
1.413394894455760479e+09 -1.256768131999999927e+00 -1.158321748100000104e+00 2.038906260500000123e+00 1.207702179999999986e-01 1.529847619999999964e-01 7.749610286000000459e-01 -6.012034773350000139e-01
1.413394894505760431e+09 -1.187217236900000028e+00 -1.182129680999999932e+00 2.024969410000000192e+00 1.106254383000000036e-01 1.428936949999999872e-01 7.799933275999999527e-01 -5.991275433470000245e-01
1.413394894555760384e+09 -1.118305154400000001e+00 -1.204049857300000026e+00 2.010005073199999881e+00 1.021250526999999964e-01 1.318228690999999897e-01 7.840566525000000064e-01 -5.978698607439999479e-01
1.413394894605760574e+09 -1.050030776699999890e+00 -1.224305863999999966e+00 1.994139917500000081e+00 9.123191020000000206e-02 1.228944720999999990e-01 7.876916060999999969e-01 -5.967542383620000335e-01
1.413394894655760288e+09 -9.827515794000000193e-01 -1.243349405600000068e+00 1.977866411699999993e+00 8.313057549999999796e-02 1.123018895000000017e-01 7.898533997000000140e-01 -5.971676481209999832e-01
1.413394894705760479e+09 -9.171218503000000410e-01 -1.261261242400000038e+00 1.961001484400000106e+00 7.946495939999999314e-02 1.007147360999999935e-01 7.903339661999999599e-01 -5.990943865890000497e-01
1.413394894755760431e+09 -8.527244324999999625e-01 -1.277861971399999907e+00 1.942844888800000058e+00 7.953250720000000495e-02 8.890862369999999459e-02 7.914432459000000364e-01 -5.994893039109999711e-01
1.413394894805760622e+09 -7.888252521999999933e-01 -1.293508661099999957e+00 1.925594998700000060e+00 7.605536840000000354e-02 8.138459900000000191e-02 7.930862181000000177e-01 -5.988375227679999524e-01
1.413394894855760336e+09 -7.253326813999999567e-01 -1.307827125500000021e+00 1.908936020699999903e+00 7.463060309999999808e-02 7.345981890000000125e-02 7.951610935999999796e-01 -5.972878396230000275e-01
1.413394894905760527e+09 -6.619241173000000034e-01 -1.321174917300000029e+00 1.893009029299999924e+00 6.873165740000000690e-02 7.050502009999999598e-02 7.979745359000000038e-01 -5.945936776169999938e-01
1.413394894955760479e+09 -5.991901813000000132e-01 -1.334618573900000049e+00 1.877259157099999909e+00 6.325023409999999680e-02 6.932034750000000412e-02 8.003167450999999488e-01 -5.921884875330000186e-01
1.413394895005760431e+09 -5.368330287999999451e-01 -1.347182023000000006e+00 1.863036032599999947e+00 5.410976990000000014e-02 7.250765800000000261e-02 8.024993049999999961e-01 -5.897538790059999592e-01
1.413394895055760384e+09 -4.758684691999999772e-01 -1.358738672000000092e+00 1.848146454199999900e+00 4.845815569999999822e-02 7.500332939999999893e-02 8.041707309000000192e-01 -5.876527404300000423e-01
1.413394895105760574e+09 -4.161663854000000051e-01 -1.369400304000000013e+00 1.834200566900000107e+00 4.547562470000000162e-02 7.605629939999999922e-02 8.064566067999999754e-01 -5.846153848970000455e-01
1.413394895155760288e+09 -3.581562860999999987e-01 -1.380117467400000075e+00 1.821789849800000027e+00 4.310263240000000023e-02 7.810706550000000303e-02 8.083048165999999757e-01 -5.819662987270000087e-01
1.413394895205760479e+09 -3.016762586999999773e-01 -1.390221116900000053e+00 1.811072175599999889e+00 4.218820660000000000e-02 8.030588630000000394e-02 8.092289716999999660e-01 -5.804477506590000058e-01
1.413394895255760431e+09 -2.471764911000000065e-01 -1.399538374900000104e+00 1.802810958500000060e+00 4.320780020000000027e-02 8.224133470000000168e-02 8.081108247999999605e-01 -5.816582705130000086e-01
1.413394895305760622e+09 -1.945882097999999949e-01 -1.408737618700000027e+00 1.795486999400000006e+00 4.677099249999999708e-02 8.334649739999999696e-02 8.078179168000000354e-01 -5.816322281900000446e-01
1.413394895355760336e+09 -1.440875517000000106e-01 -1.417775718799999973e+00 1.787622903900000004e+00 5.923002940000000188e-02 7.805607579999999934e-02 8.075803849999999562e-01 -5.815608089179999940e-01
1.413394895405760527e+09 -9.497669039999999396e-02 -1.427754759399999962e+00 1.781684016700000095e+00 7.220995030000000592e-02 7.308889000000000358e-02 8.069077802999999882e-01 -5.816730794919999781e-01
1.413394895455760479e+09 -4.579588820000000254e-02 -1.437680511599999988e+00 1.778722201599999941e+00 8.371717219999999515e-02 6.871488169999999396e-02 8.063062173999999693e-01 -5.814980515640000291e-01
1.413394895505760431e+09 3.946270600000000191e-03 -1.447567854399999909e+00 1.779477865100000056e+00 9.151350930000000383e-02 6.746544620000000103e-02 8.070692953000000447e-01 -5.794073211710000226e-01
1.413394895555760384e+09 5.477833790000000147e-02 -1.456623973399999938e+00 1.782843118599999999e+00 9.832305450000000668e-02 6.648313520000000143e-02 8.086188423000000292e-01 -5.762361821129999839e-01
1.413394895605760574e+09 1.070556616000000044e-01 -1.466131039800000035e+00 1.791439458900000004e+00 9.874204390000000664e-02 6.942054459999999483e-02 8.081939108000000260e-01 -5.764142601949999722e-01
1.413394895655760288e+09 1.606287244999999864e-01 -1.475941729699999927e+00 1.803490683599999977e+00 9.669221460000000656e-02 7.383339760000000307e-02 8.085535775000000092e-01 -5.757085697439999761e-01
1.413394895705760479e+09 2.155186280999999981e-01 -1.486276201299999933e+00 1.819870408299999909e+00 9.140142939999999772e-02 7.934611519999999751e-02 8.096847046999999797e-01 -5.742479008559999709e-01
1.413394895755760431e+09 2.709797972999999915e-01 -1.496327730700000025e+00 1.839474055299999966e+00 8.713883120000000260e-02 8.342489040000000688e-02 8.106700262999999573e-01 -5.729408523069999815e-01
1.413394895805760622e+09 3.265496696999999893e-01 -1.507090463900000010e+00 1.860502092299999966e+00 8.292309009999999925e-02 8.705020210000000147e-02 8.105354763000000018e-01 -5.732174675340000469e-01
1.413394895855760336e+09 3.815038942999999794e-01 -1.518577503599999989e+00 1.880554743999999889e+00 8.010859189999999797e-02 8.913170989999999461e-02 8.100902506999999586e-01 -5.739267701900000462e-01
1.413394895905760527e+09 4.360840820999999923e-01 -1.530098157499999889e+00 1.897154036100000107e+00 7.834121110000000221e-02 8.997596360000000015e-02 8.098746273000000384e-01 -5.743431628399999767e-01
1.413394895955760479e+09 4.901421378999999967e-01 -1.542255413899999983e+00 1.910658542800000026e+00 7.726977590000000395e-02 8.967157820000000445e-02 8.092084103000000139e-01 -5.754738382799999830e-01
1.413394896005760431e+09 5.433684274000000203e-01 -1.554456128700000050e+00 1.921364006699999960e+00 7.678634839999999573e-02 8.910624709999999393e-02 8.084220027999999836e-01 -5.767302652439999511e-01
1.413394896055760384e+09 5.958490640000000393e-01 -1.566809946200000025e+00 1.929357312000000046e+00 7.581812960000000601e-02 8.879719070000000047e-02 8.083921088000000088e-01 -5.769478906439999832e-01
1.413394896105760574e+09 6.481148490999999456e-01 -1.579262779200000022e+00 1.934167438100000025e+00 7.431992149999999686e-02 8.788330889999999840e-02 8.082407821000000547e-01 -5.774945120860000003e-01
1.413394896155760288e+09 6.994692001000000214e-01 -1.592135207000000108e+00 1.935924440800000035e+00 7.429165499999999811e-02 8.680809529999999885e-02 8.086156550999999970e-01 -5.771358825460000119e-01
1.413394896205760479e+09 7.500374901999999899e-01 -1.605598472000000054e+00 1.935069426200000109e+00 7.316410399999999370e-02 8.706954529999999526e-02 8.088209901999999785e-01 -5.769527831309999577e-01
1.413394896255760431e+09 8.006389492000000052e-01 -1.619114598399999938e+00 1.932434386199999965e+00 6.445226889999999820e-02 9.142186030000000463e-02 8.085781559000000396e-01 -5.776584755220000034e-01
1.413394896305760622e+09 8.502276716000000123e-01 -1.632683693099999944e+00 1.928472544099999908e+00 5.212238849999999840e-02 9.897712499999999913e-02 8.076816950999999856e-01 -5.789102389750000466e-01
1.413394896355760336e+09 8.980537829000000416e-01 -1.646336470899999904e+00 1.924533279999999902e+00 3.872213289999999752e-02 1.082718906999999980e-01 8.070016706000000539e-01 -5.792461460819999797e-01
1.413394896405760527e+09 9.434639706999999875e-01 -1.659736810500000104e+00 1.920635498600000046e+00 2.731117439999999896e-02 1.148219463000000051e-01 8.068361885000000511e-01 -5.788656021810000274e-01
1.413394896455760479e+09 9.853053169000000056e-01 -1.672982725700000062e+00 1.917250782600000036e+00 1.575150939999999875e-02 1.220381725000000001e-01 8.059422333000000327e-01 -5.790644963529999467e-01
1.413394896505760431e+09 1.023191890999999965e+00 -1.685897561400000022e+00 1.912377637000000075e+00 6.403071899999999636e-03 1.285657655999999927e-01 8.055330966999999509e-01 -5.783997533250000433e-01
1.413394896555760384e+09 1.057272283599999918e+00 -1.698732915299999924e+00 1.905715805700000098e+00 5.705869899999999571e-03 -1.364690377999999982e-01 -8.044477246000000248e-01 5.781068268100000296e-01
1.413394896605760574e+09 1.086421000399999892e+00 -1.711061071400000078e+00 1.897000341600000084e+00 1.664894769999999968e-02 -1.441098553999999865e-01 -8.031216694999999683e-01 5.778847169020000507e-01
1.413394896655760288e+09 1.110078203500000082e+00 -1.723298239000000009e+00 1.886478668200000097e+00 2.877172910000000070e-02 -1.532903039000000078e-01 -8.011213906999999912e-01 5.778224534079999808e-01
1.413394896705760479e+09 1.127944022499999921e+00 -1.735397692700000105e+00 1.873629626600000098e+00 4.055655240000000106e-02 -1.606490247000000038e-01 -7.988391286999999563e-01 5.782759750820000155e-01
1.413394896755760431e+09 1.138783571600000100e+00 -1.746287801400000061e+00 1.858478631699999939e+00 5.152682670000000020e-02 -1.694378370000000078e-01 -7.967594665999999659e-01 5.777630638659999596e-01
1.413394896805760622e+09 1.142667554099999982e+00 -1.756371817200000018e+00 1.841790981499999980e+00 6.193131830000000310e-02 -1.771090730000000057e-01 -7.938478611000000518e-01 5.784483222499999799e-01
1.413394896855760336e+09 1.138084481399999959e+00 -1.765438698000000084e+00 1.824205748800000082e+00 6.819634010000000246e-02 -1.820043110000000020e-01 -7.900669253000000003e-01 5.813931058279999675e-01
1.413394896905760527e+09 1.123758405800000082e+00 -1.773099755999999916e+00 1.806735832200000003e+00 6.917131020000000241e-02 -1.856923802000000068e-01 -7.861855150000000014e-01 5.853597233570000391e-01
1.413394896955760479e+09 1.101144497099999953e+00 -1.778591905899999936e+00 1.790503028799999896e+00 7.279153500000000443e-02 -1.888388981999999938e-01 -7.840189360000000551e-01 5.868181754079999646e-01
1.413394897005760431e+09 1.069247684600000081e+00 -1.781213737300000099e+00 1.775665392500000106e+00 7.693007590000000562e-02 -1.914341670999999967e-01 -7.826148292000000284e-01 5.873233796010000063e-01
1.413394897055760384e+09 1.027099597799999930e+00 -1.781874038300000018e+00 1.762752884500000006e+00 8.049759160000000136e-02 -1.944828131000000127e-01 -7.819799548000000433e-01 5.866889494899999447e-01
1.413394897105760574e+09 9.749993255000000136e-01 -1.780901917700000059e+00 1.750704831900000036e+00 7.827508769999999561e-02 -1.938411506999999923e-01 -7.837153507999999880e-01 5.848836361310000287e-01
1.413394897155760288e+09 9.138032726000000494e-01 -1.778102829999999912e+00 1.740039939899999943e+00 7.394043520000000147e-02 -1.908826150000000055e-01 -7.845880884000000499e-01 5.852505197059999498e-01
1.413394897205760479e+09 8.431344536999999528e-01 -1.773448550399999935e+00 1.730677665800000042e+00 6.700543840000000584e-02 -1.871034756000000132e-01 -7.861249086999999580e-01 5.852437001860000265e-01
1.413394897255760431e+09 7.636276705000000220e-01 -1.767728107199999954e+00 1.721911557499999912e+00 5.185188520000000301e-02 -1.775678722000000043e-01 -7.902331367999999578e-01 5.842196694760000142e-01
1.413394897305760622e+09 6.765554003999999511e-01 -1.760548153700000062e+00 1.713653791200000054e+00 2.590417030000000120e-02 -1.596744569000000114e-01 -7.949160459999999873e-01 5.847576605219999557e-01
1.413394897355760336e+09 5.834840153000000473e-01 -1.752206971699999949e+00 1.706885671900000068e+00 1.048120499999999995e-03 1.415562605000000029e-01 7.981465626000000535e-01 -5.855960989980000253e-01
1.413394897405760527e+09 4.867564180000000240e-01 -1.743241404399999972e+00 1.702046850599999939e+00 2.358290739999999858e-02 1.266651450999999873e-01 7.992705144999999733e-01 -5.869978126689999742e-01
1.413394897455760479e+09 3.883727814999999861e-01 -1.733643743400000048e+00 1.698978066300000034e+00 4.151544599999999752e-02 1.132687685999999999e-01 7.997332623999999779e-01 -5.881099920719999874e-01
1.413394897505760431e+09 2.888931896999999971e-01 -1.723573473499999897e+00 1.697188917999999935e+00 5.510309270000000176e-02 1.035514597000000009e-01 7.998743021999999980e-01 -5.885931065299999654e-01
1.413394897555760384e+09 1.897745118999999980e-01 -1.712911231999999950e+00 1.696661577300000001e+00 6.389287539999999321e-02 9.713128619999999991e-02 8.008906770999999480e-01 -5.874158127809999685e-01
1.413394897605760574e+09 9.138658610000000015e-02 -1.702239264599999968e+00 1.697399849399999994e+00 6.959618330000000297e-02 9.216523999999999550e-02 8.014066584000000271e-01 -5.868639600599999673e-01
1.413394897655760288e+09 -6.269581500000000369e-03 -1.691549437800000000e+00 1.700012870799999964e+00 7.336039460000000345e-02 8.876957080000000277e-02 8.002823901000000184e-01 -5.884609688290000085e-01
1.413394897705760479e+09 -1.027682833999999934e-01 -1.680543959900000051e+00 1.704620839199999960e+00 7.482324560000000457e-02 8.733295030000000347e-02 7.977811243000000330e-01 -5.918781254810000503e-01
1.413394897755760431e+09 -1.981057384000000088e-01 -1.668598216299999937e+00 1.709266236199999955e+00 7.615961720000000157e-02 8.564936839999999496e-02 7.966786389000000135e-01 -5.934366391859999812e-01
1.413394897805760622e+09 -2.922550469999999900e-01 -1.656120706100000062e+00 1.715980186199999924e+00 7.839725420000000222e-02 8.333382960000000617e-02 7.935981663000000186e-01 -5.975878963070000438e-01
1.413394897855760336e+09 -3.846579659000000095e-01 -1.642720806900000108e+00 1.723710267800000029e+00 7.762080189999999436e-02 8.278344830000000654e-02 7.916290860000000373e-01 -6.003709702599999698e-01
1.413394897905760527e+09 -4.759336739999999732e-01 -1.628395240299999935e+00 1.732549810999999940e+00 7.930969220000000375e-02 8.105085030000000468e-02 7.895267044999999539e-01 -6.031486676559999482e-01
1.413394897955760479e+09 -5.658005765000000409e-01 -1.612959670900000031e+00 1.743047057999999927e+00 8.041654500000000594e-02 8.027040300000000406e-02 7.865704830999999952e-01 -6.069569316520000424e-01
1.413394898005760431e+09 -6.538541847000000073e-01 -1.596045010499999917e+00 1.753339759399999975e+00 8.116047129999999499e-02 7.910855270000000106e-02 7.869184039000000075e-01 -6.065593461299999545e-01
1.413394898055760384e+09 -7.403395431999999499e-01 -1.577775868900000100e+00 1.763930065600000097e+00 8.209083320000000461e-02 7.825633340000000271e-02 7.887348103000000332e-01 -6.041808011089999653e-01
1.413394898105760574e+09 -8.248044839999999489e-01 -1.558406473300000039e+00 1.775281807000000045e+00 8.430486550000000634e-02 7.641013680000000030e-02 7.897879652000000528e-01 -6.027347266050000485e-01
1.413394898155760288e+09 -9.072856470000000284e-01 -1.538123594600000033e+00 1.786648921799999901e+00 8.847000709999999768e-02 7.208065519999999615e-02 7.917682053000000275e-01 -6.000671179080000472e-01
1.413394898205760479e+09 -9.874232702999999889e-01 -1.517018187799999973e+00 1.799171412800000036e+00 9.083578479999999955e-02 6.884550770000000264e-02 7.924781051000000520e-01 -5.991557470549999653e-01
1.413394898255760431e+09 -1.065644899600000084e+00 -1.495396757500000007e+00 1.811927607099999893e+00 9.854689699999999442e-02 6.219334110000000054e-02 7.926782934999999641e-01 -5.983992149300000341e-01
1.413394898305760622e+09 -1.140798161700000035e+00 -1.473058360800000077e+00 1.824769843299999916e+00 1.063188884000000056e-01 5.355351140000000343e-02 7.928023854000000314e-01 -5.977396533200000084e-01
1.413394898355760336e+09 -1.212133575500000005e+00 -1.450063854799999996e+00 1.838038032700000102e+00 1.127411504000000037e-01 4.363883319999999760e-02 7.930459710999999690e-01 -5.970453693299999642e-01
1.413394898405760527e+09 -1.279482969200000042e+00 -1.426642553700000038e+00 1.851009528300000095e+00 1.191428853000000010e-01 3.172279170000000259e-02 7.937378376000000513e-01 -5.956331778610000072e-01
1.413394898455760479e+09 -1.341533177999999937e+00 -1.403005427000000083e+00 1.864325056800000047e+00 1.205986955000000055e-01 2.041676109999999988e-02 7.954298396000000215e-01 -5.935743262249999486e-01
1.413394898505760431e+09 -1.398240940500000029e+00 -1.378973473999999921e+00 1.878275289599999898e+00 1.199720933999999933e-01 7.640387000000000220e-03 7.972032042000000152e-01 -5.916209702950000482e-01
1.413394898555760384e+09 -1.449481185500000047e+00 -1.354522412399999931e+00 1.892235947499999904e+00 1.170387299999999936e-01 -5.236221800000000377e-03 7.999221784000000168e-01 -5.885567314699999830e-01
1.413394898605760574e+09 -1.495501734899999935e+00 -1.330404227700000108e+00 1.907013579900000089e+00 1.147512103999999977e-01 -1.834560240000000092e-02 8.017101885999999844e-01 -5.863074040579999702e-01
1.413394898655760288e+09 -1.536322184799999935e+00 -1.306696550699999904e+00 1.922463827000000069e+00 1.119348762999999997e-01 -2.912381550000000055e-02 8.033961642000000403e-01 -5.841035783239999502e-01
1.413394898705760479e+09 -1.571512177700000068e+00 -1.283383167700000049e+00 1.938129310599999933e+00 1.070664385999999940e-01 -3.688250170000000050e-02 8.068502484999999780e-01 -5.798009445799999773e-01
1.413394898755760431e+09 -1.601227173300000084e+00 -1.260816313599999905e+00 1.954356045099999939e+00 9.945371640000000291e-02 -4.092347629999999736e-02 8.115137843999999934e-01 -5.743514648259999689e-01
1.413394898805760622e+09 -1.626254558499999892e+00 -1.239409937300000042e+00 1.971114607300000099e+00 9.626230149999999430e-02 -4.568522950000000055e-02 8.157251374999999749e-01 -5.685410532239999482e-01
1.413394898855760336e+09 -1.646268518500000111e+00 -1.219285740599999945e+00 1.988507593000000018e+00 9.463168339999999956e-02 -5.121351109999999762e-02 8.179347755000000442e-01 -5.651590252010000315e-01
1.413394898905760527e+09 -1.662106950599999911e+00 -1.201041035100000043e+00 2.005632937600000165e+00 1.003453903000000036e-01 -5.981528259999999847e-02 8.193410680999999585e-01 -5.612781384420000297e-01
1.413394898955760479e+09 -1.672337396499999906e+00 -1.184457333899999965e+00 2.023441836099999946e+00 1.044166207999999985e-01 -6.642650549999999654e-02 8.200689611000000490e-01 -5.587231762430000526e-01
1.413394899005760431e+09 -1.677134207799999999e+00 -1.169587752900000055e+00 2.040443226999999915e+00 1.087055683999999939e-01 -7.138513459999999700e-02 8.218786733999999816e-01 -5.546194264339999735e-01
1.413394899055760384e+09 -1.675732393999999958e+00 -1.156574738600000041e+00 2.056087985300000032e+00 1.082306071000000008e-01 -7.177890570000000636e-02 8.242373604999999603e-01 -5.511503405290000268e-01
1.413394899105760574e+09 -1.668725398799999926e+00 -1.145362319199999979e+00 2.068916400200000005e+00 1.052152368000000004e-01 -6.982317009999999824e-02 8.289799176000000047e-01 -5.448364664020000081e-01
1.413394899155760288e+09 -1.656453719399999969e+00 -1.136648132699999980e+00 2.079360746299999896e+00 1.017133843999999954e-01 -6.714957400000000354e-02 8.329724108999999599e-01 -5.397242673259999846e-01
1.413394899205760479e+09 -1.639323626399999956e+00 -1.130550730199999965e+00 2.086600934299999821e+00 1.000436269000000017e-01 -6.611301969999999750e-02 8.352124670999999667e-01 -5.366940246650000468e-01
1.413394899255760431e+09 -1.617746912999999953e+00 -1.127481223400000010e+00 2.091102868100000123e+00 1.020388603000000061e-01 -6.820018340000000290e-02 8.357573159000000196e-01 -5.352069832950000494e-01
1.413394899305760622e+09 -1.590796245399999975e+00 -1.127021589900000009e+00 2.094035965499999818e+00 1.002202192000000019e-01 -6.734636850000000341e-02 8.353200900999999678e-01 -5.363401171770000309e-01
1.413394899355760336e+09 -1.558950635099999982e+00 -1.129115639799999959e+00 2.094837121699999916e+00 9.576519910000000357e-02 -6.433488149999999628e-02 8.344838153000000425e-01 -5.388198322620000313e-01
1.413394899405760527e+09 -1.521675108299999968e+00 -1.133350084599999974e+00 2.093704944799999801e+00 8.358989360000000646e-02 -5.641565409999999697e-02 8.340441713999999784e-01 -5.424023634479999689e-01
1.413394899455760479e+09 -1.479886313399999986e+00 -1.139570452000000067e+00 2.090252535499999897e+00 6.676975459999999474e-02 -4.751244040000000141e-02 8.340478834000000230e-01 -5.455717148969999597e-01
1.413394899505760431e+09 -1.435170779999999979e+00 -1.147443890499999952e+00 2.083930369299999974e+00 5.115246760000000115e-02 -4.272740120000000086e-02 8.339432398999999663e-01 -5.478106122650000520e-01
1.413394899555760384e+09 -1.388211284799999889e+00 -1.157291224700000010e+00 2.075138076800000064e+00 3.737413400000000330e-02 -4.272474140000000198e-02 8.334168725999999694e-01 -5.497218269479999808e-01
1.413394899605760574e+09 -1.339301616700000030e+00 -1.168933655400000049e+00 2.064702977200000067e+00 2.618900329999999943e-02 -4.718086290000000210e-02 8.329857103000000151e-01 -5.506567975780000124e-01
1.413394899655760288e+09 -1.288686756699999991e+00 -1.182125151099999938e+00 2.053535923300000121e+00 1.675377000000000116e-02 -5.569970889999999869e-02 8.322187084000000068e-01 -5.513881346190000476e-01
1.413394899705760479e+09 -1.236408815499999925e+00 -1.197143600600000024e+00 2.043001576200000002e+00 7.006257299999999778e-03 -6.652819849999999646e-02 8.323057644000000366e-01 -5.502654138129999817e-01
1.413394899755760431e+09 -1.182508053699999895e+00 -1.213930072099999924e+00 2.033506433699999949e+00 2.130371600000000032e-03 7.904262010000000227e-02 -8.310794808000000478e-01 5.505039711960000304e-01
1.413394899805760622e+09 -1.126603719300000028e+00 -1.232377251800000018e+00 2.025003770000000092e+00 1.325500500000000026e-02 9.312333089999999536e-02 -8.286097218000000320e-01 5.518679905659999996e-01
1.413394899855760336e+09 -1.069664770699999989e+00 -1.252564078200000042e+00 2.017717331600000108e+00 2.314286969999999888e-02 1.076678365999999970e-01 -8.240144694000000047e-01 5.557627180840000181e-01
1.413394899905760527e+09 -1.010983508000000031e+00 -1.273581365100000085e+00 2.010813124699999843e+00 3.490209839999999786e-02 1.215367445999999962e-01 -8.195014889999999719e-01 5.589525675469999566e-01
1.413394899955760479e+09 -9.505461487999999903e-01 -1.295800211099999988e+00 2.006695664500000031e+00 5.116084559999999753e-02 1.325238015999999908e-01 -8.142656952000000281e-01 5.628422403799999696e-01
1.413394900005760431e+09 -8.892450304000000250e-01 -1.318836909100000065e+00 2.005605897700000195e+00 6.650176389999999660e-02 1.434238161999999983e-01 -8.097864299000000488e-01 5.650248334130000272e-01
1.413394900055760384e+09 -8.270863621999999804e-01 -1.343095789199999945e+00 2.008640812599999936e+00 8.169098689999999829e-02 1.541101954000000107e-01 -8.040701806000000174e-01 5.683729189289999928e-01
1.413394900105760574e+09 -7.653511212000000397e-01 -1.366735844299999947e+00 2.014997222099999874e+00 9.454111129999999419e-02 1.660768079000000119e-01 -7.975896259000000432e-01 5.721287099440000024e-01
1.413394900155760288e+09 -7.033738382999999983e-01 -1.390548473600000001e+00 2.023857575800000141e+00 1.092891607999999931e-01 1.756251165999999919e-01 -7.905793697999999869e-01 5.763644313660000185e-01
1.413394900205760479e+09 -6.420799320000000199e-01 -1.413879700300000097e+00 2.033346426400000073e+00 1.230282807000000062e-01 1.853051923000000045e-01 -7.846188229999999653e-01 5.787048733640000053e-01
1.413394900255760431e+09 -5.817251861000000135e-01 -1.436868144299999983e+00 2.041088255900000092e+00 1.354200828000000079e-01 1.943936336000000042e-01 -7.794204716000000532e-01 5.799795211220000191e-01
1.413394900305760622e+09 -5.227566311000000354e-01 -1.459566461599999920e+00 2.046185468600000057e+00 1.427243786000000070e-01 2.060147967000000024e-01 -7.727522624999999534e-01 5.831308568130000314e-01
1.413394900355760336e+09 -4.649777291000000146e-01 -1.480801599599999907e+00 2.049174697000000211e+00 1.504280410000000123e-01 2.173329713999999913e-01 -7.664212807000000405e-01 5.854367639080000352e-01
1.413394900405760527e+09 -4.086298409999999937e-01 -1.500892278900000099e+00 2.049816582700000112e+00 1.548048231999999969e-01 2.306371590999999888e-01 -7.592056178999999627e-01 5.885990122459999752e-01
1.413394900455760479e+09 -3.534743591000000240e-01 -1.519847408600000005e+00 2.047379992699999818e+00 1.550215035999999991e-01 2.464590430999999970e-01 -7.540486071999999984e-01 5.887588398719999505e-01
1.413394900505760431e+09 -2.991433394999999940e-01 -1.537025560400000046e+00 2.042687486500000205e+00 1.526754875000000122e-01 2.639386013999999725e-01 -7.493139777999999751e-01 5.878394107779999489e-01
1.413394900555760384e+09 -2.449778961999999893e-01 -1.552257903899999958e+00 2.037042099699999831e+00 1.507123063999999957e-01 2.800612026000000032e-01 -7.444199176000000362e-01 5.871034914699999607e-01
1.413394900605760574e+09 -1.908159034999999948e-01 -1.565654267500000030e+00 2.029805938400000009e+00 1.470186958999999960e-01 2.961828653999999950e-01 -7.392221937999999826e-01 5.866956293380000131e-01
1.413394900655760288e+09 -1.357170647000000008e-01 -1.576514303800000016e+00 2.022037574300000085e+00 1.449021352000000040e-01 3.119550497999999950e-01 -7.319102184000000344e-01 5.882132694420000307e-01
1.413394900705760479e+09 -7.948108190000000017e-02 -1.584214380699999980e+00 2.015172688199999840e+00 1.445280516000000126e-01 3.261020555999999959e-01 -7.252351788999999993e-01 5.888998445490000178e-01
1.413394900755760431e+09 -2.132434449999999829e-02 -1.587550464800000061e+00 2.010820983099999903e+00 1.468427341999999913e-01 3.390598624000000227e-01 -7.182696135999999676e-01 5.895459127559999901e-01
1.413394900805760622e+09 3.822549399999999875e-02 -1.584984683600000110e+00 2.009109011300000081e+00 1.500103083000000059e-01 3.533866380999999834e-01 -7.134652776000000030e-01 5.861587575750000223e-01
1.413394900855760336e+09 1.005857222999999995e-01 -1.578097715900000031e+00 2.012616316599999955e+00 1.582159972000000137e-01 3.645075077000000108e-01 -7.087643124000000405e-01 5.828851727410000461e-01
1.413394900905760527e+09 1.653293741999999900e-01 -1.566408571500000013e+00 2.020031592500000084e+00 1.664997564000000041e-01 3.759190110999999779e-01 -7.045450926999999863e-01 5.784279908610000520e-01
1.413394900955760479e+09 2.322146147999999966e-01 -1.549584860099999961e+00 2.032429462100000084e+00 1.763588014999999953e-01 3.880273267000000081e-01 -6.972522565000000005e-01 5.763433505609999452e-01
1.413394901005760431e+09 3.018151343000000097e-01 -1.528453835399999905e+00 2.049659195999999906e+00 1.862203386999999877e-01 4.003604070999999820e-01 -6.904191222000000128e-01 5.730226571150000003e-01
1.413394901055760384e+09 3.725101658000000149e-01 -1.502832794699999974e+00 2.067906114499999948e+00 1.970172877999999961e-01 4.119464687000000125e-01 -6.830014760000000518e-01 5.700818178409999826e-01
1.413394901105760574e+09 4.441711214999999879e-01 -1.472634067400000024e+00 2.086529162600000209e+00 2.105992713000000016e-01 4.227580939000000204e-01 -6.740390386000000289e-01 5.679743968120000153e-01
1.413394901155760288e+09 5.160097623999999605e-01 -1.438171444700000023e+00 2.103634873399999883e+00 2.269605715000000135e-01 4.320368135000000054e-01 -6.656700482999999835e-01 5.645498007860000333e-01
1.413394901205760479e+09 5.874268960999999845e-01 -1.399627284799999982e+00 2.119742392300000056e+00 2.477428228999999926e-01 4.373232447000000023e-01 -6.586954628000000200e-01 5.599037066269999530e-01
1.413394901255760431e+09 6.580225419999999881e-01 -1.357868489699999959e+00 2.133848698900000063e+00 2.701832946000000124e-01 4.403895179999999798e-01 -6.533772249999999504e-01 5.533138906519999844e-01
1.413394901305760622e+09 7.270278908999999734e-01 -1.312940211799999979e+00 2.146072470900000084e+00 2.928823502999999828e-01 4.432292643999999893e-01 -6.475867741999999927e-01 5.462592039489999607e-01
1.413394901355760336e+09 7.939962192999999724e-01 -1.265979849700000104e+00 2.156514469899999842e+00 3.164206326999999819e-01 4.444398875000000193e-01 -6.436822641999999650e-01 5.366789659020000380e-01
1.413394901405760527e+09 8.589856313999999493e-01 -1.217889165499999926e+00 2.166006362900000148e+00 3.396574319999999814e-01 4.442829039999999785e-01 -6.382700489999999505e-01 5.290150041740000475e-01
1.413394901455760479e+09 9.208206214999999917e-01 -1.169258981300000055e+00 2.173347956000000192e+00 3.603603148000000256e-01 4.449808500999999916e-01 -6.305342788000000143e-01 5.239837877899999885e-01
1.413394901505760431e+09 9.786332821000000015e-01 -1.120815266699999979e+00 2.177518302400000216e+00 3.775176941000000230e-01 4.468005313999999784e-01 -6.234855607999999494e-01 5.187633672179999822e-01
1.413394901555760384e+09 1.032088684999999950e+00 -1.072683536700000051e+00 2.178298321499999801e+00 3.894220808000000145e-01 4.516897638999999853e-01 -6.182544492999999530e-01 5.119455401289999541e-01
1.413394901605760574e+09 1.081334276900000058e+00 -1.024738246200000091e+00 2.175232592299999990e+00 3.964001490999999877e-01 4.611943117999999786e-01 -6.144152402000000457e-01 5.026535995959999781e-01
1.413394901655760288e+09 1.126176231899999935e+00 -9.774967169999999594e-01 2.168786162700000020e+00 3.971414053000000277e-01 4.753544827000000250e-01 -6.101572397000000203e-01 4.939888285540000035e-01
1.413394901705760479e+09 1.167311068400000096e+00 -9.305951802999999911e-01 2.159743333399999798e+00 3.971814974000000276e-01 4.909775168000000134e-01 -6.053388092999999470e-01 4.845130154200000261e-01
1.413394901755760431e+09 1.205193290700000031e+00 -8.841971896000000442e-01 2.150302846299999793e+00 3.956710935000000151e-01 5.083261985999999455e-01 -5.961238467999999679e-01 4.792548600470000197e-01
1.413394901805760622e+09 1.239794026600000043e+00 -8.377582103999999807e-01 2.141642641999999874e+00 3.951608835000000042e-01 5.256345526000000268e-01 -5.848021434000000296e-01 4.749343600950000077e-01
1.413394901855760336e+09 1.271520425500000107e+00 -7.906182538999999565e-01 2.134335569900000174e+00 3.968910791999999965e-01 5.425679557000000486e-01 -5.707704394999999487e-01 4.715067232879999737e-01
1.413394901905760527e+09 1.300783239500000077e+00 -7.426715078000000192e-01 2.129489170999999903e+00 4.013166704999999723e-01 5.576152578999999943e-01 -5.551167223999999845e-01 4.688875969399999843e-01
1.413394901955760479e+09 1.326855427899999995e+00 -6.932596037999999572e-01 2.126534729199999862e+00 4.070383945000000114e-01 5.718883796000000519e-01 -5.400894048000000058e-01 4.642917848990000262e-01
1.413394902005760431e+09 1.350602797200000094e+00 -6.426098282000000106e-01 2.125081553599999840e+00 4.134451102000000211e-01 5.847864280000000248e-01 -5.267258900000000299e-01 4.578731389199999779e-01
1.413394902055760384e+09 1.371349091899999983e+00 -5.902524708999999925e-01 2.125326335900000085e+00 4.212600586999999952e-01 5.958384885999999936e-01 -5.149221109999999602e-01 4.498573974660000085e-01
1.413394902105760574e+09 1.389762773900000026e+00 -5.364496568000000076e-01 2.127477137000000074e+00 4.283030717999999903e-01 6.065707401000000054e-01 -5.028186096000000216e-01 4.424950415369999779e-01
1.413394902155760288e+09 1.405474272800000035e+00 -4.815501128999999936e-01 2.129741427399999942e+00 4.354694038999999961e-01 6.158397079999999857e-01 -4.920007988999999804e-01 4.347908305079999924e-01
1.413394902205760479e+09 1.418655834599999999e+00 -4.253059772000000183e-01 2.130438094900000134e+00 4.453986811000000268e-01 6.228526666000000489e-01 -4.810310454000000235e-01 4.269469568650000046e-01
1.413394902255760431e+09 1.429206335800000005e+00 -3.685147206000000120e-01 2.128831406499999801e+00 4.544310181999999809e-01 6.294542776999999534e-01 -4.695965554000000042e-01 4.204269699529999960e-01
1.413394902305760622e+09 1.437515808799999961e+00 -3.108422291999999865e-01 2.126127900400000215e+00 4.645139936000000080e-01 6.344013711999999527e-01 -4.572076575999999837e-01 4.155993355729999950e-01
1.413394902355760336e+09 1.442971933499999970e+00 -2.526628887999999851e-01 2.121917773299999865e+00 4.744366804999999854e-01 6.380084823999999655e-01 -4.442772684999999888e-01 4.128834233600000014e-01
1.413394902405760527e+09 1.444878881299999973e+00 -1.941079034000000036e-01 2.116766264599999836e+00 4.845388827000000065e-01 6.403784704999999633e-01 -4.320748241999999850e-01 4.104251843430000157e-01
1.413394902455760479e+09 1.442228799200000022e+00 -1.349526339999999880e-01 2.111172992999999831e+00 4.957398919000000070e-01 6.421145471000000438e-01 -4.253733125999999976e-01 4.012336137620000076e-01
1.413394902505760431e+09 1.435045079600000051e+00 -7.587872399999999462e-02 2.106588532499999999e+00 5.074960686999999693e-01 6.427145325999999992e-01 -4.246883612999999835e-01 3.860123904600000211e-01
1.413394902555760384e+09 1.423903675700000093e+00 -1.804848549999999927e-02 2.103030778199999951e+00 5.199241288999999488e-01 6.410016316000000103e-01 -4.260708150999999999e-01 3.704854506229999789e-01
1.413394902605760574e+09 1.408988577899999983e+00 3.792982670000000223e-02 2.100481552499999793e+00 5.306639341000000121e-01 6.391612843999999738e-01 -4.311043326999999814e-01 3.521614629170000121e-01
1.413394902655760288e+09 1.391714514500000055e+00 9.102661859999999772e-02 2.098179094099999809e+00 5.384250369999999952e-01 6.379133378000000354e-01 -4.371318545999999805e-01 3.347846989600000156e-01
1.413394902705760479e+09 1.372108373499999923e+00 1.404109430999999908e-01 2.096168940300000116e+00 5.436424830999999624e-01 6.372321108999999817e-01 -4.451168934999999993e-01 3.166370770060000228e-01
1.413394902755760431e+09 1.351435821900000001e+00 1.854843015000000039e-01 2.095234193200000039e+00 5.472906805999999680e-01 6.359975503000000474e-01 -4.533195642999999775e-01 3.008012623660000218e-01
1.413394902805760622e+09 1.329739089100000049e+00 2.255187096999999863e-01 2.093666636200000042e+00 5.476193744999999780e-01 6.368675025000000156e-01 -4.585535692000000108e-01 2.902437406910000073e-01
1.413394902855760336e+09 1.308259323899999993e+00 2.601647834999999964e-01 2.092192604000000067e+00 5.443402765000000532e-01 6.396176928000000261e-01 -4.627988225999999927e-01 2.835491494710000171e-01
1.413394902905760527e+09 1.286962568499999904e+00 2.897371776000000065e-01 2.089750632699999944e+00 5.372006061999999860e-01 6.444940716000000513e-01 -4.649245202000000243e-01 2.826448139280000049e-01
1.413394902955760479e+09 1.265931184700000101e+00 3.149326284000000253e-01 2.085670240599999836e+00 5.306913309999999884e-01 6.485586979999999890e-01 -4.663755056000000176e-01 2.832529155349999828e-01
1.413394903055760384e+09 1.226316589100000076e+00 3.535820496000000035e-01 2.070017995200000183e+00 5.171284591999999458e-01 6.531358024000000206e-01 -4.716143709000000239e-01 2.890876433480000229e-01
1.413394903155760288e+09 1.187820339199999964e+00 3.787455343999999724e-01 2.042558177900000160e+00 4.994828949999999823e-01 6.552771043999999767e-01 -4.887228417999999741e-01 2.868427057649999834e-01
1.413394903255760431e+09 1.154060956999999998e+00 3.925598580999999920e-01 2.002879955000000045e+00 4.761469555000000242e-01 6.570772955000000470e-01 -5.138140536999999952e-01 2.784396213770000128e-01
1.413394903355760336e+09 1.133076408199999996e+00 3.945972806999999971e-01 1.957886629399999912e+00 4.558584708999999791e-01 6.539469333999999856e-01 -5.273548559999999830e-01 2.940124465160000033e-01
1.413394903455760479e+09 1.123892063200000013e+00 3.882272830999999869e-01 1.922366991599999908e+00 4.517029738000000183e-01 6.417871105000000354e-01 -5.298574484000000417e-01 3.214417718090000209e-01
1.413394903555760384e+09 1.123462942299999989e+00 3.760438727000000037e-01 1.900020460599999961e+00 4.521656672000000099e-01 6.293237341999999845e-01 -5.298352828000000292e-01 3.446337476190000082e-01
1.413394903605760574e+09 1.125408002899999982e+00 3.679883952999999930e-01 1.893631296399999941e+00 4.503646237000000219e-01 6.260494103000000532e-01 -5.276753157000000360e-01 3.560794893690000240e-01
1.413394903655760288e+09 1.127415267700000001e+00 3.589223138000000035e-01 1.891485542000000075e+00 4.485724845999999877e-01 6.234312958000000071e-01 -5.261841655000000229e-01 3.650292721030000131e-01
1.413394903705760479e+09 1.129344085500000094e+00 3.491742346999999747e-01 1.893362184399999926e+00 4.467543118000000257e-01 6.217133210999999937e-01 -5.247777854999999825e-01 3.721443363199999910e-01
1.413394903755760431e+09 1.131493019199999894e+00 3.390197580000000044e-01 1.899189121700000094e+00 4.428068763999999935e-01 6.221530395000000047e-01 -5.238658080000000439e-01 3.773755170140000170e-01
1.413394903805760622e+09 1.132986284700000068e+00 3.288498603000000187e-01 1.908762757100000096e+00 4.401375490000000168e-01 6.223095036000000357e-01 -5.218222631000000167e-01 3.830291703729999941e-01
1.413394903855760336e+09 1.133887800499999932e+00 3.185514456999999910e-01 1.919342086899999966e+00 4.337513472000000259e-01 6.260602581999999972e-01 -5.180558090000000337e-01 3.892640500910000134e-01
1.413394903905760527e+09 1.134607596399999974e+00 3.084646652999999961e-01 1.929701627800000097e+00 4.269643315000000161e-01 6.289174467000000490e-01 -5.156735655999999945e-01 3.952784823880000076e-01
1.413394903955760479e+09 1.134437015899999901e+00 2.990969014000000037e-01 1.937956039999999991e+00 4.204174175000000013e-01 6.298023862999999611e-01 -5.161043424000000268e-01 4.002929640560000113e-01
1.413394904005760431e+09 1.133934489200000062e+00 2.909948681000000259e-01 1.944159115699999996e+00 4.168518098999999810e-01 6.270041285999999880e-01 -5.213120071000000300e-01 4.016642659549999883e-01
1.413394904055760384e+09 1.133894639500000023e+00 2.838563872000000043e-01 1.948232737899999956e+00 4.133548703000000102e-01 6.220307706000000048e-01 -5.313435293999999587e-01 3.998618829219999782e-01
1.413394904105760574e+09 1.133865797199999914e+00 2.774585749999999851e-01 1.950378923299999956e+00 4.107099441000000017e-01 6.144597257999999673e-01 -5.452824255999999536e-01 3.955043153119999766e-01
1.413394904155760288e+09 1.134438802600000074e+00 2.711132085999999886e-01 1.949940945999999897e+00 4.065227860000000248e-01 6.063594720999999632e-01 -5.598620629999999654e-01 3.919462787740000120e-01
1.413394904205760479e+09 1.135873683300000048e+00 2.643737467999999757e-01 1.947079339999999936e+00 3.994708049999999844e-01 5.980441193000000100e-01 -5.757216829000000313e-01 3.889869550169999801e-01
1.413394904255760431e+09 1.138767307800000017e+00 2.572079537999999999e-01 1.941637997700000007e+00 3.906286386000000221e-01 5.900531548999999876e-01 -5.913041978999999948e-01 3.867892018429999745e-01
1.413394904305760622e+09 1.143729877299999975e+00 2.485367471999999911e-01 1.933680764900000071e+00 3.787662947000000058e-01 5.820802802000000220e-01 -6.054288721999999678e-01 3.888116794640000262e-01
1.413394904355760336e+09 1.150551824699999948e+00 2.390381259999999897e-01 1.924011097900000022e+00 3.673772633999999870e-01 5.722148297000000383e-01 -6.203464628000000536e-01 3.908636603639999985e-01
1.413394904405760527e+09 1.159787966699999950e+00 2.282017470000000103e-01 1.912091923800000037e+00 3.548842466000000084e-01 5.614462637999999561e-01 -6.339029257999999611e-01 3.962352144110000141e-01
1.413394904455760479e+09 1.171572188000000070e+00 2.162656477000000077e-01 1.898643356500000046e+00 3.425051105999999956e-01 5.498370758999999719e-01 -6.461940454000000278e-01 4.034881594670000071e-01
1.413394904505760431e+09 1.186635902199999926e+00 2.025122326999999889e-01 1.885354816600000039e+00 3.307234353999999876e-01 5.367324597999999503e-01 -6.557759470999999785e-01 4.153290058670000007e-01
1.413394904555760384e+09 1.203912275700000034e+00 1.879541420999999990e-01 1.873873070099999927e+00 3.224586626000000011e-01 5.203094926000000342e-01 -6.631142145999999737e-01 4.307876288190000125e-01
1.413394904605760574e+09 1.223042715300000083e+00 1.730389717999999966e-01 1.863561346900000082e+00 3.157683768999999807e-01 5.024082122999999900e-01 -6.702216115000000363e-01 4.457345755539999788e-01
1.413394904655760288e+09 1.244018636599999894e+00 1.574021875999999931e-01 1.854598174499999974e+00 3.105645899000000210e-01 4.832051204000000211e-01 -6.759344358000000108e-01 4.617088754120000083e-01
1.413394904705760479e+09 1.266250229800000016e+00 1.413639636000000033e-01 1.846275935800000045e+00 3.043489154999999835e-01 4.641264399000000207e-01 -6.828100942999999479e-01 4.751092090719999939e-01
1.413394904755760431e+09 1.288971537299999914e+00 1.250365076999999936e-01 1.839368294400000048e+00 2.958032957999999768e-01 4.467421843000000115e-01 -6.891569083999999901e-01 4.878366391430000171e-01
1.413394904805760622e+09 1.311714252800000091e+00 1.087591368999999974e-01 1.833252190300000084e+00 2.878615444000000023e-01 4.290855660999999821e-01 -6.943150875000000388e-01 5.009469706950000489e-01
1.413394904855760336e+09 1.334188724399999915e+00 9.221576419999999441e-02 1.827949876299999943e+00 2.784754917000000218e-01 4.118212734999999736e-01 -6.994063434999999718e-01 5.135030728809999445e-01
1.413394904905760527e+09 1.356172123999999979e+00 7.607874089999999700e-02 1.824222001999999954e+00 2.706135453999999885e-01 3.929027601999999786e-01 -7.035930597999999758e-01 5.266427026559999947e-01
1.413394904955760479e+09 1.377496663500000107e+00 6.071949699999999728e-02 1.821949270399999987e+00 2.640206229000000016e-01 3.736759880000000145e-01 -7.051805893000000491e-01 5.416453665629999970e-01
1.413394905005760431e+09 1.397316325600000075e+00 4.636396949999999767e-02 1.821043114000000074e+00 2.591389391000000209e-01 3.526094140000000099e-01 -7.058950771999999985e-01 5.569791301119999538e-01
1.413394905055760384e+09 1.415243074099999943e+00 3.356954499999999925e-02 1.821615622299999959e+00 2.553116026000000205e-01 3.310731534999999948e-01 -7.059138540999999600e-01 5.717448584740000284e-01
1.413394905105760574e+09 1.430347116200000102e+00 2.266164169999999867e-02 1.822753425799999993e+00 2.508131427999999996e-01 3.104214115000000218e-01 -7.067690938999999783e-01 5.841307753159999949e-01
1.413394905155760288e+09 1.442257061599999890e+00 1.411892839999999948e-02 1.824303178000000081e+00 2.460962834000000043e-01 2.910035704000000223e-01 -7.102050036999999483e-01 5.919141778919999597e-01
1.413394905205760479e+09 1.450257038700000001e+00 8.487576900000000021e-03 1.823603011899999959e+00 2.394850068000000110e-01 2.750655066000000093e-01 -7.212153091999999877e-01 5.889264609990000343e-01
1.413394905255760431e+09 1.454561793799999947e+00 5.451706199999999808e-03 1.822074041300000058e+00 2.307167558000000063e-01 2.623402447000000026e-01 -7.367823466999999793e-01 5.788774897759999538e-01
1.413394905305760622e+09 1.455991239000000048e+00 4.122431299999999854e-03 1.818614074599999908e+00 2.189833313000000004e-01 2.547031451999999807e-01 -7.584392315000000329e-01 5.585181649679999971e-01
1.413394905355760336e+09 1.455008393900000030e+00 3.431891600000000053e-03 1.814598666900000046e+00 2.039052627999999867e-01 2.523384826000000247e-01 -7.808571310999999904e-01 5.338633484899999448e-01
1.413394905405760527e+09 1.453394207499999924e+00 2.001484799999999828e-03 1.811060810000000076e+00 1.918593292999999922e-01 2.493268334000000030e-01 -8.038166513000000180e-01 5.048810939100000228e-01
1.413394905455760479e+09 1.451923121999999955e+00 -2.972377899999999878e-03 1.808444982799999989e+00 1.756167728999999955e-01 2.516695666000000053e-01 -8.218413426999999771e-01 4.799979017659999903e-01
1.413394905505760431e+09 1.451844600300000065e+00 -1.253286590000000054e-02 1.807269150600000041e+00 1.633136293000000128e-01 2.517819050999999808e-01 -8.369565442999999938e-01 4.576442653760000034e-01
1.413394905555760384e+09 1.453985487600000015e+00 -2.795963220000000082e-02 1.806955685799999989e+00 1.516907544999999968e-01 2.531255638000000086e-01 -8.485174993999999860e-01 4.392441429089999905e-01
1.413394905605760574e+09 1.459283603800000106e+00 -5.098407779999999945e-02 1.809026586099999889e+00 1.409421309999999983e-01 2.572718942000000175e-01 -8.525772305000000051e-01 4.325026637919999750e-01
1.413394905655760288e+09 1.469742083899999940e+00 -8.320018240000000287e-02 1.815378028600000082e+00 1.347755619000000071e-01 2.608854837999999843e-01 -8.456642599000000482e-01 4.456750742250000230e-01
1.413394905705760479e+09 1.484790319700000083e+00 -1.220416821000000068e-01 1.824085051800000024e+00 1.330842157000000081e-01 2.631866185000000247e-01 -8.322326169000000551e-01 4.694787180339999866e-01
1.413394905755760431e+09 1.503986201100000031e+00 -1.654875433000000118e-01 1.836035858700000079e+00 1.392855933999999907e-01 2.612054587000000039e-01 -8.125412578999999802e-01 5.021433420509999745e-01
1.413394905805760622e+09 1.525220703600000061e+00 -2.111103891999999982e-01 1.849079031400000073e+00 1.463806245000000006e-01 2.590411306000000025e-01 -7.893053179000000252e-01 5.370917244780000210e-01
1.413394905855760336e+09 1.547781389599999891e+00 -2.566027614999999984e-01 1.863579718600000046e+00 1.573221283000000026e-01 2.539380239999999844e-01 -7.628428326999999731e-01 5.734422730010000357e-01
1.413394905905760527e+09 1.569934824099999959e+00 -2.995601710999999945e-01 1.877856416700000031e+00 1.673549807999999972e-01 2.498162207999999884e-01 -7.387232651999999788e-01 6.032181228630000280e-01
1.413394905955760479e+09 1.590540024700000110e+00 -3.387438421000000255e-01 1.892387596600000110e+00 1.779686944999999965e-01 2.448548188999999931e-01 -7.159268616999999724e-01 6.291438548179999479e-01
1.413394906005760431e+09 1.608777136600000102e+00 -3.725629160999999745e-01 1.907060475700000035e+00 1.904911283999999871e-01 2.386583046999999902e-01 -6.981368221000000540e-01 6.475803589130000315e-01
1.413394906055760384e+09 1.623240210400000105e+00 -4.000489516999999884e-01 1.922036888400000088e+00 2.029483841999999982e-01 2.328163117000000004e-01 -6.824501388000000501e-01 6.624728872930000234e-01
1.413394906105760574e+09 1.632803654800000004e+00 -4.206196902000000071e-01 1.936922807700000027e+00 2.166271724999999926e-01 2.259509389999999895e-01 -6.729634750999999859e-01 6.701783363209999900e-01
1.413394906155760288e+09 1.637324584099999925e+00 -4.349404654999999842e-01 1.953335641700000069e+00 2.313317601000000057e-01 2.179700508999999897e-01 -6.717701276999999971e-01 6.691035564349999687e-01
1.413394906205760479e+09 1.634957287199999998e+00 -4.429398889999999755e-01 1.969896821300000100e+00 2.391638583000000040e-01 2.119899047000000092e-01 -6.787387186000000128e-01 6.611918640380000101e-01
1.413394906255760431e+09 1.626395473299999894e+00 -4.457451018999999959e-01 1.985227065399999935e+00 2.416285140999999970e-01 2.094268656000000117e-01 -6.974120487999999618e-01 6.413832577510000243e-01
1.413394906305760622e+09 1.611599841699999924e+00 -4.449967733999999897e-01 1.999024511900000078e+00 2.360497237999999998e-01 2.091073779000000021e-01 -7.191591309999999515e-01 6.191645796010000202e-01
1.413394906355760336e+09 1.591296898600000009e+00 -4.417672885999999743e-01 2.010146864499999797e+00 2.258977659999999998e-01 2.085231150000000089e-01 -7.419339204999999549e-01 5.958375343749999775e-01
1.413394906405760527e+09 1.566747332200000065e+00 -4.378117671000000266e-01 2.019055132900000160e+00 2.107142687000000125e-01 2.090332283000000124e-01 -7.635298713999999487e-01 5.735213526010000118e-01
1.413394906455760479e+09 1.538823765599999893e+00 -4.340676862000000247e-01 2.023852446699999863e+00 1.888684674999999979e-01 2.115913152999999991e-01 -7.856722440000000196e-01 5.497971828350000090e-01
1.413394906505760431e+09 1.508735553199999968e+00 -4.321778507999999852e-01 2.026575668900000071e+00 1.612823727000000096e-01 2.150865181000000126e-01 -8.051575075000000359e-01 5.286276327369999750e-01
1.413394906555760384e+09 1.478578978200000060e+00 -4.319845950999999795e-01 2.027630233600000054e+00 1.383450051000000014e-01 2.136707244999999922e-01 -8.224771367000000000e-01 5.086618136430000048e-01
1.413394906605760574e+09 1.449773438100000034e+00 -4.355358422000000229e-01 2.027285394000000185e+00 1.161914094000000008e-01 2.110314511999999976e-01 -8.354271994999999951e-01 4.939905639270000259e-01
1.413394906655760288e+09 1.423235323399999919e+00 -4.437149060999999728e-01 2.026108026699999787e+00 9.700197060000000093e-02 2.054139302000000111e-01 -8.423590186999999618e-01 4.886993131449999805e-01
1.413394906705760479e+09 1.400284600400000024e+00 -4.568567853000000123e-01 2.025447352900000109e+00 8.389443720000000493e-02 1.959073567000000071e-01 -8.421878766999999488e-01 4.952793266239999825e-01
1.413394906755760431e+09 1.381005591200000104e+00 -4.745478543000000160e-01 2.025055457300000139e+00 7.591549000000000214e-02 1.847766429999999904e-01 -8.339287276000000304e-01 5.144485474329999475e-01
1.413394906805760622e+09 1.364268107000000008e+00 -4.957767900999999755e-01 2.024758372800000039e+00 7.109537359999999750e-02 1.709813363999999891e-01 -8.193805150999999842e-01 5.425185729129999856e-01
1.413394906855760336e+09 1.349566776300000104e+00 -5.181920514000000200e-01 2.022846818900000176e+00 6.671092080000000368e-02 1.585986481999999975e-01 -8.009589741000000540e-01 5.734638991739999803e-01
1.413394906905760527e+09 1.336503724099999957e+00 -5.395352475000000370e-01 2.020611755900000084e+00 6.624295419999999546e-02 1.460896593999999882e-01 -7.793063311000000271e-01 6.057650738750000041e-01
1.413394906955760479e+09 1.324086816199999905e+00 -5.580472953999999763e-01 2.018918607699999868e+00 6.580836750000000623e-02 1.340903182000000027e-01 -7.559548755999999647e-01 6.373549022509999995e-01
1.413394907005760431e+09 1.312508956699999896e+00 -5.715204469000000342e-01 2.017312374099999861e+00 6.583258259999999473e-02 1.245472279000000015e-01 -7.343181625000000379e-01 6.640262760820000443e-01
1.413394907055760384e+09 1.300908538600000108e+00 -5.780378724000000412e-01 2.017737105400000175e+00 6.972527119999999412e-02 1.145330724999999994e-01 -7.120705589000000391e-01 6.891850846970000166e-01
1.413394907105760574e+09 1.288484002299999931e+00 -5.764749694999999896e-01 2.018277928999999915e+00 7.603219949999999450e-02 1.052224424999999991e-01 -6.966154351000000133e-01 7.056020676349999965e-01
1.413394907155760288e+09 1.274680751100000009e+00 -5.658718539000000547e-01 2.018118805299999874e+00 8.239798689999999759e-02 9.754075519999999555e-02 -6.926199270999999769e-01 7.099112686449999821e-01
1.413394907205760479e+09 1.258522628099999929e+00 -5.455920974000000312e-01 2.014083053499999831e+00 8.198462289999999819e-02 9.575485559999999396e-02 -7.042131667000000039e-01 6.987083405420000393e-01
1.413394907255760431e+09 1.240378002099999932e+00 -5.166800700000000468e-01 2.009644853999999814e+00 8.274358789999999853e-02 9.402110280000000597e-02 -7.240656013999999807e-01 6.782643553160000449e-01
1.413394907305760622e+09 1.220343016399999980e+00 -4.813576594999999791e-01 2.004754157599999864e+00 8.209560209999999802e-02 9.378830180000000127e-02 -7.492632403000000219e-01 6.504372862180000103e-01
1.413394907355760336e+09 1.198880255399999983e+00 -4.416181550000000122e-01 1.999431501299999914e+00 8.292464439999999715e-02 9.266873000000000471e-02 -7.782669062000000526e-01 6.154970613819999992e-01
1.413394907405760527e+09 1.176395161599999906e+00 -3.994963919000000252e-01 1.994563149500000021e+00 9.056726449999999429e-02 8.451879860000000022e-02 -8.066226697999999695e-01 5.779394534059999478e-01
1.413394907455760479e+09 1.152876406499999895e+00 -3.580056918999999782e-01 1.989019981200000009e+00 1.044774502999999966e-01 6.898867899999999720e-02 -8.327429164999999855e-01 5.393183285660000381e-01
1.413394907505760431e+09 1.127425013599999915e+00 -3.203430773000000009e-01 1.982288808000000069e+00 1.165519554000000041e-01 5.181939359999999939e-02 -8.517559421999999492e-01 5.081753703269999978e-01
1.413394907555760384e+09 1.098874799100000077e+00 -2.878354956999999992e-01 1.973510666299999938e+00 1.259843924999999865e-01 3.362701369999999967e-02 -8.677339198000000309e-01 4.796196422949999816e-01
1.413394907605760574e+09 1.066017585700000048e+00 -2.626798471999999829e-01 1.963529328599999957e+00 1.254287920999999917e-01 2.104308820000000066e-02 -8.779616793000000197e-01 4.615280015580000006e-01
1.413394907655760288e+09 1.028926019000000025e+00 -2.456257390000000096e-01 1.951791593999999908e+00 1.172134923999999939e-01 1.366211789999999954e-02 -8.847993728999999918e-01 4.507820020809999995e-01
1.413394907705760479e+09 9.870639373999999799e-01 -2.385354987999999954e-01 1.939997139799999992e+00 9.874724660000000487e-02 1.415574250000000041e-02 -8.834137010000000512e-01 4.578524097960000039e-01
1.413394907755760431e+09 9.421647037000000502e-01 -2.402443868999999954e-01 1.928795519399999936e+00 7.419006100000000159e-02 2.158324769999999879e-02 -8.742649635000000474e-01 4.792606512979999955e-01
1.413394907805760622e+09 8.955931365999999505e-01 -2.487227518000000026e-01 1.918458342699999930e+00 5.021946769999999921e-02 3.097278700000000162e-02 -8.564923523999999899e-01 5.127763078510000350e-01
1.413394907855760336e+09 8.488537429000000412e-01 -2.604331880999999904e-01 1.906392001299999972e+00 2.931328730000000091e-02 4.008292050000000079e-02 -8.345204400000000300e-01 5.487346589060000390e-01
1.413394907905760527e+09 8.032493253000000388e-01 -2.733406765999999988e-01 1.893137768499999929e+00 1.323274720000000050e-02 4.764819669999999924e-02 -8.101872382999999456e-01 5.840814863369999665e-01
1.413394907955760479e+09 7.596203718999999799e-01 -2.846815796000000121e-01 1.878836352800000054e+00 3.970533800000000321e-03 5.271752259999999690e-02 -7.888170462000000382e-01 6.123501982750000350e-01
1.413394908005760431e+09 7.176157962000000445e-01 -2.933179074000000219e-01 1.863187250099999970e+00 2.209035900000000125e-03 -5.672016769999999736e-02 7.703746344999999884e-01 -6.350597336040000318e-01
1.413394908055760384e+09 6.774963992000000435e-01 -2.979391084999999939e-01 1.846496324499999897e+00 3.669259199999999870e-03 -5.824828220000000112e-02 7.588147486999999858e-01 -6.486862502779999762e-01
1.413394908105760574e+09 6.388302126999999553e-01 -2.979079793000000143e-01 1.826572892800000014e+00 5.686616799999999645e-03 -6.063469180000000125e-02 7.601497632999999476e-01 -6.468874970869999963e-01
1.413394908155760288e+09 6.020062591000000518e-01 -2.932087440000000211e-01 1.804700429299999964e+00 6.641652399999999762e-03 -6.265255570000000107e-02 7.727754880999999632e-01 -6.315446070929999767e-01
1.413394908205760479e+09 5.670601014999999689e-01 -2.852214500999999958e-01 1.782110181099999968e+00 6.339595800000000225e-03 -6.377987329999999788e-02 7.916104656000000350e-01 -6.076551719610000513e-01
1.413394908255760431e+09 5.339020934999999524e-01 -2.753139957999999887e-01 1.759248281899999933e+00 9.826158200000000703e-03 -6.765804209999999597e-02 8.118204665999999570e-01 -5.798908224030000502e-01
1.413394908305760622e+09 5.032000260000000225e-01 -2.653018871000000223e-01 1.738107315599999980e+00 1.004752400000000039e-02 -6.940700980000000242e-02 8.308709742000000009e-01 -5.520282044869999627e-01
1.413394908355760336e+09 4.750980155000000260e-01 -2.573915006999999977e-01 1.719391831100000045e+00 9.317635799999999732e-03 -7.102493490000000298e-02 8.473804817000000211e-01 -5.261320741849999649e-01
1.413394908405760527e+09 4.498258217000000170e-01 -2.536581157000000197e-01 1.704540348799999938e+00 6.321960300000000268e-03 -7.057499039999999557e-02 8.607231235000000202e-01 -5.041179506270000443e-01
1.413394908455760479e+09 4.278064205000000064e-01 -2.561773911999999931e-01 1.693967680599999914e+00 2.711281000000000173e-04 6.727214559999999954e-02 -8.712651696000000001e-01 4.861804080670000250e-01
1.413394908505760431e+09 4.081916463999999967e-01 -2.660440562999999980e-01 1.688049693299999987e+00 7.605507099999999666e-03 6.366268790000000066e-02 -8.787341660999999915e-01 4.729857120520000180e-01
1.413394908555760384e+09 3.907192711999999957e-01 -2.843412269000000214e-01 1.688579096500000043e+00 1.285799359999999919e-02 6.283144300000000071e-02 -8.783957420000000349e-01 4.736114463939999908e-01
1.413394908605760574e+09 3.743592027000000044e-01 -3.128752653999999911e-01 1.695690934599999977e+00 1.109132470000000030e-02 6.873123420000000483e-02 -8.676481997999999640e-01 4.922800029280000045e-01
1.413394908655760288e+09 3.599656713000000119e-01 -3.477081701999999996e-01 1.708694377300000067e+00 9.614101499999999634e-03 7.500322619999999496e-02 -8.498829189000000062e-01 5.215180815100000089e-01
1.413394908705760479e+09 3.475986255999999885e-01 -3.848045789000000272e-01 1.726556530399999900e+00 1.162404289999999923e-02 7.838472069999999348e-02 -8.268647341000000539e-01 5.567902915079999682e-01
1.413394908755760431e+09 3.366259971000000184e-01 -4.215179640000000227e-01 1.747512913300000026e+00 1.094706810000000037e-02 8.364276330000000592e-02 -8.012890094000000296e-01 5.923005767410000066e-01
1.413394908805760622e+09 3.273723394999999980e-01 -4.553075359000000044e-01 1.769163127899999965e+00 1.301369429999999980e-02 8.619071070000000612e-02 -7.791583079999999661e-01 6.207367689010000467e-01
1.413394908855760336e+09 3.198059272000000064e-01 -4.859012816000000123e-01 1.793086308799999973e+00 1.567847819999999837e-02 8.794771229999999440e-02 -7.574092467999999911e-01 6.468002922309999958e-01
1.413394908905760527e+09 3.135347801000000212e-01 -5.102816387999999925e-01 1.819403694300000041e+00 2.235619579999999912e-02 8.670037799999999462e-02 -7.395074483000000365e-01 6.671671295919999745e-01
1.413394908955760479e+09 3.081336157999999825e-01 -5.284243253999999501e-01 1.849889040599999923e+00 3.178163900000000042e-02 8.331004820000000033e-02 -7.222983649999999978e-01 6.858093286599999949e-01
1.413394909005760431e+09 3.032195679999999949e-01 -5.396599857999999639e-01 1.880688669800000046e+00 4.410135779999999756e-02 7.802579939999999825e-02 -7.151584980999999841e-01 6.931921576709999533e-01
1.413394909055760384e+09 2.971706538000000175e-01 -5.438446743000000527e-01 1.908193308300000002e+00 5.245541830000000072e-02 7.451743669999999486e-02 -7.215256110000000112e-01 6.863646067840000198e-01
1.413394909105760574e+09 2.901490977999999776e-01 -5.423349198000000371e-01 1.935630518600000016e+00 5.961296259999999958e-02 7.123895970000000688e-02 -7.376283062999999807e-01 6.687868024409999723e-01
1.413394909155760288e+09 2.816000895999999920e-01 -5.350130654000000430e-01 1.960582131700000064e+00 6.550049019999999722e-02 6.773354889999999573e-02 -7.594931295000000304e-01 6.436552170289999708e-01
1.413394909205760479e+09 2.705044752999999913e-01 -5.242077452000000193e-01 1.982302668200000006e+00 6.193749319999999892e-02 6.581544340000000659e-02 -7.827024857000000058e-01 6.157993937260000106e-01
1.413394909255760431e+09 2.579502811000000118e-01 -5.114047395999999912e-01 2.000507040100000022e+00 5.657691389999999765e-02 6.187773800000000157e-02 -8.070823516999999780e-01 5.844555380479999895e-01
1.413394909305760622e+09 2.439368621000000126e-01 -4.983389710000000195e-01 2.016677202199999908e+00 4.966341939999999872e-02 5.603992380000000217e-02 -8.264782468000000382e-01 5.579666471130000360e-01
1.413394909355760336e+09 2.289542223999999904e-01 -4.869428163000000254e-01 2.031598521499999865e+00 4.490187760000000083e-02 4.454143039999999831e-02 -8.415244587000000331e-01 5.365039307440000460e-01
1.413394909405760527e+09 2.133613286000000109e-01 -4.793193827000000184e-01 2.045591227600000117e+00 4.031951980000000185e-02 3.102113260000000095e-02 -8.506267280000000541e-01 5.233031581129999887e-01
1.413394909455760479e+09 1.965184594999999923e-01 -4.762378160999999888e-01 2.058994299900000158e+00 3.492047990000000240e-02 1.589683830000000048e-02 -8.529021887000000079e-01 5.206589163020000077e-01
1.413394909505760431e+09 1.785302867999999932e-01 -4.780834023000000155e-01 2.072137582299999892e+00 2.975443150000000106e-02 -5.826930000000000130e-05 -8.487940399000000191e-01 5.278857340320000091e-01
1.413394909555760384e+09 1.590199371000000084e-01 -4.832294598999999913e-01 2.085012349199999893e+00 2.688139159999999861e-02 -1.696413459999999984e-02 -8.400877274000000394e-01 5.415184384829999642e-01
1.413394909605760574e+09 1.378414584000000054e-01 -4.912608014000000023e-01 2.098864909000000001e+00 2.455876930000000166e-02 -3.219065690000000313e-02 -8.282321778000000245e-01 5.589204667310000429e-01
1.413394909655760288e+09 1.145503635000000020e-01 -5.004928847999999819e-01 2.112948826599999830e+00 2.225454030000000027e-02 -4.489983930000000095e-02 -8.159341770000000382e-01 5.759688869369999908e-01
1.413394909705760479e+09 8.848560169999999947e-02 -5.100346168999999596e-01 2.127470717700000069e+00 1.560608580000000072e-02 -5.322258120000000065e-02 -8.024380789999999708e-01 5.941522838080000035e-01
1.413394909755760431e+09 6.011713209999999807e-02 -5.185033318999999752e-01 2.143318677399999928e+00 6.615930499999999638e-03 -5.702248879999999992e-02 -7.863029889999999522e-01 6.151684929480000230e-01
1.413394909805760622e+09 2.995044950000000025e-02 -5.244988948000000040e-01 2.159269144600000079e+00 5.767714900000000047e-03 5.601686770000000037e-02 7.699911057999999642e-01 -6.355647417749999972e-01
1.413394909855760336e+09 -1.268118599999999924e-03 -5.268498504999999943e-01 2.176183629800000130e+00 1.735083089999999925e-02 5.393946320000000266e-02 7.529333187000000205e-01 -6.556530336370000045e-01
1.413394909905760527e+09 -3.278655999999999932e-02 -5.242973346000000534e-01 2.192300965599999873e+00 2.575585320000000136e-02 5.247050369999999714e-02 7.416330781000000094e-01 -6.682543375889999915e-01
1.413394909955760479e+09 -6.444481400000000304e-02 -5.157198732000000119e-01 2.205521908600000192e+00 3.518357180000000056e-02 4.817793620000000027e-02 7.401622586999999642e-01 -6.697767041969999724e-01
1.413394910005760431e+09 -9.591330489999999598e-02 -5.013122079999999814e-01 2.215195398500000135e+00 4.376781290000000130e-02 4.441377729999999857e-02 7.519864360000000358e-01 -6.562226717829999778e-01
1.413394910055760384e+09 -1.264524049999999900e-01 -4.820024540999999774e-01 2.223582800800000037e+00 5.169562529999999906e-02 4.012475730000000101e-02 7.685860800999999576e-01 -6.363906062499999905e-01
1.413394910105760574e+09 -1.557888125999999929e-01 -4.600040088999999832e-01 2.230506398300000193e+00 5.557282969999999961e-02 3.730395849999999791e-02 7.880185683000000552e-01 -6.120022968489999826e-01
1.413394910155760288e+09 -1.839185624000000130e-01 -4.367398403000000151e-01 2.235370591300000154e+00 5.592772289999999730e-02 3.680307440000000346e-02 8.070068706999999897e-01 -5.867346368650000477e-01
1.413394910205760479e+09 -2.106645497999999894e-01 -4.135753447000000138e-01 2.238270186299999853e+00 5.337696310000000083e-02 3.807711589999999979e-02 8.249738379000000066e-01 -5.613547896120000269e-01
1.413394910255760431e+09 -2.365191540999999897e-01 -3.920526254999999738e-01 2.239282009100000082e+00 4.987732369999999665e-02 3.907502470000000228e-02 8.411022240000000094e-01 -5.371521607439999624e-01
1.413394910305760622e+09 -2.618175785999999894e-01 -3.734866486000000263e-01 2.238911694300000033e+00 4.646266420000000341e-02 3.997929149999999987e-02 8.541676673000000442e-01 -5.163724171000000362e-01
1.413394910355760336e+09 -2.865916989000000248e-01 -3.589112312000000138e-01 2.236839786700000055e+00 4.217590470000000258e-02 4.126580910000000185e-02 8.639384572999999623e-01 -5.001286514730000077e-01
1.413394910405760527e+09 -3.113474341999999950e-01 -3.488410449000000080e-01 2.232075001500000155e+00 3.829826740000000229e-02 4.177050370000000290e-02 8.715117215000000028e-01 -4.870890956339999911e-01
1.413394910455760479e+09 -3.365404424999999811e-01 -3.444432204000000275e-01 2.225700792600000089e+00 3.644311339999999760e-02 4.144715949999999705e-02 8.763313190999999502e-01 -4.785367819620000018e-01
1.413394910505760431e+09 -3.620726787999999918e-01 -3.478937309999999838e-01 2.220323449299999918e+00 3.672705279999999989e-02 3.897850320000000035e-02 8.725034783999999766e-01 -4.856639580450000104e-01
1.413394910555760384e+09 -3.881757366999999959e-01 -3.580344925000000234e-01 2.215356340300000060e+00 3.900738950000000316e-02 3.493862510000000227e-02 8.610653451999999985e-01 -5.057906557069999920e-01
1.413394910605760574e+09 -4.141489602000000270e-01 -3.734805176000000060e-01 2.210832577300000157e+00 4.280048990000000220e-02 2.962212519999999835e-02 8.422888138999999885e-01 -5.365074106570000279e-01
1.413394910655760288e+09 -4.392861462000000050e-01 -3.921108162999999980e-01 2.207712257299999870e+00 4.247101109999999735e-02 2.709828480000000053e-02 8.178744731000000545e-01 -5.731869174760000352e-01
1.413394910705760479e+09 -4.636312153000000102e-01 -4.106289792000000216e-01 2.204088782999999996e+00 4.263440589999999836e-02 2.415674649999999951e-02 7.936066219999999838e-01 -6.064546878969999666e-01
1.413394910755760431e+09 -4.868063051000000030e-01 -4.268222127999999893e-01 2.200569890300000164e+00 3.925240459999999876e-02 2.365570380000000042e-02 7.708405798999999892e-01 -6.353774129210000288e-01
1.413394910805760622e+09 -5.089879511999999551e-01 -4.387501899999999844e-01 2.197080180399999971e+00 3.219722089999999676e-02 2.574582120000000127e-02 7.517015755999999493e-01 -6.582136681219999952e-01
1.413394910855760336e+09 -5.306430838000000261e-01 -4.455030779999999968e-01 2.192817305999999800e+00 2.522080789999999947e-02 2.716063300000000000e-02 7.385906777999999839e-01 -6.731344751009999960e-01
1.413394910905760527e+09 -5.522031023000000260e-01 -4.461432867999999830e-01 2.187915026699999821e+00 1.848222840000000172e-02 2.926616840000000053e-02 7.296004444999999450e-01 -6.829971375929999589e-01
1.413394910955760479e+09 -5.736299111999999534e-01 -4.402177583999999921e-01 2.183068125800000203e+00 1.097087449999999999e-02 3.197050829999999871e-02 7.232860102999999485e-01 -6.897208665920000481e-01
1.413394911005760431e+09 -5.952976354000000248e-01 -4.272901203999999731e-01 2.177268784199999807e+00 1.837263900000000094e-03 3.459098559999999878e-02 7.237982530000000025e-01 -6.891416233970000249e-01
1.413394911055760384e+09 -6.182288817000000103e-01 -4.075694501000000081e-01 2.168138771400000220e+00 4.873249399999999773e-03 -3.640692870000000053e-02 -7.373885370999999633e-01 6.744693709410000126e-01
1.413394911105760574e+09 -6.432197043999999808e-01 -3.817102406999999809e-01 2.155918569199999801e+00 2.147772699999999854e-03 3.088511019999999954e-02 7.560447541999999466e-01 -6.537872947230000120e-01
1.413394911155760288e+09 -6.693026153000000145e-01 -3.511710185999999956e-01 2.142089444699999845e+00 9.720357100000000250e-03 2.576769469999999965e-02 7.806420227999999462e-01 -6.243713420469999553e-01
1.413394911205760479e+09 -6.960373721999999486e-01 -3.181665206000000024e-01 2.128085860600000156e+00 1.851939739999999834e-02 2.009348089999999851e-02 8.043923450000000086e-01 -5.934696616589999474e-01
1.413394911255760431e+09 -7.225091892999999654e-01 -2.846346949999999931e-01 2.113916907700000181e+00 2.471783270000000102e-02 1.625205080000000080e-02 8.248819779999999602e-01 -5.645304437839999689e-01
1.413394911305760622e+09 -7.490720558000000251e-01 -2.531763954999999844e-01 2.099238193800000207e+00 2.943929030000000044e-02 1.540542039999999967e-02 8.409422154000000260e-01 -5.401038710740000415e-01
1.413394911355760336e+09 -7.754085096999999704e-01 -2.249389236000000070e-01 2.083000792200000006e+00 3.475192159999999919e-02 1.478286210000000038e-02 8.540450474999999875e-01 -5.188263946069999744e-01
1.413394911405760527e+09 -8.010325916999999629e-01 -2.017013404999999926e-01 2.066459972100000098e+00 3.785849139999999946e-02 1.586461600000000152e-02 8.629247567000000174e-01 -5.036624989060000113e-01
1.413394911455760479e+09 -8.258351757999999876e-01 -1.841288917999999997e-01 2.049149300599999890e+00 4.068510659999999973e-02 1.653010499999999980e-02 8.677863282000000122e-01 -4.949932993189999908e-01
1.413394911505760431e+09 -8.498625881000000382e-01 -1.720197279000000024e-01 2.029916330199999841e+00 4.309402150000000292e-02 1.725498290000000018e-02 8.709030548999999732e-01 -4.892576416559999974e-01
1.413394911555760384e+09 -8.732912072999999831e-01 -1.665679311999999912e-01 2.010671590899999917e+00 4.562473589999999773e-02 1.964291279999999876e-02 8.678710629000000454e-01 -4.942998661549999895e-01
1.413394911605760574e+09 -8.956431831000000177e-01 -1.673954760999999958e-01 1.991580249599999908e+00 4.770054340000000337e-02 2.234897599999999956e-02 8.585722714000000311e-01 -5.099792506839999628e-01
1.413394911655760288e+09 -9.173607953000000315e-01 -1.739416897000000128e-01 1.973481082700000000e+00 5.080139880000000135e-02 2.489433850000000170e-02 8.433369448999999962e-01 -5.343989962870000499e-01
1.413394911705760479e+09 -9.380904934999999556e-01 -1.841763778999999934e-01 1.957766408799999969e+00 5.395916779999999913e-02 2.790478940000000116e-02 8.223415229999999632e-01 -5.657421236649999852e-01
1.413394911755760431e+09 -9.569815295000000388e-01 -1.951271770999999933e-01 1.943899959599999949e+00 5.532162849999999743e-02 2.991407470000000124e-02 7.997517527999999931e-01 -5.970274696070000386e-01
1.413394911805760622e+09 -9.744957066999999640e-01 -2.040740390000000126e-01 1.932708054599999947e+00 5.858592640000000185e-02 3.014879540000000094e-02 7.774899259999999979e-01 -6.254343725090000250e-01
1.413394911855760336e+09 -9.903453085000000211e-01 -2.079677937999999948e-01 1.923317552799999941e+00 6.057059480000000218e-02 3.226479869999999972e-02 7.585227288000000456e-01 -6.480227277119999796e-01
1.413394911905760527e+09 -1.003964405899999912e+00 -2.059452254999999954e-01 1.915692449900000094e+00 6.233761169999999657e-02 3.312592920000000107e-02 7.463495860000000093e-01 -6.617998114440000190e-01
1.413394911955760479e+09 -1.015801635200000108e+00 -1.983428231000000097e-01 1.908148949499999913e+00 6.520653999999999340e-02 3.355576340000000074e-02 7.472729299999999464e-01 -6.604583907429999456e-01
1.413394912005760431e+09 -1.025876569600000066e+00 -1.858476065999999927e-01 1.901661380800000023e+00 6.665561859999999395e-02 3.588051099999999688e-02 7.573959385999999849e-01 -6.485530121929999892e-01
1.413394912055760384e+09 -1.034080223499999951e+00 -1.697716729000000035e-01 1.897001878099999983e+00 6.754985130000000504e-02 3.828115969999999757e-02 7.758877774000000338e-01 -6.260748575779999658e-01
1.413394912105760574e+09 -1.040348995800000065e+00 -1.505759623000000047e-01 1.894196057100000052e+00 6.741742959999999507e-02 4.179266620000000182e-02 7.975260530000000125e-01 -5.980472038270000512e-01
1.413394912155760288e+09 -1.045685125899999957e+00 -1.303804315000000047e-01 1.893185663099999916e+00 6.925499709999999309e-02 4.592759109999999811e-02 8.168377629999999945e-01 -5.708506553790000382e-01
1.413394912205760479e+09 -1.049988759099999891e+00 -1.114860839999999992e-01 1.893978186400000041e+00 7.170916569999999379e-02 5.156632349999999698e-02 8.316747463000000451e-01 -5.481932379549999679e-01
1.413394912255760431e+09 -1.053869673199999912e+00 -9.581336029999999726e-02 1.896499055500000086e+00 7.644508980000000453e-02 5.751078250000000308e-02 8.420506971000000229e-01 -5.308477009600000018e-01
1.413394912305760622e+09 -1.056996174900000085e+00 -8.442803999999999587e-02 1.900358918600000058e+00 8.134463799999999689e-02 6.562775310000000528e-02 8.488176050000000306e-01 -5.182516004760000516e-01
1.413394912355760336e+09 -1.059663065400000104e+00 -7.741978080000000428e-02 1.904528252400000010e+00 8.789112220000000475e-02 7.359836979999999362e-02 8.520797334999999917e-01 -5.107039830680000225e-01
1.413394912405760527e+09 -1.061898414799999912e+00 -7.604182700000000628e-02 1.910066295500000066e+00 9.160955749999999398e-02 8.629183519999999996e-02 8.533695412999999785e-01 -5.058871752189999516e-01
1.413394912455760479e+09 -1.064417012300000076e+00 -8.140424200000000166e-02 1.918017435499999923e+00 9.483383669999999321e-02 1.007578828000000037e-01 8.520503738000000382e-01 -5.048411166330000199e-01
1.413394912505760431e+09 -1.066938667599999890e+00 -9.090119580000000088e-02 1.927326766199999986e+00 9.937864339999999408e-02 1.142083636000000013e-01 8.472187652999999541e-01 -5.092157683479999752e-01
1.413394912555760384e+09 -1.069968836499999965e+00 -1.054995787999999934e-01 1.939051456400000095e+00 1.018336321000000017e-01 1.295533668000000138e-01 8.388283706000000395e-01 -5.188572068800000325e-01
1.413394912605760574e+09 -1.073846643300000014e+00 -1.232460734000000030e-01 1.951364496999999920e+00 1.058363665999999953e-01 1.439989685999999991e-01 8.280606861000000540e-01 -5.313929437390000343e-01
1.413394912655760288e+09 -1.078690031600000099e+00 -1.434881101000000103e-01 1.964924026400000079e+00 1.095937054999999993e-01 1.590022121999999927e-01 8.156459067000000340e-01 -5.453707647800000169e-01
1.413394912705760479e+09 -1.084194698299999926e+00 -1.647555702999999871e-01 1.977867442400000009e+00 1.125882304999999972e-01 1.730485317999999884e-01 8.053784428000000384e-01 -5.556470641440000025e-01
1.413394912755760431e+09 -1.090819143400000080e+00 -1.865734259999999867e-01 1.990732606299999929e+00 1.167447919000000056e-01 1.859852555000000018e-01 7.964239864000000058e-01 -5.634615978660000302e-01
1.413394912805760622e+09 -1.098138690599999912e+00 -2.086427657999999907e-01 2.003518105499999979e+00 1.195634859000000022e-01 1.979239171999999936e-01 7.894674016999999600e-01 -5.685700637699999671e-01
1.413394912855760336e+09 -1.105829756499999927e+00 -2.306615274999999909e-01 2.015779067600000030e+00 1.223470324999999942e-01 2.063595916000000030e-01 7.848382788000000110e-01 -5.713806075609999535e-01
1.413394912905760527e+09 -1.114786479900000016e+00 -2.521953985000000009e-01 2.027310201100000153e+00 1.278715837999999938e-01 2.113772596000000059e-01 7.821667541000000279e-01 -5.719997211389999947e-01
1.413394912955760479e+09 -1.124847096699999938e+00 -2.729938080000000045e-01 2.037670043299999900e+00 1.382730825000000052e-01 2.117664194999999971e-01 7.823201494000000533e-01 -5.692193971500000282e-01
1.413394913005760431e+09 -1.135287875299999971e+00 -2.937257216999999976e-01 2.048248827100000113e+00 1.486320781000000091e-01 2.097510002000000096e-01 7.821578908999999857e-01 -5.675755958760000386e-01
1.413394913055760384e+09 -1.145643442999999984e+00 -3.142079244000000049e-01 2.059068584299999838e+00 1.578318894999999888e-01 2.075267674000000062e-01 7.820830546000000494e-01 -5.660104514310000390e-01
1.413394913105760574e+09 -1.155571104300000096e+00 -3.347679800999999733e-01 2.069788482999999957e+00 1.658439332999999960e-01 2.052975401999999894e-01 7.821903939000000028e-01 -5.643818719469999579e-01
1.413394913155760288e+09 -1.164160714699999932e+00 -3.558319228999999861e-01 2.080901829300000117e+00 1.700980843000000076e-01 2.019953945000000084e-01 7.825692957000000005e-01 -5.637816950659999549e-01
1.413394913205760479e+09 -1.171227681600000015e+00 -3.772839476000000025e-01 2.092250713699999931e+00 1.713325998000000128e-01 1.976264187000000006e-01 7.832636311999999768e-01 -5.639920415410000221e-01
1.413394913255760431e+09 -1.176452807099999998e+00 -3.991564725000000258e-01 2.104025598199999791e+00 1.701257659000000033e-01 1.911052347999999956e-01 7.841856464999999998e-01 -5.653219302490000153e-01
1.413394913305760622e+09 -1.179490499799999981e+00 -4.214203282000000272e-01 2.116783662200000027e+00 1.655365839000000061e-01 1.817400348000000054e-01 7.837870976999999906e-01 -5.703034145309999747e-01
1.413394913355760336e+09 -1.181049614299999995e+00 -4.440352002999999881e-01 2.129971215199999879e+00 1.603922080999999888e-01 1.699698641000000066e-01 7.825211736999999612e-01 -5.771006823050000012e-01
1.413394913405760527e+09 -1.180509576099999958e+00 -4.665670019000000002e-01 2.141914557099999783e+00 1.535451512000000074e-01 1.561176736999999870e-01 7.832489914000000386e-01 -5.818695524050000456e-01
1.413394913455760479e+09 -1.177722115699999961e+00 -4.888132377000000139e-01 2.151449167200000012e+00 1.456895192999999866e-01 1.391240417999999868e-01 7.849745787999999891e-01 -5.858617376179999781e-01
1.413394913505760431e+09 -1.173330352500000062e+00 -5.103749255999999734e-01 2.157679794299999898e+00 1.390176764000000120e-01 1.195966551000000044e-01 7.866417312000000273e-01 -5.895468704559999606e-01
1.413394913555760384e+09 -1.166964393400000022e+00 -5.312319584000000372e-01 2.160823228099999938e+00 1.340725583000000054e-01 9.723652210000000018e-02 7.889623872000000038e-01 -5.916992137140000274e-01
1.413394913605760574e+09 -1.158284173500000014e+00 -5.513089028000000003e-01 2.161188777100000014e+00 1.287103417000000083e-01 7.339075359999999715e-02 7.912462255000000111e-01 -5.932763738949999865e-01
1.413394913655760288e+09 -1.147063027399999990e+00 -5.708596309000000257e-01 2.158522541900000036e+00 1.232010063999999933e-01 4.859774430000000228e-02 7.938317081000000330e-01 -5.935410604849999938e-01
1.413394913705760479e+09 -1.132858365399999956e+00 -5.896695191999999919e-01 2.152790906499999934e+00 1.141574139000000043e-01 2.629846200000000161e-02 7.982453306000000248e-01 -5.908306592259999768e-01
1.413394913755760431e+09 -1.115470178200000051e+00 -6.079487509000000012e-01 2.143690951199999972e+00 1.016776140999999939e-01 5.875613299999999685e-03 8.039047405999999452e-01 -5.859729584259999458e-01
1.413394913805760622e+09 -1.094724218499999902e+00 -6.259637835000000372e-01 2.132245238299999901e+00 8.482982179999999650e-02 -1.212333510000000031e-02 8.088891567999999532e-01 -5.816831251199999775e-01
1.413394913855760336e+09 -1.071196324700000035e+00 -6.441418129999999520e-01 2.118260841500000158e+00 6.437379029999999724e-02 -2.668324899999999916e-02 8.134184381000000297e-01 -5.774897955059999921e-01
1.413394913905760527e+09 -1.045448966399999957e+00 -6.628869908000000200e-01 2.102263618899999909e+00 4.344894779999999845e-02 -3.992280809999999847e-02 8.168489337000000017e-01 -5.738259124860000115e-01
1.413394913955760479e+09 -1.017731143800000071e+00 -6.825941009999999531e-01 2.085081166899999783e+00 2.166440400000000169e-02 -5.220630560000000253e-02 8.180567426999999503e-01 -5.723533183560000070e-01
1.413394914005760431e+09 -9.889567419000000470e-01 -7.024110635000000435e-01 2.065803680900000217e+00 1.512092200000000105e-03 -6.479040699999999431e-02 8.179466109999999901e-01 -5.716321004579999476e-01
1.413394914055760384e+09 -9.595268012000000013e-01 -7.230205430999999683e-01 2.044959794499999983e+00 1.517100449999999982e-02 7.863470940000000242e-02 -8.167130258999999448e-01 5.714597593000000364e-01
1.413394914105760574e+09 -9.291949180999999891e-01 -7.437902974000000222e-01 2.024036659800000137e+00 2.932196369999999844e-02 9.466439479999999573e-02 -8.141199099999999467e-01 5.721779853470000399e-01
1.413394914155760288e+09 -8.985550375999999950e-01 -7.647658283999999584e-01 2.005060410700000073e+00 3.946842190000000167e-02 1.133746382999999969e-01 -8.109336901000000486e-01 5.726910034140000327e-01
1.413394914205760479e+09 -8.669622418000000330e-01 -7.860819073999999462e-01 1.989522280100000096e+00 4.771576649999999947e-02 1.333428426000000111e-01 -8.062588501999999879e-01 5.743601295550000430e-01
1.413394914255760431e+09 -8.341056072000000432e-01 -8.070333075000000189e-01 1.977637715199999979e+00 5.499504849999999750e-02 1.539536561000000026e-01 -8.023086653000000013e-01 5.740859013119999910e-01
1.413394914305760622e+09 -7.994026481999999545e-01 -8.274494274000000482e-01 1.970275634999999914e+00 6.369181749999999753e-02 1.737415861999999922e-01 -7.970560263000000534e-01 5.748555510430000126e-01
1.413394914355760336e+09 -7.628618792000000370e-01 -8.475240579999999690e-01 1.966089415399999929e+00 7.084515180000000578e-02 1.931220197000000083e-01 -7.920793936000000146e-01 5.747130451230000325e-01
1.413394914405760527e+09 -7.240310561999999672e-01 -8.667981769000000503e-01 1.966696260099999982e+00 7.873256780000000010e-02 2.122908685999999878e-01 -7.864963162000000452e-01 5.745931730000000126e-01
1.413394914455760479e+09 -6.834360793999999517e-01 -8.849817259000000158e-01 1.970398656700000029e+00 8.765945170000000175e-02 2.291018924000000068e-01 -7.817445922000000325e-01 5.733267270559999629e-01
1.413394914505760431e+09 -6.402656321999999900e-01 -9.030428624999999876e-01 1.978102893500000015e+00 9.475373780000000135e-02 2.449825223000000052e-01 -7.757587836999999542e-01 5.737626708549999899e-01
1.413394914555760384e+09 -5.947250630000000537e-01 -9.190553500000000486e-01 1.987531751699999960e+00 1.057091230999999965e-01 2.562656549999999811e-01 -7.733032086000000138e-01 5.702242041520000360e-01
1.413394914605760574e+09 -5.473778929000000515e-01 -9.336937893000000210e-01 1.997141486400000110e+00 1.198619375999999959e-01 2.622676514999999764e-01 -7.710574567000000323e-01 5.677316209430000038e-01
1.413394914655760288e+09 -4.988618287000000096e-01 -9.471430538999999760e-01 2.003965073199999836e+00 1.340641713999999873e-01 2.668487728000000225e-01 -7.698697222000000506e-01 5.640205149789999650e-01
1.413394914705760479e+09 -4.496945889000000252e-01 -9.597651747000000011e-01 2.008117599899999828e+00 1.461959184000000134e-01 2.720325860000000207e-01 -7.676390455999999585e-01 5.615650641570000268e-01
1.413394914755760431e+09 -3.994602469999999905e-01 -9.716782621999999758e-01 2.009664120800000120e+00 1.589738876000000023e-01 2.762619902999999821e-01 -7.662300950999999527e-01 5.579409083340000075e-01
1.413394914805760622e+09 -3.489979786999999889e-01 -9.827105726999999513e-01 2.008617802099999849e+00 1.693437640999999882e-01 2.822404795999999827e-01 -7.635709512999999671e-01 5.555379406739999748e-01
1.413394914855760336e+09 -2.981225913000000172e-01 -9.938020106999999603e-01 2.004796478699999884e+00 1.768895466000000027e-01 2.894021842000000233e-01 -7.610639404000000274e-01 5.529359300420000345e-01
1.413394914905760527e+09 -2.473186722000000060e-01 -1.004545011000000043e+00 1.998076382300000065e+00 1.809742098999999882e-01 2.987098984000000068e-01 -7.563027160999999943e-01 5.531970116069999666e-01
1.413394914955760479e+09 -1.965587786000000114e-01 -1.014316977700000066e+00 1.987811298200000021e+00 1.847638698999999884e-01 3.085708100999999814e-01 -7.508216232000000101e-01 5.539975249099999832e-01
1.413394915005760431e+09 -1.456172181000000010e-01 -1.023078264700000073e+00 1.974178893800000001e+00 1.867005305999999976e-01 3.199394372000000097e-01 -7.442287038999999549e-01 5.557925014100000283e-01
1.413394915055760384e+09 -9.429857749999999428e-02 -1.029465125099999989e+00 1.958928795699999892e+00 1.879279084999999905e-01 3.334738344000000021e-01 -7.353764076000000038e-01 5.591957099740000325e-01
1.413394915105760574e+09 -4.212105790000000155e-02 -1.033579019999999904e+00 1.943658746399999915e+00 1.901856248000000082e-01 3.478263395000000258e-01 -7.260714670000000259e-01 5.618420511360000535e-01
1.413394915155760288e+09 1.092594470000000061e-02 -1.034904897499999921e+00 1.928649592500000010e+00 1.914544018000000070e-01 3.644051285000000084e-01 -7.179075365999999514e-01 5.613936971749999838e-01
1.413394915205760479e+09 6.525763160000000451e-02 -1.033722697600000018e+00 1.915025652500000009e+00 1.927343683999999946e-01 3.816453965000000115e-01 -7.086916601999999621e-01 5.612097515939999948e-01
1.413394915255760431e+09 1.211599973000000025e-01 -1.028985558200000039e+00 1.902216704400000014e+00 1.954578423999999981e-01 3.988283487000000016e-01 -6.998140251000000145e-01 5.594573356719999557e-01
1.413394915305760622e+09 1.784419762999999992e-01 -1.020105474900000031e+00 1.891123417500000015e+00 2.005452017999999892e-01 4.152750968000000209e-01 -6.900349167999999533e-01 5.578351275899999795e-01
1.413394915355760336e+09 2.367699756999999960e-01 -1.007299242300000008e+00 1.880927693699999903e+00 2.057942413999999942e-01 4.303844091999999844e-01 -6.803443746999999764e-01 5.563717483190000479e-01
1.413394915405760527e+09 2.966422079000000100e-01 -9.897343442999999574e-01 1.872125014899999940e+00 2.139772082999999991e-01 4.445982176000000119e-01 -6.699466853000000111e-01 5.547230102310000133e-01
1.413394915455760479e+09 3.575085501999999971e-01 -9.679042455999999905e-01 1.864199082699999899e+00 2.218003983999999873e-01 4.583019868000000052e-01 -6.594984862999999642e-01 5.530150257339999653e-01
1.413394915505760431e+09 4.195018400000000147e-01 -9.409776887999999895e-01 1.857406714899999978e+00 2.312777866000000071e-01 4.706913240000000220e-01 -6.488428205999999809e-01 5.513286290209999940e-01
1.413394915555760384e+09 4.828910140000000073e-01 -9.081825529000000508e-01 1.852642123399999896e+00 2.481822019000000101e-01 4.802081185000000030e-01 -6.388782094999999606e-01 5.473941825020000040e-01
1.413394915605760574e+09 5.467984121000000197e-01 -8.698325823000000456e-01 1.849317928000000055e+00 2.723809943000000122e-01 4.861298061000000059e-01 -6.303678641000000082e-01 5.404838216820000429e-01
1.413394915655760288e+09 6.100471791999999560e-01 -8.269355433999999727e-01 1.846525326699999914e+00 2.996451941000000119e-01 4.903145568999999759e-01 -6.234005217000000432e-01 5.302604855270000028e-01
1.413394915705760479e+09 6.715064793999999671e-01 -7.802263279000000162e-01 1.844094873900000042e+00 3.270144536999999851e-01 4.955731293000000259e-01 -6.149953330999999856e-01 5.188926294540000539e-01
1.413394915755760431e+09 7.304494111999999539e-01 -7.311402085000000550e-01 1.841475867700000046e+00 3.515325624000000260e-01 5.028754569000000174e-01 -6.053351846000000203e-01 5.070605947820000514e-01
1.413394915805760622e+09 7.863790854000000108e-01 -6.807103219000000260e-01 1.840075955899999949e+00 3.730848896999999775e-01 5.108582170000000033e-01 -5.910599086000000169e-01 5.004795017569999560e-01
1.413394915855760336e+09 8.386424470000000131e-01 -6.287822046000000054e-01 1.839440483099999968e+00 3.937174488999999888e-01 5.189214904000000184e-01 -5.753288162999999900e-01 4.946754595730000204e-01
1.413394915905760527e+09 8.870823330999999534e-01 -5.762310108999999514e-01 1.839219796400000106e+00 4.109491035999999764e-01 5.281920853999999554e-01 -5.593636387999999515e-01 4.891280760410000039e-01
1.413394915955760479e+09 9.313323122000000120e-01 -5.234799384999999639e-01 1.839010627499999995e+00 4.247071622999999962e-01 5.383057068000000056e-01 -5.445509452000000250e-01 4.830269769489999865e-01
1.413394916005760431e+09 9.712929150000000345e-01 -4.702604038000000042e-01 1.838931650199999934e+00 4.378138974999999933e-01 5.478696473999999927e-01 -5.322933188999999787e-01 4.741536283689999909e-01
1.413394916055760384e+09 1.006482026400000063e+00 -4.172018021000000187e-01 1.839209394899999905e+00 4.482414531000000202e-01 5.575907422000000446e-01 -5.205939312999999791e-01 4.659979856199999992e-01
1.413394916105760574e+09 1.037185480300000018e+00 -3.640891171000000259e-01 1.840680517400000049e+00 4.597488258999999911e-01 5.645368054999999607e-01 -5.105704595000000179e-01 4.574352611690000181e-01
1.413394916155760288e+09 1.062536772499999893e+00 -3.115378377999999948e-01 1.841539511699999965e+00 4.648362632999999966e-01 5.750498122999999628e-01 -5.033769415000000080e-01 4.470532591590000160e-01
1.413394916205760479e+09 1.083414435799999964e+00 -2.593142959999999997e-01 1.841336410500000076e+00 4.648009893999999753e-01 5.889045035000000095e-01 -5.003431841000000047e-01 4.322131698239999875e-01
1.413394916255760431e+09 1.100598570500000095e+00 -2.075640390000000057e-01 1.841644048700000091e+00 4.634330003000000087e-01 6.025327265000000043e-01 -4.972650780999999798e-01 4.182243535529999723e-01
1.413394916305760622e+09 1.114630638399999985e+00 -1.559846557000000022e-01 1.842291943900000062e+00 4.606053144000000210e-01 6.173413602999999750e-01 -4.950108428000000171e-01 4.021152256430000071e-01
1.413394916355760336e+09 1.126554686199999988e+00 -1.044518313000000059e-01 1.843920867800000085e+00 4.629439510000000202e-01 6.280687989000000027e-01 -4.935904262999999959e-01 3.841626909160000269e-01
1.413394916405760527e+09 1.136942505499999978e+00 -5.335964549999999695e-02 1.844992840099999976e+00 4.684081882000000197e-01 6.361255112999999461e-01 -4.933510146000000263e-01 3.640643892179999952e-01
1.413394916455760479e+09 1.146166498299999947e+00 -3.044914699999999932e-03 1.844343641400000067e+00 4.776562645999999912e-01 6.412055501000000213e-01 -4.948055573999999845e-01 3.403930019640000193e-01
1.413394916505760431e+09 1.155291106399999990e+00 4.535038940000000324e-02 1.841679198000000017e+00 4.875472442000000073e-01 6.454170305999999968e-01 -4.945896781999999936e-01 3.179867787730000228e-01
1.413394916555760384e+09 1.165223901100000070e+00 9.148773509999999498e-02 1.837494493999999978e+00 5.025856114000000208e-01 6.453217205000000289e-01 -4.930651873999999935e-01 2.964022626600000265e-01
1.413394916605760574e+09 1.176025155500000086e+00 1.346805986000000066e-01 1.831392073800000020e+00 5.211136238000000365e-01 6.425583414000000104e-01 -4.905103979000000058e-01 2.737862642339999875e-01
1.413394916655760288e+09 1.187891743600000050e+00 1.736206178999999961e-01 1.822449336900000105e+00 5.386882410000000121e-01 6.410941388999999990e-01 -4.846550458000000172e-01 2.528295289679999835e-01
1.413394916705760479e+09 1.200185435799999922e+00 2.073370608000000004e-01 1.808674424699999950e+00 5.483805264000000124e-01 6.469916595000000381e-01 -4.750536971000000053e-01 2.345305431820000064e-01
1.413394916755760431e+09 1.213955195600000092e+00 2.352560173999999893e-01 1.791613030199999956e+00 5.531436061000000182e-01 6.580850668000000070e-01 -4.598442274000000274e-01 2.224847914979999897e-01
1.413394916855760336e+09 1.246630875699999974e+00 2.744894676999999894e-01 1.748879105699999936e+00 5.509380522000000280e-01 6.891092238999999564e-01 -4.246016481000000065e-01 2.032466004400000081e-01
1.413394916955760479e+09 1.286737187800000015e+00 2.958758700999999935e-01 1.694245196500000050e+00 5.411572512000000224e-01 7.233353724000000096e-01 -3.851855627999999920e-01 1.885917566430000136e-01
1.413394917055760384e+09 1.337117187400000073e+00 3.053748357000000135e-01 1.635475841100000105e+00 5.301653470999999618e-01 7.565263920000000475e-01 -3.322359201000000262e-01 1.902940259760000086e-01
1.413394917155760288e+09 1.393981673299999891e+00 3.117440447000000003e-01 1.580180645600000044e+00 5.205423225999999959e-01 7.850603945999999889e-01 -2.826276836000000126e-01 1.812110913399999912e-01
1.413394917255760431e+09 1.456011179299999903e+00 3.212021554999999751e-01 1.528766515799999892e+00 5.108082139999999827e-01 8.087384354000000108e-01 -2.351824470999999972e-01 1.723552383389999887e-01
1.413394917355760336e+09 1.520576369999999899e+00 3.397992974999999860e-01 1.483275168300000058e+00 5.071271037000000259e-01 8.233519030999999488e-01 -1.989301068999999866e-01 1.591871756209999877e-01
1.413394917455760479e+09 1.586505909700000050e+00 3.696745458999999845e-01 1.441793275700000043e+00 5.071673610000000387e-01 8.309354015000000038e-01 -1.760533712000000028e-01 1.460576497830000098e-01
1.413394917555760384e+09 1.654008508300000013e+00 4.123832248000000034e-01 1.404011585699999953e+00 5.141878578999999894e-01 8.307160453999999916e-01 -1.535962515000000028e-01 1.480874410920000050e-01
1.413394917655760288e+09 1.720994451900000000e+00 4.713942501999999757e-01 1.371160379200000001e+00 5.222705691000000261e-01 8.272385811000000366e-01 -1.356732381000000098e-01 1.565329199780000069e-01
1.413394917755760431e+09 1.780974345800000025e+00 5.433580356999999639e-01 1.348250294599999899e+00 5.274586211999999774e-01 8.236859092999999632e-01 -1.262710139000000065e-01 1.654827991280000132e-01
1.413394917855760336e+09 1.828839490000000012e+00 6.249574975999999671e-01 1.337207864000000024e+00 5.310498837999999555e-01 8.198553435000000000e-01 -1.101976724000000019e-01 1.835203248089999906e-01
1.413394917955760479e+09 1.859255260400000109e+00 7.181526752000000346e-01 1.334182485599999968e+00 5.300567581999999778e-01 8.204661490000000335e-01 -9.273082900000000073e-02 1.930702587270000103e-01
1.413394918055760384e+09 1.870103314799999916e+00 8.199432512000000006e-01 1.326806950599999979e+00 5.314313519000000152e-01 8.225419470000000510e-01 -8.313329540000000129e-02 1.846464696700000074e-01
1.413394918155760288e+09 1.861607388099999927e+00 9.313606298000000061e-01 1.314161588099999944e+00 5.383878686999999941e-01 8.246801731999999774e-01 -8.863025010000000203e-02 1.489489626740000128e-01
1.413394918255760431e+09 1.841581490200000060e+00 1.049013333500000034e+00 1.301271832599999900e+00 5.462582932999999752e-01 8.254037707000000390e-01 -9.263081450000000550e-02 1.083052374420000047e-01
1.413394918355760336e+09 1.817220611800000052e+00 1.170846452099999935e+00 1.289555559899999926e+00 5.457218551000000417e-01 8.295622351000000450e-01 -1.019885697000000035e-01 6.010396492049999845e-02
1.413394918455760479e+09 1.798112177599999972e+00 1.296366943800000060e+00 1.279701305999999983e+00 5.475865156000000455e-01 8.300303924999999916e-01 -1.038035157999999958e-01 2.057633413519999871e-02
1.413394918555760384e+09 1.791356812799999920e+00 1.425004400399999982e+00 1.271213880099999916e+00 5.526139988999999586e-01 8.286388112000000472e-01 -8.930090599999999934e-02 -9.148451003869999959e-04
1.413394918655760288e+09 1.797659831500000083e+00 1.555683719499999951e+00 1.262843657099999906e+00 5.558411977999999642e-01 8.291086010999999534e-01 -5.979410680000000339e-02 -6.644945259269999759e-03
1.413394918755760431e+09 1.814095061800000019e+00 1.687493572700000000e+00 1.254927468700000048e+00 5.598633729999999975e-01 8.282727444999999911e-01 -2.265359960000000103e-02 -2.019602617630000211e-03
1.413394918855760336e+09 1.835468103199999979e+00 1.820695367699999956e+00 1.251568232899999966e+00 5.702273078999999800e-01 8.213498853999999794e-01 1.326867229999999925e-02 7.008957180839999780e-03
1.413394918955760479e+09 1.855003722500000007e+00 1.954001792699999962e+00 1.260238743299999964e+00 5.883406276999999518e-01 8.074267090000000202e-01 4.230878980000000317e-02 1.128634788680000015e-02
1.413394919055760384e+09 1.866678299799999996e+00 2.081052996199999949e+00 1.287090319400000071e+00 6.034470621999999951e-01 7.952780315999999905e-01 5.800675889999999668e-02 -4.439758717810000054e-03
1.413394919155760288e+09 1.872092983399999966e+00 2.195360608700000160e+00 1.331122166999999967e+00 6.144384990000000268e-01 7.852080568999999510e-01 7.168876130000000069e-02 -2.782732162189999886e-02
1.413394919255760431e+09 1.874603645499999915e+00 2.294074212800000012e+00 1.391364199300000104e+00 6.230809110999999678e-01 7.751736317999999848e-01 9.071699880000000382e-02 -5.144360938039999748e-02
1.413394919355760336e+09 1.876796920200000107e+00 2.376567597399999787e+00 1.458767755800000065e+00 6.327102736999999921e-01 7.622524912999999458e-01 1.197341573000000048e-01 -6.567024113760000503e-02
1.413394919455760479e+09 1.878738814599999918e+00 2.441744731500000043e+00 1.528126871100000006e+00 6.391557257000000103e-01 7.498743047999999467e-01 1.569036439000000005e-01 -6.745170006459999534e-02
1.413394919555760384e+09 1.876773585500000063e+00 2.486257082099999849e+00 1.594440778999999919e+00 6.252818138000000303e-01 7.525800966000000258e-01 1.950507749000000013e-01 -6.783101577200000010e-02
1.413394919655760288e+09 1.867598761600000046e+00 2.511126185599999783e+00 1.653677701199999905e+00 5.963244471999999963e-01 7.669709053000000054e-01 2.209950317999999914e-01 -8.552181055610000304e-02
1.413394919755760431e+09 1.849856113199999985e+00 2.524688959600000171e+00 1.704489594100000005e+00 5.648723987999999530e-01 7.818038992000000409e-01 2.365893695000000074e-01 -1.171635884440000025e-01
1.413394919855760336e+09 1.825396402199999990e+00 2.535192132100000162e+00 1.746078829600000049e+00 5.334353398000000190e-01 7.940189389999999792e-01 2.495696542999999989e-01 -1.506507566689999911e-01
1.413394919955760479e+09 1.796109785999999930e+00 2.548789986900000137e+00 1.776866030199999891e+00 5.104610498999999635e-01 7.961973700000000154e-01 2.723723546999999856e-01 -1.769535672779999902e-01
1.413394920055760384e+09 1.763013431000000075e+00 2.568029698200000155e+00 1.796569169000000077e+00 4.930198908000000269e-01 7.904236416000000043e-01 3.033581798000000163e-01 -2.003388849359999946e-01
1.413394920155760288e+09 1.725312152599999926e+00 2.594213304300000189e+00 1.803817658799999890e+00 4.773082920000000229e-01 7.805444446000000536e-01 3.370359210000000161e-01 -2.221124768849999931e-01
1.413394920255760431e+09 1.682062969199999980e+00 2.628668959800000149e+00 1.798237374900000018e+00 4.648121807000000216e-01 7.664362512000000294e-01 3.739284798999999992e-01 -2.381230805929999972e-01
1.413394920355760336e+09 1.631010184900000048e+00 2.671624149899999967e+00 1.783766539599999978e+00 4.663755810999999918e-01 7.428067413000000174e-01 4.103777210999999814e-01 -2.496439234279999864e-01
1.413394920455760479e+09 1.570096530400000079e+00 2.719090057699999896e+00 1.768223157099999998e+00 4.736996584000000010e-01 7.165987442000000263e-01 4.413725801999999754e-01 -2.593937524659999938e-01
1.413394920555760384e+09 1.499034359799999994e+00 2.766676019500000194e+00 1.755501113500000043e+00 4.839154957999999840e-01 6.900995726999999968e-01 4.686674914000000247e-01 -2.644601203449999938e-01
1.413394920655760288e+09 1.418660582200000020e+00 2.809777414500000070e+00 1.746285737800000071e+00 4.940949374999999977e-01 6.685792667000000078e-01 4.906365259000000090e-01 -2.610512521669999808e-01
1.413394920755760431e+09 1.328493499499999952e+00 2.841784983400000186e+00 1.741401031899999952e+00 4.981584229000000086e-01 6.567359978000000265e-01 5.047389705000000504e-01 -2.564655661110000207e-01
1.413394920855760336e+09 1.229213450800000107e+00 2.858988728899999998e+00 1.738492618400000023e+00 4.909064785999999736e-01 6.589218109000000156e-01 5.069374539000000013e-01 -2.604751317319999870e-01
1.413394920955760479e+09 1.120310003099999951e+00 2.864652435500000038e+00 1.730878607399999991e+00 4.854286656999999838e-01 6.636365535999999565e-01 5.034560544999999721e-01 -2.654760560559999982e-01
1.413394921055760384e+09 1.000398461100000080e+00 2.861143901000000156e+00 1.716601879800000008e+00 4.759977511999999855e-01 6.750707868999999972e-01 4.924317168999999828e-01 -2.742564085060000267e-01
1.413394921155760288e+09 8.729835823999999578e-01 2.851618122200000105e+00 1.697143500199999933e+00 4.729568164999999880e-01 6.838276988999999473e-01 4.722952966999999780e-01 -2.926237867190000230e-01
1.413394921255760431e+09 7.409092563000000409e-01 2.840836898400000088e+00 1.668443086599999958e+00 4.680137053999999797e-01 6.940720570999999728e-01 4.495973577999999860e-01 -3.115916669880000045e-01
1.413394921355760336e+09 6.081098500999999601e-01 2.832431177300000158e+00 1.629062779599999899e+00 4.453017758000000215e-01 7.158489121000000122e-01 4.195696794000000063e-01 -3.364936070980000249e-01
1.413394921455760479e+09 4.763702409000000193e-01 2.836440646299999813e+00 1.580411953500000077e+00 4.227748405999999792e-01 7.354175822999999834e-01 3.925486766999999877e-01 -3.554264342560000123e-01
1.413394921555760384e+09 3.492153221000000030e-01 2.860347505200000029e+00 1.518152205800000099e+00 4.199091019000000258e-01 7.428501498999999786e-01 3.895024994999999879e-01 -3.466090071319999910e-01
1.413394921655760288e+09 2.250547871999999949e-01 2.906653352200000207e+00 1.452143903699999905e+00 4.502336921999999797e-01 7.294383009999999556e-01 4.055335098999999777e-01 -3.174144920549999971e-01
1.413394921755760431e+09 1.020843364000000031e-01 2.964357283500000051e+00 1.387857465399999990e+00 4.857243629999999923e-01 7.084301470999999628e-01 4.223650683999999877e-01 -2.894932102880000135e-01
1.413394921855760336e+09 -2.194508380000000092e-02 3.020617506799999852e+00 1.330997127300000082e+00 5.113683264999999700e-01 6.869331853000000265e-01 4.319915202999999870e-01 -2.828578441019999890e-01
1.413394921955760479e+09 -1.462615737000000082e-01 3.067505117600000109e+00 1.285084529199999936e+00 5.239987597999999913e-01 6.665409691000000469e-01 4.299444451000000167e-01 -3.103163069720000222e-01
1.413394922055760384e+09 -2.615943106999999990e-01 3.105488907899999873e+00 1.251860041500000076e+00 5.193299747999999827e-01 6.515003303999999940e-01 4.313659939999999748e-01 -3.460738014270000051e-01
1.413394922155760288e+09 -3.618409845000000180e-01 3.139030327399999987e+00 1.233242280200000041e+00 5.081075208999999981e-01 6.361107683000000179e-01 4.495547706999999948e-01 -3.675463860240000269e-01
1.413394922255760431e+09 -4.441054300000000232e-01 3.170158363800000156e+00 1.224533085000000021e+00 4.871524300999999779e-01 6.265218350000000269e-01 4.840465963999999732e-01 -3.685807816719999797e-01
1.413394922355760336e+09 -5.162302954999999915e-01 3.201001367900000005e+00 1.230796079199999893e+00 4.722142807999999969e-01 6.140650710999999706e-01 5.240051099000000434e-01 -3.540570663729999956e-01
1.413394922455760479e+09 -5.869968817999999811e-01 3.227318545999999788e+00 1.257451141900000069e+00 4.652400335999999914e-01 6.004702452000000301e-01 5.516492476000000034e-01 -3.444855634660000110e-01
1.413394922555760384e+09 -6.605880924000000487e-01 3.243441036000000111e+00 1.306004425100000033e+00 4.529963839999999742e-01 5.963412291999999892e-01 5.621492488999999537e-01 -3.509410725809999909e-01
1.413394922655760288e+09 -7.366603216999999537e-01 3.251629615300000165e+00 1.363695794699999908e+00 4.357665735999999845e-01 6.007446847999999839e-01 5.601339257999999877e-01 -3.680533957539999790e-01
1.413394922755760431e+09 -8.147037625999999921e-01 3.257558542900000020e+00 1.419622256100000035e+00 4.202267706000000214e-01 6.067935586999999575e-01 5.602340925000000027e-01 -3.759638280709999836e-01
1.413394922855760336e+09 -8.958512065999999496e-01 3.264653065300000101e+00 1.474923876000000078e+00 4.080706533999999830e-01 6.125559900000000502e-01 5.634652954000000102e-01 -3.751804390039999992e-01
1.413394922955760479e+09 -9.822793490000000238e-01 3.273868809200000118e+00 1.530101803099999991e+00 4.029445883000000173e-01 6.153945441000000516e-01 5.663710130000000342e-01 -3.716841259479999882e-01
1.413394923055760384e+09 -1.075896573699999914e+00 3.284581481500000066e+00 1.578776490100000096e+00 3.979544890000000223e-01 6.187584911000000298e-01 5.692995358000000339e-01 -3.669716513299999816e-01
1.413394923155760288e+09 -1.177494343700000057e+00 3.296991391000000160e+00 1.616579147099999947e+00 4.010540629000000079e-01 6.178019636999999564e-01 5.709168028000000117e-01 -3.626711686710000215e-01
1.413394923255760431e+09 -1.288826329599999987e+00 3.310916469699999976e+00 1.653595876500000061e+00 4.236506125000000234e-01 6.033636230000000156e-01 5.724246185000000375e-01 -3.588907257849999755e-01
1.413394923355760336e+09 -1.404899234599999991e+00 3.319837985399999969e+00 1.692673349599999932e+00 4.354430054999999800e-01 5.959293286000000300e-01 5.704734838999999669e-01 -3.603021350980000204e-01
1.413394923455760479e+09 -1.521709034499999946e+00 3.320340716100000034e+00 1.731093881100000065e+00 4.225429453999999807e-01 6.001034125999999969e-01 5.727585172000000391e-01 -3.650767515660000018e-01
1.413394923555760384e+09 -1.641648693799999892e+00 3.315472051400000009e+00 1.769351759200000096e+00 4.042322400000000204e-01 6.003984192000000331e-01 5.830964751999999640e-01 -3.689397443960000245e-01
1.413394923655760288e+09 -1.768328904899999943e+00 3.308081962800000220e+00 1.804959673599999981e+00 3.967777142000000201e-01 5.860321023000000240e-01 5.976822249000000031e-01 -3.767091433399999967e-01
1.413394923755760431e+09 -1.901211801100000098e+00 3.297973020300000169e+00 1.831303888799999946e+00 3.992681095999999763e-01 5.596803208999999724e-01 6.143771800999999755e-01 -3.871480279710000083e-01
1.413394923855760336e+09 -2.037084927200000006e+00 3.281855070799999829e+00 1.847412033899999972e+00 3.975772817000000070e-01 5.328764405000000481e-01 6.300086977000000088e-01 -4.013278523039999768e-01
1.413394923955760479e+09 -2.173484342600000119e+00 3.259395250599999905e+00 1.853600198599999915e+00 3.914676954999999903e-01 5.072113017999999585e-01 6.445130609000000455e-01 -4.172441167639999726e-01
1.413394924055760384e+09 -2.307689242599999968e+00 3.230097334599999925e+00 1.850130043400000091e+00 3.807890495999999847e-01 4.829589443000000260e-01 6.586454014000000523e-01 -4.335165431219999976e-01
1.413394924155760288e+09 -2.438745786500000179e+00 3.193380830000000170e+00 1.845888836899999941e+00 3.616900483000000111e-01 4.629201823999999910e-01 6.704029519999999964e-01 -4.532605162830000145e-01
1.413394924255760431e+09 -2.565582860100000140e+00 3.150966283399999845e+00 1.845920914799999979e+00 3.327638197000000186e-01 4.471725481000000113e-01 6.815123143000000328e-01 -4.741792045170000192e-01
1.413394924355760336e+09 -2.689197299299999955e+00 3.106981004400000135e+00 1.848969466100000014e+00 3.007282698000000032e-01 4.314372074999999751e-01 6.930916864999999705e-01 -4.929993487209999858e-01
1.413394924455760479e+09 -2.812806370000000111e+00 3.065521729699999920e+00 1.853321058199999927e+00 2.817733264999999765e-01 4.062495564999999975e-01 7.059415192000000339e-01 -5.071603906270000239e-01
1.413394924555760384e+09 -2.935746395999999869e+00 3.026409650000000173e+00 1.859189876200000091e+00 2.662434438999999875e-01 3.788647961000000119e-01 7.185410853999999459e-01 -5.189167596920000181e-01
1.413394924655760288e+09 -3.056933451999999996e+00 2.989248961299999952e+00 1.865959059099999928e+00 2.548847255999999728e-01 3.454868765999999924e-01 7.352349070999999459e-01 -5.245018837729999994e-01
1.413394924755760431e+09 -3.175650326600000017e+00 2.952348282800000057e+00 1.875411249499999933e+00 2.460930943000000093e-01 3.090974510000000230e-01 7.490469751999999648e-01 -5.318134857509999591e-01
1.413394924855760336e+09 -3.290593251299999800e+00 2.913832268000000170e+00 1.888350526800000040e+00 2.455876183000000046e-01 2.685309424999999806e-01 7.569353603999999791e-01 -5.427952789959999969e-01
1.413394924905760527e+09 -3.344828435400000188e+00 2.893859005499999970e+00 1.895890067100000076e+00 2.462344881999999902e-01 2.487692904000000094e-01 7.589327873000000224e-01 -5.490932901780000153e-01
1.413394924955760479e+09 -3.396672632200000042e+00 2.873729237900000122e+00 1.903639523500000097e+00 2.495846042000000042e-01 2.299923523999999886e-01 7.609185330000000080e-01 -5.530045472660000128e-01
1.413394925005760431e+09 -3.445406782600000106e+00 2.852898183299999779e+00 1.912536676400000024e+00 2.522584901000000102e-01 2.141829321000000008e-01 7.613090625999999750e-01 -5.575839281259999947e-01
1.413394925055760384e+09 -3.490236771799999804e+00 2.831852972400000112e+00 1.921393350000000000e+00 2.578071254000000034e-01 1.989318066000000107e-01 7.624591527999999840e-01 -5.591222251749999872e-01
1.413394925105760574e+09 -3.529657803800000160e+00 2.810560151299999809e+00 1.929355810699999951e+00 2.562666574999999947e-01 1.901703854000000027e-01 7.673299463999999626e-01 -5.562080349629999754e-01
1.413394925155760288e+09 -3.563761922499999901e+00 2.787945298399999938e+00 1.938537548200000016e+00 2.522002683999999828e-01 1.822667168000000060e-01 7.731241724999999843e-01 -5.526779191990000006e-01
1.413394925205760479e+09 -3.592913295099999793e+00 2.764282305600000100e+00 1.948350108399999892e+00 2.501381581000000076e-01 1.730519943999999921e-01 7.795865003999999931e-01 -5.474749286400000248e-01
1.413394925255760431e+09 -3.617134700499999855e+00 2.739037522899999910e+00 1.958580837199999980e+00 2.469220893000000083e-01 1.650426654999999909e-01 7.857370694999999960e-01 -5.425934555279999794e-01
1.413394925305760622e+09 -3.637055736499999803e+00 2.711703082000000098e+00 1.968418708800000028e+00 2.450210243000000010e-01 1.569412618000000093e-01 7.905095748999999561e-01 -5.389144179739999707e-01
1.413394925355760336e+09 -3.652876367699999793e+00 2.682094496399999972e+00 1.976901669300000108e+00 2.443613594000000055e-01 1.495433404000000022e-01 7.936645018000000329e-01 -5.366758555349999682e-01
1.413394925405760527e+09 -3.664451759699999922e+00 2.650037742499999904e+00 1.983340395099999931e+00 2.404779572999999893e-01 1.468583679000000086e-01 7.954779928999999861e-01 -5.364864719819999461e-01
1.413394925455760479e+09 -3.671722859800000016e+00 2.615497512600000185e+00 1.987570732200000023e+00 2.338669163000000051e-01 1.471782705999999941e-01 7.962140118999999627e-01 -5.382267825350000034e-01
1.413394925505760431e+09 -3.675414436700000120e+00 2.578598874499999916e+00 1.989411746400000069e+00 2.269331356000000022e-01 1.496864133999999957e-01 7.967226208000000032e-01 -5.397484554360000297e-01
1.413394925555760384e+09 -3.675739419900000193e+00 2.539312749800000102e+00 1.989111297500000042e+00 2.204896558999999978e-01 1.518165019000000115e-01 7.965818608000000411e-01 -5.420271214990000086e-01
1.413394925605760574e+09 -3.672642009800000107e+00 2.498573692099999910e+00 1.986089610200000077e+00 2.146654192999999933e-01 1.529604504000000031e-01 7.968335343000000348e-01 -5.436710190310000135e-01
1.413394925655760288e+09 -3.666221568900000172e+00 2.456634697600000194e+00 1.980952115800000080e+00 2.076366645999999927e-01 1.555618324999999968e-01 7.968085110999999499e-01 -5.456956371090000424e-01
1.413394925705760479e+09 -3.656444207899999910e+00 2.412930627400000194e+00 1.975187755299999903e+00 1.951447923000000084e-01 1.628746224000000020e-01 7.959479988000000006e-01 -5.494152807030000529e-01
1.413394925755760431e+09 -3.644299369600000116e+00 2.368087780699999811e+00 1.969855119300000013e+00 1.822358890999999925e-01 1.715515884000000102e-01 7.947859315999999952e-01 -5.528792419339999542e-01
1.413394925805760622e+09 -3.630619893600000037e+00 2.322224567400000161e+00 1.964967319999999962e+00 1.708615927000000090e-01 1.794964427999999890e-01 7.934967405999999723e-01 -5.558329478010000102e-01
1.413394925855760336e+09 -3.616188157799999914e+00 2.275838353500000188e+00 1.960144553399999934e+00 1.625778555000000070e-01 1.860903090999999898e-01 7.925940934999999854e-01 -5.574346963730000271e-01
1.413394925905760527e+09 -3.600995483200000180e+00 2.229195073200000099e+00 1.955459207799999932e+00 1.555862121000000098e-01 1.899860744999999906e-01 7.924058850999999848e-01 -5.583826066429999901e-01
1.413394925955760479e+09 -3.585839071300000125e+00 2.182550137299999804e+00 1.951080393200000040e+00 1.510502491000000058e-01 1.914105425000000027e-01 7.923100218999999944e-01 -5.592769042649999855e-01
1.413394926005760431e+09 -3.570704591400000183e+00 2.135776712999999827e+00 1.946642557899999959e+00 1.490512333000000023e-01 1.894370498999999874e-01 7.935778710999999985e-01 -5.586872975659999963e-01
1.413394926055760384e+09 -3.555715263699999795e+00 2.088630596399999817e+00 1.942033139000000075e+00 1.504384052999999943e-01 1.836709192000000046e-01 7.955271753999999529e-01 -5.574673020529999912e-01
1.413394926105760574e+09 -3.540664970999999994e+00 2.041439963799999813e+00 1.937241007199999920e+00 1.535683746000000016e-01 1.771499404999999916e-01 7.981702769999999836e-01 -5.549404127989999713e-01
1.413394926155760288e+09 -3.525291556900000067e+00 1.993854114199999916e+00 1.932831088699999977e+00 1.573163545000000052e-01 1.709720681000000131e-01 8.000397193999999601e-01 -5.531334052320000527e-01
1.413394926205760479e+09 -3.509313721099999839e+00 1.945592304200000067e+00 1.928534743199999957e+00 1.619090981000000096e-01 1.642472453000000110e-01 8.023974430000000435e-01 -5.504240454400000093e-01
1.413394926255760431e+09 -3.492051265799999804e+00 1.895989608500000090e+00 1.925065003999999913e+00 1.634559535000000008e-01 1.603411463999999953e-01 8.040178987999999638e-01 -5.487513886189999690e-01
1.413394926305760622e+09 -3.473455583699999849e+00 1.845263512999999911e+00 1.922531373200000004e+00 1.601847368000000049e-01 1.607670774999999941e-01 8.056042263999999564e-01 -5.472628502230000302e-01
1.413394926355760336e+09 -3.453778277100000071e+00 1.793333556799999950e+00 1.920104260700000065e+00 1.549933596999999996e-01 1.624563024000000022e-01 8.078693200000000019e-01 -5.449148282860000192e-01
1.413394926405760527e+09 -3.433708369300000118e+00 1.740037199299999893e+00 1.918082079499999981e+00 1.505550949999999999e-01 1.645302299999999995e-01 8.097333586999999611e-01 -5.427659298000000465e-01
1.413394926455760479e+09 -3.413106212499999792e+00 1.685181795899999946e+00 1.916593361000000106e+00 1.451032671999999968e-01 1.658251373000000084e-01 8.116414264000000323e-01 -5.410039377830000440e-01
1.413394926505760431e+09 -3.392166357599999849e+00 1.628454780900000065e+00 1.915729740099999967e+00 1.389852523000000006e-01 1.649859968999999871e-01 8.127110193000000038e-01 -5.412610457380000462e-01
1.413394926555760384e+09 -3.370899204300000118e+00 1.570134580299999971e+00 1.915400992799999980e+00 1.314630313000000050e-01 1.619000459999999919e-01 8.128091055999999703e-01 -5.439183802879999918e-01
1.413394926605760574e+09 -3.349173085499999925e+00 1.510453588000000069e+00 1.915639891299999897e+00 1.201781814000000004e-01 1.573257819999999974e-01 8.132368654999999613e-01 -5.472217134560000140e-01
1.413394926655760288e+09 -3.327494981600000123e+00 1.449736671499999963e+00 1.916711137000000065e+00 1.063954030999999939e-01 1.515334318000000069e-01 8.127038370000000400e-01 -5.524763438269999494e-01
1.413394926705760479e+09 -3.305817203300000173e+00 1.388573702700000023e+00 1.918284523300000100e+00 8.699022789999999450e-02 1.465623866999999914e-01 8.118059274000000158e-01 -5.585009429699999695e-01
1.413394926755760431e+09 -3.285223470700000092e+00 1.327533848899999924e+00 1.919992604399999969e+00 6.639965139999999544e-02 1.401118409000000065e-01 8.113188252999999905e-01 -5.636679182149999523e-01
1.413394926805760622e+09 -3.266300151199999835e+00 1.266765264700000060e+00 1.922158191799999916e+00 4.399740180000000223e-02 1.334077208999999986e-01 8.111466629000000372e-01 -5.677214985230000233e-01
1.413394926855760336e+09 -3.250011222199999938e+00 1.206244260200000085e+00 1.925252368600000041e+00 1.974444709999999964e-02 1.274618426000000138e-01 8.102763385000000262e-01 -5.716781356190000496e-01
1.413394926905760527e+09 -3.237223477500000168e+00 1.146779759399999987e+00 1.926761893499999934e+00 2.486600999999999742e-04 -1.185110555999999982e-01 -8.099540874999999751e-01 5.743948502789999466e-01
1.413394926955760479e+09 -3.228640157100000074e+00 1.087759387400000000e+00 1.926375549899999928e+00 1.815036050000000054e-02 -1.096149255000000017e-01 -8.102288055999999905e-01 5.754862422909999831e-01
1.413394927005760431e+09 -3.224860979099999803e+00 1.029317480100000015e+00 1.923363068500000050e+00 3.118396190000000123e-02 -9.981140780000000157e-02 -8.106113256000000433e-01 5.761723024849999542e-01
1.413394927055760384e+09 -3.226415878600000120e+00 9.705556465000000355e-01 1.916976005900000057e+00 3.387580800000000031e-02 -8.587246169999999956e-02 -8.107213093999999787e-01 5.781083882099999904e-01
1.413394927105760574e+09 -3.232854593899999962e+00 9.116944929000000419e-01 1.907189752899999924e+00 2.540003089999999866e-02 -6.645731159999999915e-02 -8.109284599999999621e-01 5.808040089899999536e-01
1.413394927155760288e+09 -3.242547491699999895e+00 8.536116853999999865e-01 1.894496644900000026e+00 1.565458039999999967e-02 -4.830676209999999748e-02 -8.120987813000000166e-01 5.813062533620000361e-01
1.413394927205760479e+09 -3.255078223199999954e+00 7.957346977000000487e-01 1.882776510800000080e+00 4.510966600000000139e-03 -3.121059450000000096e-02 -8.115597451999999601e-01 5.834178004329999556e-01
1.413394927255760431e+09 -3.269411933599999820e+00 7.379412378999999911e-01 1.872933644700000011e+00 7.048583100000000226e-03 1.553613700000000021e-02 8.113747572999999713e-01 -5.842772879530000463e-01
1.413394927305760622e+09 -3.284281390499999898e+00 6.804567034999999819e-01 1.868032176700000102e+00 1.469026369999999922e-02 4.991299799999999662e-03 8.113036568000000504e-01 -5.844190787420000532e-01
1.413394927355760336e+09 -3.298960043600000169e+00 6.245051855000000041e-01 1.865823299699999938e+00 2.077432380000000106e-02 -3.198671799999999992e-03 8.130045347000000033e-01 -5.818778416309999812e-01
1.413394927405760527e+09 -3.312581629599999911e+00 5.675730649000000350e-01 1.868390068599999898e+00 2.147735980000000169e-02 -6.588372399999999594e-03 8.153931060000000342e-01 -5.784716060819999894e-01
1.413394927455760479e+09 -3.325344862000000123e+00 5.099622106000000210e-01 1.875480429200000021e+00 2.061087970000000102e-02 -7.901625500000000399e-03 8.166805959999999809e-01 -5.766676339620000480e-01
1.413394927505760431e+09 -3.337038008499999986e+00 4.526305749000000267e-01 1.885719279599999965e+00 1.832439469999999973e-02 -7.221786699999999809e-03 8.185373017000000528e-01 -5.741156226189999545e-01
1.413394927555760384e+09 -3.347855958199999815e+00 3.957845235999999933e-01 1.898967259299999988e+00 1.602903249999999835e-02 -5.959143499999999816e-03 8.207358028000000250e-01 -5.710519246499999868e-01
1.413394927605760574e+09 -3.358229014399999990e+00 3.387691735999999731e-01 1.916085030100000086e+00 1.420195770000000010e-02 -4.311482099999999762e-03 8.217792621999999714e-01 -5.696126400250000055e-01
1.413394927655760288e+09 -3.368083736200000011e+00 2.817351459999999919e-01 1.935332780300000000e+00 1.237380780000000083e-02 -3.822180899999999982e-03 8.214544978000000164e-01 -5.701269928019999655e-01
1.413394927705760479e+09 -3.377417001199999991e+00 2.245083618000000003e-01 1.954678856799999975e+00 1.108134919999999995e-02 -4.896662300000000079e-03 8.221964491000000042e-01 -5.690748856899999764e-01
1.413394927755760431e+09 -3.386351557499999831e+00 1.665009678999999909e-01 1.974925798199999916e+00 9.200401500000000149e-03 -5.799953899999999926e-03 8.210281124999999625e-01 -5.707841550079999493e-01
1.413394927805760622e+09 -3.395297122200000128e+00 1.079996284000000056e-01 1.993013316000000090e+00 1.092849549999999961e-02 -9.180498500000000214e-03 8.196665705000000246e-01 -5.726630769630000062e-01
1.413394927855760336e+09 -3.403677615999999961e+00 4.918785459999999721e-02 2.008601756600000066e+00 1.187413919999999977e-02 -1.177315710000000071e-02 8.184450065999999691e-01 -5.743415088729999507e-01
1.413394927905760527e+09 -3.411617772200000065e+00 -9.492587699999999185e-03 2.021185173800000179e+00 1.187070479999999956e-02 -1.300279309999999994e-02 8.183978718000000097e-01 -5.743822222100000152e-01
1.413394927955760479e+09 -3.419010883799999956e+00 -6.871796080000000528e-02 2.031099018399999956e+00 1.123673419999999916e-02 -1.379745710000000042e-02 8.186542208000000542e-01 -5.740110040179999817e-01
1.413394928005760431e+09 -3.426021152100000133e+00 -1.282839004999999921e-01 2.038596108300000154e+00 1.014978639999999932e-02 -1.399919259999999992e-02 8.181495396000000309e-01 -5.747454525620000476e-01
1.413394928055760384e+09 -3.432938773400000088e+00 -1.876442463000000116e-01 2.043249121900000187e+00 1.294559030000000041e-02 -1.675440270000000051e-02 8.161388420999999838e-01 -5.774678277320000053e-01
1.413394928105760574e+09 -3.439399863399999813e+00 -2.472992609999999924e-01 2.045924542499999887e+00 1.819228150000000085e-02 -2.114618810000000113e-02 8.129959407000000304e-01 -5.816007909000000531e-01
1.413394928155760288e+09 -3.444950321499999912e+00 -3.068776764000000212e-01 2.046711035600000006e+00 2.451034120000000066e-02 -2.618656269999999897e-02 8.084674797999999996e-01 -5.874468836880000211e-01
1.413394928205760479e+09 -3.449085119299999835e+00 -3.659518971999999870e-01 2.046222377099999878e+00 2.947914830000000069e-02 -2.978751500000000052e-02 8.023235677000000177e-01 -5.954163051369999460e-01
1.413394928255760431e+09 -3.451366471600000096e+00 -4.241662149000000048e-01 2.045230353600000051e+00 3.456358889999999739e-02 -3.381838549999999916e-02 7.965199371000000195e-01 -6.026754225679999966e-01
1.413394928305760622e+09 -3.451651699400000162e+00 -4.809361361000000223e-01 2.045300572799999994e+00 3.853387199999999679e-02 -3.577623569999999892e-02 7.904685032999999583e-01 -6.102415481020000421e-01
1.413394928355760336e+09 -3.449539808599999979e+00 -5.352222508999999739e-01 2.046176720900000134e+00 4.061443249999999866e-02 -3.669716249999999819e-02 7.864939815999999473e-01 -6.151674593429999893e-01
1.413394928405760527e+09 -3.444766076200000082e+00 -5.868315245999999874e-01 2.048169206899999928e+00 3.924367859999999819e-02 -3.514075550000000242e-02 7.844856604000000067e-01 -6.179055831349999917e-01
1.413394928455760479e+09 -3.437468707399999879e+00 -6.352853918999999960e-01 2.050759627999999779e+00 3.258299569999999895e-02 -2.941752270000000044e-02 7.864191214000000318e-01 -6.161314171409999485e-01
1.413394928505760431e+09 -3.428302220499999997e+00 -6.810646881999999902e-01 2.054278713500000020e+00 2.364111069999999884e-02 -2.194024920000000115e-02 7.894554198000000023e-01 -6.129599199649999886e-01
1.413394928555760384e+09 -3.418140060099999822e+00 -7.246526014999999932e-01 2.058677345600000042e+00 1.743889709999999968e-02 -1.649203150000000048e-02 7.917455758000000454e-01 -6.103792598920000367e-01
1.413394928605760574e+09 -3.407242480199999868e+00 -7.661749973999999463e-01 2.063146111000000005e+00 1.246635029999999984e-02 -1.153637010000000025e-02 7.947090874000000138e-01 -6.067528068399999919e-01
1.413394928655760288e+09 -3.396030474599999849e+00 -8.062101018999999757e-01 2.068170342100000170e+00 8.946177799999999875e-03 -7.596639399999999785e-03 7.965385949000000076e-01 -6.044737577280000496e-01
1.413394928705760479e+09 -3.384929666700000173e+00 -8.449319341000000039e-01 2.073070826099999930e+00 7.709192499999999865e-03 -5.055688499999999759e-03 7.982498778000000073e-01 -6.022558766259999974e-01
1.413394928755760431e+09 -3.373821083699999779e+00 -8.824064860000000454e-01 2.077921712100000207e+00 7.804259499999999759e-03 -3.573231699999999868e-03 7.992473069000000097e-01 -6.009409854260000516e-01
1.413394928805760622e+09 -3.362893236300000144e+00 -9.186245073000000039e-01 2.081626588899999852e+00 8.634059899999999357e-03 -2.800541200000000210e-03 8.002795664999999836e-01 -5.995583586120000197e-01
1.413394928855760336e+09 -3.352483912699999902e+00 -9.539235272999999626e-01 2.083029772200000185e+00 1.330873689999999970e-02 -4.515290499999999665e-03 8.003075080999999535e-01 -5.994250430080000358e-01
1.413394928905760527e+09 -3.342076204200000067e+00 -9.887538304999999861e-01 2.081919111099999942e+00 1.947462419999999861e-02 -7.568571199999999700e-03 8.001822922000000338e-01 -5.993928218770000482e-01
1.413394928955760479e+09 -3.331112584700000046e+00 -1.023133334299999975e+00 2.078259079299999978e+00 2.280154139999999996e-02 -8.770035699999999615e-03 8.004749479999999640e-01 -5.988681272289999580e-01
1.413394929005760431e+09 -3.319533003000000093e+00 -1.055956290799999975e+00 2.072274412800000132e+00 2.441028500000000032e-02 -8.655213099999999743e-03 8.007618350999999857e-01 -5.984226839320000435e-01
1.413394929055760384e+09 -3.306991577999999876e+00 -1.087328270900000060e+00 2.064797515099999980e+00 2.454038240000000134e-02 -8.163679199999999275e-03 7.996897304000000206e-01 -5.998561985960000342e-01
1.413394929105760574e+09 -3.293623773899999829e+00 -1.117740298299999990e+00 2.056963254399999830e+00 2.373657610000000015e-02 -7.033585499999999921e-03 7.970124832999999631e-01 -6.034552221069999778e-01
1.413394929155760288e+09 -3.279564120699999918e+00 -1.146981052899999964e+00 2.049333413399999859e+00 2.333343430000000066e-02 -6.191428199999999757e-03 7.929668450000000313e-01 -6.087863333930000342e-01
1.413394929205760479e+09 -3.264600150300000170e+00 -1.174232613100000044e+00 2.042397962899999975e+00 2.130110190000000098e-02 -4.643287700000000087e-03 7.892182208000000365e-01 -6.137257553889999828e-01
1.413394929255760431e+09 -3.249166643000000132e+00 -1.199362528400000016e+00 2.036370038799999893e+00 1.776122520000000121e-02 -1.723179700000000052e-03 7.866490348000000354e-01 -6.171425002000000548e-01
1.413394929305760622e+09 -3.233550223299999971e+00 -1.221939389299999901e+00 2.031467328200000200e+00 1.173432989999999981e-02 2.415163699999999924e-03 7.840808729999999560e-01 -6.205430340149999946e-01
1.413394929355760336e+09 -3.218186546000000092e+00 -1.241903946699999928e+00 2.027099805000000199e+00 6.604003500000000387e-03 5.948777199999999779e-03 7.830515518999999758e-01 -6.218932916399999566e-01
1.413394929405760527e+09 -3.203492863200000151e+00 -1.259549146999999980e+00 2.023686819199999931e+00 2.877489500000000172e-03 8.971434199999999554e-03 7.832930786999999784e-01 -6.215811984389999489e-01
1.413394929455760479e+09 -3.189506588300000001e+00 -1.274526661999999977e+00 2.020868775199999856e+00 1.764260000000000079e-04 -1.101764189999999977e-02 -7.855441595000000055e-01 6.187074865780000099e-01
1.413394929505760431e+09 -3.176581479699999822e+00 -1.287169851700000089e+00 2.018069823499999860e+00 2.535199399999999836e-03 -1.260955360000000011e-02 -7.907954394999999748e-01 6.119453772449999773e-01
1.413394929555760384e+09 -3.164785455200000097e+00 -1.298011481599999906e+00 2.015238164499999929e+00 3.834335999999999821e-03 -1.381454000000000015e-02 -7.980433268000000080e-01 6.024295020469999651e-01
1.413394929605760574e+09 -3.154182165399999960e+00 -1.307536223200000070e+00 2.012854564199999974e+00 4.528675700000000040e-03 -1.445776070000000073e-02 -8.050793231999999744e-01 5.929736483919999523e-01
1.413394929655760288e+09 -3.145093660500000166e+00 -1.316615861200000070e+00 2.011088505200000043e+00 1.838235799999999968e-03 -1.342235609999999947e-02 -8.104130895000000168e-01 5.857022158419999958e-01
1.413394929705760479e+09 -3.136958913900000034e+00 -1.326038024700000095e+00 2.009993033599999812e+00 2.611703600000000146e-03 1.120298819999999973e-02 8.135812046999999492e-01 -5.813375056580000200e-01
1.413394929755760431e+09 -3.129408386600000203e+00 -1.335728295500000051e+00 2.008430617000000140e+00 6.602796299999999854e-03 8.944924899999999804e-03 8.156025972999999540e-01 -5.785056565189999889e-01
1.413394929805760622e+09 -3.122455054500000049e+00 -1.346270767400000068e+00 2.005726596200000156e+00 1.038904950000000063e-02 7.054729699999999840e-03 8.160638636000000501e-01 -5.778252928179999914e-01
1.413394929855760336e+09 -3.115718399599999966e+00 -1.357106729999999928e+00 2.000562813400000195e+00 1.317171020000000060e-02 5.493893199999999762e-03 8.150598100999999485e-01 -5.792010265470000085e-01
1.413394929905760527e+09 -3.108974423199999837e+00 -1.368668620600000052e+00 1.993887355200000044e+00 1.446074060000000078e-02 5.140414200000000336e-03 8.124447736000000031e-01 -5.828361287619999720e-01
1.413394929955760479e+09 -3.102079999199999882e+00 -1.380182325700000101e+00 1.985426718600000084e+00 1.535403289999999997e-02 5.027865200000000354e-03 8.079450918999999676e-01 -5.890362490599999612e-01
1.413394930005760431e+09 -3.095238783200000121e+00 -1.391487407000000065e+00 1.974500208000000034e+00 1.685949200000000023e-02 4.713008799999999707e-03 8.027977764000000516e-01 -5.959943583790000554e-01
1.413394930055760384e+09 -3.088564500599999985e+00 -1.401222703700000016e+00 1.961053265000000101e+00 1.854745199999999899e-02 3.873842399999999873e-03 7.980985255000000445e-01 -6.022289672859999499e-01
1.413394930105760574e+09 -3.081880771699999855e+00 -1.409535460300000098e+00 1.945921486300000058e+00 2.049980449999999968e-02 2.858294200000000007e-03 7.942032168999999531e-01 -6.072996282470000118e-01
1.413394930155760288e+09 -3.075062544800000186e+00 -1.416488383599999956e+00 1.931618269199999904e+00 2.243415500000000076e-02 2.293063499999999869e-03 7.892462576000000007e-01 -6.136626071990000098e-01
1.413394930205760479e+09 -3.067680209700000216e+00 -1.421493331099999979e+00 1.918090598900000110e+00 2.419983220000000018e-02 1.037815699999999897e-03 7.843881338000000536e-01 -6.197971817990000076e-01
1.413394930255760431e+09 -3.059605155099999863e+00 -1.424506416200000070e+00 1.906864298999999985e+00 2.371664409999999987e-02 1.645735499999999903e-03 7.781530099000000256e-01 -6.276246533939999761e-01
1.413394930305760622e+09 -3.050616502700000066e+00 -1.424499784099999999e+00 1.897480218999999968e+00 1.848954920000000016e-02 5.163459100000000052e-03 7.728442260000000230e-01 -6.343053504119999797e-01
1.413394930355760336e+09 -3.041672321900000142e+00 -1.421112248900000097e+00 1.888216326100000009e+00 1.174910000000000017e-02 1.001858320000000024e-02 7.724531893999999621e-01 -6.348839711139999675e-01
1.413394930405760527e+09 -3.033060795699999979e+00 -1.414485292599999999e+00 1.877941664499999996e+00 4.648339500000000200e-03 1.500507409999999979e-02 7.807697268000000079e-01 -6.246213848449999606e-01
1.413394930455760479e+09 -3.025453608799999916e+00 -1.405215317799999974e+00 1.866986916399999918e+00 1.096836300000000007e-03 -1.937202990000000055e-02 -7.945069838999999634e-01 6.069449513129999696e-01
1.413394930505760431e+09 -3.018986697799999952e+00 -1.394591631900000017e+00 1.855118382699999957e+00 6.362963000000000126e-03 -2.347944180000000047e-02 -8.117658789999999680e-01 5.834761230310000490e-01
1.413394930555760384e+09 -3.013812828199999849e+00 -1.383443250000000013e+00 1.841088542100000058e+00 1.108307489999999992e-02 -2.751853190000000046e-02 -8.294315509999999891e-01 5.578200409619999967e-01
1.413394930605760574e+09 -3.010237667100000181e+00 -1.372926208099999990e+00 1.824520854800000036e+00 1.518645599999999922e-02 -3.142647719999999700e-02 -8.460596709000000049e-01 5.319443404970000122e-01
1.413394930655760288e+09 -3.008527924800000086e+00 -1.364555263299999988e+00 1.804985801900000020e+00 1.735770309999999997e-02 -3.479471630000000038e-02 -8.594213973000000006e-01 5.097871121989999699e-01
1.413394930705760479e+09 -3.009444929599999874e+00 -1.360747882899999928e+00 1.784195849799999900e+00 1.151129990000000075e-02 -3.144272139999999827e-02 -8.679784446999999625e-01 4.954717598860000072e-01
1.413394930755760431e+09 -3.012542732000000001e+00 -1.363634253000000074e+00 1.763619281500000024e+00 2.514008400000000004e-03 -2.604631929999999887e-02 -8.702055705000000252e-01 4.919934289619999901e-01
1.413394930805760622e+09 -3.017043281099999863e+00 -1.373297357400000029e+00 1.744210975000000108e+00 8.537308800000000669e-03 1.898044000000000120e-02 8.643939058999999814e-01 -5.023843475310000306e-01
1.413394930855760336e+09 -3.022218422599999954e+00 -1.387762936299999916e+00 1.725766670699999894e+00 1.878781640000000072e-02 1.270459070000000065e-02 8.543754492999999783e-01 -5.191610569069999848e-01
1.413394930905760527e+09 -3.027139078999999899e+00 -1.406318798700000094e+00 1.709388485200000085e+00 2.591641449999999847e-02 8.872864899999999277e-03 8.405374428999999870e-01 -5.410604576769999507e-01
1.413394930955760479e+09 -3.031322763499999962e+00 -1.427387177800000018e+00 1.695649386099999933e+00 3.112119220000000158e-02 5.300740200000000034e-03 8.239727328000000517e-01 -5.657493341320000146e-01
1.413394931005760431e+09 -3.034366417200000221e+00 -1.448873883699999920e+00 1.684428259499999969e+00 3.395887079999999891e-02 3.875231499999999985e-03 8.081946459000000083e-01 -5.879227772159999477e-01
1.413394931055760384e+09 -3.036262977599999857e+00 -1.469452625600000006e+00 1.675774924199999960e+00 3.615069419999999978e-02 3.043934700000000115e-03 7.954943656999999835e-01 -6.048740165349999476e-01
1.413394931105760574e+09 -3.036960775199999851e+00 -1.487367388600000062e+00 1.670303534999999950e+00 3.692868569999999823e-02 2.904740700000000078e-03 7.866426948000000419e-01 -6.162962804549999563e-01
1.413394931155760288e+09 -3.036595167100000214e+00 -1.502253815100000001e+00 1.667541781099999953e+00 3.877872520000000267e-02 2.812849999999999986e-03 7.811846198999999880e-01 -6.230881863839999868e-01
1.413394931205760479e+09 -3.034909843899999959e+00 -1.513614870200000073e+00 1.668604879199999891e+00 4.022486389999999773e-02 3.004915500000000100e-03 7.771123091999999621e-01 -6.280679817359999806e-01
1.413394931255760431e+09 -3.031600172700000151e+00 -1.521071497599999933e+00 1.673728708699999901e+00 3.945690789999999754e-02 4.172472800000000259e-03 7.737412186000000025e-01 -6.322580719450000553e-01
1.413394931305760622e+09 -3.026873804900000131e+00 -1.526426680299999949e+00 1.684497134499999937e+00 4.044693089999999713e-02 4.489311699999999974e-03 7.690586297999999488e-01 -6.378814277159999824e-01
1.413394931355760336e+09 -3.020917491200000082e+00 -1.528653483600000085e+00 1.701464259099999987e+00 3.986921990000000249e-02 6.266522699999999869e-03 7.638567274999999990e-01 -6.441227180380000306e-01
1.413394931405760527e+09 -3.013714920700000022e+00 -1.526573323800000104e+00 1.720741267900000038e+00 3.723388329999999941e-02 8.655940699999999793e-03 7.623602067000000426e-01 -6.460229313419999508e-01
1.413394931455760479e+09 -3.005895548599999856e+00 -1.519974721799999928e+00 1.738021633200000027e+00 3.771183119999999694e-02 9.946034100000000766e-03 7.679931627999999622e-01 -6.392694237149999514e-01
1.413394931505760431e+09 -2.997227419100000123e+00 -1.510018086599999920e+00 1.752411651300000095e+00 3.834566360000000312e-02 1.146726940000000056e-02 7.790821721999999783e-01 -6.256429338940000529e-01
1.413394931555760384e+09 -2.987883899699999901e+00 -1.497318429399999928e+00 1.763806621699999910e+00 4.021127370000000117e-02 1.158563949999999974e-02 7.909377781999999968e-01 -6.104639689599999919e-01
1.413394931605760574e+09 -2.977832711200000038e+00 -1.483427216699999995e+00 1.773019229500000016e+00 4.193047579999999858e-02 1.098742930000000048e-02 8.003861976999999683e-01 -5.979155844669999942e-01
1.413394931655760288e+09 -2.966877021300000195e+00 -1.468700905099999954e+00 1.780087575000000033e+00 4.426914600000000227e-02 7.637024200000000138e-03 8.077090461000000499e-01 -5.878673450600000461e-01
1.413394931705760479e+09 -2.954776146099999945e+00 -1.453688568000000014e+00 1.785063529599999921e+00 4.731885890000000344e-02 4.615290000000000191e-04 8.128921781000000291e-01 -5.804886040000000191e-01
1.413394931755760431e+09 -2.941178185300000081e+00 -1.439080784599999996e+00 1.788439019399999941e+00 5.141288670000000033e-02 -1.106048920000000067e-02 8.162361473000000478e-01 -5.753198522879999777e-01
1.413394931805760622e+09 -2.925318803300000159e+00 -1.424956174899999928e+00 1.790125845399999971e+00 5.435263550000000304e-02 -2.511288639999999933e-02 8.180628354000000213e-01 -5.720037861379999589e-01
1.413394931855760336e+09 -2.906500361099999985e+00 -1.411348739999999991e+00 1.790555023900000098e+00 5.267063739999999772e-02 -3.974197649999999804e-02 8.191824206000000164e-01 -5.697249696370000338e-01
1.413394931905760527e+09 -2.884286953500000195e+00 -1.398571274400000064e+00 1.789370211200000060e+00 4.418631409999999871e-02 -5.218512089999999964e-02 8.199934019000000296e-01 -5.682737928319999687e-01
1.413394931955760479e+09 -2.858788781999999973e+00 -1.387221158100000018e+00 1.788128847400000110e+00 3.012313700000000122e-02 -6.346901700000000257e-02 8.199243039000000399e-01 -5.681447142750000179e-01
1.413394932005760431e+09 -2.830407873399999996e+00 -1.376799788700000082e+00 1.788451129400000061e+00 1.267702880000000018e-02 -7.473872239999999889e-02 8.176382645999999976e-01 -5.707197951239999512e-01
1.413394932055760384e+09 -2.799676911300000182e+00 -1.366545225799999930e+00 1.792128072699999963e+00 6.091703799999999801e-03 8.715055439999999654e-02 -8.128616076000000357e-01 5.758677616639999997e-01
1.413394932105760574e+09 -2.766892946900000094e+00 -1.356231916400000070e+00 1.800073951999999977e+00 2.738178880000000093e-02 9.956959040000000483e-02 -8.058124700000000029e-01 5.830972453330000027e-01
1.413394932155760288e+09 -2.732909646700000028e+00 -1.345550313399999975e+00 1.811640357099999932e+00 4.964341270000000028e-02 1.121998879000000032e-01 -7.993760905000000250e-01 5.881705388190000550e-01
1.413394932205760479e+09 -2.698372468700000137e+00 -1.334374257999999980e+00 1.827073836200000079e+00 7.256199739999999454e-02 1.242520399999999942e-01 -7.923403945000000448e-01 5.928683549809999898e-01
1.413394932255760431e+09 -2.664050851799999897e+00 -1.322347389599999978e+00 1.845137816000000042e+00 9.731943340000000220e-02 1.352591848999999957e-01 -7.867272672999999772e-01 5.943854706319999792e-01
1.413394932305760622e+09 -2.631054048899999831e+00 -1.309600889499999976e+00 1.865806592099999994e+00 1.190221305000000035e-01 1.482654053999999944e-01 -7.788082971999999993e-01 5.977530746379999815e-01
1.413394932355760336e+09 -2.599978947299999898e+00 -1.295859025599999992e+00 1.886771042599999948e+00 1.384411730000000007e-01 1.627050862999999958e-01 -7.713752086999999813e-01 5.994509019760000390e-01
1.413394932405760527e+09 -2.571272541799999978e+00 -1.281478656400000027e+00 1.907507478200000106e+00 1.532367785000000038e-01 1.790397052999999905e-01 -7.622677243000000047e-01 6.028359562139999905e-01
1.413394932455760479e+09 -2.544798193500000139e+00 -1.265655075500000004e+00 1.926143120399999908e+00 1.666830045000000093e-01 1.956822039999999985e-01 -7.524105211999999598e-01 6.064681843139999584e-01
1.413394932505760431e+09 -2.521060190900000109e+00 -1.248052139299999919e+00 1.942058961399999895e+00 1.778249159999999995e-01 2.129137359999999923e-01 -7.428708529999999977e-01 6.092527685309999663e-01
1.413394932555760384e+09 -2.500000942399999815e+00 -1.228375401699999925e+00 1.955082897100000050e+00 1.884258588000000123e-01 2.291734777999999972e-01 -7.338862321000000355e-01 6.110533619089999480e-01
1.413394932605760574e+09 -2.481803914499999930e+00 -1.206481625299999916e+00 1.964635161199999924e+00 1.972887168999999941e-01 2.459816947000000031e-01 -7.258247313000000256e-01 6.113498404989999857e-01
1.413394932655760288e+09 -2.466066924500000201e+00 -1.182185143799999949e+00 1.971081330899999928e+00 2.061599101999999906e-01 2.622245583000000213e-01 -7.201115221999999649e-01 6.084207163849999489e-01
1.413394932705760479e+09 -2.452800018100000035e+00 -1.155533598099999892e+00 1.975371886400000054e+00 2.140412476999999924e-01 2.778880172000000037e-01 -7.161913613000000511e-01 6.033527394459999860e-01
1.413394932755760431e+09 -2.441880189199999940e+00 -1.126592344000000079e+00 1.978920626599999899e+00 2.201927301000000115e-01 2.945683283000000152e-01 -7.143209930999999679e-01 5.953907795620000387e-01
1.413394932805760622e+09 -2.433136551300000061e+00 -1.095518233299999977e+00 1.982857885400000075e+00 2.255690915000000130e-01 3.102018874999999953e-01 -7.155340470000000064e-01 5.838701923089999468e-01
1.413394932855760336e+09 -2.426303167900000002e+00 -1.062674485500000099e+00 1.987220989199999899e+00 2.299209873999999987e-01 3.254123646000000036e-01 -7.190662490000000462e-01 5.693740968189999752e-01
1.413394932905760527e+09 -2.420907307399999819e+00 -1.028565208300000089e+00 1.992066830800000021e+00 2.345163973999999929e-01 3.393116911999999874e-01 -7.223691798000000386e-01 5.550246873580000351e-01
1.413394932955760479e+09 -2.416287693400000158e+00 -9.941094294000000220e-01 1.996375764499999983e+00 2.383555945999999981e-01 3.521674701999999990e-01 -7.251365426000000447e-01 5.416102639219999570e-01
1.413394933005760431e+09 -2.411581430100000034e+00 -9.599572318000000326e-01 1.999684705199999968e+00 2.434134615999999918e-01 3.637345610000000118e-01 -7.263685347999999653e-01 5.299394375370000132e-01
1.413394933055760384e+09 -2.406330686100000005e+00 -9.263272689999999532e-01 2.001281105099999902e+00 2.492193739999999935e-01 3.744788855999999777e-01 -7.258222358000000485e-01 5.204203588269999958e-01
1.413394933105760574e+09 -2.400616974000000070e+00 -8.932614088000000452e-01 2.000759157000000066e+00 2.546527684000000069e-01 3.854192638000000226e-01 -7.233625404000000314e-01 5.131769615290000530e-01
1.413394933155760288e+09 -2.394476054700000134e+00 -8.607697743000000123e-01 1.998280280899999983e+00 2.615211618000000127e-01 3.963444315999999912e-01 -7.191910620000000476e-01 5.072297208720000228e-01
1.413394933205760479e+09 -2.387358092699999990e+00 -8.292657991999999867e-01 1.993801548900000054e+00 2.692768080999999869e-01 4.060385181000000232e-01 -7.133186099999999641e-01 5.037849571439999563e-01
1.413394933255760431e+09 -2.380081638000000055e+00 -7.982792846999999803e-01 1.986747489100000097e+00 2.781950100000000203e-01 4.152425282000000162e-01 -7.067243491000000377e-01 5.007213531990000188e-01
1.413394933305760622e+09 -2.372664333299999928e+00 -7.678662378999999705e-01 1.976991257699999949e+00 2.859118473000000216e-01 4.247757086000000237e-01 -6.989811344999999898e-01 4.992448163389999749e-01
1.413394933355760336e+09 -2.365013043699999873e+00 -7.381346361999999717e-01 1.964349972900000019e+00 2.930758636999999944e-01 4.339418231000000126e-01 -6.912002269000000476e-01 4.980394347489999762e-01
1.413394933405760527e+09 -2.357196550399999868e+00 -7.089852533999999595e-01 1.949140843399999934e+00 3.005359718999999763e-01 4.424141939999999829e-01 -6.836632129999999918e-01 4.965404532789999825e-01
1.413394933455760479e+09 -2.349740006799999836e+00 -6.800934048000000232e-01 1.930795776100000083e+00 3.071397344999999834e-01 4.508560032999999745e-01 -6.764551812000000330e-01 4.947751364810000219e-01
1.413394933505760431e+09 -2.342316516299999929e+00 -6.512870327999999986e-01 1.910105232800000108e+00 3.139671229000000063e-01 4.585606770000000276e-01 -6.698404614999999840e-01 4.924027897650000152e-01
1.413394933555760384e+09 -2.334826650400000148e+00 -6.226689529000000167e-01 1.887147302800000093e+00 3.206467686999999733e-01 4.663578436999999965e-01 -6.634412897000000475e-01 4.894299402410000055e-01
1.413394933605760574e+09 -2.327302333300000026e+00 -5.941865315000000036e-01 1.864480529499999983e+00 3.280576492999999760e-01 4.737204005000000273e-01 -6.562807210000000113e-01 4.870962698660000201e-01
1.413394933655760288e+09 -2.320013818200000077e+00 -5.658394621000000235e-01 1.843042497599999940e+00 3.370650782999999873e-01 4.798887826000000079e-01 -6.479076048999999893e-01 4.861168838650000157e-01
1.413394933705760479e+09 -2.313080817299999925e+00 -5.378309993000000011e-01 1.822922259200000061e+00 3.460224941000000221e-01 4.854884431000000000e-01 -6.387521564999999457e-01 4.863795717759999970e-01
1.413394933755760431e+09 -2.306892274800000031e+00 -5.098286517000000240e-01 1.804330472900000037e+00 3.553180968999999911e-01 4.897492203000000099e-01 -6.303410222999999979e-01 4.863794268439999846e-01
1.413394933805760622e+09 -2.302101018800000176e+00 -4.819612743000000199e-01 1.786485340400000066e+00 3.625378143999999914e-01 4.937329007999999853e-01 -6.231858328999999586e-01 4.862443556750000173e-01
1.413394933855760336e+09 -2.299363053099999998e+00 -4.539916876999999795e-01 1.769149490400000024e+00 3.675519743999999811e-01 4.983286277999999792e-01 -6.180230483999999969e-01 4.843775764139999773e-01
1.413394933905760527e+09 -2.298731411099999900e+00 -4.257479241000000081e-01 1.751845083499999900e+00 3.701806871000000165e-01 5.054013820999999629e-01 -6.145397117999999992e-01 4.794545280010000243e-01
1.413394933955760479e+09 -2.300221776199999901e+00 -3.972079702999999906e-01 1.734180550999999904e+00 3.693724284000000080e-01 5.153768561999999553e-01 -6.131275585000000028e-01 4.711956093879999807e-01
1.413394934005760431e+09 -2.303166684499999839e+00 -3.683176431999999889e-01 1.717507912699999917e+00 3.694579701999999855e-01 5.256941129000000101e-01 -6.112392299000000140e-01 4.620964312590000178e-01
1.413394934055760384e+09 -2.306675253899999944e+00 -3.390567654000000153e-01 1.701931893800000095e+00 3.710478401000000259e-01 5.359759120999999515e-01 -6.083594450999999514e-01 4.527163654440000129e-01
1.413394934105760574e+09 -2.309628515500000034e+00 -3.096863324999999945e-01 1.688803742299999966e+00 3.768675698000000240e-01 5.436434561999999859e-01 -6.022137512999999887e-01 4.469465574279999909e-01
1.413394934155760288e+09 -2.312033772900000006e+00 -2.804382851000000176e-01 1.677469903400000018e+00 3.862080118999999812e-01 5.497064917999999745e-01 -5.923884629000000235e-01 4.446819688890000233e-01
1.413394934205760479e+09 -2.314722239399999992e+00 -2.511638661000000217e-01 1.665217849800000094e+00 3.966806875000000177e-01 5.551444397000000475e-01 -5.817318911000000092e-01 4.427720520180000174e-01
1.413394934255760431e+09 -2.318679566200000153e+00 -2.217874095000000045e-01 1.650325222500000022e+00 4.059404361000000239e-01 5.618690949000000323e-01 -5.711525872999999587e-01 4.396591913719999911e-01
1.413394934305760622e+09 -2.323921599400000204e+00 -1.923347736000000086e-01 1.631943627699999899e+00 4.130457298999999916e-01 5.708582192000000166e-01 -5.612226900000000240e-01 4.342156270640000204e-01
1.413394934355760336e+09 -2.330459403499999915e+00 -1.628184900999999907e-01 1.610663920499999957e+00 4.195204935999999885e-01 5.809164016000000208e-01 -5.533687746000000018e-01 4.246430136259999877e-01
1.413394934405760527e+09 -2.338235403300000126e+00 -1.333589495999999985e-01 1.586700681700000004e+00 4.254570414000000134e-01 5.909481107999999816e-01 -5.478024108000000281e-01 4.119212970309999999e-01
1.413394934455760479e+09 -2.346638974100000219e+00 -1.045524788000000010e-01 1.560212476600000064e+00 4.309741387000000090e-01 6.000030065000000468e-01 -5.429023359000000326e-01 3.993929614869999867e-01
1.413394934505760431e+09 -2.355297396400000132e+00 -7.696863569999999599e-02 1.530648476299999894e+00 4.347377841999999770e-01 6.081260676999999948e-01 -5.379693785000000394e-01 3.895827159890000169e-01
1.413394934555760384e+09 -2.362744500799999869e+00 -5.048480450000000092e-02 1.499143330899999960e+00 4.367507649999999852e-01 6.156912187999999952e-01 -5.323151511000000502e-01 3.831627229139999979e-01
1.413394934605760574e+09 -2.369883964100000018e+00 -2.499000410000000102e-02 1.466977600899999956e+00 4.376822571999999800e-01 6.229941300000000348e-01 -5.261048109999999500e-01 3.788486289429999765e-01
1.413394934655760288e+09 -2.376354326299999986e+00 -3.832276000000000237e-04 1.436726867399999996e+00 4.377409765999999980e-01 6.293222548000000360e-01 -5.200631654999999798e-01 3.766571927890000060e-01
1.413394934705760479e+09 -2.382955454000000195e+00 2.333886010000000080e-02 1.410545325199999978e+00 4.389585856000000064e-01 6.337455956999999973e-01 -5.147161432000000314e-01 3.751655260910000123e-01
1.413394934755760431e+09 -2.390788214100000086e+00 4.651767479999999871e-02 1.387561742299999956e+00 4.424348337999999825e-01 6.356589349000000277e-01 -5.118561158000000111e-01 3.717424553379999885e-01
1.413394934805760622e+09 -2.398553951099999804e+00 6.906348649999999312e-02 1.368953936300000063e+00 4.451650793999999967e-01 6.368186238999999915e-01 -5.092014768000000524e-01 3.701404439950000125e-01
1.413394934855760336e+09 -2.405456338300000052e+00 9.111524769999999884e-02 1.354459602599999979e+00 4.476158407999999977e-01 6.370611452000000119e-01 -5.069631287000000430e-01 3.698398877519999961e-01
1.413394934905760527e+09 -2.412013415000000105e+00 1.125978303000000069e-01 1.343490208199999980e+00 4.492280458999999837e-01 6.373553840000000248e-01 -5.056826662000000194e-01 3.691304896270000135e-01
1.413394934955760479e+09 -2.418201235200000188e+00 1.337345460999999902e-01 1.336527377799999972e+00 4.505716819999999734e-01 6.374057377999999829e-01 -5.044322808000000213e-01 3.691167277990000106e-01
1.413394935005760431e+09 -2.423723486000000094e+00 1.543682285000000098e-01 1.334355015899999941e+00 4.525874253000000125e-01 6.360057219000000428e-01 -5.032870887000000515e-01 3.706257552889999918e-01
1.413394935055760384e+09 -2.429614732900000185e+00 1.745666569999999862e-01 1.335453560299999953e+00 4.556174842999999863e-01 6.336719246999999999e-01 -5.028904254999999601e-01 3.714482734999999813e-01
1.413394935105760574e+09 -2.434646802100000063e+00 1.939875309999999908e-01 1.339104624800000032e+00 4.585574480999999869e-01 6.298122367999999804e-01 -5.035546056999999909e-01 3.734894540440000243e-01
1.413394935155760288e+09 -2.440365558199999896e+00 2.123429122000000113e-01 1.342460656699999921e+00 4.611222705999999949e-01 6.245738413000000433e-01 -5.059168210000000165e-01 3.759281028279999881e-01
1.413394935205760479e+09 -2.446860358199999919e+00 2.294322907000000134e-01 1.344433845500000002e+00 4.618744376999999735e-01 6.196465514000000230e-01 -5.083351850999999755e-01 3.798756306120000259e-01
1.413394935255760431e+09 -2.454431368999999918e+00 2.452859487999999866e-01 1.344394820200000007e+00 4.622104258999999993e-01 6.144211026000000464e-01 -5.110497492000000141e-01 3.842868521660000036e-01
1.413394935305760622e+09 -2.463399813400000138e+00 2.599205140999999997e-01 1.341967194099999983e+00 4.625763529999999957e-01 6.094819767000000388e-01 -5.127475057000000502e-01 3.894160155440000159e-01
1.413394935355760336e+09 -2.473716735400000033e+00 2.733444505000000024e-01 1.337159047399999912e+00 4.624906649000000147e-01 6.051412086999999884e-01 -5.129267355000000084e-01 3.959957909149999788e-01
1.413394935405760527e+09 -2.485237048800000181e+00 2.859247866999999887e-01 1.329249742500000053e+00 4.616887367999999991e-01 6.015968621999999710e-01 -5.135509456000000306e-01 4.014849336769999999e-01
1.413394935455760479e+09 -2.498484222600000138e+00 2.977373555999999755e-01 1.318623039600000046e+00 4.588784636000000083e-01 6.001717734000000526e-01 -5.146054316999999489e-01 4.054696631029999776e-01
1.413394935505760431e+09 -2.513431960800000198e+00 3.089375751999999808e-01 1.305014949700000093e+00 4.539080401000000209e-01 6.006017183999999842e-01 -5.171946774000000246e-01 4.071298719820000134e-01
1.413394935555760384e+09 -2.530252821199999946e+00 3.198254849000000122e-01 1.288837699599999942e+00 4.473970481000000277e-01 6.024875058999999977e-01 -5.209753306000000084e-01 4.067301212309999969e-01
1.413394935605760574e+09 -2.548636513199999953e+00 3.305337227999999850e-01 1.272067546699999996e+00 4.415178901999999850e-01 6.041898728000000274e-01 -5.245683458000000021e-01 4.060105920959999892e-01
1.413394935655760288e+09 -2.568300809200000145e+00 3.409742499000000260e-01 1.256756005099999962e+00 4.364675237999999791e-01 6.052140517999999858e-01 -5.276114884000000504e-01 4.060026716549999803e-01
1.413394935705760479e+09 -2.588804220000000100e+00 3.514949643999999984e-01 1.244872038700000072e+00 4.330937147000000209e-01 6.054915428999999572e-01 -5.298292203000000145e-01 4.063137003619999854e-01
1.413394935755760431e+09 -2.611140996000000047e+00 3.618818885999999790e-01 1.235785746699999965e+00 4.310274203000000193e-01 6.047208002999999721e-01 -5.309009190000000267e-01 4.082552274340000009e-01
1.413394935805760622e+09 -2.632388853600000189e+00 3.723828699999999770e-01 1.230610893599999978e+00 4.303013263000000088e-01 6.035103295999999506e-01 -5.309100761999999696e-01 4.107925772480000015e-01
1.413394935855760336e+09 -2.653335940299999862e+00 3.834613641999999878e-01 1.231144477600000009e+00 4.305947393999999817e-01 6.018348268000000001e-01 -5.318471165000000500e-01 4.117300769719999809e-01
1.413394935905760527e+09 -2.675728789999999968e+00 3.946369278999999897e-01 1.232525345400000027e+00 4.291864669000000077e-01 6.012982811999999511e-01 -5.337523628000000464e-01 4.115188560420000030e-01
1.413394935955760479e+09 -2.698851464600000138e+00 4.058727824999999734e-01 1.232514068299999987e+00 4.270812842000000220e-01 6.017507378999999990e-01 -5.357600394000000543e-01 4.104373353849999906e-01
1.413394936005760431e+09 -2.722829945800000040e+00 4.172326860000000193e-01 1.228888629200000082e+00 4.231104270000000112e-01 6.044641782999999879e-01 -5.378591830000000185e-01 4.078089295339999976e-01
1.413394936055760384e+09 -2.748012051099999908e+00 4.289812956999999871e-01 1.221286298599999931e+00 4.171612234000000030e-01 6.106075011999999580e-01 -5.405886759000000374e-01 4.011220222260000190e-01
1.413394936105760574e+09 -2.773696554799999880e+00 4.413534867000000195e-01 1.210387216600000038e+00 4.109843926999999786e-01 6.193547567999999615e-01 -5.421365201000000189e-01 3.918922144390000195e-01
1.413394936205760479e+09 -2.822915303999999903e+00 4.687952733999999899e-01 1.183293743599999948e+00 4.089665410000000167e-01 6.378397409999999601e-01 -5.353057600999999721e-01 3.733022586270000054e-01
1.413394936255760431e+09 -2.845246607099999991e+00 4.838472454000000145e-01 1.168559758100000012e+00 4.154715459000000166e-01 6.460313091999999591e-01 -5.241610953999999989e-01 3.678071345330000130e-01
1.413394936305760622e+09 -2.866984679499999800e+00 4.997538563999999739e-01 1.152898575500000078e+00 4.255245172000000076e-01 6.545570619999999673e-01 -5.087417513999999974e-01 3.628577795369999914e-01
1.413394936405760527e+09 -2.908522266899999931e+00 5.342649332000000140e-01 1.123830984999999894e+00 4.527512040000000182e-01 6.714010740000000421e-01 -4.695933535999999853e-01 3.517371565090000041e-01
1.413394936505760431e+09 -2.949983223599999871e+00 5.708422399000000480e-01 1.097463169599999899e+00 4.754124287000000004e-01 6.942708900999999821e-01 -4.230015133999999732e-01 3.362152189379999934e-01
1.413394936605760574e+09 -2.993764773000000101e+00 6.093765026999999890e-01 1.074638169500000018e+00 4.900018952999999899e-01 7.196951522000000212e-01 -3.765434766999999905e-01 3.164680719369999951e-01
1.413394936705760479e+09 -3.040503976800000174e+00 6.506791251000000331e-01 1.055813307300000004e+00 5.010803082000000463e-01 7.411308758000000330e-01 -3.422655606000000184e-01 2.872243648130000104e-01
1.413394936805760622e+09 -3.088286380900000072e+00 6.949612230999999696e-01 1.041205605900000108e+00 5.100912906000000246e-01 7.573347085999999617e-01 -3.128618115999999838e-01 2.614737103159999743e-01
1.413394936905760527e+09 -3.137555062900000191e+00 7.423966277000000336e-01 1.029103064799999911e+00 5.154753750999999662e-01 7.717810898000000419e-01 -2.846976680000000148e-01 2.399715086189999902e-01
1.413394937005760431e+09 -3.188542272099999852e+00 7.938923512000000127e-01 1.017596129700000018e+00 5.175244084000000244e-01 7.865563401999999815e-01 -2.564312142999999877e-01 2.184963218019999875e-01
1.413394937105760574e+09 -3.240735666800000025e+00 8.507887533000000335e-01 1.007734814400000012e+00 5.182459757999999805e-01 8.012540418000000386e-01 -2.260376894999999997e-01 1.957550302570000011e-01
1.413394937205760479e+09 -3.292739614299999840e+00 9.144897992999999614e-01 9.992241085999999939e-01 5.214993741000000238e-01 8.118943094999999666e-01 -1.957878567000000125e-01 1.747373691269999973e-01
1.413394937255760431e+09 -3.318608100900000135e+00 9.488748112999999540e-01 9.952298823999999877e-01 5.225848001999999770e-01 8.162063956999999759e-01 -1.859524207999999901e-01 1.616599620439999885e-01
1.413394937305760622e+09 -3.343964814900000082e+00 9.852435895000000166e-01 9.916777881999999655e-01 5.232249691999999452e-01 8.199519083999999847e-01 -1.791687069000000021e-01 1.476924978399999921e-01
1.413394937355760336e+09 -3.368163861200000220e+00 1.024012841100000015e+00 9.890496363999999874e-01 5.248333994999999641e-01 8.221289947000000042e-01 -1.736393645000000041e-01 1.360264311590000108e-01
1.413394937455760479e+09 -3.412447673800000025e+00 1.105984236899999917e+00 9.838813086000000041e-01 5.296617566000000332e-01 8.230693083000000243e-01 -1.652632665000000056e-01 1.212575362629999959e-01
1.413394937555760384e+09 -3.450931328599999848e+00 1.194172404799999976e+00 9.790123282999999565e-01 5.344569987999999716e-01 8.221191480999999746e-01 -1.591843436000000001e-01 1.146131210239999948e-01
1.413394937655760288e+09 -3.484772822800000114e+00 1.287566203499999951e+00 9.744223922000000426e-01 5.394870361000000392e-01 8.195684872999999815e-01 -1.567608030000000041e-01 1.126378407760000033e-01
1.413394937755760431e+09 -3.514532448699999811e+00 1.385403322299999962e+00 9.727608838000000313e-01 5.450706856000000489e-01 8.155233944999999984e-01 -1.597863892999999980e-01 1.108505774709999947e-01
1.413394937855760336e+09 -3.539905364400000032e+00 1.485028510200000040e+00 9.729327878000000318e-01 5.478890214999999619e-01 8.119955866000000411e-01 -1.677547714000000023e-01 1.110816098539999935e-01
1.413394937955760479e+09 -3.559148723799999914e+00 1.585847463699999960e+00 9.756150321000000014e-01 5.465104487999999927e-01 8.090921671999999898e-01 -1.852873054999999991e-01 1.111971614090000032e-01
1.413394938055760384e+09 -3.571489509000000062e+00 1.687596656900000047e+00 9.844741062999999848e-01 5.417223978999999856e-01 8.070492810999999600e-01 -2.083716791000000124e-01 1.085796704959999942e-01
1.413394938155760288e+09 -3.574227905899999946e+00 1.789728243299999910e+00 1.004295551600000058e+00 5.357761859999999876e-01 8.054876793999999895e-01 -2.297695408000000050e-01 1.064867833979999956e-01
1.413394938255760431e+09 -3.562234359100000081e+00 1.893141830300000050e+00 1.037987956100000053e+00 5.314022507000000228e-01 8.024910060000000067e-01 -2.477601366000000138e-01 1.106107945489999966e-01
1.413394938355760336e+09 -3.533717180200000030e+00 1.996015769400000028e+00 1.088796904899999918e+00 5.306718451999999919e-01 7.972293699000000400e-01 -2.552479102999999916e-01 1.328955561340000036e-01
1.413394938455760479e+09 -3.493790655399999778e+00 2.098654703899999863e+00 1.152104222900000030e+00 5.354383087999999846e-01 7.870585782000000252e-01 -2.641645279000000013e-01 1.551183873670000102e-01
1.413394938555760384e+09 -3.446595106499999783e+00 2.199527274999999893e+00 1.214394882499999939e+00 5.337917638000000409e-01 7.796435278000000135e-01 -2.726434829000000115e-01 1.813500860870000120e-01
1.413394938655760288e+09 -3.396128472400000042e+00 2.298598406400000016e+00 1.264403191800000048e+00 5.222783802999999558e-01 7.757403401000000365e-01 -2.887255657999999725e-01 2.051579046089999914e-01
1.413394938755760431e+09 -3.343384565900000105e+00 2.397880920800000037e+00 1.302800484100000045e+00 5.077973392000000308e-01 7.707512179000000074e-01 -3.134347423000000132e-01 2.232556489159999991e-01
1.413394938855760336e+09 -3.288209766100000042e+00 2.498657453999999944e+00 1.331888716199999934e+00 4.964478209000000031e-01 7.603561939999999852e-01 -3.468562168000000057e-01 2.347100002770000082e-01
1.413394938955760479e+09 -3.228205621599999908e+00 2.600726547999999916e+00 1.352690686299999889e+00 4.958872019000000186e-01 7.378390297000000375e-01 -3.914025038999999762e-01 2.376836745629999914e-01
1.413394939055760384e+09 -3.160010402799999785e+00 2.698508967400000014e+00 1.364656619700000073e+00 5.012381146000000065e-01 7.057709711999999858e-01 -4.374546102999999908e-01 2.434772116920000118e-01
1.413394939155760288e+09 -3.082905834700000014e+00 2.786060749799999847e+00 1.366058647600000064e+00 5.014224563000000412e-01 6.746484780000000514e-01 -4.762500858000000004e-01 2.580906957069999952e-01
1.413394939255760431e+09 -2.998882888399999835e+00 2.860150328000000020e+00 1.356521530500000017e+00 4.910120433999999867e-01 6.526361849999999798e-01 -5.035912694999999939e-01 2.817250727730000182e-01
1.413394939355760336e+09 -2.909708156000000212e+00 2.921210221299999965e+00 1.339210175000000058e+00 4.764024578000000121e-01 6.378109004999999998e-01 -5.209004685000000467e-01 3.080594996079999981e-01
1.413394939455760479e+09 -2.817348268399999967e+00 2.970082629300000221e+00 1.324902513200000076e+00 4.545546845999999808e-01 6.361167256999999964e-01 -5.227323481000000216e-01 3.398329622160000119e-01
1.413394939555760384e+09 -2.723044210599999904e+00 3.013034293000000030e+00 1.326445393900000047e+00 4.369239650999999780e-01 6.375362500000000265e-01 -5.164953185999999752e-01 3.686157410870000151e-01
1.413394939655760288e+09 -2.628815357400000163e+00 3.057465999500000198e+00 1.346582943600000082e+00 4.383145795000000233e-01 6.275356572000000410e-01 -5.237921156999999495e-01 3.737929211789999817e-01
1.413394939755760431e+09 -2.534799827200000077e+00 3.099898499500000071e+00 1.379248504400000019e+00 4.449061838999999741e-01 6.111369777999999808e-01 -5.422127106999999890e-01 3.668452784389999999e-01
1.413394939855760336e+09 -2.439840876999999963e+00 3.135296737600000050e+00 1.417190413900000001e+00 4.512047659999999794e-01 5.910247748000000412e-01 -5.661641003999999811e-01 3.557557956910000208e-01
1.413394939955760479e+09 -2.343094695500000046e+00 3.157661089699999923e+00 1.445515171200000060e+00 4.348138584999999834e-01 5.878905959000000347e-01 -5.780110318000000191e-01 3.622496415959999827e-01
1.413394940055760384e+09 -2.244525217500000114e+00 3.169394855999999816e+00 1.458773252899999928e+00 4.012198230999999837e-01 5.978417229000000388e-01 -5.812923767000000019e-01 3.790871939709999916e-01
1.413394940155760288e+09 -2.141846739900000074e+00 3.177501200900000100e+00 1.463788681900000110e+00 3.838875331000000113e-01 5.911187024999999817e-01 -5.934383686999999963e-01 3.886385776280000259e-01
1.413394940255760431e+09 -2.033305397399999936e+00 3.183001105899999850e+00 1.459291726800000077e+00 3.780295250999999856e-01 5.708309532999999991e-01 -6.079142517000000190e-01 4.021019316619999784e-01
1.413394940355760336e+09 -1.918319368299999939e+00 3.183910383699999791e+00 1.445472047600000032e+00 3.732116974999999948e-01 5.443311590999999616e-01 -6.225372556999999585e-01 4.205519983820000252e-01
1.413394940455760479e+09 -1.802765434799999955e+00 3.180186172700000036e+00 1.424671382499999917e+00 3.642911032000000215e-01 5.158460177999999452e-01 -6.394861224000000233e-01 4.384659363860000103e-01
1.413394940555760384e+09 -1.688626573000000075e+00 3.170639029699999778e+00 1.403295629100000053e+00 3.462115472999999777e-01 4.924925929999999785e-01 -6.528423968000000022e-01 4.597666965810000006e-01
1.413394940655760288e+09 -1.576069912099999915e+00 3.157119026200000178e+00 1.384515033600000056e+00 3.151035358000000008e-01 4.790150648000000011e-01 -6.605864639999999843e-01 4.846440477630000188e-01
1.413394940755760431e+09 -1.464336834700000090e+00 3.146408705899999880e+00 1.373956440099999954e+00 2.862361480999999763e-01 4.696400467999999884e-01 -6.666603476000000361e-01 5.030617009340000445e-01
1.413394940855760336e+09 -1.350884614799999994e+00 3.144859742299999983e+00 1.379034933600000068e+00 2.759893984999999828e-01 4.579605838999999956e-01 -6.741617572000000447e-01 5.095173016249999742e-01
1.413394940955760479e+09 -1.235044114099999923e+00 3.151693249300000055e+00 1.400509342799999946e+00 2.832918284000000009e-01 4.417797794000000167e-01 -6.868429736000000174e-01 5.028151708470000036e-01
1.413394941005760431e+09 -1.176698164899999899e+00 3.156032205299999838e+00 1.414241845500000094e+00 2.884154137000000118e-01 4.325950717000000001e-01 -6.962005756000000378e-01 4.949573835600000193e-01
1.413394941055760384e+09 -1.118416952900000094e+00 3.159630462500000014e+00 1.428283978400000098e+00 2.929509283000000242e-01 4.233854183999999909e-01 -7.062346649999999837e-01 4.859600179319999991e-01
1.413394941105760574e+09 -1.060337259300000001e+00 3.161902936000000164e+00 1.442131102799999898e+00 2.970972412999999812e-01 4.133734702999999899e-01 -7.175426800999999966e-01 4.753820627149999978e-01
1.413394941205760479e+09 -9.445865551000000027e-01 3.158534530199999857e+00 1.471110598799999947e+00 2.999637826000000063e-01 3.961703124000000020e-01 -7.360302119999999615e-01 4.597067975779999816e-01
1.413394941305760622e+09 -8.291123894999999910e-01 3.141178287199999808e+00 1.502662189500000078e+00 2.965932483000000008e-01 3.873527601999999792e-01 -7.469773428999999521e-01 4.516803444229999798e-01
1.413394941405760527e+09 -7.135973933999999463e-01 3.107936227200000179e+00 1.535161299000000090e+00 2.853890825000000020e-01 3.889703668000000225e-01 -7.521088929999999451e-01 4.489847863379999859e-01
1.413394941505760431e+09 -5.947907573999999808e-01 3.058508131099999972e+00 1.569566661499999904e+00 2.619621477999999892e-01 4.044749130999999998e-01 -7.416576302999999815e-01 4.666045833579999802e-01
1.413394941605760574e+09 -4.703360858999999783e-01 2.999652003500000053e+00 1.605865720099999949e+00 2.383710983000000005e-01 4.198201987999999885e-01 -7.280988765999999446e-01 4.866233102099999930e-01
1.413394941705760479e+09 -3.375117623000000178e-01 2.938333772400000043e+00 1.643992039700000074e+00 2.250973418999999975e-01 4.214261060000000225e-01 -7.203497745000000396e-01 5.028194767720000069e-01
1.413394941755760431e+09 -2.676275334000000061e-01 2.908313034599999902e+00 1.663762345499999906e+00 2.242316145000000094e-01 4.165748351999999932e-01 -7.183013672000000405e-01 5.101261957570000227e-01
1.413394941805760622e+09 -1.957927415999999865e-01 2.879290614099999868e+00 1.683320570600000066e+00 2.258500073999999969e-01 4.100288370999999876e-01 -7.180810172999999574e-01 5.150026984759999982e-01
1.413394941855760336e+09 -1.223885116999999939e-01 2.851888328399999839e+00 1.703485727399999927e+00 2.357049589000000112e-01 3.975725788999999732e-01 -7.223526918999999547e-01 5.143790482790000507e-01
1.413394941905760527e+09 -4.843027359999999698e-02 2.825137233600000020e+00 1.723911728600000082e+00 2.496954673000000013e-01 3.828512882999999811e-01 -7.287661840000000391e-01 5.098793128009999620e-01
1.413394941955760479e+09 2.564745969999999986e-02 2.798116024000000035e+00 1.744903937099999913e+00 2.658583533000000165e-01 3.658561410999999763e-01 -7.368257683000000169e-01 5.025499051280000185e-01
1.413394942005760431e+09 9.863663709999999363e-02 2.769595801299999938e+00 1.766226765000000087e+00 2.816040193000000080e-01 3.493019184999999749e-01 -7.448856353999999680e-01 4.937942245399999930e-01
1.413394942055760384e+09 1.701072540000000133e-01 2.738025460199999817e+00 1.788322542700000017e+00 2.958129278000000140e-01 3.341172652000000132e-01 -7.518987781000000536e-01 4.852922751420000180e-01
1.413394942105760574e+09 2.393234797000000080e-01 2.702606751299999832e+00 1.811214056000000072e+00 3.101754104000000178e-01 3.182734577999999925e-01 -7.586921092999999727e-01 4.763187002150000016e-01
1.413394942155760288e+09 3.052666092999999914e-01 2.662260311399999857e+00 1.834776653800000101e+00 3.210471896000000047e-01 3.037801170000000162e-01 -7.653386749999999683e-01 4.678707675600000115e-01
1.413394942205760479e+09 3.673148393999999817e-01 2.615642351600000026e+00 1.859369517099999980e+00 3.287610630000000200e-01 2.901475787999999723e-01 -7.709421738999999718e-01 4.619293348419999945e-01
1.413394942255760431e+09 4.249834583000000054e-01 2.561951289500000062e+00 1.885539790699999996e+00 3.332994357999999879e-01 2.767017210000000116e-01 -7.767459751999999940e-01 4.571797607759999771e-01
1.413394942305760622e+09 4.776343303999999734e-01 2.501132629699999832e+00 1.911936645699999993e+00 3.344021547000000094e-01 2.645112593000000234e-01 -7.827477756999999814e-01 4.533375257750000276e-01
1.413394942355760336e+09 5.250384187000000091e-01 2.432681457999999797e+00 1.939684059199999977e+00 3.309709190999999828e-01 2.529612360999999865e-01 -7.873736797000000509e-01 4.544354213510000129e-01
1.413394942405760527e+09 5.668773292000000019e-01 2.357410955100000205e+00 1.967167418999999917e+00 3.237218913000000087e-01 2.437608186999999926e-01 -7.915837165000000342e-01 4.573620229809999826e-01
1.413394942455760479e+09 6.044694096999999600e-01 2.273890902599999819e+00 1.995080447699999926e+00 3.138851649000000132e-01 2.339962835999999935e-01 -7.941800964999999879e-01 4.647578045019999937e-01
1.413394942505760431e+09 6.374643872999999905e-01 2.184582513500000100e+00 2.020224124699999901e+00 3.019066823000000066e-01 2.238477826999999976e-01 -7.965045868000000251e-01 4.736295688389999814e-01
1.413394942555760384e+09 6.661133624999999725e-01 2.090435170100000128e+00 2.041351261099999981e+00 2.899594021999999938e-01 2.123367240000000045e-01 -7.985035326999999628e-01 4.829376450299999735e-01
1.413394942605760574e+09 6.907860887000000227e-01 1.991595448200000007e+00 2.058038961099999842e+00 2.762343791999999909e-01 2.003761216999999928e-01 -8.006327129000000431e-01 4.924746051150000192e-01
1.413394942655760288e+09 7.114135615000000135e-01 1.888915107999999954e+00 2.070227039300000182e+00 2.624530829000000232e-01 1.871045678999999906e-01 -8.015510433000000434e-01 5.036131301930000248e-01
1.413394942705760479e+09 7.276963303000000272e-01 1.783026537100000031e+00 2.077770069000000053e+00 2.462779447000000010e-01 1.745904271000000008e-01 -8.012350062999999967e-01 5.166118672539999901e-01
1.413394942755760431e+09 7.396575353000000019e-01 1.674407409200000085e+00 2.080512141899999889e+00 2.238658098999999901e-01 1.663288585000000097e-01 -7.978393924000000137e-01 5.344820987989999939e-01
1.413394942805760622e+09 7.476782021000000222e-01 1.564093863000000084e+00 2.079276610500000011e+00 1.962127418999999873e-01 1.612882048000000013e-01 -7.904677030000000215e-01 5.573575920800000194e-01
1.413394942855760336e+09 7.521980152999999669e-01 1.453558190000000083e+00 2.073551835399999987e+00 1.657904951999999987e-01 1.579929405000000120e-01 -7.802778957999999543e-01 5.819949723599999736e-01
1.413394942905760527e+09 7.540709878000000366e-01 1.344250203499999907e+00 2.062637053200000015e+00 1.337098055000000008e-01 1.556338466999999948e-01 -7.681330682000000465e-01 6.065240170569999867e-01
1.413394942955760479e+09 7.544482277999999820e-01 1.237874608600000093e+00 2.047284317299999934e+00 1.034487964000000010e-01 1.517484497999999904e-01 -7.554665207999999854e-01 6.289205756369999900e-01
1.413394943005760431e+09 7.539858118000000164e-01 1.135449060900000084e+00 2.027752594799999919e+00 7.716846830000000101e-02 1.448023747000000139e-01 -7.448431868999999539e-01 6.467502815019999796e-01
1.413394943055760384e+09 7.533608039000000423e-01 1.037970583499999933e+00 2.004908637099999780e+00 5.470824650000000178e-02 1.354246477999999920e-01 -7.368284261999999973e-01 6.601144164910000001e-01
1.413394943105760574e+09 7.536359987999999843e-01 9.458926200999999701e-01 1.980308668199999955e+00 3.484357009999999866e-02 1.233460410000000035e-01 -7.311295209000000517e-01 6.700905188269999924e-01
1.413394943155760288e+09 7.547563618999999502e-01 8.600737516999999999e-01 1.953809917500000104e+00 1.671313820000000158e-02 1.098350632999999937e-01 -7.268902624999999951e-01 6.777075151539999620e-01
1.413394943205760479e+09 7.569869836999999491e-01 7.814223492999999854e-01 1.925511471499999905e+00 2.890402000000000249e-04 9.556920950000000192e-02 -7.235218207000000401e-01 6.836538727219999556e-01
1.413394943255760431e+09 7.604735653999999956e-01 7.101092840999999600e-01 1.894938510800000087e+00 1.557162299999999971e-02 -8.035315029999999525e-02 7.213130424999999457e-01 -6.877560545569999517e-01
1.413394943305760622e+09 7.657903651999999894e-01 6.462172565999999563e-01 1.863784239399999931e+00 2.944736010000000015e-02 -6.411712170000000155e-02 7.200066858000000458e-01 -6.903710741659999650e-01
1.413394943355760336e+09 7.735357341999999914e-01 5.907634425000000133e-01 1.833812853500000006e+00 4.224672370000000232e-02 -4.796080230000000083e-02 7.200621170000000015e-01 -6.909598566500000372e-01
1.413394943405760527e+09 7.837108990000000164e-01 5.446248943999999481e-01 1.806434799900000110e+00 5.483456469999999777e-02 -3.235045599999999966e-02 7.213235586999999782e-01 -6.896658191640000490e-01
1.413394943455760479e+09 7.965117273999999803e-01 5.075598209999999666e-01 1.781727670099999994e+00 6.845587899999999726e-02 -1.826250479999999912e-02 7.239144558000000229e-01 -6.862420376329999572e-01
1.413394943505760431e+09 8.124159562999999640e-01 4.783876395000000170e-01 1.760275414699999930e+00 8.215778699999999601e-02 -4.451766400000000366e-03 7.274020748999999730e-01 -6.812609640860000093e-01
1.413394943555760384e+09 8.318539012000000232e-01 4.562111459000000036e-01 1.741712561800000003e+00 9.405417200000000533e-02 8.960725100000000581e-03 7.339456930000000101e-01 -6.726048155020000197e-01
1.413394943605760574e+09 8.549732331999999602e-01 4.408233332000000004e-01 1.725403073400000098e+00 1.030861733999999946e-01 2.211453749999999982e-02 7.427246915999999866e-01 -6.612444484599999672e-01
1.413394943655760288e+09 8.822176250000000053e-01 4.316683894000000188e-01 1.711387473000000048e+00 1.086417093999999944e-01 3.475424039999999715e-02 7.540217874000000320e-01 -6.468695895360000447e-01
1.413394943705760479e+09 9.129182191000000390e-01 4.265317849999999966e-01 1.698685253400000095e+00 1.077720073999999945e-01 4.969241850000000182e-02 7.645896532999999495e-01 -6.334970560120000149e-01
1.413394943755760431e+09 9.459206391000000158e-01 4.243193073000000037e-01 1.685687339400000040e+00 1.075696450999999998e-01 6.290617649999999395e-02 7.728073021000000375e-01 -6.222864760349999802e-01
1.413394943805760622e+09 9.813373098000000017e-01 4.243466177999999922e-01 1.671977533900000035e+00 1.041679466999999998e-01 7.534878609999999532e-02 7.779405233999999725e-01 -6.150448287480000387e-01
1.413394943855760336e+09 1.018310833999999998e+00 4.252389235999999850e-01 1.657574555200000077e+00 9.653906510000000163e-02 8.800633659999999858e-02 7.803065976999999931e-01 -6.116017553479999869e-01
1.413394943905760527e+09 1.056098029499999980e+00 4.274870826000000124e-01 1.642018794399999981e+00 8.807565570000000510e-02 9.986748630000000237e-02 7.815599264999999463e-01 -6.094532347479999501e-01
1.413394943955760479e+09 1.094053791599999936e+00 4.316380632999999856e-01 1.624023849899999927e+00 7.896957520000000286e-02 1.100478064000000034e-01 7.835558610999999729e-01 -6.063773569989999723e-01
1.413394944005760431e+09 1.130956880600000103e+00 4.375581772000000091e-01 1.605068934900000022e+00 7.498076720000000639e-02 1.156663457000000061e-01 7.856279430000000508e-01 -6.031483368009999957e-01
1.413394944055760384e+09 1.166587738200000057e+00 4.446632457999999954e-01 1.586370724000000010e+00 7.645123530000000334e-02 1.171414969999999972e-01 7.881690203000000228e-01 -5.993518780730000550e-01
1.413394944105760574e+09 1.201027185999999913e+00 4.531016628999999796e-01 1.568978599600000079e+00 7.875522829999999364e-02 1.161691487000000023e-01 7.904685276999999788e-01 -5.962062140430000046e-01
1.413394944155760288e+09 1.234366562599999995e+00 4.625707634999999818e-01 1.553771670299999963e+00 8.171116259999999798e-02 1.147971702000000066e-01 7.921757260999999772e-01 -5.938034309209999639e-01
1.413394944205760479e+09 1.266867785599999907e+00 4.729813238000000197e-01 1.540650999199999927e+00 8.397986479999999809e-02 1.146459239999999963e-01 7.932492716000000277e-01 -5.920804738539999779e-01
1.413394944255760431e+09 1.298332064300000033e+00 4.842206123999999723e-01 1.529011332799999900e+00 8.484574709999999353e-02 1.167858603999999967e-01 7.958044610000000185e-01 -5.880965243410000154e-01
1.413394944305760622e+09 1.329058504300000054e+00 4.958798025000000220e-01 1.519501234800000100e+00 8.580485770000000068e-02 1.191261633999999986e-01 7.995291737999999926e-01 -5.824084338439999842e-01
1.413394944355760336e+09 1.358234431799999919e+00 5.066446247000000458e-01 1.514712379799999953e+00 8.706772940000000183e-02 1.213853656000000031e-01 8.043870679000000301e-01 -5.750184767260000385e-01
1.413394944405760527e+09 1.386257360099999891e+00 5.173685226999999998e-01 1.514339852400000019e+00 9.020562690000000217e-02 1.234206590000000020e-01 8.099581986999999650e-01 -5.662137424350000003e-01
1.413394944455760479e+09 1.412588073800000066e+00 5.267191722999999826e-01 1.517084749199999916e+00 9.513358900000000451e-02 1.254937302999999948e-01 8.157972739000000084e-01 -5.564851586660000127e-01
1.413394944505760431e+09 1.437612605400000021e+00 5.345771736000000107e-01 1.519638001499999946e+00 1.004566155999999932e-01 1.305697949000000080e-01 8.205585010999999485e-01 -5.473058955949999804e-01
1.413394944555760384e+09 1.461401890000000092e+00 5.404303040000000280e-01 1.520398283000000017e+00 1.034137454000000067e-01 1.413604437000000047e-01 8.236695008000000096e-01 -5.393434672419999965e-01
1.413394944605760574e+09 1.483680930000000009e+00 5.438833517000000173e-01 1.518548997399999934e+00 1.054559572000000056e-01 1.554004626000000111e-01 8.262462427000000220e-01 -5.310808637099999618e-01
1.413394944655760288e+09 1.504333629900000080e+00 5.451590735000000354e-01 1.513723329599999889e+00 1.079261366000000000e-01 1.717084712999999985e-01 8.291594711999999978e-01 -5.209248710349999589e-01
1.413394944705760479e+09 1.522569160400000010e+00 5.436826558999999781e-01 1.506353355699999952e+00 1.116860739999999963e-01 1.892340496999999899e-01 8.316424637999999536e-01 -5.099877524610000323e-01
1.413394944755760431e+09 1.537901827300000024e+00 5.391186531999999643e-01 1.496274275300000012e+00 1.173360147999999992e-01 2.077122688999999967e-01 8.328060672999999525e-01 -4.995216984290000162e-01
1.413394944805760622e+09 1.550484006000000026e+00 5.314631387999999568e-01 1.484348945999999891e+00 1.240505338000000013e-01 2.270025444999999864e-01 8.324641871000000304e-01 -4.899843743110000038e-01
1.413394944855760336e+09 1.559462716300000107e+00 5.201395591999999901e-01 1.470938948199999929e+00 1.317357597000000102e-01 2.461889885999999916e-01 8.302534225000000045e-01 -4.824063909030000263e-01
1.413394944905760527e+09 1.564446233099999972e+00 5.051039569999999923e-01 1.456556574199999954e+00 1.412883376000000080e-01 2.654431944999999793e-01 8.259557043999999904e-01 -4.768382225919999828e-01
1.413394944955760479e+09 1.565292211100000053e+00 4.863552328999999896e-01 1.440905652399999903e+00 1.523069408000000124e-01 2.850196305000000097e-01 8.197873941000000109e-01 -4.727737666649999837e-01
1.413394945005760431e+09 1.561718306800000011e+00 4.640955790999999886e-01 1.424438881599999984e+00 1.657357492000000043e-01 3.027809041000000256e-01 8.116196842999999772e-01 -4.713054992040000002e-01
1.413394945055760384e+09 1.553720703900000055e+00 4.387558409999999798e-01 1.407532807199999958e+00 1.827877324999999942e-01 3.175177536000000078e-01 8.018572716999999850e-01 -4.720127506469999901e-01
1.413394945105760574e+09 1.541909965099999891e+00 4.104801670000000069e-01 1.389652475799999953e+00 2.018207318999999944e-01 3.316213930999999948e-01 7.912362651000000024e-01 -4.724836681399999794e-01
1.413394945155760288e+09 1.526856234999999895e+00 3.795432189999999872e-01 1.371866295400000046e+00 2.207286552999999929e-01 3.446590610999999971e-01 7.803764385000000470e-01 -4.727595652389999792e-01
1.413394945205760479e+09 1.509128776200000077e+00 3.461915723999999805e-01 1.354911573499999911e+00 2.391310852000000098e-01 3.574502761999999723e-01 7.690357103999999611e-01 -4.728950203689999965e-01
1.413394945255760431e+09 1.489274782599999902e+00 3.106408319999999779e-01 1.338715963000000064e+00 2.569436762999999790e-01 3.707297393000000274e-01 7.565854785000000193e-01 -4.734108377189999994e-01
1.413394945305760622e+09 1.467170659800000054e+00 2.730918746000000064e-01 1.324018524900000049e+00 2.750012879000000021e-01 3.828365751000000206e-01 7.445604770000000538e-01 -4.726945573110000187e-01
1.413394945355760336e+09 1.443784643000000090e+00 2.337320035000000074e-01 1.311319850400000098e+00 2.930707258999999953e-01 3.942932365999999855e-01 7.306870032000000181e-01 -4.740663419639999931e-01
1.413394945405760527e+09 1.419662530399999900e+00 1.928226570999999889e-01 1.300072760099999947e+00 3.117162184000000225e-01 4.050018991000000068e-01 7.136807523999999514e-01 -4.790263505019999868e-01
1.413394945455760479e+09 1.395922916199999975e+00 1.506874008999999903e-01 1.289954264999999989e+00 3.259959927000000146e-01 4.184454778000000208e-01 6.949668263999999596e-01 -4.854390846980000118e-01
1.413394945505760431e+09 1.373209555599999909e+00 1.079911754000000002e-01 1.280659816200000023e+00 3.324046097999999727e-01 4.369681906999999810e-01 6.752344915000000336e-01 -4.925691395039999976e-01
1.413394945555760384e+09 1.351461022000000067e+00 6.587810230000000489e-02 1.271628697899999993e+00 3.356777597000000224e-01 4.575907030999999958e-01 6.556584398999999452e-01 -4.980393562259999851e-01
1.413394945605760574e+09 1.330959473200000076e+00 2.559891469999999933e-02 1.262530132400000005e+00 3.383473015999999833e-01 4.781970225000000130e-01 6.379625051999999741e-01 -4.998525313389999836e-01
1.413394945655760288e+09 1.311217696499999974e+00 -1.243434929999999959e-02 1.253927592099999933e+00 3.405468649999999764e-01 4.991732743999999777e-01 6.199113094999999518e-01 -5.005635256539999745e-01
1.413394945705760479e+09 1.292015647599999983e+00 -4.744453130000000213e-02 1.245717564500000041e+00 3.437366225999999858e-01 5.193255656999999914e-01 6.034733308999999934e-01 -4.979618760880000217e-01
1.413394945755760431e+09 1.273818239899999982e+00 -7.881285729999999712e-02 1.237951722000000032e+00 3.470370452000000050e-01 5.393695721000000276e-01 5.870356344999999587e-01 -4.939989046959999963e-01
1.413394945805760622e+09 1.255293600199999915e+00 -1.060025260999999941e-01 1.229920468400000022e+00 3.523948772000000118e-01 5.584121907000000329e-01 5.711495760000000477e-01 -4.876287908529999826e-01
1.413394945855760336e+09 1.235985170900000041e+00 -1.289551144999999954e-01 1.221861725899999973e+00 3.589302690999999768e-01 5.770330997999999489e-01 5.544003799000000177e-01 -4.804602818120000118e-01
1.413394945905760527e+09 1.217879495999999895e+00 -1.473663192000000122e-01 1.213378627099999996e+00 3.656508453000000269e-01 5.955465694999999560e-01 5.365752000000000299e-01 -4.729807582850000247e-01
1.413394945955760479e+09 1.201464185400000106e+00 -1.605223494999999945e-01 1.204917361999999992e+00 3.746540944999999789e-01 6.127230596999999612e-01 5.194242438999999711e-01 -4.630369494159999877e-01
1.413394946005760431e+09 1.185321353700000024e+00 -1.682628000999999984e-01 1.196870059499999916e+00 3.871186059999999762e-01 6.275675158000000309e-01 5.040557106999999926e-01 -4.496954953280000167e-01
1.413394946055760384e+09 1.170691241599999932e+00 -1.707998940999999882e-01 1.188997992100000012e+00 4.028009765000000186e-01 6.402657814000000114e-01 4.908679213000000097e-01 -4.322728147789999809e-01
1.413394946155760288e+09 1.144160979100000031e+00 -1.624751728999999922e-01 1.176502570300000050e+00 4.344034526000000174e-01 6.635176164999999626e-01 4.631027934999999984e-01 -3.956940934420000167e-01
1.413394946205760479e+09 1.133955707699999982e+00 -1.536499011000000137e-01 1.171126004400000031e+00 4.493876414999999902e-01 6.742655756000000000e-01 4.468435204999999799e-01 -3.791405405600000167e-01
1.413394946255760431e+09 1.124618278300000052e+00 -1.423424642999999989e-01 1.166377570399999897e+00 4.620706486999999751e-01 6.859287482000000491e-01 4.281368440000000164e-01 -3.642681854820000176e-01
1.413394946355760336e+09 1.110204251000000086e+00 -1.130454369000000042e-01 1.157242222600000092e+00 4.796127483000000025e-01 7.114612634000000435e-01 3.861483052999999943e-01 -3.386502159550000002e-01
1.413394946455760479e+09 1.102189851399999920e+00 -7.452603750000000304e-02 1.148696513099999983e+00 4.917132415000000090e-01 7.369688571000000410e-01 3.422884120999999946e-01 -3.129435007710000272e-01
1.413394946555760384e+09 1.102312499700000004e+00 -2.653857349999999907e-02 1.142084621400000000e+00 5.037245981000000317e-01 7.586309240999999925e-01 2.972428469000000240e-01 -2.870319498680000136e-01
1.413394946655760288e+09 1.113302872700000057e+00 3.070735900000000004e-02 1.135365376900000056e+00 5.263565527000000355e-01 7.704264629999999503e-01 2.587631873999999832e-01 -2.498668794220000045e-01
1.413394946755760431e+09 1.132453377100000047e+00 9.539128349999999312e-02 1.129133765299999981e+00 5.547456384000000185e-01 7.748887959000000381e-01 2.234758309000000054e-01 -2.046049453269999929e-01
1.413394946855760336e+09 1.159225766000000046e+00 1.597163118000000104e-01 1.123730305000000040e+00 5.745201959000000302e-01 7.810294472000000043e-01 1.845312706999999997e-01 -1.608345648339999934e-01
1.413394946955760479e+09 1.191418599199999928e+00 2.209762580999999892e-01 1.120900824600000067e+00 5.891085704999999839e-01 7.864528010000000346e-01 1.417238765000000122e-01 -1.198224807609999942e-01
1.413394947055760384e+09 1.227768701200000034e+00 2.764227278999999982e-01 1.122480122500000066e+00 6.001287208000000151e-01 7.899771547999999699e-01 9.851160870000000291e-02 -7.795560454239999770e-02
1.413394947155760288e+09 1.266053129699999946e+00 3.236982149000000031e-01 1.132634177599999958e+00 6.014037723999999807e-01 7.961119572999999505e-01 5.552294339999999662e-02 -3.790061639319999842e-02
1.413394947255760431e+09 1.304249067700000042e+00 3.631302363000000200e-01 1.158023926000000037e+00 5.937491306000000080e-01 8.045270459000000152e-01 1.407468909999999920e-02 -3.246850755089999985e-04
1.413394947355760336e+09 1.340703799599999968e+00 3.950227557000000056e-01 1.201230292099999986e+00 5.969835072000000409e-01 8.011809452999999470e-01 -2.385370230000000147e-02 3.392323616679999987e-02
1.413394947455760479e+09 1.371681296800000061e+00 4.214258813000000270e-01 1.259811086600000074e+00 6.015745757999999554e-01 7.949951547000000396e-01 -5.214651189999999770e-02 5.806440486239999865e-02
1.413394947555760384e+09 1.395939674000000075e+00 4.401675476999999947e-01 1.323049722900000003e+00 5.951252612999999858e-01 7.973585734999999453e-01 -7.170116799999999568e-02 7.002978825989999989e-02
1.413394947655760288e+09 1.414971740699999980e+00 4.523346323999999918e-01 1.377395229900000073e+00 5.717794909000000203e-01 8.127073095000000302e-01 -8.188758399999999937e-02 7.661244389200000393e-02
1.413394947755760431e+09 1.430206867399999915e+00 4.641493895000000092e-01 1.418463685000000085e+00 5.417410528999999642e-01 8.329205066999999518e-01 -8.368099739999999842e-02 7.587853284169999990e-02
1.413394947855760336e+09 1.441902449399999897e+00 4.824611719999999937e-01 1.452424323700000075e+00 5.195194185999999492e-01 8.486441745999999675e-01 -7.358857159999999953e-02 6.698776538860000407e-02
1.413394947955760479e+09 1.451821722000000037e+00 5.159542108000000349e-01 1.493634697200000083e+00 5.114370129999999959e-01 8.559852529999999460e-01 -5.352938019999999714e-02 5.344187241630000279e-02
1.413394948055760384e+09 1.460050138800000008e+00 5.657057484999999941e-01 1.545796873700000074e+00 5.063999559999999844e-01 8.610459766000000403e-01 -2.898070520000000164e-02 3.631844487739999822e-02
1.413394948155760288e+09 1.468035895599999918e+00 6.316584535000000500e-01 1.597125875899999992e+00 4.969530843000000142e-01 8.674935602000000134e-01 -5.276844800000000425e-03 2.155713229910000139e-02
1.413394948255760431e+09 1.475733818499999961e+00 7.151942255000000026e-01 1.640704525000000080e+00 5.064125654000000143e-01 8.619794392999999832e-01 1.770816580000000168e-02 1.497266455530000054e-02
1.413394948355760336e+09 1.480572853900000041e+00 8.164607686000000530e-01 1.680586104799999925e+00 5.457212044999999456e-01 8.371195269000000216e-01 3.599503419999999787e-02 1.111855065799999959e-02
1.413394948455760479e+09 1.481250514699999909e+00 9.217300843000000299e-01 1.715793766300000023e+00 5.970109936999999922e-01 8.008792505999999811e-01 4.627425639999999812e-02 5.384483838970000047e-03
1.413394948555760384e+09 1.478359139699999991e+00 1.018038541199999925e+00 1.747656895800000054e+00 6.451055788999999763e-01 7.624456034000000049e-01 5.015456749999999686e-02 -1.154669131009999981e-04
1.413394948655760288e+09 1.472201355800000000e+00 1.095079615600000000e+00 1.779622991799999943e+00 6.744781681000000528e-01 7.366387600999999563e-01 4.913564990000000160e-02 -5.312799463100000182e-03
1.413394948755760431e+09 1.463529086100000098e+00 1.141402467600000081e+00 1.813714348199999993e+00 6.906199727999999816e-01 7.216115124999999964e-01 4.788102489999999933e-02 -5.318421402349999931e-03
1.413394948855760336e+09 1.452740057900000048e+00 1.156836672500000107e+00 1.848293958299999984e+00 6.732894426000000099e-01 7.379185352999999559e-01 4.640456980000000342e-02 -2.043906495530000127e-03
1.413394948955760479e+09 1.438913401500000022e+00 1.148520047299999902e+00 1.883371989500000065e+00 6.343690025999999538e-01 7.717276512999999838e-01 4.478962870000000041e-02 2.507983352160000033e-03
1.413394949055760384e+09 1.421863435199999914e+00 1.125587086799999970e+00 1.908651002400000074e+00 5.808767555999999610e-01 8.127377109000000210e-01 4.391793459999999982e-02 1.052725289630000033e-02
1.413394949155760288e+09 1.400018635499999942e+00 1.097090046599999980e+00 1.919876391599999899e+00 5.273197152999999915e-01 8.484331028999999580e-01 4.278880079999999864e-02 1.625750205949999874e-02
1.413394949255760431e+09 1.372617364399999929e+00 1.079197879000000082e+00 1.922608564299999934e+00 4.907057483000000220e-01 8.701070593999999936e-01 4.131103230000000154e-02 2.037086805639999956e-02
1.413394949355760336e+09 1.338423541200000066e+00 1.082913933800000006e+00 1.918082366599999977e+00 4.688949922000000270e-01 8.820919757999999833e-01 3.876744499999999760e-02 2.341618561340000002e-02
1.413394949455760479e+09 1.297033499899999942e+00 1.112793674099999963e+00 1.909416455699999959e+00 4.678600109000000118e-01 8.827128615999999539e-01 3.629992590000000185e-02 2.464405560930000086e-02
1.413394949555760384e+09 1.247875316300000037e+00 1.171970474000000095e+00 1.909965490800000110e+00 5.105749370000000065e-01 8.587190828999999859e-01 3.563340040000000097e-02 2.539746371320000112e-02
1.413394949655760288e+09 1.191929076699999923e+00 1.248111212500000011e+00 1.919732744300000071e+00 5.730336891999999738e-01 8.184815364999999954e-01 3.424887339999999752e-02 2.339615562230000154e-02
1.413394949755760431e+09 1.130538977200000073e+00 1.321222998000000093e+00 1.932597424799999963e+00 6.234193940000000156e-01 7.810743616999999972e-01 3.045437100000000091e-02 1.853731165799999900e-02
1.413394949855760336e+09 1.064576206599999963e+00 1.379505617500000003e+00 1.943904860199999973e+00 6.478362194000000240e-01 7.613325610000000188e-01 2.462373480000000156e-02 8.639215033369999908e-03
1.413394949955760479e+09 9.961102484999999618e-01 1.417424507400000033e+00 1.953098399699999987e+00 6.478207339999999537e-01 7.614601606999999994e-01 1.925114039999999832e-02 -1.166678157320000069e-02
1.413394950055760384e+09 9.290835632999999705e-01 1.436275804399999911e+00 1.963795518800000028e+00 6.449318370000000078e-01 7.630899633000000071e-01 1.951478679999999952e-02 -3.709186624860000281e-02
1.413394950155760288e+09 8.679177741000000390e-01 1.437279571499999964e+00 1.974167635799999987e+00 6.331588569999999638e-01 7.706579154999999570e-01 2.362230229999999834e-02 -6.810452171450000203e-02
1.413394950255760431e+09 8.182812684000000392e-01 1.424971213599999897e+00 1.979477036500000064e+00 5.955396346000000340e-01 7.972709131999999865e-01 3.208910680000000293e-02 -9.306945631419999421e-02
1.413394950355760336e+09 7.851794563999999754e-01 1.410644872600000044e+00 1.981334309700000018e+00 5.511910212999999725e-01 8.283887258000000031e-01 5.660254669999999905e-02 -8.219932280590000473e-02
1.413394950455760479e+09 7.625922421999999923e-01 1.404582423799999980e+00 1.985812219999999906e+00 5.173410345000000188e-01 8.497523216000000268e-01 8.389609630000000040e-02 -5.692706683370000326e-02
1.413394950555760384e+09 7.400894478999999748e-01 1.414582949199999939e+00 1.995445430299999989e+00 4.962941665999999752e-01 8.614232185000000319e-01 1.007477653000000001e-01 -3.862676140940000252e-02
1.413394950655760288e+09 7.106823030000000152e-01 1.445299899399999921e+00 2.011790234199999805e+00 4.951299780000000261e-01 8.614798736000000012e-01 1.087282081000000011e-01 -2.961265059070000011e-02
1.413394950755760431e+09 6.706772328000000227e-01 1.497098140899999930e+00 2.037489559399999983e+00 5.318143287000000052e-01 8.384651583000000130e-01 1.154069129999999999e-01 -2.882607500410000120e-02
1.413394950855760336e+09 6.204927279999999934e-01 1.557440629200000037e+00 2.069639724800000025e+00 5.888951293999999947e-01 7.980276231999999803e-01 1.210436215999999982e-01 -4.126597582469999914e-02
1.413394950955760479e+09 5.647056857000000152e-01 1.610020743500000018e+00 2.103164045999999843e+00 6.440206772000000024e-01 7.515844207999999860e-01 1.297243137000000102e-01 -5.941235715829999708e-02
1.413394951055760384e+09 5.072498227999999720e-01 1.640583757799999987e+00 2.136894773799999925e+00 6.826147518999999830e-01 7.122578511999999584e-01 1.425165375999999928e-01 -8.009301097809999603e-02
1.413394951155760288e+09 4.522546781999999821e-01 1.638748711899999932e+00 2.171370369599999961e+00 6.946917015000000362e-01 6.940728201000000430e-01 1.544869628999999966e-01 -1.086284427449999979e-01
1.413394951255760431e+09 4.054860526999999881e-01 1.602898462700000026e+00 2.203916224799999934e+00 6.729321884000000198e-01 7.065217548000000125e-01 1.695441128999999880e-01 -1.387230107730000050e-01
1.413394951355760336e+09 3.711853666000000107e-01 1.541186909299999908e+00 2.233051346199999898e+00 6.170733283999999541e-01 7.481218616999999460e-01 1.883520834000000088e-01 -1.551053839250000066e-01
1.413394951455760479e+09 3.473694760000000104e-01 1.468214616400000061e+00 2.260178307599999936e+00 5.423679256000000226e-01 7.991608197999999774e-01 2.090518694000000066e-01 -1.532198854310000136e-01
1.413394951555760384e+09 3.256958407000000166e-01 1.402397479800000069e+00 2.291693759200000180e+00 4.755340136999999801e-01 8.387186602999999741e-01 2.235292314000000002e-01 -1.430143116619999877e-01
1.413394951655760288e+09 2.981539639999999936e-01 1.357945323899999890e+00 2.329068554400000046e+00 4.313387920999999792e-01 8.625685961000000290e-01 2.273581054999999906e-01 -1.350205740629999984e-01
1.413394951755760431e+09 2.584967870000000056e-01 1.347173226200000018e+00 2.370539510600000010e+00 4.088792667999999741e-01 8.746656275999999952e-01 2.276057885999999975e-01 -1.263858774140000085e-01
1.413394951855760336e+09 2.019339558000000090e-01 1.380228619499999976e+00 2.423449805400000212e+00 4.434255652999999908e-01 8.580841114999999686e-01 2.287174412000000101e-01 -1.214650472060000014e-01
1.413394951955760479e+09 1.311192426999999994e-01 1.441481238099999951e+00 2.481946489199999828e+00 5.040597379000000267e-01 8.244668416000000555e-01 2.246441717000000060e-01 -1.253523185809999885e-01
1.413394952055760384e+09 5.332444320000000182e-02 1.512617634599999983e+00 2.541631862700000077e+00 5.673228500000000452e-01 7.832943717000000472e-01 2.141824231999999995e-01 -1.368232463999999871e-01
1.413394952155760288e+09 -2.382098109999999935e-02 1.579199357000000026e+00 2.589530420300000024e+00 6.128655720000000251e-01 7.490827210999999597e-01 2.050563156000000109e-01 -1.456803869430000065e-01
1.413394952255760431e+09 -9.543158929999999429e-02 1.631984851699999961e+00 2.619613984599999945e+00 6.225794877000000449e-01 7.411990205999999803e-01 1.992859200000000053e-01 -1.526562001189999962e-01
1.413394952355760336e+09 -1.612223889000000132e-01 1.670120230300000008e+00 2.630114616300000208e+00 5.945360109999999754e-01 7.620218585000000378e-01 2.014462179000000019e-01 -1.589623858729999895e-01
1.413394952455760479e+09 -2.225447902999999894e-01 1.700272131800000031e+00 2.632437299399999819e+00 5.586270232000000169e-01 7.842291300000000520e-01 2.057167866999999872e-01 -1.749317705760000119e-01
1.413394952555760384e+09 -2.781028714000000068e-01 1.732024505400000081e+00 2.639132744199999880e+00 5.314976623999999594e-01 7.976627030999999812e-01 2.189496690999999939e-01 -1.824979158130000112e-01
1.413394952655760288e+09 -3.278650653999999887e-01 1.771916672699999973e+00 2.657169376200000155e+00 5.248188294000000198e-01 7.977666499000000133e-01 2.414687511999999980e-01 -1.727032448430000089e-01
1.413394952755760431e+09 -3.790338343999999915e-01 1.822098448700000040e+00 2.688976720099999884e+00 5.368245759999999978e-01 7.859569323999999746e-01 2.573325556000000125e-01 -1.669461916699999937e-01
1.413394952855760336e+09 -4.342430424000000011e-01 1.876664052800000038e+00 2.723493134099999935e+00 5.677536319999999526e-01 7.608919071999999950e-01 2.613764646000000247e-01 -1.743033638710000111e-01
1.413394952955760479e+09 -4.894436576000000261e-01 1.927157088700000021e+00 2.752100213799999917e+00 6.058911046999999606e-01 7.286704291000000167e-01 2.578537382000000155e-01 -1.882732711450000040e-01
1.413394953055760384e+09 -5.381065250000000022e-01 1.964318634500000105e+00 2.768484462300000004e+00 6.351628271999999464e-01 7.022108471000000351e-01 2.520057239999999865e-01 -1.999030372370000086e-01
1.413394953155760288e+09 -5.755794223000000320e-01 1.982851750900000098e+00 2.776782326100000198e+00 6.529408820000000002e-01 6.853616566000000354e-01 2.471000104999999947e-01 -2.070970524390000067e-01
1.413394953255760431e+09 -5.970663671999999478e-01 1.975810153799999913e+00 2.794037953900000204e+00 6.637560891999999546e-01 6.750750353000000148e-01 2.432351235000000111e-01 -2.110408148569999920e-01
1.413394953355760336e+09 -5.988012113999999775e-01 1.937954487300000084e+00 2.833781689299999851e+00 6.765919957999999568e-01 6.631155730000000137e-01 2.376776707999999905e-01 -2.145001930379999977e-01
1.413394953455760479e+09 -5.806097404000000184e-01 1.870038109400000037e+00 2.879277896000000059e+00 6.678961771000000436e-01 6.728737140999999644e-01 2.376684762000000062e-01 -2.113512643259999879e-01
1.413394953555760384e+09 -5.477219683999999811e-01 1.780576785400000084e+00 2.898037481099999813e+00 6.157122539999999589e-01 7.220333478999999555e-01 2.524503310999999806e-01 -1.893015981410000048e-01
1.413394953655760288e+09 -5.083317693000000137e-01 1.679784827700000038e+00 2.880297600500000055e+00 5.532753752000000302e-01 7.717183307999999631e-01 2.680649460999999789e-01 -1.627217311999999971e-01
1.413394953755760431e+09 -4.715563644999999915e-01 1.579122947999999971e+00 2.826216566199999836e+00 5.015056119999999895e-01 8.069697528000000508e-01 2.777074090000000162e-01 -1.420230061789999887e-01
1.413394953855760336e+09 -4.447930656999999899e-01 1.487313311499999902e+00 2.741933311099999937e+00 4.672224837000000242e-01 8.277015935000000546e-01 2.833420675000000166e-01 -1.277908277450000019e-01
1.413394953955760479e+09 -4.347871453000000108e-01 1.412192110099999898e+00 2.647488293099999890e+00 4.691363295000000044e-01 8.267285143000000502e-01 2.834674159000000193e-01 -1.267962622129999994e-01
1.413394954055760384e+09 -4.429098367000000036e-01 1.354444191900000094e+00 2.557647100100000070e+00 5.078937320999999949e-01 8.031241064999999901e-01 2.784844367000000043e-01 -1.395780962139999970e-01
1.413394954155760288e+09 -4.629728437999999779e-01 1.305792609899999901e+00 2.472828977399999850e+00 5.554983189000000099e-01 7.701706494000000180e-01 2.724639722000000153e-01 -1.549908781669999958e-01
1.413394954255760431e+09 -4.868516487999999809e-01 1.254653720599999911e+00 2.392111864499999907e+00 6.003368569000000488e-01 7.348049866000000430e-01 2.649112614999999948e-01 -1.716954087789999972e-01
1.413394954355760336e+09 -5.071156310000000111e-01 1.191570907900000087e+00 2.315976252700000071e+00 6.307172913999999908e-01 7.080610571000000020e-01 2.587187732999999823e-01 -1.841462301150000036e-01
1.413394954455760479e+09 -5.189028951999999917e-01 1.109629635199999909e+00 2.252073214100000165e+00 6.350233513999999913e-01 7.038037283000000421e-01 2.542153560000000034e-01 -1.917816677030000083e-01
1.413394954555760384e+09 -5.202483906000000546e-01 1.008250446999999994e+00 2.199799229699999970e+00 6.022539068000000162e-01 7.316589249999999600e-01 2.562202484000000169e-01 -1.905692354640000086e-01
1.413394954655760288e+09 -5.132731660999999557e-01 8.946117017000000393e-01 2.150675715399999799e+00 5.411792706000000397e-01 7.792475854999999507e-01 2.595877737999999768e-01 -1.803119109920000018e-01
1.413394954755760431e+09 -5.057089792000000195e-01 7.850698762000000164e-01 2.101204521500000144e+00 4.801526293999999750e-01 8.213799974000000059e-01 2.572758756999999896e-01 -1.691078833230000023e-01
1.413394954855760336e+09 -5.048544839999999922e-01 6.945142261000000206e-01 2.047471532299999897e+00 4.487132857000000197e-01 8.424113494999999618e-01 2.533805505000000236e-01 -1.574731789880000066e-01
1.413394954955760479e+09 -5.152746074999999815e-01 6.317189052999999666e-01 1.991885986500000039e+00 4.732260126000000233e-01 8.304106432000000204e-01 2.539610044999999761e-01 -1.482535422479999976e-01
1.413394955055760384e+09 -5.366986006999999725e-01 5.862167216000000458e-01 1.932968697299999983e+00 5.220337293000000267e-01 7.988139301000000136e-01 2.572325481000000136e-01 -1.523433843220000083e-01
1.413394955155760288e+09 -5.656533534000000030e-01 5.451811917000000118e-01 1.875267314400000052e+00 5.667772277999999497e-01 7.621657560000000275e-01 2.646983470000000005e-01 -1.667384763320000074e-01
1.413394955255760431e+09 -5.957918647000000067e-01 4.974015494999999842e-01 1.821616851599999976e+00 5.985645015999999652e-01 7.278734829999999878e-01 2.771005246000000088e-01 -1.874460706420000011e-01
1.413394955355760336e+09 -6.221959581999999545e-01 4.348275657999999821e-01 1.776848538100000097e+00 5.942136931000000510e-01 7.177277120999999704e-01 2.907774797000000078e-01 -2.173142320850000031e-01
1.413394955455760479e+09 -6.406020434000000430e-01 3.600712721000000061e-01 1.744079745000000070e+00 5.401345978999999575e-01 7.430581468000000411e-01 3.009821360000000112e-01 -2.559862505919999753e-01
1.413394955555760384e+09 -6.487796189000000213e-01 2.904377088000000273e-01 1.722338058799999905e+00 4.721431838999999853e-01 7.766763585000000525e-01 3.145485513999999871e-01 -2.737039584229999933e-01
1.413394955655760288e+09 -6.515611537000000064e-01 2.445338636000000121e-01 1.714768611100000006e+00 4.262186810999999964e-01 7.977269337000000293e-01 3.357980220999999821e-01 -2.630761552620000110e-01
1.413394955755760431e+09 -6.624044261000000544e-01 2.310723507999999926e-01 1.716223145400000094e+00 4.227855902000000055e-01 7.961188164000000400e-01 3.642549556999999938e-01 -2.340203026690000077e-01
1.413394955855760336e+09 -6.893133764000000108e-01 2.430206012999999998e-01 1.725625268199999951e+00 4.508006031999999830e-01 7.779945444000000432e-01 3.812237775000000273e-01 -2.148760956870000016e-01
1.413394955905760527e+09 -7.094506695000000196e-01 2.545939635999999728e-01 1.732794041300000032e+00 4.683955502000000104e-01 7.671146449000000311e-01 3.830362037000000219e-01 -2.131290612950000052e-01
1.413394955955760479e+09 -7.335058020000000401e-01 2.683997153000000080e-01 1.741597004199999965e+00 4.866198955000000104e-01 7.560849599000000199e-01 3.808098323999999923e-01 -2.156860732950000026e-01
1.413394956005760431e+09 -7.607741125000000437e-01 2.834305032000000169e-01 1.752259327600000027e+00 5.062576613999999475e-01 7.438370639000000395e-01 3.758668809999999860e-01 -2.216612066960000071e-01
1.413394956105760574e+09 -8.205290258999999864e-01 3.126454713999999857e-01 1.776844057899999996e+00 5.489111089000000554e-01 7.140867931000000057e-01 3.626142299999999818e-01 -2.393482123389999994e-01
1.413394956205760479e+09 -8.787812120000000338e-01 3.327801268999999729e-01 1.802786577500000043e+00 5.772490660000000329e-01 6.884098986000000142e-01 3.520393408999999973e-01 -2.625711899079999911e-01
1.413394956305760622e+09 -9.267672156999999800e-01 3.380578369000000194e-01 1.828072388600000098e+00 5.862293015999999746e-01 6.706677537999999883e-01 3.508187866999999960e-01 -2.889050863100000033e-01
1.413394956405760527e+09 -9.602426559000000195e-01 3.290760016000000010e-01 1.847613074200000094e+00 5.736297518999999845e-01 6.640023953999999451e-01 3.612986237999999961e-01 -3.154568608050000167e-01
1.413394956505760431e+09 -9.778559243000000123e-01 3.106696850999999815e-01 1.854051826599999897e+00 5.396009708000000238e-01 6.712647364999999589e-01 3.891962845999999976e-01 -3.267425559870000273e-01
1.413394956605760574e+09 -9.832819458999999540e-01 2.903579863999999899e-01 1.847534441699999919e+00 4.987850640000000002e-01 6.828715480000000504e-01 4.292162545000000051e-01 -3.172905855400000030e-01
1.413394956655760288e+09 -9.841621792000000424e-01 2.813359926999999816e-01 1.840930093000000101e+00 4.757082139000000098e-01 6.908676514999999574e-01 4.499714656000000090e-01 -3.064788141070000083e-01
1.413394956705760479e+09 -9.855840580000000406e-01 2.733267231000000019e-01 1.834959455199999923e+00 4.535513738999999989e-01 6.986721137000000414e-01 4.679507062000000106e-01 -2.952466177529999847e-01
1.413394956755760431e+09 -9.895886233999999781e-01 2.667353793000000195e-01 1.830242904299999918e+00 4.341763126000000028e-01 7.051346935000000204e-01 4.826061930000000166e-01 -2.852494631110000234e-01
1.413394956805760622e+09 -9.978750954999999756e-01 2.620746405000000112e-01 1.827606269799999961e+00 4.207247478999999735e-01 7.084590763000000457e-01 4.934048822000000056e-01 -2.786181005600000260e-01
1.413394956855760336e+09 -1.012012674700000003e+00 2.598066593000000202e-01 1.827730666799999959e+00 4.172255639999999932e-01 7.064836411999999566e-01 4.999776078000000012e-01 -2.771751885159999818e-01
1.413394956905760527e+09 -1.032163095600000080e+00 2.595476783999999815e-01 1.830605184499999982e+00 4.224674153999999904e-01 7.005022492000000378e-01 5.013362621000000408e-01 -2.819216807370000244e-01
1.413394956955760479e+09 -1.057169355899999941e+00 2.607432305999999866e-01 1.834748648900000001e+00 4.306536236999999878e-01 6.933508336000000494e-01 5.005784227999999780e-01 -2.884845239750000179e-01
1.413394957005760431e+09 -1.085855382200000108e+00 2.630594701000000257e-01 1.839435259300000070e+00 4.397059192000000172e-01 6.859417331999999590e-01 4.989299327000000228e-01 -2.953160434770000231e-01
1.413394957055760384e+09 -1.118112943300000106e+00 2.663215139999999814e-01 1.845621665099999920e+00 4.518361376000000207e-01 6.771355801999999757e-01 4.947062846999999985e-01 -3.042978846480000055e-01
1.413394957105760574e+09 -1.152758598199999929e+00 2.697108615000000098e-01 1.853356666700000099e+00 4.653597353000000214e-01 6.674323921999999465e-01 4.879868324000000146e-01 -3.159796985730000118e-01
1.413394957155760288e+09 -1.188518437799999994e+00 2.730317320000000270e-01 1.862303163500000025e+00 4.795233313999999747e-01 6.571049007999999469e-01 4.792961587999999828e-01 -3.294627689090000033e-01
1.413394957205760479e+09 -1.224078374200000097e+00 2.761787714999999754e-01 1.872342163599999942e+00 4.949470489000000195e-01 6.457043903000000418e-01 4.696872656000000146e-01 -3.427639591319999735e-01
1.413394957255760431e+09 -1.257863406900000092e+00 2.784679413999999742e-01 1.882908237299999898e+00 5.080229934000000114e-01 6.348675163000000454e-01 4.603940746999999889e-01 -3.562206771079999834e-01
1.413394957305760622e+09 -1.288889407699999934e+00 2.799994624000000099e-01 1.894855767499999954e+00 5.210626975000000050e-01 6.237338895999999799e-01 4.492527720000000224e-01 -3.709739170060000202e-01
1.413394957355760336e+09 -1.315917544499999980e+00 2.804071639999999865e-01 1.907867970699999915e+00 5.334662970000000337e-01 6.125272242999999506e-01 4.371301711000000201e-01 -3.861881964389999866e-01
1.413394957405760527e+09 -1.337393984300000005e+00 2.796355292000000103e-01 1.920662451000000104e+00 5.432046850999999732e-01 6.030205216999999784e-01 4.277833811999999791e-01 -3.978646744759999909e-01
1.413394957455760479e+09 -1.352599381000000101e+00 2.777722000000000246e-01 1.932727343600000092e+00 5.466166779000000142e-01 5.993255697999999576e-01 4.226252736000000176e-01 -4.042362514289999931e-01
1.413394957505760431e+09 -1.361106355200000007e+00 2.745139882000000031e-01 1.943448550000000052e+00 5.414664394000000547e-01 6.028331326000000434e-01 4.231933561999999815e-01 -4.053562537909999874e-01
1.413394957555760384e+09 -1.362781768000000060e+00 2.701668829000000160e-01 1.953614280900000111e+00 5.282263573000000045e-01 6.128078762999999984e-01 4.301635819999999888e-01 -4.005030773209999895e-01
1.413394957605760574e+09 -1.358306593800000073e+00 2.647477163999999994e-01 1.962408322900000002e+00 5.096440988999999533e-01 6.263313165999999654e-01 4.421794149000000118e-01 -3.904476140509999804e-01
1.413394957655760288e+09 -1.349285855600000028e+00 2.591002229000000101e-01 1.970834378499999984e+00 4.899084322999999741e-01 6.393820639999999722e-01 4.574682586000000106e-01 -3.767002741230000007e-01
1.413394957705760479e+09 -1.337647411599999892e+00 2.537839775999999881e-01 1.977260624199999928e+00 4.687170984999999845e-01 6.517625019999999658e-01 4.740116583999999800e-01 -3.616944431690000128e-01
1.413394957755760431e+09 -1.325107075200000040e+00 2.489042707000000132e-01 1.980881669600000006e+00 4.463130837000000017e-01 6.633565344999999835e-01 4.908806215000000028e-01 -3.461198561859999967e-01
1.413394957805760622e+09 -1.313749671699999899e+00 2.450022876000000072e-01 1.983800073500000094e+00 4.269132400000000271e-01 6.714914274000000072e-01 5.050603463999999709e-01 -3.343028490380000051e-01
1.413394957855760336e+09 -1.305046530899999890e+00 2.423401705000000073e-01 1.986399993400000064e+00 4.133983192999999834e-01 6.749347050999999764e-01 5.148945052000000189e-01 -3.293153835900000104e-01
1.413394957905760527e+09 -1.300061908200000005e+00 2.410571373000000017e-01 1.989110321300000095e+00 4.070986529999999770e-01 6.731817245000000227e-01 5.212071683000000233e-01 -3.308173820659999764e-01
1.413394957955760479e+09 -1.298713168599999968e+00 2.409847937000000051e-01 1.991429702200000040e+00 4.047022874000000270e-01 6.678822653999999526e-01 5.249057555999999680e-01 -3.385606089370000182e-01
1.413394958005760431e+09 -1.301179567699999984e+00 2.424226482000000071e-01 1.993668075700000042e+00 4.074915360999999958e-01 6.584782490999999682e-01 5.254795383000000486e-01 -3.524603499519999850e-01
1.413394958055760384e+09 -1.305935457599999960e+00 2.454203621999999918e-01 1.995717451099999984e+00 4.143236802999999968e-01 6.451033081999999474e-01 5.235383914000000249e-01 -3.715981194910000229e-01
1.413394958105760574e+09 -1.312061338299999935e+00 2.500163598999999848e-01 1.997761634099999961e+00 4.250039573000000126e-01 6.273014698000000111e-01 5.209136838000000269e-01 -3.930819714279999988e-01
1.413394958155760288e+09 -1.317977665199999926e+00 2.556907385000000144e-01 2.000282600099999808e+00 4.366213237000000080e-01 6.074649010999999543e-01 5.176423031000000341e-01 -4.152043589009999924e-01
1.413394958205760479e+09 -1.322395929000000026e+00 2.621703380000000028e-01 2.002793473800000168e+00 4.471377049999999964e-01 5.865368998000000111e-01 5.145109954000000041e-01 -4.374023017149999970e-01
1.413394958255760431e+09 -1.323272957099999925e+00 2.697790996000000163e-01 2.004981768599999992e+00 4.549964423000000258e-01 5.664988112000000076e-01 5.140260242999999951e-01 -4.558887810969999843e-01
1.413394958305760622e+09 -1.320002375799999905e+00 2.785595309000000186e-01 2.008199759300000053e+00 4.618593951000000142e-01 5.469930747000000260e-01 5.149190317999999822e-01 -4.715324656179999963e-01
1.413394958355760336e+09 -1.311848741799999996e+00 2.884116287999999861e-01 2.012324346000000208e+00 4.646827037999999854e-01 5.308563538999999665e-01 5.170024776999999627e-01 -4.847369950339999733e-01
1.413394958405760527e+09 -1.297295212499999906e+00 2.995022614000000249e-01 2.014410787100000100e+00 4.595443265999999971e-01 5.217708332999999588e-01 5.283287200999999822e-01 -4.872812051629999974e-01
1.413394958455760479e+09 -1.276846297999999935e+00 3.115734457000000068e-01 2.014391338099999818e+00 4.425083832000000217e-01 5.233057360999999741e-01 5.480917302000000157e-01 -4.795131829959999870e-01
1.413394958505760431e+09 -1.251587561000000015e+00 3.246451108000000252e-01 2.014150325400000163e+00 4.212283123000000185e-01 5.283836505000000239e-01 5.720789581999999873e-01 -4.648688980810000149e-01
1.413394958555760384e+09 -1.222838876800000030e+00 3.384471278000000249e-01 2.013863927400000087e+00 3.948431520999999833e-01 5.365809579000000440e-01 5.971576658999999676e-01 -4.467465532680000018e-01
1.413394958605760574e+09 -1.193198498999999968e+00 3.528029657000000263e-01 2.013803074900000212e+00 3.674767667000000126e-01 5.447818831999999833e-01 6.220973568000000009e-01 -4.256388191039999769e-01
1.413394958655760288e+09 -1.164761413699999970e+00 3.674096986000000009e-01 2.014737195299999950e+00 3.405803814000000207e-01 5.519901966000000382e-01 6.443492965999999544e-01 -4.051244384939999832e-01
1.413394958705760479e+09 -1.140531457800000092e+00 3.818555757000000050e-01 2.017497230200000047e+00 3.189460989999999829e-01 5.553360645999999567e-01 6.616262723000000401e-01 -3.900332255530000181e-01
1.413394958755760431e+09 -1.121879330899999916e+00 3.957127643000000194e-01 2.021342081699999849e+00 3.031206642000000007e-01 5.554581831999999553e-01 6.753410864000000124e-01 -3.788119409790000058e-01
1.413394958805760622e+09 -1.110170393199999994e+00 4.088372129999999771e-01 2.026465229499999854e+00 2.938921735999999729e-01 5.506610212000000448e-01 6.864383412000000240e-01 -3.730981554889999940e-01
1.413394958855760336e+09 -1.106024227600000076e+00 4.210011337999999825e-01 2.032440522699999974e+00 2.906033769999999961e-01 5.430863514999999531e-01 6.945344218000000236e-01 -3.717913784219999962e-01
1.413394958905760527e+09 -1.109495041900000034e+00 4.317102942000000110e-01 2.039135423399999869e+00 2.950523494000000246e-01 5.306327966999999646e-01 7.010510854000000514e-01 -3.740325144600000207e-01
1.413394958955760479e+09 -1.120287201400000043e+00 4.404764369999999984e-01 2.047524537999999783e+00 3.069317427000000098e-01 5.127754975999999631e-01 7.042046293000000512e-01 -3.833406245700000103e-01
1.413394959005760431e+09 -1.136509653100000072e+00 4.465926971999999995e-01 2.056871805000000109e+00 3.216931010999999896e-01 4.937063803000000251e-01 7.025821000999999955e-01 -3.989310109149999950e-01
1.413394959055760384e+09 -1.156385095999999946e+00 4.496783031000000097e-01 2.067379775400000064e+00 3.365496942000000269e-01 4.741294279000000111e-01 6.971178700000000283e-01 -4.194785623060000024e-01
1.413394959105760574e+09 -1.177724242600000082e+00 4.500681789000000044e-01 2.078196813599999970e+00 3.469816108000000066e-01 4.566134705000000071e-01 6.901985173000000362e-01 -4.412866495569999770e-01
1.413394959155760288e+09 -1.199595437099999939e+00 4.479696192000000021e-01 2.090263997400000129e+00 3.552026267000000237e-01 4.408920192999999932e-01 6.801505863000000263e-01 -4.656613589470000036e-01
1.413394959205760479e+09 -1.219771100300000022e+00 4.442823288000000148e-01 2.103162903899999936e+00 3.604964561999999817e-01 4.263468485999999946e-01 6.684722979999999648e-01 -4.913404690120000140e-01
1.413394959255760431e+09 -1.237395543899999950e+00 4.402024950999999797e-01 2.117091219599999796e+00 3.647618492999999962e-01 4.112970937000000049e-01 6.563092512000000545e-01 -5.167607384510000124e-01
1.413394959305760622e+09 -1.251431381800000020e+00 4.366192745999999958e-01 2.131014286000000091e+00 3.672847611999999762e-01 3.977258819000000223e-01 6.462615275999999964e-01 -5.378308888599999671e-01
1.413394959355760336e+09 -1.260526051600000086e+00 4.342913172000000266e-01 2.143497395999999888e+00 3.644129617999999904e-01 3.887046058999999998e-01 6.430978990000000284e-01 -5.500336488239999655e-01
1.413394959405760527e+09 -1.264487898600000104e+00 4.339755943999999976e-01 2.152384898199999785e+00 3.534031552999999937e-01 3.874814612999999963e-01 6.534809202000000372e-01 -5.458269083090000473e-01
1.413394959455760479e+09 -1.263757468199999900e+00 4.352474926000000077e-01 2.160003271499999933e+00 3.362870156000000166e-01 3.913335320999999922e-01 6.713655598000000113e-01 -5.320125890100000365e-01
1.413394959505760431e+09 -1.259349185200000054e+00 4.378827888999999862e-01 2.166343268799999944e+00 3.156676078000000274e-01 3.974875138999999780e-01 6.937345216000000425e-01 -5.109697164650000012e-01
1.413394959555760384e+09 -1.253413466900000106e+00 4.407906059999999737e-01 2.172757202800000176e+00 2.940984757999999810e-01 4.038536583999999818e-01 7.174928950000000194e-01 -4.853990675040000258e-01
1.413394959605760574e+09 -1.247967207300000103e+00 4.427234959999999941e-01 2.179821773500000059e+00 2.725743127999999960e-01 4.082461092999999930e-01 7.388906883000000425e-01 -4.616047107199999777e-01
1.413394959655760288e+09 -1.245005335999999962e+00 4.431534930000000094e-01 2.187982835700000184e+00 2.543101467000000171e-01 4.103452706999999866e-01 7.565839576999999760e-01 -4.410485496509999881e-01
1.413394959705760479e+09 -1.245619989799999994e+00 4.410743060999999798e-01 2.197298895999999946e+00 2.405077458999999862e-01 4.086046181999999916e-01 7.707059309999999552e-01 -4.256884518580000276e-01
1.413394959755760431e+09 -1.251345454299999993e+00 4.357840253999999969e-01 2.206180382399999917e+00 2.337206822000000017e-01 4.005419645000000139e-01 7.814586827999999707e-01 -4.174483254029999757e-01
1.413394959805760622e+09 -1.262838408899999987e+00 4.263675189000000199e-01 2.214252392100000133e+00 2.361019095999999928e-01 3.859014166999999995e-01 7.879625455000000001e-01 -4.176733314680000086e-01
1.413394959855760336e+09 -1.279361591600000070e+00 4.122037141000000071e-01 2.221786062500000103e+00 2.452405944999999921e-01 3.653038406999999932e-01 7.898816023000000408e-01 -4.271969207149999836e-01
1.413394959905760527e+09 -1.298945076299999890e+00 3.933890534000000216e-01 2.228213505599999866e+00 2.527891481000000273e-01 3.463004266999999969e-01 7.863974959999999736e-01 -4.446938716059999908e-01
1.413394959955760479e+09 -1.320555031899999898e+00 3.698176277999999928e-01 2.234032124200000080e+00 2.573271634000000030e-01 3.300984304999999841e-01 7.771966473000000430e-01 -4.698756522790000223e-01
1.413394960005760431e+09 -1.342656690100000105e+00 3.426959560999999765e-01 2.238459706500000035e+00 2.594837407000000207e-01 3.142777570999999992e-01 7.634940412999999815e-01 -5.009735807899999838e-01
1.413394960055760384e+09 -1.363674244300000060e+00 3.137945114999999840e-01 2.241592581899999992e+00 2.587058175999999987e-01 2.982258262999999965e-01 7.478410229999999936e-01 -5.337288270200000184e-01
1.413394960105760574e+09 -1.382728500000000027e+00 2.849924707000000001e-01 2.242468596700000205e+00 2.569402088000000139e-01 2.816773835999999975e-01 7.333740657999999746e-01 -5.628517214129999946e-01
1.413394960155760288e+09 -1.398553855899999920e+00 2.575523480999999948e-01 2.241835984999999809e+00 2.508885331999999857e-01 2.665002141999999741e-01 7.236552841000000180e-01 -5.851116213729999904e-01
1.413394960205760479e+09 -1.411018571200000071e+00 2.323957751000000072e-01 2.240067133899999785e+00 2.439062526000000120e-01 2.515057042000000131e-01 7.193968788000000281e-01 -5.997689150320000273e-01
1.413394960255760431e+09 -1.419450802599999895e+00 2.105675050999999964e-01 2.237904571600000114e+00 2.323626584000000050e-01 2.389415065999999921e-01 7.217078444000000204e-01 -6.066731728740000218e-01
1.413394960305760622e+09 -1.424229855899999952e+00 1.917118884000000023e-01 2.235633985699999826e+00 2.193221753000000052e-01 2.271020974999999886e-01 7.289363630999999843e-01 -6.074324647959999934e-01
1.413394960355760336e+09 -1.425585583599999984e+00 1.762633583000000059e-01 2.231765851600000072e+00 2.036140881000000069e-01 2.170543544999999908e-01 7.412272239999999623e-01 -6.016734268940000518e-01
1.413394960405760527e+09 -1.424620469099999953e+00 1.637187485000000109e-01 2.225741606000000150e+00 1.876192899999999941e-01 2.066326806999999877e-01 7.575722752000000337e-01 -5.900730336980000157e-01
1.413394960455760479e+09 -1.422098770000000068e+00 1.531352391999999951e-01 2.217348323399999988e+00 1.707569023999999935e-01 1.966241573999999992e-01 7.758815945000000491e-01 -5.746205464220000003e-01
1.413394960505760431e+09 -1.418561957999999956e+00 1.436922871000000101e-01 2.205393951500000060e+00 1.535442310000000032e-01 1.871956764000000106e-01 7.967042889000000017e-01 -5.537546603999999872e-01
1.413394960555760384e+09 -1.414824588000000105e+00 1.339209360999999987e-01 2.191360152700000175e+00 1.359677729000000057e-01 1.773261620999999899e-01 8.165295069000000350e-01 -5.323042000119999617e-01
1.413394960605760574e+09 -1.412074870299999896e+00 1.222194199999999953e-01 2.176104673499999809e+00 1.200028910999999948e-01 1.669592028000000117e-01 8.332792207000000451e-01 -5.131955485139999551e-01
1.413394960655760288e+09 -1.411232371699999932e+00 1.068287131999999945e-01 2.159392162100000068e+00 1.068131435999999934e-01 1.559286819000000046e-01 8.472675894000000207e-01 -4.964018840509999975e-01
1.413394960705760479e+09 -1.412129519000000055e+00 8.727346119999999929e-02 2.143579520299999874e+00 9.747795770000000637e-02 1.421268729000000064e-01 8.562229772999999655e-01 -4.870115120860000202e-01
1.413394960755760431e+09 -1.415661962900000015e+00 6.165765599999999819e-02 2.129854742100000031e+00 9.446187520000000337e-02 1.246039240000000048e-01 8.578355153000000177e-01 -4.895600525050000096e-01
1.413394960805760622e+09 -1.420982813900000030e+00 2.936334889999999906e-02 2.119472554200000136e+00 9.345223619999999676e-02 1.087627050000000012e-01 8.518879581999999617e-01 -5.037104924409999684e-01
1.413394960855760336e+09 -1.426975027399999929e+00 -8.286190800000000842e-03 2.112164852999999898e+00 9.293806139999999383e-02 9.422743340000000467e-02 8.392407986000000042e-01 -5.274074227410000537e-01
1.413394960905760527e+09 -1.433216679200000065e+00 -4.917345239999999784e-02 2.106743389600000071e+00 9.048725570000000495e-02 8.459259380000000439e-02 8.234500908999999869e-01 -5.537021739420000532e-01
1.413394960955760479e+09 -1.439060492699999916e+00 -9.155290019999999529e-02 2.102826269099999923e+00 8.812633340000000648e-02 7.711456449999999629e-02 8.066934390000000121e-01 -5.792519217089999728e-01
1.413394961005760431e+09 -1.444285473499999917e+00 -1.333810539999999989e-01 2.100177048399999968e+00 8.580823160000000671e-02 7.232326579999999450e-02 7.904415930000000534e-01 -6.021697275170000418e-01
1.413394961055760384e+09 -1.448497744600000026e+00 -1.728161312000000005e-01 2.097421923599999793e+00 8.325096429999999381e-02 6.967461490000000091e-02 7.784421764000000188e-01 -6.182576347949999551e-01
1.413394961105760574e+09 -1.451817816199999944e+00 -2.094707976000000083e-01 2.094368989899999978e+00 8.076379370000000280e-02 6.804085629999999385e-02 7.703570245999999955e-01 -6.288065728680000133e-01
1.413394961155760288e+09 -1.454303957900000110e+00 -2.430761421000000033e-01 2.090045063199999831e+00 7.945110049999999646e-02 6.788487890000000080e-02 7.692506498000000192e-01 -6.303432427309999531e-01
1.413394961205760479e+09 -1.455830832800000030e+00 -2.727759361000000049e-01 2.083495805400000123e+00 7.828113120000000646e-02 6.911642379999999308e-02 7.768923278999999571e-01 -6.209132751539999662e-01
1.413394961255760431e+09 -1.456324694000000086e+00 -2.991442730000000161e-01 2.076118039299999829e+00 7.724263720000000555e-02 6.956723450000000530e-02 7.912355414999999725e-01 -6.026112285460000217e-01
1.413394961305760622e+09 -1.455954424199999986e+00 -3.232881583000000170e-01 2.067500259300000032e+00 7.563679260000000237e-02 7.024822810000000417e-02 8.090406884999999937e-01 -5.786168216799999486e-01
1.413394961355760336e+09 -1.454852470500000106e+00 -3.474019159999999773e-01 2.058906814399999785e+00 7.300541280000000244e-02 7.124467569999999583e-02 8.262040024000000260e-01 -5.540589790500000111e-01
1.413394961405760527e+09 -1.453668774500000094e+00 -3.729412243999999932e-01 2.051038523499999933e+00 7.351488120000000681e-02 7.076041090000000089e-02 8.404280571000000144e-01 -5.322304081669999576e-01
1.413394961455760479e+09 -1.453065612200000079e+00 -4.018057218000000153e-01 2.044392540500000077e+00 8.052273719999999968e-02 6.520707219999999360e-02 8.479083501999999939e-01 -5.199187976629999763e-01
1.413394961505760431e+09 -1.452440200599999898e+00 -4.354463132999999986e-01 2.040136175699999832e+00 9.026662600000000258e-02 5.756454899999999958e-02 8.480348826000000395e-01 -5.190135805279999515e-01
1.413394961555760384e+09 -1.450731327800000026e+00 -4.735108445999999804e-01 2.037159792300000216e+00 1.009369440999999951e-01 4.884642289999999859e-02 8.424690067000000226e-01 -5.269456641749999948e-01
1.413394961605760574e+09 -1.446967307600000030e+00 -5.153569310000000181e-01 2.036575816700000097e+00 1.078448951999999988e-01 4.322345240000000088e-02 8.316588235999999856e-01 -5.429961443790000120e-01
1.413394961655760288e+09 -1.439844004400000044e+00 -5.596874725999999578e-01 2.037484343200000048e+00 1.072496433999999971e-01 4.358285590000000181e-02 8.181816522999999508e-01 -5.631845456909999603e-01
1.413394961705760479e+09 -1.430263674799999940e+00 -6.048353159999999562e-01 2.039932868899999807e+00 1.040004758000000057e-01 4.537417629999999924e-02 8.015742712000000214e-01 -5.870296184640000359e-01
1.413394961755760431e+09 -1.418212117900000013e+00 -6.491285673000000145e-01 2.042914822499999783e+00 9.804216840000000432e-02 4.990331459999999830e-02 7.839032743999999608e-01 -6.110589569290000300e-01
1.413394961805760622e+09 -1.404297651100000044e+00 -6.907630382999999652e-01 2.045636471899999975e+00 9.168163440000000330e-02 5.532830069999999933e-02 7.684489710999999890e-01 -6.308878155820000222e-01
1.413394961855760336e+09 -1.388794268400000087e+00 -7.288439639999999553e-01 2.047337387799999853e+00 8.499693199999999726e-02 6.157646280000000222e-02 7.576011671000000280e-01 -6.442238215969999793e-01
1.413394961905760527e+09 -1.371902718400000110e+00 -7.624544227999999757e-01 2.049140163400000159e+00 7.907246530000000551e-02 6.763393809999999895e-02 7.501549292000000424e-01 -6.530243317520000312e-01
1.413394961955760479e+09 -1.353914359800000078e+00 -7.909987955999999709e-01 2.050491582099999821e+00 7.350727830000000629e-02 7.335864940000000334e-02 7.477095181999999784e-01 -6.558549115559999532e-01
1.413394962005760431e+09 -1.335397594200000038e+00 -8.143035215999999687e-01 2.051332327899999974e+00 6.944888570000000427e-02 7.816277870000000461e-02 7.509848955000000270e-01 -6.519885881429999808e-01
1.413394962055760384e+09 -1.315980361000000043e+00 -8.322511206999999578e-01 2.050739374800000014e+00 6.393594789999999806e-02 8.363414869999999390e-02 7.626526478999999803e-01 -6.381837214750000209e-01
1.413394962105760574e+09 -1.297094989899999939e+00 -8.461697033999999729e-01 2.048733671099999931e+00 6.609046370000000448e-02 8.421770039999999791e-02 7.776384982999999806e-01 -6.195303023489999728e-01
1.413394962155760288e+09 -1.278543576099999912e+00 -8.577775703000000140e-01 2.047306670000000217e+00 6.844053910000000296e-02 8.401084470000000359e-02 7.918850363999999642e-01 -6.009793338960000009e-01
1.413394962205760479e+09 -1.260129425599999964e+00 -8.680061282000000045e-01 2.047043804799999922e+00 7.171292179999999572e-02 8.374325239999999559e-02 8.042935582000000361e-01 -5.839145457190000332e-01
1.413394962255760431e+09 -1.241731941400000094e+00 -8.780042854999999813e-01 2.047821849199999988e+00 7.525660469999999325e-02 8.321619480000000402e-02 8.133148985999999470e-01 -5.709031302189999657e-01
1.413394962305760622e+09 -1.223224362300000090e+00 -8.886257763999999559e-01 2.050377995699999900e+00 7.790407950000000081e-02 8.251763039999999994e-02 8.186477041999999926e-01 -5.629722297239999618e-01
1.413394962355760336e+09 -1.204737248000000038e+00 -9.010512136999999644e-01 2.054942269300000124e+00 8.176433639999999836e-02 8.184591210000000117e-02 8.177246312999999489e-01 -5.638636957520000159e-01
1.413394962405760527e+09 -1.186087563100000075e+00 -9.159226311000000509e-01 2.063595568499999811e+00 8.719801859999999627e-02 7.918654329999999519e-02 8.064683669000000110e-01 -5.794262421689999609e-01
1.413394962455760479e+09 -1.166350583700000110e+00 -9.311883510999999780e-01 2.074430658099999825e+00 9.006907240000000536e-02 7.800605759999999778e-02 7.897272133999999610e-01 -6.017753281640000340e-01
1.413394962505760431e+09 -1.145529637799999945e+00 -9.450584553999999970e-01 2.087125053799999908e+00 9.380672530000000453e-02 7.586165829999999555e-02 7.691393115000000336e-01 -6.275906521409999606e-01
1.413394962555760384e+09 -1.123099051400000103e+00 -9.552404661000000186e-01 2.099705732399999913e+00 9.458620450000000679e-02 7.511563290000000670e-02 7.505433796999999574e-01 -6.496889461720000147e-01
1.413394962605760574e+09 -1.098783310700000015e+00 -9.604797883000000258e-01 2.111052324600000141e+00 9.253780020000000606e-02 7.590532769999999707e-02 7.386494072999999494e-01 -6.633793709730000376e-01
1.413394962655760288e+09 -1.072570941099999953e+00 -9.596379265000000158e-01 2.120263860900000186e+00 8.870094389999999551e-02 7.795288679999999581e-02 7.362391796999999682e-01 -6.663387728670000509e-01
1.413394962705760479e+09 -1.044846514699999895e+00 -9.527637367000000301e-01 2.126755728900000086e+00 8.396016139999999683e-02 8.041676379999999902e-02 7.459601123000000333e-01 -6.557647034519999973e-01
1.413394962755760431e+09 -1.015855198099999912e+00 -9.406089235000000270e-01 2.131747816199999868e+00 7.672920469999999771e-02 8.453648369999999801e-02 7.618495637000000098e-01 -6.376138756470000057e-01
1.413394962805760622e+09 -9.864749536000000374e-01 -9.247114989000000396e-01 2.135103576300000139e+00 7.156034109999999393e-02 8.689019970000000370e-02 7.795202116999999653e-01 -6.161797223949999625e-01
1.413394962855760336e+09 -9.569262495000000479e-01 -9.068497148999999924e-01 2.136507806500000051e+00 6.690301260000000583e-02 8.667640109999999454e-02 7.968824253999999829e-01 -5.941292691170000362e-01
1.413394962905760527e+09 -9.278365556000000014e-01 -8.883351148999999447e-01 2.136003662399999836e+00 6.549043849999999778e-02 8.257562749999999840e-02 8.107533555000000502e-01 -5.758222509439999692e-01
1.413394962955760479e+09 -8.990529881000000056e-01 -8.702940812999999665e-01 2.135218389099999836e+00 6.570551689999999667e-02 7.582938629999999569e-02 8.183190098999999496e-01 -5.659387663880000030e-01
1.413394963005760431e+09 -8.707766210999999812e-01 -8.539457856000000069e-01 2.134342850699999961e+00 6.722355720000000590e-02 6.901565710000000242e-02 8.171048040999999706e-01 -5.683815369129999739e-01
1.413394963055760384e+09 -8.424887161999999874e-01 -8.400218159000000240e-01 2.134362329200000019e+00 6.956826870000000496e-02 6.203451029999999811e-02 8.072500001000000314e-01 -5.828030652129999600e-01
1.413394963105760574e+09 -8.142273688000000176e-01 -8.272947003999999716e-01 2.133893108000000094e+00 7.173121189999999425e-02 5.567549720000000008e-02 7.917210766000000177e-01 -6.040965230510000339e-01
1.413394963155760288e+09 -7.851364230999999805e-01 -8.127474285000000354e-01 2.130746684800000068e+00 7.056003780000000281e-02 5.187926520000000347e-02 7.751938770999999839e-01 -6.256231100169999948e-01
1.413394963205760479e+09 -7.553102310999999514e-01 -7.949997703000000193e-01 2.123941936400000063e+00 6.952027800000000479e-02 4.893849599999999800e-02 7.618354577999999488e-01 -6.421671820959999888e-01
1.413394963255760431e+09 -7.245355865999999478e-01 -7.739256073000000402e-01 2.112691140799999978e+00 6.759028659999999356e-02 4.729175859999999731e-02 7.564032635999999865e-01 -6.488829983160000481e-01
1.413394963305760622e+09 -6.930761700999999997e-01 -7.488120651999999877e-01 2.096198643100000147e+00 6.594196889999999478e-02 4.647426109999999722e-02 7.614591687999999747e-01 -6.431731758190000203e-01
1.413394963355760336e+09 -6.610402234000000155e-01 -7.200505768999999612e-01 2.074895974399999954e+00 6.575396769999999891e-02 4.542763119999999877e-02 7.749898871000000522e-01 -6.268998492570000414e-01
1.413394963405760527e+09 -6.283202452999999688e-01 -6.885803412000000012e-01 2.050154431000000166e+00 6.540907610000000483e-02 4.513163390000000247e-02 7.930672483999999800e-01 -6.039280816840000288e-01
1.413394963455760479e+09 -5.950008876000000280e-01 -6.562043843000000543e-01 2.024045786399999880e+00 6.414227390000000473e-02 4.560944759999999848e-02 8.115866770999999869e-01 -5.789063936210000483e-01
1.413394963505760431e+09 -5.614943305999999801e-01 -6.240287340000000293e-01 1.996283861200000009e+00 6.397075509999999854e-02 4.570282610000000328e-02 8.281245584999999965e-01 -5.550033421460000005e-01
1.413394963555760384e+09 -5.276434934999999493e-01 -5.932348083999999799e-01 1.967986223600000084e+00 6.469577059999999380e-02 4.604084640000000173e-02 8.412978519999999572e-01 -5.347079781679999755e-01
1.413394963605760574e+09 -4.936605572000000164e-01 -5.663304567000000400e-01 1.942333099300000088e+00 6.534838619999999709e-02 4.667922449999999807e-02 8.476792913999999790e-01 -5.243953254309999812e-01
1.413394963655760288e+09 -4.597963418000000080e-01 -5.450143887999999714e-01 1.920482647500000084e+00 6.719008220000000087e-02 4.686587290000000100e-02 8.448982239000000227e-01 -5.286171337630000133e-01
1.413394963705760479e+09 -4.258012045999999828e-01 -5.281883577000000551e-01 1.901729097900000109e+00 6.957483809999999436e-02 4.691528350000000180e-02 8.346682563999999749e-01 -5.443226982340000353e-01
1.413394963755760431e+09 -3.913203559000000276e-01 -5.147134421000000293e-01 1.885075585300000078e+00 7.315986920000000504e-02 4.573903580000000108e-02 8.184122459999999544e-01 -5.681170387380000131e-01
1.413394963805760622e+09 -3.556289992000000177e-01 -5.022171964999999627e-01 1.870057050900000073e+00 7.394379869999999355e-02 4.644862820000000142e-02 7.992494897999999903e-01 -5.946218063410000365e-01
1.413394963855760336e+09 -3.190454535000000202e-01 -4.885668276999999837e-01 1.854733521300000021e+00 7.311017679999999574e-02 4.840960429999999898e-02 7.831631361999999985e-01 -6.156028868999999792e-01
1.413394963905760527e+09 -2.811722161999999914e-01 -4.723385994000000032e-01 1.838076458800000035e+00 6.763918870000000527e-02 5.363751879999999889e-02 7.734914067000000504e-01 -6.279004701629999907e-01
1.413394963955760479e+09 -2.427407795000000035e-01 -4.523621606000000073e-01 1.818063398799999897e+00 6.275931819999999717e-02 5.878824199999999750e-02 7.775361438000000236e-01 -6.229307792239999753e-01
1.413394964005760431e+09 -2.042570511000000033e-01 -4.300198639000000211e-01 1.796502908799999965e+00 6.034966449999999705e-02 6.257928090000000609e-02 7.887545809999999546e-01 -6.085293440540000542e-01
1.413394964055760384e+09 -1.658001772000000096e-01 -4.057691165000000266e-01 1.773444868499999938e+00 6.030055310000000113e-02 6.508338730000000349e-02 8.060522541000000318e-01 -5.851561839559999978e-01
1.413394964105760574e+09 -1.273257607999999930e-01 -3.809746736999999883e-01 1.751877211500000087e+00 6.012810340000000059e-02 6.675247339999999807e-02 8.228668691999999618e-01 -5.610871893850000180e-01
1.413394964155760288e+09 -8.955861179999999311e-02 -3.574511986999999724e-01 1.730903602799999996e+00 6.203264559999999844e-02 6.746167449999999899e-02 8.378663532000000247e-01 -5.381271667339999620e-01
1.413394964205760479e+09 -5.221146010000000254e-02 -3.374163586000000215e-01 1.712953958599999993e+00 6.406905860000000619e-02 6.794145840000000158e-02 8.473269928000000117e-01 -5.227964051229999631e-01
1.413394964255760431e+09 -1.599985680000000007e-02 -3.225254730000000070e-01 1.699391147300000071e+00 6.949767440000000074e-02 6.523394899999999941e-02 8.477814795000000458e-01 -5.217098506099999700e-01
1.413394964305760622e+09 2.008305100000000107e-02 -3.130420673000000042e-01 1.690104910999999932e+00 7.420445080000000193e-02 6.308672490000000188e-02 8.409763316999999683e-01 -5.322335710459999980e-01
1.413394964355760336e+09 5.655678930000000021e-02 -3.077448640000000069e-01 1.684760080500000035e+00 7.718162879999999892e-02 6.122370359999999845e-02 8.270773075999999779e-01 -5.533875508890000461e-01
1.413394964405760527e+09 9.372564020000000162e-02 -3.045997160000000203e-01 1.682284547200000091e+00 7.750876060000000400e-02 6.140869050000000162e-02 8.093002999999999725e-01 -5.790115622250000538e-01
1.413394964455760479e+09 1.317659634999999996e-01 -3.014957949000000026e-01 1.681907870999999943e+00 7.422263469999999808e-02 6.333707230000000521e-02 7.899297876999999968e-01 -6.053844614869999807e-01
1.413394964505760431e+09 1.700224674999999963e-01 -2.960672261000000249e-01 1.681186515400000081e+00 7.021754149999999417e-02 6.564227350000000072e-02 7.744538045000000093e-01 -6.252854496569999476e-01
1.413394964555760384e+09 2.090690044999999886e-01 -2.872278349999999869e-01 1.678940576800000084e+00 6.255207940000000189e-02 7.027696049999999917e-02 7.688916862000000352e-01 -6.324191339770000031e-01
1.413394964605760574e+09 2.481791071999999987e-01 -2.744579764999999782e-01 1.674784254400000005e+00 5.268604469999999679e-02 7.564068359999999436e-02 7.754081794999999611e-01 -6.246957842239999614e-01
1.413394964655760288e+09 2.867242167999999869e-01 -2.586749441999999788e-01 1.669703504599999944e+00 4.284262280000000062e-02 8.189320719999999831e-02 7.893638160999999487e-01 -6.069289728700000275e-01
1.413394964705760479e+09 3.241734844999999976e-01 -2.410602986000000003e-01 1.664304492200000096e+00 3.480209070000000321e-02 8.645355670000000325e-02 8.076213088000000484e-01 -5.822906650229999759e-01
1.413394964755760431e+09 3.596048296000000088e-01 -2.231469539000000002e-01 1.660292676799999922e+00 2.786819570000000079e-02 9.037466589999999800e-02 8.252099373000000293e-01 -5.568521732519999823e-01
1.413394964805760622e+09 3.923524260999999846e-01 -2.065930595999999897e-01 1.657717158300000104e+00 2.240273980000000165e-02 9.432040270000000004e-02 8.410549147000000447e-01 -5.321920794219999751e-01
1.413394964855760336e+09 4.220355154000000053e-01 -1.934720917999999956e-01 1.656794364500000061e+00 1.813614230000000146e-02 9.780139590000000438e-02 8.525751027000000315e-01 -5.130513244809999929e-01
1.413394964905760527e+09 4.481932351999999842e-01 -1.846796062999999932e-01 1.658536089600000096e+00 1.237978099999999942e-02 1.029215995000000022e-01 8.608519182999999630e-01 -4.981845642839999866e-01
1.413394964955760479e+09 4.706609900000000013e-01 -1.814188264999999911e-01 1.661944729500000051e+00 5.733642700000000404e-03 1.100688717000000011e-01 8.651185378000000314e-01 -4.893075560419999914e-01
1.413394965005760431e+09 4.879700759999999748e-01 -1.847393256000000039e-01 1.668298467100000071e+00 4.853231900000000258e-03 1.127697639000000002e-01 8.626098004000000152e-01 -4.931163744750000077e-01
1.413394965055760384e+09 4.995359737999999772e-01 -1.949817389999999873e-01 1.677573574299999981e+00 1.210242159999999970e-02 1.098111573999999979e-01 8.529187119000000150e-01 -5.102202583749999576e-01
1.413394965105760574e+09 5.073068243999999671e-01 -2.096840251000000044e-01 1.688924415700000070e+00 2.311639479999999872e-02 1.021734831000000038e-01 8.373356481000000517e-01 -5.365586865010000261e-01
1.413394965155760288e+09 5.129066682999999793e-01 -2.263282275999999871e-01 1.702548184999999936e+00 3.196531660000000163e-02 9.186243550000000591e-02 8.189056604000000128e-01 -5.656262288619999801e-01
1.413394965205760479e+09 5.175014907999999636e-01 -2.434138057000000133e-01 1.717654630399999993e+00 3.661040859999999814e-02 8.168135479999999449e-02 7.981188970000000493e-01 -5.958137800520000305e-01
1.413394965255760431e+09 5.217365200000000369e-01 -2.588610799000000129e-01 1.732208836100000093e+00 3.786136610000000180e-02 7.006040439999999814e-02 7.823308084000000218e-01 -6.177512144129999605e-01
1.413394965305760622e+09 5.259783946999999626e-01 -2.708218297000000163e-01 1.745415929500000018e+00 3.888821790000000084e-02 5.640104259999999953e-02 7.730380485000000190e-01 -6.306495100329999604e-01
1.413394965355760336e+09 5.304419594999999488e-01 -2.789189047999999782e-01 1.756177040899999930e+00 3.798104630000000148e-02 4.116072870000000300e-02 7.739236691999999973e-01 -6.307974229939999899e-01
1.413394965405760527e+09 5.352374804999999736e-01 -2.829922226000000096e-01 1.765044861300000045e+00 3.595579239999999871e-02 2.566899820000000110e-02 7.818803539999999996e-01 -6.218612350209999917e-01
1.413394965455760479e+09 5.408757697999999614e-01 -2.843309553000000212e-01 1.774173230299999959e+00 3.017629670000000069e-02 1.151491429999999989e-02 7.905136862999999625e-01 -6.115921104470000147e-01
1.413394965505760431e+09 5.470313570999999486e-01 -2.840029474999999914e-01 1.784651470900000092e+00 2.333793639999999850e-02 -3.049150799999999877e-03 7.964871851999999475e-01 -6.041971591829999877e-01
1.413394965555760384e+09 5.543100903000000024e-01 -2.829875089000000177e-01 1.797300320700000009e+00 1.250638649999999928e-02 -1.548464389999999920e-02 7.978515259999999776e-01 -6.025253177349999545e-01
1.413394965605760574e+09 5.627032376999999697e-01 -2.806742507000000164e-01 1.812586577500000073e+00 2.878758400000000061e-03 2.693697889999999845e-02 -7.939786798000000312e-01 6.073417225080000037e-01
1.413394965655760288e+09 5.714206442999999469e-01 -2.765106588999999837e-01 1.829864846200000006e+00 2.106846189999999827e-02 3.869597560000000158e-02 -7.849321111000000517e-01 6.180132056880000002e-01
1.413394965705760479e+09 5.799639786000000408e-01 -2.701815355000000141e-01 1.847443100900000079e+00 3.903252019999999683e-02 5.117017869999999913e-02 -7.747961263999999515e-01 6.289268938209999771e-01
1.413394965755760431e+09 5.873801508999999532e-01 -2.602762229000000205e-01 1.862061000700000024e+00 5.411321689999999685e-02 6.709377749999999307e-02 -7.697224292000000023e-01 6.325326606879999591e-01
1.413394965805760622e+09 5.931018221999999618e-01 -2.467719596000000071e-01 1.871873995200000085e+00 6.368193619999999722e-02 8.625553410000000309e-02 -7.707637365999999712e-01 6.280349163749999741e-01
1.413394965855760336e+09 5.977029937000000182e-01 -2.305731568999999925e-01 1.877024863499999974e+00 7.102454599999999396e-02 1.054735051999999979e-01 -7.758663463999999621e-01 6.179500514079999673e-01
1.413394965905760527e+09 6.012989012999999661e-01 -2.125680296000000136e-01 1.879590292400000084e+00 7.608494920000000161e-02 1.256628895000000135e-01 -7.798951270999999741e-01 6.084270781189999866e-01
1.413394965955760479e+09 6.048267309999999508e-01 -1.934797037000000053e-01 1.882501013599999995e+00 8.376880200000000332e-02 1.430750386000000096e-01 -7.770484524999999865e-01 6.072133262840000434e-01
1.413394966005760431e+09 6.085676676000000285e-01 -1.733453335000000040e-01 1.885953350000000084e+00 9.578194290000000000e-02 1.566894309000000096e-01 -7.673705554999999956e-01 6.143424713930000225e-01
1.413394966055760384e+09 6.119551117999999512e-01 -1.510830066000000138e-01 1.889069176500000058e+00 1.098712483999999961e-01 1.672280392000000115e-01 -7.535822279999999651e-01 6.261604564839999831e-01
1.413394966105760574e+09 6.145149058000000108e-01 -1.255517659000000008e-01 1.889719190699999940e+00 1.245757668000000012e-01 1.769293834000000010e-01 -7.414166493999999608e-01 6.351993574180000435e-01
1.413394966155760288e+09 6.151216111999999736e-01 -9.642093679999999556e-02 1.885650805899999893e+00 1.342454865000000108e-01 1.887996630999999870e-01 -7.400736315000000509e-01 6.313666577369999588e-01
1.413394966205760479e+09 6.142296253000000261e-01 -6.375432289999999336e-02 1.877223569100000100e+00 1.396987645999999972e-01 2.027307382000000102e-01 -7.483650026000000510e-01 6.159012306169999729e-01
1.413394966255760431e+09 6.121560403000000372e-01 -2.799998069999999964e-02 1.866731913099999973e+00 1.441883716000000037e-01 2.168497349000000074e-01 -7.615920627000000165e-01 5.934335985799999991e-01
1.413394966305760622e+09 6.088503774000000313e-01 1.006348179999999939e-02 1.853592803900000030e+00 1.455355715999999966e-01 2.322122667000000029e-01 -7.795466626999999482e-01 5.632085415759999769e-01
1.413394966355760336e+09 6.055003303999999531e-01 4.832486219999999888e-02 1.838840093800000020e+00 1.453866232999999897e-01 2.478482626999999883e-01 -7.982616936999999968e-01 5.293507691169999640e-01
1.413394966405760527e+09 6.033665779000000340e-01 8.507611939999999706e-02 1.824167896100000075e+00 1.458408320000000036e-01 2.621445083000000231e-01 -8.135972218999999450e-01 4.980665307639999817e-01
1.413394966455760479e+09 6.033278586000000443e-01 1.182687318999999931e-01 1.810810083100000023e+00 1.467392566000000065e-01 2.754769945000000164e-01 -8.244177011000000110e-01 4.721392486509999875e-01
1.413394966505760431e+09 6.071177248000000359e-01 1.456293295999999959e-01 1.800726319700000078e+00 1.520053070999999867e-01 2.857552462999999876e-01 -8.262272477000000004e-01 4.610714272120000068e-01
1.413394966555760384e+09 6.155378460000000551e-01 1.660445533000000085e-01 1.795342636200000008e+00 1.616133331999999867e-01 2.932049011000000260e-01 -8.179885512000000247e-01 4.677678340290000181e-01
1.413394966605760574e+09 6.274130012999999950e-01 1.808711112999999981e-01 1.791883588799999982e+00 1.737719467000000129e-01 2.980507153999999992e-01 -8.040750405000000045e-01 4.841822082209999989e-01
1.413394966655760288e+09 6.419137708000000053e-01 1.914530543000000085e-01 1.790931950300000075e+00 1.878001514000000038e-01 3.010926729000000246e-01 -7.841156133000000139e-01 5.091532288579999621e-01
1.413394966705760479e+09 6.575715581000000087e-01 2.004805848000000001e-01 1.790916587399999926e+00 2.026395041999999869e-01 3.034382593000000128e-01 -7.624542400999999581e-01 5.343463164289999900e-01
1.413394966755760431e+09 6.731168477000000205e-01 2.097262216000000123e-01 1.790987628499999929e+00 2.177614167999999961e-01 3.049445258999999853e-01 -7.410416582000000085e-01 5.571768680130000373e-01
1.413394966805760622e+09 6.873461835999999936e-01 2.203810847000000073e-01 1.789919049299999898e+00 2.319533826999999881e-01 3.073813490000000259e-01 -7.241119391000000460e-01 5.721680122440000460e-01
1.413394966855760336e+09 6.991643643999999602e-01 2.329990379999999917e-01 1.787892102200000055e+00 2.428130552999999969e-01 3.120954704000000191e-01 -7.130671128000000136e-01 5.789417329439999760e-01
1.413394966905760527e+09 7.079782754000000233e-01 2.480966096999999981e-01 1.783655480299999985e+00 2.483247093000000016e-01 3.213446142999999977e-01 -7.100931916999999594e-01 5.751870450139999758e-01
1.413394966955760479e+09 7.139690509999999657e-01 2.650633703999999979e-01 1.777727401299999954e+00 2.479552737000000062e-01 3.353722804000000002e-01 -7.136710129000000125e-01 5.627764219290000147e-01
1.413394967005760431e+09 7.178386707999999672e-01 2.834544325000000198e-01 1.771388597799999909e+00 2.439961401000000085e-01 3.524664009999999847e-01 -7.216881005999999932e-01 5.435067664899999595e-01
1.413394967055760384e+09 7.212427638999999724e-01 3.024841582999999723e-01 1.765885588299999975e+00 2.389579867000000135e-01 3.698557010999999894e-01 -7.312491841999999576e-01 5.209419080589999806e-01
1.413394967105760574e+09 7.245198060999999967e-01 3.217514699999999839e-01 1.760344818399999900e+00 2.331667141000000054e-01 3.874843638000000090e-01 -7.387970638999999951e-01 4.996679393110000089e-01
1.413394967155760288e+09 7.292450753000000452e-01 3.402899865999999829e-01 1.757986246900000049e+00 2.312444559000000066e-01 4.030398123000000221e-01 -7.409134434999999907e-01 4.849043004410000246e-01
1.413394967205760479e+09 7.375575371999999463e-01 3.571996263000000171e-01 1.759849356499999962e+00 2.375060950000000004e-01 4.128738148000000163e-01 -7.360162919999999609e-01 4.810468644299999985e-01
1.413394967255760431e+09 7.493991023999999612e-01 3.724657585999999743e-01 1.764785156100000085e+00 2.493367170999999938e-01 4.193775298999999901e-01 -7.242052589999999901e-01 4.873196402380000070e-01
1.413394967305760622e+09 7.639351603999999796e-01 3.866685831000000184e-01 1.772225535400000052e+00 2.659983933000000245e-01 4.224118799000000091e-01 -7.083689493000000503e-01 4.990255404780000181e-01
1.413394967355760336e+09 7.798441450999999969e-01 4.005619272000000008e-01 1.781992726899999990e+00 2.854963302999999897e-01 4.225039809999999729e-01 -6.888033314999999490e-01 5.152981680070000126e-01
1.413394967405760527e+09 7.950211959999999856e-01 4.150543144000000129e-01 1.793509245699999921e+00 3.063344565000000186e-01 4.209354643000000062e-01 -6.670943131000000026e-01 5.328768272520000293e-01
1.413394967455760479e+09 8.079804216000000539e-01 4.312290326000000062e-01 1.805228921599999925e+00 3.256506706000000251e-01 4.199301950000000061e-01 -6.494244649999999508e-01 5.439284293699999662e-01
1.413394967505760431e+09 8.167738611000000537e-01 4.496836135999999762e-01 1.815784357100000079e+00 3.410029766000000073e-01 4.224700883999999990e-01 -6.391968733999999763e-01 5.446681112800000335e-01
1.413394967555760384e+09 8.212027190999999782e-01 4.699204413999999996e-01 1.823971364399999961e+00 3.495424547000000048e-01 4.307311943000000087e-01 -6.387090315000000240e-01 5.332367989049999757e-01
1.413394967605760574e+09 8.208110762000000449e-01 4.914791453999999837e-01 1.830296140600000010e+00 3.476543629000000135e-01 4.470977673000000041e-01 -6.442607593000000410e-01 5.139728634819999975e-01
1.413394967655760288e+09 8.171465232000000301e-01 5.135164236000000493e-01 1.835635224600000059e+00 3.398501914000000013e-01 4.668526378000000254e-01 -6.530879795999999793e-01 4.899250483190000227e-01
1.413394967705760479e+09 8.121720459000000281e-01 5.354074090999999536e-01 1.841698297200000001e+00 3.307274417000000133e-01 4.868381351000000135e-01 -6.603339623999999741e-01 4.664408297479999965e-01
1.413394967755760431e+09 8.080675462999999947e-01 5.564792490000000091e-01 1.851714185999999929e+00 3.290319429999999934e-01 5.011407267999999915e-01 -6.609139807999999672e-01 4.514295763010000018e-01
1.413394967805760622e+09 8.056006405000000203e-01 5.766771765999999522e-01 1.864310393200000027e+00 3.334795327999999781e-01 5.112686132000000550e-01 -6.552324135999999521e-01 4.450463914409999999e-01
1.413394967855760336e+09 8.053019394000000553e-01 5.962569009000000531e-01 1.879264730400000083e+00 3.437853562000000029e-01 5.177807586999999545e-01 -6.437218836000000444e-01 4.464715570730000138e-01
1.413394967905760527e+09 8.063726373999999808e-01 6.157337117000000193e-01 1.895335336500000079e+00 3.584638788000000242e-01 5.222368668000000325e-01 -6.278959929999999856e-01 4.522376859189999876e-01
1.413394967955760479e+09 8.078798523000000342e-01 6.352854127000000517e-01 1.912728625900000035e+00 3.755261438999999979e-01 5.249414070000000265e-01 -6.100621994999999576e-01 4.596093419200000252e-01
1.413394968005760431e+09 8.080916568999999550e-01 6.552933359999999485e-01 1.930463394700000057e+00 3.908791860999999979e-01 5.293705840000000329e-01 -5.937871922999999885e-01 4.630302549349999963e-01
1.413394968055760384e+09 8.056927271999999585e-01 6.753361057000000223e-01 1.944917315899999943e+00 3.988946413000000191e-01 5.387307784000000543e-01 -5.836900378999999583e-01 4.582119085620000032e-01
1.413394968105760574e+09 8.006390582000000311e-01 6.956613331000000011e-01 1.955272582499999912e+00 3.999248872999999760e-01 5.523272178999999449e-01 -5.799940524000000153e-01 4.456474257320000021e-01
1.413394968155760288e+09 7.935634474999999632e-01 7.154549345999999810e-01 1.960889677399999975e+00 3.948326691999999860e-01 5.684050287999999895e-01 -5.811082673999999892e-01 4.281776128429999884e-01
1.413394968205760479e+09 7.865259400999999873e-01 7.347963261000000079e-01 1.964093434500000068e+00 3.891754211999999824e-01 5.821766794999999606e-01 -5.832884536000000342e-01 4.115669876949999972e-01
1.413394968255760431e+09 7.809808387000000129e-01 7.536451053999999594e-01 1.965569891499999944e+00 3.851836550000000137e-01 5.932796985999999606e-01 -5.836008284000000490e-01 3.988268097739999796e-01
1.413394968305760622e+09 7.774791250000000487e-01 7.722100188999999615e-01 1.966370983300000042e+00 3.854546314000000251e-01 6.000324260999999604e-01 -5.808108169000000265e-01 3.924851713179999813e-01
1.413394968355760336e+09 7.754877015000000151e-01 7.909858150999999893e-01 1.964988592799999934e+00 3.885442123999999775e-01 6.050822087999999654e-01 -5.757087842000000455e-01 3.891893001449999723e-01
1.413394968405760527e+09 7.747540099999999930e-01 8.095016179999999784e-01 1.961523924600000024e+00 3.931309707999999792e-01 6.099025020999999658e-01 -5.690082803999999550e-01 3.869063900290000135e-01
1.413394968455760479e+09 7.760428067000000318e-01 8.281197016000000355e-01 1.957329831900000094e+00 3.989690613999999913e-01 6.133606516999999814e-01 -5.625484473999999846e-01 3.849047197420000233e-01
1.413394968505760431e+09 7.785559507000000545e-01 8.468519634000000185e-01 1.953269023799999893e+00 4.049115288999999840e-01 6.170905251999999619e-01 -5.563521572999999831e-01 3.817305522489999881e-01
1.413394968555760384e+09 7.819507769000000330e-01 8.654100589000000010e-01 1.948694222000000087e+00 4.075609890999999929e-01 6.225070388000000232e-01 -5.524392140999999645e-01 3.757525002770000233e-01
1.413394968605760574e+09 7.869827794999999515e-01 8.834930656999999687e-01 1.944085783800000078e+00 4.067690836999999782e-01 6.283810168000000251e-01 -5.505012420999999545e-01 3.696276406319999874e-01
1.413394968655760288e+09 7.937377187999999917e-01 9.012496370000000478e-01 1.939749271099999950e+00 4.040740978999999844e-01 6.345385783000000446e-01 -5.485977195000000251e-01 3.648636159850000005e-01
1.413394968705760479e+09 8.026785722999999484e-01 9.186441290000000315e-01 1.935911858599999924e+00 4.005232221999999731e-01 6.407723014999999744e-01 -5.441926380999999591e-01 3.644809716340000061e-01
1.413394968755760431e+09 8.141930385000000214e-01 9.359269979000000017e-01 1.932876978899999987e+00 3.970593682999999929e-01 6.455287885999999586e-01 -5.369769680000000545e-01 3.705295898720000203e-01
1.413394968805760622e+09 8.278929530999999953e-01 9.542595620999999584e-01 1.930658148700000076e+00 3.959313655000000209e-01 6.482127992999999755e-01 -5.302688199999999741e-01 3.766609871309999913e-01
1.413394968855760336e+09 8.431732238000000379e-01 9.740643943000000249e-01 1.929762635499999934e+00 3.987180993000000173e-01 6.477332591000000139e-01 -5.262172231999999727e-01 3.802116993490000096e-01
1.413394968905760527e+09 8.598887446999999851e-01 9.957802422000000542e-01 1.929662130399999898e+00 4.042723408000000185e-01 6.454611638999999679e-01 -5.240656406000000489e-01 3.811810131009999991e-01
1.413394968955760479e+09 8.774098675000000513e-01 1.019306728099999892e+00 1.930977214599999936e+00 4.140373546000000182e-01 6.415267878999999507e-01 -5.219700069999999581e-01 3.802154142220000033e-01
1.413394969005760431e+09 8.950548673999999538e-01 1.043786225200000084e+00 1.932644486400000083e+00 4.251857358000000198e-01 6.378336306999999872e-01 -5.184096411999999932e-01 3.789944505119999807e-01
1.413394969055760384e+09 9.124065509000000018e-01 1.068839069200000047e+00 1.934337801100000087e+00 4.363184224000000166e-01 6.349696419000000480e-01 -5.138144650999999508e-01 3.774049332319999728e-01
1.413394969155760288e+09 9.470556905000000469e-01 1.118982560499999890e+00 1.931891346400000042e+00 4.536899701000000062e-01 6.338801578999999631e-01 -5.039108319999999752e-01 3.720688509019999812e-01
1.413394969255760431e+09 9.794958939000000253e-01 1.166472337699999917e+00 1.912903194100000093e+00 4.664858333999999940e-01 6.338306214000000161e-01 -4.936057589000000245e-01 3.701392513149999730e-01
1.413394969355760336e+09 1.008334402700000076e+00 1.209667097599999908e+00 1.878920972600000017e+00 4.780984904000000202e-01 6.316226205999999621e-01 -4.840475340000000015e-01 3.717158638779999857e-01
1.413394969455760479e+09 1.030471027499999970e+00 1.248501290000000097e+00 1.836614467400000006e+00 4.863746639000000038e-01 6.290008452999999999e-01 -4.732668943000000183e-01 3.792308924480000121e-01
1.413394969555760384e+09 1.043858557400000109e+00 1.282866287100000058e+00 1.790850165399999971e+00 4.736398792000000024e-01 6.390664114999999867e-01 -4.665567492000000094e-01 3.867611490019999820e-01
1.413394969655760288e+09 1.047547104900000026e+00 1.316538446800000095e+00 1.745521510000000109e+00 4.458412534999999788e-01 6.578248190000000051e-01 -4.656955161999999926e-01 3.893838341909999778e-01
1.413394969755760431e+09 1.045812601700000011e+00 1.355437162799999928e+00 1.706444074300000002e+00 4.214875254000000071e-01 6.720132812000000344e-01 -4.623469673999999752e-01 3.962091589289999938e-01
1.413394969855760336e+09 1.041041651900000087e+00 1.406664456399999930e+00 1.674453559700000094e+00 4.095122798999999980e-01 6.784962691999999462e-01 -4.633203906999999733e-01 3.965812916090000195e-01
1.413394969955760479e+09 1.035035882599999901e+00 1.472834290600000040e+00 1.651245587600000064e+00 4.080136598999999920e-01 6.781856949000000245e-01 -4.779179062999999728e-01 3.810295150649999907e-01
1.413394970055760384e+09 1.031387100599999940e+00 1.550116220899999897e+00 1.641585039600000018e+00 4.097637223000000217e-01 6.752418330999999663e-01 -4.935844027999999883e-01 3.640282901829999807e-01
1.413394970155760288e+09 1.034574970099999991e+00 1.634322711000000039e+00 1.648087793600000017e+00 4.133185866999999902e-01 6.713880552000000002e-01 -5.039093083000000250e-01 3.528189822730000147e-01
1.413394970255760431e+09 1.045828597599999910e+00 1.722390549300000018e+00 1.664834931399999940e+00 4.260183625000000252e-01 6.625921206999999535e-01 -5.040694216000000116e-01 3.541102293949999757e-01
1.413394970355760336e+09 1.063418085399999935e+00 1.811533541700000027e+00 1.680210061699999979e+00 4.562352088000000139e-01 6.415075875000000316e-01 -4.996561800000000053e-01 3.614708166339999917e-01
1.413394970455760479e+09 1.080212099399999959e+00 1.896683192900000092e+00 1.688664292699999958e+00 4.910939456999999786e-01 6.155851216000000070e-01 -4.979820845999999857e-01 3.631742528549999904e-01
1.413394970555760384e+09 1.088780697400000053e+00 1.971535437500000043e+00 1.684241265300000068e+00 5.107498642000000144e-01 6.009820054000000189e-01 -5.030915551000000319e-01 3.533469861030000270e-01
1.413394970655760288e+09 1.088687650800000073e+00 2.031760424199999804e+00 1.671195525999999987e+00 5.243392719999999674e-01 5.903164363999999775e-01 -5.130865419000000260e-01 3.366556599219999724e-01
1.413394970755760431e+09 1.083896460400000095e+00 2.072010589500000055e+00 1.653688083999999892e+00 5.287217355000000119e-01 5.855156900000000331e-01 -5.113982862999999490e-01 3.407293587490000109e-01
1.413394970855760336e+09 1.071939031100000106e+00 2.090943780799999985e+00 1.631711896899999958e+00 5.006647683999999598e-01 6.064519360000000248e-01 -5.013261968000000124e-01 3.608640787280000262e-01
1.413394970955760479e+09 1.052585629299999992e+00 2.096960843699999799e+00 1.616929064100000035e+00 4.593512214000000093e-01 6.355170913000000033e-01 -4.977986971999999732e-01 3.705549070140000123e-01
1.413394971055760384e+09 1.030849927300000024e+00 2.101076241599999950e+00 1.620546677100000110e+00 4.307670289000000152e-01 6.528115290999999543e-01 -4.962947555000000177e-01 3.767869292289999783e-01
1.413394971155760288e+09 1.009234064299999956e+00 2.110444857500000104e+00 1.639115713300000055e+00 4.141380814000000243e-01 6.610009856999999878e-01 -5.039035889999999851e-01 3.710101339599999881e-01
1.413394971255760431e+09 9.914843704000000368e-01 2.126555789499999793e+00 1.659278969200000065e+00 3.967641378999999802e-01 6.699136969000000219e-01 -5.174804536999999538e-01 3.549758267920000154e-01
1.413394971355760336e+09 9.826858607999999773e-01 2.148176048499999879e+00 1.670134431499999961e+00 3.781613375000000277e-01 6.791846473000000550e-01 -5.306545861999999447e-01 3.377986498109999958e-01
1.413394971455760479e+09 9.899650013999999887e-01 2.175704474199999794e+00 1.673482504799999937e+00 3.649150722999999763e-01 6.853757843000000127e-01 -5.402833465999999918e-01 3.243315120220000014e-01
1.413394971555760384e+09 1.019766571599999949e+00 2.210808652499999916e+00 1.678417939900000100e+00 3.664627442999999762e-01 6.814225964000000246e-01 -5.516817040999999477e-01 3.114732724650000062e-01
1.413394971655760288e+09 1.074746619299999928e+00 2.250104459300000137e+00 1.692103850699999912e+00 3.911486450000000170e-01 6.642970505999999942e-01 -5.557111686000000272e-01 3.112832523979999766e-01
1.413394971755760431e+09 1.148035578700000059e+00 2.285837439499999846e+00 1.709428509100000104e+00 4.245301282999999759e-01 6.383448610999999939e-01 -5.534556792000000502e-01 3.255408108050000249e-01
1.413394971855760336e+09 1.231866049700000021e+00 2.312628810400000123e+00 1.726697459399999968e+00 4.501766179000000201e-01 6.116492172999999921e-01 -5.506192019000000215e-01 3.464747354250000133e-01
1.413394971955760479e+09 1.318744740100000090e+00 2.327131702500000010e+00 1.744029158200000040e+00 4.701566852999999879e-01 5.824120769999999725e-01 -5.513240585999999999e-01 3.684978238659999961e-01
1.413394972055760384e+09 1.401220699700000072e+00 2.327495241099999834e+00 1.754296241300000059e+00 4.750848984000000108e-01 5.566910443000000486e-01 -5.554603956000000453e-01 3.947824330979999852e-01
1.413394972155760288e+09 1.474315294800000009e+00 2.314214961199999809e+00 1.754944340200000008e+00 4.690547670999999919e-01 5.301806419000000270e-01 -5.685656440999999894e-01 4.190814012130000266e-01
1.413394972255760431e+09 1.534086515700000097e+00 2.287655152300000161e+00 1.746136353600000080e+00 4.546412042999999903e-01 5.018148640999999799e-01 -5.884696230999999500e-01 4.417994117710000168e-01
1.413394972355760336e+09 1.579104333899999935e+00 2.248789982399999943e+00 1.730965137100000106e+00 4.341955879000000129e-01 4.707617418999999748e-01 -6.120019046000000351e-01 4.640164248959999793e-01
1.413394972455760479e+09 1.608054885500000086e+00 2.199210619600000083e+00 1.709491075399999893e+00 4.075878255000000006e-01 4.380119120000000033e-01 -6.416783748000000065e-01 4.798610140710000138e-01
1.413394972555760384e+09 1.620922135200000058e+00 2.139879292699999880e+00 1.680813103199999992e+00 3.666682981000000119e-01 4.112406068000000192e-01 -6.785041734000000213e-01 4.858678927660000091e-01
1.413394972655760288e+09 1.619250111399999970e+00 2.071836323499999910e+00 1.654392997300000001e+00 3.177722781999999802e-01 3.859496130999999775e-01 -7.116835142999999864e-01 4.935283688039999728e-01
1.413394972755760431e+09 1.612731316699999917e+00 1.994538347800000055e+00 1.633277942499999913e+00 2.644255287000000232e-01 3.611106135000000106e-01 -7.319092494000000171e-01 5.137967645350000057e-01
1.413394972855760336e+09 1.603867302700000108e+00 1.913711363300000023e+00 1.619807236200000000e+00 2.131064447999999889e-01 3.338572592999999866e-01 -7.438658124000000482e-01 5.383201898110000494e-01
1.413394972955760479e+09 1.596353709399999987e+00 1.835119193299999951e+00 1.611339441199999944e+00 1.719440020000000124e-01 2.989100015999999749e-01 -7.544169107000000540e-01 5.585187517070000496e-01
1.413394973005760431e+09 1.593715639700000075e+00 1.797686974499999923e+00 1.608000968000000031e+00 1.550191442999999947e-01 2.790139605999999994e-01 -7.608828236000000356e-01 5.649580546579999751e-01
1.413394973055760384e+09 1.591772211799999948e+00 1.761508988699999945e+00 1.605197080499999984e+00 1.402764760999999916e-01 2.575146446000000089e-01 -7.678304595999999593e-01 5.696008281559999942e-01
1.413394973105760574e+09 1.590765676299999987e+00 1.726555055599999999e+00 1.602380270100000059e+00 1.266346395999999874e-01 2.352611183999999966e-01 -7.745826085000000472e-01 5.732692708180000540e-01
1.413394973155760288e+09 1.590723954500000037e+00 1.692851863100000021e+00 1.599068142899999989e+00 1.149464426000000039e-01 2.120334386999999932e-01 -7.821703257000000020e-01 5.744899631940000306e-01
1.413394973205760479e+09 1.591279620799999961e+00 1.660259735799999969e+00 1.595626491800000046e+00 1.051630421000000065e-01 1.873989688999999903e-01 -7.902593278999999749e-01 5.738576092020000186e-01
1.413394973255760431e+09 1.592193793300000104e+00 1.627896432900000079e+00 1.592186160700000075e+00 9.427464959999999616e-02 1.636672482000000040e-01 -7.970158429000000488e-01 5.736645957679999963e-01
1.413394973305760622e+09 1.593245108699999912e+00 1.595516815100000096e+00 1.589251030100000017e+00 8.287423050000000679e-02 1.401723900000000078e-01 -8.027325654000000421e-01 5.736758591580000122e-01
1.413394973355760336e+09 1.594103602899999972e+00 1.563121898499999940e+00 1.586646262199999935e+00 7.153977340000000629e-02 1.167474743999999953e-01 -8.075100651000000074e-01 5.737417388259999917e-01
1.413394973405760527e+09 1.594708071299999919e+00 1.530144194100000021e+00 1.584594407900000057e+00 5.927726509999999699e-02 9.333637290000000586e-02 -8.103939730000000452e-01 5.753573984209999770e-01
1.413394973455760479e+09 1.594760098899999923e+00 1.497032577899999994e+00 1.582480841400000005e+00 4.596784510000000157e-02 7.114503760000000232e-02 -8.129156556000000089e-01 5.761887518299999567e-01
1.413394973505760431e+09 1.594230129500000093e+00 1.463505992500000019e+00 1.581347039800000021e+00 3.256799810000000212e-02 4.850335349999999879e-02 -8.143486253999999702e-01 5.774279751199999922e-01
1.413394973555760384e+09 1.593214420800000086e+00 1.429638741700000049e+00 1.580153587300000106e+00 1.859086299999999914e-02 2.578327960000000030e-02 -8.159482701000000393e-01 5.772503987379999923e-01
1.413394973605760574e+09 1.591303373499999951e+00 1.395406230300000106e+00 1.579546797499999933e+00 4.574587700000000423e-03 3.289065099999999905e-03 -8.172638061000000453e-01 5.762361724419999831e-01
1.413394973655760288e+09 1.588385852400000076e+00 1.360658426200000104e+00 1.579278099499999977e+00 1.254813360000000058e-02 1.720566650000000114e-02 8.177651634000000502e-01 -5.751579321840000203e-01
1.413394973705760479e+09 1.584810084199999913e+00 1.325338877799999926e+00 1.580369159700000026e+00 2.894006309999999985e-02 3.852658550000000182e-02 8.155766664000000388e-01 -5.766392947209999509e-01
1.413394973755760431e+09 1.580559905499999918e+00 1.290266637700000052e+00 1.581591315000000053e+00 4.676441030000000332e-02 5.840153780000000017e-02 8.129817730999999714e-01 -5.774625415540000084e-01
1.413394973805760622e+09 1.576044835400000066e+00 1.254764564100000035e+00 1.583481276099999890e+00 6.226198780000000155e-02 8.039010750000000205e-02 8.090369525999999700e-01 -5.788955733359999467e-01
1.413394973855760336e+09 1.571135788399999900e+00 1.219717671499999989e+00 1.585286909099999919e+00 7.708326690000000259e-02 1.018683633999999949e-01 8.053486734000000480e-01 -5.788734928050000006e-01
1.413394973905760527e+09 1.565862794999999918e+00 1.184961692799999966e+00 1.587247278700000042e+00 9.092195990000000172e-02 1.241127808000000027e-01 8.013453522000000273e-01 -5.780785771899999981e-01
1.413394973955760479e+09 1.560214069299999951e+00 1.150982522599999891e+00 1.589583328300000042e+00 1.044038491999999957e-01 1.458179025999999934e-01 7.975637392000000103e-01 -5.759592498319999754e-01
1.413394974005760431e+09 1.554060277600000095e+00 1.117719265300000098e+00 1.592380258499999979e+00 1.174947330000000040e-01 1.671607987000000017e-01 7.930441233999999673e-01 -5.738756602079999602e-01
1.413394974055760384e+09 1.547179441399999966e+00 1.085207497799999921e+00 1.595798315699999970e+00 1.310139636000000052e-01 1.884003572999999876e-01 7.876749278000000354e-01 -5.717594379310000363e-01
1.413394974105760574e+09 1.540113109199999997e+00 1.053863639300000044e+00 1.598951641199999996e+00 1.431142247999999950e-01 2.100364325000000087e-01 7.822084703999999666e-01 -5.688171274300000135e-01
1.413394974155760288e+09 1.532339970200000012e+00 1.023263404099999940e+00 1.602850875899999972e+00 1.547533407999999999e-01 2.310747659999999870e-01 7.752482483999999507e-01 -5.671384392870000291e-01
1.413394974205760479e+09 1.523645655900000007e+00 9.936583915000000156e-01 1.607037027100000071e+00 1.656597875999999969e-01 2.529668775999999730e-01 7.678634505000000443e-01 -5.647568636609999748e-01
1.413394974255760431e+09 1.514238483800000035e+00 9.650007223000000023e-01 1.611475135600000108e+00 1.762073653000000018e-01 2.744326616000000163e-01 7.601474554999999578e-01 -5.619728859289999656e-01
1.413394974305760622e+09 1.503755777100000079e+00 9.378391983999999626e-01 1.616299595699999925e+00 1.867020098999999933e-01 2.955368420000000218e-01 7.531393737999999560e-01 -5.572983205910000404e-01
1.413394974355760336e+09 1.492294324900000024e+00 9.121230635999999503e-01 1.621659691400000103e+00 1.957862441000000064e-01 3.173389020999999866e-01 7.453718122000000390e-01 -5.526161683439999583e-01
1.413394974405760527e+09 1.479313256399999998e+00 8.877176047999999486e-01 1.627497270699999943e+00 2.044782029999999973e-01 3.388937929999999987e-01 7.377702233999999804e-01 -5.468407070859999664e-01
1.413394974455760479e+09 1.465088369699999893e+00 8.655931918000000502e-01 1.633736138700000007e+00 2.143913902000000038e-01 3.583846238000000239e-01 7.297825382000000527e-01 -5.413078977749999909e-01
1.413394974505760431e+09 1.449157582700000058e+00 8.451492932999999930e-01 1.639729680100000087e+00 2.248722609000000094e-01 3.779669653000000129e-01 7.208668171000000013e-01 -5.356533126789999599e-01
1.413394974555760384e+09 1.431599236899999905e+00 8.267642388000000508e-01 1.646689323699999985e+00 2.358242509000000042e-01 3.956285985999999921e-01 7.115924762999999986e-01 -5.305667557000000034e-01
1.413394974605760574e+09 1.412045093399999951e+00 8.105383693000000056e-01 1.654177321099999931e+00 2.497646172999999914e-01 4.104653737000000246e-01 7.009080397000000406e-01 -5.271278145500000178e-01
1.413394974655760288e+09 1.390839900600000067e+00 7.962084877999999755e-01 1.661545414599999937e+00 2.654327182999999812e-01 4.232107346000000270e-01 6.890932113000000081e-01 -5.249654200769999779e-01
1.413394974705760479e+09 1.368763167800000069e+00 7.841249662999999481e-01 1.668699632899999896e+00 2.809720190000000173e-01 4.347876853000000041e-01 6.786105305999999837e-01 -5.210586733069999532e-01
1.413394974755760431e+09 1.346741828799999929e+00 7.745844548000000440e-01 1.674726013399999935e+00 2.951563175999999955e-01 4.464345572000000262e-01 6.699589616000000136e-01 -5.145230064310000184e-01
1.413394974805760622e+09 1.324458870199999971e+00 7.668155492999999545e-01 1.679885173900000028e+00 3.076005815000000254e-01 4.579517752000000219e-01 6.626502252999999509e-01 -5.065142966950000325e-01
1.413394974855760336e+09 1.302275069700000065e+00 7.609590252000000277e-01 1.683817250399999965e+00 3.198760628000000272e-01 4.683918757000000155e-01 6.562439118999999765e-01 -4.976266506290000224e-01
1.413394974905760527e+09 1.279902857199999966e+00 7.564598136000000306e-01 1.685100904500000052e+00 3.326237635000000026e-01 4.777298334999999785e-01 6.510481102999999825e-01 -4.871057341680000152e-01
1.413394974955760479e+09 1.257506784300000069e+00 7.526727978999999680e-01 1.683382822800000067e+00 3.441107534000000245e-01 4.868604337999999920e-01 6.458721941999999716e-01 -4.768687619870000116e-01
1.413394975005760431e+09 1.235692724299999989e+00 7.492468094999999995e-01 1.677846394799999974e+00 3.546580187000000217e-01 4.952838654000000229e-01 6.398206660999999906e-01 -4.685521290990000143e-01
1.413394975055760384e+09 1.213744014800000048e+00 7.461504473000000193e-01 1.669554591900000107e+00 3.665823838999999751e-01 5.011390849000000314e-01 6.329812544999999790e-01 -4.623977778130000105e-01
1.413394975105760574e+09 1.192590635299999979e+00 7.432051294000000530e-01 1.658969647299999961e+00 3.793299123000000161e-01 5.052788202000000339e-01 6.242375949999999785e-01 -4.594883637769999751e-01
1.413394975155760288e+09 1.172161321899999997e+00 7.401377371999999788e-01 1.645645945400000087e+00 3.905500921999999764e-01 5.093557321999999665e-01 6.154121110000000394e-01 -4.574880295000000041e-01
1.413394975205760479e+09 1.152842707800000088e+00 7.369767793999999483e-01 1.630297396700000068e+00 3.995979776999999955e-01 5.141451138000000531e-01 6.062633682000000412e-01 -4.565314736650000205e-01
1.413394975255760431e+09 1.134825423000000111e+00 7.338484869000000410e-01 1.612644807399999936e+00 4.073302454000000128e-01 5.191552105000000195e-01 5.979286608999999642e-01 -4.550178624149999740e-01
1.413394975305760622e+09 1.118394416899999966e+00 7.306153631999999787e-01 1.593319964600000027e+00 4.136053087000000072e-01 5.247304040000000391e-01 5.906086168999999941e-01 -4.525153184919999960e-01
1.413394975355760336e+09 1.103864063000000062e+00 7.274077979999999943e-01 1.574017073600000094e+00 4.198502540999999866e-01 5.299299744000000034e-01 5.844742043999999748e-01 -4.486534194499999795e-01
1.413394975405760527e+09 1.091328337400000015e+00 7.243498472999999604e-01 1.554326944899999896e+00 4.246637506000000006e-01 5.354799584999999640e-01 5.807035527999999669e-01 -4.423859137660000052e-01
1.413394975455760479e+09 1.080308323299999929e+00 7.212443110999999796e-01 1.535189225499999921e+00 4.277426482999999724e-01 5.420216198999999735e-01 5.783393775999999820e-01 -4.344794065240000225e-01
1.413394975505760431e+09 1.071020100499999961e+00 7.177866528999999884e-01 1.517057414800000004e+00 4.301208174000000217e-01 5.484347301999999980e-01 5.772240561000000492e-01 -4.254736398669999864e-01
1.413394975555760384e+09 1.063399190299999963e+00 7.136612057000000231e-01 1.499607181600000061e+00 4.311169528000000084e-01 5.545413726000000265e-01 5.770869845999999637e-01 -4.166445142960000236e-01
1.413394975605760574e+09 1.056719165999999932e+00 7.086655806999999641e-01 1.483641441899999913e+00 4.310070262999999846e-01 5.600046562999999589e-01 5.778637210000000524e-01 -4.082906417730000070e-01
1.413394975655760288e+09 1.050525345000000055e+00 7.025975142000000506e-01 1.469106985500000073e+00 4.298988364999999923e-01 5.648011032999999959e-01 5.782970639000000190e-01 -4.021930008330000250e-01
1.413394975755760431e+09 1.037810371299999979e+00 6.870491577999999766e-01 1.444818745499999890e+00 4.283291320000000013e-01 5.713651881000000321e-01 5.790973139999999741e-01 -3.933475274930000043e-01
1.413394975805760622e+09 1.030888916699999935e+00 6.777081027000000368e-01 1.435016163600000061e+00 4.265571773999999872e-01 5.739321160999999449e-01 5.799588053999999993e-01 -3.902546405860000123e-01
1.413394975855760336e+09 1.023431358799999913e+00 6.673935921000000437e-01 1.426962362600000089e+00 4.261399486999999930e-01 5.748248471000000359e-01 5.796806334999999866e-01 -3.898095719890000144e-01
1.413394975955760479e+09 1.005755716899999985e+00 6.440290744000000123e-01 1.417732905400000076e+00 4.346683769999999947e-01 5.687139423999999499e-01 5.754131483000000102e-01 -3.956356437110000179e-01
1.413394976055760384e+09 9.882977612000000134e-01 6.169828416000000537e-01 1.412539505999999889e+00 4.444438616999999980e-01 5.601030356999999738e-01 5.676678585000000110e-01 -4.080532387590000143e-01
1.413394976155760288e+09 9.751671719000000182e-01 5.867733930999999847e-01 1.406525504400000015e+00 4.491584350000000225e-01 5.547803932999999521e-01 5.656123502000000025e-01 -4.129867852829999797e-01
1.413394976255760431e+09 9.679997504999999780e-01 5.537064119000000284e-01 1.399421589099999919e+00 4.491839330999999880e-01 5.533034398999999715e-01 5.677135757000000282e-01 -4.120562990680000093e-01
1.413394976355760336e+09 9.662855887000000310e-01 5.172089167000000209e-01 1.393097576800000015e+00 4.515098766999999791e-01 5.497924075000000244e-01 5.683399823000000461e-01 -4.133482846629999985e-01
1.413394976455760479e+09 9.705716586999999507e-01 4.769847774000000040e-01 1.389224929700000111e+00 4.593067239999999996e-01 5.424891601000000341e-01 5.627385020999999821e-01 -4.219813062139999849e-01
1.413394976505760431e+09 9.760688922000000378e-01 4.557782251999999978e-01 1.388358663600000042e+00 4.637235492999999820e-01 5.383116430000000063e-01 5.586229058999999664e-01 -4.279269725190000262e-01
1.413394976605760574e+09 9.953726157000000185e-01 4.106616795999999958e-01 1.388048558499999974e+00 4.701324062000000192e-01 5.320935096000000142e-01 5.497934799999999456e-01 -4.399763027729999831e-01
1.413394976705760479e+09 1.028975108900000102e+00 3.630565888000000241e-01 1.389252819800000038e+00 4.638779472999999820e-01 5.354128402000000175e-01 5.424795438999999719e-01 -4.515155423430000092e-01
1.413394976755760431e+09 1.052016324800000069e+00 3.394829545999999976e-01 1.389196652899999940e+00 4.535738408000000166e-01 5.427996239000000278e-01 5.424037268000000411e-01 -4.532521775019999755e-01
1.413394976805760622e+09 1.078013176000000017e+00 3.164870723000000052e-01 1.389141055599999897e+00 4.414686406000000174e-01 5.525178896000000339e-01 5.446593888999999855e-01 -4.507500096190000249e-01
1.413394976855760336e+09 1.107021962699999973e+00 2.946635295999999737e-01 1.389425339400000015e+00 4.242589601999999793e-01 5.650837238999999457e-01 5.499798930999999502e-01 -4.452042641139999923e-01
1.413394976905760527e+09 1.137667673900000009e+00 2.747219825000000171e-01 1.389443085899999986e+00 4.038110207999999757e-01 5.807209863000000194e-01 5.564961683000000381e-01 -4.359034413130000174e-01
1.413394976955760479e+09 1.168427026700000093e+00 2.570448365999999929e-01 1.389385853400000093e+00 3.835993957000000121e-01 5.966709559999999746e-01 5.642778617999999469e-01 -4.224047449519999775e-01
1.413394977005760431e+09 1.197834642899999968e+00 2.419877555999999930e-01 1.390616924199999938e+00 3.641488304000000120e-01 6.113348867000000242e-01 5.714557432000000325e-01 -4.087830954839999920e-01
1.413394977105760574e+09 1.245280106300000078e+00 2.212181940999999874e-01 1.398054400199999936e+00 3.316141651999999773e-01 6.382437564999999813e-01 5.784770931999999588e-01 -3.847612315810000072e-01
1.413394977155760288e+09 1.261750430300000003e+00 2.161773032000000039e-01 1.403780764199999975e+00 3.174103809000000109e-01 6.498763334999999586e-01 5.809916152999999861e-01 -3.733097160730000086e-01
1.413394977205760479e+09 1.270933259199999998e+00 2.150889367999999913e-01 1.411027780900000028e+00 3.064874940999999797e-01 6.596696622000000065e-01 5.821511742999999628e-01 -3.633199182360000168e-01
1.413394977305760622e+09 1.263933493299999933e+00 2.265030076000000003e-01 1.431344277200000015e+00 3.069928869999999921e-01 6.634920832999999796e-01 5.912911133999999569e-01 -3.404532888210000108e-01
1.413394977405760527e+09 1.226730800599999949e+00 2.517205258999999917e-01 1.460927333799999950e+00 3.316241399000000034e-01 6.490427579999999974e-01 6.057825359999999826e-01 -3.190555548840000033e-01
1.413394977505760431e+09 1.155835072999999991e+00 2.806998354999999945e-01 1.499723962500000063e+00 3.513857758999999747e-01 6.363192841000000488e-01 6.149475070000000043e-01 -3.057210637969999811e-01
1.413394977605760574e+09 1.053986431800000068e+00 3.065567455000000052e-01 1.546597507500000024e+00 3.598208990999999801e-01 6.316558492999999608e-01 6.167619439999999509e-01 -3.019014957350000250e-01
1.413394977705760479e+09 9.237151131999999931e-01 3.285080162999999831e-01 1.597809900599999944e+00 3.648165465000000052e-01 6.295454059999999741e-01 6.158607433999999659e-01 -3.021539573379999899e-01
1.413394977805760622e+09 7.652142198000000395e-01 3.458588543000000182e-01 1.654595781400000076e+00 3.776474644000000214e-01 6.218285637999999560e-01 6.117110069000000205e-01 -3.106787311559999765e-01
1.413394977905760527e+09 5.838921954000000358e-01 3.576416479999999787e-01 1.715304925599999919e+00 4.012047114000000247e-01 6.075851987999999482e-01 6.010719197999999652e-01 -3.295262553389999849e-01
1.413394978005760431e+09 3.892983005999999802e-01 3.629871818000000028e-01 1.775501456700000036e+00 4.263931241000000205e-01 5.916419792999999538e-01 5.886244791000000420e-01 -3.488121193240000251e-01
1.413394978105760574e+09 1.901403879999999935e-01 3.612885424999999762e-01 1.832893158000000078e+00 4.468341424000000228e-01 5.776380070000000089e-01 5.787858414000000007e-01 -3.628781226100000201e-01
1.413394978155760288e+09 9.058189780000000524e-02 3.574231773000000056e-01 1.859388566000000020e+00 4.535450409999999821e-01 5.727404431999999490e-01 5.764133955000000364e-01 -3.660776941219999747e-01
1.413394978205760479e+09 -8.297295700000000343e-03 3.515604083000000157e-01 1.882729976800000093e+00 4.577756009999999764e-01 5.696200160000000068e-01 5.749816996000000069e-01 -3.679274135330000139e-01
1.413394978255760431e+09 -1.066129630000000050e-01 3.434171587000000025e-01 1.902765186999999969e+00 4.609858785000000014e-01 5.672425749999999711e-01 5.740367101000000138e-01 -3.690660325699999800e-01
1.413394978305760622e+09 -2.038788651000000007e-01 3.331466074000000166e-01 1.919830672500000057e+00 4.623205637999999729e-01 5.657862365000000393e-01 5.742167927000000338e-01 -3.693517373349999855e-01
1.413394978355760336e+09 -3.004424204000000209e-01 3.206762364999999892e-01 1.934200984400000101e+00 4.630963633999999884e-01 5.650278401999999645e-01 5.743361585999999797e-01 -3.693552151919999860e-01
1.413394978405760527e+09 -3.957761504000000263e-01 3.056657474000000208e-01 1.945329602499999977e+00 4.635428677000000275e-01 5.643986085000000097e-01 5.743290640999999530e-01 -3.697679633290000267e-01
1.413394978455760479e+09 -4.898112632000000133e-01 2.883255356000000158e-01 1.953199646100000075e+00 4.622270028000000086e-01 5.641666291000000388e-01 5.746980563000000375e-01 -3.711931526300000228e-01
1.413394978505760431e+09 -5.830107265999999733e-01 2.687062660999999797e-01 1.958474224799999996e+00 4.605261139999999864e-01 5.647222221000000042e-01 5.743531600000000292e-01 -3.729919003739999850e-01
1.413394978555760384e+09 -6.755291273000000318e-01 2.465318958000000116e-01 1.963158161700000015e+00 4.573136879999999960e-01 5.661592399000000553e-01 5.736367635000000353e-01 -3.758573790429999839e-01
1.413394978605760574e+09 -7.675252571999999773e-01 2.222771523000000027e-01 1.968149892200000028e+00 4.539764352999999808e-01 5.676649419999999502e-01 5.721811554000000299e-01 -3.798297450620000126e-01
1.413394978655760288e+09 -8.583485864000000021e-01 1.961796902000000065e-01 1.973406255700000056e+00 4.489287167000000078e-01 5.706951563000000061e-01 5.700882426000000169e-01 -3.844079102929999769e-01
1.413394978705760479e+09 -9.483825438999999857e-01 1.686198416999999949e-01 1.979768461099999932e+00 4.431296088000000188e-01 5.741967159999999959e-01 5.668946397999999887e-01 -3.905953769880000093e-01
1.413394978755760431e+09 -1.037569781900000043e+00 1.403604885999999996e-01 1.987037507399999958e+00 4.378937629999999914e-01 5.773344070999999467e-01 5.638523973000000300e-01 -3.962379446489999735e-01
1.413394978805760622e+09 -1.125612601799999890e+00 1.117452889999999976e-01 1.995132034899999907e+00 4.334915455000000195e-01 5.803401304999999955e-01 5.606501063000000062e-01 -4.012005374589999729e-01
1.413394978855760336e+09 -1.212938280699999982e+00 8.340112299999999368e-02 2.003627712700000174e+00 4.307502999999999749e-01 5.823318384000000236e-01 5.581866268999999825e-01 -4.046869142219999826e-01
1.413394978905760527e+09 -1.299262158599999939e+00 5.543964120000000051e-02 2.012642920399999813e+00 4.288046676999999751e-01 5.840333064999999602e-01 5.557569810000000388e-01 -4.076344341099999991e-01
1.413394978955760479e+09 -1.384768119999999936e+00 2.808092590000000124e-02 2.021083634200000034e+00 4.288673494999999947e-01 5.847668079000000185e-01 5.530642386999999882e-01 -4.101713359049999896e-01
1.413394979005760431e+09 -1.469699072300000076e+00 1.543323899999999964e-03 2.028624002799999992e+00 4.315012247000000190e-01 5.839341181999999630e-01 5.487181194000000373e-01 -4.144105019470000206e-01
1.413394979055760384e+09 -1.553674432200000011e+00 -2.399947449999999954e-02 2.033596234200000019e+00 4.364224816999999756e-01 5.817683871000000062e-01 5.433931727999999906e-01 -4.192908548900000087e-01
1.413394979105760574e+09 -1.635656678899999994e+00 -4.880954259999999850e-02 2.036257559300000075e+00 4.421461470999999976e-01 5.787197232999999885e-01 5.374160612999999698e-01 -4.251755443390000111e-01
1.413394979155760288e+09 -1.714994590899999949e+00 -7.304155069999999916e-02 2.036547722199999910e+00 4.474188007000000078e-01 5.755126962000000068e-01 5.295494137999999795e-01 -4.337960022799999815e-01
1.413394979205760479e+09 -1.791224685400000016e+00 -9.648692429999999876e-02 2.035581866099999804e+00 4.524820489999999973e-01 5.723062675000000210e-01 5.197273627999999812e-01 -4.445323384750000106e-01
1.413394979255760431e+09 -1.863504760200000110e+00 -1.189440848000000023e-01 2.032541615099999976e+00 4.559572955999999788e-01 5.692361217000000417e-01 5.112255983000000281e-01 -4.546664382730000176e-01
1.413394979305760622e+09 -1.931682143399999996e+00 -1.397332611000000058e-01 2.028474504900000142e+00 4.588353701999999812e-01 5.660030664999999850e-01 5.020980122999999518e-01 -4.658414083999999900e-01
1.413394979355760336e+09 -1.995389264299999965e+00 -1.587639308999999888e-01 2.023699119100000221e+00 4.608057758999999920e-01 5.632802676999999481e-01 4.927887371999999933e-01 -4.770038128329999738e-01
1.413394979405760527e+09 -2.053044624600000034e+00 -1.755360297999999930e-01 2.020451942899999853e+00 4.631437448999999873e-01 5.586744840999999795e-01 4.836309654000000013e-01 -4.893687584449999961e-01
1.413394979455760479e+09 -2.103655015799999806e+00 -1.892375581000000084e-01 2.018437974499999843e+00 4.667539604000000009e-01 5.530232232999999775e-01 4.748608818999999759e-01 -5.008125375299999904e-01
1.413394979505760431e+09 -2.146168011299999900e+00 -2.000213420999999991e-01 2.018697711899999803e+00 4.717892035999999845e-01 5.460168819999999812e-01 4.658938588000000047e-01 -5.120775568790000287e-01
1.413394979555760384e+09 -2.179513122899999988e+00 -2.073779158000000067e-01 2.021103710399999809e+00 4.783614548999999827e-01 5.374859566999999894e-01 4.599648402000000025e-01 -5.202994431170000489e-01
1.413394979605760574e+09 -2.203614598900000221e+00 -2.113044523000000008e-01 2.025488383999999975e+00 4.853986882999999919e-01 5.293128782999999560e-01 4.559269215999999791e-01 -5.256868197459999559e-01
1.413394979655760288e+09 -2.219743411400000088e+00 -2.123094372999999868e-01 2.032290589500000078e+00 4.902619583999999753e-01 5.234142464000000050e-01 4.557728314000000225e-01 -5.272114043900000269e-01
1.413394979705760479e+09 -2.226179483200000142e+00 -2.104007410000000022e-01 2.040904257499999819e+00 4.938962433999999901e-01 5.191913140999999676e-01 4.600101342999999843e-01 -5.243067388700000109e-01
1.413394979755760431e+09 -2.221137828299999839e+00 -2.056561195000000120e-01 2.049682063700000167e+00 4.950975989999999993e-01 5.193318354999999498e-01 4.705158014999999971e-01 -5.136026602840000344e-01
1.413394979805760622e+09 -2.205932512299999981e+00 -1.985567625000000114e-01 2.058649985300000207e+00 4.940122060000000093e-01 5.238267481999999697e-01 4.885500636999999813e-01 -4.928248304319999828e-01
1.413394979855760336e+09 -2.182682645299999891e+00 -1.899479229999999907e-01 2.069398233199999826e+00 4.909304870999999793e-01 5.312254777999999567e-01 5.100346833000000135e-01 -4.654582369779999840e-01
1.413394979905760527e+09 -2.153139120100000081e+00 -1.813235321999999983e-01 2.081696591800000107e+00 4.868348363000000179e-01 5.390266580999999446e-01 5.304083628000000328e-01 -4.371602368909999758e-01
1.413394979955760479e+09 -2.119570352599999818e+00 -1.737816966000000074e-01 2.095729793099999849e+00 4.825815165999999823e-01 5.458542562999999515e-01 5.462240883000000213e-01 -4.132764886240000157e-01
1.413394980005760431e+09 -2.083619082699999847e+00 -1.683042227000000057e-01 2.110188403700000048e+00 4.783077233999999955e-01 5.521322564999999738e-01 5.566292898000000378e-01 -3.956457086910000198e-01
1.413394980055760384e+09 -2.046374970600000065e+00 -1.652785938999999926e-01 2.123941014900000201e+00 4.759221385999999887e-01 5.560872824999999464e-01 5.624556544000000047e-01 -3.845889871009999794e-01
1.413394980105760574e+09 -2.008914914200000013e+00 -1.649516272999999866e-01 2.136509575199999844e+00 4.764448720000000193e-01 5.578095650000000072e-01 5.638413584999999451e-01 -3.793833095679999823e-01
1.413394980155760288e+09 -1.971448201400000100e+00 -1.673741170999999972e-01 2.147856943199999868e+00 4.798158479999999892e-01 5.570632155000000418e-01 5.616633401999999720e-01 -3.794622750869999783e-01
1.413394980205760479e+09 -1.933087685000000056e+00 -1.722859938000000091e-01 2.157363593999999996e+00 4.833167145999999748e-01 5.555422075999999487e-01 5.579824955000000086e-01 -3.826660994100000157e-01
1.413394980255760431e+09 -1.893578562200000093e+00 -1.798443892999999905e-01 2.164503266000000092e+00 4.861536745000000215e-01 5.546402608999999595e-01 5.524576932000000440e-01 -3.883545840770000201e-01
1.413394980305760622e+09 -1.853165009900000104e+00 -1.900429250000000014e-01 2.169960401099999991e+00 4.879069993999999855e-01 5.541407740999999554e-01 5.467055385000000323e-01 -3.949529296829999980e-01
1.413394980355760336e+09 -1.811407730900000068e+00 -2.022728172000000102e-01 2.172510020999999902e+00 4.878806601999999826e-01 5.550414867999999835e-01 5.424874720000000261e-01 -3.995106407289999995e-01
1.413394980405760527e+09 -1.767491405299999929e+00 -2.163379686999999940e-01 2.172200183699999787e+00 4.863153201000000037e-01 5.571293805000000487e-01 5.410064109000000121e-01 -4.005200697290000056e-01
1.413394980455760479e+09 -1.721449541199999933e+00 -2.322503511000000020e-01 2.171164041199999950e+00 4.824023684000000034e-01 5.611596518000000477e-01 5.412992674000000060e-01 -3.992278839399999724e-01
1.413394980505760431e+09 -1.673710356800000021e+00 -2.501273670999999976e-01 2.169910116300000080e+00 4.749877276000000204e-01 5.678300195000000050e-01 5.417547887000000451e-01 -3.980671758859999909e-01
1.413394980555760384e+09 -1.624074951199999894e+00 -2.695262740000000101e-01 2.169606524799999825e+00 4.655872044000000098e-01 5.755581478000000306e-01 5.420270498000000492e-01 -3.977034710940000051e-01
1.413394980605760574e+09 -1.573305245800000085e+00 -2.898669338000000040e-01 2.170054521600000008e+00 4.571297434000000104e-01 5.826676650000000013e-01 5.422859680999999599e-01 -3.968081636010000190e-01
1.413394980655760288e+09 -1.522021342199999960e+00 -3.104926678000000106e-01 2.171819276199999926e+00 4.492607514999999996e-01 5.886936526999999586e-01 5.424532786000000328e-01 -3.966724102740000202e-01
1.413394980705760479e+09 -1.470819525300000041e+00 -3.312024199999999974e-01 2.174893498599999919e+00 4.439381217000000213e-01 5.929497645000000317e-01 5.419924447999999728e-01 -3.969555525169999877e-01
1.413394980755760431e+09 -1.419954759399999933e+00 -3.515517994999999840e-01 2.178833765999999894e+00 4.400432729000000043e-01 5.955518637000000171e-01 5.427036328000000021e-01 -3.964248511460000124e-01
1.413394980805760622e+09 -1.369085241100000072e+00 -3.715257343000000212e-01 2.183689622899999794e+00 4.367335560000000227e-01 5.977260867000000477e-01 5.428230970999999849e-01 -3.966489778200000260e-01
1.413394980855760336e+09 -1.318607775600000087e+00 -3.910769974000000149e-01 2.189029034999999901e+00 4.346326877999999727e-01 5.992223751999999903e-01 5.427554601999999839e-01 -3.967914845059999918e-01
1.413394980905760527e+09 -1.268320348300000067e+00 -4.098954670000000133e-01 2.194492834400000092e+00 4.326684277000000245e-01 6.001018976999999976e-01 5.430158774000000133e-01 -3.972524397769999771e-01
1.413394980955760479e+09 -1.218731762600000046e+00 -4.278520134000000086e-01 2.198745140299999790e+00 4.319514500000000146e-01 6.005779369000000534e-01 5.433257003000000473e-01 -3.968894934350000181e-01
1.413394981005760431e+09 -1.170028698200000106e+00 -4.453082767000000053e-01 2.200518482300000134e+00 4.293048430999999998e-01 6.022394611000000397e-01 5.431586972999999929e-01 -3.974715243909999751e-01
1.413394981055760384e+09 -1.122165178299999955e+00 -4.620617508000000040e-01 2.200163240300000211e+00 4.269564632999999776e-01 6.037209000000000048e-01 5.424188114000000338e-01 -3.987619419549999766e-01
1.413394981105760574e+09 -1.075235413899999992e+00 -4.779267139999999747e-01 2.197277663499999978e+00 4.237861227999999980e-01 6.058538296000000045e-01 5.410838869999999856e-01 -4.007177142650000246e-01
1.413394981155760288e+09 -1.029027863700000101e+00 -4.927438953000000121e-01 2.192023786100000038e+00 4.207945035999999805e-01 6.079671236999999451e-01 5.399406491999999558e-01 -4.022089724749999817e-01
1.413394981205760479e+09 -9.831662373999999760e-01 -5.064854576999999747e-01 2.183895855799999897e+00 4.174390933000000081e-01 6.101785320000000512e-01 5.390601361000000313e-01 -4.035355400660000091e-01
1.413394981255760431e+09 -9.382447066000000335e-01 -5.183586840999999668e-01 2.172900268899999876e+00 4.151521524999999824e-01 6.120838569000000007e-01 5.383931776999999474e-01 -4.038995278120000032e-01
1.413394981305760622e+09 -8.942370025000000444e-01 -5.286247564999999593e-01 2.160050649099999998e+00 4.143137190000000247e-01 6.132903493000000372e-01 5.378828157999999693e-01 -4.036101660649999978e-01
1.413394981355760336e+09 -8.513186369999999892e-01 -5.370339052999999474e-01 2.146070647400000198e+00 4.159464796999999825e-01 6.129281543000000276e-01 5.389957545000000350e-01 -4.009877558850000190e-01
1.413394981405760527e+09 -8.091810332000000106e-01 -5.432388401000000089e-01 2.132608165400000200e+00 4.206560847999999964e-01 6.108526817999999636e-01 5.414318310000000301e-01 -3.959280639850000227e-01
1.413394981455760479e+09 -7.682826404999999470e-01 -5.483310701000000398e-01 2.119715156099999831e+00 4.251682802000000261e-01 6.094037903000000256e-01 5.434200706999999797e-01 -3.905810807790000005e-01
1.413394981505760431e+09 -7.286546210000000023e-01 -5.526724793999999719e-01 2.108470612700000135e+00 4.296767778999999732e-01 6.079443763999999861e-01 5.448826317999999613e-01 -3.858554383819999822e-01
1.413394981555760384e+09 -6.901192842000000160e-01 -5.568791830999999526e-01 2.098515119600000034e+00 4.320948941000000154e-01 6.078739769000000015e-01 5.452312500999999534e-01 -3.827611718650000272e-01
1.413394981605760574e+09 -6.527429156999999815e-01 -5.610191751999999976e-01 2.089209489499999961e+00 4.319410884000000062e-01 6.096069778999999578e-01 5.453212933000000096e-01 -3.800406763590000181e-01
1.413394981655760288e+09 -6.164180176000000344e-01 -5.648029576999999968e-01 2.079923563399999953e+00 4.300704002999999886e-01 6.126611516000000091e-01 5.460734071999999717e-01 -3.761510308670000247e-01
1.413394981705760479e+09 -5.816114756000000385e-01 -5.681268095999999490e-01 2.070497374699999948e+00 4.287268800999999852e-01 6.162341192000000412e-01 5.462406427999999536e-01 -3.715776269389999831e-01
1.413394981755760431e+09 -5.486385589000000174e-01 -5.710060998000000554e-01 2.061601985399999837e+00 4.270429439999999799e-01 6.212428982000000044e-01 5.444021862000000267e-01 -3.678557394909999778e-01
1.413394981805760622e+09 -5.174488852999999944e-01 -5.736454920000000346e-01 2.052623101200000022e+00 4.245914820999999728e-01 6.276550721000000443e-01 5.408231854999999699e-01 -3.650773423609999790e-01
1.413394981855760336e+09 -4.883542837000000025e-01 -5.755245826999999537e-01 2.044879859099999919e+00 4.231034684000000157e-01 6.339808909999999909e-01 5.356708844999999997e-01 -3.634671766299999995e-01
1.413394981905760527e+09 -4.612916613999999971e-01 -5.762978047000000270e-01 2.037135914799999892e+00 4.225254106999999926e-01 6.404408485000000484e-01 5.295368123999999455e-01 -3.617990618979999851e-01
1.413394981955760479e+09 -4.367260427999999917e-01 -5.755640279000000525e-01 2.030526156000000082e+00 4.224899436999999813e-01 6.470857035999999507e-01 5.219070667999999857e-01 -3.611029676299999935e-01
1.413394982005760431e+09 -4.138438842000000117e-01 -5.733726852999999624e-01 2.024518000000000040e+00 4.231286076999999923e-01 6.539814259999999768e-01 5.136477856000000175e-01 -3.597727452210000010e-01
1.413394982055760384e+09 -3.932481173999999857e-01 -5.693773739999999917e-01 2.019659907499999907e+00 4.238557098999999884e-01 6.616391095000000444e-01 5.032491825999999557e-01 -3.596112988030000235e-01
1.413394982105760574e+09 -3.746750933999999922e-01 -5.630251303000000096e-01 2.015685828800000134e+00 4.263160330999999914e-01 6.686300733000000163e-01 4.916462914999999989e-01 -3.598227189870000231e-01
1.413394982155760288e+09 -3.577592950999999855e-01 -5.542480606999999893e-01 2.012681525000000082e+00 4.289280682000000122e-01 6.757502631999999787e-01 4.785776324000000082e-01 -3.610342697810000057e-01
1.413394982205760479e+09 -3.421680906999999827e-01 -5.425954321999999497e-01 2.010384133700000131e+00 4.319972259000000037e-01 6.828637797000000065e-01 4.649842014000000190e-01 -3.617528819060000234e-01
1.413394982255760431e+09 -3.276644548000000046e-01 -5.277666124000000014e-01 2.009052330099999839e+00 4.346788674000000019e-01 6.909946284000000327e-01 4.501311169000000167e-01 -3.618876667700000049e-01
1.413394982305760622e+09 -3.134067779999999970e-01 -5.094844781999999794e-01 2.007841605399999896e+00 4.382715262999999917e-01 6.985371395999999677e-01 4.365663531999999791e-01 -3.596856310059999839e-01
1.413394982355760336e+09 -2.992716173000000146e-01 -4.872176228999999803e-01 2.007408813100000078e+00 4.418851597999999825e-01 7.061897808000000554e-01 4.235031266000000016e-01 -3.559193739750000085e-01
1.413394982405760527e+09 -2.852953874999999972e-01 -4.607792003999999775e-01 2.008151447299999948e+00 4.469983667999999910e-01 7.134920259000000486e-01 4.101891709000000108e-01 -3.505230849920000225e-01
1.413394982455760479e+09 -2.709905431999999892e-01 -4.304348845000000034e-01 2.010322554600000089e+00 4.521306133999999921e-01 7.205439463999999683e-01 3.963876241000000022e-01 -3.453566001069999780e-01
1.413394982505760431e+09 -2.558433225000000255e-01 -3.959971319000000212e-01 2.013718634099999960e+00 4.570910973000000266e-01 7.277356619999999499e-01 3.819960787000000191e-01 -3.399228306770000207e-01
1.413394982555760384e+09 -2.396287169000000106e-01 -3.575320332999999962e-01 2.018272471900000031e+00 4.622576205000000216e-01 7.347177059999999704e-01 3.689026201999999754e-01 -3.322930057199999787e-01
1.413394982605760574e+09 -2.223929476000000016e-01 -3.154944979000000038e-01 2.024282660099999909e+00 4.669655242999999900e-01 7.416395733999999740e-01 3.539423168999999980e-01 -3.265559348450000066e-01
1.413394982655760288e+09 -2.036866133999999939e-01 -2.696489863000000042e-01 2.030633547899999947e+00 4.733671321999999848e-01 7.472683570000000497e-01 3.411850826000000225e-01 -3.179721689100000193e-01
1.413394982705760479e+09 -1.836643333999999905e-01 -2.201778473000000069e-01 2.037728735800000024e+00 4.794278554999999997e-01 7.523386640000000458e-01 3.291874704000000151e-01 -3.094690215759999807e-01
1.413394982755760431e+09 -1.623075656000000089e-01 -1.671888327000000118e-01 2.045535485799999886e+00 4.855433960000000160e-01 7.572654471999999970e-01 3.174245238999999774e-01 -3.000638675619999862e-01
1.413394982805760622e+09 -1.396340893000000138e-01 -1.107157527999999974e-01 2.053526952099999914e+00 4.925909035000000102e-01 7.613747866000000197e-01 3.062199997999999757e-01 -2.896410673079999887e-01
1.413394982855760336e+09 -1.154019661000000030e-01 -5.128656770000000059e-02 2.061371079999999800e+00 4.993445563999999726e-01 7.652827326000000152e-01 2.953311130999999867e-01 -2.788850781760000008e-01
1.413394982905760527e+09 -8.995431010000000394e-02 1.079422770000000066e-02 2.069708198199999849e+00 5.058082010000000128e-01 7.688776568999999839e-01 2.847973375000000251e-01 -2.680964175039999842e-01
1.413394983005760431e+09 -3.510695839999999901e-02 1.415940146000000122e-01 2.086670608900000001e+00 5.188903055000000375e-01 7.737468734000000348e-01 2.682226705999999905e-01 -2.452044571610000057e-01
1.413394983105760574e+09 2.370436199999999966e-02 2.778415989999999947e-01 2.104141609600000073e+00 5.301823791999999980e-01 7.755850288000000203e-01 2.591166140999999756e-01 -2.241273927240000075e-01
1.413394983205760479e+09 8.441705879999999995e-02 4.168312961000000261e-01 2.123172175800000172e+00 5.393069550000000323e-01 7.749262634000000372e-01 2.548454882999999782e-01 -2.090240937239999930e-01
1.413394983305760622e+09 1.455781871999999866e-01 5.566849286999999702e-01 2.142694336499999963e+00 5.454219975999999859e-01 7.734340268999999601e-01 2.527767447000000001e-01 -2.010436966589999874e-01
1.413394983405760527e+09 2.072134951000000058e-01 6.962709188000000271e-01 2.161464611099999988e+00 5.505010943999999462e-01 7.706216648999999475e-01 2.571701197999999855e-01 -1.922350750160000121e-01
1.413394983505760431e+09 2.689391536999999888e-01 8.340618116000000359e-01 2.178699035400000206e+00 5.554974625999999915e-01 7.660667097000000147e-01 2.713015085000000104e-01 -1.759541328929999926e-01
1.413394983605760574e+09 3.270324251999999765e-01 9.668396267000000099e-01 2.190145558699999828e+00 5.587689328999999594e-01 7.617909358000000131e-01 2.830333510999999969e-01 -1.653601278229999971e-01
1.413394983705760479e+09 3.790360128999999967e-01 1.094265367400000022e+00 2.190845642999999843e+00 5.625788816000000248e-01 7.568176356000000382e-01 2.924295592000000221e-01 -1.587986817479999924e-01
1.413394983805760622e+09 4.247067460999999766e-01 1.214645811100000028e+00 2.180327835399999969e+00 5.661953668000000439e-01 7.524334554999999591e-01 2.993783403999999981e-01 -1.537508077549999963e-01
1.413394983905760527e+09 4.624432119999999924e-01 1.327164247900000094e+00 2.159421328800000150e+00 5.670129918999999852e-01 7.509194307000000013e-01 3.016388649000000255e-01 -1.537214065170000032e-01
1.413394984005760431e+09 4.924314600999999958e-01 1.431075326400000014e+00 2.128953854400000179e+00 5.664776191999999488e-01 7.505896121999999782e-01 3.022552363000000075e-01 -1.560772665110000124e-01
1.413394984105760574e+09 5.141651755999999684e-01 1.525364514699999896e+00 2.093502641999999803e+00 5.650490958999999647e-01 7.488370464000000393e-01 3.067786598000000198e-01 -1.607776444590000020e-01
1.413394984205760479e+09 5.287187364000000001e-01 1.609600037100000103e+00 2.059505236300000153e+00 5.624553823000000286e-01 7.460520472999999653e-01 3.150287515999999899e-01 -1.667548240600000009e-01
1.413394984305760622e+09 5.360231548999999651e-01 1.686016579999999987e+00 2.027190532500000142e+00 5.567634111999999469e-01 7.458673466999999890e-01 3.233434159999999946e-01 -1.707203574070000063e-01
1.413394984405760527e+09 5.361150040000000061e-01 1.754961984399999952e+00 1.997784295500000029e+00 5.488009208999999888e-01 7.482286623999999664e-01 3.305422150999999809e-01 -1.723753521789999910e-01
1.413394984505760431e+09 5.273146823000000039e-01 1.817624297400000088e+00 1.971407619999999916e+00 5.413666075999999938e-01 7.491466528000000347e-01 3.394517997000000009e-01 -1.745679367749999877e-01
1.413394984605760574e+09 5.092082850000000382e-01 1.873500165000000051e+00 1.948410250000000010e+00 5.349187627999999473e-01 7.469799478999999964e-01 3.511088440999999838e-01 -1.805698041319999947e-01
1.413394984705760479e+09 4.820115239000000162e-01 1.922661415299999899e+00 1.929363768600000029e+00 5.288821015000000347e-01 7.418007988999999469e-01 3.659164921999999986e-01 -1.900537246569999894e-01
1.413394984805760622e+09 4.446662055000000224e-01 1.966698376300000106e+00 1.913836678400000046e+00 5.219423984000000072e-01 7.353667753000000529e-01 3.827614740999999987e-01 -2.007622784499999979e-01
1.413394984905760527e+09 3.965418895999999749e-01 2.006113060800000181e+00 1.902160002600000066e+00 5.148309679000000472e-01 7.274772627000000158e-01 3.976271062999999772e-01 -2.182168440339999904e-01
1.413394985005760431e+09 3.401131658000000058e-01 2.041290458399999785e+00 1.894910801300000003e+00 5.115472137000000030e-01 7.147143659000000371e-01 4.143479923999999759e-01 -2.362595279359999967e-01
1.413394985105760574e+09 2.767122926000000205e-01 2.072897210499999865e+00 1.891809683500000006e+00 5.088796492999999588e-01 7.019338277000000126e-01 4.318181395999999839e-01 -2.487237391209999871e-01
1.413394985205760479e+09 2.075840347000000030e-01 2.099996285500000059e+00 1.892801472099999938e+00 5.050702781999999447e-01 6.941838782999999458e-01 4.441325856000000183e-01 -2.564351841959999767e-01
1.413394985305760622e+09 1.317656291000000035e-01 2.121644570199999968e+00 1.902929884099999969e+00 4.983964491999999802e-01 6.919761794000000021e-01 4.498228223999999886e-01 -2.653853330770000185e-01
1.413394985405760527e+09 5.013347259999999944e-02 2.137153696699999994e+00 1.928303515499999898e+00 4.808503148000000116e-01 7.003948448000000271e-01 4.422189181000000247e-01 -2.875281977909999731e-01
1.413394985505760431e+09 -3.673879809999999746e-02 2.154834567400000012e+00 1.967340411799999966e+00 4.618564392000000240e-01 7.104136705000000385e-01 4.327116641000000041e-01 -3.078338220449999829e-01
1.413394985605760574e+09 -1.272637601000000118e-01 2.183056936699999895e+00 2.020476447000000064e+00 4.631074030999999813e-01 7.076450690000000154e-01 4.339064409000000233e-01 -3.106367493180000050e-01
1.413394985705760479e+09 -2.194610090000000124e-01 2.219284582299999808e+00 2.074124893300000050e+00 4.750788112000000063e-01 6.978386977999999630e-01 4.466561765000000017e-01 -2.963436096939999764e-01
1.413394985805760622e+09 -3.134793229999999764e-01 2.256994110299999967e+00 2.116927886700000094e+00 4.873643605999999906e-01 6.877695522000000228e-01 4.586322757999999888e-01 -2.812569264540000225e-01
1.413394985905760527e+09 -4.121718302999999861e-01 2.291718453200000116e+00 2.144961643399999840e+00 4.944865547999999777e-01 6.820020830999999895e-01 4.650137410999999887e-01 -2.722469952029999973e-01
1.413394986005760431e+09 -5.158260070000000308e-01 2.321423587600000005e+00 2.161036174299999946e+00 4.977009843999999905e-01 6.801345119999999689e-01 4.662152359999999773e-01 -2.689872291550000072e-01
1.413394986105760574e+09 -6.248156410999999855e-01 2.345114127700000051e+00 2.173257785000000109e+00 5.000390366000000419e-01 6.796472220999999481e-01 4.647705641000000054e-01 -2.683820747749999791e-01
1.413394986205760479e+09 -7.399371585999999779e-01 2.361506396699999843e+00 2.188912043100000204e+00 4.938808708999999908e-01 6.862992266999999869e-01 4.550809913000000151e-01 -2.792424541579999753e-01
1.413394986305760622e+09 -8.598877794999999491e-01 2.373984916599999995e+00 2.210674300099999989e+00 4.827524709000000080e-01 6.962275795000000267e-01 4.406968591000000046e-01 -2.966538181660000051e-01
1.413394986405760527e+09 -9.812900697999999977e-01 2.388904893099999871e+00 2.236349463899999890e+00 4.751023254999999779e-01 7.026660913000000175e-01 4.314260972000000249e-01 -3.072615613529999790e-01
1.413394986505760431e+09 -1.102390880399999995e+00 2.408742424700000218e+00 2.265541409299999920e+00 4.760292998999999803e-01 7.029349075999999918e-01 4.298961706000000160e-01 -3.073563140730000143e-01
1.413394986605760574e+09 -1.223279139500000001e+00 2.433564900899999994e+00 2.296384310800000161e+00 4.847016491000000205e-01 6.974997979000000514e-01 4.375385925999999981e-01 -2.951581326600000166e-01
1.413394986705760479e+09 -1.345842204300000011e+00 2.459917278499999860e+00 2.326982713900000110e+00 4.942548111999999771e-01 6.902939291999999893e-01 4.493163989000000247e-01 -2.780669820739999909e-01
1.413394986805760622e+09 -1.472622068299999976e+00 2.483120042799999982e+00 2.358371342699999929e+00 5.030026909999999463e-01 6.833894866999999929e-01 4.563444269999999969e-01 -2.678000489730000266e-01
1.413394986905760527e+09 -1.605576149000000008e+00 2.499370885899999895e+00 2.392458765100000218e+00 5.058241273000000371e-01 6.823202521000000242e-01 4.521328298999999773e-01 -2.723177002959999982e-01
1.413394987005760431e+09 -1.741303033699999947e+00 2.509624048600000101e+00 2.424461617299999983e+00 5.038757105000000180e-01 6.854295402000000204e-01 4.400873892000000120e-01 -2.874346947420000076e-01
1.413394987105760574e+09 -1.875167063299999937e+00 2.515669272599999839e+00 2.444550140400000071e+00 4.963987482000000173e-01 6.918906631000000251e-01 4.270871014000000021e-01 -3.040924218430000048e-01
1.413394987205760479e+09 -2.007052539300000049e+00 2.522651345499999920e+00 2.451939377099999984e+00 4.921606399999999826e-01 6.955381956999999726e-01 4.179998489000000261e-01 -3.150883194210000182e-01
1.413394987305760622e+09 -2.135118485900000085e+00 2.533467333699999990e+00 2.451098010299999963e+00 5.007565538999999566e-01 6.904229168000000083e-01 4.180824631999999763e-01 -3.126757483120000125e-01
1.413394987405760527e+09 -2.258286891000000018e+00 2.545463476700000172e+00 2.444903741400000108e+00 5.196464970999999933e-01 6.772012746000000138e-01 4.282274416999999889e-01 -2.966263809890000158e-01
1.413394987505760431e+09 -2.377478543900000130e+00 2.552068563300000203e+00 2.441762077899999994e+00 5.358309539000000177e-01 6.650932644999999477e-01 4.361000004000000208e-01 -2.834659204800000221e-01
1.413394987605760574e+09 -2.494230475600000219e+00 2.548224162599999953e+00 2.444158531699999859e+00 5.461476484999999714e-01 6.568966608999999846e-01 4.387769033999999735e-01 -2.787191271950000271e-01
1.413394987705760479e+09 -2.607344418699999888e+00 2.530821974999999835e+00 2.452126253799999933e+00 5.554697723000000531e-01 6.494944018999999624e-01 4.372445039000000255e-01 -2.800492772620000181e-01
1.413394987805760622e+09 -2.714905787899999812e+00 2.498687274799999969e+00 2.464330343199999884e+00 5.631169474999999647e-01 6.434205789000000397e-01 4.331364468000000190e-01 -2.851351969009999765e-01
1.413394987905760527e+09 -2.814532123599999824e+00 2.450984824199999856e+00 2.481307290400000198e+00 5.686701187999999574e-01 6.397744557000000221e-01 4.301236526000000171e-01 -2.868738143990000045e-01
1.413394988005760431e+09 -2.905242420700000050e+00 2.387420777700000052e+00 2.503700690400000095e+00 5.737348693999999583e-01 6.363373329999999495e-01 4.258349815999999954e-01 -2.908052039780000264e-01
1.413394988105760574e+09 -2.985426235999999900e+00 2.308099072400000118e+00 2.529955286299999884e+00 5.753595435999999674e-01 6.357075473000000088e-01 4.182077600999999922e-01 -2.998992818089999957e-01
1.413394988205760479e+09 -3.053504214300000186e+00 2.214202453199999976e+00 2.558098952499999967e+00 5.674424285000000401e-01 6.426138164000000375e-01 4.087471030000000005e-01 -3.130213716810000268e-01
1.413394988305760622e+09 -3.108458823499999912e+00 2.110887958999999814e+00 2.587853103200000060e+00 5.538972962999999528e-01 6.562967362999999610e-01 3.924174382000000239e-01 -3.293644383759999905e-01
1.413394988405760527e+09 -3.149081155000000187e+00 2.005638889100000100e+00 2.612280971100000126e+00 5.392957954000000553e-01 6.760068671000000196e-01 3.689695738000000058e-01 -3.406408875029999783e-01
1.413394988505760431e+09 -3.174213840999999814e+00 1.904919872200000031e+00 2.627015581199999783e+00 5.291133959999999581e-01 6.985653080000000514e-01 3.409725981000000239e-01 -3.402693226069999910e-01
1.413394988605760574e+09 -3.183691711499999855e+00 1.813127696400000044e+00 2.633298339700000046e+00 5.288142761999999886e-01 7.197370624000000161e-01 3.113578481000000009e-01 -3.246387417280000021e-01
1.413394988705760479e+09 -3.177092435600000098e+00 1.729900891700000054e+00 2.631397822799999897e+00 5.382729025000000389e-01 7.355208024999999594e-01 2.884413787999999812e-01 -2.933820077589999742e-01
1.413394988805760622e+09 -3.157560929599999788e+00 1.651817313800000075e+00 2.622777997900000102e+00 5.524751848000000187e-01 7.436739857999999925e-01 2.714599887999999961e-01 -2.608249364099999856e-01
1.413394988905760527e+09 -3.128800568700000007e+00 1.575290250099999900e+00 2.607863515300000046e+00 5.676171234000000343e-01 7.451702181999999564e-01 2.592014655000000056e-01 -2.352588941240000009e-01
1.413394989005760431e+09 -3.091527698300000182e+00 1.494766764600000020e+00 2.589464579900000007e+00 5.781218667999999949e-01 7.451932597999999519e-01 2.543255738999999904e-01 -2.139640508800000063e-01
1.413394989105760574e+09 -3.047805411600000181e+00 1.409855759600000091e+00 2.571842912300000172e+00 5.803031431999999823e-01 7.481560465000000049e-01 2.553343218999999942e-01 -1.957426270200000040e-01
1.413394989205760479e+09 -3.001184653200000163e+00 1.319743727799999933e+00 2.557623546599999909e+00 5.773068443000000105e-01 7.525939335000000341e-01 2.572424473000000100e-01 -1.847850159609999987e-01
1.413394989305760622e+09 -2.954749697800000074e+00 1.225750744099999956e+00 2.548493404799999862e+00 5.720934985000000195e-01 7.568289307000000132e-01 2.570911969999999935e-01 -1.839106167100000022e-01
1.413394989405760527e+09 -2.907630939500000178e+00 1.128278455000000013e+00 2.542263717199999995e+00 5.657868365999999538e-01 7.607031118999999508e-01 2.556169643000000269e-01 -1.894096056050000032e-01
1.413394989505760431e+09 -2.859443414999999877e+00 1.029590979900000036e+00 2.535627634599999958e+00 5.602005402999999939e-01 7.634694069999999888e-01 2.546441744999999868e-01 -1.960769327330000034e-01
1.413394989605760574e+09 -2.809162078199999968e+00 9.311599608999999722e-01 2.522311808200000005e+00 5.542504794999999485e-01 7.662220432999999886e-01 2.539001274000000086e-01 -2.030884331649999985e-01
1.413394989705760479e+09 -2.756981400299999940e+00 8.338132428000000207e-01 2.499122669100000138e+00 5.463311533000000386e-01 7.681630842000000126e-01 2.571409161000000054e-01 -2.128997329379999914e-01
1.413394989805760622e+09 -2.702690762500000066e+00 7.381310330000000475e-01 2.466545764000000140e+00 5.340121587999999697e-01 7.680892853999999881e-01 2.682716782999999827e-01 -2.300003708420000070e-01
1.413394989905760527e+09 -2.645960712399999970e+00 6.462212191999999744e-01 2.424583973099999845e+00 5.143508745999999521e-01 7.674798221999999948e-01 2.897769385999999781e-01 -2.498944300100000016e-01
1.413394990005760431e+09 -2.586691414700000191e+00 5.622088487999999940e-01 2.376233727599999845e+00 4.996060191999999733e-01 7.576717527999999868e-01 3.251777041000000201e-01 -2.656817671680000159e-01
1.413394990105760574e+09 -2.526053245599999997e+00 4.865851904999999866e-01 2.321033165199999804e+00 4.921272179999999774e-01 7.373523212000000493e-01 3.703751572999999797e-01 -2.773888941570000211e-01
1.413394990155760288e+09 -2.496065754199999986e+00 4.508810321000000232e-01 2.290197996699999905e+00 4.883646295999999887e-01 7.254492365000000387e-01 3.936579230999999734e-01 -2.832963702929999772e-01
1.413394990205760479e+09 -2.466773399100000042e+00 4.163794444999999733e-01 2.257789412000000162e+00 4.837265765000000051e-01 7.130690813000000183e-01 4.164632290999999986e-01 -2.899990745969999728e-01
1.413394990255760431e+09 -2.438786611899999901e+00 3.831114153999999883e-01 2.224891913700000057e+00 4.790494008000000248e-01 6.995266368000000456e-01 4.395546101000000205e-01 -2.965904597260000108e-01
1.413394990355760336e+09 -2.386979475099999970e+00 3.186056736999999806e-01 2.161084841800000156e+00 4.689355790999999996e-01 6.718712967000000091e-01 4.819216282000000073e-01 -3.105477863619999779e-01
1.413394990405760527e+09 -2.362671522299999882e+00 2.868201987999999814e-01 2.129753849400000121e+00 4.621488769000000052e-01 6.597444457000000151e-01 5.007699601999999750e-01 -3.168361230810000095e-01
1.413394990455760479e+09 -2.340457846100000072e+00 2.551892614999999864e-01 2.099820457799999929e+00 4.555044796000000118e-01 6.495862612999999675e-01 5.156496948000000025e-01 -3.235100469880000107e-01
1.413394990505760431e+09 -2.320316689999999848e+00 2.237120186999999871e-01 2.071302817899999926e+00 4.483247516000000155e-01 6.415913245000000042e-01 5.274048331999999784e-01 -3.304688054020000210e-01
1.413394990555760384e+09 -2.302533687800000006e+00 1.922108530999999954e-01 2.044308450700000002e+00 4.414429213000000130e-01 6.357574986999999789e-01 5.357708727000000115e-01 -3.374761058230000277e-01
1.413394990605760574e+09 -2.286748208000000115e+00 1.607190618999999876e-01 2.018197334199999915e+00 4.351986795000000185e-01 6.320133232000000323e-01 5.417468185999999575e-01 -3.430330205630000018e-01
1.413394990655760288e+09 -2.273157473299999953e+00 1.295189972999999939e-01 1.993115880800000017e+00 4.295048757000000106e-01 6.290183808999999515e-01 5.466829552999999953e-01 -3.478493705879999731e-01
1.413394990705760479e+09 -2.261908004199999933e+00 9.904071790000000541e-02 1.968895770300000070e+00 4.264258947999999827e-01 6.263777071999999668e-01 5.504994649000000129e-01 -3.503744616910000054e-01
1.413394990755760431e+09 -2.253482038600000070e+00 6.857508330000000596e-02 1.945782506300000048e+00 4.242447721000000005e-01 6.249127407000000245e-01 5.519882514999999712e-01 -3.532837527830000046e-01
1.413394990805760622e+09 -2.247771677199999818e+00 3.856721729999999793e-02 1.923254446300000087e+00 4.228636722999999931e-01 6.238730274999999548e-01 5.532583223000000494e-01 -3.547872447909999893e-01
1.413394990855760336e+09 -2.244705664600000095e+00 8.908907799999999169e-03 1.902170736900000048e+00 4.222303587999999830e-01 6.237740710000000410e-01 5.535232995000000100e-01 -3.553018286149999816e-01
1.413394990905760527e+09 -2.244000800499999837e+00 -2.043715620000000066e-02 1.882078115099999893e+00 4.223898170000000007e-01 6.237790368000000196e-01 5.533852835000000470e-01 -3.553185665570000040e-01
1.413394990955760479e+09 -2.245120501700000215e+00 -4.944698019999999722e-02 1.863083655200000077e+00 4.228254303000000269e-01 6.245140217000000327e-01 5.522679595999999691e-01 -3.552477909030000158e-01
1.413394991005760431e+09 -2.248579414800000009e+00 -7.806636969999999898e-02 1.845031356700000069e+00 4.242394536999999910e-01 6.249864837999999923e-01 5.511067925000000534e-01 -3.545336151110000111e-01
1.413394991055760384e+09 -2.253890779299999814e+00 -1.064972101000000032e-01 1.827917043900000094e+00 4.257713825000000174e-01 6.257634130000000461e-01 5.499649149999999986e-01 -3.530969741139999840e-01
1.413394991105760574e+09 -2.261237773900000025e+00 -1.350977747999999867e-01 1.812202678700000069e+00 4.259903481999999797e-01 6.279773250000000306e-01 5.466435315000000017e-01 -3.540586842890000030e-01
1.413394991155760288e+09 -2.270534590500000061e+00 -1.634977629000000099e-01 1.797656262899999913e+00 4.263464834999999842e-01 6.301605887000000239e-01 5.425547159000000397e-01 -3.560346735680000041e-01
1.413394991205760479e+09 -2.281809495600000126e+00 -1.913314338000000059e-01 1.783865804099999952e+00 4.269925003999999746e-01 6.322487665999999562e-01 5.384857804999999553e-01 -3.577316954029999829e-01
1.413394991255760431e+09 -2.294815891199999847e+00 -2.183204529999999977e-01 1.770514338599999959e+00 4.273743811999999864e-01 6.359994927000000020e-01 5.338406299000000299e-01 -3.575891014570000137e-01
1.413394991305760622e+09 -2.309554493899999894e+00 -2.442514273999999985e-01 1.757899410500000092e+00 4.281871470999999985e-01 6.405275662999999620e-01 5.281323166000000402e-01 -3.570104481270000019e-01
1.413394991355760336e+09 -2.325735554600000032e+00 -2.686843566000000072e-01 1.745283466899999913e+00 4.301307426000000045e-01 6.461031762000000178e-01 5.213611007999999769e-01 -3.545713363469999990e-01
1.413394991405760527e+09 -2.343735789100000133e+00 -2.920272237000000048e-01 1.733647761400000098e+00 4.327288318999999994e-01 6.525205445999999743e-01 5.134635267999999586e-01 -3.511664898899999887e-01
1.413394991455760479e+09 -2.363163308999999934e+00 -3.139138107000000177e-01 1.722881912200000087e+00 4.363069591000000025e-01 6.589901784999999679e-01 5.046910455999999989e-01 -3.473544738550000122e-01
1.413394991505760431e+09 -2.383676860700000066e+00 -3.340930746999999923e-01 1.712712277799999905e+00 4.409593092999999908e-01 6.657109795000000219e-01 4.950311170999999733e-01 -3.425317100949999971e-01
1.413394991555760384e+09 -2.405203225899999797e+00 -3.527860058000000243e-01 1.702746212299999895e+00 4.461247468000000271e-01 6.727992202999999449e-01 4.847075082999999784e-01 -3.367084062510000142e-01
1.413394991605760574e+09 -2.427704752899999985e+00 -3.698694623000000070e-01 1.692999629600000056e+00 4.522646188000000178e-01 6.789295951999999579e-01 4.747370236999999826e-01 -3.303574997900000088e-01
1.413394991655760288e+09 -2.451264323000000189e+00 -3.851587052000000067e-01 1.684453986499999889e+00 4.601388652000000246e-01 6.836608813000000229e-01 4.645942361000000020e-01 -3.240867474899999934e-01
1.413394991705760479e+09 -2.475823226800000221e+00 -3.991703675000000118e-01 1.676666322200000003e+00 4.703938386000000027e-01 6.865384153000000378e-01 4.546328661999999854e-01 -3.173383019079999978e-01
1.413394991755760431e+09 -2.500916451999999790e+00 -4.124744516000000139e-01 1.670109871500000009e+00 4.815631249999999808e-01 6.876393216999999725e-01 4.440071937999999774e-01 -3.132199414990000097e-01
1.413394991805760622e+09 -2.526053678999999885e+00 -4.253626911999999760e-01 1.663882108799999981e+00 4.913166413999999760e-01 6.880747753000000522e-01 4.339026720999999975e-01 -3.112708348600000119e-01
1.413394991855760336e+09 -2.551123445500000031e+00 -4.381981878999999802e-01 1.658489608700000062e+00 4.999942689999999912e-01 6.883063896000000126e-01 4.234350847000000195e-01 -3.113563457099999821e-01
1.413394991905760527e+09 -2.575497256599999840e+00 -4.512847566000000032e-01 1.653557113400000000e+00 5.058813386999999606e-01 6.889108656000000330e-01 4.144777790999999989e-01 -3.125604917889999723e-01
1.413394991955760479e+09 -2.598904851999999988e+00 -4.641417071999999755e-01 1.648825393200000100e+00 5.101570025999999647e-01 6.898735059999999697e-01 4.068216814000000237e-01 -3.135450493609999723e-01
1.413394992005760431e+09 -2.621024650699999903e+00 -4.768476106999999797e-01 1.644098940699999956e+00 5.127450847000000200e-01 6.924114743000000516e-01 3.989525715000000194e-01 -3.138402046020000169e-01
1.413394992055760384e+09 -2.641431672800000019e+00 -4.892563779999999918e-01 1.639013288699999960e+00 5.119812643000000163e-01 6.970945921000000212e-01 3.914255669999999743e-01 -3.141979316399999833e-01
1.413394992105760574e+09 -2.659945561299999817e+00 -5.007930398000000061e-01 1.634376213399999944e+00 5.103810005000000150e-01 7.027018764000000361e-01 3.835486160000000089e-01 -3.140251047859999867e-01
1.413394992155760288e+09 -2.676648805800000197e+00 -5.114249082999999807e-01 1.630356514800000101e+00 5.069288808999999896e-01 7.100238460000000140e-01 3.752164866000000099e-01 -3.132121261809999724e-01
1.413394992205760479e+09 -2.691432072200000025e+00 -5.205965411999999848e-01 1.626461943600000071e+00 5.033435423000000020e-01 7.175690013000000089e-01 3.682527165000000213e-01 -3.100482922500000238e-01
1.413394992255760431e+09 -2.704545703600000017e+00 -5.276338264000000056e-01 1.623268653900000080e+00 5.012024191999999712e-01 7.243261077999999520e-01 3.616490098999999847e-01 -3.055451162849999736e-01
1.413394992305760622e+09 -2.716161269000000100e+00 -5.323137495999999969e-01 1.621154229999999918e+00 5.017228323000000323e-01 7.297773591999999754e-01 3.554032040999999809e-01 -2.989778721540000128e-01
1.413394992355760336e+09 -2.726198245299999989e+00 -5.347102263999999883e-01 1.619336318300000022e+00 5.045571563999999842e-01 7.338837978000000151e-01 3.501875747000000039e-01 -2.901815117529999988e-01
1.413394992405760527e+09 -2.734962253499999996e+00 -5.349874786999999632e-01 1.618467478899999978e+00 5.095488318999999988e-01 7.366961476000000175e-01 3.451899766000000036e-01 -2.801475577309999743e-01
1.413394992455760479e+09 -2.742809936400000037e+00 -5.333910982999999773e-01 1.618114021000000013e+00 5.159923596000000057e-01 7.384468549999999576e-01 3.418224518999999906e-01 -2.675921123469999774e-01
1.413394992505760431e+09 -2.749923857000000194e+00 -5.306926954999999779e-01 1.617698526699999917e+00 5.231821161999999914e-01 7.389482281000000485e-01 3.413324194999999839e-01 -2.524443876479999793e-01
1.413394992555760384e+09 -2.756698218599999972e+00 -5.275601264000000512e-01 1.617759347100000022e+00 5.304022838999999934e-01 7.384499040999999986e-01 3.415332280000000220e-01 -2.381600521849999985e-01
1.413394992605760574e+09 -2.763724316999999875e+00 -5.247694912999999461e-01 1.618581519199999930e+00 5.366579034999999775e-01 7.376390712999999488e-01 3.407097859000000062e-01 -2.276043428950000058e-01
1.413394992655760288e+09 -2.771447323399999885e+00 -5.228232204999999633e-01 1.620846621499999918e+00 5.410256846000000008e-01 7.373641775000000509e-01 3.368807971000000179e-01 -2.238227129819999883e-01
1.413394992705760479e+09 -2.779603961399999879e+00 -5.217324920999999449e-01 1.623318684500000053e+00 5.444965400000000288e-01 7.371691822000000505e-01 3.320822343000000010e-01 -2.232185125149999949e-01
1.413394992755760431e+09 -2.788067780800000062e+00 -5.212263403000000350e-01 1.626074020699999956e+00 5.456813662999999703e-01 7.387275933000000405e-01 3.249049064999999792e-01 -2.257214899920000073e-01
1.413394992805760622e+09 -2.796300689300000197e+00 -5.211702124999999519e-01 1.628745328399999970e+00 5.454588116999999903e-01 7.413612867000000106e-01 3.167684768999999845e-01 -2.291633903230000102e-01
1.413394992855760336e+09 -2.804031310500000096e+00 -5.211404994999999651e-01 1.631267074299999953e+00 5.443618288999999555e-01 7.449424102999999686e-01 3.087009595999999911e-01 -2.311595167790000127e-01
1.413394992905760527e+09 -2.811083873599999894e+00 -5.212310587999999800e-01 1.633544266199999928e+00 5.427671893000000081e-01 7.486436075000000301e-01 3.009274511999999735e-01 -2.331934740140000073e-01
1.413394992955760479e+09 -2.817105735200000183e+00 -5.210700596999999767e-01 1.634575072699999909e+00 5.414966080999999987e-01 7.516220045000000516e-01 2.954905763999999824e-01 -2.335189608880000045e-01
1.413394993005760431e+09 -2.822360949500000160e+00 -5.204291792999999888e-01 1.633598615299999945e+00 5.405002454999999761e-01 7.541626807000000321e-01 2.913200052000000095e-01 -2.328750529189999863e-01
1.413394993055760384e+09 -2.826616453399999784e+00 -5.192987264999999741e-01 1.629403565500000095e+00 5.406046047000000465e-01 7.556071638000000368e-01 2.893636431000000120e-01 -2.303761214320000084e-01
1.413394993105760574e+09 -2.830090543899999922e+00 -5.173534463000000194e-01 1.622206584099999960e+00 5.418047849999999555e-01 7.559262580000000176e-01 2.897182984000000183e-01 -2.260229521899999872e-01
1.413394993155760288e+09 -2.833040013000000190e+00 -5.150833807000000375e-01 1.612005182299999895e+00 5.428914785999999770e-01 7.561728889000000065e-01 2.908401090000000133e-01 -2.210959871279999933e-01
1.413394993205760479e+09 -2.835696169100000219e+00 -5.125728374000000365e-01 1.599428389799999906e+00 5.436807955000000359e-01 7.560354770999999641e-01 2.929796744000000008e-01 -2.167589912200000024e-01
1.413394993255760431e+09 -2.837575307299999849e+00 -5.100259642000000149e-01 1.584379027700000053e+00 5.453327574999999872e-01 7.552624124000000272e-01 2.956599109999999975e-01 -2.116036128129999971e-01
1.413394993305760622e+09 -2.839498488599999870e+00 -5.071429912999999567e-01 1.567548247700000008e+00 5.476679358999999581e-01 7.537862901999999865e-01 2.990596279000000135e-01 -2.059839788979999919e-01
1.413394993355760336e+09 -2.841394046600000056e+00 -5.047373264000000193e-01 1.549952307799999929e+00 5.494523832000000052e-01 7.522969610999999945e-01 3.026088929999999899e-01 -2.014428426459999866e-01
1.413394993405760527e+09 -2.843772786999999802e+00 -5.027113113000000189e-01 1.532321772099999979e+00 5.512113803999999506e-01 7.507507981000000052e-01 3.062766952000000042e-01 -1.968091440929999880e-01
1.413394993455760479e+09 -2.846776162899999907e+00 -5.012688547000000439e-01 1.515229067799999996e+00 5.526910191999999666e-01 7.494162655999999645e-01 3.090800242999999781e-01 -1.933324514299999963e-01
1.413394993505760431e+09 -2.850694392499999896e+00 -5.006682788999999856e-01 1.498816428600000084e+00 5.535980625999999960e-01 7.482016256000000309e-01 3.119823159999999818e-01 -1.907630650549999862e-01
1.413394993555760384e+09 -2.855258737999999852e+00 -5.011210695000000159e-01 1.483030216900000031e+00 5.543507985000000193e-01 7.470927845000000511e-01 3.139877113999999803e-01 -1.896293245400000049e-01
1.413394993605760574e+09 -2.861009816999999789e+00 -5.026326347999999777e-01 1.467679571099999913e+00 5.544109203000000541e-01 7.468478826000000126e-01 3.143716798999999784e-01 -1.897820294060000024e-01
1.413394993655760288e+09 -2.867498426400000078e+00 -5.048188557999999659e-01 1.452470957400000096e+00 5.535834844000000476e-01 7.476060249000000546e-01 3.133233874999999946e-01 -1.909424313739999934e-01
1.413394993705760479e+09 -2.874928493100000093e+00 -5.074703117000000097e-01 1.437337799100000035e+00 5.530691559999999507e-01 7.492552396999999642e-01 3.091592168000000251e-01 -1.927476928640000087e-01
1.413394993755760431e+09 -2.882845894599999959e+00 -5.104510896999999714e-01 1.421328866699999915e+00 5.525723324000000325e-01 7.517675391999999457e-01 3.024862801000000045e-01 -1.949652145140000070e-01
1.413394993805760622e+09 -2.890910517400000046e+00 -5.132871760999999644e-01 1.403379364300000098e+00 5.514415770999999689e-01 7.557558148999999892e-01 2.938225897999999781e-01 -1.959939309850000089e-01
1.413394993855760336e+09 -2.899039503700000076e+00 -5.156830805000000018e-01 1.383576426999999942e+00 5.512659205000000062e-01 7.601128392999999539e-01 2.831390635000000100e-01 -1.953628088769999993e-01
1.413394993905760527e+09 -2.907074220300000178e+00 -5.177123259000000477e-01 1.361459641199999959e+00 5.508184857000000267e-01 7.652208782999999626e-01 2.705857781000000073e-01 -1.944719513610000117e-01
1.413394993955760479e+09 -2.914685271200000205e+00 -5.189077452000000479e-01 1.338291653700000028e+00 5.508917174999999888e-01 7.704341728000000389e-01 2.566974092000000041e-01 -1.924991972710000110e-01
1.413394994005760431e+09 -2.921616108799999889e+00 -5.191539613000000220e-01 1.314705720499999897e+00 5.512265182000000152e-01 7.756965424999999748e-01 2.414864992999999904e-01 -1.900749067970000095e-01
1.413394994055760384e+09 -2.927488094000000096e+00 -5.183491402000000026e-01 1.292434701399999941e+00 5.522789528999999531e-01 7.806511873999999462e-01 2.260340969000000089e-01 -1.856886341400000029e-01
1.413394994105760574e+09 -2.931671401700000068e+00 -5.170549916000000135e-01 1.271101002700000038e+00 5.542195796000000119e-01 7.848479253000000266e-01 2.119217777999999885e-01 -1.787275911600000045e-01
1.413394994155760288e+09 -2.933975862800000112e+00 -5.149550618999999552e-01 1.253093951699999931e+00 5.572365840999999875e-01 7.881569259999999799e-01 1.976074064999999991e-01 -1.710186021669999890e-01
1.413394994205760479e+09 -2.934770299699999807e+00 -5.109852630000000229e-01 1.239060378700000076e+00 5.613809749000000515e-01 7.907606728999999612e-01 1.837763051000000092e-01 -1.605466563949999870e-01
1.413394994305760622e+09 -2.931144802199999955e+00 -5.016906373999999724e-01 1.216821311799999972e+00 5.692806076999999965e-01 7.951585298000000135e-01 1.596858436999999964e-01 -1.346957070610000085e-01
1.413394994405760527e+09 -2.922102719100000190e+00 -4.923326584000000117e-01 1.201897604400000041e+00 5.747374038000000462e-01 7.995687181999999726e-01 1.417732516000000109e-01 -1.013268312340000060e-01
1.413394994505760431e+09 -2.912888842400000122e+00 -4.834536280999999769e-01 1.196547994899999967e+00 5.800368365000000415e-01 8.010050731000000201e-01 1.299878609000000018e-01 -7.107247896170000578e-02
1.413394994605760574e+09 -2.907924334500000096e+00 -4.767421123999999732e-01 1.200368748000000041e+00 5.836781074000000347e-01 8.013434820000000514e-01 1.208352406000000046e-01 -5.066887914610000015e-02
1.413394994705760479e+09 -2.909345375700000069e+00 -4.731645239999999752e-01 1.213345070399999948e+00 5.867163094999999773e-01 8.007237785999999913e-01 1.146409885999999934e-01 -3.824717390199999789e-02
1.413394994805760622e+09 -2.918079082599999818e+00 -4.729582377000000060e-01 1.234016558700000044e+00 5.919480713000000449e-01 7.978216169999999829e-01 1.094975049999999950e-01 -3.299158550819999980e-02
1.413394994905760527e+09 -2.933678250299999846e+00 -4.772766645000000030e-01 1.255978648199999936e+00 5.954194152999999767e-01 7.958184889999999623e-01 1.042970383000000056e-01 -3.564800432259999929e-02
1.413394995005760431e+09 -2.953750700500000104e+00 -4.861337028000000116e-01 1.267685718999999933e+00 5.964395877999999485e-01 7.952163327000000281e-01 1.006973589000000058e-01 -4.184308997089999926e-02
1.413394995105760574e+09 -2.976563875600000131e+00 -4.996762106000000037e-01 1.260183082600000004e+00 5.953168538999999981e-01 7.960919660999999925e-01 9.286525789999999780e-02 -5.666982333659999899e-02
1.413394995205760479e+09 -2.998922149799999826e+00 -5.176415120999999786e-01 1.232414155599999894e+00 5.867811249000000062e-01 8.019909995999999763e-01 8.450177490000000680e-02 -7.319698159870000054e-02
1.413394995305760622e+09 -3.017323835400000043e+00 -5.366133869000000445e-01 1.190594046800000028e+00 5.704644557000000393e-01 8.132654231000000511e-01 8.514071739999999611e-02 -7.694618066260000555e-02
1.413394995405760527e+09 -3.030952592999999862e+00 -5.525487775999999851e-01 1.146823274399999981e+00 5.563712869000000394e-01 8.227924044000000103e-01 8.957058140000000168e-02 -7.376151680150000445e-02
1.413394995505760431e+09 -3.041271980799999941e+00 -5.619673416999999560e-01 1.103637724900000006e+00 5.497651298000000297e-01 8.271376159000000117e-01 9.449141229999999392e-02 -6.835963308810000250e-02
1.413394995605760574e+09 -3.050835690400000022e+00 -5.639418000999999459e-01 1.062135731399999949e+00 5.494162273999999568e-01 8.273999605999999840e-01 9.705678819999999374e-02 -6.427358862160000019e-02
1.413394995705760479e+09 -3.061418464499999992e+00 -5.576160570999999511e-01 1.025818637900000052e+00 5.591564418000000147e-01 8.208321519000000288e-01 9.724658340000000289e-02 -6.420088716600000356e-02
1.413394995805760622e+09 -3.072182185199999971e+00 -5.476319605999999673e-01 9.973598697000000124e-01 5.718028098999999864e-01 8.120979465000000008e-01 9.507312460000000298e-02 -6.707885518360000299e-02
1.413394995905760527e+09 -3.081584415200000038e+00 -5.378631723000000253e-01 9.726135082000000320e-01 5.798451065999999932e-01 8.064299330999999960e-01 9.239752660000000173e-02 -7.009359764469999532e-02
1.413394996005760431e+09 -3.088069312600000060e+00 -5.291928366999999467e-01 9.324195186999999496e-01 5.828549189999999713e-01 8.046953715000000340e-01 9.372097149999999988e-02 -6.294348254859999381e-02
1.413394996105760574e+09 -3.090096924000000023e+00 -5.341508109999999476e-01 9.481661635000000476e-01 5.927029403000000363e-01 7.975684728999999917e-01 9.289833899999999645e-02 -6.290988947940000242e-02
1.413394996205760479e+09 -3.087608339600000029e+00 -5.418297829999999538e-01 9.407332269000000524e-01 5.787708140999999751e-01 8.072655467999999557e-01 8.875774620000000115e-02 -7.395095789609999748e-02
1.413394996305760622e+09 -3.091959792699999987e+00 -5.455830302999999937e-01 9.375798534000000517e-01 5.948631414999999700e-01 7.950364333999999644e-01 1.023816857999999969e-01 -5.977376356130000012e-02
1.413394996405760527e+09 -3.089487265099999824e+00 -5.446586173999999891e-01 9.352394421999999929e-01 5.925761483999999468e-01 7.966920148999999673e-01 1.012009581999999963e-01 -6.239958176330000217e-02
1.413394996505760431e+09 -3.090553421400000111e+00 -5.439866432000000085e-01 9.356600231999999684e-01 5.894808285999999509e-01 7.989075944000000318e-01 1.036277714999999933e-01 -5.933205950559999886e-02
1.413394996605760574e+09 -3.090015544599999942e+00 -5.445191068000000412e-01 9.358524245999999547e-01 5.925416615999999914e-01 7.966667483999999577e-01 1.023375343000000048e-01 -6.118415074499999884e-02
1.413394996705760479e+09 -3.090158440100000181e+00 -5.441941841999999863e-01 9.348702589999999812e-01 5.906338892000000396e-01 7.980700010000000288e-01 1.026618036000000039e-01 -6.079832706760000122e-02
1.413394996805760622e+09 -3.090242446600000026e+00 -5.446793089999999449e-01 9.349542695000000458e-01 5.916870627000000438e-01 7.973076449999999538e-01 1.025088492000000018e-01 -6.081837590949999706e-02
1.413394996905760527e+09 -3.090136181300000118e+00 -5.447374725000000417e-01 9.347789239999999555e-01 5.913097966999999455e-01 7.975761143999999803e-01 1.025899638999999974e-01 -6.083062877209999969e-02
1.413394997005760431e+09 -3.090034049899999857e+00 -5.449309087999999468e-01 9.347444110999999500e-01 5.913153476000000408e-01 7.975453182999999724e-01 1.026911704000000036e-01 -6.100941339509999978e-02
1.413394997105760574e+09 -3.090007201500000189e+00 -5.451555865999999639e-01 9.347591409000000073e-01 5.913273499000000211e-01 7.975387214000000391e-01 1.026711983000000022e-01 -6.101293406120000123e-02
1.413394997205760479e+09 -3.089880974400000202e+00 -5.451847453999999482e-01 9.346310880999999515e-01 5.910227815999999912e-01 7.977775110000000502e-01 1.026076587000000068e-01 -6.094902006840000053e-02
1.413394997305760622e+09 -3.089705437600000160e+00 -5.452911230000000442e-01 9.346090717999999686e-01 5.911311486000000448e-01 7.976639151000000094e-01 1.027081298000000059e-01 -6.121506144959999729e-02
1.413394997405760527e+09 -3.089785525899999996e+00 -5.451238265000000194e-01 9.345891338999999798e-01 5.910920387000000442e-01 7.977128296000000063e-01 1.026272528999999933e-01 -6.109083590330000035e-02
1.413394997505760431e+09 -3.090324318299999984e+00 -5.446490399000000204e-01 9.346981522999999736e-01 5.911032502999999938e-01 7.977071318999999772e-01 1.026683129999999972e-01 -6.098767657799999964e-02
1.413394997605760574e+09 -3.091440534599999790e+00 -5.436055880000000284e-01 9.347371540000000145e-01 5.910447183999999465e-01 7.977423555000000555e-01 1.026996317999999964e-01 -6.104146743109999801e-02
