1.413393887255760431e+09 -1.001568934700000080e+00 4.141769115000000223e-01 1.306697051400000031e+00 4.134526642999999946e-01 5.539092533999999679e-01 5.832203033999999731e-01 -4.267265061439999840e-01
1.413393887305760622e+09 -1.002762051900000007e+00 4.140434295000000042e-01 1.306534881299999951e+00 4.134223843000000009e-01 5.539398609000000251e-01 5.832670627999999580e-01 -4.266521957180000046e-01
1.413393887355760336e+09 -1.003660208399999920e+00 4.139507385000000261e-01 1.306487656200000069e+00 4.134479153999999768e-01 5.540319113999999656e-01 5.831752378000000236e-01 -4.266334544300000031e-01
1.413393887405760527e+09 -1.004267006799999917e+00 4.139217676999999984e-01 1.306377030199999956e+00 4.134436852000000218e-01 5.541313235000000503e-01 5.831565583000000164e-01 -4.265339658430000180e-01
1.413393887455760479e+09 -1.004648864099999983e+00 4.138853405999999846e-01 1.306419233499999999e+00 4.133100632000000219e-01 5.541927127000000342e-01 5.831801917000000168e-01 -4.265513952509999984e-01
1.413393887505760431e+09 -1.004807748499999986e+00 4.138484091999999892e-01 1.306416997399999946e+00 4.132240486000000046e-01 5.541575597000000242e-01 5.832649470999999863e-01 -4.265645158970000073e-01
1.413393887555760384e+09 -1.004868755599999997e+00 4.138832520999999875e-01 1.306531157700000056e+00 4.131578906999999745e-01 5.541708024999999482e-01 5.832452354999999589e-01 -4.266383414239999783e-01
1.413393887605760574e+09 -1.004828397899999892e+00 4.140305738999999763e-01 1.306698838600000023e+00 4.133851147000000004e-01 5.541721281000000499e-01 5.831950693999999880e-01 -4.264850646760000030e-01
1.413393887655760288e+09 -1.004646725299999988e+00 4.140420565999999858e-01 1.307064511699999931e+00 4.133934839999999777e-01 5.542450580000000127e-01 5.828560534000000182e-01 -4.268454802519999758e-01
1.413393887705760479e+09 -1.004494589699999940e+00 4.139995671000000210e-01 1.306891915000000015e+00 4.132057357999999736e-01 5.543854917999999632e-01 5.829076769000000047e-01 -4.267743976300000242e-01
1.413393887755760431e+09 -1.004444007600000077e+00 4.140094800999999936e-01 1.306994376300000038e+00 4.132768957999999881e-01 5.543515986000000506e-01 5.828154229999999991e-01 -4.268755033739999871e-01
1.413393887805760622e+09 -1.004242076199999945e+00 4.139805240000000164e-01 1.306785167799999980e+00 4.132096625000000190e-01 5.543802022999999579e-01 5.830126726000000037e-01 -4.266340231229999724e-01
1.413393887855760336e+09 -1.004123517300000046e+00 4.139112597999999865e-01 1.306801773299999914e+00 4.131375062000000042e-01 5.544545994999999783e-01 5.829280707999999755e-01 -4.267228167220000201e-01
1.413393887905760527e+09 -1.003961989200000016e+00 4.139265664999999816e-01 1.306539941899999890e+00 4.129984273999999789e-01 5.545791085000000287e-01 5.830808688999999934e-01 -4.264868247379999810e-01
1.413393887955760479e+09 -1.003844991100000028e+00 4.138327473999999784e-01 1.306581147199999959e+00 4.129184976999999979e-01 5.546279858999999535e-01 5.829809113999999681e-01 -4.266372797610000211e-01
1.413393888005760431e+09 -1.003748381200000095e+00 4.138314616000000057e-01 1.306346057600000110e+00 4.129582435999999968e-01 5.546043030999999734e-01 5.830724228000000453e-01 -4.265045203550000275e-01
1.413393888055760384e+09 -1.003781596500000095e+00 4.137857838999999815e-01 1.306360555499999965e+00 4.128046054000000242e-01 5.547716955000000505e-01 5.830842657000000484e-01 -4.264193508319999992e-01
1.413393888105760574e+09 -1.003770717100000098e+00 4.137491939999999868e-01 1.306236910500000015e+00 4.127226935000000152e-01 5.547742756000000330e-01 5.831448959999999682e-01 -4.264123727910000272e-01
1.413393888155760288e+09 -1.003765280299999896e+00 4.137692929999999825e-01 1.306315155699999897e+00 4.128571342999999838e-01 5.547641744000000319e-01 5.829950477999999991e-01 -4.265002598650000087e-01
1.413393888205760479e+09 -1.003787236900000046e+00 4.137185192000000233e-01 1.306185379400000013e+00 4.126933747000000041e-01 5.548269671000000125e-01 5.831102406999999488e-01 -4.264195847769999825e-01
1.413393888255760431e+09 -1.003799397499999912e+00 4.136953172999999762e-01 1.306270069099999986e+00 4.126898252000000267e-01 5.549183201999999815e-01 5.830525104999999542e-01 -4.263830860460000038e-01
1.413393888305760622e+09 -1.003767777199999989e+00 4.136519845000000140e-01 1.306261380200000044e+00 4.126953662000000245e-01 5.549096247000000481e-01 5.830796995999999455e-01 -4.263518582399999923e-01
1.413393888355760336e+09 -1.003758375100000100e+00 4.136133893999999755e-01 1.306428261900000054e+00 4.126247318999999858e-01 5.549605116000000393e-01 5.830110004999999873e-01 -4.264479270409999856e-01
1.413393888405760527e+09 -1.003739308199999902e+00 4.137123863000000124e-01 1.306592336200000037e+00 4.128851675999999915e-01 5.548962835999999843e-01 5.828873473000000249e-01 -4.264484647710000131e-01
1.413393888455760479e+09 -1.003734902099999937e+00 4.137138644999999726e-01 1.306659611599999993e+00 4.126396667000000185e-01 5.550228892999999886e-01 5.830100102999999923e-01 -4.263536392510000050e-01
1.413393888505760431e+09 -1.003662553000000068e+00 4.138278598999999836e-01 1.306748790499999924e+00 4.125873878999999911e-01 5.550400865000000294e-01 5.830337851000000349e-01 -4.263493346300000209e-01
1.413393888555760384e+09 -1.003491211400000083e+00 4.138996759999999941e-01 1.306916448600000003e+00 4.127200840999999953e-01 5.548990855000000000e-01 5.828926202999999973e-01 -4.265973866300000195e-01
1.413393888605760574e+09 -1.003403479399999965e+00 4.140050279999999971e-01 1.306915386200000029e+00 4.126771880999999809e-01 5.549121213000000052e-01 5.828975075000000228e-01 -4.266152502819999803e-01
1.413393888655760288e+09 -1.003550721399999901e+00 4.139806750999999729e-01 1.307186327699999984e+00 4.126219798999999910e-01 5.549586060000000209e-01 5.828023948999999648e-01 -4.267381115459999985e-01
1.413393888705760479e+09 -1.003606841100000091e+00 4.140295661999999766e-01 1.307223308299999998e+00 4.126683051000000213e-01 5.548978896999999799e-01 5.828460990999999591e-01 -4.267125809639999989e-01
1.413393888755760431e+09 -1.003700787000000094e+00 4.140089641999999959e-01 1.307420498599999981e+00 4.127127405000000082e-01 5.548782759000000508e-01 5.826742379999999555e-01 -4.269297660199999900e-01
1.413393888805760622e+09 -1.003727602199999902e+00 4.139918913999999783e-01 1.307372062300000026e+00 4.127454976000000109e-01 5.547988322000000361e-01 5.826806355000000437e-01 -4.269926076369999768e-01
1.413393888855760336e+09 -1.003741400600000055e+00 4.139462376999999971e-01 1.307279545399999909e+00 4.125514440999999977e-01 5.549658336999999664e-01 5.826919511999999468e-01 -4.269476775689999837e-01
1.413393888905760527e+09 -1.003719158300000025e+00 4.141080625999999931e-01 1.307152181099999977e+00 4.126874786999999989e-01 5.548919366000000242e-01 5.826769456000000513e-01 -4.269327355149999947e-01
1.413393888955760479e+09 -1.003621251600000042e+00 4.140177539000000073e-01 1.307349352199999926e+00 4.127004832999999762e-01 5.548733323000000217e-01 5.825918639999999593e-01 -4.270604362329999959e-01
1.413393889005760431e+09 -1.003569971999999977e+00 4.138960938999999839e-01 1.307782237400000103e+00 4.129722094000000121e-01 5.546397120999999597e-01 5.822865187000000331e-01 -4.275174314160000155e-01
1.413393889055760384e+09 -1.003478953199999912e+00 4.138708703999999794e-01 1.307733740099999986e+00 4.131110111999999890e-01 5.545017668999999705e-01 5.824278927999999578e-01 -4.273696674849999932e-01
1.413393889105760574e+09 -1.003550636499999982e+00 4.136699004000000124e-01 1.307948862399999967e+00 4.127938910000000239e-01 5.547108212000000371e-01 5.823144111000000400e-01 -4.275593936500000081e-01
1.413393889155760288e+09 -1.003648140099999919e+00 4.136440279999999969e-01 1.308468432399999992e+00 4.129423822000000133e-01 5.547408763000000187e-01 5.819975612000000131e-01 -4.278083541620000263e-01
1.413393889205760479e+09 -1.003593741200000000e+00 4.138235194000000061e-01 1.308783819599999898e+00 4.128172240999999909e-01 5.546720313999999874e-01 5.820596927000000198e-01 -4.279338630269999832e-01
1.413393889255760431e+09 -1.003735838599999930e+00 4.138864838999999907e-01 1.309470286999999900e+00 4.131433935000000113e-01 5.543906460999999952e-01 5.818917406000000403e-01 -4.282120387230000103e-01
1.413393889305760622e+09 -1.003774018100000109e+00 4.140024090000000156e-01 1.309488125499999933e+00 4.125670484999999776e-01 5.544984452000000230e-01 5.824079362999999843e-01 -4.279262793210000249e-01
1.413393889355760336e+09 -1.003762575699999937e+00 4.143053199999999769e-01 1.309263671799999917e+00 4.116525339000000061e-01 5.553536808000000269e-01 5.829383502999999633e-01 -4.269746601059999924e-01
1.413393889405760527e+09 -1.003471756399999970e+00 4.146225508999999976e-01 1.309336363699999950e+00 4.106381298999999818e-01 5.561874249999999575e-01 5.833279752000000151e-01 -4.263336109720000100e-01
1.413393889455760479e+09 -1.002823374000000101e+00 4.150270286000000142e-01 1.309317618099999914e+00 4.102355951000000167e-01 5.568558702000000471e-01 5.836601527000000456e-01 -4.253929036099999839e-01
1.413393889505760431e+09 -1.001998838300000028e+00 4.153375562000000132e-01 1.309177224399999950e+00 4.085503066000000238e-01 5.583643109999999465e-01 5.843136952999999911e-01 -4.241384781060000275e-01
1.413393889555760384e+09 -1.000856073000000013e+00 4.160801190999999788e-01 1.309051518900000044e+00 4.054826051000000042e-01 5.610672247000000334e-01 5.868988383000000031e-01 -4.199252075830000042e-01
1.413393889605760574e+09 -9.998563216000000420e-01 4.171713576000000145e-01 1.309982514799999942e+00 4.027055861000000125e-01 5.636930671000000004e-01 5.894545790999999868e-01 -4.154776000929999991e-01
1.413393889655760288e+09 -9.986161515000000488e-01 4.190115648000000137e-01 1.312296588599999980e+00 4.007624432999999931e-01 5.661639526999999728e-01 5.924582079000000334e-01 -4.096841645050000036e-01
1.413393889705760479e+09 -9.979749398999999688e-01 4.211939706999999755e-01 1.317138117300000077e+00 4.016068260999999806e-01 5.663673901000000344e-01 5.955658177999999525e-01 -4.040313023370000201e-01
1.413393889755760431e+09 -9.977117647000000034e-01 4.234769858999999914e-01 1.325091073200000080e+00 4.016388123999999893e-01 5.669316505000000506e-01 5.993223188999999840e-01 -3.976022210210000130e-01
1.413393889805760622e+09 -9.987136208000000348e-01 4.255244307000000115e-01 1.337733310299999978e+00 4.027304937000000251e-01 5.668051748000000334e-01 6.016513919000000543e-01 -3.931356583310000041e-01
1.413393889855760336e+09 -1.000943244699999957e+00 4.271657782000000125e-01 1.354276203299999981e+00 4.050392235999999979e-01 5.654641601000000017e-01 6.049723747999999901e-01 -3.875589460700000211e-01
1.413393889905760527e+09 -1.004683382500000111e+00 4.280030633999999945e-01 1.375440236300000008e+00 4.092812216999999753e-01 5.623530529000000389e-01 6.078626654000000018e-01 -3.830808080329999865e-01
1.413393889955760479e+09 -1.010478198699999997e+00 4.275245676000000161e-01 1.400896263699999977e+00 4.159938342999999761e-01 5.578582020000000252e-01 6.087626450999999994e-01 -3.809873990150000056e-01
1.413393890005760431e+09 -1.017754886999999941e+00 4.250496073000000208e-01 1.429680155800000074e+00 4.228650312000000189e-01 5.527084735999999721e-01 6.090305248999999810e-01 -3.805001029560000081e-01
1.413393890055760384e+09 -1.026133033400000061e+00 4.202013271000000216e-01 1.461215889500000031e+00 4.265665048000000237e-01 5.505797077999999845e-01 6.065418187000000128e-01 -3.834188630340000237e-01
1.413393890105760574e+09 -1.035110353299999897e+00 4.129912903999999885e-01 1.494068884700000099e+00 4.266108852000000118e-01 5.510700383000000091e-01 6.027883955999999710e-01 -3.885500169500000212e-01
1.413393890155760288e+09 -1.044397985900000103e+00 4.040595861999999872e-01 1.525481594299999966e+00 4.262669038999999938e-01 5.518279340999999727e-01 5.986037123999999876e-01 -3.942791565279999966e-01
1.413393890205760479e+09 -1.053848278500000069e+00 3.938602042000000081e-01 1.552526111399999964e+00 4.249641565999999759e-01 5.532638122999999908e-01 5.950439405999999876e-01 -3.990329915659999727e-01
1.413393890255760431e+09 -1.063644157799999990e+00 3.826886990999999738e-01 1.574639301800000002e+00 4.238529458999999999e-01 5.543404965999999545e-01 5.919483626999999526e-01 -4.033019091710000059e-01
1.413393890305760622e+09 -1.073595056200000064e+00 3.708621897000000112e-01 1.591657203800000087e+00 4.221833704999999881e-01 5.559382947000000019e-01 5.893547504999999687e-01 -4.066384047830000070e-01
1.413393890355760336e+09 -1.083537450599999952e+00 3.585698211000000191e-01 1.603348025300000090e+00 4.205927495999999821e-01 5.573788451000000199e-01 5.876401968000000142e-01 -4.087903632770000240e-01
1.413393890405760527e+09 -1.093468460600000025e+00 3.458286239999999734e-01 1.609631193000000016e+00 4.189960473000000074e-01 5.587140673999999585e-01 5.860679434000000132e-01 -4.108591839380000277e-01
1.413393890455760479e+09 -1.103535180099999957e+00 3.328223205999999990e-01 1.611715982300000016e+00 4.189237256000000187e-01 5.590194678000000028e-01 5.833260302999999647e-01 -4.144042581099999789e-01
1.413393890505760431e+09 -1.113789660399999937e+00 3.194662608000000126e-01 1.611625770999999929e+00 4.214425764999999990e-01 5.572424147000000216e-01 5.786071503999999921e-01 -4.208097092959999785e-01
1.413393890555760384e+09 -1.123797196399999976e+00 3.061850791999999877e-01 1.612401203799999960e+00 4.257293370999999937e-01 5.538016622000000444e-01 5.727335318999999814e-01 -4.289924846009999793e-01
1.413393890605760574e+09 -1.132583608000000019e+00 2.933454583999999810e-01 1.613402182600000012e+00 4.308078227000000093e-01 5.502640852000000304e-01 5.683802190000000198e-01 -4.342326369410000053e-01
1.413393890655760288e+09 -1.139381272799999900e+00 2.808462952999999929e-01 1.613746877999999940e+00 4.325275660999999827e-01 5.490649090000000454e-01 5.680729740000000083e-01 -4.344430073109999957e-01
1.413393890705760479e+09 -1.144215850199999940e+00 2.684792862000000002e-01 1.613955512800000047e+00 4.310574983000000082e-01 5.502934833999999498e-01 5.705112879000000525e-01 -4.311419552860000226e-01
1.413393890755760431e+09 -1.147329959799999965e+00 2.561635612000000006e-01 1.614872155500000073e+00 4.287969278000000051e-01 5.519707293000000181e-01 5.740314504000000317e-01 -4.265552749300000057e-01
1.413393890805760622e+09 -1.149225519500000070e+00 2.437813751000000029e-01 1.616888390600000003e+00 4.257516845000000050e-01 5.542712906000000217e-01 5.773106054000000098e-01 -4.221744952190000233e-01
1.413393890855760336e+09 -1.150358684199999981e+00 2.315483037000000133e-01 1.619994105800000028e+00 4.236894632000000049e-01 5.560561778999999483e-01 5.801524346999999970e-01 -4.179855479640000038e-01
1.413393890905760527e+09 -1.150961973800000093e+00 2.190584430999999999e-01 1.624357899700000107e+00 4.217288829999999988e-01 5.575330992999999458e-01 5.819701320000000289e-01 -4.154664342320000259e-01
1.413393890955760479e+09 -1.151393435199999926e+00 2.063544646000000093e-01 1.629677442900000051e+00 4.209461318000000118e-01 5.580900466999999532e-01 5.837318534000000003e-01 -4.130338692480000073e-01
1.413393891005760431e+09 -1.151835459099999959e+00 1.933222582000000134e-01 1.636025836900000030e+00 4.201847550999999736e-01 5.587386796000000100e-01 5.848601008999999573e-01 -4.113326172180000184e-01
1.413393891055760384e+09 -1.152329293500000018e+00 1.798784353000000003e-01 1.643245931700000106e+00 4.199364698999999979e-01 5.585765491999999943e-01 5.861959695999999775e-01 -4.099022872590000199e-01
1.413393891105760574e+09 -1.153069926099999920e+00 1.660750141000000013e-01 1.651877448000000026e+00 4.201011369000000051e-01 5.584602284999999888e-01 5.858741545000000217e-01 -4.103519015689999772e-01
1.413393891155760288e+09 -1.153705663200000009e+00 1.519106206999999986e-01 1.661189810200000005e+00 4.190232219999999730e-01 5.589656415999999517e-01 5.859192482999999729e-01 -4.107013335049999880e-01
1.413393891205760479e+09 -1.154473319899999906e+00 1.376033261000000063e-01 1.670724992800000086e+00 4.191217284000000043e-01 5.586615444000000430e-01 5.855484565999999891e-01 -4.115425380200000149e-01
1.413393891255760431e+09 -1.154895862100000059e+00 1.230843206999999995e-01 1.677329471900000035e+00 4.196613254000000071e-01 5.581203461999999504e-01 5.844571375999999541e-01 -4.132746125680000215e-01
1.413393891305760622e+09 -1.155859158700000000e+00 1.083807051999999965e-01 1.680617829900000082e+00 4.240898309000000199e-01 5.545365850000000263e-01 5.810088730000000368e-01 -4.184085093470000238e-01
1.413393891355760336e+09 -1.157243861700000043e+00 9.346289650000000337e-02 1.681826475400000076e+00 4.355209507000000202e-01 5.455186840000000315e-01 5.715253428000000024e-01 -4.313810953889999911e-01
1.413393891405760527e+09 -1.157336085400000103e+00 7.850491630000000498e-02 1.681031297499999910e+00 4.500182973999999891e-01 5.334425685000000472e-01 5.575139217000000258e-01 -4.495562092050000014e-01
1.413393891455760479e+09 -1.153713637599999897e+00 6.328775559999999523e-02 1.678148958500000010e+00 4.634762726000000166e-01 5.207354224000000364e-01 5.429417656999999675e-01 -4.682292212659999731e-01
1.413393891505760431e+09 -1.145114181999999925e+00 4.847093630000000319e-02 1.673886198399999969e+00 4.740905821999999992e-01 5.107888348000000356e-01 5.313832927999999622e-01 -4.816271195549999828e-01
1.413393891555760384e+09 -1.130450328300000029e+00 3.403264670000000214e-02 1.669121186299999948e+00 4.794317983999999977e-01 5.045967328999999557e-01 5.244034360999999533e-01 -4.904368705720000277e-01
1.413393891605760574e+09 -1.108730391199999943e+00 2.055720310000000092e-02 1.664060954700000039e+00 4.838770459999999773e-01 5.008431598000000484e-01 5.231545181000000211e-01 -4.912519556470000270e-01
1.413393891655760288e+09 -1.079833734800000000e+00 7.346732299999999584e-03 1.660415386099999946e+00 4.837642952000000274e-01 5.007025347000000348e-01 5.226420032999999910e-01 -4.920512318540000152e-01
1.413393891705760479e+09 -1.043770762400000107e+00 -5.263522399999999782e-03 1.657663870900000003e+00 4.840225210999999916e-01 5.005756677999999571e-01 5.231907349000000096e-01 -4.913427060660000012e-01
1.413393891755760431e+09 -1.001819759099999985e+00 -1.750881430000000155e-02 1.657147224500000071e+00 4.832666292000000197e-01 5.010583274000000031e-01 5.242014885000000346e-01 -4.905167857630000072e-01
1.413393891805760622e+09 -9.534842568000000407e-01 -2.913002519999999956e-02 1.658647260800000023e+00 4.825171235999999864e-01 5.022608214999999543e-01 5.257358639000000444e-01 -4.883780237159999760e-01
1.413393891855760336e+09 -8.979433981000000120e-01 -4.036742790000000247e-02 1.661438819400000044e+00 4.799982145000000200e-01 5.050917553999999532e-01 5.290463944000000085e-01 -4.843489912980000200e-01
1.413393891905760527e+09 -8.359549320000000394e-01 -5.123128989999999744e-02 1.665166744500000018e+00 4.741069862000000246e-01 5.111151351999999592e-01 5.355006278999999703e-01 -4.766790972039999796e-01
1.413393891955760479e+09 -7.680953783999999729e-01 -6.176861909999999817e-02 1.669254040200000011e+00 4.644624316000000031e-01 5.203532139000000001e-01 5.448853994000000256e-01 -4.654106614960000221e-01
1.413393892005760431e+09 -6.955688332999999668e-01 -7.211621880000000651e-02 1.674056943899999927e+00 4.518639241999999889e-01 5.315650065000000479e-01 5.563867329999999667e-01 -4.513218820379999996e-01
1.413393892055760384e+09 -6.197550928999999709e-01 -8.246691400000000227e-02 1.680331898599999985e+00 4.400785931000000262e-01 5.415060557999999968e-01 5.670692981999999605e-01 -4.376464720450000123e-01
1.413393892105760574e+09 -5.423520666000000157e-01 -9.290584189999999409e-02 1.688367271800000013e+00 4.305791452000000130e-01 5.494027408999999640e-01 5.752806508000000152e-01 -4.263923085740000118e-01
1.413393892155760288e+09 -4.645175623000000198e-01 -1.034406016000000011e-01 1.697933468200000018e+00 4.239970650000000063e-01 5.550524788999999792e-01 5.814488902000000126e-01 -4.172054921319999776e-01
1.413393892205760479e+09 -3.867558681000000109e-01 -1.144054161000000042e-01 1.708039052900000021e+00 4.194391605000000189e-01 5.588571145999999823e-01 5.855688297000000153e-01 -4.109241557239999842e-01
1.413393892255760431e+09 -3.095932062999999790e-01 -1.255536814000000057e-01 1.717043714799999954e+00 4.177182386000000136e-01 5.609122869999999539e-01 5.882269614999999785e-01 -4.060516238310000192e-01
1.413393892305760622e+09 -2.338112072000000097e-01 -1.371618907999999915e-01 1.724460936500000097e+00 4.163721628000000008e-01 5.628848504000000252e-01 5.888149288999999786e-01 -4.038463157489999844e-01
1.413393892355760336e+09 -1.594388465999999893e-01 -1.490391141000000086e-01 1.729307530899999890e+00 4.147741919999999860e-01 5.648539575000000035e-01 5.901969295000000226e-01 -4.007118175969999752e-01
1.413393892405760527e+09 -8.621672069999999910e-02 -1.611614067000000095e-01 1.731424963600000089e+00 4.130242324000000242e-01 5.669392020000000310e-01 5.912487558000000254e-01 -3.980148658880000023e-01
1.413393892455760479e+09 -1.438861620000000084e-02 -1.735463241000000101e-01 1.730520508199999918e+00 4.119597956000000116e-01 5.686265134000000332e-01 5.919991024999999851e-01 -3.955882679350000153e-01
1.413393892505760431e+09 5.583718859999999701e-02 -1.863383184999999886e-01 1.727118379500000023e+00 4.121430079000000246e-01 5.693068739000000100e-01 5.925873371000000001e-01 -3.935328098099999949e-01
1.413393892555760384e+09 1.245688786999999964e-01 -1.997809922000000071e-01 1.720974882099999936e+00 4.106343257000000246e-01 5.713312778000000369e-01 5.928612560999999559e-01 -3.917595596690000015e-01
1.413393892605760574e+09 1.923397679000000138e-01 -2.135885610999999906e-01 1.712598907500000101e+00 4.085427139000000207e-01 5.733753959999999816e-01 5.944136111000000167e-01 -3.885948599560000161e-01
1.413393892655760288e+09 2.583301210000000236e-01 -2.277642765000000014e-01 1.702391622399999971e+00 4.048035871999999813e-01 5.764181226000000269e-01 5.972819338999999506e-01 -3.835759313859999908e-01
1.413393892705760479e+09 3.221486572999999742e-01 -2.422960603000000046e-01 1.691795065200000003e+00 3.995531225000000242e-01 5.806345702999999858e-01 6.015594225999999489e-01 -3.759615127829999959e-01
1.413393892755760431e+09 3.835300631999999932e-01 -2.573762612000000116e-01 1.681337501000000012e+00 3.918103003999999778e-01 5.858270626999999564e-01 6.068746721000000122e-01 -3.674159407240000230e-01
1.413393892805760622e+09 4.416617178999999727e-01 -2.730140918000000250e-01 1.671228655600000002e+00 3.840332079000000065e-01 5.904822143000000301e-01 6.132038950000000543e-01 -3.575335410570000261e-01
1.413393892855760336e+09 4.951791830000000227e-01 -2.893188206000000262e-01 1.662775129499999949e+00 3.772310506000000063e-01 5.949061280999999868e-01 6.179497220999999874e-01 -3.491726995889999907e-01
1.413393892905760527e+09 5.437140123000000491e-01 -3.065223476000000224e-01 1.655688019100000075e+00 3.698587257000000017e-01 5.990853858000000365e-01 6.226017751000000322e-01 -3.415673480279999841e-01
1.413393892955760479e+09 5.865284765999999594e-01 -3.247375433999999950e-01 1.650028834700000058e+00 3.634109707000000022e-01 6.020806708000000507e-01 6.270432738000000228e-01 -3.350344235819999739e-01
1.413393893005760431e+09 6.231183998999999529e-01 -3.436934889000000104e-01 1.645862032599999969e+00 3.589751883999999782e-01 6.041213584000000303e-01 6.307082506000000199e-01 -3.292131545459999753e-01
1.413393893055760384e+09 6.530060022000000464e-01 -3.638571407999999785e-01 1.643442830599999960e+00 3.561522122999999929e-01 6.048763016999999520e-01 6.329148234999999456e-01 -3.266482628530000265e-01
1.413393893105760574e+09 6.758146101999999988e-01 -3.848728177999999889e-01 1.642405862699999997e+00 3.547801908000000060e-01 6.050529924999999976e-01 6.338661208000000435e-01 -3.259687614239999975e-01
1.413393893155760288e+09 6.915362802000000197e-01 -4.067824487999999739e-01 1.643470928299999967e+00 3.560562881000000068e-01 6.038390777000000043e-01 6.328352040000000400e-01 -3.288189359140000212e-01
1.413393893205760479e+09 7.006522698999999577e-01 -4.293065099000000218e-01 1.646178740200000101e+00 3.598676084999999913e-01 6.006640663000000213e-01 6.316977899000000285e-01 -3.326497948830000051e-01
1.413393893255760431e+09 7.034779585999999529e-01 -4.527027389000000124e-01 1.650376801700000007e+00 3.632829258999999977e-01 5.985775745000000425e-01 6.294645168000000401e-01 -3.369047716090000089e-01
1.413393893305760622e+09 7.004052534000000385e-01 -4.771380358000000266e-01 1.656121569800000026e+00 3.648827855999999814e-01 5.982853755000000495e-01 6.257745361000000006e-01 -3.425221045940000097e-01
1.413393893355760336e+09 6.922990641999999806e-01 -5.022075111999999564e-01 1.662904393800000102e+00 3.636057815000000026e-01 5.999959009999999981e-01 6.220182835999999993e-01 -3.476909680340000142e-01
1.413393893405760527e+09 6.786736594000000178e-01 -5.273461450999999967e-01 1.670802777000000017e+00 3.630888233999999826e-01 6.015717461999999793e-01 6.174253965999999538e-01 -3.536436343459999909e-01
1.413393893455760479e+09 6.604881293000000042e-01 -5.524219448999999615e-01 1.678941734899999982e+00 3.616481069999999964e-01 6.033210516000000467e-01 6.136437369999999669e-01 -3.586861016339999986e-01
1.413393893505760431e+09 6.380716559000000343e-01 -5.773041733999999536e-01 1.687278464900000108e+00 3.590795981000000081e-01 6.049645514000000501e-01 6.111821045999999980e-01 -3.626791540489999743e-01
1.413393893555760384e+09 6.113633233999999916e-01 -6.013856884999999597e-01 1.695853776000000090e+00 3.575886417999999956e-01 6.058880372999999597e-01 6.088728006000000414e-01 -3.664750499459999977e-01
1.413393893605760574e+09 5.803123592000000164e-01 -6.246311525000000087e-01 1.704675587499999923e+00 3.562885042000000224e-01 6.066169738000000144e-01 6.064016091999999691e-01 -3.706095482269999852e-01
1.413393893655760288e+09 5.454248847999999539e-01 -6.467593866999999941e-01 1.713185240200000070e+00 3.530924020000000274e-01 6.083094661000000292e-01 6.049179947999999696e-01 -3.733089452380000117e-01
1.413393893705760479e+09 5.061034102999999451e-01 -6.674212564000000514e-01 1.722123407400000028e+00 3.507060609000000051e-01 6.100385188000000403e-01 6.026488142999999464e-01 -3.763943026120000201e-01
1.413393893755760431e+09 4.624908518999999996e-01 -6.864679354999999594e-01 1.731796881499999996e+00 3.504108226000000048e-01 6.103382073999999990e-01 5.998169383000000465e-01 -3.806825035479999841e-01
1.413393893805760622e+09 4.150678443999999967e-01 -7.035296615999999670e-01 1.741839761400000075e+00 3.519579368999999902e-01 6.093691756000000348e-01 5.978667192000000075e-01 -3.838622208299999894e-01
1.413393893855760336e+09 3.637050786000000091e-01 -7.188334860999999743e-01 1.752975289999999964e+00 3.573719812999999745e-01 6.066770660000000426e-01 5.938633518000000500e-01 -3.893000435739999987e-01
1.413393893905760527e+09 3.093177883000000072e-01 -7.322986903000000547e-01 1.764060189799999900e+00 3.642554861999999782e-01 6.019764267999999641e-01 5.909679707999999643e-01 -3.945873538740000130e-01
1.413393893955760479e+09 2.522617140999999785e-01 -7.439436498999999481e-01 1.775446566300000084e+00 3.723012963999999814e-01 5.966947219999999552e-01 5.869626114999999533e-01 -4.010262411689999862e-01
1.413393894005760431e+09 1.935179475000000093e-01 -7.540784029999999527e-01 1.786666527800000015e+00 3.781522063000000156e-01 5.931260323999999473e-01 5.837810007999999495e-01 -4.054653643239999883e-01
1.413393894055760384e+09 1.336460405999999879e-01 -7.629883301000000007e-01 1.797780340100000096e+00 3.820608470999999895e-01 5.898395972000000098e-01 5.824327116999999943e-01 -4.085228207439999815e-01
1.413393894105760574e+09 7.250868380000000113e-02 -7.705246932999999521e-01 1.809414222900000091e+00 3.846852315000000022e-01 5.879909179000000208e-01 5.808586217000000218e-01 -4.109588965579999975e-01
1.413393894155760288e+09 1.071743309999999977e-02 -7.768386104000000181e-01 1.821136033299999957e+00 3.848557575000000064e-01 5.874907139999999695e-01 5.800456965000000409e-01 -4.126592988130000084e-01
1.413393894205760479e+09 -5.180856100000000297e-02 -7.817527380000000026e-01 1.833081588700000042e+00 3.842698574999999783e-01 5.874464753000000483e-01 5.794774891999999733e-01 -4.140641917249999748e-01
1.413393894255760431e+09 -1.151372823999999989e-01 -7.848413910000000548e-01 1.844835749100000033e+00 3.842962255999999854e-01 5.875926627999999985e-01 5.787241003999999966e-01 -4.148851519180000169e-01
1.413393894305760622e+09 -1.789831013000000026e-01 -7.865434074999999581e-01 1.855730949800000085e+00 3.832805496000000200e-01 5.884139188000000464e-01 5.775644564999999897e-01 -4.162744035729999958e-01
1.413393894355760336e+09 -2.432044564999999992e-01 -7.866879464999999572e-01 1.863704796399999974e+00 3.834981901999999776e-01 5.882821402000000255e-01 5.770996935000000105e-01 -4.169043119920000096e-01
1.413393894405760527e+09 -3.079928298999999869e-01 -7.855516187000000095e-01 1.866627160800000018e+00 3.843671933000000207e-01 5.875802518999999613e-01 5.776866518000000061e-01 -4.162804831510000247e-01
1.413393894455760479e+09 -3.733822855999999746e-01 -7.832537866000000015e-01 1.864555213100000053e+00 3.860145645999999986e-01 5.862309305999999776e-01 5.784931645999999983e-01 -4.155378567690000136e-01
1.413393894505760431e+09 -4.393005105000000188e-01 -7.798160616999999517e-01 1.858429218699999996e+00 3.881519299999999784e-01 5.845782279000000248e-01 5.789614389999999666e-01 -4.152228640019999806e-01
1.413393894555760384e+09 -5.059573180999999975e-01 -7.752062024000000440e-01 1.849698651600000021e+00 3.915818944000000190e-01 5.825474904999999870e-01 5.791403316000000023e-01 -4.146064610749999879e-01
1.413393894605760574e+09 -5.728842417999999714e-01 -7.695618118999999480e-01 1.838414047199999901e+00 3.940041817000000113e-01 5.809103942000000131e-01 5.800241073999999886e-01 -4.133713264750000227e-01
1.413393894655760288e+09 -6.404355421999999853e-01 -7.629268627999999941e-01 1.826606302300000095e+00 3.969945932000000233e-01 5.788726646999999836e-01 5.800626826000000458e-01 -4.133146685119999941e-01
1.413393894705760479e+09 -7.079929279000000131e-01 -7.554170786999999665e-01 1.814916479100000091e+00 3.990435586000000145e-01 5.775266551000000081e-01 5.801360259000000186e-01 -4.131215225800000113e-01
1.413393894755760431e+09 -7.754257086000000410e-01 -7.471995167999999632e-01 1.804009259999999948e+00 4.005492798999999993e-01 5.758123988000000137e-01 5.805487012000000169e-01 -4.134774012140000066e-01
1.413393894805760622e+09 -8.427451906999999798e-01 -7.382535194999999550e-01 1.793817388899999976e+00 4.000023937000000140e-01 5.756392116999999864e-01 5.806822684000000345e-01 -4.140600031300000206e-01
1.413393894855760336e+09 -9.100758498000000030e-01 -7.286242813000000096e-01 1.784735407799999951e+00 4.010416803999999891e-01 5.745005603999999710e-01 5.802643750000000544e-01 -4.152203412009999872e-01
1.413393894905760527e+09 -9.771529291999999645e-01 -7.187085570000000256e-01 1.776660247899999989e+00 4.030028513000000201e-01 5.723002103000000007e-01 5.798796230999999635e-01 -4.168942238400000222e-01
1.413393894955760479e+09 -1.044072026899999894e+00 -7.082608224999999980e-01 1.769771964500000072e+00 4.064143593999999804e-01 5.693749280000000024e-01 5.785187017999999792e-01 -4.194707039619999800e-01
1.413393895005760431e+09 -1.110597044899999997e+00 -6.973354709000000318e-01 1.763754642699999930e+00 4.100980571000000241e-01 5.662475879999999684e-01 5.766960703000000299e-01 -4.226167237480000227e-01
1.413393895055760384e+09 -1.176375651300000102e+00 -6.861443339999999669e-01 1.758609808000000108e+00 4.132407731000000140e-01 5.631222106000000061e-01 5.747818075999999721e-01 -4.263230148670000275e-01
1.413393895105760574e+09 -1.241156922000000051e+00 -6.745462169000000507e-01 1.753518810799999939e+00 4.148917502000000201e-01 5.614571372000000116e-01 5.749549121000000484e-01 -4.266820451689999905e-01
1.413393895155760288e+09 -1.304859463699999944e+00 -6.626590654999999774e-01 1.748924316000000090e+00 4.147584952999999741e-01 5.610352369000000117e-01 5.763108497000000163e-01 -4.255357307250000054e-01
1.413393895205760479e+09 -1.367363964299999957e+00 -6.505196899999999838e-01 1.744977505700000098e+00 4.127747078999999819e-01 5.618624461000000236e-01 5.781388279000000407e-01 -4.238904667739999965e-01
1.413393895255760431e+09 -1.429158327099999903e+00 -6.381500412999999705e-01 1.741592085600000006e+00 4.121014685000000122e-01 5.622143745000000026e-01 5.793345011999999628e-01 -4.224439756219999786e-01
1.413393895305760622e+09 -1.490293649100000062e+00 -6.258845311999999828e-01 1.737517183400000054e+00 4.124369789999999814e-01 5.615439810000000254e-01 5.792209879999999922e-01 -4.231632579679999728e-01
1.413393895355760336e+09 -1.550209859099999976e+00 -6.136121185999999783e-01 1.732266988799999963e+00 4.141337808000000176e-01 5.601816217999999736e-01 5.786593694999999649e-01 -4.240791156459999822e-01
1.413393895405760527e+09 -1.609214413599999949e+00 -6.011761500000000202e-01 1.725130956899999957e+00 4.158947953000000086e-01 5.590061251000000286e-01 5.771392128000000232e-01 -4.259741781620000056e-01
1.413393895455760479e+09 -1.666521529599999996e+00 -5.883234031999999836e-01 1.714780356899999969e+00 4.173626650999999743e-01 5.584351426000000451e-01 5.767627722000000512e-01 -4.257972544160000261e-01
1.413393895505760431e+09 -1.722677572700000104e+00 -5.750584762999999544e-01 1.703109848099999990e+00 4.192879749000000267e-01 5.589781228000000324e-01 5.747676967000000525e-01 -4.258910039600000141e-01
1.413393895555760384e+09 -1.777797073099999903e+00 -5.613187166999999977e-01 1.690653216499999889e+00 4.202625593000000048e-01 5.618705481000000335e-01 5.726601864000000486e-01 -4.239589359009999781e-01
1.413393895605760574e+09 -1.831900676500000102e+00 -5.473791190000000251e-01 1.679018716899999930e+00 4.211795002000000010e-01 5.657927347000000218e-01 5.691219442999999600e-01 -4.225951045770000025e-01
1.413393895655760288e+09 -1.884714865400000106e+00 -5.328498697000000339e-01 1.668352227600000015e+00 4.244247568999999776e-01 5.691493034000000284e-01 5.661385894999999557e-01 -4.188314620990000181e-01
1.413393895705760479e+09 -1.936534711099999972e+00 -5.177912755000000367e-01 1.659469320399999948e+00 4.312936492000000177e-01 5.710169139999999866e-01 5.609726964000000260e-01 -4.162152159229999815e-01
1.413393895755760431e+09 -1.987021348799999920e+00 -5.025819701999999500e-01 1.651286473899999940e+00 4.363044157000000034e-01 5.753562344000000550e-01 5.550382479000000036e-01 -4.129602931899999940e-01
1.413393895805760622e+09 -2.036550403600000170e+00 -4.869398468999999730e-01 1.644246583900000003e+00 4.427307811000000259e-01 5.799991499000000106e-01 5.474579815000000238e-01 -4.097318635719999769e-01
1.413393895855760336e+09 -2.085392602999999845e+00 -4.706162891999999820e-01 1.638512648300000096e+00 4.492394175000000156e-01 5.862595575000000281e-01 5.393405996000000258e-01 -4.044692752860000184e-01
1.413393895905760527e+09 -2.131193749099999923e+00 -4.539577372999999971e-01 1.632824668000000035e+00 4.566156062999999765e-01 5.935465569000000219e-01 5.306642210999999998e-01 -3.969888628939999831e-01
1.413393895955760479e+09 -2.174617068799999942e+00 -4.372842919000000106e-01 1.628656410500000096e+00 4.624240938999999995e-01 6.029958062000000396e-01 5.202709679999999448e-01 -3.897154537690000198e-01
1.413393896005760431e+09 -2.216023366199999955e+00 -4.203123103999999999e-01 1.624373891000000070e+00 4.696760600000000063e-01 6.123605331000000485e-01 5.112183133000000046e-01 -3.782523129550000029e-01
1.413393896055760384e+09 -2.255842951500000026e+00 -4.036492183000000011e-01 1.619961257900000007e+00 4.772100617000000211e-01 6.225151795000000154e-01 4.998592552000000189e-01 -3.672684757870000039e-01
1.413393896105760574e+09 -2.294567927400000151e+00 -3.870248868000000231e-01 1.616395450399999989e+00 4.863354317999999954e-01 6.322294931999999923e-01 4.875149716000000133e-01 -3.550955761749999828e-01
1.413393896155760288e+09 -2.331907757100000200e+00 -3.713354325000000067e-01 1.614000984800000094e+00 4.946458442000000177e-01 6.418513389000000124e-01 4.735669761999999894e-01 -3.450893603060000148e-01
1.413393896205760479e+09 -2.368310794700000166e+00 -3.558906338999999752e-01 1.612329174599999915e+00 5.045855210999999896e-01 6.502308006000000473e-01 4.593049676000000026e-01 -3.341142089270000004e-01
1.413393896255760431e+09 -2.402605466499999842e+00 -3.410571286999999896e-01 1.611615166900000062e+00 5.171505450000000170e-01 6.565654315000000185e-01 4.429621637000000223e-01 -3.244405484130000183e-01
1.413393896305760622e+09 -2.434766033999999912e+00 -3.276610499000000010e-01 1.611279501400000091e+00 5.284859686999999751e-01 6.628758173000000031e-01 4.272513768000000267e-01 -3.142522755139999791e-01
1.413393896355760336e+09 -2.464911611699999838e+00 -3.154679866999999804e-01 1.611773305999999906e+00 5.391802798999999480e-01 6.694668556999999742e-01 4.105225526999999874e-01 -3.042531652770000261e-01
1.413393896405760527e+09 -2.492528169099999857e+00 -3.050557756999999759e-01 1.614233133399999964e+00 5.478026911000000165e-01 6.775050178000000534e-01 3.913287247000000191e-01 -2.962448169799999920e-01
1.413393896455760479e+09 -2.517381184600000044e+00 -2.969645677000000150e-01 1.618471812099999907e+00 5.525314384999999717e-01 6.877411772000000534e-01 3.693157100000000193e-01 -2.921078380450000123e-01
1.413393896505760431e+09 -2.538912493899999845e+00 -2.907931041999999855e-01 1.623069094599999929e+00 5.543417968999999612e-01 6.995304285000000233e-01 3.490705989999999814e-01 -2.855031850799999993e-01
1.413393896555760384e+09 -2.556589846900000129e+00 -2.860077361000000207e-01 1.628654699299999953e+00 5.531510447999999913e-01 7.133464882000000173e-01 3.280934286000000144e-01 -2.784158968229999975e-01
1.413393896605760574e+09 -2.571675156199999979e+00 -2.815171877000000045e-01 1.633971274499999904e+00 5.512895974999999504e-01 7.267419983999999777e-01 3.087852007999999926e-01 -2.694022035179999830e-01
1.413393896655760288e+09 -2.584505923200000055e+00 -2.768243585999999867e-01 1.639998362500000084e+00 5.491626998999999953e-01 7.392735058999999609e-01 2.903192175000000042e-01 -2.600187769100000268e-01
1.413393896705760479e+09 -2.594759159800000159e+00 -2.718022332999999735e-01 1.646799655599999967e+00 5.467238542000000256e-01 7.512453447000000395e-01 2.709067088000000068e-01 -2.516605143430000191e-01
1.413393896755760431e+09 -2.602376534999999880e+00 -2.660547364999999997e-01 1.654137946200000098e+00 5.434246739000000437e-01 7.629061172000000113e-01 2.511786529000000212e-01 -2.440761448390000032e-01
1.413393896805760622e+09 -2.607191297299999988e+00 -2.591633345000000088e-01 1.662056015000000109e+00 5.406629299999999860e-01 7.732002903000000371e-01 2.317445385000000135e-01 -2.369374940639999982e-01
1.413393896855760336e+09 -2.608833637300000063e+00 -2.508197106999999759e-01 1.669576007699999920e+00 5.359358077000000442e-01 7.842025686000000384e-01 2.128933159999999991e-01 -2.290754839639999874e-01
1.413393896905760527e+09 -2.606963556899999812e+00 -2.406764826999999995e-01 1.676813109400000057e+00 5.294363022000000418e-01 7.958409587000000451e-01 1.951378216000000110e-01 -2.196715751090000113e-01
1.413393896955760479e+09 -2.601981858099999823e+00 -2.280525100000000138e-01 1.683344348199999896e+00 5.222218883000000478e-01 8.072397901000000209e-01 1.810296240000000001e-01 -2.070664047369999983e-01
1.413393897005760431e+09 -2.594056957599999880e+00 -2.131043344000000117e-01 1.687848769599999965e+00 5.127574459000000529e-01 8.191263092999999662e-01 1.733789742999999883e-01 -1.898726479769999864e-01
1.413393897055760384e+09 -2.584036618199999857e+00 -1.951044047999999920e-01 1.689677413200000089e+00 5.031791255999999990e-01 8.301126335999999828e-01 1.726758459000000134e-01 -1.670533905509999917e-01
1.413393897105760574e+09 -2.573208561900000024e+00 -1.726734222000000096e-01 1.690049698099999942e+00 4.984781938999999773e-01 8.367803862999999565e-01 1.762944610999999939e-01 -1.422615136060000063e-01
1.413393897155760288e+09 -2.562689344299999838e+00 -1.464078283999999952e-01 1.689181331199999914e+00 4.984641890000000020e-01 8.391906553000000324e-01 1.823431234000000012e-01 -1.185051968999999983e-01
1.413393897205760479e+09 -2.553533860699999991e+00 -1.163452868999999973e-01 1.687622057900000083e+00 5.043994711000000519e-01 8.368562348000000428e-01 1.899500208999999884e-01 -9.576954267529999565e-02
1.413393897255760431e+09 -2.546901082699999819e+00 -8.314530570000000509e-02 1.686451158899999969e+00 5.167613868000000554e-01 8.293407334000000297e-01 1.986158849999999920e-01 -7.552050919970000609e-02
1.413393897305760622e+09 -2.543669587200000137e+00 -4.797117089999999862e-02 1.686394965999999940e+00 5.333663768999999943e-01 8.179980393000000349e-01 2.071909033000000067e-01 -5.891897272840000005e-02
1.413393897355760336e+09 -2.544767218500000094e+00 -1.201950360000000016e-02 1.687478878499999890e+00 5.485097974000000542e-01 8.072352686999999527e-01 2.124918419999999863e-01 -4.853287768000000280e-02
1.413393897405760527e+09 -2.550945951000000100e+00 2.398885140000000041e-02 1.689510462499999921e+00 5.596487759999999589e-01 7.997706486000000226e-01 2.119321450999999967e-01 -4.738061855709999742e-02
1.413393897455760479e+09 -2.561872757100000175e+00 5.950956970000000068e-02 1.692220245299999926e+00 5.673691548999999501e-01 7.952737238999999514e-01 2.068277370000000115e-01 -5.342502524570000300e-02
1.413393897505760431e+09 -2.576517065200000012e+00 9.371820590000000395e-02 1.695158585699999998e+00 5.725105780000000477e-01 7.924352424999999700e-01 2.010751819999999912e-01 -6.202254244159999957e-02
1.413393897555760384e+09 -2.593905683700000075e+00 1.268464121000000000e-01 1.697934090099999960e+00 5.756520322000000522e-01 7.906678638999999897e-01 1.965312895999999920e-01 -6.960257905649999688e-02
1.413393897605760574e+09 -2.613473465899999848e+00 1.585897447999999876e-01 1.700342902400000078e+00 5.749121331000000001e-01 7.915855547000000270e-01 1.924225885999999996e-01 -7.643229820699999622e-02
1.413393897655760288e+09 -2.634824274200000094e+00 1.891502324000000068e-01 1.702802999700000042e+00 5.735011279999999712e-01 7.925768683999999675e-01 1.905391606999999876e-01 -8.132153533859999561e-02
1.413393897705760479e+09 -2.657780358100000129e+00 2.190295351000000057e-01 1.705491483999999947e+00 5.712897200000000009e-01 7.939504617000000541e-01 1.900092141999999984e-01 -8.465942756590000284e-02
1.413393897755760431e+09 -2.682153325699999868e+00 2.486944920999999975e-01 1.708923065100000027e+00 5.699559832999999687e-01 7.947166956000000226e-01 1.903297632000000017e-01 -8.573291089199999715e-02
1.413393897805760622e+09 -2.707978226899999896e+00 2.778087109999999860e-01 1.712908515400000109e+00 5.692686422999999607e-01 7.947074755999999907e-01 1.923589538999999904e-01 -8.585612327569999702e-02
1.413393897855760336e+09 -2.734941102500000110e+00 3.070769910000000213e-01 1.717429119199999965e+00 5.696448066999999504e-01 7.944363742000000173e-01 1.932455633000000061e-01 -8.385579226250000628e-02
1.413393897905760527e+09 -2.763091112800000193e+00 3.363979301000000199e-01 1.722460865900000027e+00 5.697994473999999920e-01 7.948055587000000255e-01 1.928064790000000028e-01 -8.023948679200000600e-02
1.413393897955760479e+09 -2.792534037899999877e+00 3.657419250000000233e-01 1.728165868200000066e+00 5.710426812000000130e-01 7.947906381999999548e-01 1.919209863000000127e-01 -7.337869377599999521e-02
1.413393898005760431e+09 -2.823459039299999862e+00 3.948589596000000035e-01 1.734398407500000072e+00 5.733805964000000532e-01 7.944876520000000442e-01 1.893722109000000042e-01 -6.451533398929999719e-02
1.413393898055760384e+09 -2.855999234500000039e+00 4.236439703000000057e-01 1.740919514500000043e+00 5.773085418000000191e-01 7.934877187000000109e-01 1.851263257000000106e-01 -5.310679274700000341e-02
1.413393898105760574e+09 -2.891126087499999997e+00 4.519365901999999879e-01 1.749667908399999972e+00 5.858714107000000393e-01 7.893347831999999453e-01 1.784907688000000048e-01 -4.296900620530000325e-02
1.413393898155760288e+09 -2.928530692399999857e+00 4.782568998999999765e-01 1.759560795000000066e+00 5.983944445000000112e-01 7.827326473000000284e-01 1.670455758999999929e-01 -3.673509584779999920e-02
1.413393898205760479e+09 -2.968201297699999852e+00 5.022541470000000396e-01 1.770736235100000000e+00 6.124280227999999715e-01 7.751469477000000330e-01 1.514559182000000115e-01 -3.376730910390000201e-02
1.413393898255760431e+09 -3.010161929200000142e+00 5.232968864999999470e-01 1.783581411199999911e+00 6.282260251000000295e-01 7.654481519000000400e-01 1.353251145999999905e-01 -3.329116349570000050e-02
1.413393898305760622e+09 -3.053671891200000044e+00 5.400290319999999644e-01 1.797263656299999957e+00 6.426450916999999485e-01 7.559480751999999582e-01 1.194407044999999945e-01 -3.582892407260000051e-02
1.413393898355760336e+09 -3.098343198999999881e+00 5.521250186999999698e-01 1.811468449900000000e+00 6.562121351999999908e-01 7.464301169999999486e-01 1.019359826000000024e-01 -4.285754837820000135e-02
1.413393898405760527e+09 -3.143023462699999993e+00 5.587096173000000165e-01 1.826065173199999947e+00 6.700250027999999913e-01 7.355886113999999809e-01 8.575489460000000619e-02 -5.120535642259999715e-02
1.413393898455760479e+09 -3.186864326099999811e+00 5.589756814999999879e-01 1.840735514899999981e+00 6.829191627999999792e-01 7.244272339999999755e-01 7.019927619999999369e-02 -6.243926153900000026e-02
1.413393898505760431e+09 -3.228628654500000028e+00 5.527137523999999802e-01 1.853064669799999953e+00 6.893977457000000086e-01 7.184796327000000371e-01 5.645166179999999700e-02 -7.301352944139999357e-02
1.413393898555760384e+09 -3.268146683999999969e+00 5.396240347999999853e-01 1.860515608300000068e+00 6.811276639000000133e-01 7.257381469000000473e-01 4.503942650000000020e-02 -8.567787094829999728e-02
1.413393898605760574e+09 -3.304327143100000086e+00 5.207715987000000046e-01 1.862794805999999914e+00 6.620517456000000189e-01 7.428570638999999476e-01 3.955139080000000251e-02 -9.103052381489999678e-02
1.413393898655760288e+09 -3.336832683799999977e+00 4.968267302000000107e-01 1.862594881199999941e+00 6.384157202000000364e-01 7.629321971000000424e-01 3.450114769999999831e-02 -9.575751524599999953e-02
1.413393898705760479e+09 -3.365530334399999823e+00 4.688111266000000166e-01 1.859244406700000019e+00 6.115217426000000289e-01 7.846987718000000278e-01 3.256923149999999684e-02 -9.606373432470000084e-02
1.413393898755760431e+09 -3.390441983800000170e+00 4.386485062000000101e-01 1.853450936900000068e+00 5.814658023000000009e-01 8.073856809999999662e-01 3.135717539999999942e-02 -9.509264064210000422e-02
1.413393898805760622e+09 -3.411496411399999928e+00 4.084002743999999852e-01 1.846149735800000080e+00 5.490631938000000156e-01 8.301598307999999982e-01 3.165498299999999765e-02 -9.144521063400000427e-02
1.413393898855760336e+09 -3.428901449100000054e+00 3.804766043999999736e-01 1.839766180000000029e+00 5.175425775999999978e-01 8.507181372000000019e-01 3.227122579999999741e-02 -8.594707264230000421e-02
1.413393898905760527e+09 -3.443156374700000022e+00 3.571628706000000153e-01 1.836213687999999955e+00 4.911094021999999892e-01 8.668234688000000521e-01 3.221790120000000285e-02 -7.994145322890000571e-02
1.413393898955760479e+09 -3.454302656699999918e+00 3.399811923000000125e-01 1.834816918300000044e+00 4.686199802000000081e-01 8.798438068999999695e-01 3.423615859999999678e-02 -7.140080510750000664e-02
1.413393899005760431e+09 -3.462846956099999929e+00 3.301176887000000226e-01 1.835687274200000108e+00 4.505967184999999930e-01 8.898544878999999908e-01 3.863913409999999993e-02 -6.023790292239999955e-02
1.413393899055760384e+09 -3.469486061000000010e+00 3.303552124999999950e-01 1.839382743400000075e+00 4.436844831999999794e-01 8.938569163999999789e-01 4.629654820000000254e-02 -4.495021737530000006e-02
1.413393899105760574e+09 -3.475328296699999875e+00 3.410051131999999874e-01 1.847398533400000042e+00 4.502672414000000178e-01 8.906301482999999797e-01 5.686949460000000067e-02 -2.834097391210000164e-02
1.413393899155760288e+09 -3.482188562200000170e+00 3.622323336000000116e-01 1.860857483700000037e+00 4.744368291000000126e-01 8.776962880999999994e-01 6.578528929999999386e-02 -1.520581344150000007e-02
1.413393899205760479e+09 -3.490966473199999864e+00 3.912366016000000113e-01 1.879020421299999910e+00 5.111968488999999449e-01 8.564635628000000223e-01 7.143252840000000048e-02 -6.733587475200000089e-03
1.413393899255760431e+09 -3.502000258999999893e+00 4.238366164999999852e-01 1.900129010299999921e+00 5.528179220000000171e-01 8.299862647000000315e-01 7.415446100000000484e-02 -4.032557332340000120e-03
1.413393899305760622e+09 -3.515107504299999963e+00 4.571137502000000019e-01 1.923628490100000032e+00 5.963381796000000179e-01 7.993861062999999545e-01 7.292079680000000674e-02 -6.722048098099999910e-03
1.413393899355760336e+09 -3.529570285600000190e+00 4.877073100000000050e-01 1.947412172800000008e+00 6.343123622999999878e-01 7.697752655999999805e-01 7.033178010000000480e-02 -1.213705881059999950e-02
1.413393899405760527e+09 -3.544747478300000143e+00 5.135651743000000380e-01 1.970935326300000012e+00 6.648193423999999574e-01 7.437413024000000261e-01 6.685239430000000649e-02 -1.987144923830000062e-02
1.413393899455760479e+09 -3.559739014399999846e+00 5.326711319000000389e-01 1.994041698800000040e+00 6.886895603999999560e-01 7.217752351999999760e-01 6.289391369999999815e-02 -2.813458362689999839e-02
1.413393899505760431e+09 -3.574548585900000131e+00 5.434316786999999760e-01 2.018173331399999881e+00 7.101943424000000116e-01 7.004979103999999790e-01 5.652529860000000267e-02 -4.161206747139999801e-02
1.413393899555760384e+09 -3.588026429700000186e+00 5.450220042000000209e-01 2.041241126400000105e+00 7.265912799000000533e-01 6.829458560000000178e-01 5.105510740000000075e-02 -5.516743408610000343e-02
1.413393899605760574e+09 -3.599184180600000005e+00 5.366971109000000517e-01 2.062254573400000179e+00 7.359408401999999461e-01 6.720159076999999703e-01 4.519818600000000131e-02 -6.886816092519999766e-02
1.413393899655760288e+09 -3.607377893699999838e+00 5.179734811999999744e-01 2.079619074800000078e+00 7.349939605999999959e-01 6.717292389000000252e-01 4.044002010000000147e-02 -8.323648336559999472e-02
1.413393899705760479e+09 -3.611946162499999780e+00 4.891493163999999783e-01 2.093155629099999970e+00 7.235782075000000146e-01 6.825380406000000066e-01 3.831153909999999996e-02 -9.543912591580000493e-02
1.413393899755760431e+09 -3.612406246399999965e+00 4.514041107000000275e-01 2.102768616300000115e+00 6.993983267000000170e-01 7.059201058999999834e-01 3.693801439999999658e-02 -1.056142404749999958e-01
1.413393899805760622e+09 -3.608319914700000020e+00 4.061262817999999886e-01 2.110562330500000083e+00 6.704064724999999614e-01 7.323872179000000537e-01 3.634178190000000169e-02 -1.133287234950000055e-01
1.413393899855760336e+09 -3.599625163599999844e+00 3.549108202999999850e-01 2.116220164000000015e+00 6.351862713999999466e-01 7.620061304999999896e-01 3.507814790000000210e-02 -1.210561076200000058e-01
1.413393899905760527e+09 -3.586345347800000027e+00 3.003901209000000017e-01 2.119439582700000102e+00 5.951026017999999640e-01 7.930234439000000135e-01 3.435476450000000265e-02 -1.256441837860000077e-01
1.413393899955760479e+09 -3.568377213399999803e+00 2.449211051000000083e-01 2.120342036399999852e+00 5.514640536999999565e-01 8.237816163000000191e-01 3.384636640000000113e-02 -1.269868877979999922e-01
1.413393900005760431e+09 -3.545623353899999941e+00 1.915515204999999888e-01 2.121022824799999817e+00 5.134277898000000340e-01 8.483261332000000543e-01 3.253105190000000341e-02 -1.252054595419999916e-01
1.413393900055760384e+09 -3.518469010200000024e+00 1.427664459000000108e-01 2.121409539200000083e+00 4.839629042999999964e-01 8.662132703999999572e-01 3.122624389999999889e-02 -1.203303746139999936e-01
1.413393900105760574e+09 -3.487366547200000166e+00 1.005311150000000042e-01 2.121163366299999797e+00 4.625180628000000183e-01 8.788951833000000491e-01 3.087946210000000122e-02 -1.125466888500000068e-01
1.413393900155760288e+09 -3.452593364500000206e+00 6.600602469999999888e-02 2.119731270099999954e+00 4.487267683000000229e-01 8.874178566999999518e-01 3.438839619999999736e-02 -9.975606855309999965e-02
1.413393900205760479e+09 -3.415149624900000180e+00 3.967804109999999856e-02 2.117013903400000174e+00 4.392627065999999969e-01 8.934331824000000255e-01 3.928578110000000012e-02 -8.533493208770000227e-02
1.413393900255760431e+09 -3.375510852200000134e+00 2.217556789999999833e-02 2.113296845299999838e+00 4.364961450000000021e-01 8.958831794999999598e-01 4.814316440000000058e-02 -6.742907259869999892e-02
1.413393900305760622e+09 -3.335074632200000000e+00 1.387943219999999978e-02 2.108702000100000085e+00 4.406289568000000267e-01 8.944671014999999725e-01 5.928554280000000037e-02 -4.753894446709999722e-02
1.413393900355760336e+09 -3.295307298300000021e+00 1.436792809999999990e-02 2.103778310200000057e+00 4.519410924000000218e-01 8.887934065000000494e-01 7.024576350000000247e-02 -2.934386198939999829e-02
1.413393900405760527e+09 -3.257657158799999841e+00 2.338804510000000100e-02 2.099322221400000021e+00 4.729905255999999891e-01 8.773966974000000363e-01 7.890597100000000530e-02 -1.512765450579999990e-02
1.413393900455760479e+09 -3.222445559900000145e+00 3.822643030000000275e-02 2.094039657400000198e+00 4.979281553000000082e-01 8.630145925000000107e-01 8.516996720000000187e-02 -4.409301511830000277e-03
1.413393900505760431e+09 -3.190314001399999988e+00 5.700113720000000300e-02 2.088438907600000061e+00 5.266008717000000283e-01 8.454828489000000280e-01 8.859329089999999629e-02 1.225968272600000105e-03
1.413393900555760384e+09 -3.161250031299999819e+00 7.874318080000000664e-02 2.081566007000000162e+00 5.575169769000000164e-01 8.252478277000000473e-01 9.013738749999999911e-02 4.011826287039999862e-03
1.413393900605760574e+09 -3.134840024799999902e+00 1.009625212000000022e-01 2.073181633699999971e+00 5.918729717999999806e-01 8.010843400999999586e-01 8.912827950000000443e-02 2.532799854300000174e-03
1.413393900655760288e+09 -3.110623972399999992e+00 1.214833644000000018e-01 2.062688150200000070e+00 6.235658308000000538e-01 7.769401903000000553e-01 8.676555610000000196e-02 -1.154812643640000091e-03
1.413393900705760479e+09 -3.088026855499999890e+00 1.386634493999999995e-01 2.049861479700000100e+00 6.520244831999999491e-01 7.536715884000000365e-01 8.238956829999999343e-02 -7.427601978059999999e-03
1.413393900755760431e+09 -3.066688156700000167e+00 1.501549420999999940e-01 2.034068785600000151e+00 6.730086991999999491e-01 7.353935901000000497e-01 7.766298400000000435e-02 -1.496727517759999931e-02
1.413393900805760622e+09 -3.046166374199999805e+00 1.550165803999999925e-01 2.017433848100000038e+00 6.864212913999999666e-01 7.232503887000000242e-01 7.173109910000000089e-02 -2.427622848360000071e-02
1.413393900855760336e+09 -3.025907365100000135e+00 1.521878201999999902e-01 2.000097453800000036e+00 6.907548877000000420e-01 7.193052156000000474e-01 6.494558440000000599e-02 -3.521026811829999770e-02
1.413393900905760527e+09 -3.005141773800000138e+00 1.417364838999999876e-01 1.981907038699999957e+00 6.853649348000000474e-01 7.243883822000000139e-01 5.917140209999999928e-02 -4.511233883389999949e-02
1.413393900955760479e+09 -2.983673546599999948e+00 1.237451261000000052e-01 1.963150007999999946e+00 6.702868043999999914e-01 7.380715471000000028e-01 5.357592960000000237e-02 -5.563821487850000025e-02
1.413393901005760431e+09 -2.960672966400000217e+00 9.969864600000000188e-02 1.945233404499999930e+00 6.503500683999999810e-01 7.553024427000000207e-01 4.806090190000000123e-02 -6.521624267230000105e-02
1.413393901055760384e+09 -2.935799492100000130e+00 7.099125570000000551e-02 1.928440838300000015e+00 6.271412887999999741e-01 7.741848644000000057e-01 4.363672119999999904e-02 -7.367113528570000403e-02
1.413393901105760574e+09 -2.907995086700000176e+00 3.912285680000000126e-02 1.911111344200000062e+00 6.010599052999999747e-01 7.946374067999999458e-01 4.498288450000000049e-02 -7.249084081489999554e-02
1.413393901155760288e+09 -2.877784072699999918e+00 6.039021999999999793e-03 1.893905007899999937e+00 5.717780686000000223e-01 8.162258687000000235e-01 4.861549300000000268e-02 -6.694554018760000280e-02
1.413393901205760479e+09 -2.845642206199999968e+00 -2.627872480000000011e-02 1.877902964600000058e+00 5.456452415000000444e-01 8.342813523000000009e-01 5.616129110000000341e-02 -5.560400210099999962e-02
1.413393901255760431e+09 -2.812610051400000089e+00 -5.594054510000000258e-02 1.864138746100000077e+00 5.241072186999999882e-01 8.481357675999999790e-01 6.363803490000000118e-02 -4.390379943449999878e-02
1.413393901305760622e+09 -2.779691499100000129e+00 -8.157692569999999699e-02 1.852465651099999944e+00 5.065195027000000128e-01 8.587542851999999671e-01 6.984702030000000672e-02 -3.317325490780000108e-02
1.413393901355760336e+09 -2.747825721499999929e+00 -1.020720298000000054e-01 1.843305606599999980e+00 4.942861795999999863e-01 8.657540209999999847e-01 7.436123170000000226e-02 -2.493100321000000022e-02
1.413393901405760527e+09 -2.717307703699999966e+00 -1.170883394999999993e-01 1.835430187700000104e+00 4.840214639000000041e-01 8.714088898999999833e-01 7.756328830000000507e-02 -1.880705808340000021e-02
1.413393901455760479e+09 -2.688660129000000065e+00 -1.260321902000000049e-01 1.828764788400000008e+00 4.752651014000000007e-01 8.761520671000000426e-01 7.930766150000000125e-02 -1.381787117499999953e-02
1.413393901505760431e+09 -2.662123043299999825e+00 -1.284119032000000105e-01 1.823183649900000036e+00 4.695806062999999808e-01 8.790056273999999892e-01 8.233219719999999853e-02 -8.035576042830000834e-03
1.413393901555760384e+09 -2.637915289699999999e+00 -1.239741609000000050e-01 1.818563958499999966e+00 4.658596032999999803e-01 8.806796333999999948e-01 8.586407660000000552e-02 -2.360872348599999965e-03
1.413393901605760574e+09 -2.616525907699999820e+00 -1.120891033000000064e-01 1.815528844799999986e+00 4.669119192000000251e-01 8.796892695000000373e-01 9.014223929999999607e-02 3.798090867840000009e-03
1.413393901655760288e+09 -2.598477900399999818e+00 -9.255471149999999758e-02 1.814798089900000022e+00 4.771124763999999852e-01 8.734788255000000001e-01 9.629637800000000192e-02 1.119972408219999972e-02
1.413393901705760479e+09 -2.584518671400000134e+00 -6.605166190000000270e-02 1.816737745199999976e+00 4.962909748000000065e-01 8.619566990999999456e-01 1.022018695999999949e-01 1.675395824479999907e-02
1.413393901755760431e+09 -2.574649457800000096e+00 -3.466255759999999769e-02 1.820390578700000095e+00 5.178613724999999723e-01 8.486568489000000381e-01 1.058412298000000057e-01 1.996962100849999922e-02
1.413393901805760622e+09 -2.569309112800000072e+00 -1.670339999999999867e-04 1.825486391399999908e+00 5.406837895999999644e-01 8.343553623999999669e-01 1.057872655000000051e-01 1.792270383449999852e-02
1.413393901855760336e+09 -2.567500728300000201e+00 3.546729140000000335e-02 1.830336781400000001e+00 5.576291332999999684e-01 8.236398397999999954e-01 1.024156888000000015e-01 1.334880841489999997e-02
1.413393901905760527e+09 -2.568768398300000033e+00 7.108992309999999371e-02 1.834115496399999934e+00 5.666638684999999453e-01 8.181391780000000225e-01 9.741318470000000229e-02 7.142626022320000025e-03
1.413393901955760479e+09 -2.572267749699999939e+00 1.065802594000000020e-01 1.836893579100000062e+00 5.701305738999999928e-01 8.162508791999999458e-01 9.315477219999999947e-02 2.796291731959999784e-03
1.413393902005760431e+09 -2.578066055899999931e+00 1.420770292999999906e-01 1.839627098700000074e+00 5.710722867999999952e-01 8.159504042999999873e-01 9.000759449999999606e-02 -1.178614589649999998e-04
1.413393902055760384e+09 -2.586010844500000072e+00 1.775870552999999907e-01 1.842737515999999909e+00 5.704450967999999955e-01 8.166457660000000507e-01 8.761699059999999983e-02 -2.312450226420000119e-03
1.413393902105760574e+09 -2.595657375200000061e+00 2.132505611999999939e-01 1.846161003099999975e+00 5.694860367999999839e-01 8.174355249000000434e-01 8.647785519999999504e-02 -2.529245143669999786e-03
1.413393902155760288e+09 -2.607244787600000002e+00 2.491128223000000086e-01 1.850085065800000095e+00 5.705074944000000370e-01 8.167252546000000057e-01 8.646729690000000412e-02 -2.112796046850000126e-03
1.413393902205760479e+09 -2.620622251799999969e+00 2.847134023999999819e-01 1.853802563599999953e+00 5.700179081999999786e-01 8.170344970999999790e-01 8.679091009999999329e-02 -1.246102843079999927e-03
1.413393902255760431e+09 -2.635915067100000009e+00 3.204667921000000086e-01 1.858030471800000027e+00 5.705889275000000094e-01 8.166410464000000147e-01 8.674990809999999497e-02 -3.614426568939999832e-04
1.413393902305760622e+09 -2.653277579200000069e+00 3.561785547999999912e-01 1.862016010699999891e+00 5.704668083999999695e-01 8.167207451000000340e-01 8.680331489999999761e-02 1.717930956129999935e-04
1.413393902355760336e+09 -2.672401819500000109e+00 3.920985062999999826e-01 1.864922434699999965e+00 5.706931808999999856e-01 8.165198151000000459e-01 8.719870150000000320e-02 1.035002656209999894e-03
1.413393902405760527e+09 -2.693310773999999963e+00 4.287636235000000240e-01 1.866036642499999898e+00 5.726767485999999518e-01 8.151438703000000174e-01 8.706247059999999705e-02 1.392316244260000026e-03
1.413393902455760479e+09 -2.715921250900000139e+00 4.650235872999999853e-01 1.865294839900000001e+00 5.753883823000000008e-01 8.131962259999999665e-01 8.738995519999999406e-02 1.761633605619999975e-03
1.413393902505760431e+09 -2.740331662600000051e+00 5.004463845000000077e-01 1.863523892299999929e+00 5.790832889000000483e-01 8.105938930999999625e-01 8.716291619999999574e-02 1.646525753189999981e-03
1.413393902555760384e+09 -2.766740730400000015e+00 5.351669758000000554e-01 1.861741920200000067e+00 5.800297963999999640e-01 8.099510082999999971e-01 8.684794530000000679e-02 1.494587872789999907e-03
1.413393902605760574e+09 -2.795267844800000123e+00 5.692072224999999985e-01 1.862059062099999940e+00 5.798577324000000477e-01 8.101129382999999740e-01 8.649324549999999612e-02 9.777180397359998970e-04
1.413393902655760288e+09 -2.825700289199999826e+00 6.028213261000000545e-01 1.864790688500000071e+00 5.786198350000000268e-01 8.110430923000000458e-01 8.606313070000000398e-02 1.151754966780000082e-03
1.413393902705760479e+09 -2.858290776600000083e+00 6.365876048999999925e-01 1.871554986100000040e+00 5.778405985000000245e-01 8.116366072999999792e-01 8.570091550000000225e-02 1.270264616730000084e-03
1.413393902755760431e+09 -2.892775231399999925e+00 6.689932889999999910e-01 1.881288987300000048e+00 5.762891668999999828e-01 8.128336837999999842e-01 8.480676060000000294e-02 1.097213619030000016e-04
1.413393902805760622e+09 -2.929525533900000145e+00 7.012396637000000155e-01 1.894416784999999992e+00 5.725325619000000144e-01 8.159238843999999657e-01 8.029547789999999519e-02 -5.226523248040000277e-03
1.413393902855760336e+09 -2.968060160199999853e+00 7.334100016000000277e-01 1.909950293899999929e+00 5.677689243000000330e-01 8.197363612000000410e-01 7.410259939999999657e-02 -1.339968120600000014e-02
1.413393902905760527e+09 -3.007812575800000054e+00 7.658841231999999888e-01 1.926317733899999940e+00 5.591687850000000015e-01 8.260768336999999573e-01 6.597467479999999385e-02 -2.397241998069999866e-02
1.413393902955760479e+09 -3.047525020700000198e+00 7.993862443999999456e-01 1.942759705500000100e+00 5.502669007999999584e-01 8.322749298999999601e-01 5.860880370000000339e-02 -3.301192341129999958e-02
1.413393903005760431e+09 -3.086756007500000010e+00 8.344578409999999780e-01 1.959375436700000028e+00 5.429000484999999543e-01 8.371739611999999831e-01 5.170400509999999866e-02 -4.154505925980000319e-02
1.413393903055760384e+09 -3.124916850600000018e+00 8.717461378999999955e-01 1.976409268700000110e+00 5.385883057000000473e-01 8.399424988999999453e-01 4.587444820000000090e-02 -4.811206210659999677e-02
1.413393903105760574e+09 -3.161399690700000153e+00 9.115723663000000476e-01 1.993576088099999977e+00 5.390163176000000167e-01 8.397040615999999957e-01 4.465058980000000122e-02 -4.862944734780000333e-02
1.413393903155760288e+09 -3.196487647800000165e+00 9.537014683000000215e-01 2.011178909099999856e+00 5.448501238999999829e-01 8.359862238999999917e-01 4.541660069999999688e-02 -4.693301846249999659e-02
1.413393903205760479e+09 -3.230145977499999876e+00 9.975536444000000502e-01 2.028108199000000056e+00 5.510142549000000001e-01 8.320406680999999915e-01 4.749894600000000022e-02 -4.284235691109999911e-02
1.413393903255760431e+09 -3.262656430199999846e+00 1.043128912500000061e+00 2.044400018999999791e+00 5.573593920999999618e-01 8.279795632999999988e-01 4.852938569999999674e-02 -3.801643694830000170e-02
1.413393903305760622e+09 -3.293965497999999936e+00 1.089852961100000073e+00 2.059840059699999948e+00 5.630546412000000389e-01 8.244067469000000425e-01 4.787457650000000176e-02 -3.210936921839999819e-02
1.413393903355760336e+09 -3.324186511599999783e+00 1.137357164800000042e+00 2.073270739199999824e+00 5.662401296000000306e-01 8.226560939999999489e-01 4.474349059999999795e-02 -2.463912935560000003e-02
1.413393903405760527e+09 -3.353444007299999807e+00 1.185924077999999993e+00 2.084098015799999981e+00 5.694584861999999470e-01 8.210083373000000018e-01 3.697984420000000050e-02 -1.717072495480000127e-02
1.413393903455760479e+09 -3.381925572200000119e+00 1.234601423900000050e+00 2.090424233899999873e+00 5.716702752000000221e-01 8.200227501000000307e-01 2.542660680000000117e-02 -1.045339629449999926e-02
1.413393903505760431e+09 -3.409723930100000189e+00 1.283390883300000063e+00 2.091723615799999880e+00 5.736650773999999453e-01 8.190070864999999811e-01 1.066063400000000043e-02 -4.703409286090000190e-03
1.413393903555760384e+09 -3.436831536300000156e+00 1.331551605100000035e+00 2.087589583300000218e+00 5.764088698999999538e-01 8.171425856999999793e-01 -5.453601199999999830e-03 1.033248184929999982e-03
1.413393903605760574e+09 -3.463298035000000219e+00 1.379524065700000079e+00 2.082270075099999840e+00 5.826415483000000339e-01 8.124011745000000451e-01 -2.257280680000000109e-02 4.860687867050000194e-03
1.413393903655760288e+09 -3.488560661599999779e+00 1.426405092099999994e+00 2.076968087600000068e+00 5.896628604000000440e-01 8.066387613000000067e-01 -3.945163050000000116e-02 8.671140904499999996e-03
1.413393903705760479e+09 -3.512447806299999975e+00 1.471938474999999968e+00 2.071559639599999780e+00 5.943019698999999489e-01 8.022216621000000103e-01 -5.567992060000000187e-02 1.205487271879999989e-02
1.413393903755760431e+09 -3.534413452799999966e+00 1.516230217399999969e+00 2.066943423800000179e+00 5.981111868999999803e-01 7.981320970999999931e-01 -7.067410309999999640e-02 1.591649390539999834e-02
1.413393903805760622e+09 -3.554661314800000138e+00 1.558558374099999977e+00 2.062969998199999822e+00 5.982386480000000395e-01 7.966723416000000002e-01 -8.420288350000000588e-02 1.826402531560000070e-02
1.413393903855760336e+09 -3.572949812500000100e+00 1.598798165000000049e+00 2.059858847600000153e+00 5.963223119999999655e-01 7.966019570000000272e-01 -9.750347249999999355e-02 1.783522222950000014e-02
1.413393903905760527e+09 -3.588866868199999782e+00 1.637163215499999991e+00 2.057900573800000021e+00 5.937681714000000444e-01 7.969907555999999893e-01 -1.094606151999999999e-01 1.623169309650000086e-02
1.413393903955760479e+09 -3.601903372399999803e+00 1.673671756100000074e+00 2.057516794200000110e+00 5.919071082000000317e-01 7.969156442999999479e-01 -1.198277038999999988e-01 1.458603995339999987e-02
1.413393904005760431e+09 -3.611688768000000049e+00 1.708360844900000064e+00 2.058437706799999933e+00 5.908367408000000376e-01 7.965352213999999931e-01 -1.274144825000000092e-01 1.446155099550000024e-02
1.413393904055760384e+09 -3.618136382299999898e+00 1.741224246800000097e+00 2.058559280999999963e+00 5.885455069999999678e-01 7.974557238999999687e-01 -1.320347231000000010e-01 1.566481980550000000e-02
1.413393904105760574e+09 -3.621184302300000102e+00 1.772343966100000001e+00 2.056627345999999967e+00 5.881882041999999533e-01 7.973449746999999865e-01 -1.337307281000000014e-01 1.979192142869999962e-02
1.413393904155760288e+09 -3.621236694799999878e+00 1.801528842700000022e+00 2.051925185400000018e+00 5.855286914999999759e-01 7.993429695999999529e-01 -1.324790882000000114e-01 2.561756293450000166e-02
1.413393904205760479e+09 -3.618613757199999892e+00 1.828944632700000072e+00 2.045233388599999813e+00 5.825727694000000234e-01 8.016339480999999934e-01 -1.303306394000000035e-01 3.171602227099999671e-02
1.413393904255760431e+09 -3.613336357000000110e+00 1.854780730799999944e+00 2.038712841899999795e+00 5.794121401999999810e-01 8.040999542000000222e-01 -1.276917813000000013e-01 3.741182189699999994e-02
1.413393904305760622e+09 -3.605233441799999827e+00 1.879520624900000048e+00 2.036222832400000016e+00 5.786353298999999950e-01 8.048231512000000309e-01 -1.249787703999999944e-01 4.267501888459999948e-02
1.413393904355760336e+09 -3.594683265000000016e+00 1.903233986800000110e+00 2.038163769300000094e+00 5.789783325999999786e-01 8.046548497000000078e-01 -1.234514186000000013e-01 4.554569540009999890e-02
1.413393904405760527e+09 -3.581491665799999780e+00 1.925461640700000032e+00 2.044415203899999867e+00 5.786944768999999766e-01 8.046957654999999932e-01 -1.235762053000000055e-01 4.802446034769999872e-02
1.413393904455760479e+09 -3.565478196299999958e+00 1.947887053999999951e+00 2.054767963599999803e+00 5.784862924000000461e-01 8.043788555999999978e-01 -1.253901300999999968e-01 5.104489669009999731e-02
1.413393904505760431e+09 -3.546716422799999879e+00 1.970716432799999973e+00 2.070155794700000218e+00 5.782920042000000427e-01 8.038291845999999685e-01 -1.280382885000000137e-01 5.516517467209999803e-02
1.413393904555760384e+09 -3.525223691599999931e+00 1.992753414000000056e+00 2.087919434599999846e+00 5.776851500999999889e-01 8.032756558000000435e-01 -1.304488305000000015e-01 6.333396190789999936e-02
1.413393904605760574e+09 -3.501688175800000025e+00 2.013218537599999802e+00 2.103679691399999996e+00 5.705794574000000452e-01 8.070333485999999779e-01 -1.310308483000000024e-01 7.724748479580000049e-02
1.413393904655760288e+09 -3.476707343500000214e+00 2.033019749700000212e+00 2.116822963100000177e+00 5.584417126999999814e-01 8.136625253000000502e-01 -1.310774607999999897e-01 9.441847188499999377e-02
1.413393904705760479e+09 -3.451295542900000068e+00 2.052502950000000048e+00 2.127592136400000111e+00 5.449847679999999528e-01 8.203311690000000267e-01 -1.346442267000000081e-01 1.091755839670000006e-01
1.413393904755760431e+09 -3.425699188199999856e+00 2.072528387699999808e+00 2.135780499100000007e+00 5.315578988000000393e-01 8.261663736000000036e-01 -1.399016835999999930e-01 1.237854692130000017e-01
1.413393904805760622e+09 -3.400360462100000092e+00 2.094357638199999982e+00 2.142841799999999797e+00 5.208576418000000485e-01 8.297565404000000200e-01 -1.470200633000000034e-01 1.363689906389999873e-01
1.413393904855760336e+09 -3.375323148100000115e+00 2.118554113800000138e+00 2.148670924100000157e+00 5.132769244999999536e-01 8.308959558999999828e-01 -1.549704714000000039e-01 1.488047789680000121e-01
1.413393904905760527e+09 -3.350945417800000214e+00 2.145697464900000018e+00 2.153503804900000151e+00 5.105797158999999530e-01 8.287188516000000282e-01 -1.640314012000000099e-01 1.600847217889999896e-01
1.413393904955760479e+09 -3.326720601399999921e+00 2.176152928800000108e+00 2.157672704199999902e+00 5.143724012999999484e-01 8.220554122000000019e-01 -1.729363966999999946e-01 1.724498037539999862e-01
1.413393905005760431e+09 -3.303043669900000090e+00 2.209879876200000037e+00 2.160602039500000071e+00 5.221899113000000314e-01 8.123542676999999657e-01 -1.831590627999999943e-01 1.839864069970000016e-01
1.413393905055760384e+09 -3.280473302799999935e+00 2.245708883499999864e+00 2.161345451199999879e+00 5.296042069999999935e-01 8.024737427000000478e-01 -1.933830508999999920e-01 1.953414238650000023e-01
1.413393905105760574e+09 -3.259403557500000215e+00 2.282243621400000144e+00 2.158988782599999823e+00 5.349077562999999813e-01 7.935806435000000159e-01 -2.044462944999999865e-01 2.056821994049999880e-01
1.413393905155760288e+09 -3.239986753999999802e+00 2.319090139700000108e+00 2.152952810499999980e+00 5.388294503999999652e-01 7.851707224999999735e-01 -2.169195248000000131e-01 2.147456160919999912e-01
1.413393905205760479e+09 -3.222367918899999850e+00 2.356405096400000065e+00 2.143459204700000065e+00 5.414506014000000089e-01 7.775781527999999776e-01 -2.311195037999999868e-01 2.208783318920000127e-01
1.413393905255760431e+09 -3.206288047400000174e+00 2.394016601500000174e+00 2.131686605500000109e+00 5.429670205000000083e-01 7.703770422000000284e-01 -2.458437458999999936e-01 2.264219069760000091e-01
1.413393905305760622e+09 -3.191779430500000014e+00 2.431606008600000202e+00 2.118873556200000063e+00 5.436038483999999782e-01 7.634057929999999992e-01 -2.615116641999999936e-01 2.309071255700000103e-01
1.413393905355760336e+09 -3.178722318600000207e+00 2.468969347499999856e+00 2.106440069400000059e+00 5.428899835999999590e-01 7.572005212000000318e-01 -2.767972624000000215e-01 2.351618844599999980e-01
1.413393905405760527e+09 -3.166808706899999937e+00 2.505880143699999785e+00 2.094323326200000057e+00 5.408319391999999448e-01 7.517870000999999913e-01 -2.908508993000000209e-01 2.402558519419999983e-01
1.413393905455760479e+09 -3.155754244200000169e+00 2.542372561200000103e+00 2.083371999100000149e+00 5.387582268999999702e-01 7.458964164000000396e-01 -3.049189775000000213e-01 2.457692537189999915e-01
1.413393905505760431e+09 -3.145596509100000215e+00 2.578026601799999984e+00 2.073365729999999907e+00 5.353555250999999515e-01 7.406722619000000174e-01 -3.188231219000000061e-01 2.512983867069999988e-01
1.413393905555760384e+09 -3.136406430900000153e+00 2.612764041999999787e+00 2.064275782300000195e+00 5.320035953999999734e-01 7.350505160000000426e-01 -3.349002497999999939e-01 2.539975119349999755e-01
1.413393905605760574e+09 -3.127680465700000134e+00 2.646363051399999833e+00 2.055603045599999845e+00 5.277859319000000049e-01 7.294607200999999597e-01 -3.525780609999999982e-01 2.549858401530000207e-01
1.413393905655760288e+09 -3.118830868199999884e+00 2.678648183399999994e+00 2.047838403400000118e+00 5.243830181999999951e-01 7.229204293000000003e-01 -3.695479354999999799e-01 2.565985706269999778e-01
1.413393905705760479e+09 -3.109648350000000061e+00 2.709256092099999957e+00 2.041171784699999936e+00 5.220851866000000285e-01 7.152495174999999872e-01 -3.859528232000000170e-01 2.586225124379999962e-01
1.413393905755760431e+09 -3.099731537099999823e+00 2.737835635500000198e+00 2.035874475800000027e+00 5.208358190999999859e-01 7.062891086000000485e-01 -4.021145421000000275e-01 2.611314604050000154e-01
1.413393905805760622e+09 -3.089309852199999984e+00 2.764269624000000203e+00 2.031437461699999947e+00 5.187299630999999689e-01 6.980534668000000220e-01 -4.183391211999999970e-01 2.619789354900000089e-01
1.413393905855760336e+09 -3.078103118500000068e+00 2.788095722100000007e+00 2.027453297300000123e+00 5.139241300000000345e-01 6.917386697999999834e-01 -4.356918007999999731e-01 2.599081686479999820e-01
1.413393905905760527e+09 -3.065205796899999946e+00 2.809162572199999985e+00 2.023834138499999824e+00 5.063836261999999921e-01 6.874031447999999767e-01 -4.523189868999999974e-01 2.577985137709999930e-01
1.413393905955760479e+09 -3.050203880899999831e+00 2.827148857200000087e+00 2.020807430200000088e+00 4.967053048000000248e-01 6.847264054999999683e-01 -4.674994860000000196e-01 2.566667498369999967e-01
1.413393906005760431e+09 -3.032077290900000222e+00 2.842117619700000208e+00 2.019305665200000099e+00 4.877978151999999845e-01 6.814757607000000439e-01 -4.801970415999999853e-01 2.589495707650000256e-01
1.413393906055760384e+09 -3.010023793099999789e+00 2.853884689900000105e+00 2.018882162200000163e+00 4.763299045000000120e-01 6.809713707000000227e-01 -4.871890043000000059e-01 2.683927877989999988e-01
1.413393906105760574e+09 -2.984898941199999989e+00 2.862708153299999836e+00 2.019094372800000148e+00 4.654024326999999794e-01 6.806005752999999547e-01 -4.894416853999999928e-01 2.839546954700000181e-01
1.413393906155760288e+09 -2.957222453299999998e+00 2.869787161800000153e+00 2.019288854200000038e+00 4.577292334999999990e-01 6.783919461999999845e-01 -4.892378937999999899e-01 3.015204790550000125e-01
1.413393906205760479e+09 -2.927720781000000105e+00 2.875784644099999898e+00 2.017803320100000075e+00 4.522189990000000104e-01 6.748352785000000242e-01 -4.865486957999999862e-01 3.215053505650000143e-01
1.413393906255760431e+09 -2.897084142599999801e+00 2.881460681700000137e+00 2.014808155599999928e+00 4.499486583999999789e-01 6.692441084000000373e-01 -4.831994687999999760e-01 3.408471821119999912e-01
1.413393906305760622e+09 -2.865211561699999798e+00 2.887501413899999925e+00 2.009869156500000198e+00 4.484837951999999794e-01 6.633161659999999848e-01 -4.804703878000000095e-01 3.578018386910000181e-01
1.413393906355760336e+09 -2.833095460400000043e+00 2.894024932999999855e+00 2.002043525399999968e+00 4.466190510999999974e-01 6.578885260000000290e-01 -4.795143955000000235e-01 3.711873585089999761e-01
1.413393906405760527e+09 -2.801780011900000034e+00 2.901256175899999956e+00 1.991583671599999938e+00 4.448543514000000143e-01 6.529690949999999994e-01 -4.809506567999999871e-01 3.800295155619999865e-01
1.413393906455760479e+09 -2.772268324700000175e+00 2.908935478200000091e+00 1.978378407799999961e+00 4.442533583000000119e-01 6.474310529000000258e-01 -4.827443791000000095e-01 3.878528714619999818e-01
1.413393906505760431e+09 -2.744009338800000197e+00 2.917215834599999891e+00 1.961816020199999899e+00 4.432887019999999789e-01 6.418723624000000072e-01 -4.868449389000000238e-01 3.930356249420000059e-01
1.413393906555760384e+09 -2.716423956099999870e+00 2.926525944199999785e+00 1.942705597900000081e+00 4.438812442999999774e-01 6.356484678999999582e-01 -4.920927446999999733e-01 3.959358493519999911e-01
1.413393906605760574e+09 -2.690048639100000027e+00 2.936282444999999797e+00 1.920823988300000007e+00 4.454615557000000114e-01 6.285733114999999538e-01 -4.995905029000000108e-01 3.960668173829999805e-01
1.413393906655760288e+09 -2.664950397000000137e+00 2.946064295099999786e+00 1.897196109400000053e+00 4.482862800999999897e-01 6.202002408000000244e-01 -5.084769888000000293e-01 3.947685704919999816e-01
1.413393906705760479e+09 -2.641165419100000022e+00 2.956055609499999903e+00 1.873291525800000024e+00 4.528102009000000150e-01 6.117003383000000349e-01 -5.189860045999999949e-01 3.891518279460000063e-01
1.413393906755760431e+09 -2.618647085000000096e+00 2.965217646500000193e+00 1.850228826399999971e+00 4.582171268999999936e-01 6.034627699000000289e-01 -5.283883448999999732e-01 3.829823845399999982e-01
1.413393906805760622e+09 -2.596980846100000129e+00 2.972759839700000128e+00 1.828221447600000049e+00 4.642624598000000269e-01 5.952392358000000439e-01 -5.351965789999999501e-01 3.790979324050000043e-01
1.413393906855760336e+09 -2.576463790900000106e+00 2.977721604300000102e+00 1.806701824299999926e+00 4.671788144999999837e-01 5.897480425000000137e-01 -5.388931112999999495e-01 3.788606819109999746e-01
1.413393906905760527e+09 -2.557236876999999797e+00 2.980199951099999911e+00 1.785499224500000093e+00 4.695758226000000257e-01 5.856147547000000175e-01 -5.399635212000000184e-01 3.807798598400000123e-01
1.413393906955760479e+09 -2.539146523599999927e+00 2.980171797800000189e+00 1.764668805099999904e+00 4.709602733000000097e-01 5.826265713999999596e-01 -5.398454854999999997e-01 3.838092639749999813e-01
1.413393907005760431e+09 -2.522442990500000093e+00 2.977771493100000111e+00 1.744074583800000022e+00 4.706792046000000118e-01 5.816876648000000039e-01 -5.389268162000000473e-01 3.868571230969999886e-01
1.413393907055760384e+09 -2.507596088400000145e+00 2.972621730200000201e+00 1.722681373199999921e+00 4.642873143999999841e-01 5.858211322999999915e-01 -5.350854874999999566e-01 3.936170876199999724e-01
1.413393907105760574e+09 -2.494601319400000072e+00 2.965590944600000167e+00 1.701222314000000013e+00 4.568456023999999949e-01 5.907847178999999782e-01 -5.311610291999999678e-01 4.001668074299999933e-01
1.413393907155760288e+09 -2.483407988999999816e+00 2.957154657899999872e+00 1.680267338299999968e+00 4.491933566999999905e-01 5.959692863000000118e-01 -5.281329605000000260e-01 4.051191357239999902e-01
1.413393907205760479e+09 -2.473545926799999961e+00 2.947671102500000195e+00 1.659778856800000035e+00 4.407335169000000108e-01 6.014219848999999840e-01 -5.239503060000000323e-01 4.117300570640000101e-01
1.413393907255760431e+09 -2.465040083599999932e+00 2.937777123800000112e+00 1.639898035999999948e+00 4.300620729999999892e-01 6.083962899000000535e-01 -5.176638344999999752e-01 4.206242054350000092e-01
1.413393907305760622e+09 -2.458210519700000152e+00 2.928207523399999790e+00 1.619903670100000026e+00 4.172186977999999824e-01 6.165066600999999924e-01 -5.099882814999999736e-01 4.309988968280000221e-01
1.413393907355760336e+09 -2.452755621300000133e+00 2.920341474399999804e+00 1.601299633800000066e+00 4.057980346000000238e-01 6.231931942999999752e-01 -5.020039409000000008e-01 4.415316987510000124e-01
1.413393907405760527e+09 -2.449245803600000215e+00 2.915490940499999795e+00 1.584305967499999968e+00 3.976737599999999873e-01 6.274044584000000313e-01 -4.995354350000000276e-01 4.457393581560000206e-01
1.413393907455760479e+09 -2.447174965799999935e+00 2.915304265000000061e+00 1.571049639299999967e+00 3.976211883999999919e-01 6.274077300999999496e-01 -5.031997948999999970e-01 4.416411407879999862e-01
1.413393907505760431e+09 -2.447311415100000165e+00 2.918713399700000100e+00 1.561883098700000083e+00 4.013627477000000221e-01 6.252231253000000155e-01 -5.085256771999999703e-01 4.352075642550000123e-01
1.413393907555760384e+09 -2.447682503699999845e+00 2.925665702899999943e+00 1.558573982700000027e+00 4.105817171000000210e-01 6.192762013000000509e-01 -5.172469916999999917e-01 4.247060037279999922e-01
1.413393907605760574e+09 -2.448609032899999871e+00 2.934053594299999901e+00 1.559188905599999897e+00 4.184507014000000136e-01 6.143449314000000161e-01 -5.224235279000000176e-01 4.177953724660000145e-01
1.413393907655760288e+09 -2.450269229499999923e+00 2.942840190800000144e+00 1.559298064899999892e+00 4.231995893000000120e-01 6.111631054999999701e-01 -5.276113506999999814e-01 4.111058606770000012e-01
1.413393907705760479e+09 -2.452877444199999868e+00 2.951578946000000148e+00 1.557347942600000090e+00 4.251566735000000263e-01 6.098369439999999919e-01 -5.322499304000000153e-01 4.050317473439999927e-01
1.413393907755760431e+09 -2.455338282500000080e+00 2.960119100300000028e+00 1.552195622900000016e+00 4.262452178999999730e-01 6.091678963000000113e-01 -5.351644531000000482e-01 4.010342834160000036e-01
1.413393907805760622e+09 -2.457898995199999881e+00 2.968145596399999864e+00 1.542718659499999978e+00 4.286252304000000013e-01 6.074584711999999609e-01 -5.361813765999999815e-01 3.997300952089999915e-01
1.413393907855760336e+09 -2.460905078000000135e+00 2.975543944300000021e+00 1.527680058400000096e+00 4.310599178000000253e-01 6.053773784999999519e-01 -5.366771393999999473e-01 3.996038349079999996e-01
1.413393907905760527e+09 -2.464069418599999839e+00 2.982370605399999874e+00 1.507234079000000060e+00 4.346619051000000233e-01 6.027914881999999475e-01 -5.361668642000000373e-01 4.002955703859999992e-01
1.413393907955760479e+09 -2.467613530800000010e+00 2.988048504400000027e+00 1.481277404000000075e+00 4.353129589999999993e-01 6.020002024999999701e-01 -5.337729463999999480e-01 4.039614158900000085e-01
1.413393908005760431e+09 -2.471994744699999913e+00 2.992830949400000051e+00 1.452496226699999893e+00 4.347085891999999951e-01 6.017058527999999962e-01 -5.315117297000000463e-01 4.080119978760000099e-01
1.413393908055760384e+09 -2.477000051100000100e+00 2.997252450900000031e+00 1.424847613400000101e+00 4.328571170000000135e-01 6.025481254000000231e-01 -5.288177093000000495e-01 4.122163305509999875e-01
1.413393908105760574e+09 -2.483934078599999928e+00 3.001486639299999926e+00 1.398835895299999965e+00 4.293243203000000063e-01 6.044623394000000483e-01 -5.283649701999999504e-01 4.136863141530000010e-01
1.413393908155760288e+09 -2.492378808199999796e+00 3.005822811399999850e+00 1.374913421000000024e+00 4.244402246000000267e-01 6.073738761000000430e-01 -5.299794825000000431e-01 4.123944937560000135e-01
1.413393908205760479e+09 -2.501743666999999949e+00 3.010342810100000044e+00 1.355017429499999926e+00 4.202275705999999889e-01 6.098092388000000419e-01 -5.305724927999999618e-01 4.123521687719999829e-01
1.413393908255760431e+09 -2.511617352000000025e+00 3.015403517499999797e+00 1.339477447900000007e+00 4.188098518000000214e-01 6.103958760000000039e-01 -5.311473601999999739e-01 4.121864438230000149e-01
1.413393908305760622e+09 -2.522581681600000181e+00 3.020996126800000070e+00 1.327167934800000060e+00 4.208050925999999858e-01 6.087542675999999542e-01 -5.293459152999999695e-01 4.148906092469999973e-01
1.413393908355760336e+09 -2.533743927200000190e+00 3.027087530899999823e+00 1.317451220499999964e+00 4.266708607999999958e-01 6.041855889999999674e-01 -5.266770071999999914e-01 4.189547477189999869e-01
1.413393908405760527e+09 -2.546359999799999940e+00 3.033464143499999821e+00 1.307189851199999975e+00 4.287963101000000221e-01 6.022824476000000482e-01 -5.260205230000000176e-01 4.203474599329999895e-01
1.413393908455760479e+09 -2.560204509500000114e+00 3.040247130600000069e+00 1.296956971099999967e+00 4.291560070000000060e-01 6.015841046000000025e-01 -5.273953523000000088e-01 4.192562809440000260e-01
1.413393908505760431e+09 -2.575055805399999898e+00 3.047079957199999800e+00 1.286598652099999907e+00 4.275867568999999757e-01 6.021142174000000402e-01 -5.297678440999999960e-01 4.171019850250000105e-01
1.413393908555760384e+09 -2.590994675500000177e+00 3.053858124000000007e+00 1.276118719799999912e+00 4.245808602999999737e-01 6.036050338999999765e-01 -5.320384966000000215e-01 4.151229868860000227e-01
1.413393908605760574e+09 -2.607975668599999963e+00 3.061002252799999823e+00 1.266294712199999895e+00 4.234720933000000187e-01 6.037824636999999939e-01 -5.358455534999999603e-01 4.110810935779999897e-01
1.413393908655760288e+09 -2.625733404300000018e+00 3.068185587099999889e+00 1.256556771999999933e+00 4.228356258000000034e-01 6.034337360999999511e-01 -5.412072422999999466e-01 4.051820339450000197e-01
1.413393908705760479e+09 -2.643974686700000021e+00 3.075650161300000018e+00 1.248836257900000080e+00 4.305251796999999825e-01 5.972068507000000137e-01 -5.511376178000000348e-01 3.927332088339999805e-01
1.413393908755760431e+09 -2.662153554400000122e+00 3.081950890799999954e+00 1.242733477800000097e+00 4.408420869999999936e-01 5.888580862000000193e-01 -5.600092490000000423e-01 3.811745658740000042e-01
1.413393908805760622e+09 -2.680337807199999922e+00 3.085679688299999945e+00 1.238931297499999973e+00 4.515427135000000258e-01 5.798412925000000495e-01 -5.653945071999999517e-01 3.744626878930000236e-01
1.413393908855760336e+09 -2.697842584400000021e+00 3.085535640699999860e+00 1.239696028700000063e+00 4.601643358999999989e-01 5.724626082999999532e-01 -5.651638034000000532e-01 3.756663697620000186e-01
1.413393908905760527e+09 -2.716449634299999971e+00 3.080986922800000194e+00 1.243508841699999978e+00 4.609077788000000009e-01 5.711764835000000540e-01 -5.596425350999999493e-01 3.848657909500000085e-01
1.413393908955760479e+09 -2.734875946999999918e+00 3.072844816699999981e+00 1.248638293499999996e+00 4.525255366000000001e-01 5.769457933999999621e-01 -5.526548426999999819e-01 3.961398931439999993e-01
1.413393909005760431e+09 -2.754672602799999925e+00 3.062435673800000036e+00 1.256260723900000098e+00 4.419821717999999899e-01 5.839802231999999815e-01 -5.478228202999999574e-01 4.043624812969999760e-01
1.413393909055760384e+09 -2.775508071299999990e+00 3.050623191000000123e+00 1.266314955599999958e+00 4.307076275000000232e-01 5.910051881000000229e-01 -5.434309800000000079e-01 4.121729943399999874e-01
1.413393909105760574e+09 -2.797829288500000011e+00 3.038465144299999920e+00 1.277919043200000049e+00 4.212763323000000004e-01 5.964314791000000504e-01 -5.409565804999999505e-01 4.173268750399999893e-01
1.413393909155760288e+09 -2.820997754400000002e+00 3.026658408499999897e+00 1.290772640299999940e+00 4.142347943999999949e-01 5.999389641000000273e-01 -5.394306183999999504e-01 4.213043820860000177e-01
1.413393909205760479e+09 -2.844692585000000218e+00 3.015574083999999822e+00 1.303584315499999979e+00 4.096111208000000059e-01 6.015256063999999681e-01 -5.388644822999999473e-01 4.242767308570000173e-01
1.413393909255760431e+09 -2.869223701100000135e+00 3.005504815000000107e+00 1.314689376600000070e+00 4.079818921000000209e-01 6.011428707999999510e-01 -5.382876307999999721e-01 4.271117549049999740e-01
1.413393909305760622e+09 -2.894772406099999973e+00 2.996187315999999878e+00 1.323398903700000018e+00 4.061071909000000257e-01 6.008219912000000162e-01 -5.375622984000000271e-01 4.302518561759999804e-01
1.413393909355760336e+09 -2.920490338600000069e+00 2.987817624399999872e+00 1.329382916899999989e+00 4.042371508000000002e-01 6.005165692999999694e-01 -5.374360444000000347e-01 4.325906543079999778e-01
1.413393909405760527e+09 -2.946858164800000068e+00 2.980468940000000178e+00 1.332624702099999947e+00 4.025490580000000151e-01 6.000552612999999758e-01 -5.381807349999999657e-01 4.338772128350000257e-01
1.413393909455760479e+09 -2.974014541899999919e+00 2.974309758600000020e+00 1.332942483999999927e+00 4.013093279000000124e-01 5.995939145999999997e-01 -5.395050821000000330e-01 4.340186946510000143e-01
1.413393909505760431e+09 -3.001917741699999809e+00 2.969329177900000172e+00 1.330905944399999985e+00 4.007523541999999939e-01 5.988849750000000416e-01 -5.408877631999999824e-01 4.337911536369999932e-01
1.413393909555760384e+09 -3.030745094599999856e+00 2.965302663000000116e+00 1.325420350099999922e+00 3.984622270000000022e-01 5.994666991999999528e-01 -5.432207560999999796e-01 4.321790605179999800e-01
1.413393909605760574e+09 -3.060336025399999826e+00 2.962137284599999809e+00 1.316424557800000006e+00 3.938705686000000261e-01 6.013696379999999841e-01 -5.469771244000000143e-01 4.289948240129999868e-01
1.413393909655760288e+09 -3.089991905699999819e+00 2.959878567500000113e+00 1.304220561499999986e+00 3.868232793999999974e-01 6.046468340999999747e-01 -5.521705676999999479e-01 4.241198187419999988e-01
1.413393909705760479e+09 -3.119063248899999863e+00 2.958500393100000014e+00 1.290061161499999942e+00 3.788869653999999976e-01 6.079888726000000077e-01 -5.579626470999999865e-01 4.188936412570000156e-01
1.413393909755760431e+09 -3.146939293199999987e+00 2.958299256200000116e+00 1.274113115300000043e+00 3.701957743000000023e-01 6.114869331000000185e-01 -5.640154454000000372e-01 4.134312477709999878e-01
1.413393909805760622e+09 -3.173245465299999957e+00 2.959483625799999906e+00 1.256646791199999891e+00 3.636557483999999785e-01 6.133003395999999663e-01 -5.694669078999999856e-01 4.090533350669999790e-01
1.413393909855760336e+09 -3.197207775799999929e+00 2.961692964800000105e+00 1.237322274100000064e+00 3.572153062999999795e-01 6.150195335000000485e-01 -5.741379331999999502e-01 4.056030474489999982e-01
1.413393909905760527e+09 -3.218770752799999801e+00 2.965021440000000119e+00 1.216014764300000106e+00 3.510029340999999969e-01 6.163072185000000314e-01 -5.789412977000000238e-01 4.022304396149999905e-01
1.413393909955760479e+09 -3.237624994699999981e+00 2.969629406000000138e+00 1.193012340399999927e+00 3.460496660999999863e-01 6.169409734999999895e-01 -5.827457495000000209e-01 4.000510657610000242e-01
1.413393910005760431e+09 -3.253852234300000035e+00 2.975555268299999945e+00 1.168878290899999950e+00 3.413366173999999864e-01 6.174594483999999994e-01 -5.862925779000000004e-01 3.981132455140000137e-01
1.413393910055760384e+09 -3.266603312500000023e+00 2.983124396200000028e+00 1.145526160900000034e+00 3.369322854999999839e-01 6.180689154999999824e-01 -5.897775505000000251e-01 3.957649448819999805e-01
1.413393910105760574e+09 -3.275341168000000192e+00 2.992594234899999872e+00 1.125446042399999902e+00 3.343920771000000181e-01 6.172450435999999874e-01 -5.938456568000000102e-01 3.931130000390000157e-01
1.413393910155760288e+09 -3.279731079199999844e+00 3.003579323199999873e+00 1.109169962199999970e+00 3.319162170000000134e-01 6.162985806999999872e-01 -5.984497492999999446e-01 3.896993479520000081e-01
1.413393910205760479e+09 -3.278930445099999869e+00 3.015814315100000087e+00 1.097221657299999986e+00 3.302486038999999929e-01 6.153884122999999651e-01 -6.014197358999999743e-01 3.879784310700000183e-01
1.413393910255760431e+09 -3.273316096899999916e+00 3.029089643199999848e+00 1.089503573500000044e+00 3.276707991999999736e-01 6.153126621000000185e-01 -6.041031194000000548e-01 3.861108602439999871e-01
1.413393910305760622e+09 -3.262389322299999783e+00 3.043366730199999814e+00 1.085711339700000000e+00 3.258055959000000223e-01 6.146140963999999762e-01 -6.071496974000000213e-01 3.840175400740000189e-01
1.413393910355760336e+09 -3.246104132100000150e+00 3.058793271599999919e+00 1.085395294100000019e+00 3.230696196999999770e-01 6.142912687999999566e-01 -6.128734018999999478e-01 3.777015371010000178e-01
1.413393910405760527e+09 -3.224017700100000106e+00 3.075091801600000174e+00 1.089314508600000009e+00 3.222056819999999933e-01 6.127266816999999977e-01 -6.202710665999999762e-01 3.687998317680000193e-01
1.413393910455760479e+09 -3.196910774600000060e+00 3.091619916700000026e+00 1.096346528600000036e+00 3.245511555000000214e-01 6.096365941000000399e-01 -6.271133630999999875e-01 3.601924491569999942e-01
1.413393910505760431e+09 -3.164232711399999953e+00 3.107512370499999843e+00 1.103891644199999966e+00 3.261898520000000024e-01 6.080566854000000188e-01 -6.319869474000000542e-01 3.527885288270000141e-01
1.413393910555760384e+09 -3.125830420699999834e+00 3.122218107300000156e+00 1.109898809199999947e+00 3.284483739999999874e-01 6.070390927000000048e-01 -6.347050042999999864e-01 3.475266364060000113e-01
1.413393910605760574e+09 -3.082385465799999835e+00 3.135451009000000067e+00 1.114068283399999970e+00 3.325322913000000047e-01 6.062632511000000113e-01 -6.338554821999999866e-01 3.465463508930000103e-01
1.413393910655760288e+09 -3.033822760400000096e+00 3.147282209900000183e+00 1.116036573699999979e+00 3.382330850999999972e-01 6.054176686000000140e-01 -6.304608496000000395e-01 3.486931943989999838e-01
1.413393910705760479e+09 -2.980788657899999805e+00 3.157894323999999919e+00 1.115611079800000072e+00 3.465474494999999933e-01 6.029577095999999470e-01 -6.274215859999999756e-01 3.502699231279999825e-01
1.413393910755760431e+09 -2.923706716899999947e+00 3.167118999099999943e+00 1.112696923599999943e+00 3.552373551999999934e-01 6.008377043999999501e-01 -6.226607312999999921e-01 3.536864262750000210e-01
1.413393910805760622e+09 -2.862929609800000108e+00 3.174802773800000200e+00 1.106452216199999894e+00 3.618312638000000248e-01 6.006585738999999924e-01 -6.167324020000000129e-01 3.576710199409999791e-01
1.413393910855760336e+09 -2.799018829900000060e+00 3.181333706399999794e+00 1.097566304699999939e+00 3.677741596999999918e-01 6.015620463999999945e-01 -6.099440011000000217e-01 3.617092579399999730e-01
1.413393910905760527e+09 -2.732270233699999995e+00 3.186661996199999791e+00 1.086787469599999945e+00 3.742822973000000109e-01 6.023997916000000119e-01 -6.020783776999999448e-01 3.667817881939999802e-01
1.413393910955760479e+09 -2.663097866200000219e+00 3.190896794599999975e+00 1.074254607799999928e+00 3.826808058999999762e-01 6.023842139999999734e-01 -5.918265979000000288e-01 3.747398264830000270e-01
1.413393911005760431e+09 -2.591998703299999818e+00 3.194525268300000054e+00 1.059958609399999974e+00 3.913402134999999782e-01 6.022765852999999447e-01 -5.820780400999999715e-01 3.811835612189999889e-01
1.413393911055760384e+09 -2.520111800300000038e+00 3.197713390600000150e+00 1.043433368200000100e+00 3.992370058999999971e-01 6.029092978000000214e-01 -5.728082316999999479e-01 3.860063748029999853e-01
1.413393911105760574e+09 -2.447822362000000140e+00 3.200488491100000221e+00 1.026236200100000051e+00 4.067439590999999965e-01 6.034533118999999557e-01 -5.651065084999999932e-01 3.886619174729999959e-01
1.413393911155760288e+09 -2.375514953200000168e+00 3.202725250999999940e+00 1.008735436200000057e+00 4.120403405999999991e-01 6.050425393999999679e-01 -5.590283863999999658e-01 3.894015233399999998e-01
1.413393911205760479e+09 -2.303030325900000008e+00 3.204367679499999788e+00 9.913577201000000061e-01 4.160243569000000030e-01 6.067704308000000379e-01 -5.529409556000000059e-01 3.911645158679999956e-01
1.413393911255760431e+09 -2.230770038999999816e+00 3.205322070899999876e+00 9.738231231999999737e-01 4.184336218999999968e-01 6.085200202999999641e-01 -5.484941762999999693e-01 3.921362359409999998e-01
1.413393911305760622e+09 -2.158972224499999815e+00 3.205709486299999966e+00 9.564179505000000026e-01 4.212035015000000215e-01 6.092387175000000266e-01 -5.446381637999999636e-01 3.934273326339999821e-01
1.413393911355760336e+09 -2.086850894899999975e+00 3.205816145700000064e+00 9.411744255999999753e-01 4.261258514999999858e-01 6.074209466000000113e-01 -5.383327111000000276e-01 3.995678222149999792e-01
1.413393911405760527e+09 -2.015418129700000005e+00 3.205641642799999858e+00 9.266178217999999633e-01 4.304579888000000243e-01 6.048320981999999457e-01 -5.320551081000000071e-01 4.071871986830000179e-01
1.413393911455760479e+09 -1.945616040099999999e+00 3.205485651300000072e+00 9.137761524999999940e-01 4.350556059999999836e-01 6.016214855999999500e-01 -5.258024679999999673e-01 4.151023637330000238e-01
1.413393911505760431e+09 -1.878657637999999963e+00 3.205348248600000005e+00 9.019584726999999580e-01 4.372630827999999803e-01 5.994733707999999606e-01 -5.213819646999999780e-01 4.214184629600000176e-01
1.413393911555760384e+09 -1.813861774800000104e+00 3.205523246399999859e+00 8.917377645999999825e-01 4.367949300000000257e-01 5.984525345000000218e-01 -5.189178880000000493e-01 4.263671875310000026e-01
1.413393911605760574e+09 -1.753070264700000047e+00 3.206270519599999869e+00 8.861775346000000386e-01 4.376174633000000092e-01 5.963754959000000522e-01 -5.171827753000000083e-01 4.305220094689999888e-01
1.413393911655760288e+09 -1.695001686999999979e+00 3.208029049999999938e+00 8.853797947999999529e-01 4.399280127999999901e-01 5.932271721999999858e-01 -5.148767086000000104e-01 4.352549145190000024e-01
1.413393911705760479e+09 -1.639955295900000110e+00 3.210343000599999996e+00 8.873899443999999637e-01 4.391588147000000109e-01 5.916401878999999475e-01 -5.141957028000000429e-01 4.389808684229999924e-01
1.413393911755760431e+09 -1.590657112299999953e+00 3.213384986299999913e+00 8.916190119000000358e-01 4.340348822999999800e-01 5.931452500999999655e-01 -5.186609672999999976e-01 4.367874016780000090e-01
1.413393911805760622e+09 -1.544977028099999927e+00 3.217399625600000146e+00 8.991648197999999592e-01 4.263688256000000010e-01 5.970456709999999445e-01 -5.240244802000000313e-01 4.326019364800000044e-01
1.413393911855760336e+09 -1.502687559600000000e+00 3.222391292000000185e+00 9.103543480000000354e-01 4.176848079000000102e-01 6.014393465999999799e-01 -5.310110290999999760e-01 4.264239680910000274e-01
1.413393911905760527e+09 -1.462695102399999891e+00 3.228972869500000176e+00 9.254007279000000530e-01 4.127684226000000178e-01 6.031751390999999796e-01 -5.422942431999999702e-01 4.143898341089999882e-01
1.413393911955760479e+09 -1.423918614900000046e+00 3.236556471900000176e+00 9.438136426000000023e-01 4.087869686000000224e-01 6.041252102999999929e-01 -5.565347992000000410e-01 3.977373025689999730e-01
1.413393912005760431e+09 -1.384006815000000001e+00 3.244270451499999819e+00 9.656622565000000380e-01 4.019658886999999958e-01 6.063430390999999808e-01 -5.714181621999999683e-01 3.798063020979999815e-01
1.413393912055760384e+09 -1.342645416799999936e+00 3.251297888199999875e+00 9.915422940000000462e-01 3.935862956999999773e-01 6.091307689999999608e-01 -5.850328685000000251e-01 3.630235211039999910e-01
1.413393912105760574e+09 -1.298366951900000066e+00 3.257077649799999808e+00 1.020865415000000054e+00 3.863987205000000147e-01 6.111161291000000162e-01 -5.949812714000000113e-01 3.510418668490000171e-01
1.413393912155760288e+09 -1.250984028199999987e+00 3.261286429400000131e+00 1.051235522500000075e+00 3.792499981999999936e-01 6.126830525999999999e-01 -6.034166356000000286e-01 3.415805613239999983e-01
1.413393912205760479e+09 -1.199934383200000010e+00 3.263741208299999919e+00 1.081976763399999930e+00 3.730964771999999985e-01 6.139933813000000296e-01 -6.095029162999999750e-01 3.351377946820000009e-01
1.413393912255760431e+09 -1.144507996700000030e+00 3.264363114500000052e+00 1.112956818700000072e+00 3.683011756999999831e-01 6.148718681000000519e-01 -6.132785399000000304e-01 3.319280980389999747e-01
1.413393912305760622e+09 -1.084370211600000022e+00 3.263295416700000118e+00 1.144288228800000029e+00 3.653979835999999759e-01 6.145545564000000072e-01 -6.161455352000000385e-01 3.304113954799999808e-01
1.413393912355760336e+09 -1.019030070399999932e+00 3.260530122800000097e+00 1.176473941400000056e+00 3.654743603999999757e-01 6.129238549000000091e-01 -6.166176549999999867e-01 3.324688067800000146e-01
1.413393912405760527e+09 -9.484890421999999655e-01 3.255971469199999913e+00 1.210169624700000002e+00 3.701087498000000253e-01 6.089998487000000127e-01 -6.144617902000000242e-01 3.384898905500000055e-01
1.413393912455760479e+09 -8.732280155999999627e-01 3.249712328299999786e+00 1.244810381800000032e+00 3.778920326999999912e-01 6.032918393999999740e-01 -6.098138375999999639e-01 3.483728629549999734e-01
1.413393912505760431e+09 -7.946894704000000420e-01 3.241913816499999879e+00 1.279350260600000011e+00 3.872828072000000232e-01 5.973257093999999601e-01 -6.030165719000000202e-01 3.599792190509999990e-01
1.413393912555760384e+09 -7.143708143000000454e-01 3.232832448099999922e+00 1.311696139799999994e+00 3.959687833000000157e-01 5.918036653999999563e-01 -5.974408123000000126e-01 3.688382030760000152e-01
1.413393912605760574e+09 -6.327969699000000059e-01 3.222315705799999819e+00 1.340796111299999982e+00 4.022753057999999826e-01 5.881168986000000487e-01 -5.923290383000000547e-01 3.760843020699999872e-01
1.413393912655760288e+09 -5.515622587999999826e-01 3.210684414000000153e+00 1.366307302400000090e+00 4.073981696000000263e-01 5.858827490000000360e-01 -5.863333165999999874e-01 3.833815039719999929e-01
1.413393912705760479e+09 -4.701217434000000139e-01 3.197974670399999830e+00 1.388406391099999970e+00 4.115885208999999767e-01 5.840406649999999589e-01 -5.804163360999999854e-01 3.906510819590000017e-01
1.413393912755760431e+09 -3.885578545000000217e-01 3.184384131599999890e+00 1.407461032999999917e+00 4.153953618999999819e-01 5.825368976999999449e-01 -5.742983341999999825e-01 3.978427823269999886e-01
1.413393912805760622e+09 -3.068738440000000067e-01 3.169621751299999790e+00 1.423273257900000033e+00 4.172019327000000000e-01 5.810601066999999675e-01 -5.694256277999999449e-01 4.050508043969999750e-01
1.413393912855760336e+09 -2.257396992000000047e-01 3.153727080299999930e+00 1.436439329299999956e+00 4.172722126000000253e-01 5.789921371999999788e-01 -5.665247559999999627e-01 4.119486698279999914e-01
1.413393912905760527e+09 -1.456392163000000128e-01 3.136943684599999838e+00 1.446267911100000081e+00 4.156283250999999734e-01 5.762012556000000174e-01 -5.661427517999999548e-01 4.180042979410000248e-01
1.413393912955760479e+09 -6.699576699999999774e-02 3.119530494700000212e+00 1.452999390400000035e+00 4.129145476000000148e-01 5.723848912000000233e-01 -5.687553896999999470e-01 4.223676354359999774e-01
1.413393913005760431e+09 1.062609550000000007e-02 3.101599763599999893e+00 1.457946736900000095e+00 4.116319037999999764e-01 5.654097214000000093e-01 -5.749688267000000463e-01 4.245961269180000275e-01
1.413393913055760384e+09 8.708566060000000331e-02 3.083078718699999943e+00 1.461200048300000054e+00 4.109447305000000217e-01 5.568162035000000509e-01 -5.829679231000000073e-01 4.257094603350000117e-01
1.413393913105760574e+09 1.620607239999999893e-01 3.063540032500000176e+00 1.462724608300000062e+00 4.112460736999999922e-01 5.458586734999999468e-01 -5.913416628000000008e-01 4.280537505099999973e-01
1.413393913155760288e+09 2.359791266000000054e-01 3.042824744299999828e+00 1.463093280700000109e+00 4.131966380000000050e-01 5.318687881000000450e-01 -5.997187605999999560e-01 4.321128773649999810e-01
1.413393913205760479e+09 3.076706891000000055e-01 3.020614028499999826e+00 1.461211076099999895e+00 4.137997409999999987e-01 5.177494668000000022e-01 -6.084018423999999481e-01 4.365231519619999778e-01
1.413393913255760431e+09 3.768570639000000111e-01 2.996694241800000214e+00 1.457506538999999934e+00 4.134564611000000056e-01 5.029353900999999905e-01 -6.187071838000000046e-01 4.396716603490000153e-01
1.413393913305760622e+09 4.432282341000000070e-01 2.970697047699999871e+00 1.451139056399999960e+00 4.098726866999999885e-01 4.891256807000000095e-01 -6.294866188000000085e-01 4.432911524759999833e-01
1.413393913355760336e+09 5.064384800000000242e-01 2.942492388799999858e+00 1.442051620900000053e+00 4.031562868999999938e-01 4.766943030999999942e-01 -6.411616813999999609e-01 4.462502077889999863e-01
1.413393913405760527e+09 5.670485456999999618e-01 2.911902508699999892e+00 1.432112970699999988e+00 3.977680298999999864e-01 4.622078043999999775e-01 -6.529226425999999917e-01 4.492622427529999740e-01
1.413393913455760479e+09 6.254101363999999830e-01 2.878213351899999939e+00 1.423595049000000001e+00 3.928017678999999873e-01 4.460292873999999741e-01 -6.642422349000000059e-01 4.533728038390000270e-01
1.413393913505760431e+09 6.808852792999999792e-01 2.841149363700000041e+00 1.416427355399999977e+00 3.872208426000000037e-01 4.294332482000000062e-01 -6.734807003999999653e-01 4.605115097010000214e-01
1.413393913555760384e+09 7.327922501000000421e-01 2.800678105399999840e+00 1.410782693100000040e+00 3.803957524000000090e-01 4.124914633000000275e-01 -6.807579570999999774e-01 4.708699057429999724e-01
1.413393913605760574e+09 7.817953028999999887e-01 2.756705403999999859e+00 1.407003211399999953e+00 3.721433781999999857e-01 3.963334484000000102e-01 -6.867593807999999855e-01 4.824838407939999740e-01
1.413393913655760288e+09 8.268239120999999470e-01 2.709876752000000000e+00 1.404489979699999891e+00 3.633052963999999774e-01 3.799242713000000049e-01 -6.912600219000000212e-01 4.958088258269999771e-01
1.413393913705760479e+09 8.673040929999999982e-01 2.660439725199999828e+00 1.404328895399999944e+00 3.528356503999999783e-01 3.647539108000000252e-01 -6.955202340999999677e-01 5.086385675410000085e-01
1.413393913755760431e+09 9.032471219000000051e-01 2.608709039699999899e+00 1.407692375799999951e+00 3.430581549000000230e-01 3.487104959999999809e-01 -6.996644145999999509e-01 5.207511876060000322e-01
1.413393913805760622e+09 9.339255305000000451e-01 2.555876140100000082e+00 1.412055120900000071e+00 3.328204444000000262e-01 3.332250818999999975e-01 -7.045093276999999654e-01 5.309031961979999714e-01
1.413393913855760336e+09 9.595934971999999785e-01 2.502026484699999997e+00 1.416945654200000071e+00 3.220290479999999844e-01 3.183276185999999730e-01 -7.094974681000000283e-01 5.399797793989999928e-01
1.413393913905760527e+09 9.799378389999999772e-01 2.447731529699999964e+00 1.423390351299999912e+00 3.122034315000000171e-01 3.031062046999999926e-01 -7.154425655999999689e-01 5.466238024620000413e-01
1.413393913955760479e+09 9.948216831999999732e-01 2.393140339699999952e+00 1.429615443100000105e+00 2.994269041000000020e-01 2.902809537000000106e-01 -7.208086953000000241e-01 5.536382589339999827e-01
1.413393914005760431e+09 1.004449399599999904e+00 2.337881427600000173e+00 1.437297145400000087e+00 2.841579721999999975e-01 2.782604553999999952e-01 -7.233217690000000033e-01 5.644740776669999738e-01
1.413393914055760384e+09 1.009204044599999905e+00 2.283082998799999874e+00 1.445985186199999939e+00 2.685150832000000043e-01 2.663457969999999952e-01 -7.247939353000000251e-01 5.758761306430000282e-01
1.413393914105760574e+09 1.008975747800000100e+00 2.229171934100000030e+00 1.454572846900000105e+00 2.487463997000000093e-01 2.566124376000000207e-01 -7.272284404000000091e-01 5.860154272909999795e-01
1.413393914155760288e+09 1.004502752500000096e+00 2.176487304000000123e+00 1.463007879500000108e+00 2.261417730999999987e-01 2.486095586000000024e-01 -7.317723699000000526e-01 5.929269638340000093e-01
1.413393914205760479e+09 9.963332411999999971e-01 2.125755252499999859e+00 1.470441520500000099e+00 2.013001456000000078e-01 2.420893282999999896e-01 -7.411452643999999479e-01 5.929373538329999471e-01
1.413393914255760431e+09 9.853365399000000302e-01 2.077590333099999853e+00 1.479249320299999892e+00 1.797134088000000018e-01 2.334427886000000063e-01 -7.502760697000000478e-01 5.918558729789999973e-01
1.413393914305760622e+09 9.726034161000000067e-01 2.031520154799999922e+00 1.488960350900000007e+00 1.605819673999999975e-01 2.230443189999999909e-01 -7.591882068999999955e-01 5.899982457500000388e-01
1.413393914355760336e+09 9.588614531000000385e-01 1.987303371199999891e+00 1.500268881700000057e+00 1.439630647000000041e-01 2.113683947999999979e-01 -7.668551327000000528e-01 5.886690437470000203e-01
1.413393914405760527e+09 9.446778717999999575e-01 1.944591791499999944e+00 1.512641283700000061e+00 1.292282610000000109e-01 1.985157141999999986e-01 -7.739150468000000060e-01 5.873219459590000024e-01
1.413393914455760479e+09 9.304502759999999650e-01 1.903603370499999947e+00 1.525948166100000059e+00 1.190252425000000031e-01 1.829357060000000035e-01 -7.812878924999999697e-01 5.847706799270000477e-01
1.413393914505760431e+09 9.159949773000000128e-01 1.863852413100000049e+00 1.539620298300000023e+00 1.097621577999999959e-01 1.679510123000000077e-01 -7.878641776000000485e-01 5.822497435110000064e-01
1.413393914555760384e+09 9.015147592000000154e-01 1.824794203099999956e+00 1.554581678999999994e+00 1.035773437999999991e-01 1.512381591999999997e-01 -7.919862584000000316e-01 5.823714618890000194e-01
1.413393914605760574e+09 8.865689667999999690e-01 1.786315060499999996e+00 1.569995843899999910e+00 9.780070539999999313e-02 1.350484651999999952e-01 -7.951239181999999461e-01 5.830736564109999520e-01
1.413393914655760288e+09 8.711302398000000391e-01 1.748366839700000064e+00 1.585499790300000100e+00 9.188152369999999514e-02 1.198858587999999947e-01 -7.976991544000000545e-01 5.838332172429999689e-01
1.413393914705760479e+09 8.548210552999999656e-01 1.710668157400000000e+00 1.600941084600000064e+00 8.660377380000000569e-02 1.034094153999999960e-01 -8.009338591000000340e-01 5.833620081860000361e-01
1.413393914755760431e+09 8.375949089999999986e-01 1.673379858099999895e+00 1.616691082400000035e+00 8.319253240000000493e-02 8.601168970000000469e-02 -8.041779852999999534e-01 5.822188246589999894e-01
1.413393914805760622e+09 8.188692741999999969e-01 1.636373077400000042e+00 1.631889756799999924e+00 7.826768859999999606e-02 7.023036779999999868e-02 -8.079606463999999821e-01 5.797770763559999541e-01
1.413393914855760336e+09 7.983980786000000052e-01 1.599056511199999919e+00 1.646769630000000095e+00 7.198262190000000171e-02 5.528781079999999654e-02 -8.118372303999999984e-01 5.767859841300000401e-01
1.413393914905760527e+09 7.763210994000000476e-01 1.561581544100000052e+00 1.660920721000000100e+00 6.211397300000000288e-02 4.573510969999999842e-02 -8.149926543000000079e-01 5.743144848100000255e-01
1.413393914955760479e+09 7.527075653000000477e-01 1.523876994000000096e+00 1.674456029199999918e+00 4.936977320000000141e-02 4.125010269999999923e-02 -8.184463180000000060e-01 5.709699458129999794e-01
1.413393915005760431e+09 7.280519237000000476e-01 1.485709560499999915e+00 1.687693748600000099e+00 3.684109270000000130e-02 3.854081089999999987e-02 -8.227528040999999570e-01 5.658932435219999890e-01
1.413393915055760384e+09 7.030864953000000028e-01 1.446757453200000043e+00 1.701408499000000019e+00 2.632385149999999854e-02 3.697685380000000077e-02 -8.257841617000000189e-01 5.621568157270000476e-01
1.413393915105760574e+09 6.781261739999999705e-01 1.406777634300000024e+00 1.715284595800000034e+00 1.834073909999999960e-02 3.602071970000000206e-02 -8.284431304999999579e-01 5.586126606410000139e-01
1.413393915155760288e+09 6.534938462999999587e-01 1.365449187400000097e+00 1.729113871300000049e+00 1.161691970000000053e-02 3.536050009999999744e-02 -8.307438472000000518e-01 5.554091667589999837e-01
1.413393915205760479e+09 6.295849866999999600e-01 1.322744492800000060e+00 1.742635977399999980e+00 7.358101300000000240e-03 3.485201050000000245e-02 -8.322751850999999812e-01 5.532171472800000434e-01
1.413393915255760431e+09 6.062219727000000002e-01 1.278485721200000036e+00 1.754563047099999995e+00 3.684900899999999941e-03 3.495961940000000268e-02 -8.327597766000000012e-01 5.525173309950000000e-01
1.413393915305760622e+09 5.838408792000000513e-01 1.232743801300000053e+00 1.764370251599999939e+00 2.272809399999999903e-03 3.590426929999999961e-02 -8.323086765999999637e-01 5.531437287660000424e-01
1.413393915355760336e+09 5.624341234999999939e-01 1.185797181200000106e+00 1.771468707399999953e+00 9.076304000000000099e-04 4.086990990000000101e-02 -8.297665122999999809e-01 5.566114997579999502e-01
1.413393915405760527e+09 5.420676871999999813e-01 1.137880712899999924e+00 1.776270923700000059e+00 1.079272499999999997e-03 -4.950026939999999792e-02 8.255181261999999798e-01 -5.621995924699999536e-01
1.413393915455760479e+09 5.229572778000000088e-01 1.089330387199999972e+00 1.780451444099999891e+00 4.716355099999999800e-03 -6.173520180000000024e-02 8.196241561999999536e-01 -5.695461029310000534e-01
1.413393915505760431e+09 5.056098798000000505e-01 1.039833095499999915e+00 1.785016524500000035e+00 7.240655000000000355e-03 -7.325830710000000301e-02 8.137343948999999910e-01 -5.765562659880000274e-01
1.413393915555760384e+09 4.904757435000000054e-01 9.899468112999999514e-01 1.790143950500000081e+00 7.008705900000000363e-03 -8.204072149999999675e-02 8.096248202000000393e-01 -5.811435697369999875e-01
1.413393915605760574e+09 4.778172365000000199e-01 9.406525816999999901e-01 1.796011011300000071e+00 2.571817200000000182e-03 -8.756539269999999431e-02 8.061460833000000381e-01 -5.851958476969999490e-01
1.413393915655760288e+09 4.672428272999999965e-01 8.920761221999999879e-01 1.802226878799999987e+00 3.376685400000000066e-03 9.060013000000000094e-02 -8.044947151000000352e-01 5.869995466959999630e-01
1.413393915705760479e+09 4.584406677999999791e-01 8.442427349000000136e-01 1.808309284299999931e+00 6.946717600000000027e-03 9.446559370000000289e-02 -8.030041691000000537e-01 5.883980787910000343e-01
1.413393915755760431e+09 4.512274742999999866e-01 7.973138798000000138e-01 1.814561161999999950e+00 9.336421200000000198e-03 9.878644690000000506e-02 -8.013666540999999643e-01 5.898860524329999633e-01
1.413393915805760622e+09 4.456735346999999847e-01 7.513428014999999904e-01 1.820510773499999901e+00 9.608480799999999378e-03 1.035262190000000027e-01 -8.001224778000000093e-01 5.907571578520000033e-01
1.413393915855760336e+09 4.419670522999999962e-01 7.066477316000000508e-01 1.826186677399999958e+00 9.610692400000000676e-03 1.080152694000000024e-01 -7.998419788999999724e-01 5.903330796139999448e-01
1.413393915905760527e+09 4.402324345999999999e-01 6.630139300999999818e-01 1.831843919900000062e+00 9.967811700000000705e-03 1.117114951999999967e-01 -8.000111911999999714e-01 5.894092622690000338e-01
1.413393915955760479e+09 4.406026659999999762e-01 6.202759423000000494e-01 1.838069904099999929e+00 1.016419080000000030e-02 1.146961325000000059e-01 -7.991729867000000320e-01 5.899695108079999750e-01
1.413393916005760431e+09 4.431446038999999892e-01 5.786292996999999882e-01 1.844533374100000067e+00 9.107493100000000827e-03 1.182364500000000068e-01 -7.972128070999999760e-01 5.919365976070000146e-01
1.413393916055760384e+09 4.480377600000000071e-01 5.382913917999999631e-01 1.851247491100000087e+00 8.417699900000000582e-03 1.211258053000000001e-01 -7.956167395000000031e-01 5.935079488819999805e-01
1.413393916105760574e+09 4.552618234999999958e-01 4.991987105999999841e-01 1.858307565200000067e+00 6.373861699999999568e-03 1.240987298000000016e-01 -7.935686226999999482e-01 5.956573848980000196e-01
1.413393916155760288e+09 4.650761997000000258e-01 4.616102162999999869e-01 1.865777869600000027e+00 4.817236699999999719e-03 1.259208857999999931e-01 -7.914558894000000011e-01 5.980955608450000405e-01
1.413393916205760479e+09 4.772675569000000007e-01 4.257746703999999993e-01 1.873700137900000007e+00 3.325353000000000076e-03 1.254425795000000121e-01 -7.896159579999999512e-01 6.006327830940000334e-01
1.413393916255760431e+09 4.922929251000000006e-01 3.918269636999999750e-01 1.882256981500000093e+00 7.393831400000000151e-03 1.181613041999999975e-01 -7.892375139999999734e-01 6.025673272920000212e-01
1.413393916305760622e+09 5.091254129000000184e-01 3.592372111000000090e-01 1.889905991400000040e+00 1.049371039999999998e-02 1.084854481000000065e-01 -7.901283976999999847e-01 6.031731962449999873e-01
1.413393916355760336e+09 5.275417797000000464e-01 3.271941717999999888e-01 1.898315624499999910e+00 1.226161239999999999e-02 9.673941240000000219e-02 -7.925194777999999829e-01 6.020000134630000277e-01
1.413393916405760527e+09 5.469781430000000277e-01 2.958622337999999852e-01 1.907357739300000077e+00 1.185632210000000034e-02 8.367542420000000092e-02 -7.960031469999999665e-01 5.993636966969999591e-01
1.413393916455760479e+09 5.669032662999999861e-01 2.649397253999999924e-01 1.917154529000000052e+00 8.066701500000000510e-03 7.025160469999999768e-02 -7.989887959000000484e-01 5.971737974949999916e-01
1.413393916505760431e+09 5.870119657000000268e-01 2.361336562999999944e-01 1.927823778999999904e+00 3.339205999999999945e-03 5.515934969999999882e-02 -8.018531919000000396e-01 5.949602966160000284e-01
1.413393916555760384e+09 6.069717659000000154e-01 2.085376898999999895e-01 1.938365728499999996e+00 4.735640499999999899e-03 -3.975663599999999798e-02 8.042508340999999783e-01 -5.929397773129999605e-01
1.413393916605760574e+09 6.268293634999999586e-01 1.815104641999999990e-01 1.948628253399999899e+00 1.553209640000000058e-02 -2.345984720000000162e-02 8.079718742000000509e-01 -5.885489274749999833e-01
1.413393916655760288e+09 6.470952513000000073e-01 1.551793586999999919e-01 1.959644712700000069e+00 2.652815869999999854e-02 -5.842339799999999618e-03 8.117402093000000152e-01 -5.833866268970000490e-01
1.413393916705760479e+09 6.675565857999999908e-01 1.283964059999999907e-01 1.971880048999999913e+00 3.827907219999999999e-02 1.340752769999999962e-02 8.156005390999999660e-01 -5.771920922729999459e-01
1.413393916755760431e+09 6.882538446999999504e-01 1.027765224000000005e-01 1.983605287000000050e+00 5.066330389999999795e-02 3.274903240000000271e-02 8.179717302000000245e-01 -5.720865135830000003e-01
1.413393916805760622e+09 7.090928842999999482e-01 7.807219490000000262e-02 1.994384388599999891e+00 6.279498919999999818e-02 5.259514020000000123e-02 8.176533942000000499e-01 -5.698539001929999737e-01
1.413393916855760336e+09 7.293728218999999680e-01 5.178840540000000103e-02 2.005386016000000104e+00 7.662824379999999547e-02 7.217202259999999647e-02 8.151688347000000112e-01 -5.695779861949999967e-01
1.413393916905760527e+09 7.500222824000000177e-01 2.530480419999999939e-02 2.017008972699999791e+00 8.772273319999999985e-02 9.322293880000000199e-02 8.116269745999999952e-01 -5.699788240480000434e-01
1.413393916955760479e+09 7.706786074000000486e-01 -1.403739900000000075e-03 2.029431803100000042e+00 9.697151290000000090e-02 1.155430766999999970e-01 8.073153355000000087e-01 -5.705157947819999853e-01
1.413393917005760431e+09 7.910382966000000238e-01 -2.844230099999999969e-02 2.043259090699999891e+00 1.036523411000000033e-01 1.403335579999999971e-01 8.003282706000000024e-01 -5.736177681059999589e-01
1.413393917055760384e+09 8.106668857000000061e-01 -5.518750830000000024e-02 2.057365558699999930e+00 1.100800373999999970e-01 1.648285895999999917e-01 7.931129044000000405e-01 -5.759217328260000102e-01
1.413393917105760574e+09 8.291542637000000049e-01 -8.093204660000000161e-02 2.071446783499999889e+00 1.176354228000000002e-01 1.880217117000000104e-01 7.857880277000000024e-01 -5.773620344309999819e-01
1.413393917155760288e+09 8.459195160000000380e-01 -1.057632939999999938e-01 2.085534363199999852e+00 1.272559014000000099e-01 2.098826723999999977e-01 7.783961190000000530e-01 -5.778015933110000057e-01
1.413393917205760479e+09 8.611102513999999708e-01 -1.291650739999999908e-01 2.099912063900000181e+00 1.371507043999999897e-01 2.309949627000000005e-01 7.714780306999999837e-01 -5.767604872120000170e-01
1.413393917255760431e+09 8.750339932999999792e-01 -1.504020359000000084e-01 2.113675159200000042e+00 1.450909474000000032e-01 2.522179500999999768e-01 7.659551176000000128e-01 -5.732778388070000064e-01
1.413393917305760622e+09 8.870794186999999553e-01 -1.694304752000000136e-01 2.126849110299999790e+00 1.550664934000000050e-01 2.719195262999999918e-01 7.625840027000000410e-01 -5.661093469350000351e-01
1.413393917355760336e+09 8.971944486999999802e-01 -1.864827367000000125e-01 2.139180038200000133e+00 1.653129355000000078e-01 2.915036749000000094e-01 7.593056739000000332e-01 -5.578101240030000074e-01
1.413393917405760527e+09 9.052629572000000513e-01 -2.019818737000000086e-01 2.150114592200000008e+00 1.744335388000000098e-01 3.123803953000000022e-01 7.542399297999999863e-01 -5.505574969650000039e-01
1.413393917455760479e+09 9.108825280000000246e-01 -2.159511155999999932e-01 2.158433550899999886e+00 1.854398808000000121e-01 3.327832514999999880e-01 7.489609541999999731e-01 -5.421483627080000423e-01
1.413393917505760431e+09 9.141333950000000153e-01 -2.285782839999999927e-01 2.164127003299999963e+00 1.973716916000000099e-01 3.526350364999999987e-01 7.429251036999999780e-01 -5.336246214680000488e-01
1.413393917555760384e+09 9.152976656000000322e-01 -2.394606465000000128e-01 2.167436600199999841e+00 2.079927213999999969e-01 3.739525454000000027e-01 7.360454489000000100e-01 -5.245337155300000553e-01
1.413393917605760574e+09 9.136812679000000381e-01 -2.488740661000000132e-01 2.167889855399999899e+00 2.225722327000000111e-01 3.929058174000000236e-01 7.293119474999999463e-01 -5.139948474819999724e-01
1.413393917655760288e+09 9.091859727000000113e-01 -2.572539379000000070e-01 2.165980060599999923e+00 2.385496696000000139e-01 4.107560261000000046e-01 7.223739901000000296e-01 -5.025428942920000530e-01
1.413393917705760479e+09 9.021735077000000436e-01 -2.644740101999999982e-01 2.162158504799999825e+00 2.568777123000000051e-01 4.270394506999999895e-01 7.137187994999999452e-01 -4.921957169110000030e-01
1.413393917755760431e+09 8.929477270000000244e-01 -2.706379395999999882e-01 2.156812675999999929e+00 2.761726818999999944e-01 4.422397149000000249e-01 7.024949003999999553e-01 -4.844105689720000218e-01
1.413393917805760622e+09 8.815865337999999607e-01 -2.760482886999999774e-01 2.151634098500000203e+00 2.968375047999999850e-01 4.556351107000000122e-01 6.890714438999999691e-01 -4.790247246329999986e-01
1.413393917855760336e+09 8.687447584999999917e-01 -2.810311071000000105e-01 2.147600557200000093e+00 3.147299264999999791e-01 4.704640972999999948e-01 6.736036617999999754e-01 -4.752543669509999846e-01
1.413393917905760527e+09 8.551294363000000454e-01 -2.851422799000000174e-01 2.144284236299999868e+00 3.286764504999999947e-01 4.870848634000000121e-01 6.576355283999999468e-01 -4.714187506290000163e-01
1.413393917955760479e+09 8.410013451000000195e-01 -2.882566643999999734e-01 2.141200897900000122e+00 3.398844328000000248e-01 5.044492895000000088e-01 6.428898418999999809e-01 -4.655127686600000203e-01
1.413393918005760431e+09 8.260562766000000279e-01 -2.902498520999999831e-01 2.139118663500000128e+00 3.496415629999999886e-01 5.219050118000000404e-01 6.274980332999999799e-01 -4.600132110360000137e-01
1.413393918055760384e+09 8.108012206000000388e-01 -2.906482431999999894e-01 2.137784013700000152e+00 3.583251693000000238e-01 5.391462328999999665e-01 6.124791566999999715e-01 -4.536448998820000189e-01
1.413393918105760574e+09 7.954822967000000355e-01 -2.892884042000000155e-01 2.136931077499999887e+00 3.664069931999999752e-01 5.559195574999999945e-01 5.976782819000000524e-01 -4.466318756129999956e-01
1.413393918155760288e+09 7.798121588999999965e-01 -2.861466448000000162e-01 2.136128030600000116e+00 3.735293881999999788e-01 5.724829629000000031e-01 5.838053265000000547e-01 -4.380757858439999763e-01
1.413393918205760479e+09 7.637665056000000341e-01 -2.811467682000000079e-01 2.136188959100000062e+00 3.779528207999999778e-01 5.901447397000000317e-01 5.690007848000000479e-01 -4.302545274619999915e-01
1.413393918255760431e+09 7.468436431999999625e-01 -2.737438150000000014e-01 2.135908409999999868e+00 3.851760739000000267e-01 6.052314109999999969e-01 5.556240956000000342e-01 -4.202572967770000223e-01
1.413393918305760622e+09 7.292363330000000143e-01 -2.637917042999999850e-01 2.136522159600000137e+00 3.911437776999999727e-01 6.206909126999999859e-01 5.408604406000000475e-01 -4.113627593859999765e-01
1.413393918355760336e+09 7.106771959000000027e-01 -2.511335619999999769e-01 2.137706452299999782e+00 3.980797052000000225e-01 6.350367256000000182e-01 5.260502155999999818e-01 -4.019105323859999968e-01
1.413393918405760527e+09 6.916302595000000109e-01 -2.356760867000000093e-01 2.139252151900000065e+00 4.053270950000000261e-01 6.487540217999999692e-01 5.113493124000000334e-01 -3.915993436510000203e-01
1.413393918455760479e+09 6.721129665999999725e-01 -2.172147557000000118e-01 2.141052021200000155e+00 4.129623795999999847e-01 6.622009819999999936e-01 4.964093415999999981e-01 -3.801706169629999743e-01
1.413393918505760431e+09 6.517907373000000337e-01 -1.956897307999999891e-01 2.143645758999999984e+00 4.204899987999999866e-01 6.756460211999999466e-01 4.803112545000000067e-01 -3.687705436129999903e-01
1.413393918555760384e+09 6.306957332000000527e-01 -1.710447049000000108e-01 2.147026868499999797e+00 4.275829415999999883e-01 6.891514890000000060e-01 4.632666818999999769e-01 -3.572492612340000262e-01
1.413393918605760574e+09 6.090450364999999699e-01 -1.429645666999999898e-01 2.151291631299999896e+00 4.375754924999999962e-01 7.009243799000000053e-01 4.445164692999999945e-01 -3.458869909530000175e-01
1.413393918655760288e+09 5.870543611999999856e-01 -1.115844678999999978e-01 2.155597644399999790e+00 4.503672375000000172e-01 7.106783786000000491e-01 4.249534531999999976e-01 -3.339463373050000072e-01
1.413393918705760479e+09 5.649280794000000050e-01 -7.728218770000000459e-02 2.160807576599999891e+00 4.620715221999999733e-01 7.207393715000000034e-01 4.025301092999999941e-01 -3.240280510199999853e-01
1.413393918755760431e+09 5.436455820000000161e-01 -4.036072029999999977e-02 2.165876911099999802e+00 4.712423440999999880e-01 7.323609868999999550e-01 3.784631504000000035e-01 -3.135979619429999921e-01
1.413393918805760622e+09 5.233598954999999497e-01 -5.053152999999999898e-04 2.171288762700000152e+00 4.814183228999999731e-01 7.428702547000000100e-01 3.517455897999999803e-01 -3.043932047399999785e-01
1.413393918855760336e+09 5.039764947999999523e-01 4.269955250000000146e-02 2.177398851500000010e+00 4.916276260999999925e-01 7.527568866999999608e-01 3.220840994999999984e-01 -2.965150580320000118e-01
1.413393918905760527e+09 4.871653054999999788e-01 8.893247690000000150e-02 2.183292151199999864e+00 5.073097446000000010e-01 7.586649824000000208e-01 2.934252292999999789e-01 -2.845450796690000006e-01
1.413393918955760479e+09 4.731289472999999912e-01 1.376998265999999915e-01 2.188586814799999836e+00 5.238263813000000324e-01 7.630970859000000273e-01 2.662468385000000271e-01 -2.690750467320000006e-01
1.413393919005760431e+09 4.626822039999999858e-01 1.882004801999999921e-01 2.193740546399999936e+00 5.402577871999999504e-01 7.664277546000000108e-01 2.409489361000000107e-01 -2.503070725679999997e-01
1.413393919055760384e+09 4.557486954000000146e-01 2.397796484999999977e-01 2.199349778499999797e+00 5.550748705000000394e-01 7.697100619000000199e-01 2.152228267999999889e-01 -2.304722185339999896e-01
1.413393919105760574e+09 4.522116460999999754e-01 2.917949260000000100e-01 2.204807825900000129e+00 5.680146080000000319e-01 7.726253204999999902e-01 1.908329152999999889e-01 -2.097434567110000037e-01
1.413393919155760288e+09 4.521593603999999877e-01 3.432920345000000095e-01 2.210257072900000175e+00 5.778407380000000204e-01 7.761869751000000095e-01 1.653239676000000102e-01 -1.905304357640000001e-01
1.413393919205760479e+09 4.553980571999999838e-01 3.940503604000000215e-01 2.216435809000000035e+00 5.885335587000000146e-01 7.773865523999999860e-01 1.392529190000000028e-01 -1.729364710209999878e-01
1.413393919255760431e+09 4.621944184999999816e-01 4.434858198000000140e-01 2.222674023400000198e+00 5.986924180999999567e-01 7.774100991000000294e-01 1.134103446000000043e-01 -1.560096797430000071e-01
1.413393919305760622e+09 4.724337384999999778e-01 4.912241741000000217e-01 2.229104295800000024e+00 6.106946122999999949e-01 7.743745278000000454e-01 8.678950189999999620e-02 -1.409388647010000051e-01
1.413393919355760336e+09 4.859962472000000089e-01 5.360396112999999962e-01 2.233687903399999897e+00 6.212617378000000468e-01 7.707110985999999775e-01 6.108244630000000258e-02 -1.276996099959999964e-01
1.413393919405760527e+09 5.028771498999999867e-01 5.768189664999999744e-01 2.236000712400000090e+00 6.300402263000000058e-01 7.667736712999999593e-01 3.580759750000000324e-02 -1.175808923000000034e-01
1.413393919455760479e+09 5.228984317999999520e-01 6.141474643000000011e-01 2.234863434299999785e+00 6.330729096999999639e-01 7.661661519000000364e-01 1.249320119999999985e-02 -1.097817768589999937e-01
1.413393919505760431e+09 5.466246428000000046e-01 6.482913741000000396e-01 2.230821343300000148e+00 6.327420062999999928e-01 7.676730582999999886e-01 -7.733615200000000175e-03 -1.012710235579999951e-01
1.413393919555760384e+09 5.744259419999999672e-01 6.787899276000000093e-01 2.224606243000000205e+00 6.307846633000000480e-01 7.698306018999999667e-01 -2.683096579999999856e-02 -9.355026506850000478e-02
1.413393919605760574e+09 6.061463644000000262e-01 7.054975158999999829e-01 2.215130027499999876e+00 6.282278333999999909e-01 7.721853738999999717e-01 -4.350190019999999880e-02 -8.465885908989999320e-02
1.413393919655760288e+09 6.417862583000000232e-01 7.290227846000000289e-01 2.203287866200000167e+00 6.277580594999999652e-01 7.727771499000000155e-01 -5.690783259999999955e-02 -7.414036664810000343e-02
1.413393919705760479e+09 6.809633053000000436e-01 7.496259035000000237e-01 2.189547287499999939e+00 6.289017365000000304e-01 7.720440480000000383e-01 -6.640584950000000264e-02 -6.341022659339999590e-02
1.413393919755760431e+09 7.238954344000000374e-01 7.671594126999999874e-01 2.174228504099999792e+00 6.331171330000000541e-01 7.694008648000000283e-01 -6.963294829999999713e-02 -4.833484962759999892e-02
1.413393919805760622e+09 7.697838934999999827e-01 7.812281415999999812e-01 2.157049236299999784e+00 6.388790418999999998e-01 7.656165482000000244e-01 -6.848858400000000513e-02 -3.121193394249999892e-02
1.413393919855760336e+09 8.179562262999999778e-01 7.912995157000000113e-01 2.137596535000000131e+00 6.441938435999999824e-01 7.620559771999999565e-01 -6.409511210000000403e-02 -1.329646994419999943e-02
1.413393919905760527e+09 8.674904102999999589e-01 7.966717617999999890e-01 2.115612871200000189e+00 6.471011747999999564e-01 7.601694942000000177e-01 -5.826534270000000015e-02 2.749472522039999971e-03
1.413393919955760479e+09 9.175289840000000474e-01 7.970900451000000331e-01 2.090645573499999799e+00 6.466484407000000489e-01 7.608246595000000001e-01 -5.228172579999999792e-02 1.607024398309999866e-02
1.413393920005760431e+09 9.673478998000000217e-01 7.935966507999999697e-01 2.063097918300000000e+00 6.429293314999999787e-01 7.640481450999999646e-01 -4.731309320000000318e-02 2.517494460449999985e-02
1.413393920055760384e+09 1.016598058800000093e+00 7.863548430000000256e-01 2.034018878299999944e+00 6.388263671999999671e-01 7.675119777000000143e-01 -4.354027550000000302e-02 3.050378597380000098e-02
1.413393920105760574e+09 1.065098327300000092e+00 7.754723076999999742e-01 2.003233595599999806e+00 6.353621377000000514e-01 7.704216955999999561e-01 -4.058357390000000287e-02 3.344156808620000337e-02
1.413393920155760288e+09 1.112863199700000028e+00 7.615837036999999476e-01 1.970628049199999898e+00 6.314880134999999450e-01 7.736656407999999985e-01 -3.738587759999999899e-02 3.559018425600000285e-02
1.413393920205760479e+09 1.159848354299999995e+00 7.447359148000000095e-01 1.936582302499999964e+00 6.284139756000000077e-01 7.762527710000000081e-01 -3.508651950000000325e-02 3.600620638140000079e-02
1.413393920255760431e+09 1.206024310499999919e+00 7.250668955000000304e-01 1.901857868500000048e+00 6.262463724000000287e-01 7.780750034000000204e-01 -3.286017299999999947e-02 3.653736713979999912e-02
1.413393920305760622e+09 1.250979495499999983e+00 7.023453249000000120e-01 1.867585281700000044e+00 6.238211903999999475e-01 7.801377624999999982e-01 -3.091280899999999943e-02 3.572943112379999703e-02
1.413393920355760336e+09 1.295217504900000094e+00 6.767779091000000191e-01 1.833837390700000070e+00 6.210066950000000530e-01 7.824547343000000099e-01 -2.839032210000000042e-02 3.618374248569999896e-02
1.413393920405760527e+09 1.338345507000000101e+00 6.484865681000000492e-01 1.800735449899999896e+00 6.144951254999999612e-01 7.876571406000000275e-01 -2.647893750000000074e-02 3.592819828450000141e-02
1.413393920455760479e+09 1.380505234199999931e+00 6.180811066000000409e-01 1.768518215200000077e+00 6.058444057999999854e-01 7.944215934999999673e-01 -2.497317870000000106e-02 3.497467805460000023e-02
1.413393920505760431e+09 1.421939601799999897e+00 5.861287269999999605e-01 1.737273495700000003e+00 5.977647126999999783e-01 8.005890699000000055e-01 -2.254169890000000051e-02 3.501944042619999781e-02
1.413393920555760384e+09 1.462407188300000049e+00 5.534727014000000445e-01 1.707604778999999962e+00 5.915335462999999905e-01 8.052716264999999485e-01 -2.083710370000000159e-02 3.451791153929999884e-02
1.413393920605760574e+09 1.501829540199999924e+00 5.205059367000000048e-01 1.679062284000000016e+00 5.870134577000000187e-01 8.086311406999999729e-01 -1.806334680000000123e-02 3.470726382500000096e-02
1.413393920655760288e+09 1.540182905900000065e+00 4.876018563000000250e-01 1.651391221799999975e+00 5.836962453999999800e-01 8.110745364000000457e-01 -1.567063800000000062e-02 3.480259512589999743e-02
1.413393920705760479e+09 1.577526188400000029e+00 4.550272343000000275e-01 1.624552975400000099e+00 5.817482100999999961e-01 8.124909866999999730e-01 -1.330088620000000055e-02 3.536245252220000107e-02
1.413393920755760431e+09 1.613580005700000042e+00 4.225459731999999802e-01 1.598392888300000036e+00 5.813800274000000545e-01 8.127750823999999596e-01 -1.077072580000000036e-02 3.574801683920000167e-02
1.413393920805760622e+09 1.648329649999999980e+00 3.903294063000000147e-01 1.572334448999999967e+00 5.800485483999999747e-01 8.137695837999999737e-01 -9.654194099999999223e-03 3.506483387360000148e-02
1.413393920855760336e+09 1.682094374899999911e+00 3.584172885999999947e-01 1.546506269700000047e+00 5.792748192000000129e-01 8.142728399999999978e-01 -7.177619300000000202e-03 3.672747679109999996e-02
1.413393920905760527e+09 1.714568827599999956e+00 3.264259560000000171e-01 1.520274241499999901e+00 5.748470602999999901e-01 8.173372521999999751e-01 -4.674077799999999845e-03 3.858531294280000135e-02
1.413393920955760479e+09 1.745647130799999891e+00 2.948666084000000076e-01 1.494401702900000073e+00 5.693902328000000068e-01 8.210872274999999609e-01 -2.099871599999999887e-03 4.007640336309999801e-02
1.413393921005760431e+09 1.775562735999999919e+00 2.640001733999999822e-01 1.468301763699999984e+00 5.607613908999999897e-01 8.269342165999999938e-01 -1.013026499999999941e-03 4.153838791890000076e-02
1.413393921055760384e+09 1.803831691100000079e+00 2.342600904000000095e-01 1.442214334400000020e+00 5.510579190000000072e-01 8.333508990000000338e-01 1.031301600000000080e-03 4.313218648819999723e-02
1.413393921105760574e+09 1.830517825100000051e+00 2.064503685999999893e-01 1.417133461499999969e+00 5.421463623000000176e-01 8.391211626000000257e-01 2.620954799999999831e-03 4.411492863239999812e-02
1.413393921155760288e+09 1.855535304400000030e+00 1.815908095000000055e-01 1.393582952000000041e+00 5.360625557000000541e-01 8.429672418000000444e-01 3.433519900000000201e-03 4.507079500209999756e-02
1.413393921205760479e+09 1.878930038300000049e+00 1.595364683999999922e-01 1.371161488600000089e+00 5.312016134999999473e-01 8.458931906000000112e-01 5.470391199999999864e-03 4.753557317550000105e-02
1.413393921255760431e+09 1.900225762899999893e+00 1.408006360000000068e-01 1.350119603500000043e+00 5.280876433000000203e-01 8.477697819999999718e-01 6.718967400000000305e-03 4.862811112700000243e-02
1.413393921305760622e+09 1.919613181299999916e+00 1.257498995000000119e-01 1.330372463500000046e+00 5.264382050000000479e-01 8.487531161000000379e-01 6.828850800000000297e-03 4.933894131680000017e-02
1.413393921355760336e+09 1.936763877400000000e+00 1.141393195999999971e-01 1.311918010399999890e+00 5.250181565000000550e-01 8.497242537000000429e-01 6.055819799999999885e-03 4.783257277919999995e-02
1.413393921405760527e+09 1.952135734000000067e+00 1.063948690999999974e-01 1.295293046600000109e+00 5.268528238999999891e-01 8.486929925999999735e-01 4.815284199999999605e-03 4.607731963170000333e-02
1.413393921455760479e+09 1.965778767700000040e+00 1.024607579999999990e-01 1.280598709700000004e+00 5.331659242999999826e-01 8.448577439000000133e-01 2.833727199999999929e-03 4.406199912449999812e-02
1.413393921505760431e+09 1.977696691600000056e+00 1.015692445000000027e-01 1.267033626299999938e+00 5.421931907999999467e-01 8.391798647000000555e-01 2.092001599999999788e-03 4.241841531429999673e-02
1.413393921555760384e+09 1.988289608599999925e+00 1.032808969999999965e-01 1.254314697599999917e+00 5.528654173999999477e-01 8.322835893000000151e-01 6.406485000000000174e-04 4.053944827759999731e-02
1.413393921605760574e+09 1.997801228099999937e+00 1.066637567999999953e-01 1.241120384500000062e+00 5.617534158000000444e-01 8.262869484000000542e-01 4.610560000000000119e-05 4.102409859980000323e-02
1.413393921655760288e+09 2.005929672899999794e+00 1.110528649000000062e-01 1.226930066800000052e+00 5.675630993000000402e-01 8.223567827000000108e-01 -1.102418699999999996e-03 4.000293702149999853e-02
1.413393921705760479e+09 2.013129907500000204e+00 1.154737131000000000e-01 1.209460587599999970e+00 5.717050836000000524e-01 8.194656729000000528e-01 -1.885291000000000093e-03 4.032064020020000028e-02
1.413393921755760431e+09 2.019189250400000191e+00 1.197691037999999986e-01 1.188752615400000101e+00 5.749674753000000305e-01 8.171742673999999873e-01 -3.090656700000000024e-03 4.036169938680000263e-02
1.413393921805760622e+09 2.024270353099999920e+00 1.240977184999999955e-01 1.165284609400000004e+00 5.784658860000000402e-01 8.146763272999999472e-01 -3.482946800000000058e-03 4.083588511959999889e-02
1.413393921855760336e+09 2.028346671800000056e+00 1.286214740000000134e-01 1.139876618900000027e+00 5.828011079999999566e-01 8.115437764999999803e-01 -3.826658599999999914e-03 4.153220584180000036e-02
1.413393921905760527e+09 2.031213137800000013e+00 1.332906343999999965e-01 1.113301440299999889e+00 5.900141244000000063e-01 8.063040443000000224e-01 -5.043271999999999686e-03 4.161353850499999868e-02
1.413393921955760479e+09 2.033037225100000178e+00 1.375530842999999892e-01 1.086337759599999897e+00 5.976874989999999555e-01 8.005795610000000506e-01 -5.403513500000000150e-03 4.257724766370000330e-02
1.413393922005760431e+09 2.033885162599999852e+00 1.405816824999999992e-01 1.059352116799999965e+00 6.024765478000000396e-01 7.969754068000000080e-01 -6.354148500000000171e-03 4.256565739459999831e-02
1.413393922055760384e+09 2.033776523399999814e+00 1.418378118999999993e-01 1.031272700099999939e+00 6.005110349000000181e-01 7.984088016999999482e-01 -7.132704099999999728e-03 4.334751375209999757e-02
1.413393922105760574e+09 2.032570101000000129e+00 1.418820148000000114e-01 1.003178053799999914e+00 5.962592235000000462e-01 8.015412036000000295e-01 -7.917301399999999989e-03 4.409028915950000127e-02
1.413393922155760288e+09 2.030236729699999909e+00 1.405928446999999970e-01 9.744702225000000384e-01 5.880826698000000130e-01 8.074980005999999877e-01 -8.440919300000000389e-03 4.510547015960000156e-02
1.413393922205760479e+09 2.026874272200000160e+00 1.382367845999999956e-01 9.447659889999999727e-01 5.738555220000000068e-01 8.176320953000000280e-01 -9.722210900000000100e-03 4.553103629239999700e-02
1.413393922255760431e+09 2.022649423799999902e+00 1.359930404999999953e-01 9.152911201000000219e-01 5.605970613999999852e-01 8.266987080000000043e-01 -1.064051119999999927e-02 4.676494939740000190e-02
1.413393922305760622e+09 2.017236531400000032e+00 1.346930585999999985e-01 8.860009888000000000e-01 5.467146653000000134e-01 8.359429945999999889e-01 -1.261076560000000055e-02 4.629636255390000288e-02
1.413393922355760336e+09 2.010938243100000022e+00 1.353756600999999893e-01 8.575552802000000474e-01 5.341627532999999595e-01 8.440111760999999824e-01 -1.424950929999999928e-02 4.595910237539999749e-02
1.413393922405760527e+09 2.003856270500000036e+00 1.390712075999999964e-01 8.306175698000000107e-01 5.242587159999999580e-01 8.501840827000000100e-01 -1.610487190000000138e-02 4.561202984900000063e-02
1.413393922455760479e+09 1.995715677800000032e+00 1.467163157999999967e-01 8.057985954999999922e-01 5.184364689999999554e-01 8.538768292999999732e-01 -2.117703749999999899e-02 4.085977340279999676e-02
1.413393922505760431e+09 1.987156190799999944e+00 1.585537945000000115e-01 7.828610786999999904e-01 5.184148417999999703e-01 8.540144338999999807e-01 -2.760166869999999828e-02 3.381636327589999935e-02
1.413393922555760384e+09 1.978704892099999890e+00 1.749711037999999996e-01 7.620112261000000498e-01 5.239074124000000499e-01 8.506627396000000507e-01 -3.489561699999999683e-02 2.600428039080000114e-02
1.413393922605760574e+09 1.970769829600000023e+00 1.950464541999999968e-01 7.428885064000000371e-01 5.324317573000000303e-01 8.452384708000000302e-01 -4.212757980000000207e-02 1.770927410469999921e-02
1.413393922655760288e+09 1.964223464100000038e+00 2.178621273000000136e-01 7.241584204000000025e-01 5.393367012999999988e-01 8.406584192999999594e-01 -4.791155190000000175e-02 1.066901570519999953e-02
1.413393922705760479e+09 1.959637223100000103e+00 2.431691501999999894e-01 7.060030975000000097e-01 5.461005612999999537e-01 8.361020687000000340e-01 -5.164574300000000090e-02 6.342306865449999671e-03
1.413393922755760431e+09 1.956895519299999942e+00 2.701122585999999881e-01 6.878546802999999654e-01 5.494304217000000046e-01 8.338343874000000433e-01 -5.325269769999999708e-02 3.252118325860000030e-03
1.413393922805760622e+09 1.956583566699999999e+00 2.988124383999999911e-01 6.698815852999999709e-01 5.504155695000000348e-01 8.332121060999999607e-01 -5.282477389999999662e-02 3.135342417170000097e-03
1.413393922855760336e+09 1.958727631599999963e+00 3.287094524999999989e-01 6.519497308999999685e-01 5.474353458999999811e-01 8.353449823999999913e-01 -4.963698030000000122e-02 7.033678929550000146e-03
1.413393922905760527e+09 1.962898555700000047e+00 3.604379078000000125e-01 6.358700912000000427e-01 5.426103754000000112e-01 8.386526998000000122e-01 -4.579693600000000336e-02 1.175883489419999976e-02
1.413393922955760479e+09 1.969017314100000027e+00 3.944427456999999859e-01 6.225846371000000046e-01 5.373540830999999907e-01 8.421808734000000296e-01 -4.006565570000000104e-02 1.940899675830000046e-02
1.413393923005760431e+09 1.976538665799999928e+00 4.304713531000000093e-01 6.125159243000000142e-01 5.315823595999999984e-01 8.458405535999999891e-01 -3.286011910000000147e-02 2.990259912280000126e-02
1.413393923055760384e+09 1.984455731199999962e+00 4.694133301000000258e-01 6.062690915999999763e-01 5.270410271000000035e-01 8.485152448999999653e-01 -2.653711829999999897e-02 3.931178323090000343e-02
1.413393923105760574e+09 1.992072233400000059e+00 5.120881842000000184e-01 6.036491967999999542e-01 5.239668272999999932e-01 8.502012214999999928e-01 -2.294920240000000028e-02 4.571630850870000290e-02
1.413393923155760288e+09 1.999037163899999969e+00 5.584702812999999821e-01 6.040532312999999931e-01 5.207030733999999939e-01 8.519854351000000214e-01 -2.025740579999999944e-02 5.078154461070000236e-02
1.413393923205760479e+09 2.005019732300000079e+00 6.090142052000000472e-01 6.078902916999999739e-01 5.196023076000000351e-01 8.525062010999999718e-01 -1.889194250000000158e-02 5.375605613139999850e-02
1.413393923255760431e+09 2.010055508199999785e+00 6.632483882999999913e-01 6.134214751000000021e-01 5.210896586000000053e-01 8.515061471999999521e-01 -1.891504130000000103e-02 5.518215443789999813e-02
1.413393923305760622e+09 2.013607786900000196e+00 7.211498952999999545e-01 6.200686604999999796e-01 5.249731238000000522e-01 8.492812293000000512e-01 -2.267412140000000034e-02 5.109302329879999993e-02
1.413393923355760336e+09 2.015882809799999897e+00 7.825658617999999844e-01 6.277765145000000491e-01 5.312464864000000508e-01 8.457306572999999661e-01 -2.935451039999999873e-02 4.068339546509999738e-02
1.413393923405760527e+09 2.017545505899999814e+00 8.464176339000000215e-01 6.360965988000000237e-01 5.368119509000000011e-01 8.425210960000000249e-01 -3.668636670000000044e-02 2.540162824290000121e-02
1.413393923455760479e+09 2.019374383700000219e+00 9.117105504000000415e-01 6.446520619000000174e-01 5.433318781000000541e-01 8.385167521999999929e-01 -4.003867750000000142e-02 8.776724945820000082e-03
1.413393923505760431e+09 2.022539612000000098e+00 9.785262880999999746e-01 6.532928703000000503e-01 5.505025355999999537e-01 8.338810267999999803e-01 -3.914831540000000137e-02 -7.536640488259999972e-03
1.413393923555760384e+09 2.027640050400000060e+00 1.045783972700000009e+00 6.618795389999999612e-01 5.578342845999999522e-01 8.289907230999999932e-01 -3.291113379999999894e-02 -2.263071395360000126e-02
1.413393923605760574e+09 2.034716979100000156e+00 1.113004059399999912e+00 6.700031622000000020e-01 5.626226027999999824e-01 8.256064775000000466e-01 -2.127826580000000134e-02 -3.710776934550000239e-02
1.413393923655760288e+09 2.044671380100000047e+00 1.180342327600000019e+00 6.773095051999999949e-01 5.659916278000000078e-01 8.231510398000000395e-01 -2.345569899999999913e-03 -4.550100226309999885e-02
1.413393923705760479e+09 2.057012667700000019e+00 1.247543974899999908e+00 6.845293074999999616e-01 5.681263686999999951e-01 8.210632356000000520e-01 2.116992659999999971e-02 -5.137534934960000244e-02
1.413393923755760431e+09 2.071352164999999967e+00 1.314374424699999988e+00 6.907386344999999483e-01 5.660004092999999514e-01 8.211381702000000171e-01 4.813104430000000183e-02 -5.530863083080000270e-02
1.413393923805760622e+09 2.086960948100000213e+00 1.381274755700000023e+00 6.962593259999999562e-01 5.621865722000000121e-01 8.213874205000000206e-01 7.422379049999999756e-02 -6.131714666279999837e-02
1.413393923855760336e+09 2.103584331800000040e+00 1.448287759100000072e+00 7.020763313000000228e-01 5.586019050999999624e-01 8.205738634999999448e-01 9.925543400000000349e-02 -6.907101407400000059e-02
1.413393923905760527e+09 2.120842300200000086e+00 1.515376344699999933e+00 7.086016410000000043e-01 5.549074321000000420e-01 8.190444448000000488e-01 1.233321150000000060e-01 -7.767321709530000673e-02
1.413393923955760479e+09 2.138291143700000063e+00 1.582390774000000055e+00 7.154672555000000100e-01 5.507544234000000261e-01 8.171617257000000079e-01 1.451799836000000066e-01 -8.853841870749999676e-02
1.413393924005760431e+09 2.155776760899999811e+00 1.649790923300000101e+00 7.220955998000000431e-01 5.451986597000000323e-01 8.157081426000000191e-01 1.659428592999999952e-01 -9.920491416630000669e-02
1.413393924055760384e+09 2.173221830000000132e+00 1.717944012300000045e+00 7.287079398000000374e-01 5.400870035999999486e-01 8.136558015999999505e-01 1.854363898999999982e-01 -1.090119740189999936e-01
1.413393924105760574e+09 2.190260839900000089e+00 1.787141438699999973e+00 7.349489846000000215e-01 5.353623587000000406e-01 8.108255009000000513e-01 2.064162793000000051e-01 -1.155052880509999935e-01
1.413393924155760288e+09 2.206364613399999897e+00 1.857793464700000063e+00 7.411533973999999692e-01 5.332793601999999966e-01 8.058112603000000540e-01 2.289795494000000098e-01 -1.176847595879999958e-01
1.413393924205760479e+09 2.221032570199999778e+00 1.929277206300000103e+00 7.476599046999999887e-01 5.341766640999999760e-01 7.981643873999999528e-01 2.528702561999999765e-01 -1.168141076299999970e-01
1.413393924255760431e+09 2.233487878500000079e+00 2.000897410199999893e+00 7.544722138999999661e-01 5.377174202000000180e-01 7.878805998000000255e-01 2.777437888000000021e-01 -1.138530815360000031e-01
1.413393924305760622e+09 2.243120087799999940e+00 2.072033350599999935e+00 7.615710524000000037e-01 5.406433775000000219e-01 7.780573858999999537e-01 3.001164943999999890e-01 -1.107318040720000063e-01
1.413393924355760336e+09 2.249184721999999859e+00 2.142053288900000130e+00 7.690261944999999821e-01 5.432923938999999480e-01 7.685505713000000405e-01 3.207026107000000015e-01 -1.063636664230000056e-01
1.413393924405760527e+09 2.251182446400000092e+00 2.210458588299999860e+00 7.772866464000000031e-01 5.466164610000000534e-01 7.589807539999999797e-01 3.390377842000000252e-01 -1.010546411850000020e-01
1.413393924455760479e+09 2.248238410999999992e+00 2.276832520500000179e+00 7.862407565000000265e-01 5.496688387999999481e-01 7.502667415999999534e-01 3.551828262999999763e-01 -9.385703974129999683e-02
1.413393924505760431e+09 2.239209638200000185e+00 2.340001564700000092e+00 7.969065749999999504e-01 5.531216593000000126e-01 7.421873457000000007e-01 3.679463324999999729e-01 -8.848655403760000149e-02
1.413393924555760384e+09 2.224753368300000034e+00 2.398585850699999966e+00 8.092369558999999990e-01 5.569167183000000021e-01 7.346719095999999505e-01 3.781049679999999857e-01 -8.448424298449999648e-02
1.413393924605760574e+09 2.203759501399999987e+00 2.453034430399999799e+00 8.229580988000000374e-01 5.640494252000000097e-01 7.255833750000000304e-01 3.856306380999999783e-01 -8.164571536119999418e-02
1.413393924655760288e+09 2.176700326200000202e+00 2.501513996299999931e+00 8.386952931000000167e-01 5.722161138000000369e-01 7.164034828999999993e-01 3.912240921999999843e-01 -7.923685008370000282e-02
1.413393924705760479e+09 2.142494755500000014e+00 2.543755109200000142e+00 8.569791267999999906e-01 5.816341093000000351e-01 7.067593060000000316e-01 3.952500817999999860e-01 -7.726848658599999586e-02
1.413393924755760431e+09 2.101317405400000116e+00 2.578098629399999897e+00 8.794841870999999811e-01 5.902846067000000474e-01 6.989723776999999805e-01 3.963742491000000201e-01 -7.674081626230000452e-02
1.413393924805760622e+09 2.053466133400000171e+00 2.604521513399999932e+00 9.055587319000000246e-01 5.956296668999999655e-01 6.951774169000000114e-01 3.952345599000000043e-01 -7.578457407260000278e-02
1.413393924855760336e+09 1.998540392400000032e+00 2.621854413199999900e+00 9.362116831000000250e-01 5.957122095000000339e-01 6.982611246000000049e-01 3.883577867999999933e-01 -8.207676135949999729e-02
1.413393924905760527e+09 1.937045247599999964e+00 2.630827181299999928e+00 9.716152745999999674e-01 5.905799684000000438e-01 7.070991366000000111e-01 3.775485995000000261e-01 -9.318351215619999350e-02
1.413393924955760479e+09 1.869123850900000106e+00 2.632256059099999934e+00 1.011963698700000025e+00 5.792475110000000482e-01 7.211784236999999598e-01 3.636734005000000214e-01 -1.100711590759999997e-01
1.413393925005760431e+09 1.797406977599999900e+00 2.626843435300000085e+00 1.056606915799999991e+00 5.679184074999999998e-01 7.334077498000000084e-01 3.509302369999999782e-01 -1.281784841949999976e-01
1.413393925055760384e+09 1.722711949800000086e+00 2.616907003700000178e+00 1.104598872499999995e+00 5.566980403000000299e-01 7.437047977999999837e-01 3.405356048000000024e-01 -1.450033363390000052e-01
1.413393925105760574e+09 1.645419531900000010e+00 2.604078312099999959e+00 1.154878557600000022e+00 5.456874631999999448e-01 7.520009001999999887e-01 3.326783870000000198e-01 -1.613844151519999992e-01
1.413393925155760288e+09 1.565773321800000062e+00 2.589826976099999900e+00 1.207194821399999896e+00 5.331216072000000139e-01 7.595765577999999962e-01 3.270254188999999756e-01 -1.785474170490000123e-01
1.413393925205760479e+09 1.484790329600000014e+00 2.574591463700000027e+00 1.260021949099999983e+00 5.180093123000000244e-01 7.669450849000000181e-01 3.231832081000000079e-01 -1.975201333409999926e-01
1.413393925255760431e+09 1.403294469500000030e+00 2.559692365600000130e+00 1.312352858099999908e+00 5.026848888999999598e-01 7.724751539999999972e-01 3.230850655999999987e-01 -2.149559939679999976e-01
1.413393925305760622e+09 1.321558342099999894e+00 2.546706091399999927e+00 1.364747796999999929e+00 4.897387370999999878e-01 7.751879010000000125e-01 3.257505090000000214e-01 -2.304914171680000068e-01
1.413393925355760336e+09 1.240201018100000052e+00 2.537002571699999987e+00 1.416315106100000110e+00 4.813061779000000207e-01 7.746616265000000334e-01 3.324073160000000082e-01 -2.403104322519999947e-01
1.413393925405760527e+09 1.159213010800000054e+00 2.531160042499999818e+00 1.467648550000000052e+00 4.791239447000000262e-01 7.707322077999999577e-01 3.412268571000000028e-01 -2.449006765639999972e-01
1.413393925455760479e+09 1.078304134099999922e+00 2.528601417800000029e+00 1.519311025099999934e+00 4.799177146999999977e-01 7.655561492000000356e-01 3.483202423000000270e-01 -2.495511536099999927e-01
1.413393925505760431e+09 9.976479706999999975e-01 2.529083817300000092e+00 1.570666204599999949e+00 4.830251394999999781e-01 7.595346988000000188e-01 3.552199536000000268e-01 -2.522152659440000111e-01
1.413393925555760384e+09 9.171448787000000546e-01 2.531839848300000195e+00 1.621167993400000062e+00 4.848699505999999881e-01 7.547752776999999691e-01 3.607854039999999762e-01 -2.550476494719999820e-01
1.413393925605760574e+09 8.366319288000000354e-01 2.536861510300000067e+00 1.669994667299999902e+00 4.857304391000000221e-01 7.512996798000000087e-01 3.640107530000000202e-01 -2.590577219199999837e-01
1.413393925655760288e+09 7.557468113999999959e-01 2.544104965799999896e+00 1.715141643900000012e+00 4.869224088999999922e-01 7.480056027000000496e-01 3.673006903000000101e-01 -2.616952213389999726e-01
1.413393925705760479e+09 6.749489628000000518e-01 2.552958923699999882e+00 1.753285498299999912e+00 4.878166708000000185e-01 7.453048762999999743e-01 3.709150447999999822e-01 -2.626358059869999817e-01
1.413393925755760431e+09 5.941069128000000532e-01 2.563158115099999801e+00 1.783993713999999953e+00 4.900035578999999974e-01 7.423209849999999888e-01 3.736738068000000079e-01 -2.631044557739999901e-01
1.413393925805760622e+09 5.133664245000000292e-01 2.574362264499999942e+00 1.806613702799999999e+00 4.925175607000000233e-01 7.393519521000000427e-01 3.754287943999999877e-01 -2.642694906110000241e-01
1.413393925855760336e+09 4.330193681000000239e-01 2.586503299899999941e+00 1.822319299999999975e+00 4.956804054000000237e-01 7.363860080999999891e-01 3.763142027999999972e-01 -2.653755896800000236e-01
1.413393925905760527e+09 3.530635322999999826e-01 2.599579478199999905e+00 1.832047875300000017e+00 5.005973496000000189e-01 7.323943496999999470e-01 3.769546483999999809e-01 -2.662818115139999886e-01
1.413393925955760479e+09 2.733631977000000046e-01 2.613222973300000085e+00 1.836991414999999961e+00 5.065838373000000061e-01 7.277142355000000284e-01 3.757357170999999774e-01 -2.694948574859999946e-01
1.413393926005760431e+09 1.941606446999999958e-01 2.627424791600000198e+00 1.837446859399999965e+00 5.136834162000000203e-01 7.225793713999999479e-01 3.736812623999999916e-01 -2.727099449989999758e-01
1.413393926055760384e+09 1.157565650000000057e-01 2.641659662799999975e+00 1.835925874299999982e+00 5.215648797999999919e-01 7.168025375000000032e-01 3.693964469000000084e-01 -2.787659652339999905e-01
1.413393926105760574e+09 3.919106249999999847e-02 2.655647440900000156e+00 1.834001006500000086e+00 5.284341314999999595e-01 7.116045294999999715e-01 3.648569023000000078e-01 -2.850540354119999731e-01
1.413393926155760288e+09 -3.486482899999999996e-02 2.669208350199999913e+00 1.832005631399999945e+00 5.324363149999999933e-01 7.085269826000000215e-01 3.613174082000000231e-01 -2.897426718450000216e-01
1.413393926205760479e+09 -1.062744427999999935e-01 2.682494019499999993e+00 1.830343780500000017e+00 5.335830660000000503e-01 7.077452886999999748e-01 3.584285406000000118e-01 -2.931120933799999939e-01
1.413393926255760431e+09 -1.747940788000000023e-01 2.695462301900000135e+00 1.829062136499999935e+00 5.328795343000000129e-01 7.085525097000000549e-01 3.566800196000000089e-01 -2.945710549950000257e-01
1.413393926305760622e+09 -2.404354451999999864e-01 2.708143980900000081e+00 1.828419747299999898e+00 5.295755151000000049e-01 7.114135673000000493e-01 3.558927191999999851e-01 -2.945859508579999897e-01
1.413393926355760336e+09 -3.035790409999999939e-01 2.720723286900000204e+00 1.828406142199999973e+00 5.246305520999999805e-01 7.153688003000000517e-01 3.564026599999999823e-01 -2.932360950360000107e-01
1.413393926405760527e+09 -3.641801015999999724e-01 2.733289591200000146e+00 1.829120669899999996e+00 5.195706080999999976e-01 7.185447567999999618e-01 3.593901608999999775e-01 -2.908238778610000019e-01
1.413393926455760479e+09 -4.228728502999999916e-01 2.746159565300000160e+00 1.831153457999999956e+00 5.179184739000000093e-01 7.183483602000000356e-01 3.623033339000000241e-01 -2.906413287319999927e-01
1.413393926505760431e+09 -4.794921571999999910e-01 2.758949602299999970e+00 1.832761324200000042e+00 5.190322478000000128e-01 7.153696014999999520e-01 3.648064668000000066e-01 -2.928619142669999786e-01
1.413393926555760384e+09 -5.343035509000000349e-01 2.771853345699999860e+00 1.830772659700000027e+00 5.220512770999999885e-01 7.102096114999999488e-01 3.687247116999999852e-01 -2.951387109160000244e-01
1.413393926605760574e+09 -5.875526317000000498e-01 2.784774424800000148e+00 1.824534538200000000e+00 5.252797136000000311e-01 7.040622024999999562e-01 3.735159087000000100e-01 -2.980998213130000019e-01
1.413393926655760288e+09 -6.391912444999999776e-01 2.797377201799999824e+00 1.814765258800000058e+00 5.265358558999999605e-01 6.984493435999999944e-01 3.796437202999999871e-01 -3.013289772250000165e-01
1.413393926705760479e+09 -6.885317552999999924e-01 2.809557228500000114e+00 1.804655471700000069e+00 5.268526610999999527e-01 6.927019910999999697e-01 3.879018651000000206e-01 -3.035166685680000254e-01
1.413393926755760431e+09 -7.357874604999999901e-01 2.820907566299999836e+00 1.797144579500000061e+00 5.243035596999999770e-01 6.882377321999999520e-01 3.960812852000000217e-01 -3.074966939529999999e-01
1.413393926805760622e+09 -7.804603369999999485e-01 2.831304148300000101e+00 1.792643773500000037e+00 5.205202319999999716e-01 6.842359118999999934e-01 4.047586778999999746e-01 -3.115289996689999952e-01
1.413393926855760336e+09 -8.232447293000000332e-01 2.841126805500000074e+00 1.792494466299999978e+00 5.150670595999999879e-01 6.804584814999999898e-01 4.145322114000000169e-01 -3.159829503070000212e-01
1.413393926905760527e+09 -8.634171258999999710e-01 2.850154110200000090e+00 1.795914404799999975e+00 5.068991873999999509e-01 6.783336315000000338e-01 4.254295452999999894e-01 -3.192591425049999820e-01
1.413393926955760479e+09 -9.016800810999999749e-01 2.858557094900000095e+00 1.803389193099999899e+00 4.973558158999999979e-01 6.769316989000000451e-01 4.357750566999999964e-01 -3.232657844010000114e-01
1.413393927005760431e+09 -9.377872819000000471e-01 2.866802844399999994e+00 1.814561859499999930e+00 4.867296893999999985e-01 6.767965596999999667e-01 4.464308203999999836e-01 -3.251771038210000131e-01
1.413393927055760384e+09 -9.733261946000000275e-01 2.875517529300000152e+00 1.829649702900000063e+00 4.745802779000000138e-01 6.787285405999999854e-01 4.546168955000000067e-01 -3.277569316560000057e-01
1.413393927105760574e+09 -1.008862410899999951e+00 2.885327911900000153e+00 1.848253579000000091e+00 4.640438191999999851e-01 6.801739736999999897e-01 4.604640687000000066e-01 -3.316617867819999788e-01
1.413393927155760288e+09 -1.044648011700000101e+00 2.896255539199999784e+00 1.868557819899999917e+00 4.538586779000000071e-01 6.819988350000000255e-01 4.635395843999999821e-01 -3.376698731989999924e-01
1.413393927205760479e+09 -1.080524711600000076e+00 2.909135322300000048e+00 1.889485069200000034e+00 4.456300873999999856e-01 6.833864419999999829e-01 4.651174016999999883e-01 -3.436023846569999929e-01
1.413393927255760431e+09 -1.116355901199999945e+00 2.923898827099999931e+00 1.910229990699999991e+00 4.359490677999999786e-01 6.861972679000000186e-01 4.666836171000000033e-01 -3.482644415889999956e-01
1.413393927305760622e+09 -1.152380379700000068e+00 2.941005468699999792e+00 1.930462801100000014e+00 4.267651370000000166e-01 6.885875743999999576e-01 4.709249053999999823e-01 -3.492111162479999975e-01
1.413393927355760336e+09 -1.189113362100000071e+00 2.960908352800000198e+00 1.950332531299999950e+00 4.205085617000000053e-01 6.884587926999999885e-01 4.785981738999999791e-01 -3.466133698819999776e-01
1.413393927405760527e+09 -1.226930495499999996e+00 2.983867473200000120e+00 1.970327060200000036e+00 4.189342476999999842e-01 6.849969183999999878e-01 4.878331089999999870e-01 -3.424794527850000270e-01
1.413393927455760479e+09 -1.266442773300000102e+00 3.009467330900000182e+00 1.990881406800000031e+00 4.242423644000000160e-01 6.765906954999999501e-01 4.985512831000000200e-01 -3.371795739110000079e-01
1.413393927505760431e+09 -1.307885781800000036e+00 3.036844294000000222e+00 2.012290462000000169e+00 4.331752571999999968e-01 6.659099886999999551e-01 5.085574148000000516e-01 -3.321030552309999773e-01
1.413393927555760384e+09 -1.351062059700000040e+00 3.064852858200000085e+00 2.034231468199999782e+00 4.418431114999999965e-01 6.552602924999999523e-01 5.181498271000000155e-01 -3.270005666420000012e-01
1.413393927605760574e+09 -1.395877847599999999e+00 3.092297815499999825e+00 2.056784694800000146e+00 4.501888117000000245e-01 6.434173757000000160e-01 5.283707018000000089e-01 -3.227514769670000172e-01
1.413393927655760288e+09 -1.442286660900000017e+00 3.118509581000000086e+00 2.080064450800000131e+00 4.586515789999999759e-01 6.305348767999999771e-01 5.380441380999999579e-01 -3.202702040709999864e-01
1.413393927705760479e+09 -1.490221306300000048e+00 3.142621267300000021e+00 2.104282966199999994e+00 4.678950841999999777e-01 6.163214068000000267e-01 5.466385857000000126e-01 -3.200130782930000195e-01
1.413393927755760431e+09 -1.539420095699999935e+00 3.164186414700000061e+00 2.129414238099999857e+00 4.783101967999999760e-01 6.015847378999999995e-01 5.544210954999999608e-01 -3.192685509929999998e-01
1.413393927805760622e+09 -1.589612279900000091e+00 3.182318083400000219e+00 2.155809260099999847e+00 4.885347418000000053e-01 5.878625975000000281e-01 5.602006820999999581e-01 -3.192594059439999854e-01
1.413393927855760336e+09 -1.640520217399999980e+00 3.195997237099999833e+00 2.183570172100000040e+00 4.960352859000000114e-01 5.773315980000000014e-01 5.636991506999999846e-01 -3.207498847610000259e-01
1.413393927905760527e+09 -1.691466409100000012e+00 3.204636405800000087e+00 2.212481678200000079e+00 4.997465566000000026e-01 5.708694881000000443e-01 5.648373418000000035e-01 -3.245307134850000108e-01
1.413393927955760479e+09 -1.742051103299999903e+00 3.208584104799999892e+00 2.241669008000000129e+00 5.025339265999999583e-01 5.661562570999999489e-01 5.657135625000000445e-01 -3.269478710170000135e-01
1.413393928005760431e+09 -1.792088305700000106e+00 3.207952810400000132e+00 2.269704107099999923e+00 5.049561915000000401e-01 5.626966633000000106e-01 5.656735059999999926e-01 -3.292494410680000261e-01
1.413393928055760384e+09 -1.841259625299999980e+00 3.203031430899999865e+00 2.295278244999999995e+00 5.072198146999999935e-01 5.597808789999999535e-01 5.662994870999999986e-01 -3.296639471460000026e-01
1.413393928105760574e+09 -1.889459228900000065e+00 3.193571809199999834e+00 2.318921695499999824e+00 5.097306512000000511e-01 5.573145950000000237e-01 5.660167838999999868e-01 -3.304543929139999725e-01
1.413393928155760288e+09 -1.936524284000000096e+00 3.179300936400000221e+00 2.340731509899999896e+00 5.113403943000000007e-01 5.558061898999999695e-01 5.654999506000000231e-01 -3.313914397430000047e-01
1.413393928205760479e+09 -1.982532630199999923e+00 3.160441892999999780e+00 2.360654746099999812e+00 5.117674062999999496e-01 5.558295554000000083e-01 5.651456167999999725e-01 -3.312975384199999818e-01
1.413393928255760431e+09 -2.027744898199999923e+00 3.136682284499999973e+00 2.378678327599999864e+00 5.080575347000000352e-01 5.596036785000000346e-01 5.637560159000000182e-01 -3.330171450080000040e-01
1.413393928305760622e+09 -2.071944438000000055e+00 3.108089911700000041e+00 2.395147853200000121e+00 4.991373069000000218e-01 5.678043184000000076e-01 5.599240000999999856e-01 -3.390358666550000177e-01
1.413393928355760336e+09 -2.115388112599999815e+00 3.075338568399999861e+00 2.411175588199999886e+00 4.891563891999999858e-01 5.766864612000000001e-01 5.525053080999999811e-01 -3.505661662189999972e-01
1.413393928405760527e+09 -2.158160877199999828e+00 3.039850993099999954e+00 2.425325489100000009e+00 4.809610904000000131e-01 5.840723384999999546e-01 5.438698220000000028e-01 -3.629621875740000059e-01
1.413393928455760479e+09 -2.199254191100000089e+00 3.002477968900000072e+00 2.436263484599999973e+00 4.733095113999999937e-01 5.908705023000000445e-01 5.357810719000000166e-01 -3.738834028570000023e-01
1.413393928505760431e+09 -2.239002012499999861e+00 2.964200868099999830e+00 2.444553398500000085e+00 4.678930821000000240e-01 5.957892754000000402e-01 5.279305482999999688e-01 -3.839277785960000244e-01
1.413393928555760384e+09 -2.277793336299999805e+00 2.925934176300000189e+00 2.450783124600000029e+00 4.659000486000000052e-01 5.982186240000000321e-01 5.204169766999999780e-01 -3.927311966939999732e-01
1.413393928605760574e+09 -2.315053901200000208e+00 2.887820455600000003e+00 2.455780883200000098e+00 4.681052473999999797e-01 5.972418493000000161e-01 5.127596725999999938e-01 -4.015683863949999766e-01
1.413393928655760288e+09 -2.349836898099999960e+00 2.849987606400000040e+00 2.459990327499999907e+00 4.700160232999999743e-01 5.966322114000000010e-01 5.064516863000000368e-01 -4.081931303940000144e-01
1.413393928705760479e+09 -2.381737601499999801e+00 2.812822736499999809e+00 2.463998642600000011e+00 4.726082952999999809e-01 5.958337001000000299e-01 5.035745699000000464e-01 -4.099222531649999723e-01
1.413393928755760431e+09 -2.410434162400000080e+00 2.776097967000000111e+00 2.468009750499999821e+00 4.741739332000000084e-01 5.961259160999999862e-01 5.023283420999999915e-01 -4.092178026180000039e-01
1.413393928805760622e+09 -2.436129648000000092e+00 2.740108101500000171e+00 2.472142255600000116e+00 4.795286992000000192e-01 5.942324043000000167e-01 5.038571630999999496e-01 -4.038168340759999975e-01
1.413393928855760336e+09 -2.458660512699999856e+00 2.704143112500000168e+00 2.476518375199999955e+00 4.839473029999999953e-01 5.930003441000000208e-01 5.058874069000000029e-01 -3.977732160040000076e-01
1.413393928905760527e+09 -2.478711504300000090e+00 2.668295603399999827e+00 2.481319923200000055e+00 4.907249537999999744e-01 5.907475349999999903e-01 5.079153181000000128e-01 -3.901645797519999737e-01
1.413393928955760479e+09 -2.495920515599999945e+00 2.632336241199999982e+00 2.486413869500000207e+00 4.977379546999999849e-01 5.899105669999999968e-01 5.089717040000000248e-01 -3.810646347700000214e-01
1.413393929005760431e+09 -2.510449058299999869e+00 2.595382955499999866e+00 2.492146905799999868e+00 5.042032466000000435e-01 5.910817793000000542e-01 5.083770628999999541e-01 -3.714218331990000177e-01
1.413393929055760384e+09 -2.522597541700000168e+00 2.556961539100000014e+00 2.498684453100000091e+00 5.086062644000000077e-01 5.954038341999999817e-01 5.051537483000000384e-01 -3.628134956890000096e-01
1.413393929105760574e+09 -2.532470713599999979e+00 2.516965131900000152e+00 2.506163903300000051e+00 5.139644340000000255e-01 6.000796220999999875e-01 5.006583556999999463e-01 -3.536753010209999770e-01
1.413393929155760288e+09 -2.540127996599999882e+00 2.474938674100000124e+00 2.514714907800000177e+00 5.190937040999999974e-01 6.055296681999999819e-01 4.945792807000000124e-01 -3.453503762769999930e-01
1.413393929205760479e+09 -2.545786761500000051e+00 2.431095110199999798e+00 2.523521978799999843e+00 5.223444096999999564e-01 6.134629700999999491e-01 4.880505708000000276e-01 -3.355981858189999723e-01
1.413393929255760431e+09 -2.549423472900000043e+00 2.385397685400000078e+00 2.533173939000000097e+00 5.243174006999999914e-01 6.235682997000000505e-01 4.791595765000000173e-01 -3.265883328749999981e-01
1.413393929305760622e+09 -2.551443320000000181e+00 2.337478909000000105e+00 2.543266249999999840e+00 5.243787994999999924e-01 6.354047529999999888e-01 4.687905877999999915e-01 -3.186268339539999883e-01
1.413393929355760336e+09 -2.552353173200000214e+00 2.287765591799999942e+00 2.554314873100000050e+00 5.238170129000000452e-01 6.485133759000000220e-01 4.563432330000000148e-01 -3.111221495670000170e-01
1.413393929405760527e+09 -2.552553842900000092e+00 2.236664036500000119e+00 2.566082101300000140e+00 5.233778535999999981e-01 6.616364064999999961e-01 4.423805107000000070e-01 -3.043228083510000070e-01
1.413393929455760479e+09 -2.551993316199999917e+00 2.184652476700000179e+00 2.578202876499999796e+00 5.242661062000000260e-01 6.735974889000000410e-01 4.283544224999999983e-01 -2.965197490300000016e-01
1.413393929505760431e+09 -2.550381587700000008e+00 2.132137776400000018e+00 2.590613513400000123e+00 5.256916552999999492e-01 6.853354356999999952e-01 4.148577044999999797e-01 -2.861061151579999962e-01
1.413393929555760384e+09 -2.548056007700000070e+00 2.078945414300000127e+00 2.603455267599999789e+00 5.272272699000000173e-01 6.966076883999999803e-01 4.010998065999999973e-01 -2.754779110819999821e-01
1.413393929605760574e+09 -2.545196592699999982e+00 2.025456411800000023e+00 2.616864026000000010e+00 5.302970058999999514e-01 7.065335537000000388e-01 3.873061778999999927e-01 -2.637979296030000254e-01
1.413393929655760288e+09 -2.541995284900000041e+00 1.971643767400000025e+00 2.630460110200000035e+00 5.335626141999999517e-01 7.159935791999999521e-01 3.735076589999999919e-01 -2.513088937140000034e-01
1.413393929705760479e+09 -2.538797166100000169e+00 1.917585791600000089e+00 2.644719388800000015e+00 5.375082340000000292e-01 7.241908621000000545e-01 3.592228398000000267e-01 -2.399821766549999902e-01
1.413393929755760431e+09 -2.535653896799999973e+00 1.863140903699999962e+00 2.659382941700000114e+00 5.404109951000000134e-01 7.327789537000000131e-01 3.440232936000000019e-01 -2.294317653619999953e-01
1.413393929805760622e+09 -2.532640455800000190e+00 1.808517843500000000e+00 2.674603423299999783e+00 5.421460058000000526e-01 7.416508031999999861e-01 3.268452203000000167e-01 -2.218197388479999921e-01
1.413393929855760336e+09 -2.529613727500000131e+00 1.753855220499999978e+00 2.690174487500000211e+00 5.422534924999999895e-01 7.511270393000000212e-01 3.074509233000000119e-01 -2.173551253040000020e-01
1.413393929905760527e+09 -2.526503283099999830e+00 1.699500004999999980e+00 2.706656323799999875e+00 5.419441453000000131e-01 7.600804559999999599e-01 2.860646418000000191e-01 -2.161972813270000016e-01
1.413393929955760479e+09 -2.522704621699999983e+00 1.645984230600000098e+00 2.723241819900000138e+00 5.411664372000000167e-01 7.684218497000000481e-01 2.653060858999999883e-01 -2.151265419379999877e-01
1.413393930005760431e+09 -2.517802570899999814e+00 1.593792428800000049e+00 2.739202471600000077e+00 5.408620611000000133e-01 7.757188674999999645e-01 2.457168976000000116e-01 -2.129593287629999998e-01
1.413393930055760384e+09 -2.511612972400000032e+00 1.543314241100000039e+00 2.753124753299999838e+00 5.406093934000000267e-01 7.822998178000000191e-01 2.275296156000000125e-01 -2.097111176829999923e-01
1.413393930105760574e+09 -2.503800879199999940e+00 1.494359410599999993e+00 2.764831557099999948e+00 5.406248891999999584e-01 7.878240441999999621e-01 2.114721645000000039e-01 -2.057608519789999868e-01
1.413393930155760288e+09 -2.494356100500000117e+00 1.447266079999999899e+00 2.774301056000000099e+00 5.419340915999999453e-01 7.914234610999999475e-01 1.988232054999999887e-01 -2.010613802410000095e-01
1.413393930205760479e+09 -2.483282266899999868e+00 1.401819342700000082e+00 2.781111066399999832e+00 5.433700833000000285e-01 7.940196926999999461e-01 1.887245254999999899e-01 -1.966335008239999960e-01
1.413393930255760431e+09 -2.470424881400000050e+00 1.357918431799999937e+00 2.785206218299999925e+00 5.452017743000000527e-01 7.955487347999999903e-01 1.828517642999999970e-01 -1.908467137319999896e-01
1.413393930305760622e+09 -2.455749285100000012e+00 1.315727913399999949e+00 2.786217331200000036e+00 5.477429824999999752e-01 7.961224492999999791e-01 1.802211112000000059e-01 -1.835402459759999938e-01
1.413393930355760336e+09 -2.439090116800000096e+00 1.275225389800000109e+00 2.783727230799999841e+00 5.520588767999999869e-01 7.952072086999999456e-01 1.841400279000000029e-01 -1.702026494810000012e-01
1.413393930405760527e+09 -2.421290064299999933e+00 1.235538933600000000e+00 2.778689810199999943e+00 5.555343324000000527e-01 7.940362774000000456e-01 1.895796406999999961e-01 -1.579479521730000058e-01
1.413393930455760479e+09 -2.402973135399999904e+00 1.196797286100000024e+00 2.770040560900000060e+00 5.585377727000000458e-01 7.926956456000000539e-01 1.957804588000000012e-01 -1.460793685410000098e-01
1.413393930505760431e+09 -2.384800538299999939e+00 1.158579309000000057e+00 2.756514344999999810e+00 5.606879651999999714e-01 7.915025343999999574e-01 2.009715454999999873e-01 -1.369787631080000012e-01
1.413393930555760384e+09 -2.367232597900000179e+00 1.120341655000000047e+00 2.738033132900000055e+00 5.622407790000000238e-01 7.903845845000000425e-01 2.032139681000000031e-01 -1.337220933419999980e-01
1.413393930605760574e+09 -2.350492590600000042e+00 1.082297210599999948e+00 2.714713723300000048e+00 5.635902243999999506e-01 7.893119141000000116e-01 2.021494927999999969e-01 -1.359718490150000070e-01
1.413393930655760288e+09 -2.334020730899999840e+00 1.044510003100000084e+00 2.685993645599999979e+00 5.649765876000000242e-01 7.880196253000000262e-01 1.999269002000000073e-01 -1.409104685160000037e-01
1.413393930705760479e+09 -2.317462957200000062e+00 1.006882668200000053e+00 2.652689789500000117e+00 5.666523723999999929e-01 7.863709309999999952e-01 1.973955122000000117e-01 -1.468361657629999872e-01
1.413393930755760431e+09 -2.300819253899999861e+00 9.698526364999999760e-01 2.617402419899999888e+00 5.688999783000000532e-01 7.841628479000000151e-01 1.948084226000000030e-01 -1.532681349670000082e-01
1.413393930805760622e+09 -2.283666398899999894e+00 9.335035312999999668e-01 2.581569532800000122e+00 5.709813231000000489e-01 7.818912376000000108e-01 1.940873187000000111e-01 -1.579763712020000044e-01
1.413393930855760336e+09 -2.265582881899999901e+00 8.974365211000000508e-01 2.546963318800000042e+00 5.721005841999999841e-01 7.802939816999999723e-01 1.935543866999999973e-01 -1.624158952610000040e-01
1.413393930905760527e+09 -2.245990811199999992e+00 8.617917675999999805e-01 2.514811140299999970e+00 5.721234176999999699e-01 7.796507951000000158e-01 1.949703875000000086e-01 -1.637253206900000091e-01
1.413393930955760479e+09 -2.224887960199999792e+00 8.262128970000000017e-01 2.485781314700000078e+00 5.709048812000000472e-01 7.797347825999999538e-01 1.985169341999999948e-01 -1.633166013579999964e-01
1.413393931005760431e+09 -2.202872463799999903e+00 7.910590408000000018e-01 2.461427838900000165e+00 5.694025495000000214e-01 7.800707775999999871e-01 2.001650869000000110e-01 -1.649371289709999910e-01
1.413393931055760384e+09 -2.179490931400000164e+00 7.566199676999999513e-01 2.441201597700000114e+00 5.677155511000000487e-01 7.808484963999999806e-01 2.029026398999999869e-01 -1.637229287560000024e-01
1.413393931105760574e+09 -2.155510104299999785e+00 7.225041285000000091e-01 2.425984605200000033e+00 5.666872937000000388e-01 7.808484009999999698e-01 2.040384027999999905e-01 -1.658602305830000068e-01
1.413393931155760288e+09 -2.130231735599999787e+00 6.886847245999999645e-01 2.414090810999999892e+00 5.635857894000000368e-01 7.826325514999999955e-01 2.055428367999999895e-01 -1.661610350780000078e-01
1.413393931205760479e+09 -2.104224540100000151e+00 6.556841661000000210e-01 2.405560267799999874e+00 5.605956653000000456e-01 7.844186149999999857e-01 2.066832134000000099e-01 -1.664391351089999915e-01
1.413393931255760431e+09 -2.077995569200000059e+00 6.235305720999999579e-01 2.398676480599999827e+00 5.568768496999999540e-01 7.864000810000000286e-01 2.075464915000000132e-01 -1.684860252100000011e-01
1.413393931305760622e+09 -2.051090090100000207e+00 5.924077855999999587e-01 2.390668292199999989e+00 5.534028515000000148e-01 7.884617500999999695e-01 2.073366184999999862e-01 -1.705428952939999909e-01
1.413393931355760336e+09 -2.023713427100000128e+00 5.623455563999999463e-01 2.380374870599999859e+00 5.503027016999999521e-01 7.902293927000000329e-01 2.064235611999999942e-01 -1.734755222890000115e-01
1.413393931405760527e+09 -1.995968310499999898e+00 5.336505425999999996e-01 2.367391543700000156e+00 5.462926479999999918e-01 7.923990350999999821e-01 2.050598304000000038e-01 -1.778161351939999968e-01
1.413393931455760479e+09 -1.967462250100000087e+00 5.067842992000000102e-01 2.352213003300000160e+00 5.437047971999999785e-01 7.937759685999999926e-01 2.030518339999999866e-01 -1.818646690559999890e-01
1.413393931505760431e+09 -1.937960235500000072e+00 4.814581688999999831e-01 2.335464298000000216e+00 5.412698320000000063e-01 7.949541637000000494e-01 2.012005068999999924e-01 -1.859924801550000006e-01
1.413393931555760384e+09 -1.906613732400000094e+00 4.568324677999999750e-01 2.315464847599999931e+00 5.398184476999999815e-01 7.954757990999999917e-01 2.003080140000000064e-01 -1.889206078450000048e-01
1.413393931605760574e+09 -1.874046484900000031e+00 4.339302226999999790e-01 2.292291723099999956e+00 5.376079123000000459e-01 7.965502217000000051e-01 2.001064949999999953e-01 -1.909001508329999930e-01
1.413393931655760288e+09 -1.840153441500000042e+00 4.131124427000000265e-01 2.267386397900000183e+00 5.375643487000000276e-01 7.961719483000000430e-01 2.003106662999999954e-01 -1.923809678070000084e-01
1.413393931705760479e+09 -1.805323792400000071e+00 3.949075954999999860e-01 2.240655339099999921e+00 5.372743375999999849e-01 7.960921032000000119e-01 2.007600965000000126e-01 -1.930518919950000023e-01
1.413393931755760431e+09 -1.769478299600000026e+00 3.787585109000000116e-01 2.211934837299999845e+00 5.372481529000000533e-01 7.956732023000000487e-01 2.019727300999999975e-01 -1.935861402769999962e-01
1.413393931805760622e+09 -1.732551852999999920e+00 3.651303222999999765e-01 2.181649807699999943e+00 5.374353787000000215e-01 7.953136774000000297e-01 2.031938027999999896e-01 -1.932657415200000062e-01
1.413393931855760336e+09 -1.694254186900000070e+00 3.535166267000000029e-01 2.150633029000000196e+00 5.375440716999999591e-01 7.950112304999999990e-01 2.046040697000000019e-01 -1.927191971749999955e-01
1.413393931905760527e+09 -1.654586450400000075e+00 3.440862594999999913e-01 2.120162608699999840e+00 5.373883845000000381e-01 7.948899498000000508e-01 2.058896829000000095e-01 -1.922839839040000054e-01
1.413393931955760479e+09 -1.613679678000000006e+00 3.369821747999999784e-01 2.091209838999999793e+00 5.379836931999999461e-01 7.942732961999999786e-01 2.073667483999999950e-01 -1.915789874040000063e-01
1.413393932005760431e+09 -1.571596304899999907e+00 3.321419601999999749e-01 2.063664398199999805e+00 5.385228877000000081e-01 7.938006085000000045e-01 2.091986858999999865e-01 -1.900252697890000009e-01
1.413393932055760384e+09 -1.528340179399999998e+00 3.293124836999999916e-01 2.037397860800000071e+00 5.386990379999999634e-01 7.935551681000000412e-01 2.122587429999999997e-01 -1.871356929870000019e-01
1.413393932105760574e+09 -1.484227921300000030e+00 3.287043635999999935e-01 2.012488352600000141e+00 5.388723370000000346e-01 7.933877622999999657e-01 2.156945311000000032e-01 -1.833802943939999985e-01
1.413393932155760288e+09 -1.439350763900000052e+00 3.299059482999999737e-01 1.988492712400000029e+00 5.394386000999999986e-01 7.930153398000000520e-01 2.203602229000000134e-01 -1.776908545260000027e-01
1.413393932205760479e+09 -1.394058680699999941e+00 3.328885292000000051e-01 1.965402910599999942e+00 5.406605508999999810e-01 7.922177281000000182e-01 2.253425322000000008e-01 -1.711665364749999918e-01
1.413393932255760431e+09 -1.348944323700000059e+00 3.375636818000000150e-01 1.943341469799999999e+00 5.426862027000000088e-01 7.907895703999999748e-01 2.311416052999999970e-01 -1.634536603510000075e-01
1.413393932305760622e+09 -1.304413717300000108e+00 3.433046804000000063e-01 1.922372098399999896e+00 5.439439178999999625e-01 7.898018063999999727e-01 2.361617483000000017e-01 -1.567346467350000105e-01
1.413393932355760336e+09 -1.260683409499999907e+00 3.500192938000000198e-01 1.902491506300000079e+00 5.453014228000000463e-01 7.888859471000000401e-01 2.400549318999999904e-01 -1.505953200039999995e-01
1.413393932405760527e+09 -1.218358659700000013e+00 3.573215401000000013e-01 1.883596955200000034e+00 5.458292491999999774e-01 7.885031317999999789e-01 2.427788308999999922e-01 -1.462589521300000084e-01
1.413393932455760479e+09 -1.177468280300000059e+00 3.653199326000000080e-01 1.865239614799999890e+00 5.462144414999999809e-01 7.883346642999999876e-01 2.448938227999999939e-01 -1.421451952399999941e-01
1.413393932505760431e+09 -1.138295645099999920e+00 3.740709877999999766e-01 1.847435831399999895e+00 5.468265346999999776e-01 7.881606574999999726e-01 2.460483964000000079e-01 -1.387216837759999988e-01
1.413393932555760384e+09 -1.101113315999999953e+00 3.833832723000000220e-01 1.830531319100000109e+00 5.484341753000000486e-01 7.872479516000000510e-01 2.468931621000000076e-01 -1.360308224250000031e-01
1.413393932605760574e+09 -1.065990627099999921e+00 3.931305307999999887e-01 1.814922826399999911e+00 5.513853042999999898e-01 7.855129236000000237e-01 2.465497604000000120e-01 -1.347475737419999986e-01
1.413393932655760288e+09 -1.032822218399999992e+00 4.031606991999999723e-01 1.800371494199999978e+00 5.549535341000000344e-01 7.834492057999999925e-01 2.454877692999999916e-01 -1.340510056560000052e-01
1.413393932705760479e+09 -1.001505906500000043e+00 4.128941626000000031e-01 1.786658344999999981e+00 5.574812833000000190e-01 7.820432566999999668e-01 2.442439385999999879e-01 -1.340442532680000132e-01
1.413393932755760431e+09 -9.718124975999999915e-01 4.224735852000000014e-01 1.773897662500000028e+00 5.599282607000000134e-01 7.808149164000000031e-01 2.425668437000000066e-01 -1.340512420359999957e-01
1.413393932805760622e+09 -9.436403843999999763e-01 4.318748924999999961e-01 1.762037150600000102e+00 5.626289647000000116e-01 7.793692014999999973e-01 2.411032677000000124e-01 -1.337965249299999937e-01
1.413393932855760336e+09 -9.167825555999999931e-01 4.409811726000000265e-01 1.750453317899999917e+00 5.643978929999999838e-01 7.784589464000000181e-01 2.411381730000000112e-01 -1.315639337360000050e-01
1.413393932905760527e+09 -8.916137293000000463e-01 4.495919364000000029e-01 1.740012067499999926e+00 5.668592983000000363e-01 7.770837710000000342e-01 2.409335251999999983e-01 -1.294696305270000014e-01
1.413393932955760479e+09 -8.682872662999999713e-01 4.578950086999999947e-01 1.731549511299999899e+00 5.729643876000000136e-01 7.730834336999999890e-01 2.394812731000000028e-01 -1.292382870680000018e-01
1.413393933005760431e+09 -8.466803811999999985e-01 4.650445910000000072e-01 1.724363711200000093e+00 5.817890395999999464e-01 7.666451915999999978e-01 2.378324733999999940e-01 -1.311959528789999885e-01
1.413393933055760384e+09 -8.261662815000000437e-01 4.703598749999999828e-01 1.717697477400000006e+00 5.897111390999999481e-01 7.604498089000000238e-01 2.369998920999999981e-01 -1.333713301570000065e-01
1.413393933105760574e+09 -8.066163370000000166e-01 4.733540662999999871e-01 1.712060516600000026e+00 5.977835728000000515e-01 7.539550077000000128e-01 2.356855743000000059e-01 -1.365977912149999862e-01
1.413393933155760288e+09 -7.873991817000000060e-01 4.737415132000000195e-01 1.706808646899999893e+00 6.023759429999999693e-01 7.502538232000000029e-01 2.338438696000000039e-01 -1.399266547559999962e-01
1.413393933205760479e+09 -7.683482727999999540e-01 4.712915867999999953e-01 1.702850051800000042e+00 6.046837062000000040e-01 7.484339090999999611e-01 2.310786089999999904e-01 -1.442462324730000023e-01
1.413393933255760431e+09 -7.493887254000000109e-01 4.656991337999999980e-01 1.700135166899999994e+00 6.037704112999999762e-01 7.490684240999999632e-01 2.270610560000000111e-01 -1.510002096199999921e-01
1.413393933305760622e+09 -7.301755402999999811e-01 4.575509991999999748e-01 1.699065893800000060e+00 6.018905812999999494e-01 7.505274638000000165e-01 2.207826290999999885e-01 -1.602850116660000102e-01
1.413393933355760336e+09 -7.100441728999999924e-01 4.469374857000000256e-01 1.698710384900000037e+00 5.991630658000000054e-01 7.524363094999999557e-01 2.151703299999999930e-01 -1.689525075839999890e-01
1.413393933405760527e+09 -6.884787635000000350e-01 4.342786291999999881e-01 1.699532889100000110e+00 5.942249389000000548e-01 7.559384720999999807e-01 2.088211108999999954e-01 -1.784586563320000041e-01
1.413393933455760479e+09 -6.650019590000000314e-01 4.200841417999999772e-01 1.700426669100000066e+00 5.862755610000000006e-01 7.617162383000000148e-01 2.028198086000000122e-01 -1.869049601220000023e-01
1.413393933505760431e+09 -6.394694369000000211e-01 4.047815771000000118e-01 1.701206911100000108e+00 5.759245052000000475e-01 7.688984129999999473e-01 1.976007136000000053e-01 -1.950901145099999956e-01
1.413393933555760384e+09 -6.117246865000000033e-01 3.896894598999999793e-01 1.700947272300000090e+00 5.657035277999999945e-01 7.759249587000000004e-01 1.933373976999999966e-01 -2.013470330719999979e-01
1.413393933605760574e+09 -5.817456446000000003e-01 3.756346336999999980e-01 1.698539485600000010e+00 5.570095242000000502e-01 7.820153138000000004e-01 1.903399128999999912e-01 -2.048491067129999954e-01
1.413393933655760288e+09 -5.491752938999999722e-01 3.630337614999999962e-01 1.694126136099999957e+00 5.519079197999999797e-01 7.858778224000000368e-01 1.900098614999999880e-01 -2.041811668340000052e-01
1.413393933705760479e+09 -5.143162894999999679e-01 3.521703452000000123e-01 1.687774984300000058e+00 5.499009006999999727e-01 7.878335223000000331e-01 1.937697388000000076e-01 -1.984455314809999982e-01
1.413393933755760431e+09 -4.772716651000000199e-01 3.427747850000000263e-01 1.679428108700000033e+00 5.506117480000000119e-01 7.881794310999999942e-01 2.002015641000000068e-01 -1.884654374109999975e-01
1.413393933805760622e+09 -4.385458594000000154e-01 3.343310393000000214e-01 1.668913255899999948e+00 5.521283946999999692e-01 7.877940435000000408e-01 2.073075990000000091e-01 -1.776466723569999906e-01
1.413393933855760336e+09 -3.992608859999999815e-01 3.265110404000000077e-01 1.656637953800000007e+00 5.526650258999999954e-01 7.876978159999999951e-01 2.131136462999999870e-01 -1.693401710709999952e-01
1.413393933905760527e+09 -3.599401765999999947e-01 3.194374138000000141e-01 1.643070770100000022e+00 5.536364675999999596e-01 7.871952532999999530e-01 2.170208411000000004e-01 -1.634388249850000085e-01
1.413393933955760479e+09 -3.210572513000000128e-01 3.136020742999999777e-01 1.629855171400000025e+00 5.569033500000000192e-01 7.850414263999999642e-01 2.199918096000000045e-01 -1.586575599120000069e-01
1.413393934005760431e+09 -2.826590702999999816e-01 3.085452929999999983e-01 1.619515339499999929e+00 5.666450875999999859e-01 7.779133238000000006e-01 2.230265767000000066e-01 -1.549946821510000128e-01
1.413393934055760384e+09 -2.444736348000000059e-01 3.029394999999999727e-01 1.612682881100000021e+00 5.764766704999999547e-01 7.706982495999999960e-01 2.251319079000000112e-01 -1.517052422899999864e-01
1.413393934105760574e+09 -2.068016417000000107e-01 2.962192860999999788e-01 1.610039847399999946e+00 5.854392551999999528e-01 7.637088665000000276e-01 2.267701638000000075e-01 -1.502828617449999959e-01
1.413393934155760288e+09 -1.691469891000000059e-01 2.876142403999999986e-01 1.610176266499999898e+00 5.899984182999999938e-01 7.599751141999999682e-01 2.287644121999999891e-01 -1.483460005380000113e-01
1.413393934205760479e+09 -1.317729843999999872e-01 2.765781257000000104e-01 1.612697944500000036e+00 5.927014700999999608e-01 7.576608178999999499e-01 2.301694854999999929e-01 -1.472313156089999908e-01
1.413393934255760431e+09 -9.504181100000000382e-02 2.630007212000000094e-01 1.615923932699999899e+00 5.908090108000000340e-01 7.586977152999999641e-01 2.300757971000000068e-01 -1.496249215830000034e-01
1.413393934305760622e+09 -5.882651130000000200e-02 2.478347435999999904e-01 1.618927269699999894e+00 5.874818955999999703e-01 7.608850531999999944e-01 2.292503080000000137e-01 -1.528504317870000018e-01
1.413393934355760336e+09 -2.289009809999999895e-02 2.314742984000000003e-01 1.619195395300000007e+00 5.805363054000000078e-01 7.658204318000000344e-01 2.273369225999999910e-01 -1.575264673940000026e-01
1.413393934405760527e+09 1.284071460000000067e-02 2.144558061999999876e-01 1.616404143300000040e+00 5.725887350999999681e-01 7.713990801000000230e-01 2.245778820999999870e-01 -1.632494244119999938e-01
1.413393934455760479e+09 4.883497529999999975e-02 1.971368022999999969e-01 1.610077043300000010e+00 5.656870384000000085e-01 7.761757947999999852e-01 2.219681511000000107e-01 -1.681649490949999881e-01
1.413393934505760431e+09 8.502374090000000550e-02 1.800341099999999972e-01 1.600196252799999996e+00 5.595343847000000537e-01 7.803509974000000238e-01 2.193516379999999877e-01 -1.727959841320000078e-01
1.413393934555760384e+09 1.216408672999999968e-01 1.630964795000000023e-01 1.587443199099999980e+00 5.541507653999999672e-01 7.838586840000000278e-01 2.164247686000000115e-01 -1.778842664939999929e-01
1.413393934605760574e+09 1.586095688999999975e-01 1.473376010000000125e-01 1.572398916600000085e+00 5.500155371999999598e-01 7.865583685000000491e-01 2.134697321000000036e-01 -1.823170733410000022e-01
1.413393934655760288e+09 1.963712975999999943e-01 1.323605123999999911e-01 1.555901742100000096e+00 5.467637158000000497e-01 7.885572115000000215e-01 2.093054578999999915e-01 -1.881972066200000016e-01
1.413393934705760479e+09 2.352040384999999900e-01 1.184493097999999994e-01 1.537344299899999989e+00 5.438115086000000487e-01 7.902518297999999719e-01 2.054210334999999887e-01 -1.938383026749999904e-01
1.413393934755760431e+09 2.747576884999999858e-01 1.055157230000000057e-01 1.516259869800000049e+00 5.383398944999999713e-01 7.927743865999999917e-01 2.015141508999999942e-01 -2.027090944399999872e-01
1.413393934805760622e+09 3.154834960999999827e-01 9.374167760000000349e-02 1.493206802200000016e+00 5.307346963000000306e-01 7.958067044000000090e-01 1.985842771999999923e-01 -2.134868993269999904e-01
1.413393934855760336e+09 3.580062439000000207e-01 8.373064049999999481e-02 1.468013106699999959e+00 5.222388295000000014e-01 7.984918493999999534e-01 1.998511250999999989e-01 -2.230177106579999957e-01
1.413393934905760527e+09 4.026333744000000214e-01 7.585182849999999588e-02 1.440030353300000066e+00 5.126170818999999934e-01 8.011519779000000341e-01 2.062187407999999944e-01 -2.298979482329999990e-01
1.413393934955760479e+09 4.492835526999999773e-01 7.109193710000000221e-02 1.409801621900000024e+00 5.040653268000000464e-01 8.025527263999999716e-01 2.192555669000000040e-01 -2.318496581230000131e-01
1.413393935005760431e+09 4.978891634000000010e-01 6.956872890000000142e-02 1.376901830100000002e+00 5.000987853999999677e-01 8.003825998000000386e-01 2.402996172999999902e-01 -2.270352235429999865e-01
1.413393935055760384e+09 5.472741315000000384e-01 7.122828609999999616e-02 1.341841816799999920e+00 4.980483640999999739e-01 7.956216688999999676e-01 2.667285674000000051e-01 -2.186089165300000026e-01
1.413393935105760574e+09 5.961720485999999486e-01 7.585795010000000171e-02 1.307003075999999986e+00 4.961595434000000138e-01 7.890985926000000372e-01 2.934379408000000189e-01 -2.122340538880000127e-01
1.413393935155760288e+09 6.435652580999999817e-01 8.290075469999999558e-02 1.274696593400000078e+00 4.934935742000000070e-01 7.816115117999999917e-01 3.185967766000000201e-01 -2.098657447360000039e-01
1.413393935205760479e+09 6.883546391000000542e-01 9.191054149999999812e-02 1.246663982799999904e+00 4.898297994999999960e-01 7.734848578999999891e-01 3.421607268999999896e-01 -2.114568016939999962e-01
1.413393935255760431e+09 7.298276982000000412e-01 1.029754789999999948e-01 1.223826344699999957e+00 4.853584090999999989e-01 7.651236697000000087e-01 3.632465678999999836e-01 -2.169444992229999924e-01
1.413393935305760622e+09 7.675396298000000117e-01 1.158520740999999937e-01 1.205109617800000033e+00 4.802870075999999822e-01 7.566420047999999898e-01 3.825629514000000175e-01 -2.246393888809999906e-01
1.413393935355760336e+09 8.014898174000000264e-01 1.300620490000000129e-01 1.190815786900000006e+00 4.747183318000000041e-01 7.483290284000000403e-01 3.991041935999999901e-01 -2.352913371249999996e-01
1.413393935405760527e+09 8.319742203000000114e-01 1.458172444999999984e-01 1.180595539600000077e+00 4.714883143999999970e-01 7.376598877000000165e-01 4.168738499999999902e-01 -2.444848720249999940e-01
1.413393935455760479e+09 8.594535467999999678e-01 1.623297845999999989e-01 1.174270952299999893e+00 4.693133867000000015e-01 7.258552845000000309e-01 4.343269663000000058e-01 -2.534544089779999787e-01
1.413393935505760431e+09 8.832773031999999747e-01 1.794792906000000077e-01 1.171998747900000026e+00 4.687308685000000086e-01 7.123880871000000115e-01 4.517058784999999910e-01 -2.622143885479999992e-01
1.413393935555760384e+09 9.037671427000000257e-01 1.964288401000000017e-01 1.172929508800000020e+00 4.660408745999999880e-01 6.997895499999999824e-01 4.692671645000000002e-01 -2.699792905300000267e-01
1.413393935605760574e+09 9.209705872000000237e-01 2.135555379000000087e-01 1.176003393800000074e+00 4.653324073999999810e-01 6.863214434000000086e-01 4.869205357999999983e-01 -2.744758984430000215e-01
1.413393935655760288e+09 9.344631476000000436e-01 2.305361684999999994e-01 1.180138632500000062e+00 4.640931985000000259e-01 6.746078474000000158e-01 5.030089253999999732e-01 -2.765931600980000016e-01
1.413393935705760479e+09 9.445071264000000077e-01 2.469239071999999868e-01 1.184657748300000035e+00 4.656506713999999936e-01 6.618410027000000140e-01 5.184983847999999895e-01 -2.762161550839999924e-01
1.413393935755760431e+09 9.511160532000000334e-01 2.616792613999999739e-01 1.189292064600000032e+00 4.680594462000000067e-01 6.496078038999999471e-01 5.323888466999999736e-01 -2.747583881360000091e-01
1.413393935805760622e+09 9.540116894000000292e-01 2.739730517999999782e-01 1.194190713700000073e+00 4.723007428000000063e-01 6.360813529000000077e-01 5.460237652999999636e-01 -2.723794569429999757e-01
1.413393935855760336e+09 9.532022073999999456e-01 2.826448418999999990e-01 1.199747901999999922e+00 4.765672966999999760e-01 6.221246048999999889e-01 5.588604587000000068e-01 -2.711449341900000198e-01
1.413393935905760527e+09 9.488135815999999556e-01 2.864528243999999724e-01 1.206016129100000001e+00 4.774025819000000115e-01 6.108154019000000545e-01 5.690388003999999889e-01 -2.742009540950000046e-01
1.413393935955760479e+09 9.411027172000000496e-01 2.840100213000000262e-01 1.213725778699999980e+00 4.704372475999999970e-01 6.058354294000000140e-01 5.736123255999999726e-01 -2.874389124719999855e-01
1.413393936005760431e+09 9.305408345000000248e-01 2.761612339000000249e-01 1.222700415000000040e+00 4.593458747999999980e-01 6.030213473000000102e-01 5.756750832999999457e-01 -3.065368174140000179e-01
1.413393936055760384e+09 9.177076715999999967e-01 2.643965430999999922e-01 1.232278357800000057e+00 4.468938708999999898e-01 5.995825890999999519e-01 5.783026501000000374e-01 -3.261175125329999758e-01
1.413393936105760574e+09 9.030769977000000504e-01 2.493772558000000028e-01 1.242632963699999982e+00 4.332660615000000215e-01 5.949809394999999723e-01 5.810167177999999710e-01 -3.474158534780000251e-01
1.413393936155760288e+09 8.868054896000000520e-01 2.321790173999999929e-01 1.253454659299999996e+00 4.187211402000000082e-01 5.893238807999999773e-01 5.842672073000000355e-01 -3.687842196319999766e-01
1.413393936205760479e+09 8.691203575999999487e-01 2.138739202999999922e-01 1.264916925100000089e+00 4.016354804000000223e-01 5.836245950999999765e-01 5.884339085999999996e-01 -3.896367642729999803e-01
1.413393936255760431e+09 8.504090123999999973e-01 1.955627798000000028e-01 1.276357707699999899e+00 3.850695831000000013e-01 5.759952622999999772e-01 5.944659795000000191e-01 -4.081189449070000141e-01
1.413393936305760622e+09 8.300499648000000397e-01 1.778007798000000028e-01 1.288191296199999947e+00 3.681363563999999755e-01 5.674070373999999806e-01 6.019969105000000376e-01 -4.244108820349999922e-01
1.413393936355760336e+09 8.087956888999999761e-01 1.611501602000000033e-01 1.299437299300000070e+00 3.519572350999999877e-01 5.568555934000000152e-01 6.111549121999999556e-01 -4.387797009689999861e-01
1.413393936405760527e+09 7.864513646999999885e-01 1.463124734000000038e-01 1.310548804099999964e+00 3.378158943999999830e-01 5.445877205000000387e-01 6.210554886000000385e-01 -4.512147118539999724e-01
1.413393936455760479e+09 7.627872557999999525e-01 1.334662053000000015e-01 1.321846594799999997e+00 3.260277306000000097e-01 5.303057665999999504e-01 6.320107138999999652e-01 -4.615670811020000097e-01
1.413393936505760431e+09 7.374835589999999552e-01 1.227349326999999934e-01 1.333674798899999958e+00 3.198383446999999991e-01 5.116010297999999956e-01 6.433468190000000142e-01 -4.712458911690000085e-01
1.413393936555760384e+09 7.107210090000000147e-01 1.140438435000000056e-01 1.345747145400000067e+00 3.161233883999999827e-01 4.914316881999999942e-01 6.537858528000000113e-01 -4.807545712529999737e-01
1.413393936605760574e+09 6.829895664999999783e-01 1.069065604000000030e-01 1.358321243100000020e+00 3.136435678000000227e-01 4.710058779999999889e-01 6.621057770999999592e-01 -4.913218040830000244e-01
1.413393936655760288e+09 6.547298893999999869e-01 1.010255753999999978e-01 1.371653713199999958e+00 3.117578542000000175e-01 4.507325759999999959e-01 6.682010281000000385e-01 -5.031446822689999987e-01
1.413393936705760479e+09 6.264550749999999724e-01 9.644937800000000228e-02 1.385438240999999904e+00 3.098464201999999723e-01 4.317394339999999775e-01 6.729019227000000436e-01 -5.145864936949999802e-01
1.413393936755760431e+09 5.989051545000000365e-01 9.311896930000000683e-02 1.399271536899999946e+00 3.064058899000000058e-01 4.145009151999999863e-01 6.775495526000000490e-01 -5.246246522359999664e-01
1.413393936805760622e+09 5.725199060000000228e-01 9.115411700000000672e-02 1.413128772999999949e+00 3.022893327000000241e-01 3.981988236999999820e-01 6.826400454000000062e-01 -5.329741312389999486e-01
1.413393936855760336e+09 5.477129599000000182e-01 9.052532639999999464e-02 1.427283876499999993e+00 2.974122389000000144e-01 3.820632573000000143e-01 6.881359256000000313e-01 -5.404096368109999604e-01
1.413393936905760527e+09 5.244068200999999485e-01 9.129313000000000011e-02 1.442020840499999901e+00 2.932848229999999723e-01 3.651769022999999947e-01 6.935295643000000121e-01 -5.473998411089999738e-01
1.413393936955760479e+09 5.033079545999999960e-01 9.332331010000000093e-02 1.456962504899999900e+00 2.874833898999999970e-01 3.483217411999999791e-01 6.998795701000000147e-01 -5.533478584750000095e-01
1.413393937005760431e+09 4.845502973999999963e-01 9.656139599999999379e-02 1.472704474499999971e+00 2.834651831000000177e-01 3.294474620999999770e-01 7.059197917999999738e-01 -5.592755200000000260e-01
1.413393937055760384e+09 4.687215839000000162e-01 1.011395667000000026e-01 1.488916952799999915e+00 2.781095465000000266e-01 3.107522034999999905e-01 7.123848492000000032e-01 -5.644430660339999628e-01
1.413393937105760574e+09 4.559534482000000000e-01 1.067409089999999949e-01 1.505858088000000095e+00 2.712679109000000199e-01 2.926417226999999954e-01 7.186562858999999692e-01 -5.694801887999999535e-01
1.413393937155760288e+09 4.463338626000000198e-01 1.136053989000000014e-01 1.523573393399999976e+00 2.630700718999999799e-01 2.757631810000000239e-01 7.243511655000000049e-01 -5.745121358660000288e-01
1.413393937205760479e+09 4.401029611999999758e-01 1.217114682000000059e-01 1.542143326499999967e+00 2.541847728000000139e-01 2.590808472000000195e-01 7.293149903000000212e-01 -5.799714310289999508e-01
1.413393937255760431e+09 4.370004659999999763e-01 1.310225000999999945e-01 1.561354504499999907e+00 2.448142311000000015e-01 2.436499966000000017e-01 7.344156916999999840e-01 -5.842381904129999581e-01
1.413393937305760622e+09 4.371332038999999892e-01 1.415274876000000015e-01 1.581627333699999971e+00 2.344898398999999967e-01 2.296029283000000087e-01 7.389210523000000475e-01 -5.884663871530000367e-01
1.413393937355760336e+09 4.400422888000000143e-01 1.535126095000000079e-01 1.602296436899999899e+00 2.247390313000000028e-01 2.168770468000000007e-01 7.439161723999999642e-01 -5.908006794669999895e-01
1.413393937405760527e+09 4.453081085999999744e-01 1.667658881000000093e-01 1.623523646400000020e+00 2.161000837000000008e-01 2.066104484999999880e-01 7.480600656000000459e-01 -5.924685768830000310e-01
1.413393937455760479e+09 4.527566063999999835e-01 1.816658522000000053e-01 1.643312678200000043e+00 2.078934537999999888e-01 1.988828937999999880e-01 7.540078090999999816e-01 -5.905066724359999686e-01
1.413393937505760431e+09 4.621104316999999906e-01 1.978747271999999890e-01 1.659099425700000019e+00 1.983805083000000080e-01 1.952268729999999952e-01 7.627611072000000103e-01 -5.837183698879999660e-01
1.413393937555760384e+09 4.729736763999999871e-01 2.145305416000000132e-01 1.670612931400000001e+00 1.873179966000000085e-01 1.949474348000000135e-01 7.701864042999999604e-01 -5.776853541390000180e-01
1.413393937605760574e+09 4.845425662000000244e-01 2.312738525999999961e-01 1.676511345300000011e+00 1.780360032999999953e-01 1.954462597999999940e-01 7.762602548999999463e-01 -5.722970887060000456e-01
1.413393937655760288e+09 4.966359971000000040e-01 2.477627354999999976e-01 1.677657384099999982e+00 1.680179052000000117e-01 1.976517600000000097e-01 7.814420114000000250e-01 -5.674963859360000473e-01
1.413393937705760479e+09 5.088277645000000016e-01 2.645308665000000170e-01 1.675299416699999933e+00 1.601417804999999972e-01 2.001292050000000045e-01 7.863567146000000063e-01 -5.620907656529999796e-01
1.413393937755760431e+09 5.207496601000000114e-01 2.811243688999999768e-01 1.671340191399999897e+00 1.540978433000000092e-01 2.024348405999999989e-01 7.918453254999999746e-01 -5.552071419190000023e-01
1.413393937805760622e+09 5.320952556000000389e-01 2.968853724000000138e-01 1.668081976200000094e+00 1.485978421999999965e-01 2.049536137000000091e-01 7.969206694999999563e-01 -5.484798484359999504e-01
1.413393937855760336e+09 5.422291897000000027e-01 3.113185211999999757e-01 1.666221380300000110e+00 1.442352825000000061e-01 2.078084370999999930e-01 8.004779678000000231e-01 -5.433662299929999939e-01
1.413393937905760527e+09 5.505994041999999755e-01 3.239749449000000059e-01 1.666652221299999903e+00 1.444262517999999884e-01 2.075952493999999870e-01 8.015786437999999903e-01 -5.417720443200000346e-01
1.413393937955760479e+09 5.576597118999999658e-01 3.356294199000000034e-01 1.668162908200000016e+00 1.487116025999999924e-01 2.045897110000000074e-01 7.999024383999999710e-01 -5.442278920540000176e-01
1.413393938005760431e+09 5.636665682999999483e-01 3.456968267000000150e-01 1.670514321299999994e+00 1.548389407000000106e-01 2.010977471000000016e-01 7.979433927000000315e-01 -5.466909004209999923e-01
1.413393938055760384e+09 5.691944750999999858e-01 3.545961556000000181e-01 1.673479062700000020e+00 1.633785181000000086e-01 1.956065938000000060e-01 7.956579154999999792e-01 -5.495216117110000020e-01
1.413393938105760574e+09 5.749473415000000420e-01 3.622387919000000234e-01 1.677211409199999892e+00 1.739882566000000019e-01 1.875038948999999955e-01 7.928212418000000206e-01 -5.531770553760000375e-01
1.413393938155760288e+09 5.816427220000000009e-01 3.687387368000000221e-01 1.682075132200000045e+00 1.862596672000000064e-01 1.765065936000000113e-01 7.891941609000000524e-01 -5.579653530599999467e-01
1.413393938205760479e+09 5.904785460999999458e-01 3.741740510000000075e-01 1.687848496600000026e+00 1.981318408999999947e-01 1.629512320000000014e-01 7.855526814000000080e-01 -5.631142462460000386e-01
1.413393938255760431e+09 6.026031009000000216e-01 3.786275318999999806e-01 1.694464702399999911e+00 2.061436701000000093e-01 1.503583937000000093e-01 7.823973822999999994e-01 -5.681122045309999757e-01
1.413393938305760622e+09 6.189662205999999500e-01 3.822418409000000183e-01 1.702226539700000041e+00 2.076462189999999930e-01 1.409614218999999946e-01 7.800919051000000382e-01 -5.731226263169999502e-01
1.413393938355760336e+09 6.400663362999999828e-01 3.851794782999999889e-01 1.711413675099999976e+00 2.015701340000000119e-01 1.349023370000000110e-01 7.782896727000000459e-01 -5.791683916509999808e-01
1.413393938405760527e+09 6.655746447999999482e-01 3.877735311000000129e-01 1.721651429900000085e+00 1.890594388999999875e-01 1.318474625000000122e-01 7.776018009999999814e-01 -5.849856529939999605e-01
1.413393938455760479e+09 6.950861987999999991e-01 3.906188447999999758e-01 1.733026534299999977e+00 1.702191527999999954e-01 1.313350832000000079e-01 7.771979345999999733e-01 -5.913881182019999905e-01
1.413393938505760431e+09 7.272271319999999983e-01 3.942948313999999899e-01 1.744406110699999957e+00 1.514202816999999923e-01 1.292101367999999861e-01 7.781215911000000096e-01 -5.957377177179999928e-01
1.413393938555760384e+09 7.610778132000000085e-01 3.989720735000000240e-01 1.755571251399999921e+00 1.340822225999999950e-01 1.254846819000000058e-01 7.796558875000000333e-01 -5.986754123240000114e-01
1.413393938605760574e+09 7.958942222999999538e-01 4.044478382999999733e-01 1.765139636900000086e+00 1.185052444000000010e-01 1.195015673000000000e-01 7.814460440999999591e-01 -6.008477033029999692e-01
1.413393938655760288e+09 8.312635764000000371e-01 4.114106879000000161e-01 1.771702780600000082e+00 1.033404156999999934e-01 1.131192872999999960e-01 7.839215622999999855e-01 -6.016575183910000124e-01
1.413393938705760479e+09 8.666558207000000236e-01 4.196626782999999805e-01 1.774614190000000091e+00 8.943088450000000189e-02 1.065713055999999992e-01 7.871141041000000449e-01 -6.009126899079999529e-01
1.413393938755760431e+09 9.017874074999999712e-01 4.292314503999999920e-01 1.774845119899999935e+00 7.711463159999999706e-02 9.877827699999999767e-02 7.886182081000000510e-01 -6.019779957709999740e-01
1.413393938805760622e+09 9.363079037000000548e-01 4.406084215000000137e-01 1.772529555099999987e+00 6.766846349999999788e-02 8.912541229999999814e-02 7.883279879000000268e-01 -6.049930771949999508e-01
1.413393938855760336e+09 9.701353418999999478e-01 4.534469554000000180e-01 1.769125538199999959e+00 6.198392750000000090e-02 7.722536380000000200e-02 7.870476075000000238e-01 -6.088926829659999651e-01
1.413393938905760527e+09 1.003575876199999994e+00 4.678485883999999873e-01 1.765568281600000011e+00 5.660330930000000149e-02 6.504651629999999574e-02 7.866079649999999646e-01 -6.114024251749999861e-01
1.413393938955760479e+09 1.036592162999999900e+00 4.840943932999999810e-01 1.762416229000000056e+00 5.149275560000000224e-02 5.284180439999999757e-02 7.871096255999999736e-01 -6.123844193930000346e-01
1.413393939005760431e+09 1.069423983200000094e+00 5.020694301000000470e-01 1.759946151699999906e+00 4.550761629999999780e-02 4.125025219999999687e-02 7.883104899999999748e-01 -6.122042509749999750e-01
1.413393939055760384e+09 1.101859897800000043e+00 5.214651096000000319e-01 1.759076554600000009e+00 4.059254989999999674e-02 2.996954120000000152e-02 7.880334280999999885e-01 -6.135612337989999610e-01
1.413393939105760574e+09 1.134409182900000035e+00 5.417901474999999856e-01 1.761830301000000043e+00 3.466698149999999923e-02 1.916553080000000034e-02 7.803683471000000260e-01 -6.240642000089999808e-01
1.413393939155760288e+09 1.166901239900000053e+00 5.642427998000000278e-01 1.765712090200000084e+00 2.883993979999999874e-02 8.349931200000000608e-03 7.716686833000000467e-01 -6.353156536770000473e-01
1.413393939205760479e+09 1.199458901899999930e+00 5.898166772999999807e-01 1.767956160400000032e+00 2.247171690000000083e-02 -1.149048900000000043e-03 7.700292432999999992e-01 -6.376116891309999701e-01
1.413393939255760431e+09 1.231603655400000052e+00 6.188225078000000323e-01 1.768043084999999959e+00 1.770264159999999920e-02 -9.266374500000000569e-03 7.754454268999999567e-01 -6.310983605850000178e-01
1.413393939305760622e+09 1.263256118099999936e+00 6.505912432999999551e-01 1.766771629700000013e+00 1.331412019999999967e-02 -1.520146709999999936e-02 7.858007631000000215e-01 -6.181495048459999531e-01
1.413393939355760336e+09 1.294331797699999953e+00 6.849782179000000193e-01 1.763413261499999996e+00 1.034312530000000042e-02 -2.000455099999999889e-02 8.013381580999999754e-01 -5.977875827449999901e-01
1.413393939405760527e+09 1.325430564899999997e+00 7.202320325000000079e-01 1.758459746600000040e+00 4.618180099999999975e-03 -2.087618420000000169e-02 8.197790533000000046e-01 -5.722806663609999456e-01
1.413393939455760479e+09 1.356314771899999938e+00 7.547411623999999986e-01 1.751592652500000069e+00 2.667106399999999954e-03 1.897435709999999859e-02 -8.384969275000000444e-01 5.445693371490000212e-01
1.413393939505760431e+09 1.386825275899999932e+00 7.866274003000000015e-01 1.743155971600000020e+00 1.085570079999999965e-02 1.441531769999999935e-02 -8.554106275999999731e-01 5.176359826840000178e-01
1.413393939555760384e+09 1.416517389000000016e+00 8.142152330999999910e-01 1.733235599699999963e+00 1.874519200000000080e-02 9.059905000000000042e-03 -8.691618946000000401e-01 4.940891992309999758e-01
1.413393939605760574e+09 1.444669669799999889e+00 8.364453186000000429e-01 1.721654832100000032e+00 2.468952270000000088e-02 3.589168199999999854e-03 -8.803640983999999614e-01 4.736418474540000090e-01
1.413393939655760288e+09 1.471129149100000033e+00 8.521253753999999958e-01 1.708728663600000086e+00 2.863532079999999910e-02 -1.062504300000000025e-03 -8.894835623000000302e-01 4.560678479220000026e-01
1.413393939705760479e+09 1.495048023400000092e+00 8.596924725000000267e-01 1.694824189300000006e+00 2.558901959999999864e-02 -5.705216999999999624e-04 -8.952027562000000049e-01 4.449234785910000101e-01
1.413393939755760431e+09 1.516786062400000024e+00 8.580318805000000104e-01 1.680934198899999954e+00 1.931135930000000070e-02 2.361649799999999792e-03 -8.961633649000000368e-01 4.432975495340000238e-01
1.413393939805760622e+09 1.536917950399999899e+00 8.465509026999999964e-01 1.668186040099999934e+00 1.143035050000000032e-02 6.541410000000000106e-03 -8.899908608000000054e-01 4.557881357570000014e-01
1.413393939855760336e+09 1.556121494599999933e+00 8.253996228000000102e-01 1.657874430499999940e+00 5.236932399999999835e-03 8.834169600000000427e-03 -8.751201369000000119e-01 4.837967320200000088e-01
1.413393939905760527e+09 1.574615600900000079e+00 7.973873140999999665e-01 1.650813322799999927e+00 2.000395299999999967e-03 7.828696399999999708e-03 -8.526422659000000293e-01 5.224326524769999924e-01
1.413393939955760479e+09 1.592597298000000050e+00 7.659867897000000037e-01 1.646461068400000061e+00 4.543584999999999833e-04 -6.710517099999999645e-03 8.246619054999999587e-01 -5.655859829689999785e-01
1.413393940005760431e+09 1.610219953699999929e+00 7.348825265999999745e-01 1.643287134699999985e+00 8.873134999999999876e-04 -4.504222500000000171e-03 7.961079076000000532e-01 -6.051372770309999538e-01
1.413393940055760384e+09 1.627645866499999983e+00 7.060350382000000202e-01 1.641745760899999906e+00 3.086490700000000132e-03 -5.315659999999999857e-05 -7.678924454000000122e-01 6.405713567199999847e-01
1.413393940105760574e+09 1.644221649799999962e+00 6.818338446999999691e-01 1.640363880300000021e+00 7.437208300000000376e-03 -4.208408599999999625e-03 -7.432142374000000329e-01 6.689989346200000409e-01
1.413393940155760288e+09 1.659569733499999922e+00 6.644187134000000272e-01 1.638667955799999909e+00 1.439074840000000022e-02 -9.230350400000000149e-03 -7.240166370999999712e-01 6.895706027439999497e-01
1.413393940205760479e+09 1.672963834499999969e+00 6.558216982000000250e-01 1.637101228699999966e+00 1.897167229999999899e-02 -1.221449919999999939e-02 -7.086747722999999777e-01 7.051744101529999753e-01
1.413393940255760431e+09 1.684513496199999905e+00 6.551270992000000071e-01 1.634169162599999892e+00 2.266386689999999940e-02 -1.452497510000000033e-02 -7.024196768999999563e-01 7.112538026050000406e-01
1.413393940305760622e+09 1.693827626999999891e+00 6.625998051999999472e-01 1.629829358600000111e+00 2.424380170000000126e-02 -1.537123039999999975e-02 -7.089149930000000488e-01 7.047095117939999875e-01
1.413393940355760336e+09 1.700657085400000046e+00 6.790923212999999681e-01 1.623625845599999895e+00 2.125167320000000137e-02 -1.336589659999999971e-02 -7.268638044999999881e-01 6.863226127979999980e-01
1.413393940405760527e+09 1.704947485699999987e+00 7.029462506000000444e-01 1.617863001899999986e+00 1.610818019999999892e-02 -1.065721139999999990e-02 -7.505270788000000248e-01 6.605573816090000161e-01
1.413393940455760479e+09 1.707253364400000084e+00 7.324661362000000064e-01 1.612098328000000080e+00 1.285199180000000038e-02 -9.680310799999999535e-03 -7.774751801000000517e-01 6.287077716979999620e-01
1.413393940505760431e+09 1.707879316499999911e+00 7.653032491000000270e-01 1.605881575399999983e+00 1.130749799999999916e-02 -1.007379700000000065e-02 -8.070633738000000390e-01 5.902705902520000159e-01
1.413393940555760384e+09 1.707451584700000025e+00 7.987950233999999705e-01 1.601479175499999963e+00 1.393319869999999974e-02 -1.355636669999999919e-02 -8.332162993999999712e-01 5.526053649629999454e-01
1.413393940605760574e+09 1.705682054700000005e+00 8.297390052999999988e-01 1.599642902800000099e+00 1.888761120000000127e-02 -1.985868749999999960e-02 -8.533797720000000364e-01 5.205687807569999714e-01
1.413393940655760288e+09 1.701902365000000028e+00 8.556404444999999859e-01 1.600487064299999984e+00 2.398803940000000107e-02 -2.668340790000000087e-02 -8.673421502999999477e-01 4.964173284569999844e-01
1.413393940705760479e+09 1.695768922899999920e+00 8.746511867999999801e-01 1.603809382999999977e+00 3.092102500000000129e-02 -3.505475610000000075e-02 -8.765579959000000532e-01 4.790210164379999913e-01
1.413393940755760431e+09 1.686695228700000104e+00 8.860840546999999567e-01 1.609535960499999918e+00 4.003596579999999655e-02 -4.605949410000000077e-02 -8.818687300999999978e-01 4.675288090420000042e-01
1.413393940805760622e+09 1.673405521100000071e+00 8.886679435000000016e-01 1.617785725000000063e+00 4.554703580000000335e-02 -5.401297840000000156e-02 -8.814353861000000512e-01 4.669900702900000034e-01
1.413393940855760336e+09 1.654831874499999911e+00 8.826627073999999684e-01 1.628474350400000104e+00 4.232377479999999831e-02 -5.506847909999999791e-02 -8.737892701999999678e-01 4.813195112290000188e-01
1.413393940905760527e+09 1.631680642100000078e+00 8.700551522999999676e-01 1.640362159299999956e+00 3.245098460000000323e-02 -5.000037150000000152e-02 -8.623963677999999522e-01 5.027120460680000180e-01
1.413393940955760479e+09 1.605500264400000043e+00 8.522839533999999606e-01 1.653702162799999931e+00 2.257364270000000034e-02 -4.383322409999999836e-02 -8.469282554999999491e-01 5.294162909209999546e-01
1.413393941005760431e+09 1.576728154700000051e+00 8.311393484000000331e-01 1.668317720199999910e+00 1.309207429999999922e-02 -3.752135429999999688e-02 -8.273801986000000053e-01 5.602345513290000190e-01
1.413393941055760384e+09 1.546404558699999932e+00 8.087194262000000355e-01 1.684576834200000039e+00 7.732739399999999895e-03 -3.382872790000000102e-02 -8.043369229000000287e-01 5.931592841639999891e-01
1.413393941105760574e+09 1.514676569499999959e+00 7.873041684999999568e-01 1.701226230400000095e+00 2.710980999999999894e-03 -2.944907399999999870e-02 -7.810387379000000019e-01 6.237819271019999778e-01
1.413393941155760288e+09 1.481950413999999938e+00 7.689946927999999904e-01 1.717715339600000002e+00 3.559082000000000088e-04 -2.590141799999999897e-02 -7.604495725000000039e-01 6.488801410819999838e-01
1.413393941205760479e+09 1.448426759199999969e+00 7.553751307999999609e-01 1.733106798099999901e+00 9.972901999999999201e-04 2.280356260000000052e-02 7.440369809000000334e-01 -6.677484361130000545e-01
1.413393941255760431e+09 1.414072330700000046e+00 7.473771181999999680e-01 1.746462087300000077e+00 2.043275599999999984e-03 1.972600619999999999e-02 7.359978660999999533e-01 -6.766933210540000410e-01
1.413393941305760622e+09 1.378960663500000017e+00 7.457589123000000209e-01 1.756545320100000085e+00 2.825402700000000100e-03 1.641636470000000167e-02 7.411565928000000136e-01 -6.711254913109999665e-01
1.413393941355760336e+09 1.343340262299999921e+00 7.501104522999999524e-01 1.764980154200000095e+00 2.438852699999999839e-03 1.371564970000000057e-02 7.542954526999999798e-01 -6.563873117449999794e-01
1.413393941405760527e+09 1.307285259499999963e+00 7.594028718999999983e-01 1.772162286399999953e+00 1.718804700000000013e-03 1.135389740000000008e-02 7.725447642999999642e-01 -6.348564576759999634e-01
1.413393941455760479e+09 1.270868413300000110e+00 7.720648774999999686e-01 1.778884225799999941e+00 8.910256999999999553e-04 9.400380899999999720e-03 7.922369261999999690e-01 -6.101405507299999531e-01
1.413393941505760431e+09 1.233647733500000010e+00 7.867455334999999828e-01 1.784999579900000022e+00 7.310100999999999622e-04 7.055207699999999776e-03 8.134531072999999779e-01 -5.815872521270000206e-01
1.413393941555760384e+09 1.195860590699999948e+00 8.013292808999999961e-01 1.791845895500000063e+00 5.684283999999999734e-04 5.120202600000000118e-03 8.324371757999999843e-01 -5.540954870740000260e-01
1.413393941605760574e+09 1.157692876899999890e+00 8.139959750999999910e-01 1.799835690799999943e+00 1.576601999999999919e-04 3.501298700000000149e-03 8.484612425999999985e-01 -5.292459125380000184e-01
1.413393941655760288e+09 1.119075939900000094e+00 8.228309079000000192e-01 1.809200884200000026e+00 2.037964999999999926e-04 1.875914100000000044e-03 8.602548195000000453e-01 -5.098608486229999626e-01
1.413393941705760479e+09 1.079895125399999989e+00 8.267336113000000042e-01 1.818338692600000028e+00 1.138754100000000102e-03 1.822900099999999945e-03 8.691184727999999859e-01 -4.945992928419999934e-01
1.413393941755760431e+09 1.040189009999999969e+00 8.250494197000000085e-01 1.825731833200000098e+00 3.713753099999999793e-03 2.500128900000000206e-03 8.760568291000000452e-01 -4.821870897319999738e-01
1.413393941805760622e+09 1.000158014900000003e+00 8.175340661000000120e-01 1.831222011900000002e+00 7.007235900000000420e-03 3.155266700000000125e-03 8.804820633000000063e-01 -4.740171717930000139e-01
1.413393941855760336e+09 9.600813993000000268e-01 8.026843276999999777e-01 1.835860873699999951e+00 1.039428090000000041e-02 4.368859000000000110e-03 8.798082567999999659e-01 -4.751950160519999855e-01
1.413393941905760527e+09 9.201681009000000078e-01 7.802771266000000372e-01 1.840712450300000080e+00 1.277854020000000063e-02 6.020420999999999759e-03 8.717451516999999983e-01 -4.897559125720000184e-01
1.413393941955760479e+09 8.803127578999999647e-01 7.519468375000000204e-01 1.845702476000000036e+00 1.538250709999999973e-02 7.711277899999999762e-03 8.593980434000000335e-01 -5.110175316920000377e-01
1.413393942005760431e+09 8.407349054999999627e-01 7.189411299000000310e-01 1.851745270299999913e+00 1.747666900000000023e-02 9.565196499999999505e-03 8.423676466999999723e-01 -5.385348835219999630e-01
1.413393942055760384e+09 8.013809857000000481e-01 6.832038340999999626e-01 1.859337276900000058e+00 1.974022879999999883e-02 1.130143840000000059e-02 8.207603624999999514e-01 -5.708196109700000020e-01
1.413393942105760574e+09 7.622225468000000115e-01 6.474949971000000248e-01 1.867403083199999925e+00 2.253947159999999950e-02 1.263782180000000074e-02 7.982628075000000045e-01 -6.017547240430000111e-01
1.413393942155760288e+09 7.236563252000000057e-01 6.138150131999999815e-01 1.875327245900000106e+00 2.524541760000000024e-02 1.358589619999999928e-02 7.771990970000000054e-01 -6.286013489359999484e-01
1.413393942205760479e+09 6.857295950999999778e-01 5.837713746999999564e-01 1.883115455300000018e+00 2.792607780000000081e-02 1.415953130000000004e-02 7.586606102999999823e-01 -6.507332173900000072e-01
1.413393942255760431e+09 6.484165119999999449e-01 5.586805626999999941e-01 1.890113809200000050e+00 3.168047880000000177e-02 1.357047890000000027e-02 7.459676156000000224e-01 -6.650898479389999451e-01
1.413393942305760622e+09 6.120637367000000273e-01 5.394178673999999729e-01 1.897452726400000067e+00 3.362778109999999682e-02 1.381447639999999928e-02 7.370677057000000199e-01 -6.748403735510000168e-01
1.413393942355760336e+09 5.766500906999999509e-01 5.266858540000000088e-01 1.904730797200000048e+00 3.554634410000000189e-02 1.362519029999999937e-02 7.335625365000000286e-01 -6.785549473959999744e-01
1.413393942405760527e+09 5.423623490000000213e-01 5.208584533000000238e-01 1.911243189499999939e+00 3.743383549999999838e-02 1.299433870000000005e-02 7.366342288999999655e-01 -6.751295194190000126e-01
1.413393942455760479e+09 5.092780776999999981e-01 5.215591551999999576e-01 1.917102266899999963e+00 3.911544339999999814e-02 1.282089670000000070e-02 7.460728688000000108e-01 -6.645907621950000177e-01
1.413393942505760431e+09 4.776065536999999916e-01 5.279240850999999957e-01 1.922816303400000093e+00 4.037469269999999916e-02 1.201977660000000045e-02 7.590721863999999597e-01 -6.496420745430000476e-01
1.413393942555760384e+09 4.472117783999999818e-01 5.386587694000000148e-01 1.927514000199999966e+00 4.124035150000000122e-02 1.136527810000000083e-02 7.763830368999999898e-01 -6.288079547399999525e-01
1.413393942605760574e+09 4.178366900000000106e-01 5.526188603999999671e-01 1.930403359500000082e+00 4.131133800000000300e-02 1.170357309999999970e-02 7.964192619000000084e-01 -6.032186659830000020e-01
1.413393942655760288e+09 3.896480339000000237e-01 5.678898441999999935e-01 1.931846656999999912e+00 4.005263540000000150e-02 1.270694040000000004e-02 8.154782562000000290e-01 -5.772603690609999783e-01
1.413393942705760479e+09 3.624378314000000212e-01 5.833896723999999478e-01 1.931943837900000016e+00 3.997763320000000120e-02 1.248470729999999994e-02 8.321864291999999663e-01 -5.529119892980000062e-01
1.413393942755760431e+09 3.362427726000000172e-01 5.963650805000000332e-01 1.931399697800000093e+00 3.878683360000000080e-02 1.291361530000000035e-02 8.458346722999999789e-01 -5.318764209240000040e-01
1.413393942805760622e+09 3.106404724999999867e-01 6.056724140999999451e-01 1.929138194699999920e+00 3.873591309999999815e-02 1.193896929999999947e-02 8.566357905000000494e-01 -5.143268538280000302e-01
1.413393942855760336e+09 2.857584109999999900e-01 6.110289413999999697e-01 1.924379264599999972e+00 3.833811959999999797e-02 1.130898099999999920e-02 8.643624923999999599e-01 -5.012781436459999851e-01
1.413393942905760527e+09 2.615755238999999954e-01 6.118430877999999629e-01 1.917478699799999964e+00 3.805565119999999857e-02 1.038029220000000023e-02 8.702341984999999447e-01 -4.910564700269999805e-01
1.413393942955760479e+09 2.380578110000000081e-01 6.071204474000000406e-01 1.909057409100000102e+00 3.671086009999999927e-02 1.027186109999999979e-02 8.740628794999999451e-01 -4.843148607080000057e-01
1.413393943005760431e+09 2.150059001000000081e-01 5.962199404000000369e-01 1.899732686199999909e+00 3.672784970000000232e-02 9.241521200000000005e-03 8.731689212000000033e-01 -4.859441268060000207e-01
1.413393943055760384e+09 1.927255593999999961e-01 5.781322373999999709e-01 1.891909877700000076e+00 3.620035139999999707e-02 8.076502399999999429e-03 8.640242997999999508e-01 -5.020819794109999679e-01
1.413393943105760574e+09 1.711601389000000084e-01 5.543633017000000329e-01 1.885962710700000100e+00 3.688507299999999739e-02 6.211326700000000325e-03 8.497230166000000473e-01 -5.259008516850000037e-01
1.413393943155760288e+09 1.506208551999999867e-01 5.268490861000000303e-01 1.882243709699999989e+00 3.602967480000000139e-02 5.669007600000000417e-03 8.307590366999999532e-01 -5.554359979209999576e-01
1.413393943205760479e+09 1.310787482999999920e-01 4.980937710000000185e-01 1.879501210799999988e+00 3.563849799999999762e-02 4.301926900000000061e-03 8.106307843000000180e-01 -5.844562621529999502e-01
1.413393943255760431e+09 1.123506882000000068e-01 4.700861420999999929e-01 1.877447429999999917e+00 3.642321989999999787e-02 3.224484599999999888e-03 7.901131345999999889e-01 -6.118694193229999856e-01
1.413393943305760622e+09 9.473157379999999628e-02 4.444881706000000099e-01 1.875479025299999991e+00 3.474589050000000123e-02 4.281304199999999734e-03 7.725880411000000114e-01 -6.339417262530000485e-01
1.413393943355760336e+09 7.824312299999999776e-02 4.228442064999999861e-01 1.874237811600000025e+00 3.290217990000000176e-02 4.283038299999999965e-03 7.561580558999999591e-01 -6.535473178380000192e-01
1.413393943405760527e+09 6.248662869999999786e-02 4.064139948000000113e-01 1.872693159600000046e+00 3.132310239999999690e-02 5.457859300000000337e-03 7.442279847999999642e-01 -6.671684807469999701e-01
1.413393943455760479e+09 4.746437280000000147e-02 3.955408584999999810e-01 1.871221792300000075e+00 3.042951299999999831e-02 6.194186600000000167e-03 7.367499180000000036e-01 -6.754518747829999503e-01
1.413393943505760431e+09 3.328587029999999919e-02 3.900856574000000077e-01 1.868009353199999945e+00 3.144591399999999842e-02 5.985627500000000045e-03 7.398076609000000525e-01 -6.720565092460000223e-01
1.413393943555760384e+09 1.951776610000000023e-02 3.916435226000000158e-01 1.862057980899999965e+00 3.416268709999999847e-02 5.982888500000000179e-03 7.534097626000000325e-01 -6.566360068669999661e-01
1.413393943605760574e+09 6.642248899999999776e-03 3.983160195000000070e-01 1.856093212800000058e+00 3.693487010000000292e-02 5.622203499999999833e-03 7.688875571000000075e-01 -6.382915718410000494e-01
1.413393943655760288e+09 -5.180174899999999936e-03 4.089781383000000159e-01 1.849075161000000023e+00 3.887371569999999860e-02 5.668351799999999698e-03 7.890610663999999552e-01 -6.130573688389999720e-01
1.413393943705760479e+09 -1.604059810000000100e-02 4.214775404000000170e-01 1.842836701299999991e+00 4.071146159999999847e-02 6.268497900000000352e-03 8.086034870999999624e-01 -5.869102857419999930e-01
1.413393943755760431e+09 -2.547731229999999902e-02 4.343320935000000160e-01 1.837749027100000099e+00 4.070635009999999665e-02 8.008170699999999156e-03 8.264952402999999892e-01 -5.614129319039999899e-01
1.413393943805760622e+09 -3.403798140000000028e-02 4.457412162000000122e-01 1.833627675500000054e+00 4.138139920000000194e-02 9.517839000000000160e-03 8.419480671000000305e-01 -5.378851577100000059e-01
1.413393943855760336e+09 -4.217905510000000135e-02 4.538005245000000243e-01 1.831318948600000107e+00 4.347672849999999894e-02 1.270739780000000076e-02 8.525972559000000173e-01 -5.206017818989999713e-01
1.413393943905760527e+09 -4.988281309999999941e-02 4.570583975999999993e-01 1.831273269500000023e+00 4.609522459999999822e-02 1.806526530000000103e-02 8.596098648000000120e-01 -5.085467105200000004e-01
1.413393943955760479e+09 -5.733691999999999955e-02 4.537827642000000217e-01 1.833661121400000038e+00 5.111994980000000161e-02 2.294875680000000098e-02 8.620458355000000239e-01 -5.037232203400000552e-01
1.413393944005760431e+09 -6.418737909999999713e-02 4.439761438000000005e-01 1.840118577499999963e+00 5.427371930000000205e-02 3.124851600000000049e-02 8.579359408000000187e-01 -5.099253034780000249e-01
1.413393944055760384e+09 -7.055646560000000678e-02 4.296382433000000001e-01 1.847475753699999945e+00 5.755795479999999825e-02 4.086155469999999679e-02 8.495293216999999508e-01 -5.227976154379999629e-01
1.413393944105760574e+09 -7.640700759999999314e-02 4.107900859999999987e-01 1.856699666399999948e+00 5.805561740000000220e-02 5.329433110000000168e-02 8.381864364000000123e-01 -5.396598534830000515e-01
1.413393944155760288e+09 -8.220708000000000182e-02 3.894992997999999762e-01 1.867490120900000106e+00 5.603315650000000037e-02 6.856531729999999769e-02 8.242265997000000066e-01 -5.592938359250000380e-01
1.413393944205760479e+09 -8.861297599999999608e-02 3.673593373999999856e-01 1.879317539699999928e+00 5.413987020000000233e-02 8.427857199999999605e-02 8.084775698999999705e-01 -5.799396655440000048e-01
1.413393944255760431e+09 -9.612627679999999342e-02 3.456397358000000142e-01 1.891793913899999957e+00 5.585634419999999795e-02 9.733840130000000201e-02 7.912689273999999884e-01 -6.010813497350000478e-01
1.413393944305760622e+09 -1.048391617000000026e-01 3.259954140999999916e-01 1.904409130099999903e+00 5.896337709999999871e-02 1.095316063000000006e-01 7.742558119000000350e-01 -6.205272637740000263e-01
1.413393944355760336e+09 -1.148186826999999938e-01 3.093867522000000037e-01 1.916038615299999970e+00 6.486382270000000394e-02 1.197347252000000029e-01 7.590207691999999451e-01 -6.366661229000000199e-01
1.413393944405760527e+09 -1.255897786000000071e-01 2.968709909000000202e-01 1.926569969200000010e+00 7.289601800000000686e-02 1.276303453000000032e-01 7.474701725000000296e-01 -6.478310017299999668e-01
1.413393944455760479e+09 -1.363505624999999943e-01 2.891824624000000066e-01 1.936364422400000063e+00 7.889544930000000345e-02 1.352122729000000134e-01 7.402151401000000019e-01 -6.538919602320000246e-01
1.413393944505760431e+09 -1.473016886000000081e-01 2.868852002999999762e-01 1.944094147699999997e+00 8.957092749999999437e-02 1.385669843000000012e-01 7.401069002000000285e-01 -6.519340580529999762e-01
1.413393944555760384e+09 -1.580215959000000059e-01 2.900961886000000267e-01 1.949547660099999913e+00 1.007360057000000059e-01 1.401868776999999899e-01 7.486698059999999932e-01 -6.400729787500000212e-01
1.413393944605760574e+09 -1.683415654000000039e-01 2.977718980999999876e-01 1.953641235399999898e+00 1.116054142000000027e-01 1.412161229999999990e-01 7.621255037999999926e-01 -6.219059048749999707e-01
1.413393944655760288e+09 -1.776538151000000010e-01 3.087830089999999972e-01 1.957311812199999945e+00 1.178762104999999949e-01 1.438107061999999992e-01 7.783911762999999873e-01 -5.996089195429999963e-01
1.413393944705760479e+09 -1.858698679000000131e-01 3.219011518000000072e-01 1.960895969599999900e+00 1.214001142000000061e-01 1.465827737000000019e-01 7.957085634999999657e-01 -5.749985953489999968e-01
1.413393944755760431e+09 -1.934468769999999893e-01 3.349561133000000246e-01 1.965440866600000058e+00 1.235273224000000003e-01 1.496841805000000136e-01 8.110121573999999889e-01 -5.519011934530000385e-01
1.413393944805760622e+09 -2.005848641000000099e-01 3.466945406999999979e-01 1.971345387299999974e+00 1.232933586999999942e-01 1.530253715000000070e-01 8.241212893999999567e-01 -5.312307255470000156e-01
1.413393944855760336e+09 -2.080363980000000113e-01 3.557538329000000110e-01 1.978622795499999976e+00 1.230357193999999932e-01 1.558992053000000100e-01 8.342399708000000080e-01 -5.143941296109999506e-01
1.413393944905760527e+09 -2.161256980000000050e-01 3.611615100000000189e-01 1.987365956699999936e+00 1.223994558999999954e-01 1.584350656999999885e-01 8.417462434000000382e-01 -5.013780657559999687e-01
1.413393944955760479e+09 -2.252334061000000054e-01 3.618721179000000121e-01 1.998021859100000075e+00 1.207685832999999959e-01 1.622114389000000045e-01 8.465552085999999976e-01 -4.923887459910000208e-01
1.413393945005760431e+09 -2.361413041000000046e-01 3.569787678999999936e-01 2.010936623900000164e+00 1.216565005000000005e-01 1.655897926999999881e-01 8.464919062000000327e-01 -4.911528979449999999e-01
1.413393945055760384e+09 -2.490915975000000115e-01 3.461906859000000170e-01 2.026512976799999866e+00 1.265784283999999982e-01 1.674736494999999881e-01 8.388280836000000518e-01 -5.022926679860000299e-01
1.413393945105760574e+09 -2.635618802999999954e-01 3.309453914000000108e-01 2.042819466100000092e+00 1.344374889000000128e-01 1.688129053999999907e-01 8.248671462000000121e-01 -5.225159860629999820e-01
1.413393945155760288e+09 -2.788301235999999794e-01 3.132295422999999968e-01 2.058286612099999857e+00 1.438743373999999964e-01 1.708178402999999956e-01 8.066963242000000367e-01 -5.471402754699999926e-01
1.413393945205760479e+09 -2.942418224000000193e-01 2.944482279000000258e-01 2.071643065199999967e+00 1.548420003000000045e-01 1.731484320999999993e-01 7.854861347999999577e-01 -5.736332517140000364e-01
1.413393945255760431e+09 -3.088288325999999917e-01 2.766465920000000245e-01 2.082043975499999977e+00 1.659429094000000049e-01 1.766064944000000081e-01 7.636003283000000197e-01 -5.984877907229999572e-01
1.413393945305760622e+09 -3.217697677999999950e-01 2.612866167999999822e-01 2.088515139100000084e+00 1.759696899000000037e-01 1.814099336999999978e-01 7.441955266999999985e-01 -6.183026138180000020e-01
1.413393945355760336e+09 -3.329448593000000067e-01 2.492131501000000027e-01 2.090491697100000046e+00 1.857679244000000063e-01 1.879284056999999952e-01 7.301261161000000000e-01 -6.301500195660000303e-01
1.413393945405760527e+09 -3.417231041000000080e-01 2.410695446999999991e-01 2.087868397999999903e+00 1.936847013999999922e-01 1.969072380000000122e-01 7.221102417000000440e-01 -6.342480389089999449e-01
1.413393945455760479e+09 -3.477755124999999947e-01 2.368639241999999923e-01 2.081182479100000204e+00 1.995212356999999936e-01 2.078763422000000083e-01 7.192970233000000047e-01 -6.321317070740000155e-01
1.413393945505760431e+09 -3.512613622999999907e-01 2.363752036000000001e-01 2.070282449500000066e+00 2.012753089000000051e-01 2.225052748999999941e-01 7.225568836000000328e-01 -6.228091222129999993e-01
1.413393945555760384e+09 -3.525350758999999945e-01 2.396876027000000020e-01 2.056693957099999803e+00 2.026936282000000034e-01 2.377157718000000031e-01 7.296777002000000012e-01 -6.082573129649999633e-01
1.413393945605760574e+09 -3.521271923000000026e-01 2.460038293000000043e-01 2.042816100900000098e+00 2.056895783000000089e-01 2.514944722999999938e-01 7.377184985000000417e-01 -5.917885980610000374e-01
1.413393945655760288e+09 -3.502129714000000171e-01 2.552091673999999921e-01 2.029072771800000119e+00 2.103268597999999878e-01 2.644017812000000189e-01 7.455123975999999875e-01 -5.745133377359999960e-01
1.413393945705760479e+09 -3.473540702999999841e-01 2.661258986000000215e-01 2.015847009499999842e+00 2.151259681999999895e-01 2.769726183999999813e-01 7.536478467999999653e-01 -5.558973910910000038e-01
1.413393945755760431e+09 -3.439719682999999861e-01 2.780812417999999897e-01 2.003181302299999800e+00 2.197994551000000130e-01 2.899641446999999816e-01 7.615789235000000046e-01 -5.362896023969999648e-01
1.413393945805760622e+09 -3.406218332000000015e-01 2.894004762999999869e-01 1.991081652299999893e+00 2.240275438999999869e-01 3.029208641999999729e-01 7.690139164999999499e-01 -5.163992698329999964e-01
1.413393945855760336e+09 -3.378766284999999980e-01 2.991598697000000251e-01 1.980030293800000063e+00 2.279153214999999899e-01 3.163266720999999837e-01 7.747213532000000180e-01 -4.977940012529999958e-01
1.413393945905760527e+09 -3.367677023000000269e-01 3.064997398000000040e-01 1.970617990899999894e+00 2.339651551999999968e-01 3.275380292000000249e-01 7.775799490000000480e-01 -4.830616611910000247e-01
1.413393945955760479e+09 -3.378926888000000073e-01 3.102398892000000075e-01 1.964843442500000092e+00 2.414491015000000129e-01 3.374935472000000214e-01 7.725705930999999804e-01 -4.805570889479999774e-01
1.413393946005760431e+09 -3.416191681999999896e-01 3.108458827000000202e-01 1.961914264700000077e+00 2.542626795999999856e-01 3.438913055999999746e-01 7.619119746000000415e-01 -4.863942872159999764e-01
1.413393946055760384e+09 -3.468446955999999748e-01 3.088332530999999825e-01 1.961109887000000107e+00 2.686880373000000155e-01 3.484284408000000166e-01 7.469081466000000447e-01 -4.985304211289999787e-01
1.413393946105760574e+09 -3.526149995999999787e-01 3.054835660999999924e-01 1.961210356800000110e+00 2.844211398000000002e-01 3.519717714999999747e-01 7.293850464000000144e-01 -5.130476989469999749e-01
1.413393946155760288e+09 -3.576787361000000054e-01 3.016406385000000023e-01 1.962051555499999989e+00 3.003678149999999825e-01 3.551057530000000240e-01 7.101947042999999793e-01 -5.284908342340000065e-01
1.413393946205760479e+09 -3.610030448000000058e-01 2.980370743999999905e-01 1.963022304199999901e+00 3.159467844000000136e-01 3.587434151000000182e-01 6.908372891999999821e-01 -5.424247702760000012e-01
1.413393946255760431e+09 -3.614192982000000165e-01 2.956454719000000120e-01 1.962534879099999907e+00 3.287377175000000262e-01 3.646166640999999875e-01 6.749025651000000181e-01 -5.509017417070000144e-01
1.413393946305760622e+09 -3.583933425999999978e-01 2.949725931000000134e-01 1.959964259099999939e+00 3.386333697999999726e-01 3.735981348999999896e-01 6.648281352999999561e-01 -5.511401137400000483e-01
1.413393946355760336e+09 -3.512212373999999970e-01 2.957298936000000156e-01 1.956944146399999918e+00 3.413532059000000118e-01 3.880131901000000161e-01 6.574471167000000005e-01 -5.483493793789999682e-01
1.413393946405760527e+09 -3.401266769999999884e-01 2.983978351000000084e-01 1.951939935299999984e+00 3.404738212999999791e-01 4.062538304000000156e-01 6.548724162000000293e-01 -5.386812793630000318e-01
1.413393946455760479e+09 -3.262807751999999839e-01 3.025868246999999789e-01 1.946723010799999987e+00 3.371852451999999833e-01 4.262183051999999805e-01 6.530921123999999800e-01 -5.273658686919999727e-01
1.413393946505760431e+09 -3.106938179000000022e-01 3.087236342999999938e-01 1.941251608500000003e+00 3.357513167000000243e-01 4.458974896999999826e-01 6.524835183999999622e-01 -5.125541340000000501e-01
1.413393946555760384e+09 -2.937588667000000098e-01 3.164990119000000157e-01 1.935616809799999949e+00 3.342191217000000103e-01 4.659712554000000062e-01 6.534952894000000123e-01 -4.940771949150000175e-01
1.413393946605760574e+09 -2.767538854000000104e-01 3.255550395999999846e-01 1.929616138399999903e+00 3.341591392000000105e-01 4.847695662000000016e-01 6.560307371000000387e-01 -4.721862019679999856e-01
1.413393946655760288e+09 -2.605497965999999943e-01 3.354956758000000039e-01 1.923324609900000093e+00 3.351985268000000073e-01 5.034283332000000222e-01 6.584454105999999474e-01 -4.479414048540000248e-01
1.413393946705760479e+09 -2.467248368000000136e-01 3.456773360000000017e-01 1.917609494799999981e+00 3.388714654000000159e-01 5.202727467000000106e-01 6.599064168999999591e-01 -4.230909119910000182e-01
1.413393946755760431e+09 -2.355419965999999976e-01 3.555874661000000270e-01 1.913593014399999959e+00 3.452213861999999800e-01 5.349696201000000428e-01 6.587740386999999531e-01 -4.008072678669999944e-01
1.413393946805760622e+09 -2.285543604999999978e-01 3.642486778999999841e-01 1.912565236699999893e+00 3.541421269000000205e-01 5.479160036000000344e-01 6.528601561000000331e-01 -3.848961203960000188e-01
1.413393946855760336e+09 -2.255432985999999973e-01 3.712958778000000071e-01 1.913946430199999993e+00 3.653556902999999800e-01 5.587466557000000389e-01 6.434982872000000187e-01 -3.744694229269999730e-01
1.413393946905760527e+09 -2.267356769999999966e-01 3.763833176999999974e-01 1.917877583299999911e+00 3.808936728999999799e-01 5.654201020000000355e-01 6.300483426999999859e-01 -3.718322257810000031e-01
1.413393946955760479e+09 -2.315345570000000019e-01 3.796216016000000248e-01 1.924105687900000028e+00 4.005640863000000107e-01 5.683234681000000066e-01 6.120719411999999693e-01 -3.767290634450000120e-01
1.413393947005760431e+09 -2.388553535000000061e-01 3.812205725000000212e-01 1.931394417699999977e+00 4.237562374000000132e-01 5.675593611999999455e-01 5.902164287000000176e-01 -3.872358327109999832e-01
1.413393947055760384e+09 -2.465316731999999955e-01 3.818180918999999895e-01 1.936688514000000083e+00 4.462337049999999805e-01 5.661629411999999917e-01 5.679799184999999584e-01 -3.971571688539999867e-01
1.413393947105760574e+09 -2.533175965999999724e-01 3.815580016999999824e-01 1.938150680599999953e+00 4.661582349999999764e-01 5.656735967999999559e-01 5.470734040000000409e-01 -4.042531045159999947e-01
1.413393947155760288e+09 -2.582811514000000197e-01 3.803742881000000131e-01 1.935331797099999918e+00 4.813727549999999855e-01 5.686679785999999570e-01 5.288266700999999514e-01 -4.064964377099999915e-01
1.413393947205760479e+09 -2.600914780999999953e-01 3.782714576999999800e-01 1.927644629700000056e+00 4.914386278999999802e-01 5.756340018000000169e-01 5.144470717000000359e-01 -4.030853277170000082e-01
1.413393947255760431e+09 -2.583100041999999985e-01 3.750305228999999962e-01 1.916318104299999936e+00 4.990748957000000208e-01 5.841571139000000246e-01 5.019971317000000433e-01 -3.970939366189999986e-01
1.413393947305760622e+09 -2.536215038999999893e-01 3.708108739000000043e-01 1.901725877599999892e+00 5.048332749999999702e-01 5.942574890999999804e-01 4.904333242000000204e-01 -3.891998915639999779e-01
1.413393947355760336e+09 -2.461367502000000040e-01 3.655689651999999845e-01 1.884675419299999932e+00 5.101289641999999791e-01 6.046224001000000126e-01 4.782906020000000091e-01 -3.813637282219999869e-01
1.413393947405760527e+09 -2.359820699999999882e-01 3.591610635999999968e-01 1.865018980999999965e+00 5.120946399000000371e-01 6.172531394000000393e-01 4.657417536999999830e-01 -3.739548911069999759e-01
1.413393947455760479e+09 -2.232551757000000026e-01 3.516078289999999829e-01 1.842808512700000012e+00 5.072882157000000447e-01 6.346951960000000170e-01 4.516323019999999855e-01 -3.685769095759999781e-01
1.413393947505760431e+09 -2.081742024999999885e-01 3.437470827999999923e-01 1.819305122200000069e+00 4.999179980999999828e-01 6.536116262000000177e-01 4.369806341999999955e-01 -3.632103559609999865e-01
1.413393947555760384e+09 -1.908092559000000021e-01 3.363811326000000212e-01 1.796077541000000055e+00 4.927043556999999852e-01 6.716048295000000001e-01 4.217751303999999757e-01 -3.581830680299999958e-01
1.413393947605760574e+09 -1.715072605999999888e-01 3.305008829000000148e-01 1.773390770000000005e+00 4.853258516999999772e-01 6.894795478999999894e-01 4.061529770000000261e-01 -3.523017596970000054e-01
1.413393947655760288e+09 -1.503371334999999975e-01 3.264080561000000102e-01 1.750950712899999928e+00 4.764483623999999917e-01 7.077757177000000288e-01 3.921363136000000083e-01 -3.439180178019999867e-01
1.413393947705760479e+09 -1.276000318999999938e-01 3.252730273000000172e-01 1.728522071100000002e+00 4.679323497999999804e-01 7.252029138000000152e-01 3.824204254999999941e-01 -3.299616160000000131e-01
1.413393947755760431e+09 -1.038514009000000016e-01 3.279041208999999846e-01 1.706732648000000019e+00 4.636869189999999752e-01 7.397743007000000537e-01 3.761480655000000173e-01 -3.102274294669999932e-01
1.413393947805760622e+09 -7.962391420000000664e-02 3.343242213000000018e-01 1.686034447800000002e+00 4.641531825999999916e-01 7.505041838999999548e-01 3.729451764999999752e-01 -2.867353978430000061e-01
1.413393947855760336e+09 -5.614354679999999931e-02 3.445864520999999958e-01 1.667666678000000013e+00 4.698112318000000065e-01 7.570122900000000321e-01 3.702305854999999868e-01 -2.629431740559999842e-01
1.413393947905760527e+09 -3.436742250000000137e-02 3.578149494000000264e-01 1.652013151400000046e+00 4.782690855999999768e-01 7.607978722999999555e-01 3.657553550000000042e-01 -2.422153989610000002e-01
1.413393947955760479e+09 -1.493635609999999919e-02 3.733216100999999787e-01 1.638964295000000071e+00 4.900765394000000108e-01 7.613011517000000117e-01 3.598255463999999737e-01 -2.253244728849999878e-01
1.413393948005760431e+09 1.806255099999999917e-03 3.909169753000000247e-01 1.628149220599999891e+00 5.099546506000000035e-01 7.548550619999999656e-01 3.561628061000000067e-01 -2.080580334129999986e-01
1.413393948055760384e+09 1.568606300000000009e-02 4.087121152000000035e-01 1.618923208800000069e+00 5.298319327999999606e-01 7.469900225000000171e-01 3.521917775999999778e-01 -1.929895880020000010e-01
1.413393948105760574e+09 2.702449449999999934e-02 4.253756080000000162e-01 1.610793599600000015e+00 5.462972586000000019e-01 7.405040504000000023e-01 3.472162208999999833e-01 -1.807040468130000077e-01
1.413393948155760288e+09 3.580400140000000037e-02 4.398046735000000207e-01 1.604218681399999902e+00 5.592624265000000205e-01 7.362393923000000173e-01 3.389884711999999745e-01 -1.739652607299999876e-01
1.413393948205760479e+09 4.216409589999999680e-02 4.517047050999999924e-01 1.599175783299999987e+00 5.708315292000000207e-01 7.326033732000000187e-01 3.283864510000000236e-01 -1.720639465040000038e-01
1.413393948255760431e+09 4.668314979999999698e-02 4.607232721000000253e-01 1.595288723899999983e+00 5.813775311000000112e-01 7.292269144999999897e-01 3.165240739999999886e-01 -1.733227740699999908e-01
1.413393948305760622e+09 5.012896260000000020e-02 4.662705126999999727e-01 1.592696108299999969e+00 5.903921961000000440e-01 7.265633491999999860e-01 3.027741937000000272e-01 -1.785232253540000036e-01
1.413393948355760336e+09 5.355570199999999670e-02 4.687996255999999917e-01 1.591109364500000067e+00 6.002751137999999820e-01 7.227001943999999956e-01 2.888805340999999749e-01 -1.841799495260000030e-01
1.413393948405760527e+09 5.782056049999999975e-02 4.679737199999999819e-01 1.589949559099999910e+00 6.101366344999999969e-01 7.184796413999999798e-01 2.761073085999999899e-01 -1.878431426330000042e-01
1.413393948455760479e+09 6.342360149999999586e-02 4.633274243000000125e-01 1.588654598500000015e+00 6.166713568999999673e-01 7.165896142000000024e-01 2.647534295999999787e-01 -1.900562650000000020e-01
1.413393948505760431e+09 7.072699659999999444e-02 4.549946174999999760e-01 1.587093364300000031e+00 6.197278426000000229e-01 7.175774018999999670e-01 2.550075535999999921e-01 -1.897135237510000072e-01
1.413393948555760384e+09 8.021093669999999898e-02 4.425931650000000106e-01 1.584881337899999965e+00 6.153663513999999557e-01 7.245538556999999713e-01 2.470964769000000005e-01 -1.878544510950000135e-01
1.413393948605760574e+09 9.167828670000000013e-02 4.272806011999999987e-01 1.580629408200000086e+00 6.052161763000000194e-01 7.362368489999999710e-01 2.431186109000000040e-01 -1.804495030599999883e-01
1.413393948655760288e+09 1.043454833999999942e-01 4.102519819000000068e-01 1.575494155699999954e+00 5.899141795000000243e-01 7.518424074999999762e-01 2.410179020000000061e-01 -1.692472333139999896e-01
1.413393948705760479e+09 1.182636534999999961e-01 3.909303854000000245e-01 1.570955872999999947e+00 5.738727077999999926e-01 7.673131047000000260e-01 2.391768912999999996e-01 -1.571468398570000091e-01
1.413393948755760431e+09 1.326088595999999897e-01 3.706384271000000008e-01 1.566110211100000038e+00 5.581747459000000466e-01 7.820477532999999815e-01 2.365294235000000023e-01 -1.445548213379999891e-01
1.413393948805760622e+09 1.460374583000000059e-01 3.507508545999999949e-01 1.562685222700000098e+00 5.435183403000000135e-01 7.955935274000000001e-01 2.320072082999999896e-01 -1.333844379080000031e-01
1.413393948855760336e+09 1.577263814000000042e-01 3.324785270999999764e-01 1.560219764199999970e+00 5.304681397999999604e-01 8.077454132000000397e-01 2.248538147999999959e-01 -1.248665770799999991e-01
1.413393948905760527e+09 1.672714157000000090e-01 3.172380488000000054e-01 1.560812536000000028e+00 5.224580366000000087e-01 8.164713099999999502e-01 2.156592227999999944e-01 -1.179122536790000036e-01
1.413393948955760479e+09 1.752650145999999909e-01 3.042395138999999804e-01 1.562819667000000079e+00 5.197495309999999868e-01 8.217923177999999496e-01 2.046466004999999977e-01 -1.124169926699999933e-01
1.413393949005760431e+09 1.814743582999999993e-01 2.944367367999999874e-01 1.566487375099999912e+00 5.264510499000000232e-01 8.211986397999999632e-01 1.919269207000000033e-01 -1.079172978899999996e-01
1.413393949055760384e+09 1.868245497999999893e-01 2.871274817000000201e-01 1.570897680000000074e+00 5.379550054999999720e-01 8.171198665000000139e-01 1.807807348999999897e-01 -1.011823193999999981e-01
1.413393949105760574e+09 1.905490709999999865e-01 2.831912885000000268e-01 1.577457039400000038e+00 5.523313834999999949e-01 8.108674237999999868e-01 1.685378905000000094e-01 -9.496864397090000465e-02
1.413393949155760288e+09 1.934717675000000026e-01 2.804639199000000249e-01 1.585617191000000092e+00 5.676726210000000439e-01 8.033255839999999814e-01 1.571139132999999910e-01 -8.792621711339999868e-02
1.413393949205760479e+09 1.961958927999999935e-01 2.770443624000000216e-01 1.593990968399999986e+00 5.829964506000000490e-01 7.951993146000000401e-01 1.451604877000000071e-01 -8.186343201559999339e-02
1.413393949255760431e+09 1.983991573999999980e-01 2.730644603999999864e-01 1.602156048999999971e+00 5.964091813999999880e-01 7.878607278000000491e-01 1.332656765999999937e-01 -7.623530243489999580e-02
1.413393949305760622e+09 2.003100868000000090e-01 2.683148913000000246e-01 1.611355956599999972e+00 6.109604765999999687e-01 7.790428448999999755e-01 1.221078876000000063e-01 -7.006572404970000389e-02
1.413393949355760336e+09 2.021574352000000130e-01 2.613113581000000019e-01 1.620531190299999924e+00 6.230012954000000436e-01 7.716310719000000207e-01 1.106329511999999959e-01 -6.492476409290000305e-02
1.413393949405760527e+09 2.040796450000000040e-01 2.513041803000000129e-01 1.629899261899999896e+00 6.350145811999999834e-01 7.637669448999999666e-01 9.867942479999999850e-02 -6.065399188810000064e-02
1.413393949455760479e+09 2.060892928999999985e-01 2.377794578000000103e-01 1.639178849399999915e+00 6.445090021999999585e-01 7.574748573999999790e-01 8.601014440000000205e-02 -5.867061929270000337e-02
1.413393949505760431e+09 2.085157954999999896e-01 2.198292795000000022e-01 1.647258836800000070e+00 6.471855998000000110e-01 7.564840065000000280e-01 7.250647740000000507e-02 -6.021260771610000007e-02
1.413393949555760384e+09 2.116579160000000015e-01 1.973457876999999971e-01 1.653123408699999963e+00 6.394452352999999700e-01 7.638331092000000266e-01 5.962871780000000149e-02 -6.413414327359999445e-02
1.413393949605760574e+09 2.162520450000000038e-01 1.709843157000000002e-01 1.657676826899999956e+00 6.275847923999999800e-01 7.740117336999999820e-01 4.823431930000000173e-02 -6.867761543120000367e-02
1.413393949655760288e+09 2.224723006000000058e-01 1.418991871999999987e-01 1.661682740799999891e+00 6.145866849000000132e-01 7.844332540999999770e-01 3.869402980000000158e-02 -7.382715354240000638e-02
1.413393949705760479e+09 2.310328832999999915e-01 1.110348460000000065e-01 1.665762522899999931e+00 6.015326068999999887e-01 7.942256281999999779e-01 2.814194110000000151e-02 -8.106913995740000489e-02
1.413393949755760431e+09 2.426344427999999886e-01 7.961598100000000233e-02 1.670594028600000058e+00 5.902146007999999888e-01 8.022135765000000251e-01 1.611960819999999975e-02 -8.854524775739999742e-02
1.413393949805760622e+09 2.578848288000000211e-01 4.798814140000000339e-02 1.676307854200000058e+00 5.804858090000000193e-01 8.085421718999999952e-01 2.979491199999999979e-03 -9.636858654539999514e-02
1.413393949855760336e+09 2.775079478999999960e-01 1.697563900000000070e-02 1.683039951000000034e+00 5.725074519999999723e-01 8.130093218999999705e-01 -1.231356590000000015e-02 -1.053538614389999961e-01
1.413393949905760527e+09 3.021544754000000110e-01 -1.313611110000000026e-02 1.689583840000000059e+00 5.647282701000000404e-01 8.171314312999999885e-01 -2.582116200000000167e-02 -1.127451663780000002e-01
1.413393949955760479e+09 3.323815742999999823e-01 -4.201897880000000224e-02 1.696763813900000084e+00 5.582518871999999632e-01 8.202651132999999595e-01 -3.691652019999999701e-02 -1.189838010750000064e-01
1.413393950005760431e+09 3.690667837000000118e-01 -6.767684929999999432e-02 1.704573438299999966e+00 5.530840671000000208e-01 8.233649844000000551e-01 -4.335191320000000154e-02 -1.195354708370000019e-01
1.413393950055760384e+09 4.125220933000000034e-01 -9.013362519999999767e-02 1.712223185900000111e+00 5.496807272000000522e-01 8.273071995999999872e-01 -3.973194780000000037e-02 -1.087900179040000026e-01
1.413393950105760574e+09 4.622666039000000171e-01 -1.118393250999999977e-01 1.718945212499999986e+00 5.484159295999999628e-01 8.312254148000000065e-01 -2.670174150000000080e-02 -8.712803746929999316e-02
1.413393950155760288e+09 5.166329130000000269e-01 -1.316073264000000020e-01 1.725599599900000003e+00 5.430009842999999892e-01 8.371287263000000145e-01 -1.247364670000000036e-02 -6.488324027460000420e-02
1.413393950205760479e+09 5.741008088000000287e-01 -1.487872065999999993e-01 1.733070611400000072e+00 5.376729010999999891e-01 8.420673001999999796e-01 2.705121000000000001e-03 -4.269889543699999929e-02
1.413393950255760431e+09 6.331650759000000406e-01 -1.632761556000000003e-01 1.741057417499999982e+00 5.320288680000000436e-01 8.462632597999999451e-01 1.742352499999999874e-02 -2.191345395959999956e-02
1.413393950305760622e+09 6.921929433000000298e-01 -1.743278357999999972e-01 1.750002621899999999e+00 5.270205986999999537e-01 8.493775032000000502e-01 2.769592120000000102e-02 -6.331006374190000299e-03
1.413393950355760336e+09 7.497857848000000214e-01 -1.822482857000000123e-01 1.758368079400000061e+00 5.221721755999999548e-01 8.522565882000000537e-01 3.152896100000000118e-02 9.227476992940000051e-04
1.413393950405760527e+09 8.060185529000000182e-01 -1.867523124999999895e-01 1.765404973399999911e+00 5.188358038999999478e-01 8.542579300000000542e-01 3.221787350000000077e-02 3.847886298810000195e-03
1.413393950455760479e+09 8.608103584999999836e-01 -1.878840080999999995e-01 1.771341961999999937e+00 5.180630789000000291e-01 8.547529748000000094e-01 3.138059380000000204e-02 4.822523702959999672e-03
1.413393950505760431e+09 9.141589039999999944e-01 -1.852448396999999969e-01 1.775625170799999930e+00 5.216587106000000196e-01 8.526703093999999927e-01 2.852541980000000005e-02 3.439982980960000145e-03
1.413393950555760384e+09 9.665796148999999948e-01 -1.786915552999999990e-01 1.777809020000000073e+00 5.282483390000000112e-01 8.487048098999999679e-01 2.549169739999999906e-02 2.002842775389999941e-03
1.413393950605760574e+09 1.018028129900000023e+00 -1.687496851999999992e-01 1.778193937800000013e+00 5.378014703000000285e-01 8.427497051000000239e-01 2.326933670000000051e-02 1.025227858260000045e-03
1.413393950655760288e+09 1.068696560700000076e+00 -1.557661576999999908e-01 1.776570683899999947e+00 5.490229559000000537e-01 8.355470429000000365e-01 2.085498759999999951e-02 5.003763371049999828e-05
1.413393950705760479e+09 1.118685972800000039e+00 -1.411201366000000013e-01 1.772623250799999939e+00 5.597964168000000296e-01 8.284090810999999999e-01 1.913836680000000068e-02 -2.982847284300000268e-04
1.413393950755760431e+09 1.168083754800000040e+00 -1.256949854999999949e-01 1.765805454799999952e+00 5.676536435000000269e-01 8.230552258000000121e-01 1.868167199999999986e-02 6.568608961459999592e-04
1.413393950805760622e+09 1.216874367900000031e+00 -1.103466884000000037e-01 1.755810027699999942e+00 5.736306889000000186e-01 8.189042232000000032e-01 1.837160640000000053e-02 2.487986966360000024e-03
1.413393950855760336e+09 1.264705701000000015e+00 -9.462336679999999722e-02 1.742369441199999924e+00 5.778535697000000138e-01 8.159228149999999680e-01 1.841539279999999945e-02 4.010647715719999756e-03
1.413393950905760527e+09 1.312027603200000003e+00 -7.884650649999999650e-02 1.725571178500000080e+00 5.797060993999999523e-01 8.145276104999999989e-01 2.039808939999999959e-02 8.338348307599999926e-03
1.413393950955760479e+09 1.358626183499999973e+00 -6.322621080000000171e-02 1.706759345100000047e+00 5.803825846000000288e-01 8.137897710000000506e-01 2.490033969999999944e-02 1.679991351359999899e-02
1.413393951005760431e+09 1.403537577800000102e+00 -4.785016999999999743e-02 1.687411146599999912e+00 5.790623164999999517e-01 8.143166592999999676e-01 3.035912689999999831e-02 2.556433948289999966e-02
1.413393951055760384e+09 1.446186818900000004e+00 -3.250005799999999834e-02 1.668954378200000033e+00 5.771869581999999888e-01 8.152673007999999832e-01 3.412241960000000213e-02 3.209523252509999952e-02
1.413393951105760574e+09 1.485925827099999985e+00 -1.708508660000000040e-02 1.652113965599999901e+00 5.749289005000000063e-01 8.168880524999999615e-01 3.323699979999999998e-02 3.234147226740000103e-02
1.413393951155760288e+09 1.522978979599999949e+00 -1.108236299999999959e-03 1.637434501900000061e+00 5.750765777999999884e-01 8.170257623000000136e-01 3.028119320000000059e-02 2.896347264199999882e-02
1.413393951205760479e+09 1.557735218699999979e+00 1.533620039999999962e-02 1.623988717600000076e+00 5.756707911999999761e-01 8.168529879999999466e-01 2.664506180000000141e-02 2.538457740039999980e-02
1.413393951255760431e+09 1.590558794299999912e+00 3.201959599999999739e-02 1.611686189300000072e+00 5.765671766000000087e-01 8.164292199999999555e-01 2.297894890000000065e-02 2.203604903969999876e-02
1.413393951305760622e+09 1.621822155000000043e+00 4.894975020000000288e-02 1.600562418400000020e+00 5.768178871000000374e-01 8.163861027000000048e-01 1.976588489999999906e-02 2.010388534110000083e-02
1.413393951355760336e+09 1.651632326199999889e+00 6.594346889999999628e-02 1.590671730299999975e+00 5.761279039000000157e-01 8.169585840999999959e-01 1.700003660000000069e-02 1.913919906760000109e-02
1.413393951405760527e+09 1.680207971199999983e+00 8.303106080000000055e-02 1.581808714799999960e+00 5.736955684000000222e-01 8.187036603999999773e-01 1.482015249999999937e-02 1.944413533850000014e-02
1.413393951455760479e+09 1.707665650999999896e+00 1.002933143000000055e-01 1.573130783799999932e+00 5.692826464000000364e-01 8.217582373999999801e-01 1.359194499999999937e-02 2.111698006419999996e-02
1.413393951505760431e+09 1.733792730800000070e+00 1.178632017999999976e-01 1.563476631999999977e+00 5.644260491000000490e-01 8.250705285999999639e-01 1.284789379999999939e-02 2.273300591370000165e-02
1.413393951555760384e+09 1.758651680300000075e+00 1.366078920000000085e-01 1.552037493200000062e+00 5.603297038000000230e-01 8.278103527000000295e-01 1.226163249999999948e-02 2.470415532230000114e-02
1.413393951605760574e+09 1.782219563600000001e+00 1.568727008999999950e-01 1.538562128799999984e+00 5.578030497999999504e-01 8.294477376000000124e-01 1.193400969999999957e-02 2.701458289559999920e-02
1.413393951655760288e+09 1.804375551999999994e+00 1.783424389999999915e-01 1.523389610399999983e+00 5.580099150999999758e-01 8.292486768000000286e-01 1.121050449999999934e-02 2.908421157409999888e-02
1.413393951705760479e+09 1.825248091199999978e+00 2.004320179000000091e-01 1.506759311299999959e+00 5.601312080000000471e-01 8.277135971000000314e-01 1.132925419999999961e-02 3.185716455620000304e-02
1.413393951755760431e+09 1.844814407499999920e+00 2.230051608999999990e-01 1.488374001099999955e+00 5.625637529000000470e-01 8.259335692000000506e-01 1.135031599999999918e-02 3.502761089639999659e-02
1.413393951805760622e+09 1.862585032799999984e+00 2.468220747000000048e-01 1.469802639499999897e+00 5.656251053999999945e-01 8.238167513999999914e-01 9.524309599999999237e-03 3.610384873869999789e-02
1.413393951855760336e+09 1.878596255900000012e+00 2.716487658000000249e-01 1.452002128399999981e+00 5.688978418000000259e-01 8.215830335999999567e-01 6.762867900000000404e-03 3.620536148160000134e-02
1.413393951905760527e+09 1.893090220099999943e+00 2.971332688000000166e-01 1.434656584599999896e+00 5.711248185999999727e-01 8.200360228999999945e-01 3.998680699999999921e-03 3.662476214080000181e-02
1.413393951955760479e+09 1.906081449200000000e+00 3.234533584000000017e-01 1.418332725600000011e+00 5.724697332999999499e-01 8.190980268999999980e-01 9.939680000000000216e-04 3.682171777430000292e-02
1.413393952005760431e+09 1.917609322599999944e+00 3.505282056999999840e-01 1.403181047899999978e+00 5.740202441999999738e-01 8.179782023999999652e-01 -1.598585999999999931e-03 3.754815788600000120e-02
1.413393952055760384e+09 1.927779539000000097e+00 3.779367771000000098e-01 1.389629370500000016e+00 5.753063984999999825e-01 8.170162001999999868e-01 -4.073460299999999770e-03 3.860677807130000194e-02
1.413393952105760574e+09 1.936308567400000014e+00 4.056495647000000204e-01 1.379028516700000040e+00 5.768122823000000343e-01 8.159679544000000284e-01 -7.297280300000000275e-03 3.782377599930000084e-02
1.413393952155760288e+09 1.943808860000000083e+00 4.333802057999999735e-01 1.371367469600000000e+00 5.779670218000000359e-01 8.150615308999999975e-01 -9.118572700000000808e-03 3.931506302130000075e-02
1.413393952205760479e+09 1.949813224999999983e+00 4.611040491999999769e-01 1.367493933600000044e+00 5.786105458000000423e-01 8.146030584000000241e-01 -1.247280329999999986e-02 3.842034199629999758e-02
1.413393952255760431e+09 1.954672651200000111e+00 4.883657230999999821e-01 1.366786192399999988e+00 5.794879769999999874e-01 8.139792474999999472e-01 -1.579164369999999998e-02 3.717651238439999978e-02
1.413393952305760622e+09 1.958455303900000111e+00 5.150074872000000026e-01 1.369124601200000013e+00 5.797537213000000245e-01 8.138091302000000082e-01 -1.769983040000000160e-02 3.587531516649999919e-02
1.413393952355760336e+09 1.960961074100000090e+00 5.407684261999999853e-01 1.374098693100000101e+00 5.804844842999999921e-01 8.134039534000000460e-01 -1.741539329999999830e-02 3.329378662670000322e-02
1.413393952405760527e+09 1.962591682600000054e+00 5.663892970999999665e-01 1.379400783999999991e+00 5.810312364999999923e-01 8.131764621000000526e-01 -1.432401919999999954e-02 3.068495160029999919e-02
1.413393952455760479e+09 1.963547941300000099e+00 5.921589317000000019e-01 1.385010086499999904e+00 5.820812049000000377e-01 8.125708738000000375e-01 -8.390208499999999431e-03 2.897671956329999840e-02
1.413393952505760431e+09 1.963573082199999931e+00 6.173540054999999693e-01 1.390392167899999976e+00 5.820503127999999693e-01 8.127385942999999502e-01 -9.266890999999999974e-04 2.593360569399999829e-02
1.413393952555760384e+09 1.962685159699999904e+00 6.422175220000000406e-01 1.395831574700000077e+00 5.816793251999999859e-01 8.130745897000000166e-01 7.688449899999999851e-03 2.235535576669999899e-02
1.413393952605760574e+09 1.961032455600000057e+00 6.668624528000000051e-01 1.401467873000000086e+00 5.819170156999999843e-01 8.128443709999999545e-01 1.745267450000000109e-02 1.876218405930000013e-02
1.413393952655760288e+09 1.958294442799999979e+00 6.914483837999999549e-01 1.407189519999999971e+00 5.814163329000000546e-01 8.130352576999999581e-01 2.735478200000000110e-02 1.343255286989999964e-02
1.413393952705760479e+09 1.954429007099999893e+00 7.157177032000000549e-01 1.412687859200000062e+00 5.812354638000000184e-01 8.128346471999999823e-01 3.750432239999999806e-02 7.654914986239999899e-03
1.413393952755760431e+09 1.949344355100000037e+00 7.396323599999999887e-01 1.418004786000000017e+00 5.804527843000000242e-01 8.129416765000000433e-01 4.690647619999999823e-02 4.221516991109999979e-04
1.413393952805760622e+09 1.943549153500000015e+00 7.632273399000000236e-01 1.423079949999999982e+00 5.798045383000000053e-01 8.128506677000000291e-01 5.534366500000000022e-02 -6.129282475859999628e-03
1.413393952855760336e+09 1.937239124700000037e+00 7.866696006000000185e-01 1.428205939099999933e+00 5.788060586000000063e-01 8.129983482000000539e-01 6.212537690000000112e-02 -1.255667131090000034e-02
1.413393952905760527e+09 1.930240365299999983e+00 8.097543256000000467e-01 1.434101406999999995e+00 5.781065157000000454e-01 8.130855490999999713e-01 6.489685159999999953e-02 -2.175189794760000114e-02
1.413393952955760479e+09 1.922742829099999939e+00 8.327380670999999790e-01 1.440421115899999993e+00 5.766458249999999452e-01 8.137042619000000032e-01 6.598873389999999894e-02 -3.178763321730000008e-02
1.413393953005760431e+09 1.915158649999999962e+00 8.559558273999999800e-01 1.447278225700000087e+00 5.751377114000000290e-01 8.143758152000000194e-01 6.573750220000000588e-02 -4.107584879179999870e-02
1.413393953055760384e+09 1.907962100700000052e+00 8.795205910000000182e-01 1.454144234599999974e+00 5.735904629000000421e-01 8.150461126000000389e-01 6.538435659999999872e-02 -4.918029104030000043e-02
1.413393953105760574e+09 1.901562053599999969e+00 9.035483364999999933e-01 1.459933335199999904e+00 5.723575703000000070e-01 8.155382909999999708e-01 6.472545849999999934e-02 -5.580970054099999855e-02
1.413393953155760288e+09 1.896155936099999995e+00 9.278168206000000362e-01 1.461941895400000080e+00 5.712424650999999853e-01 8.160188873999999482e-01 6.399167209999999384e-02 -6.082998800480000218e-02
1.413393953205760479e+09 1.891738153699999980e+00 9.522615750999999795e-01 1.458931739200000077e+00 5.706076842999999732e-01 8.161768732999999942e-01 6.346152639999999567e-02 -6.507547039460000182e-02
1.413393953255760431e+09 1.888554911499999989e+00 9.773320222000000390e-01 1.451562771899999937e+00 5.703420186000000003e-01 8.161401038000000163e-01 6.221025840000000279e-02 -6.895793336300000409e-02
1.413393953305760622e+09 1.886503437400000038e+00 1.003122890400000022e+00 1.442730150000000044e+00 5.696148992999999772e-01 8.163607478000000084e-01 5.934232949999999895e-02 -7.464907171239999750e-02
1.413393953355760336e+09 1.886381435899999959e+00 1.029634691799999890e+00 1.434981396600000014e+00 5.704409203000000428e-01 8.155554780999999531e-01 5.654534209999999977e-02 -7.917728770500000179e-02
1.413393953405760527e+09 1.888498663600000071e+00 1.056793463300000013e+00 1.430001879099999984e+00 5.732097016999999628e-01 8.134725334000000307e-01 5.411546279999999987e-02 -8.224713950110000560e-02
1.413393953455760479e+09 1.893019864300000021e+00 1.084431902700000006e+00 1.428337827300000029e+00 5.762165699000000307e-01 8.112932296999999515e-01 5.248818799999999812e-02 -8.380185105050000360e-02
1.413393953505760431e+09 1.900516129099999896e+00 1.112524448600000104e+00 1.430890761999999983e+00 5.814228004999999477e-01 8.077948976000000059e-01 5.386422020000000005e-02 -8.070673013359999648e-02
1.413393953555760384e+09 1.910707641099999909e+00 1.140082216199999943e+00 1.435939051400000110e+00 5.868361693000000434e-01 8.042966034999999847e-01 5.729448229999999781e-02 -7.380803699280000241e-02
1.413393953605760574e+09 1.922949745499999974e+00 1.166872469799999923e+00 1.442281626200000000e+00 5.926204874999999594e-01 8.005326544999999960e-01 6.364112769999999419e-02 -6.243583769290000224e-02
1.413393953655760288e+09 1.936071038599999961e+00 1.192800435499999923e+00 1.449928744599999986e+00 5.970732962000000477e-01 7.974664189000000292e-01 6.906226149999999953e-02 -5.273702491829999894e-02
1.413393953705760479e+09 1.949778456500000035e+00 1.217418424299999913e+00 1.458208440399999972e+00 6.018478861999999596e-01 7.940007251999999793e-01 7.347072690000000517e-02 -4.409107142149999714e-02
1.413393953755760431e+09 1.963275532399999967e+00 1.240744429400000071e+00 1.465429598200000072e+00 6.062640893999999836e-01 7.906931337000000504e-01 7.624016409999999355e-02 -3.789009778500000009e-02
1.413393953805760622e+09 1.976330010000000081e+00 1.261966682399999984e+00 1.470363978900000035e+00 6.088780188000000315e-01 7.886163389000000468e-01 7.845359440000000684e-02 -3.459569099319999980e-02
1.413393953855760336e+09 1.988709733599999918e+00 1.280757667800000110e+00 1.472732162500000053e+00 6.108791909999999881e-01 7.868193879999999529e-01 8.139118609999999865e-02 -3.342662798659999657e-02
1.413393953905760527e+09 2.000321465699999912e+00 1.296932440399999997e+00 1.472578122500000086e+00 6.121054211999999994e-01 7.854574056999999998e-01 8.451209349999999620e-02 -3.523241789380000127e-02
1.413393953955760479e+09 2.011352253800000156e+00 1.310731880999999932e+00 1.469719553200000028e+00 6.099118286000000388e-01 7.865654370000000339e-01 8.910892739999999590e-02 -3.717490737200000034e-02
1.413393954005760431e+09 2.021950102399999949e+00 1.322127761800000023e+00 1.464990904700000041e+00 6.025500253000000139e-01 7.914627488000000044e-01 9.474688509999999730e-02 -3.928373804469999925e-02
1.413393954055760384e+09 2.031653364999999933e+00 1.331325445200000068e+00 1.460725253099999899e+00 5.954248939999999823e-01 7.958721409000000246e-01 1.013910534000000002e-01 -4.214955860840000068e-02
1.413393954105760574e+09 2.040411646199999929e+00 1.339210775299999989e+00 1.456968664999999996e+00 5.859198866999999478e-01 8.018965256000000208e-01 1.071159267000000026e-01 -4.675496727479999670e-02
1.413393954155760288e+09 2.048528583800000025e+00 1.346225330400000031e+00 1.453808232000000089e+00 5.747860429000000160e-01 8.086894913000000074e-01 1.145550169000000007e-01 -5.019421857959999872e-02
1.413393954205760479e+09 2.055507945400000036e+00 1.352897103299999904e+00 1.451582960999999949e+00 5.628208001000000182e-01 8.156538653999999555e-01 1.222929652000000061e-01 -5.464384183599999695e-02
1.413393954255760431e+09 2.061274701299999901e+00 1.359976860399999987e+00 1.450864953299999982e+00 5.509763072000000150e-01 8.220288184999999803e-01 1.307373212999999867e-01 -6.001235961959999754e-02
1.413393954305760622e+09 2.065626733299999795e+00 1.368403538099999928e+00 1.452025631199999944e+00 5.411269778999999724e-01 8.265640113000000122e-01 1.401195745000000104e-01 -6.587893312619999553e-02
1.413393954355760336e+09 2.068359397500000085e+00 1.378764230400000068e+00 1.454180073699999909e+00 5.326953777999999806e-01 8.297438062999999975e-01 1.500957840000000099e-01 -7.233329875089999916e-02
1.413393954405760527e+09 2.069498405100000049e+00 1.391284573599999908e+00 1.456968036899999985e+00 5.261772913000000162e-01 8.311931874000000331e-01 1.613326700000000113e-01 -7.891205817169999470e-02
1.413393954455760479e+09 2.068888953100000094e+00 1.406234867900000074e+00 1.460367875800000048e+00 5.212705333999999580e-01 8.311333585000000301e-01 1.734292789000000112e-01 -8.612001336350000313e-02
1.413393954505760431e+09 2.066698221099999788e+00 1.423161669700000020e+00 1.464340296400000074e+00 5.177557628000000189e-01 8.297723569999999604e-01 1.863153530999999974e-01 -9.323837663299999745e-02
1.413393954555760384e+09 2.062544347699999836e+00 1.442547814999999956e+00 1.468766012299999923e+00 5.137568720999999838e-01 8.283056046000000228e-01 1.997174187999999906e-01 -1.003825406119999986e-01
1.413393954605760574e+09 2.056674040199999887e+00 1.464298418400000079e+00 1.473932203399999974e+00 5.104572279000000323e-01 8.263454313000000440e-01 2.119376876000000076e-01 -1.080234380879999956e-01
1.413393954655760288e+09 2.048761937200000105e+00 1.489195969599999891e+00 1.479312628299999988e+00 5.087281098999999474e-01 8.234340194999999474e-01 2.235377497000000102e-01 -1.148172470219999963e-01
1.413393954705760479e+09 2.038686168599999959e+00 1.517429543600000041e+00 1.484475876399999894e+00 5.059853608000000058e-01 8.214217906999999874e-01 2.340725274999999883e-01 -1.202293986880000054e-01
1.413393954755760431e+09 2.026721894800000090e+00 1.548702824600000083e+00 1.490022891299999985e+00 5.036478208000000345e-01 8.197454484999999735e-01 2.424575421999999869e-01 -1.247822601970000056e-01
1.413393954805760622e+09 2.012782797599999896e+00 1.582585160700000104e+00 1.495285940700000094e+00 5.014269204000000313e-01 8.183358448999999979e-01 2.495764300999999963e-01 -1.288762739340000019e-01
1.413393954855760336e+09 1.996781949899999908e+00 1.619237640199999939e+00 1.500533530400000037e+00 4.997551910999999958e-01 8.170853318999999892e-01 2.554703306000000174e-01 -1.317240280810000053e-01
1.413393954905760527e+09 1.978441090700000071e+00 1.658817037499999980e+00 1.505923274299999948e+00 4.986804585999999873e-01 8.158191104999999999e-01 2.605423270000000180e-01 -1.336962039500000088e-01
1.413393954955760479e+09 1.957713616800000000e+00 1.701191903000000005e+00 1.511733509599999969e+00 5.003899339999999807e-01 8.132834553000000133e-01 2.641842119999999738e-01 -1.355973354409999998e-01
1.413393955005760431e+09 1.934185703000000034e+00 1.746283420499999961e+00 1.518743066599999914e+00 5.062075109000000461e-01 8.085257245000000426e-01 2.661840914999999974e-01 -1.385140360490000055e-01
1.413393955055760384e+09 1.908005152000000093e+00 1.793452929000000085e+00 1.526605650400000069e+00 5.155617259000000452e-01 8.011950428999999874e-01 2.683675046999999814e-01 -1.423428695349999995e-01
1.413393955105760574e+09 1.879847344200000103e+00 1.841649393700000026e+00 1.533875416100000111e+00 5.234965326999999613e-01 7.944220156000000310e-01 2.709526574000000188e-01 -1.463888620369999949e-01
1.413393955155760288e+09 1.849828501399999992e+00 1.890435095700000012e+00 1.540515751600000094e+00 5.307369241999999598e-01 7.877045246999999639e-01 2.743395853000000217e-01 -1.502587465970000036e-01
1.413393955205760479e+09 1.818029960300000081e+00 1.939405833899999987e+00 1.547348015499999896e+00 5.353220430999999779e-01 7.827268048000000089e-01 2.755821962000000180e-01 -1.575547916420000083e-01
1.413393955255760431e+09 1.784861372499999987e+00 1.987934164399999926e+00 1.554237070000000109e+00 5.371257943999999673e-01 7.792409299000000455e-01 2.766444741999999901e-01 -1.665751753049999895e-01
1.413393955305760622e+09 1.750873504200000097e+00 2.036562303699999799e+00 1.561249744499999981e+00 5.381255024000000109e-01 7.761359600999999664e-01 2.773727021999999875e-01 -1.763470985099999944e-01
1.413393955355760336e+09 1.716650265800000019e+00 2.084829716399999811e+00 1.567771297299999977e+00 5.373306395000000402e-01 7.734201491000000095e-01 2.811612406999999814e-01 -1.845139928789999995e-01
1.413393955405760527e+09 1.682241143800000005e+00 2.132646730599999874e+00 1.574115695799999992e+00 5.363615823999999810e-01 7.700584414000000155e-01 2.872617880000000179e-01 -1.918512834599999939e-01
1.413393955455760479e+09 1.647383657000000001e+00 2.180560135599999949e+00 1.581468201799999918e+00 5.385269365000000530e-01 7.633307208999999816e-01 2.957078867999999860e-01 -1.996792297470000033e-01
1.413393955505760431e+09 1.612412654299999915e+00 2.227851549399999964e+00 1.589654973200000043e+00 5.420902652000000321e-01 7.541685874000000345e-01 3.057937703999999979e-01 -2.094231508409999942e-01
1.413393955555760384e+09 1.577971818099999979e+00 2.274109698599999785e+00 1.597040664899999962e+00 5.462770355999999605e-01 7.432155956999999535e-01 3.173179382999999909e-01 -2.202755199299999966e-01
1.413393955605760574e+09 1.544472284100000037e+00 2.319137379099999841e+00 1.602145490500000102e+00 5.518448924000000089e-01 7.298037940999999584e-01 3.317877629000000050e-01 -2.297183433480000092e-01
1.413393955655760288e+09 1.512028743999999980e+00 2.362752455299999887e+00 1.604013081099999960e+00 5.563192140999999591e-01 7.163449938000000516e-01 3.482257579999999964e-01 -2.368493261490000057e-01
1.413393955705760479e+09 1.480599729099999928e+00 2.405217294299999864e+00 1.602568248399999895e+00 5.590325350999999499e-01 7.045024864000000164e-01 3.669158316999999725e-01 -2.377638404509999914e-01
1.413393955755760431e+09 1.450322944600000108e+00 2.445882570599999806e+00 1.598259352599999961e+00 5.613838763999999815e-01 6.934397245000000209e-01 3.861536237000000038e-01 -2.342538594209999936e-01
1.413393955805760622e+09 1.420887342000000109e+00 2.483847349099999935e+00 1.591449519800000045e+00 5.624496683999999913e-01 6.839266222000000006e-01 4.042574333000000242e-01 -2.290647802999999927e-01
1.413393955855760336e+09 1.391573553399999996e+00 2.518432192700000183e+00 1.582222731699999940e+00 5.600776345000000322e-01 6.782209957000000511e-01 4.201023456999999905e-01 -2.232562282359999983e-01
1.413393955905760527e+09 1.361669490799999993e+00 2.548498567599999820e+00 1.572521732200000022e+00 5.522569712999999547e-01 6.780246872999999841e-01 4.313016296000000138e-01 -2.219767225610000116e-01
1.413393955955760479e+09 1.329915841300000068e+00 2.573626257199999934e+00 1.564702760599999909e+00 5.397544112000000061e-01 6.826739831999999453e-01 4.358046789000000198e-01 -2.295554184190000124e-01
1.413393956005760431e+09 1.296574484500000013e+00 2.594957423499999916e+00 1.558427877900000036e+00 5.260516865000000042e-01 6.888528390000000501e-01 4.370480513000000178e-01 -2.402923016419999946e-01
1.413393956055760384e+09 1.261693540900000077e+00 2.613622585199999904e+00 1.553972170700000044e+00 5.137981990000000110e-01 6.936990709999999449e-01 4.368732947999999783e-01 -2.528531862569999844e-01
1.413393956105760574e+09 1.225428589400000101e+00 2.630618200699999853e+00 1.550808243200000103e+00 5.037510715999999888e-01 6.965894714000000487e-01 4.365300658999999861e-01 -2.654043478320000093e-01
1.413393956155760288e+09 1.188114488499999899e+00 2.646258832100000014e+00 1.548484176499999920e+00 4.951526236000000081e-01 6.973775947999999447e-01 4.379891337999999856e-01 -2.768643860769999798e-01
1.413393956205760479e+09 1.150097103900000084e+00 2.661073837100000006e+00 1.546843987499999962e+00 4.884290552000000174e-01 6.956060057999999824e-01 4.414744764999999904e-01 -2.875232674870000227e-01
1.413393956255760431e+09 1.111245991499999919e+00 2.675726801700000212e+00 1.546683836299999948e+00 4.870815965999999997e-01 6.890230422999999993e-01 4.460186700000000060e-01 -2.984394603659999978e-01
1.413393956305760622e+09 1.072024157600000027e+00 2.690030178999999855e+00 1.547205862800000054e+00 4.882486066999999763e-01 6.794893869999999447e-01 4.521675660999999735e-01 -3.089530110950000075e-01
1.413393956355760336e+09 1.032994291500000106e+00 2.703735045100000178e+00 1.548705279600000040e+00 4.900732215999999974e-01 6.681992493999999727e-01 4.588766501000000053e-01 -3.205779477649999820e-01
1.413393956405760527e+09 9.947881712999999682e-01 2.716664820900000166e+00 1.550826687500000078e+00 4.915413740999999836e-01 6.562134500999999842e-01 4.665401688999999963e-01 -3.318301618500000272e-01
1.413393956455760479e+09 9.577210309000000477e-01 2.728460737999999886e+00 1.552993044099999942e+00 4.919142747999999954e-01 6.440585301000000262e-01 4.751426450999999829e-01 -3.427074887479999998e-01
1.413393956505760431e+09 9.220934719000000168e-01 2.739013311999999978e+00 1.554460031400000108e+00 4.885148903000000042e-01 6.334098019999999662e-01 4.854870641999999847e-01 -3.527712222280000032e-01
1.413393956555760384e+09 8.880325726000000142e-01 2.748317549499999846e+00 1.555572209599999978e+00 4.815575481000000102e-01 6.245974184999999457e-01 4.972027313999999865e-01 -3.616211230699999946e-01
1.413393956605760574e+09 8.553992364000000403e-01 2.756577847800000036e+00 1.556317573899999918e+00 4.723216787999999777e-01 6.166041549999999871e-01 5.097645091000000406e-01 -3.699347145940000137e-01
1.413393956655760288e+09 8.238286221999999714e-01 2.764034247800000177e+00 1.556762021800000007e+00 4.611016037999999817e-01 6.090357254999999581e-01 5.238656657000000383e-01 -3.768627870699999827e-01
1.413393956705760479e+09 7.933008762000000047e-01 2.770831500999999975e+00 1.556474351000000089e+00 4.484545615000000152e-01 6.023223077999999564e-01 5.383401391000000036e-01 -3.824738401610000005e-01
1.413393956755760431e+09 7.640318714999999594e-01 2.777037234099999807e+00 1.555919906500000005e+00 4.350633933999999980e-01 5.959223663999999587e-01 5.529110569999999836e-01 -3.871507975819999947e-01
1.413393956805760622e+09 7.351731203000000381e-01 2.782680681700000047e+00 1.556250943300000023e+00 4.226533640999999841e-01 5.883170774000000547e-01 5.662209293000000088e-01 -3.932442109079999915e-01
1.413393956855760336e+09 7.062530607000000460e-01 2.788035505299999883e+00 1.557552492599999949e+00 4.100243174000000046e-01 5.810864135000000097e-01 5.773954636999999446e-01 -4.010400450530000049e-01
1.413393956905760527e+09 6.770807184999999562e-01 2.793316174500000137e+00 1.559444201800000096e+00 3.980442805000000139e-01 5.730295253999999616e-01 5.872569412999999461e-01 -4.102769779209999856e-01
1.413393956955760479e+09 6.477878737000000164e-01 2.798922012899999867e+00 1.561433086300000106e+00 3.864652189000000182e-01 5.647998949000000435e-01 5.960585272999999740e-01 -4.199523131569999901e-01
1.413393957005760431e+09 6.182106826000000055e-01 2.805130112000000064e+00 1.563336619900000057e+00 3.767030882999999886e-01 5.553258927999999983e-01 6.053369136999999789e-01 -4.281064785200000000e-01
1.413393957055760384e+09 5.884493271999999831e-01 2.811894609599999928e+00 1.565226157499999937e+00 3.669342344000000034e-01 5.452503855000000454e-01 6.150836739999999692e-01 -4.355839284190000105e-01
1.413393957105760574e+09 5.582375132000000351e-01 2.819422579199999834e+00 1.566739670900000103e+00 3.594453455000000131e-01 5.325200988999999607e-01 6.266055797999999788e-01 -4.411199781929999730e-01
1.413393957155760288e+09 5.270606560999999690e-01 2.827226123900000054e+00 1.568162151999999976e+00 3.523644423000000248e-01 5.187285788000000064e-01 6.382005681000000319e-01 -4.466094447880000207e-01
1.413393957205760479e+09 4.948334158000000094e-01 2.834890989699999864e+00 1.569962149299999998e+00 3.447808635999999871e-01 5.039410153000000170e-01 6.494492630999999516e-01 -4.531945099490000128e-01
1.413393957255760431e+09 4.624529662999999902e-01 2.842828401699999841e+00 1.571890128700000000e+00 3.361786603999999956e-01 4.887264745000000077e-01 6.607797395000000185e-01 -4.598918104899999970e-01
1.413393957305760622e+09 4.297157004000000113e-01 2.850818793799999806e+00 1.573927850700000075e+00 3.265050030000000159e-01 4.733861153000000210e-01 6.719388614000000315e-01 -4.666885850040000117e-01
1.413393957355760336e+09 3.965280903999999773e-01 2.858875393099999940e+00 1.576470229799999956e+00 3.171423695000000209e-01 4.574832068999999946e-01 6.822623472000000078e-01 -4.739703812950000206e-01
1.413393957405760527e+09 3.626422812999999801e-01 2.867133424799999997e+00 1.578655670200000083e+00 3.082294414000000260e-01 4.419673577000000075e-01 6.916195632999999621e-01 -4.809592974570000012e-01
1.413393957455760479e+09 3.281218223999999850e-01 2.874997922599999978e+00 1.580680547700000105e+00 2.999818119000000061e-01 4.260605328000000025e-01 6.993161900000000042e-01 -4.893262729319999838e-01
1.413393957505760431e+09 2.929461517999999987e-01 2.882715131599999925e+00 1.581012575899999995e+00 2.926040012000000190e-01 4.106379634999999806e-01 7.061982999999999455e-01 -4.970345285109999955e-01
1.413393957555760384e+09 2.579694128999999725e-01 2.890414142900000094e+00 1.579102066999999998e+00 2.847239663000000198e-01 3.956936844999999758e-01 7.122602520999999909e-01 -5.050189148639999681e-01
1.413393957605760574e+09 2.234073478999999973e-01 2.898184824699999940e+00 1.574591486199999890e+00 2.767954818000000206e-01 3.802119583999999941e-01 7.177482190999999734e-01 -5.134789400999999476e-01
1.413393957655760288e+09 1.892787372999999995e-01 2.905989162600000064e+00 1.567560498199999985e+00 2.689242030999999811e-01 3.643187405000000156e-01 7.214532837999999559e-01 -5.238862352900000019e-01
1.413393957705760479e+09 1.556231275000000136e-01 2.913949571399999883e+00 1.557917210000000052e+00 2.624176538999999919e-01 3.468842075999999941e-01 7.239826638999999897e-01 -5.354039819310000281e-01
1.413393957755760431e+09 1.227483015999999982e-01 2.922462207900000219e+00 1.545117612300000109e+00 2.551223725999999803e-01 3.294770390999999798e-01 7.272940313000000323e-01 -5.453447054250000203e-01
1.413393957805760622e+09 9.082225289999999729e-02 2.932055113100000110e+00 1.529323387600000084e+00 2.503095255000000185e-01 3.104358130000000049e-01 7.322898523999999965e-01 -5.520202165750000001e-01
1.413393957855760336e+09 6.035613199999999984e-02 2.942275704600000097e+00 1.511351130400000020e+00 2.458232619999999868e-01 2.913087389999999832e-01 7.388494949999999672e-01 -5.557081664240000052e-01
1.413393957905760527e+09 3.190505619999999681e-02 2.953831742299999785e+00 1.492923806999999936e+00 2.427047752000000003e-01 2.726885654999999797e-01 7.463400478999999699e-01 -5.565176287949999967e-01
1.413393957955760479e+09 5.700959400000000371e-03 2.966278024799999802e+00 1.474703099100000081e+00 2.407655925999999946e-01 2.540494578999999975e-01 7.549199137000000004e-01 -5.546050182339999912e-01
1.413393958005760431e+09 -1.817910940000000072e-02 2.979149195300000219e+00 1.458690507200000042e+00 2.381735858000000039e-01 2.387389501999999941e-01 7.639027283999999529e-01 -5.502087587670000390e-01
1.413393958055760384e+09 -3.942155499999999702e-02 2.991525982899999825e+00 1.446377490199999949e+00 2.346663461999999867e-01 2.266270667999999988e-01 7.721871685000000207e-01 -5.452511855470000279e-01
1.413393958105760574e+09 -5.784809269999999920e-02 3.002748897300000053e+00 1.439303783800000014e+00 2.297675858000000071e-01 2.182543096000000016e-01 7.781805579999999667e-01 -5.422240606310000377e-01
1.413393958155760288e+09 -7.385891120000000198e-02 3.011882064699999972e+00 1.437026199700000006e+00 2.232859132999999996e-01 2.131335121000000055e-01 7.825891517999999936e-01 -5.406216111710000494e-01
1.413393958205760479e+09 -8.816435579999999661e-02 3.017978786700000082e+00 1.439848816800000098e+00 2.178264520000000037e-01 2.092366331000000135e-01 7.853805088999999962e-01 -5.403231667000000238e-01
1.413393958255760431e+09 -1.006143768000000022e-01 3.021116070200000170e+00 1.446925231100000042e+00 2.100545668999999893e-01 2.088761900999999976e-01 7.859339463000000192e-01 -5.427298113570000471e-01
1.413393958305760622e+09 -1.111836979999999975e-01 3.022094200599999780e+00 1.457218307099999999e+00 2.005341488999999866e-01 2.115073845999999869e-01 7.863857198999999465e-01 -5.446541847250000457e-01
1.413393958355760336e+09 -1.203088318999999962e-01 3.021810061900000122e+00 1.470038076200000043e+00 1.897336125000000095e-01 2.166224180000000110e-01 7.859137901999999620e-01 -5.471886316540000017e-01
1.413393958405760527e+09 -1.286652530999999877e-01 3.020797089599999818e+00 1.481755421699999964e+00 1.810306515000000005e-01 2.213546366999999959e-01 7.865476502999999564e-01 -5.473324600269999785e-01
1.413393958455760479e+09 -1.366849232000000025e-01 3.019279907900000115e+00 1.490929000299999974e+00 1.749120513000000099e-01 2.248825067999999927e-01 7.874769171000000068e-01 -5.465471045399999950e-01
1.413393958505760431e+09 -1.449641244000000051e-01 3.016999720999999912e+00 1.497466298900000048e+00 1.698617168999999871e-01 2.282955359999999934e-01 7.898936348999999746e-01 -5.432275682699999608e-01
1.413393958555760384e+09 -1.536164124000000131e-01 3.014278897600000118e+00 1.500611250700000010e+00 1.659824691000000019e-01 2.312174965999999887e-01 7.935447486000000161e-01 -5.378429336019999729e-01
1.413393958605760574e+09 -1.625221521000000113e-01 3.011135022900000013e+00 1.500492798600000066e+00 1.630784797000000008e-01 2.337949253000000116e-01 7.974819517000000246e-01 -5.317592302970000073e-01
1.413393958655760288e+09 -1.721149334000000031e-01 3.007019344899999780e+00 1.497200080999999905e+00 1.615448110999999909e-01 2.357601682000000087e-01 8.009087259999999597e-01 -5.261802255430000352e-01
1.413393958705760479e+09 -1.826713523999999866e-01 3.001605263100000087e+00 1.491255588000000021e+00 1.609003438000000119e-01 2.372608703999999902e-01 8.034718967999999739e-01 -5.217770307300000354e-01
1.413393958755760431e+09 -1.946774282000000023e-01 2.993980388099999779e+00 1.483805988999999936e+00 1.620847685000000038e-01 2.380516910000000097e-01 8.025965492000000090e-01 -5.223970706999999658e-01
1.413393958805760622e+09 -2.080134848999999897e-01 2.984464544899999794e+00 1.474734822799999900e+00 1.653027448999999927e-01 2.377593098000000127e-01 7.990815163000000165e-01 -5.268911115340000340e-01
1.413393958855760336e+09 -2.221963063000000072e-01 2.973470763099999914e+00 1.463906868800000094e+00 1.692289268999999929e-01 2.371153730999999987e-01 7.943854059999999606e-01 -5.330006536839999587e-01
1.413393958905760527e+09 -2.370435673999999882e-01 2.961119406499999940e+00 1.450385712099999891e+00 1.734765944999999976e-01 2.362543145999999872e-01 7.897726274999999907e-01 -5.388403908350000160e-01
1.413393958955760479e+09 -2.523050719000000108e-01 2.947666459600000177e+00 1.433894302299999923e+00 1.760930242000000034e-01 2.365792073000000106e-01 7.856526086999999769e-01 -5.438487877540000293e-01
1.413393959005760431e+09 -2.677165872999999752e-01 2.933214809999999950e+00 1.415545021800000081e+00 1.767675424000000051e-01 2.382407666999999951e-01 7.811848650999999588e-01 -5.493130069989999864e-01
1.413393959055760384e+09 -2.826689646000000167e-01 2.918391533099999879e+00 1.395786650100000026e+00 1.738654856000000082e-01 2.425015846999999947e-01 7.757251980999999574e-01 -5.560703114780000123e-01
1.413393959105760574e+09 -2.977366113000000092e-01 2.903715025499999935e+00 1.375501785900000051e+00 1.696163978000000128e-01 2.475042480999999905e-01 7.699664165999999810e-01 -5.631373207809999837e-01
1.413393959155760288e+09 -3.131653087999999863e-01 2.889968595500000070e+00 1.355887519099999938e+00 1.666263732000000108e-01 2.514305721000000271e-01 7.638007782000000301e-01 -5.706370916909999647e-01
1.413393959205760479e+09 -3.291621926000000142e-01 2.877709033499999958e+00 1.336582163799999945e+00 1.674936382999999973e-01 2.522909792999999956e-01 7.590347578999999678e-01 -5.763344334150000137e-01
1.413393959255760431e+09 -3.456525779999999881e-01 2.867424317199999795e+00 1.317366239999999911e+00 1.731245919000000133e-01 2.502131788999999995e-01 7.565833288000000101e-01 -5.787943567990000426e-01
1.413393959305760622e+09 -3.619305498000000010e-01 2.858907573899999832e+00 1.298144058499999920e+00 1.775545329000000061e-01 2.488832897000000099e-01 7.576964914999999579e-01 -5.765652805919999624e-01
1.413393959355760336e+09 -3.780378435000000259e-01 2.851812268599999811e+00 1.279560014599999906e+00 1.811447162000000000e-01 2.477796067999999963e-01 7.606937289999999852e-01 -5.719588349159999696e-01
1.413393959405760527e+09 -3.939805792000000140e-01 2.845750476600000134e+00 1.262317469999999942e+00 1.841153916000000113e-01 2.467779251999999979e-01 7.636078329000000053e-01 -5.675431751839999928e-01
1.413393959455760479e+09 -4.095083739000000000e-01 2.840513452100000169e+00 1.246449176300000072e+00 1.860747137000000051e-01 2.464063532000000112e-01 7.660358787000000058e-01 -5.637811122660000285e-01
1.413393959505760431e+09 -4.246844691000000171e-01 2.835879353100000166e+00 1.232273832299999983e+00 1.894531395999999868e-01 2.450711487999999993e-01 7.664328753000000383e-01 -5.626973321349999502e-01
1.413393959555760384e+09 -4.391550141000000185e-01 2.831530935299999996e+00 1.219430103999999959e+00 1.917858430000000114e-01 2.439163768000000010e-01 7.653845890999999568e-01 -5.638345699619999873e-01
1.413393959605760574e+09 -4.531571100999999824e-01 2.827449996299999935e+00 1.209627841699999928e+00 1.965423520000000035e-01 2.408414734000000057e-01 7.583986104000000061e-01 -5.728857096260000503e-01
1.413393959655760288e+09 -4.660425832999999796e-01 2.824329785299999784e+00 1.201809282099999932e+00 2.026166937999999973e-01 2.366386484999999928e-01 7.483624289000000429e-01 -5.855786031809999681e-01
1.413393959705760479e+09 -4.768308130000000200e-01 2.823173414899999845e+00 1.194635973800000084e+00 2.062480062000000003e-01 2.340446297999999870e-01 7.395479071999999654e-01 -5.964509738350000090e-01
1.413393959755760431e+09 -4.853591431000000012e-01 2.824510064900000117e+00 1.187664439700000019e+00 2.096488326000000013e-01 2.318794328000000071e-01 7.328073295999999459e-01 -6.043779557230000155e-01
1.413393959805760622e+09 -4.912296308999999916e-01 2.828806889500000032e+00 1.179331741099999942e+00 2.105600081000000012e-01 2.318130307999999862e-01 7.335931167999999447e-01 -6.031321087850000096e-01
1.413393959855760336e+09 -4.943592528999999902e-01 2.835940679100000139e+00 1.169708701200000034e+00 2.074018799000000024e-01 2.350306501999999964e-01 7.415154712000000536e-01 -5.932114796459999617e-01
1.413393959905760527e+09 -4.955322596000000246e-01 2.845269776699999920e+00 1.160889869400000052e+00 2.050726361000000109e-01 2.378556535000000138e-01 7.502660730000000333e-01 -5.817823662590000389e-01
1.413393959955760479e+09 -4.949850734999999835e-01 2.855997192399999829e+00 1.153058984200000081e+00 2.029256534999999972e-01 2.401526840000000051e-01 7.594133460999999974e-01 -5.695956787770000140e-01
1.413393960005760431e+09 -4.931654631999999872e-01 2.867344791099999846e+00 1.146532278900000090e+00 2.001134028999999870e-01 2.428071746000000086e-01 7.671927518000000168e-01 -5.589405903259999642e-01
1.413393960055760384e+09 -4.904073605000000002e-01 2.878710295299999888e+00 1.141057922299999916e+00 1.977783416999999988e-01 2.450335626000000044e-01 7.738743980000000189e-01 -5.495095057119999682e-01
1.413393960105760574e+09 -4.871177150000000067e-01 2.889484423199999874e+00 1.136889094000000044e+00 1.960347507999999905e-01 2.465799432999999929e-01 7.794433309999999615e-01 -5.415134364679999868e-01
1.413393960155760288e+09 -4.836058763000000149e-01 2.899416619600000189e+00 1.133307398599999960e+00 1.936846503000000108e-01 2.483570372999999998e-01 7.852983931000000473e-01 -5.330210802520000124e-01
1.413393960205760479e+09 -4.802274501000000084e-01 2.908103819399999956e+00 1.130140261400000012e+00 1.913007230999999864e-01 2.504827855000000270e-01 7.910211998999999716e-01 -5.243547165640000118e-01
1.413393960255760431e+09 -4.770727560999999950e-01 2.915152227600000145e+00 1.126616287999999910e+00 1.877520648000000070e-01 2.529134223000000237e-01 7.981272230999999495e-01 -5.135921521780000276e-01
1.413393960305760622e+09 -4.748099249000000133e-01 2.919726707000000143e+00 1.124053236199999972e+00 1.855394216000000041e-01 2.543845042999999806e-01 8.025220119999999513e-01 -5.067761510439999784e-01
1.413393960355760336e+09 -4.738258716000000037e-01 2.921275483900000136e+00 1.122714051700000049e+00 1.846341247999999935e-01 2.546110876000000078e-01 8.036496281999999658e-01 -5.052036314269999773e-01
1.413393960405760527e+09 -4.740895190000000148e-01 2.919484876299999865e+00 1.123235349200000011e+00 1.858067599000000070e-01 2.516011182999999818e-01 8.003073469999999467e-01 -5.115475300949999804e-01
1.413393960455760479e+09 -4.748240568000000050e-01 2.914841959699999929e+00 1.123811326200000016e+00 1.865568861000000134e-01 2.467435423999999877e-01 7.959192027999999475e-01 -5.204101988870000195e-01
1.413393960505760431e+09 -4.757680820999999893e-01 2.908201812600000213e+00 1.122505718600000035e+00 1.861186083999999963e-01 2.399176601999999936e-01 7.918030748000000063e-01 -5.299502530380000298e-01
1.413393960555760384e+09 -4.761909183999999962e-01 2.900579575400000110e+00 1.116704153299999946e+00 1.834753711000000065e-01 2.314617412999999957e-01 7.900874779000000014e-01 -5.371443268509999980e-01
1.413393960605760574e+09 -4.758610124000000052e-01 2.892054734499999835e+00 1.105587960600000086e+00 1.787184393000000038e-01 2.210993470000000016e-01 7.894355659999999775e-01 -5.440278350930000117e-01
1.413393960655760288e+09 -4.747004705000000269e-01 2.882845568300000050e+00 1.088746469399999972e+00 1.722018010999999960e-01 2.095135365000000138e-01 7.899512878000000127e-01 -5.499341602249999683e-01
1.413393960705760479e+09 -4.727385479999999807e-01 2.873526948599999908e+00 1.065819672299999965e+00 1.644296422000000035e-01 1.968874291000000110e-01 7.919003443000000031e-01 -5.541588921310000027e-01
1.413393960755760431e+09 -4.702475300000000247e-01 2.863875274300000218e+00 1.038026713799999889e+00 1.556464536000000121e-01 1.838361202000000083e-01 7.950223999000000097e-01 -5.567026549870000007e-01
1.413393960805760622e+09 -4.672170936000000219e-01 2.854003761199999989e+00 1.006916728099999991e+00 1.458335232000000092e-01 1.708200380000000074e-01 7.987800291000000108e-01 -5.581250426520000252e-01
1.413393960855760336e+09 -4.639932714000000180e-01 2.844007086399999995e+00 9.731435382999999995e-01 1.359663194999999880e-01 1.600706868000000005e-01 8.054043628000000510e-01 -5.542692014200000239e-01
1.413393960905760527e+09 -4.608541200999999865e-01 2.833202171800000002e+00 9.399021102000000294e-01 1.264344615999999921e-01 1.512352430999999997e-01 8.134037764999999531e-01 -5.472810288730000083e-01
1.413393960955760479e+09 -4.579691853999999784e-01 2.820550399800000108e+00 9.103189279000000189e-01 1.153479829000000068e-01 1.457869673999999949e-01 8.194104719999999453e-01 -5.422245672369999658e-01
1.413393961005760431e+09 -4.560343845000000007e-01 2.805785354899999806e+00 8.841843067000000334e-01 1.059592379999999973e-01 1.420690022999999969e-01 8.245385318000000296e-01 -5.373315996609999701e-01
1.413393961055760384e+09 -4.553457838000000146e-01 2.789063561899999932e+00 8.617003518000000417e-01 1.001374708999999974e-01 1.376784167000000003e-01 8.268657452000000019e-01 -5.360132273319999641e-01
1.413393961105760574e+09 -4.561013587000000147e-01 2.769832667799999815e+00 8.435117132999999656e-01 9.853758769999999834e-02 1.327228203999999967e-01 8.250686061999999987e-01 -5.403117543690000302e-01
1.413393961155760288e+09 -4.579440453999999994e-01 2.748707762400000032e+00 8.290244639999999610e-01 9.908906180000000286e-02 1.282780085000000125e-01 8.210858401999999723e-01 -5.473062702469999596e-01
1.413393961205760479e+09 -4.604687041000000147e-01 2.725572663999999978e+00 8.202595892999999805e-01 9.858449340000000061e-02 1.259481982000000000e-01 8.138577951000000033e-01 -5.586176137739999881e-01
1.413393961255760431e+09 -4.630865440999999971e-01 2.702368502100000125e+00 8.183700967999999465e-01 9.531151209999999541e-02 1.273738255999999902e-01 7.991587746999999631e-01 -5.796868784990000245e-01
1.413393961305760622e+09 -4.658634346000000148e-01 2.679810990000000004e+00 8.205818057000000554e-01 9.090171489999999965e-02 1.299101663999999989e-01 7.821435116999999604e-01 -6.025875488399999869e-01
1.413393961355760336e+09 -4.687444446999999847e-01 2.659825361099999785e+00 8.269968699999999950e-01 8.551233789999999890e-02 1.331954502999999901e-01 7.631118086999999495e-01 -6.265835774129999702e-01
1.413393961405760527e+09 -4.724126137999999919e-01 2.643337766200000161e+00 8.347399329000000368e-01 8.389220810000000417e-02 1.337021948999999876e-01 7.471404664999999889e-01 -6.456523397569999823e-01
1.413393961455760479e+09 -4.770103593000000197e-01 2.631622098299999823e+00 8.457175663999999538e-01 8.548243719999999712e-02 1.323501421000000122e-01 7.387577985000000069e-01 -6.552961986649999959e-01
1.413393961505760431e+09 -4.818864903999999783e-01 2.625778601800000001e+00 8.581461680999999952e-01 8.948915309999999623e-02 1.298487214000000056e-01 7.418142676000000213e-01 -6.517995040070000412e-01
1.413393961555760384e+09 -4.864658101000000068e-01 2.626970549200000171e+00 8.722747106999999556e-01 9.717295410000000022e-02 1.257504245000000132e-01 7.505139332000000385e-01 -6.414616775729999887e-01
1.413393961605760574e+09 -4.894601706000000219e-01 2.634824991099999902e+00 8.884737123000000514e-01 1.020508051000000027e-01 1.232542380999999965e-01 7.623782499000000268e-01 -6.270354296629999657e-01
1.413393961655760288e+09 -4.919921798999999929e-01 2.645238448100000195e+00 9.086389331999999985e-01 1.069572678000000054e-01 1.208597193000000014e-01 7.757857080000000183e-01 -6.100078740040000280e-01
1.413393961705760479e+09 -4.936685207000000020e-01 2.658054693500000010e+00 9.352848482000000185e-01 1.099967745000000052e-01 1.193982700000000008e-01 7.839044209000000096e-01 -5.992817547419999613e-01
1.413393961755760431e+09 -4.945274736999999976e-01 2.671652299599999836e+00 9.681942693999999738e-01 1.132488646999999932e-01 1.175363843999999991e-01 7.863745835000000017e-01 -5.957977067959999706e-01
1.413393961805760622e+09 -4.939586127000000215e-01 2.686867385999999858e+00 1.005118085299999908e+00 1.138565401000000005e-01 1.178013106999999948e-01 7.903022321999999544e-01 -5.904082665680000508e-01
1.413393961855760336e+09 -4.920167540000000006e-01 2.703385244800000198e+00 1.045799860800000092e+00 1.141111915000000004e-01 1.180434548999999972e-01 7.938999380000000272e-01 -5.854632927830000222e-01
1.413393961905760527e+09 -4.889203762000000064e-01 2.720866389199999791e+00 1.089246333800000022e+00 1.137929275000000018e-01 1.187895518999999983e-01 7.981075453999999514e-01 -5.796244973309999660e-01
1.413393961955760479e+09 -4.847406032000000087e-01 2.738710968199999929e+00 1.136161368200000021e+00 1.134499858999999944e-01 1.189963502000000034e-01 8.017459209999999725e-01 -5.746063413449999935e-01
1.413393962005760431e+09 -4.797239732999999950e-01 2.756636910200000123e+00 1.185396398299999987e+00 1.128550814000000013e-01 1.196540350000000058e-01 8.056785820999999848e-01 -5.690594563949999962e-01
1.413393962055760384e+09 -4.738951644000000130e-01 2.773744069900000220e+00 1.238185518699999932e+00 1.110703130999999982e-01 1.206387584999999985e-01 8.094623113000000147e-01 -5.638088701650000312e-01
1.413393962105760574e+09 -4.677932253000000040e-01 2.789250571100000187e+00 1.295579536099999984e+00 1.104061791999999959e-01 1.206099820999999989e-01 8.129675597000000087e-01 -5.588805371130000088e-01
1.413393962155760288e+09 -4.613135333999999754e-01 2.802985795600000163e+00 1.356099517899999940e+00 1.088275622000000054e-01 1.217933612000000054e-01 8.165666851999999754e-01 -5.536621600950000222e-01
1.413393962205760479e+09 -4.543172447000000114e-01 2.815121610099999838e+00 1.420135541799999901e+00 1.070508151999999963e-01 1.222814641000000008e-01 8.195298358000000505e-01 -5.495072472459999746e-01
1.413393962255760431e+09 -4.473465952999999828e-01 2.825385049499999912e+00 1.486554199600000015e+00 1.060180882999999935e-01 1.222970015999999965e-01 8.217940483000000240e-01 -5.463132348070000033e-01
1.413393962305760622e+09 -4.404824196000000081e-01 2.833682167000000085e+00 1.554284015299999933e+00 1.051128977999999936e-01 1.228326852999999941e-01 8.244703722999999762e-01 -5.423209523280000388e-01
1.413393962355760336e+09 -4.335732786000000005e-01 2.840269377199999834e+00 1.620670569000000061e+00 1.044961221999999995e-01 1.230215654000000047e-01 8.287533595999999614e-01 -5.358303125290000413e-01
1.413393962405760527e+09 -4.267903714999999876e-01 2.845030911599999879e+00 1.683560093499999910e+00 1.040462828999999950e-01 1.234453741999999993e-01 8.339726763000000487e-01 -5.276601043449999917e-01
1.413393962455760479e+09 -4.204257495000000011e-01 2.847774296699999930e+00 1.740495239399999949e+00 1.040215510999999982e-01 1.253215674000000002e-01 8.409465026000000343e-01 -5.160261634939999897e-01
1.413393962505760431e+09 -4.149563459999999759e-01 2.847574909800000054e+00 1.791598062799999891e+00 1.048882639999999949e-01 1.288763485999999958e-01 8.473300606000000457e-01 -5.044017319779999786e-01
1.413393962555760384e+09 -4.106293239000000095e-01 2.844151023299999803e+00 1.836946545200000003e+00 1.073456304999999972e-01 1.342577218999999877e-01 8.524156646999999642e-01 -4.938008853490000183e-01
1.413393962605760574e+09 -4.076959659000000125e-01 2.836771753699999898e+00 1.876903905800000105e+00 1.128410569999999946e-01 1.401758921000000047e-01 8.548464872000000048e-01 -4.866776124539999859e-01
1.413393962655760288e+09 -4.062685208999999853e-01 2.824999098600000202e+00 1.912969877399999907e+00 1.223615792999999952e-01 1.462830660999999977e-01 8.544329773000000072e-01 -4.832941090369999859e-01
1.413393962705760479e+09 -4.064799585000000159e-01 2.808011645300000136e+00 1.946597374100000000e+00 1.352919730999999903e-01 1.529669455000000067e-01 8.511627724000000450e-01 -4.835484779399999988e-01
1.413393962755760431e+09 -4.076787069000000208e-01 2.786272676299999862e+00 1.978300085799999941e+00 1.504786169000000007e-01 1.604574749000000078e-01 8.447684960000000354e-01 -4.878276055190000071e-01
1.413393962805760622e+09 -4.097030865999999882e-01 2.759883871400000022e+00 2.008334746100000068e+00 1.687553120999999989e-01 1.679468436999999870e-01 8.362468105000000484e-01 -4.939704183879999877e-01
1.413393962855760336e+09 -4.117918995000000026e-01 2.729419054400000100e+00 2.036206991299999824e+00 1.885135384000000136e-01 1.766011227000000017e-01 8.269213790999999647e-01 -4.994754469909999939e-01
1.413393962905760527e+09 -4.132048972999999847e-01 2.695425944500000170e+00 2.062344941300000123e+00 2.087587865999999959e-01 1.857826086999999904e-01 8.161934527999999966e-01 -5.057003450039999626e-01
1.413393962955760479e+09 -4.130885704000000214e-01 2.659082191300000009e+00 2.085514948200000163e+00 2.281389185999999902e-01 1.972415325999999913e-01 8.055354555999999500e-01 -5.100598410559999962e-01
1.413393963005760431e+09 -4.111975654000000202e-01 2.619994880500000178e+00 2.105815518100000006e+00 2.455890232000000062e-01 2.110600273999999887e-01 7.951754037999999580e-01 -5.126751151280000141e-01
1.413393963055760384e+09 -4.068308238000000188e-01 2.578500405999999856e+00 2.123500200600000110e+00 2.614461552999999827e-01 2.264240865000000102e-01 7.845671398000000352e-01 -5.146187366259999951e-01
1.413393963105760574e+09 -4.002070328999999815e-01 2.534717192800000074e+00 2.138721166099999849e+00 2.775174825999999761e-01 2.417447754000000004e-01 7.734142524999999546e-01 -5.161142357900000421e-01
1.413393963155760288e+09 -3.907981045000000209e-01 2.488759731600000080e+00 2.151537074700000218e+00 2.903983804999999974e-01 2.589332160000000216e-01 7.619716462000000190e-01 -5.177080071220000468e-01
1.413393963205760479e+09 -3.780293567999999937e-01 2.440787950499999859e+00 2.161725926699999967e+00 2.987601363999999871e-01 2.787233175000000118e-01 7.501450844000000506e-01 -5.199404249160000102e-01
1.413393963255760431e+09 -3.620951687000000252e-01 2.391675336300000065e+00 2.169497535600000138e+00 3.054665995999999994e-01 2.990600321999999922e-01 7.375732122000000501e-01 -5.227226896840000414e-01
1.413393963305760622e+09 -3.435578697000000181e-01 2.341847374299999895e+00 2.174327369799999854e+00 3.116357730000000048e-01 3.187553112000000022e-01 7.260436555999999486e-01 -5.235826646019999808e-01
1.413393963355760336e+09 -3.230705179999999732e-01 2.291384855900000073e+00 2.176291856399999780e+00 3.188043204000000075e-01 3.375450381000000277e-01 7.150729103999999836e-01 -5.225876819039999566e-01
1.413393963405760527e+09 -3.004253558000000157e-01 2.240859953599999788e+00 2.174799655500000206e+00 3.260961183000000152e-01 3.553572228999999916e-01 7.056886303999999610e-01 -5.190242023750000211e-01
1.413393963455760479e+09 -2.758465897999999861e-01 2.190496015299999932e+00 2.170616158400000106e+00 3.343442008999999993e-01 3.719980963999999779e-01 6.971933120000000095e-01 -5.135687464539999691e-01
1.413393963505760431e+09 -2.492473027000000063e-01 2.139759791699999969e+00 2.164136515900000113e+00 3.413176843999999877e-01 3.882272246999999843e-01 6.882857748999999803e-01 -5.089641956389999722e-01
1.413393963555760384e+09 -2.210550199000000104e-01 2.088817241500000144e+00 2.155205515900000091e+00 3.480397685000000130e-01 4.032076737999999994e-01 6.798448861000000454e-01 -5.040861257119999550e-01
1.413393963605760574e+09 -1.914758678000000047e-01 2.037666674400000044e+00 2.144335155799999892e+00 3.553982056000000167e-01 4.166931566000000031e-01 6.707574788000000288e-01 -5.001433127069999651e-01
1.413393963655760288e+09 -1.601274805000000023e-01 1.986736100499999935e+00 2.130936118999999795e+00 3.633516444000000067e-01 4.284405615999999917e-01 6.622170426000000276e-01 -4.958657643080000010e-01
1.413393963705760479e+09 -1.271156014000000001e-01 1.935927339200000041e+00 2.114958272800000039e+00 3.714201095999999924e-01 4.393500261000000129e-01 6.538063500999999889e-01 -4.914833805139999789e-01
1.413393963755760431e+09 -9.269922469999999914e-02 1.885254243399999918e+00 2.096766957399999853e+00 3.801025525999999766e-01 4.492960924000000134e-01 6.460450008000000466e-01 -4.860873664199999999e-01
1.413393963805760622e+09 -5.642259179999999791e-02 1.834664439800000046e+00 2.077014429700000164e+00 3.890821387999999770e-01 4.585545106999999732e-01 6.388902307999999586e-01 -4.797521475109999822e-01
1.413393963855760336e+09 -1.806114259999999985e-02 1.784137642499999954e+00 2.054568947599999973e+00 3.970023446000000011e-01 4.681145883999999757e-01 6.328358917999999944e-01 -4.719921658119999863e-01
1.413393963905760527e+09 2.224802019999999950e-02 1.733620930300000085e+00 2.029914805699999825e+00 4.044038597999999873e-01 4.778714043000000244e-01 6.273181882999999681e-01 -4.632152089809999929e-01
1.413393963955760479e+09 6.409761830000000604e-02 1.683124173299999971e+00 2.002911417299999997e+00 4.113273497000000112e-01 4.879782312000000011e-01 6.224514129999999534e-01 -4.530356450829999826e-01
1.413393964005760431e+09 1.073038194999999945e-01 1.631878533000000076e+00 1.973492413000000001e+00 4.172682078000000128e-01 4.982447630999999877e-01 6.175555919999999865e-01 -4.430174822340000040e-01
1.413393964055760384e+09 1.514627379000000051e-01 1.579859727299999905e+00 1.943259186099999924e+00 4.233524981999999826e-01 5.083515921000000271e-01 6.114821916999999551e-01 -4.340977427230000019e-01
1.413393964105760574e+09 1.968404866000000031e-01 1.526783634600000106e+00 1.911680979800000069e+00 4.291332628000000260e-01 5.186158789000000491e-01 6.040163455999999487e-01 -4.266690370130000187e-01
1.413393964155760288e+09 2.426924672999999921e-01 1.472633960000000020e+00 1.878388804000000079e+00 4.327059348999999777e-01 5.302529304999999971e-01 5.950457212999999967e-01 -4.213288421320000032e-01
1.413393964205760479e+09 2.890757145000000250e-01 1.417721217400000011e+00 1.844633880900000023e+00 4.355337673999999937e-01 5.421117154000000271e-01 5.846978380999999780e-01 -4.177961986900000091e-01
1.413393964255760431e+09 3.361771203000000208e-01 1.362449607899999915e+00 1.811193969200000087e+00 4.370094774000000126e-01 5.549844328999999910e-01 5.737108948000000375e-01 -4.145730395480000108e-01
1.413393964305760622e+09 3.841189324000000016e-01 1.306997112399999939e+00 1.778426861600000075e+00 4.370952149999999814e-01 5.682183819999999663e-01 5.631477143999999990e-01 -4.110234727720000203e-01
1.413393964355760336e+09 4.324349539999999825e-01 1.251818021699999894e+00 1.746620283599999990e+00 4.384595567999999832e-01 5.796658366000000395e-01 5.537863316000000147e-01 -4.062775330369999827e-01
1.413393964405760527e+09 4.812694987000000202e-01 1.197190293900000091e+00 1.716335236499999972e+00 4.393805087000000054e-01 5.914122544000000037e-01 5.436657754000000509e-01 -4.019997993860000007e-01
1.413393964455760479e+09 5.306591375000000443e-01 1.143378372499999962e+00 1.687314198599999981e+00 4.409671782999999845e-01 6.018181787999999921e-01 5.341346116999999838e-01 -3.975714323630000213e-01
1.413393964505760431e+09 5.801102328999999669e-01 1.090590559600000065e+00 1.659702878799999892e+00 4.424579190999999856e-01 6.117135475999999628e-01 5.250244118000000348e-01 -3.929209749709999810e-01
1.413393964555760384e+09 6.296997111000000036e-01 1.039017848000000077e+00 1.633917270199999994e+00 4.443494344000000207e-01 6.210200103999999888e-01 5.146129938000000292e-01 -3.899502448459999937e-01
1.413393964605760574e+09 6.796851043999999620e-01 9.890356326000000475e-01 1.608991231400000110e+00 4.453987669999999732e-01 6.303464594000000032e-01 5.043736181000000318e-01 -3.871569873319999910e-01
1.413393964655760288e+09 7.300731843000000110e-01 9.409788271000000259e-01 1.585306230899999891e+00 4.468086042000000147e-01 6.390055957000000397e-01 4.936203298999999878e-01 -3.851920168099999819e-01
1.413393964705760479e+09 7.804818523000000008e-01 8.955235502999999708e-01 1.563184517999999912e+00 4.502663639000000217e-01 6.462104746000000288e-01 4.829802885999999740e-01 -3.826254890790000140e-01
1.413393964755760431e+09 8.314647707000000221e-01 8.523849532999999701e-01 1.542143176599999999e+00 4.511423223000000093e-01 6.548130817999999742e-01 4.727694736999999980e-01 -3.797097017769999749e-01
1.413393964805760622e+09 8.830641661999999448e-01 8.118190870999999476e-01 1.522023980900000018e+00 4.504083354999999789e-01 6.643290389999999546e-01 4.632685585999999911e-01 -3.757412697859999762e-01
1.413393964855760336e+09 9.354395322999999873e-01 7.741657867000000248e-01 1.502578544099999913e+00 4.491063847999999803e-01 6.737781513999999694e-01 4.555835305000000002e-01 -3.698244240510000225e-01
1.413393964905760527e+09 9.882944336000000218e-01 7.398592730999999922e-01 1.483896251200000016e+00 4.458047290000000107e-01 6.849681148999999802e-01 4.479746352000000265e-01 -3.624852429989999791e-01
1.413393964955760479e+09 1.041456117300000095e+00 7.086975248000000338e-01 1.466081267000000077e+00 4.387636912999999805e-01 6.979162066999999858e-01 4.410950267000000036e-01 -3.547316859390000077e-01
1.413393965005760431e+09 1.094405142600000103e+00 6.810423275000000443e-01 1.449532440600000083e+00 4.288539476000000072e-01 7.122963049999999630e-01 4.322968576999999812e-01 -3.490525639900000088e-01
1.413393965055760384e+09 1.146124819600000011e+00 6.579666156000000266e-01 1.434471967599999953e+00 4.184495490999999845e-01 7.266771194000000156e-01 4.221720630999999946e-01 -3.443996052419999732e-01
1.413393965105760574e+09 1.196650994300000104e+00 6.399959554999999911e-01 1.420632524399999985e+00 4.068351217000000242e-01 7.412658264000000496e-01 4.111931896000000086e-01 -3.404854170100000132e-01
1.413393965155760288e+09 1.245370419799999961e+00 6.285337775999999543e-01 1.408570712299999972e+00 3.973159379000000269e-01 7.543493128999999575e-01 4.000280071999999798e-01 -3.362658964599999911e-01
1.413393965205760479e+09 1.292612998400000102e+00 6.240694103999999687e-01 1.397216768400000086e+00 3.905285714000000241e-01 7.655540442999999584e-01 3.912374460999999970e-01 -3.291621195309999970e-01
1.413393965255760431e+09 1.336976092000000005e+00 6.279793229000000254e-01 1.387304513799999972e+00 3.854307255000000154e-01 7.753446820999999600e-01 3.871744061999999875e-01 -3.168276488019999837e-01
1.413393965305760622e+09 1.379864345999999964e+00 6.392311028999999589e-01 1.379545701300000093e+00 3.837609739999999769e-01 7.819549856999999937e-01 3.870173292999999903e-01 -3.024756223350000273e-01
1.413393965355760336e+09 1.419540013099999998e+00 6.581779296999999973e-01 1.372535088600000064e+00 3.859475222000000039e-01 7.851087596000000390e-01 3.921171804999999955e-01 -2.844167056990000164e-01
1.413393965405760527e+09 1.455370582800000090e+00 6.844316782999999571e-01 1.367254176000000099e+00 3.945010330000000009e-01 7.830576659000000328e-01 4.019494839000000153e-01 -2.638678443729999823e-01
1.413393965455760479e+09 1.486234090499999994e+00 7.169791800999999465e-01 1.364142757500000025e+00 4.070533269000000121e-01 7.769464404999999463e-01 4.142905197000000261e-01 -2.429509886310000089e-01
1.413393965505760431e+09 1.511856985799999942e+00 7.543438198999999900e-01 1.362931654700000106e+00 4.254005972000000080e-01 7.651773760000000202e-01 4.296078476999999896e-01 -2.213029876819999908e-01
1.413393965555760384e+09 1.531053490299999931e+00 7.947667729999999819e-01 1.363189387500000072e+00 4.438065753000000058e-01 7.514462355000000038e-01 4.452594853999999880e-01 -2.002704906929999862e-01
1.413393965605760574e+09 1.543338381399999903e+00 8.357735352999999812e-01 1.365218155700000047e+00 4.598349647000000151e-01 7.386511288999999536e-01 4.567428306999999910e-01 -1.852897774410000031e-01
1.413393965655760288e+09 1.548364225600000088e+00 8.761084879999999631e-01 1.368582917699999957e+00 4.731832134999999773e-01 7.274185558000000329e-01 4.651767466999999767e-01 -1.748441749490000086e-01
1.413393965705760479e+09 1.545502736800000054e+00 9.142461238000000323e-01 1.374306830000000090e+00 4.838045220000000146e-01 7.196695824000000075e-01 4.665547436999999964e-01 -1.741710301100000136e-01
1.413393965755760431e+09 1.535442326699999915e+00 9.493210041999999849e-01 1.381975219299999891e+00 4.903232538000000251e-01 7.167166700999999529e-01 4.605492258000000172e-01 -1.838334361279999885e-01
1.413393965805760622e+09 1.519019160500000076e+00 9.822345652999999732e-01 1.391291677699999951e+00 4.992301168000000122e-01 7.122670453999999651e-01 4.518896339999999845e-01 -1.980926680519999872e-01
1.413393965855760336e+09 1.498003968299999933e+00 1.013230300400000061e+00 1.401078540699999930e+00 5.091332455000000534e-01 7.067568588999999513e-01 4.422149067999999739e-01 -2.138318426080000056e-01
1.413393965905760527e+09 1.474612793699999980e+00 1.042475503599999964e+00 1.407639492599999986e+00 5.166832541000000445e-01 7.019996519000000212e-01 4.365929412999999815e-01 -2.227588545729999869e-01
1.413393965955760479e+09 1.449190734499999911e+00 1.070331899799999986e+00 1.410370772500000092e+00 5.248098929000000190e-01 6.959313884000000172e-01 4.361910025999999885e-01 -2.235877640510000042e-01
1.413393966005760431e+09 1.421814831600000106e+00 1.096183683600000069e+00 1.410282213899999970e+00 5.317730102000000070e-01 6.902863688999999470e-01 4.379986180000000062e-01 -2.210868723570000027e-01
1.413393966055760384e+09 1.391864865999999923e+00 1.119139939200000100e+00 1.410312204300000039e+00 5.360990785999999453e-01 6.866029583999999630e-01 4.399358923000000199e-01 -2.182442805470000136e-01
1.413393966105760574e+09 1.359300181200000068e+00 1.137829467400000016e+00 1.413203641199999971e+00 5.360263373000000442e-01 6.867451748999999772e-01 4.384120470000000269e-01 -2.210242238129999925e-01
1.413393966155760288e+09 1.324872420800000006e+00 1.152637460000000003e+00 1.419003493199999966e+00 5.330835452000000085e-01 6.894837135000000394e-01 4.358519583000000086e-01 -2.246490886180000091e-01
1.413393966205760479e+09 1.287855696300000075e+00 1.164444988999999930e+00 1.428200369200000042e+00 5.313672621999999679e-01 6.911581826999999567e-01 4.339313598999999799e-01 -2.272724665170000047e-01
1.413393966255760431e+09 1.248909205499999953e+00 1.173233027800000050e+00 1.440943494899999955e+00 5.295283213999999461e-01 6.925598818000000545e-01 4.331925978999999760e-01 -2.287022956410000030e-01
1.413393966305760622e+09 1.207715325099999903e+00 1.180041427599999970e+00 1.456208297000000096e+00 5.309663487000000348e-01 6.910126798000000292e-01 4.361792595000000272e-01 -2.243298164380000126e-01
1.413393966355760336e+09 1.163853178599999927e+00 1.184368580699999951e+00 1.475233891600000069e+00 5.359117222000000513e-01 6.863356328999999922e-01 4.401560666000000066e-01 -2.190996625370000006e-01
1.413393966405760527e+09 1.117789217199999907e+00 1.184944859900000091e+00 1.498925650699999945e+00 5.449694647999999697e-01 6.782397015000000140e-01 4.432754226999999769e-01 -2.156527053570000130e-01
1.413393966455760479e+09 1.069709515800000066e+00 1.180824529499999942e+00 1.525701836399999900e+00 5.530784788999999479e-01 6.713887060000000018e-01 4.425871379999999911e-01 -2.178486332690000027e-01
1.413393966505760431e+09 1.019561943300000051e+00 1.172104357899999894e+00 1.554493812100000039e+00 5.605671209999999460e-01 6.653537737000000396e-01 4.383096532999999906e-01 -2.257288339519999965e-01
1.413393966555760384e+09 9.685057051000000028e-01 1.159032194899999979e+00 1.582193383699999956e+00 5.667039485000000543e-01 6.601984951999999574e-01 4.322036195000000247e-01 -2.370329363239999931e-01
1.413393966605760574e+09 9.175350837000000315e-01 1.142281557100000011e+00 1.607008472199999982e+00 5.716369091999999874e-01 6.559386584999999936e-01 4.263757568000000053e-01 -2.473447681539999998e-01
1.413393966655760288e+09 8.669240598999999881e-01 1.122035447300000044e+00 1.628396071400000089e+00 5.751767646000000012e-01 6.529091477999999782e-01 4.212392812999999903e-01 -2.558100900799999966e-01
1.413393966705760479e+09 8.179650468000000396e-01 1.097878383699999905e+00 1.646345325500000012e+00 5.781606002000000410e-01 6.503715528000000301e-01 4.166292724999999808e-01 -2.629966025480000025e-01
1.413393966755760431e+09 7.706594287000000376e-01 1.070220532700000060e+00 1.661220959900000071e+00 5.801758863999999516e-01 6.487651946000000391e-01 4.127875155999999879e-01 -2.685258460939999869e-01
1.413393966805760622e+09 7.252571580000000129e-01 1.039068515399999892e+00 1.672905571600000085e+00 5.815979699000000114e-01 6.475993182000000514e-01 4.103377926999999814e-01 -2.719959932000000080e-01
1.413393966855760336e+09 6.819142154999999761e-01 1.004480614700000052e+00 1.681426536300000052e+00 5.793071365999999944e-01 6.498726218000000499e-01 4.083227068999999987e-01 -2.744838501469999970e-01
1.413393966905760527e+09 6.406932839000000213e-01 9.665792255999999805e-01 1.686795601999999894e+00 5.714323932000000550e-01 6.570742099999999919e-01 4.068667610999999740e-01 -2.760035167329999983e-01
1.413393966955760479e+09 6.015722698000000035e-01 9.257022777000000202e-01 1.690029227699999970e+00 5.607194447000000137e-01 6.670412385999999749e-01 4.031344869999999858e-01 -2.795215122120000006e-01
1.413393967005760431e+09 5.641784304000000416e-01 8.828410746999999503e-01 1.691058796599999914e+00 5.475328275999999939e-01 6.799005838999999662e-01 3.973204773999999828e-01 -2.829831035989999743e-01
1.413393967055760384e+09 5.279791494000000140e-01 8.391629850999999807e-01 1.690423147099999968e+00 5.364815268999999498e-01 6.910505274999999559e-01 3.911470811000000158e-01 -2.857283686989999794e-01
1.413393967105760574e+09 4.930960952999999813e-01 7.951841253000000442e-01 1.687698824199999947e+00 5.277571658999999915e-01 7.002147392999999997e-01 3.854916535999999838e-01 -2.873462679820000254e-01
1.413393967155760288e+09 4.596100692000000265e-01 7.515528746999999843e-01 1.683305936200000019e+00 5.225372952000000293e-01 7.069439521000000504e-01 3.804502766999999785e-01 -2.871282129930000093e-01
1.413393967205760479e+09 4.274099587999999894e-01 7.085541940999999788e-01 1.677523439500000046e+00 5.189368237999999467e-01 7.125321019000000478e-01 3.752659494000000207e-01 -2.866671306779999817e-01
1.413393967255760431e+09 3.966922466000000203e-01 6.667872798999999739e-01 1.670458128099999939e+00 5.201116904000000485e-01 7.153800925000000088e-01 3.695158351999999757e-01 -2.849091086469999756e-01
1.413393967305760622e+09 3.675661237000000248e-01 6.261321885999999726e-01 1.661473291999999935e+00 5.226502134999999605e-01 7.179638900999999462e-01 3.631448455999999880e-01 -2.819404687829999978e-01
1.413393967355760336e+09 3.398259379999999941e-01 5.870330998999999661e-01 1.650734416599999976e+00 5.279516561999999524e-01 7.195346007999999793e-01 3.563457938999999852e-01 -2.766851679389999985e-01
1.413393967405760527e+09 3.137844886000000222e-01 5.490463376999999978e-01 1.638414828399999967e+00 5.344293865999999449e-01 7.211866465999999809e-01 3.475970822000000182e-01 -2.710190398849999793e-01
1.413393967455760479e+09 2.892159871000000160e-01 5.118500669000000114e-01 1.624594196899999954e+00 5.407972213999999722e-01 7.235704165999999882e-01 3.365123917000000242e-01 -2.659767428520000143e-01
1.413393967505760431e+09 2.662960964000000152e-01 4.750971166999999884e-01 1.609652451599999923e+00 5.451220450999999523e-01 7.275446401999999813e-01 3.239056920000000228e-01 -2.619271944400000107e-01
1.413393967555760384e+09 2.456553646000000091e-01 4.389148836999999803e-01 1.594537415100000022e+00 5.493652475000000424e-01 7.320160157999999750e-01 3.123677374000000118e-01 -2.545128171750000168e-01
1.413393967605760574e+09 2.271699191999999867e-01 4.029520041999999913e-01 1.580254374599999956e+00 5.515304059000000203e-01 7.379716115000000132e-01 2.997495765000000034e-01 -2.477141564560000064e-01
1.413393967655760288e+09 2.110940463000000045e-01 3.673562318999999965e-01 1.566867497600000103e+00 5.534974840999999923e-01 7.439823755000000149e-01 2.873023377999999739e-01 -2.399752629649999913e-01
1.413393967705760479e+09 1.969389779999999868e-01 3.329824597000000108e-01 1.554944763800000018e+00 5.567432695999999792e-01 7.491669243999999894e-01 2.758329346000000237e-01 -2.295692562889999899e-01
1.413393967755760431e+09 1.850528694999999946e-01 2.988092592000000103e-01 1.544553180599999909e+00 5.590644196999999815e-01 7.546743955000000392e-01 2.643810475999999743e-01 -2.191259752999999977e-01
1.413393967805760622e+09 1.757594400999999973e-01 2.644135532999999927e-01 1.536829239100000022e+00 5.611952251999999808e-01 7.598921426000000423e-01 2.532582845999999943e-01 -2.085283964630000042e-01
1.413393967855760336e+09 1.688577780999999944e-01 2.295807462999999993e-01 1.531363028399999937e+00 5.613206005999999970e-01 7.659184230000000149e-01 2.432236919999999913e-01 -1.978140247129999973e-01
1.413393967905760527e+09 1.639962507000000125e-01 1.941451918000000054e-01 1.528231348600000095e+00 5.551554316000000266e-01 7.756456937000000273e-01 2.350178370000000072e-01 -1.869299894829999920e-01
1.413393967955760479e+09 1.598940131999999903e-01 1.596559187999999907e-01 1.528812059699999892e+00 5.460804508000000057e-01 7.862561753000000264e-01 2.290353747999999967e-01 -1.764657620439999963e-01
1.413393968005760431e+09 1.562848296999999886e-01 1.265641751999999898e-01 1.533284095099999966e+00 5.357116487999999954e-01 7.967071798999999510e-01 2.241815698000000079e-01 -1.673718095429999886e-01
1.413393968055760384e+09 1.529624438999999947e-01 9.596902799999999789e-02 1.542988527099999896e+00 5.313329422000000468e-01 8.023955364000000534e-01 2.212556690999999964e-01 -1.577740046849999966e-01
1.413393968105760574e+09 1.492657608999999885e-01 6.745209850000000174e-02 1.557402782100000049e+00 5.295302708000000358e-01 8.056710746999999895e-01 2.182753393999999902e-01 -1.511545169790000087e-01
1.413393968155760288e+09 1.448244486999999969e-01 4.146406970000000164e-02 1.576025189399999915e+00 5.296218058999999645e-01 8.072171742000000538e-01 2.147053643999999872e-01 -1.476576546549999980e-01
1.413393968205760479e+09 1.395575457999999880e-01 1.764506450000000171e-02 1.596902890900000038e+00 5.293916576999999624e-01 8.087140675999999750e-01 2.094966686999999994e-01 -1.477740684409999949e-01
1.413393968255760431e+09 1.340022586000000071e-01 -4.456255200000000180e-03 1.617526749100000050e+00 5.274334569999999944e-01 8.108619468000000108e-01 2.048442094000000047e-01 -1.495182315570000031e-01
1.413393968305760622e+09 1.285090289999999968e-01 -2.459561899999999912e-02 1.636105272800000066e+00 5.251318643000000286e-01 8.128164919999999460e-01 2.032294460999999886e-01 -1.492101455769999918e-01
1.413393968355760336e+09 1.232430971000000042e-01 -4.193593670000000245e-02 1.651767075600000023e+00 5.243802494999999508e-01 8.135158958000000551e-01 2.071835297999999881e-01 -1.424507848079999972e-01
1.413393968405760527e+09 1.175934143000000043e-01 -5.686425340000000189e-02 1.664953584400000075e+00 5.247195619000000200e-01 8.130659648000000406e-01 2.144717694000000119e-01 -1.326460643750000112e-01
1.413393968455760479e+09 1.108191761999999941e-01 -6.965108479999999880e-02 1.676274693599999921e+00 5.262139945999999568e-01 8.116252657000000426e-01 2.213825416999999907e-01 -1.239073447890000068e-01
1.413393968505760431e+09 1.023873888000000065e-01 -8.061225560000000179e-02 1.686077467500000093e+00 5.315909699999999960e-01 8.074510538000000404e-01 2.269327563999999908e-01 -1.180481274539999931e-01
1.413393968555760384e+09 9.211351069999999808e-02 -9.014042210000000610e-02 1.693529309200000110e+00 5.370803623000000027e-01 8.032474126999999964e-01 2.308867202000000063e-01 -1.141472767510000041e-01
1.413393968605760574e+09 7.985602540000000249e-02 -9.818180240000000392e-02 1.698022426899999937e+00 5.399581667999999723e-01 8.009743516999999757e-01 2.338919794000000052e-01 -1.103621671790000064e-01
1.413393968655760288e+09 6.564808950000000642e-02 -1.050848414000000036e-01 1.699930654699999932e+00 5.408289481000000398e-01 8.005653265000000074e-01 2.346140761000000130e-01 -1.074962428390000002e-01
1.413393968705760479e+09 4.953770750000000000e-02 -1.113154811999999966e-01 1.699732167000000072e+00 5.398568234999999715e-01 8.020446133999999949e-01 2.325484727000000085e-01 -1.058312621910000029e-01
1.413393968755760431e+09 3.132507889999999739e-02 -1.166522049999999949e-01 1.697407938600000055e+00 5.393038227999999989e-01 8.035075314999999829e-01 2.294029984000000022e-01 -1.044092805860000056e-01
1.413393968805760622e+09 1.103280279999999981e-02 -1.203710575000000033e-01 1.693098023699999954e+00 5.426233732999999892e-01 8.029092590999999945e-01 2.240387098999999937e-01 -1.034565264189999945e-01
1.413393968855760336e+09 -1.097446170000000026e-02 -1.227245441999999936e-01 1.687010453599999904e+00 5.496529103999999721e-01 8.002734958999999648e-01 2.165684706000000070e-01 -1.026747649109999994e-01
1.413393968905760527e+09 -3.459106120000000201e-02 -1.239184693000000004e-01 1.679269491799999958e+00 5.588965623999999632e-01 7.965792661999999691e-01 2.061913447000000010e-01 -1.028651278330000030e-01
1.413393968955760479e+09 -5.938577020000000012e-02 -1.247671919999999990e-01 1.668874096099999926e+00 5.669558486000000341e-01 7.940526436999999493e-01 1.921211475000000057e-01 -1.055032199259999942e-01
1.413393969005760431e+09 -8.467637949999999580e-02 -1.253718390999999932e-01 1.655919339700000048e+00 5.733101009000000081e-01 7.928281631000000385e-01 1.762103569000000036e-01 -1.081154108420000065e-01
1.413393969055760384e+09 -1.095146059000000061e-01 -1.263450396999999947e-01 1.640584354400000056e+00 5.796907042000000176e-01 7.914905931000000283e-01 1.606182395000000096e-01 -1.081809114210000033e-01
1.413393969105760574e+09 -1.334106348999999914e-01 -1.281393232999999965e-01 1.623996475800000061e+00 5.858181946999999612e-01 7.902211698000000117e-01 1.459012432000000026e-01 -1.052633494709999951e-01
1.413393969155760288e+09 -1.560379708000000087e-01 -1.303717305000000048e-01 1.606094759799999938e+00 5.916661294999999710e-01 7.890647050000000329e-01 1.336352858000000032e-01 -9.720953139360000161e-02
1.413393969205760479e+09 -1.776546858999999978e-01 -1.329838308999999885e-01 1.588329818600000110e+00 5.952377961999999467e-01 7.894537972999999820e-01 1.221151800999999981e-01 -8.684785966230000598e-02
1.413393969255760431e+09 -1.982036960999999931e-01 -1.367595765000000074e-01 1.571914690500000100e+00 5.983875370000000249e-01 7.899272161000000514e-01 1.102328295000000041e-01 -7.613193879929999741e-02
1.413393969305760622e+09 -2.182116001999999944e-01 -1.414832909000000027e-01 1.555793130000000080e+00 5.978802826000000348e-01 7.929016762999999690e-01 9.750433869999999836e-02 -6.587111235739999404e-02
1.413393969355760336e+09 -2.377099473000000018e-01 -1.475164968000000076e-01 1.540787275600000061e+00 5.970445680999999505e-01 7.957326369999999649e-01 8.384404149999999389e-02 -5.759801115270000299e-02
1.413393969405760527e+09 -2.568076554000000011e-01 -1.547147826999999976e-01 1.527188783699999997e+00 5.954734415000000336e-01 7.987378092000000374e-01 6.835777610000000337e-02 -5.250244769390000066e-02
1.413393969455760479e+09 -2.753252291000000129e-01 -1.630800551000000098e-01 1.515332008499999938e+00 5.943471558999999793e-01 8.009480918000000393e-01 5.076199359999999938e-02 -5.154447196010000093e-02
1.413393969505760431e+09 -2.928330651000000118e-01 -1.724488147999999887e-01 1.504705769399999893e+00 5.933084483999999659e-01 8.025053368000000242e-01 3.093334149999999935e-02 -5.489442405199999875e-02
1.413393969555760384e+09 -3.081380443999999774e-01 -1.826163399000000076e-01 1.494403302800000111e+00 5.925507906000000435e-01 8.035366177999999637e-01 1.309763379999999942e-02 -5.514450476950000235e-02
1.413393969605760574e+09 -3.209605440000000143e-01 -1.938870927999999938e-01 1.484101717499999973e+00 5.883614494000000139e-01 8.067736140000000278e-01 -2.912171399999999993e-03 -5.420940722490000252e-02
1.413393969655760288e+09 -3.304609742999999877e-01 -2.048182856999999912e-01 1.475101217700000023e+00 5.848167060000000195e-01 8.094057585999999693e-01 -1.746533739999999932e-02 -5.046484212809999870e-02
1.413393969705760479e+09 -3.364499881999999942e-01 -2.149081117999999957e-01 1.469265298899999905e+00 5.808777259999999831e-01 8.121790029000000022e-01 -2.967283659999999865e-02 -4.545170333219999970e-02
1.413393969755760431e+09 -3.393833575999999908e-01 -2.252274575000000056e-01 1.465938235000000089e+00 5.765066547999999624e-01 8.150432933000000268e-01 -4.022356519999999852e-02 -4.155203703250000269e-02
1.413393969805760622e+09 -3.386235810000000068e-01 -2.348014707999999950e-01 1.468388817899999976e+00 5.728461411999999919e-01 8.172686012000000000e-01 -4.934666289999999761e-02 -3.852582214440000014e-02
1.413393969855760336e+09 -3.340477597000000021e-01 -2.443610863000000022e-01 1.474882536099999975e+00 5.708537578000000279e-01 8.183157514000000132e-01 -5.668980400000000336e-02 -3.565928159119999968e-02
1.413393969905760527e+09 -3.255093291000000222e-01 -2.531357159000000023e-01 1.485463695199999989e+00 5.704599737000000115e-01 8.184277334999999765e-01 -6.130997800000000109e-02 -3.150476305120000070e-02
1.413393969955760479e+09 -3.128134537000000215e-01 -2.617643725000000088e-01 1.500388123500000059e+00 5.719036274000000031e-01 8.176491983000000463e-01 -6.186287530000000173e-02 -2.343105248370000102e-02
1.413393970005760431e+09 -2.965763362000000125e-01 -2.698000687000000064e-01 1.517991534999999947e+00 5.708676671000000313e-01 8.189071225999999815e-01 -5.803720870000000226e-02 -1.152881312120000029e-02
1.413393970055760384e+09 -2.773015380000000141e-01 -2.768450762999999926e-01 1.538199462099999915e+00 5.705749208999999489e-01 8.197792454000000228e-01 -4.873649950000000231e-02 5.567954871700000335e-03
1.413393970105760574e+09 -2.562997859999999739e-01 -2.835128519999999819e-01 1.558756475800000096e+00 5.679349420999999509e-01 8.218561186999999713e-01 -3.854979270000000180e-02 2.272301226090000029e-02
1.413393970155760288e+09 -2.351223413000000095e-01 -2.892941413999999822e-01 1.578533489800000078e+00 5.645305121999999454e-01 8.240567734999999505e-01 -3.035381200000000085e-02 3.625439182399999710e-02
1.413393970205760479e+09 -2.146202378000000022e-01 -2.944471563000000125e-01 1.596427372099999964e+00 5.608395205999999744e-01 8.263310613000000027e-01 -2.462587219999999924e-02 4.505081304729999930e-02
1.413393970255760431e+09 -1.950771538000000138e-01 -2.986321812000000131e-01 1.611854624300000038e+00 5.585715830999999909e-01 8.276653675999999793e-01 -2.116162590000000149e-02 5.019971535090000242e-02
1.413393970305760622e+09 -1.766434574999999896e-01 -3.014707368000000276e-01 1.624376489599999918e+00 5.573056302000000128e-01 8.284011896999999847e-01 -1.893647370000000121e-02 5.294632557560000063e-02
1.413393970355760336e+09 -1.595362610999999931e-01 -3.026977733999999809e-01 1.634467115599999909e+00 5.558931416000000292e-01 8.293204770000000003e-01 -1.766859070000000032e-02 5.383476968619999720e-02
1.413393970405760527e+09 -1.438661766000000064e-01 -3.025313088000000095e-01 1.643747118799999907e+00 5.550582254999999465e-01 8.298603339000000245e-01 -1.611201339999999982e-02 5.461314336349999687e-02
1.413393970455760479e+09 -1.296136297000000104e-01 -3.003421994000000095e-01 1.652878437900000108e+00 5.557943644999999711e-01 8.293501917000000168e-01 -1.440538469999999918e-02 5.534770853999999851e-02
1.413393970505760431e+09 -1.166236202999999944e-01 -2.961033284999999848e-01 1.663127149999999999e+00 5.607885843000000037e-01 8.259679840000000439e-01 -1.293444510000000061e-02 5.590843656970000131e-02
1.413393970555760384e+09 -1.051934917999999969e-01 -2.903755496000000047e-01 1.674167156400000023e+00 5.672311741000000129e-01 8.216115505000000097e-01 -1.209499529999999955e-02 5.528983966420000090e-02
1.413393970605760574e+09 -9.517862139999999638e-02 -2.836613574999999887e-01 1.684830668800000097e+00 5.728146223000000203e-01 8.176792997999999812e-01 -9.889223799999999343e-03 5.644620757290000346e-02
1.413393970655760288e+09 -8.656824629999999854e-02 -2.759841265999999904e-01 1.694866360200000033e+00 5.793082272999999782e-01 8.128855676999999780e-01 -6.541726099999999912e-03 5.980165014770000287e-02
1.413393970705760479e+09 -7.923749330000000313e-02 -2.679968757000000257e-01 1.701790694600000098e+00 5.847333243000000236e-01 8.085717194999999524e-01 -1.910541900000000065e-03 6.553673537599999377e-02
1.413393970755760431e+09 -7.320027819999999630e-02 -2.604138884000000154e-01 1.704246729400000104e+00 5.876531181999999909e-01 8.055458927999999963e-01 5.150920100000000272e-03 7.571720666980000236e-02
1.413393970805760622e+09 -6.925373499999999682e-02 -2.534874582000000154e-01 1.702991612499999974e+00 5.875997461999999949e-01 8.041766527000000497e-01 1.409759380000000055e-02 8.847433188139999793e-02
1.413393970855760336e+09 -6.840202709999999853e-02 -2.473314587999999870e-01 1.698683863400000105e+00 5.857439921000000549e-01 8.039183879000000310e-01 2.180670280000000100e-02 1.007157833119999985e-01
1.413393970905760527e+09 -7.165103489999999353e-02 -2.417180334000000042e-01 1.692579821800000106e+00 5.841994703999999761e-01 8.035694030000000154e-01 2.806155650000000112e-02 1.104524442720000027e-01
1.413393970955760479e+09 -8.005987280000000095e-02 -2.364075083000000133e-01 1.686811156200000106e+00 5.841016901000000150e-01 8.028066400000000158e-01 3.133018900000000134e-02 1.155211397909999965e-01
1.413393971005760431e+09 -9.430737220000000309e-02 -2.308603724000000135e-01 1.682172733900000106e+00 5.857047712999999822e-01 8.017180325999999635e-01 3.115406119999999945e-02 1.150110500200000052e-01
1.413393971055760384e+09 -1.145413279999999978e-01 -2.256448826999999935e-01 1.679402523700000094e+00 5.899685928000000246e-01 7.998832640999999910e-01 2.649308499999999955e-02 1.068734758619999947e-01
1.413393971105760574e+09 -1.398600871000000023e-01 -2.208742874999999883e-01 1.678941014899999917e+00 5.962617164000000303e-01 7.968579486000000323e-01 2.006915139999999875e-02 9.532368251349999932e-02
1.413393971155760288e+09 -1.692653489000000011e-01 -2.171182322999999914e-01 1.681989378899999998e+00 6.072836289999999915e-01 7.896630180999999471e-01 1.601780519999999874e-02 8.592055417739999368e-02
1.413393971205760479e+09 -2.024111839999999940e-01 -2.151110784999999970e-01 1.689030896900000078e+00 6.205014422000000307e-01 7.804312216000000024e-01 1.199248510000000024e-02 7.590289100479999385e-02
1.413393971255760431e+09 -2.384389064000000114e-01 -2.155712526999999934e-01 1.699181400000000064e+00 6.335257628999999557e-01 7.706112533000000209e-01 9.793839299999999165e-03 6.861111203009999382e-02
1.413393971305760622e+09 -2.767418349999999916e-01 -2.198615251000000104e-01 1.711209569400000019e+00 6.470118930999999574e-01 7.597860700999999883e-01 9.139450199999999552e-03 6.338145071089999749e-02
1.413393971355760336e+09 -3.166546082000000206e-01 -2.281803943000000057e-01 1.721500935799999965e+00 6.585983673999999954e-01 7.500370191999999880e-01 9.283703100000000388e-03 6.005391907439999732e-02
1.413393971405760527e+09 -3.581649901000000247e-01 -2.414124584000000018e-01 1.728176059900000006e+00 6.664562869000000278e-01 7.432820625999999598e-01 9.176268399999999714e-03 5.730260982160000072e-02
1.413393971455760479e+09 -4.014601227999999855e-01 -2.598870012000000229e-01 1.730789285600000005e+00 6.666943559000000352e-01 7.434699715000000486e-01 7.316533000000000064e-03 5.212970016639999898e-02
1.413393971505760431e+09 -4.460556554999999812e-01 -2.834419504999999839e-01 1.728835810300000109e+00 6.592588399000000043e-01 7.505629805000000321e-01 3.593963400000000068e-03 4.494527410770000203e-02
1.413393971555760384e+09 -4.916868224000000009e-01 -3.119909428000000040e-01 1.724140456200000004e+00 6.466902799000000535e-01 7.619541881000000405e-01 -2.837418700000000210e-03 3.477709355240000272e-02
1.413393971605760574e+09 -5.381290488000000094e-01 -3.444765557999999728e-01 1.719443423600000020e+00 6.333606121000000533e-01 7.735171623000000052e-01 -1.437101590000000075e-02 1.786081234609999957e-02
1.413393971655760288e+09 -5.843395435999999554e-01 -3.799387107000000152e-01 1.715785569899999974e+00 6.211728638000000302e-01 7.831617627000000414e-01 -2.824893850000000095e-02 -1.980957029059999836e-03
1.413393971705760479e+09 -6.285453837000000155e-01 -4.174930589999999997e-01 1.714439401599999968e+00 6.130269776000000226e-01 7.885247372999999449e-01 -4.394304539999999842e-02 -2.226369730640000155e-02
1.413393971755760431e+09 -6.693950466000000432e-01 -4.568077899999999913e-01 1.715342160200000077e+00 6.064587075999999799e-01 7.915902415000000136e-01 -6.110904570000000313e-02 -4.310928171779999929e-02
1.413393971805760622e+09 -7.053697767000000063e-01 -4.976582653000000134e-01 1.717650411699999990e+00 6.006089092999999934e-01 7.936872909000000087e-01 -7.599461609999999534e-02 -5.961745224679999844e-02
1.413393971855760336e+09 -7.354796823999999456e-01 -5.397884804000000480e-01 1.720760309699999935e+00 5.954048634999999923e-01 7.955532872999999672e-01 -8.729154690000000272e-02 -7.048546950549999801e-02
1.413393971905760527e+09 -7.588541783000000152e-01 -5.828532767999999864e-01 1.724896567000000047e+00 5.919041210000000053e-01 7.975697092000000321e-01 -9.166341029999999779e-02 -7.162324789559999794e-02
1.413393971955760479e+09 -7.754091918000000083e-01 -6.266234309999999530e-01 1.729804034200000062e+00 5.886129350000000038e-01 8.008131367999999917e-01 -9.009823470000000167e-02 -6.415170038129999752e-02
1.413393972005760431e+09 -7.858489409000000148e-01 -6.705954997999999945e-01 1.736250654900000079e+00 5.861713102000000175e-01 8.037709389999999621e-01 -8.657882270000000213e-02 -5.347504296359999881e-02
1.413393972055760384e+09 -7.910772898000000275e-01 -7.147757904999999523e-01 1.743569225699999947e+00 5.837997831000000248e-01 8.068589781999999655e-01 -8.070974840000000317e-02 -4.052578379650000062e-02
1.413393972105760574e+09 -7.924257903000000436e-01 -7.591416718000000285e-01 1.750611738499999959e+00 5.800334887000000439e-01 8.101813571000000547e-01 -7.821075269999999691e-02 -3.240985573019999899e-02
1.413393972155760288e+09 -7.909784157999999454e-01 -8.038340801000000146e-01 1.753689304999999976e+00 5.721977472000000509e-01 8.158112197000000343e-01 -7.866256300000000479e-02 -2.922315979239999834e-02
1.413393972205760479e+09 -7.867928767999999851e-01 -8.485140004000000236e-01 1.751562579000000008e+00 5.626250337999999518e-01 8.224638593999999969e-01 -7.913637880000000402e-02 -2.727095429480000041e-02
1.413393972255760431e+09 -7.796246014000000057e-01 -8.921639191000000357e-01 1.744717824999999944e+00 5.544456130999999566e-01 8.283037458999999991e-01 -7.732199289999999725e-02 -2.289707389219999834e-02
1.413393972305760622e+09 -7.687252164000000221e-01 -9.338189945999999519e-01 1.735040407200000079e+00 5.531846131000000000e-01 8.301500308999999467e-01 -6.894720099999999963e-02 -9.164801519509999453e-03
1.413393972355760336e+09 -7.553596782999999482e-01 -9.731842917999999898e-01 1.725571591400000049e+00 5.572987542999999766e-01 8.282860171000000493e-01 -5.749957979999999885e-02 7.360070304560000290e-03
1.413393972405760527e+09 -7.406183125999999950e-01 -1.011674592799999939e+00 1.716710230099999901e+00 5.603467970000000076e-01 8.266383174000000444e-01 -4.683035349999999791e-02 2.207888796620000038e-02
1.413393972455760479e+09 -7.255029449000000019e-01 -1.049012139000000010e+00 1.708895583599999934e+00 5.635957276999999932e-01 8.244785213999999973e-01 -3.664404799999999851e-02 3.538696350500000060e-02
1.413393972505760431e+09 -7.106945328999999534e-01 -1.085627532499999992e+00 1.701021944999999924e+00 5.610854389999999636e-01 8.260039966000000122e-01 -2.783995629999999957e-02 4.610276087440000337e-02
1.413393972555760384e+09 -6.968174178999999580e-01 -1.120928471999999898e+00 1.693514808700000041e+00 5.533626908000000011e-01 8.309102042999999549e-01 -2.187842679999999970e-02 5.384514132559999749e-02
1.413393972605760574e+09 -6.843533244999999710e-01 -1.153742201000000023e+00 1.687718607899999945e+00 5.469284791999999840e-01 8.348952740999999733e-01 -1.813622330000000046e-02 5.907789281510000129e-02
1.413393972655760288e+09 -6.736497582999999567e-01 -1.184048249399999975e+00 1.682944539600000011e+00 5.435802625000000221e-01 8.369110860999999790e-01 -1.675950190000000117e-02 6.180170875879999887e-02
1.413393972705760479e+09 -6.646843726000000174e-01 -1.211481389200000036e+00 1.678641914800000023e+00 5.425519804999999751e-01 8.374199539000000136e-01 -1.591117569999999856e-02 6.412490793519999566e-02
1.413393972755760431e+09 -6.575469064000000197e-01 -1.236855035899999899e+00 1.673666206100000053e+00 5.424228473000000106e-01 8.373719107000000550e-01 -1.590935590000000163e-02 6.582271840030000376e-02
1.413393972805760622e+09 -6.522278693999999932e-01 -1.259694536700000089e+00 1.668535202299999964e+00 5.448091876999999750e-01 8.356840490000000399e-01 -1.617994140000000164e-02 6.747835734370000171e-02
1.413393972855760336e+09 -6.486028809999999645e-01 -1.280468295099999931e+00 1.663035782199999923e+00 5.473300506999999593e-01 8.338743816000000475e-01 -1.704206260000000125e-02 6.923076948659999397e-02
1.413393972905760527e+09 -6.467641860999999714e-01 -1.299052810000000058e+00 1.656658879200000101e+00 5.491824692000000230e-01 8.324312039000000274e-01 -1.695401399999999989e-02 7.189901094020000050e-02
1.413393972955760479e+09 -6.466233796999999450e-01 -1.314934306799999897e+00 1.650168010000000018e+00 5.513351338999999962e-01 8.306806709999999816e-01 -1.702220540000000046e-02 7.556081973549999553e-02
1.413393973005760431e+09 -6.485933999999999866e-01 -1.328527494500000072e+00 1.643943631199999977e+00 5.531427898999999870e-01 8.290824799999999550e-01 -1.586970849999999947e-02 8.002154522979999796e-02
1.413393973055760384e+09 -6.532632847999999548e-01 -1.340375587200000052e+00 1.638466471000000091e+00 5.578069222000000549e-01 8.257033880999999909e-01 -1.498576870000000068e-02 8.270900251189999830e-02
1.413393973105760574e+09 -6.605239122999999601e-01 -1.350705978699999976e+00 1.632846814699999927e+00 5.639315681000000025e-01 8.213932006999999924e-01 -1.483093329999999981e-02 8.410968947249999883e-02
1.413393973155760288e+09 -6.703966322000000089e-01 -1.359692634900000030e+00 1.627665882799999908e+00 5.715922375999999971e-01 8.160527280999999578e-01 -1.455151709999999952e-02 8.443051724649999756e-02
1.413393973205760479e+09 -6.829302166999999812e-01 -1.368542919900000099e+00 1.622208446999999998e+00 5.804739962999999614e-01 8.097944867999999907e-01 -1.392096980000000032e-02 8.419640989639999573e-02
1.413393973255760431e+09 -6.980211355000000006e-01 -1.377733059399999904e+00 1.617255842699999890e+00 5.912939409999999896e-01 8.019821109000000448e-01 -1.319360649999999982e-02 8.379795816099999684e-02
1.413393973305760622e+09 -7.157773670999999505e-01 -1.387495608700000105e+00 1.612281547000000037e+00 6.035095284999999476e-01 7.929690842000000073e-01 -1.265113059999999935e-02 8.256045923770000128e-02
1.413393973355760336e+09 -7.357951700999999511e-01 -1.398300927900000046e+00 1.606972633400000072e+00 6.144695556999999475e-01 7.846746058000000357e-01 -1.206439160000000003e-02 8.103936451990000067e-02
1.413393973405760527e+09 -7.583161402000000439e-01 -1.410717554100000104e+00 1.602089202399999968e+00 6.254523308999999642e-01 7.761785679999999576e-01 -1.148066879999999970e-02 7.889490832180000301e-02
1.413393973455760479e+09 -7.832095881999999731e-01 -1.425795084099999999e+00 1.597232141399999916e+00 6.348337691000000005e-01 7.686891662999999486e-01 -1.004140859999999927e-02 7.747400385119999899e-02
1.413393973505760431e+09 -8.103334467999999680e-01 -1.444132118600000014e+00 1.592478376200000101e+00 6.442962783000000249e-01 7.608426673000000529e-01 -8.376230999999999607e-03 7.701025979339999605e-02
1.413393973555760384e+09 -8.397526967999999759e-01 -1.466739423199999948e+00 1.586766742000000008e+00 6.505124082000000030e-01 7.557098286000000220e-01 -7.772303500000000108e-03 7.533825731139999482e-02
1.413393973605760574e+09 -8.714498307000000388e-01 -1.493789362900000084e+00 1.581046254799999939e+00 6.542841901000000515e-01 7.527728866999999768e-01 -8.251147500000000079e-03 7.195205473000000629e-02
1.413393973655760288e+09 -9.056835577999999831e-01 -1.525234434699999975e+00 1.576089019599999919e+00 6.556229004000000415e-01 7.523602957999999674e-01 -1.253452419999999921e-02 6.289263495340000065e-02
1.413393973705760479e+09 -9.418579877999999628e-01 -1.561655650400000095e+00 1.571059711199999986e+00 6.512063889000000438e-01 7.570892474999999511e-01 -2.074972649999999932e-02 4.812025729939999746e-02
1.413393973755760431e+09 -9.790359578999999757e-01 -1.602711080700000013e+00 1.566212990299999941e+00 6.420498317999999704e-01 7.654528129000000014e-01 -3.139967030000000159e-02 2.946294909209999993e-02
1.413393973805760622e+09 -1.015859436599999999e+00 -1.647650167999999971e+00 1.561947304200000053e+00 6.305137653000000286e-01 7.749129885000000106e-01 -4.330645229999999929e-02 9.316825697799999140e-03
1.413393973855760336e+09 -1.051250065699999903e+00 -1.695654368800000089e+00 1.558830604199999970e+00 6.161631263000000303e-01 7.853057718999999492e-01 -5.841705650000000166e-02 -1.500979489670000062e-02
1.413393973905760527e+09 -1.083268361800000079e+00 -1.745609968099999909e+00 1.557017689100000046e+00 6.011346457999999782e-01 7.947256968000000477e-01 -7.382326570000000143e-02 -3.997911822740000259e-02
1.413393973955760479e+09 -1.110074041400000100e+00 -1.796682807200000065e+00 1.555414284300000061e+00 5.827914797000000036e-01 8.057553650000000012e-01 -8.659532479999999810e-02 -6.011349945259999994e-02
1.413393974005760431e+09 -1.130589784000000098e+00 -1.848403069299999979e+00 1.553353890499999945e+00 5.580845876000000150e-01 8.214334046000000278e-01 -9.289165520000000620e-02 -7.183241105219999312e-02
1.413393974055760384e+09 -1.144045600299999910e+00 -1.899388151799999980e+00 1.551499847499999918e+00 5.303309822999999756e-01 8.387460525000000056e-01 -9.619072019999999612e-02 -7.746905161190000000e-02
1.413393974105760574e+09 -1.149880540100000070e+00 -1.948989977000000096e+00 1.550486988899999918e+00 5.005382208999999971e-01 8.567364194000000044e-01 -9.624316180000000442e-02 -7.874929079720000002e-02
1.413393974155760288e+09 -1.147670097700000058e+00 -1.993643107800000092e+00 1.551090169000000074e+00 4.719474006000000110e-01 8.734147600999999650e-01 -9.358208240000000233e-02 -7.519775121060000289e-02
1.413393974205760479e+09 -1.137144461699999942e+00 -2.031649599100000092e+00 1.553518184000000080e+00 4.475944691000000031e-01 8.881684985000000143e-01 -8.349817230000000645e-02 -6.199971544559999825e-02
1.413393974255760431e+09 -1.119128896999999956e+00 -2.060795890400000108e+00 1.558577481499999973e+00 4.292225760000000223e-01 8.998140785999999558e-01 -6.681287469999999673e-02 -4.048016789170000296e-02
1.413393974305760622e+09 -1.095408663800000015e+00 -2.079927325799999949e+00 1.566640182500000034e+00 4.163991904000000077e-01 9.077009068000000402e-01 -4.907839080000000326e-02 -1.679552252969999937e-02
1.413393974355760336e+09 -1.068413909500000036e+00 -2.087386798699999879e+00 1.578353947999999951e+00 4.066426797000000093e-01 9.129883722999999618e-01 -3.279112829999999978e-02 4.324933628129999826e-03
1.413393974405760527e+09 -1.039870131400000064e+00 -2.082861197799999786e+00 1.591490717399999921e+00 4.002155537000000041e-01 9.159361200000000203e-01 -1.753945029999999863e-02 2.410191599649999863e-02
1.413393974455760479e+09 -1.011176643700000044e+00 -2.066617766499999842e+00 1.606476623899999900e+00 3.993577490999999924e-01 9.157402902000000289e-01 -1.024892699999999926e-03 4.395519031250000319e-02
1.413393974505760431e+09 -9.840337178000000407e-01 -2.038275197499999969e+00 1.624234396300000105e+00 4.039062549999999918e-01 9.125057527000000057e-01 1.629463769999999964e-02 6.266955690519999955e-02
1.413393974555760384e+09 -9.599144481000000395e-01 -1.998330443399999989e+00 1.643952306599999913e+00 4.142152383000000104e-01 9.061051877000000365e-01 3.294541010000000270e-02 7.945895228730000259e-02
1.413393974605760574e+09 -9.405733107999999509e-01 -1.947493102399999954e+00 1.665752638899999916e+00 4.299240488000000138e-01 8.970199093999999818e-01 4.614349909999999888e-02 9.160443141349999818e-02
1.413393974655760288e+09 -9.268083384999999952e-01 -1.887465619699999930e+00 1.688890467400000039e+00 4.506410030999999927e-01 8.852696812000000470e-01 5.696065749999999761e-02 9.987873340609999817e-02
1.413393974705760479e+09 -9.190724268000000086e-01 -1.820080552000000074e+00 1.712731508999999930e+00 4.757031750999999864e-01 8.708309996999999969e-01 6.536188939999999781e-02 1.052980657739999992e-01
1.413393974755760431e+09 -9.175922936999999502e-01 -1.747762492199999906e+00 1.736384425700000067e+00 4.999737550999999725e-01 8.565347380000000177e-01 7.030241839999999687e-02 1.069207964509999997e-01
1.413393974805760622e+09 -9.219843086000000243e-01 -1.672227797499999946e+00 1.758161955400000087e+00 5.222767172000000180e-01 8.428168636999999741e-01 7.347358939999999727e-02 1.071839385100000069e-01
1.413393974855760336e+09 -9.325353758000000104e-01 -1.595206139999999939e+00 1.777491756100000098e+00 5.429250572999999580e-01 8.308338183000000265e-01 7.004326850000000548e-02 1.002072302190000069e-01
1.413393974905760527e+09 -9.483821619000000203e-01 -1.517435423900000080e+00 1.793969830500000029e+00 5.603649801000000208e-01 8.211694662999999839e-01 6.215235029999999911e-02 8.836787844469999598e-02
1.413393974955760479e+09 -9.679793701000000139e-01 -1.439569593899999944e+00 1.806610228200000057e+00 5.757165934000000318e-01 8.122148812999999690e-01 5.378111549999999713e-02 7.723329779720000676e-02
1.413393975005760431e+09 -9.909892459000000375e-01 -1.362535601800000107e+00 1.815501137999999903e+00 5.891189606000000190e-01 8.041435491999999741e-01 4.471451409999999821e-02 6.551804914459999352e-02
1.413393975055760384e+09 -1.016679452200000000e+00 -1.287496719600000006e+00 1.819854684600000105e+00 5.985434152999999924e-01 7.984835351000000303e-01 3.546445320000000262e-02 5.396384615679999941e-02
1.413393975105760574e+09 -1.044245306999999956e+00 -1.214504244400000044e+00 1.820571122000000042e+00 6.055175595999999771e-01 7.941489497000000508e-01 2.710685159999999885e-02 4.405847496200000074e-02
1.413393975155760288e+09 -1.073463197599999974e+00 -1.143982342900000004e+00 1.818327877900000056e+00 6.092075798999999625e-01 7.920818792999999580e-01 1.854775339999999856e-02 3.359169424780000107e-02
1.413393975205760479e+09 -1.103392215499999995e+00 -1.075757000200000091e+00 1.813578581600000073e+00 6.094157101999999604e-01 7.923039866000000098e-01 1.234252830000000072e-02 2.673101178240000139e-02
1.413393975255760431e+09 -1.133919926199999928e+00 -1.010293013100000081e+00 1.808379232400000092e+00 6.078455645000000462e-01 7.937415079999999845e-01 7.286176000000000111e-03 2.109738801180000012e-02
1.413393975305760622e+09 -1.164681870499999938e+00 -9.471327392999999706e-01 1.803825803000000061e+00 6.056988197999999546e-01 7.954854366000000399e-01 4.251677399999999850e-03 1.771392359980000081e-02
1.413393975355760336e+09 -1.195375780900000073e+00 -8.857329108000000506e-01 1.801636609600000050e+00 6.071928963999999596e-01 7.942944816000000463e-01 5.158751799999999887e-03 1.965834096779999970e-02
1.413393975405760527e+09 -1.226321881000000058e+00 -8.269057979999999697e-01 1.800025409799999920e+00 6.101904875000000450e-01 7.918922298999999665e-01 7.075316300000000433e-03 2.289552379220000100e-02
1.413393975455760479e+09 -1.257691550199999897e+00 -7.708799264000000262e-01 1.799121017500000086e+00 6.138919092000000299e-01 7.888014495999999820e-01 1.135804689999999999e-02 2.828412442830000040e-02
1.413393975505760431e+09 -1.290023216800000094e+00 -7.174099327999999831e-01 1.799267720700000073e+00 6.181227213000000109e-01 7.852871808000000398e-01 1.456287770000000079e-02 3.219111123389999801e-02
1.413393975555760384e+09 -1.323358596100000062e+00 -6.676747470999999656e-01 1.799655994100000100e+00 6.216555317999999941e-01 7.822674235000000031e-01 1.757645960000000021e-02 3.596033818060000165e-02
1.413393975605760574e+09 -1.358072800800000035e+00 -6.211217530000000542e-01 1.800794661599999902e+00 6.245294173000000004e-01 7.798545627999999841e-01 1.922637049999999931e-02 3.768573364450000102e-02
1.413393975655760288e+09 -1.394347948699999895e+00 -5.783247118000000020e-01 1.802302322599999895e+00 6.262648039999999527e-01 7.785055301000000094e-01 1.904667360000000115e-02 3.686135023210000000e-02
1.413393975705760479e+09 -1.432256556000000014e+00 -5.392882750999999919e-01 1.803978558100000074e+00 6.258610031000000351e-01 7.791975479999999621e-01 1.447841859999999918e-02 3.065226689229999871e-02
1.413393975755760431e+09 -1.471119379299999919e+00 -5.035602193999999532e-01 1.805843155700000091e+00 6.243564402000000291e-01 7.807646194999999789e-01 7.901038600000000189e-03 2.287396060750000043e-02
1.413393975805760622e+09 -1.510333311599999950e+00 -4.712029877999999727e-01 1.807955636400000010e+00 6.225449492000000307e-01 7.824223705999999723e-01 9.521614000000000076e-04 1.587808290009999970e-02
1.413393975855760336e+09 -1.549461596900000071e+00 -4.417706994999999748e-01 1.811047306100000087e+00 6.226834455999999962e-01 7.823983993999999997e-01 -7.086396200000000083e-03 8.237365697789999358e-03
1.413393975905760527e+09 -1.587994638400000103e+00 -4.155775007999999993e-01 1.814306095300000088e+00 6.224597092000000442e-01 7.824941899999999784e-01 -1.568472200000000163e-02 8.617002279609999775e-04
1.413393975955760479e+09 -1.625022231900000058e+00 -3.918265094000000226e-01 1.817033141800000084e+00 6.200769359000000147e-01 7.842757884000000068e-01 -2.037343460000000037e-02 -1.002216030620000026e-03
1.413393976005760431e+09 -1.660397469300000095e+00 -3.708170485000000238e-01 1.818922350600000071e+00 6.154195436999999602e-01 7.878519256999999554e-01 -2.341077340000000118e-02 2.533682884979999756e-04
1.413393976055760384e+09 -1.694270891199999962e+00 -3.523092319000000194e-01 1.817686373399999944e+00 6.097767343000000118e-01 7.921922436999999650e-01 -2.405728210000000061e-02 5.003045493399999911e-03
1.413393976105760574e+09 -1.727083307800000078e+00 -3.359011393999999928e-01 1.814253196699999959e+00 6.043897815000000007e-01 7.962468464999999940e-01 -2.460706309999999980e-02 9.921891397509999266e-03
1.413393976155760288e+09 -1.759214541900000039e+00 -3.211351313999999957e-01 1.809201918699999911e+00 6.008955460999999554e-01 7.987985815000000489e-01 -2.597951979999999980e-02 1.305501906430000039e-02
1.413393976205760479e+09 -1.790901626399999946e+00 -3.081916093000000023e-01 1.801584371799999973e+00 5.974275860000000105e-01 8.012849796000000024e-01 -2.889727099999999868e-02 1.369703082879999978e-02
1.413393976255760431e+09 -1.821993181899999925e+00 -2.965827782000000079e-01 1.792214256200000078e+00 5.959743282999999670e-01 8.022458931999999487e-01 -3.285824860000000069e-02 1.168170920789999949e-02
1.413393976305760622e+09 -1.852229246300000076e+00 -2.858938014999999888e-01 1.781440803700000020e+00 5.962861743999999797e-01 8.018534872000000480e-01 -3.751769819999999783e-02 8.136683176349999297e-03
1.413393976355760336e+09 -1.881186090399999955e+00 -2.763872144000000253e-01 1.771270528999999927e+00 5.994612017999999543e-01 7.992870665000000319e-01 -4.209014190000000266e-02 3.856517798919999879e-03
1.413393976405760527e+09 -1.908693535400000085e+00 -2.686550484999999933e-01 1.763028197499999949e+00 6.032611482999999941e-01 7.962901888000000206e-01 -4.469766559999999861e-02 -2.021834391929999870e-04
1.413393976455760479e+09 -1.934451412000000037e+00 -2.629451375999999896e-01 1.757350209800000007e+00 6.053230175999999574e-01 7.946636826999999847e-01 -4.542362330000000031e-02 -5.510914052899999922e-03
1.413393976505760431e+09 -1.958305232899999915e+00 -2.603018529000000192e-01 1.753770558000000035e+00 6.034224638999999835e-01 7.961521359000000020e-01 -4.361115699999999762e-02 -1.100788344799999950e-02
1.413393976555760384e+09 -1.979908032900000059e+00 -2.589475882000000229e-01 1.752376666700000030e+00 6.006135446999999461e-01 7.984496733000000512e-01 -3.885559210000000263e-02 -1.522275011300000015e-02
1.413393976605760574e+09 -1.999033457099999911e+00 -2.589931513000000018e-01 1.751194237500000028e+00 5.967955249999999934e-01 8.014647596999999735e-01 -3.363796530000000284e-02 -1.891633196330000030e-02
1.413393976655760288e+09 -2.015891064999999926e+00 -2.602575383999999881e-01 1.748489736400000050e+00 5.934460489999999755e-01 8.040471434000000528e-01 -2.861562169999999974e-02 -2.260805776209999854e-02
1.413393976705760479e+09 -2.030958696499999938e+00 -2.622658737999999934e-01 1.744365553499999999e+00 5.918783623000000160e-01 8.050823951000000145e-01 -2.589217419999999964e-02 -2.918795449040000045e-02
1.413393976755760431e+09 -2.043709929399999847e+00 -2.648522514000000161e-01 1.737868797800000031e+00 5.902634092999999860e-01 8.061067781999999848e-01 -2.326187810000000106e-02 -3.521157252140000304e-02
1.413393976805760622e+09 -2.053976962100000137e+00 -2.677787991000000201e-01 1.728556377100000097e+00 5.868913646000000206e-01 8.083765111999999808e-01 -2.115752980000000158e-02 -4.047593399660000257e-02
1.413393976855760336e+09 -2.061263750500000214e+00 -2.711503395000000038e-01 1.717237920000000084e+00 5.802131353999999686e-01 8.131505413999999821e-01 -1.780351390000000159e-02 -4.268429835749999735e-02
1.413393976905760527e+09 -2.065354208700000083e+00 -2.752317586999999954e-01 1.705438117399999953e+00 5.703671219000000514e-01 8.202365357999999995e-01 -1.267144549999999967e-02 -4.162698724819999946e-02
1.413393976955760479e+09 -2.066665437700000219e+00 -2.788075684999999915e-01 1.694717003999999916e+00 5.615159051000000456e-01 8.265052136999999632e-01 -7.736514899999999764e-03 -3.910455542900000137e-02
1.413393977005760431e+09 -2.065293893499999811e+00 -2.823739808999999878e-01 1.684444844800000007e+00 5.534971025999999572e-01 8.322274298999999820e-01 -3.057461999999999832e-04 -3.222373217519999833e-02
1.413393977055760384e+09 -2.061828368300000047e+00 -2.840402345999999967e-01 1.675009241699999984e+00 5.492784952999999470e-01 8.352871871999999476e-01 7.497049900000000294e-03 -2.307040887339999874e-02
1.413393977105760574e+09 -2.057194483299999987e+00 -2.834393016999999793e-01 1.667724211599999951e+00 5.474943611000000487e-01 8.365651560000000320e-01 1.470228349999999976e-02 -1.387469835219999961e-02
1.413393977155760288e+09 -2.052423119499999782e+00 -2.798850788000000200e-01 1.665022073700000105e+00 5.496573190000000331e-01 8.351135026999999544e-01 2.021167889999999842e-02 -7.331936640910000254e-03
1.413393977205760479e+09 -2.047696920599999970e+00 -2.735984620999999950e-01 1.666868422300000097e+00 5.535053074000000350e-01 8.324779354000000353e-01 2.472625130000000171e-02 -9.870324806010000694e-04
1.413393977255760431e+09 -2.043792401100000156e+00 -2.653042075000000000e-01 1.672853275999999889e+00 5.582803029999999778e-01 8.291966015999999717e-01 2.735905240000000016e-02 2.753448357050000163e-03
1.413393977305760622e+09 -2.040919854899999830e+00 -2.555295063999999949e-01 1.682065776600000007e+00 5.633722084000000185e-01 8.256630719999999979e-01 2.936716480000000143e-02 5.460400496689999696e-03
1.413393977355760336e+09 -2.038906098400000033e+00 -2.453880143000000125e-01 1.694073531599999960e+00 5.671082668000000382e-01 8.230510818999999811e-01 3.020612680000000008e-02 7.919610821919999613e-03
1.413393977405760527e+09 -2.037789693500000165e+00 -2.346731368999999956e-01 1.709608859700000094e+00 5.703731592999999878e-01 8.207367680999999582e-01 3.082633259999999903e-02 1.074029120470000077e-02
1.413393977455760479e+09 -2.037857732099999986e+00 -2.236491405999999904e-01 1.726637158299999975e+00 5.720665421999999722e-01 8.195524071999999993e-01 3.041037289999999962e-02 1.220378168629999982e-02
1.413393977505760431e+09 -2.038855396699999822e+00 -2.124417054999999943e-01 1.744041044100000049e+00 5.726863908999999531e-01 8.190196199000000510e-01 3.127875940000000160e-02 1.608723471670000030e-02
1.413393977555760384e+09 -2.041144324199999804e+00 -2.011885538000000029e-01 1.761314764500000019e+00 5.726498904000000278e-01 8.190116282999999608e-01 3.083973190000000031e-02 1.846528497430000026e-02
1.413393977605760574e+09 -2.044714690400000201e+00 -1.900339431999999995e-01 1.776794795000000038e+00 5.722398765999999748e-01 8.192845381000000149e-01 3.002048410000000139e-02 2.032584265060000117e-02
1.413393977655760288e+09 -2.049516323799999817e+00 -1.790228165999999954e-01 1.789393803100000069e+00 5.719813471000000371e-01 8.194603309000000335e-01 2.908049490000000001e-02 2.182726643090000113e-02
1.413393977705760479e+09 -2.055479861999999880e+00 -1.675853187000000133e-01 1.798653630100000012e+00 5.718501223999999938e-01 8.195376479000000547e-01 2.809544419999999987e-02 2.358234976220000001e-02
1.413393977755760431e+09 -2.062742337400000014e+00 -1.555275245999999945e-01 1.805681400000000103e+00 5.712585876000000340e-01 8.199881242000000015e-01 2.619515340000000067e-02 2.443186805710000076e-02
1.413393977805760622e+09 -2.071508176900000109e+00 -1.430599449999999939e-01 1.811112065799999948e+00 5.715141451999999900e-01 8.198525909999999639e-01 2.421687100000000092e-02 2.503705229649999878e-02
1.413393977855760336e+09 -2.081614957999999849e+00 -1.304869723000000037e-01 1.815530664900000035e+00 5.717089477000000253e-01 8.197111715999999548e-01 2.296421389999999882e-02 2.636511264329999965e-02
1.413393977905760527e+09 -2.093118511300000151e+00 -1.178198456999999949e-01 1.820229537499999939e+00 5.721581352000000287e-01 8.194152917999999453e-01 2.115124120000000038e-02 2.731799502470000016e-02
1.413393977955760479e+09 -2.105993448099999998e+00 -1.050905218999999974e-01 1.825426823499999962e+00 5.720048241999999838e-01 8.195586937000000072e-01 1.881117100000000153e-02 2.793149664719999856e-02
1.413393978005760431e+09 -2.120169006799999867e+00 -9.210801030000000111e-02 1.831261826400000015e+00 5.715156471000000238e-01 8.199662028999999963e-01 1.581478630000000135e-02 2.784212229369999875e-02
1.413393978055760384e+09 -2.135588523700000074e+00 -7.893354240000000077e-02 1.837665508900000022e+00 5.707626470000000118e-01 8.205829989999999796e-01 1.182492230000000040e-02 2.708715217950000143e-02
1.413393978105760574e+09 -2.152219935200000211e+00 -6.547324490000000496e-02 1.844667264599999967e+00 5.699934693999999524e-01 8.212130925999999720e-01 7.489002899999999685e-03 2.569856550229999981e-02
1.413393978155760288e+09 -2.169901323499999979e+00 -5.175546439999999943e-02 1.852007614999999996e+00 5.698476865999999585e-01 8.214118127999999741e-01 2.941350900000000001e-03 2.340077571739999918e-02
1.413393978205760479e+09 -2.188075802699999794e+00 -3.754781029999999797e-02 1.859602132500000060e+00 5.703849583000000223e-01 8.210979898000000388e-01 -2.008175000000000064e-03 2.133208012880000171e-02
1.413393978255760431e+09 -2.206295691899999856e+00 -2.290258519999999881e-02 1.867473020500000080e+00 5.715556599000000126e-01 8.202828725999999904e-01 -7.995134100000000563e-03 1.990513648390000029e-02
1.413393978305760622e+09 -2.224420227299999997e+00 -7.954146500000000217e-03 1.875614401400000020e+00 5.730509286999999619e-01 8.191550543000000184e-01 -1.459529359999999984e-02 1.961141345869999927e-02
1.413393978355760336e+09 -2.242049836500000115e+00 7.450669000000000042e-03 1.884462321300000021e+00 5.761481447999999839e-01 8.167845756999999596e-01 -2.344324219999999875e-02 1.914906091409999955e-02
1.413393978405760527e+09 -2.258925947499999864e+00 2.284353830000000057e-02 1.893306372400000104e+00 5.783134021000000402e-01 8.149190399000000307e-01 -3.224938100000000057e-02 2.050719006329999872e-02
1.413393978455760479e+09 -2.274881684899999978e+00 3.813918830000000149e-02 1.902903903799999963e+00 5.819441652000000298e-01 8.117796998999999847e-01 -4.310972090000000229e-02 2.227688007770000159e-02
1.413393978505760431e+09 -2.289706353800000205e+00 5.288569490000000206e-02 1.912517947800000062e+00 5.846115078000000409e-01 8.090790987000000545e-01 -5.458198610000000034e-02 2.532200151889999959e-02
1.413393978555760384e+09 -2.302997090299999883e+00 6.695360309999999482e-02 1.922604382200000073e+00 5.879306236000000352e-01 8.056278626999999748e-01 -6.603323619999999783e-02 3.067475267789999960e-02
1.413393978605760574e+09 -2.314748160400000199e+00 7.980090870000000614e-02 1.931906270400000070e+00 5.876472236999999987e-01 8.044152139000000368e-01 -7.862430580000000224e-02 3.748496546840000138e-02
1.413393978655760288e+09 -2.325062848700000018e+00 9.123598350000000634e-02 1.941241495399999906e+00 5.869650758000000135e-01 8.031718107999999967e-01 -9.144519410000000181e-02 4.499798355930000049e-02
1.413393978705760479e+09 -2.333998457299999885e+00 1.015791766000000013e-01 1.950075696899999933e+00 5.842003892999999559e-01 8.030927417000000013e-01 -1.045128741000000000e-01 5.318846168639999872e-02
1.413393978755760431e+09 -2.341599989100000112e+00 1.106685104000000031e-01 1.958880276799999987e+00 5.801307869999999811e-01 8.035066265000000429e-01 -1.184627374000000039e-01 6.157881957459999944e-02
1.413393978805760622e+09 -2.348217788299999942e+00 1.188940564000000033e-01 1.968191465599999912e+00 5.763556615999999577e-01 8.034983704999999476e-01 -1.319451754000000032e-01 6.924587154439999781e-02
1.413393978855760336e+09 -2.353327670700000152e+00 1.264405208999999919e-01 1.978251149799999942e+00 5.735811159000000492e-01 8.022703609000000347e-01 -1.464613607999999956e-01 7.691580662199999641e-02
1.413393978905760527e+09 -2.356867558199999824e+00 1.333369538999999993e-01 1.988780218700000102e+00 5.718669640000000332e-01 7.999876563000000163e-01 -1.602740968999999960e-01 8.544085110139999772e-02
1.413393978955760479e+09 -2.358902130400000186e+00 1.397012756999999883e-01 1.999755988400000017e+00 5.706483165000000302e-01 7.970309452999999600e-01 -1.744428395000000021e-01 9.312285873629999600e-02
1.413393979005760431e+09 -2.359350536600000048e+00 1.451643762000000004e-01 2.010833421100000074e+00 5.691172832999999986e-01 7.938645507999999573e-01 -1.896879617999999990e-01 9.951416957130000684e-02
1.413393979055760384e+09 -2.357803481899999998e+00 1.496074366000000044e-01 2.021726884400000035e+00 5.676522694000000202e-01 7.902710352999999799e-01 -2.046308068000000091e-01 1.066246912519999979e-01
1.413393979105760574e+09 -2.354243410000000036e+00 1.531159464999999886e-01 2.032837053500000213e+00 5.665163403999999847e-01 7.859781725000000163e-01 -2.199539101000000108e-01 1.136566139229999994e-01
1.413393979155760288e+09 -2.348459457000000139e+00 1.554334394999999924e-01 2.043622454399999899e+00 5.643191413000000489e-01 7.818847070000000121e-01 -2.347731492000000031e-01 1.228078990789999991e-01
1.413393979205760479e+09 -2.340732313000000175e+00 1.566088645000000001e-01 2.052891420899999986e+00 5.619466785000000186e-01 7.774959040000000154e-01 -2.486461848000000030e-01 1.337577083079999896e-01
1.413393979255760431e+09 -2.331189850699999955e+00 1.566310237000000105e-01 2.059692456100000069e+00 5.594959227000000368e-01 7.728382649999999687e-01 -2.625130411000000108e-01 1.441257501409999864e-01
1.413393979305760622e+09 -2.320242924099999993e+00 1.552028418999999992e-01 2.063381211399999859e+00 5.573485380999999572e-01 7.674097421000000141e-01 -2.770786921000000236e-01 1.538580290709999909e-01
1.413393979355760336e+09 -2.308074979000000138e+00 1.520266704999999885e-01 2.064164416900000187e+00 5.557146689999999944e-01 7.612248096000000519e-01 -2.921121553000000093e-01 1.624453284659999885e-01
1.413393979405760527e+09 -2.294456186200000136e+00 1.472636126000000101e-01 2.061999082399999850e+00 5.536843707999999920e-01 7.549446007000000236e-01 -3.076453036999999835e-01 1.698429700069999937e-01
1.413393979455760479e+09 -2.279514281099999984e+00 1.404064429999999919e-01 2.056748225199999780e+00 5.519286800999999576e-01 7.481189690999999753e-01 -3.229055552999999801e-01 1.772702527710000031e-01
1.413393979505760431e+09 -2.263364185199999934e+00 1.313139067000000104e-01 2.048969934600000098e+00 5.501188719999999810e-01 7.410580592000000077e-01 -3.385026168999999974e-01 1.833525511509999928e-01
1.413393979555760384e+09 -2.245092816000000102e+00 1.202500340000000056e-01 2.039138478599999971e+00 5.478215117000000411e-01 7.338502584999999634e-01 -3.539868008000000010e-01 1.898650421580000136e-01
1.413393979605760574e+09 -2.224293139999999891e+00 1.074074388999999990e-01 2.027292700099999845e+00 5.444374873999999753e-01 7.270678017999999687e-01 -3.686253127999999935e-01 1.976755237679999888e-01
1.413393979655760288e+09 -2.201530236700000032e+00 9.194664140000000097e-02 2.014048167099999898e+00 5.401305822999999950e-01 7.208044801999999862e-01 -3.814273777000000143e-01 2.078773939459999942e-01
1.413393979705760479e+09 -2.176842399299999897e+00 7.386794319999999414e-02 2.001586378399999866e+00 5.356735003000000495e-01 7.142704800000000409e-01 -3.932115660000000124e-01 2.196730453240000047e-01
1.413393979755760431e+09 -2.150527453800000099e+00 5.335204150000000256e-02 1.990215238600000047e+00 5.302218127000000170e-01 7.086064527000000002e-01 -4.039479012000000147e-01 2.314472243740000046e-01
1.413393979805760622e+09 -2.122442779600000051e+00 3.003277400000000166e-02 1.980120239499999935e+00 5.235065019000000319e-01 7.037002552000000133e-01 -4.128477493000000109e-01 2.455679727589999972e-01
1.413393979855760336e+09 -2.093093129800000174e+00 4.437641600000000186e-03 1.971376964599999893e+00 5.149479121000000159e-01 6.997402453000000078e-01 -4.220509261000000012e-01 2.589695979769999767e-01
1.413393979905760527e+09 -2.062613815300000208e+00 -2.299745350000000077e-02 1.964081872099999959e+00 5.063012233999999445e-01 6.956727467000000109e-01 -4.316181840000000158e-01 2.709321758959999937e-01
1.413393979955760479e+09 -2.031189662000000062e+00 -5.203223690000000068e-02 1.957758293699999985e+00 4.972438010999999936e-01 6.915596602000000370e-01 -4.415972572999999901e-01 2.819320856420000077e-01
1.413393980005760431e+09 -1.998929463999999934e+00 -8.225078939999999617e-02 1.952375783099999929e+00 4.884760403000000251e-01 6.868609842999999771e-01 -4.522221495000000036e-01 2.917332237090000113e-01
1.413393980055760384e+09 -1.966027602300000066e+00 -1.138095781000000029e-01 1.946610311699999984e+00 4.766691335000000085e-01 6.841513854999999866e-01 -4.622845086999999853e-01 3.016893300449999815e-01
1.413393980105760574e+09 -1.932263482900000051e+00 -1.461348818000000049e-01 1.941120969500000015e+00 4.633401274000000236e-01 6.825006518999999772e-01 -4.715111848999999911e-01 3.117466742910000033e-01
1.413393980155760288e+09 -1.897386202200000094e+00 -1.783970068000000075e-01 1.935852986200000014e+00 4.490097901999999808e-01 6.817159669000000255e-01 -4.788989444000000262e-01 3.229695804589999830e-01
1.413393980205760479e+09 -1.861503222300000093e+00 -2.099806301000000097e-01 1.930603224199999968e+00 4.338610735000000274e-01 6.819088312000000096e-01 -4.861225057999999932e-01 3.323399225609999785e-01
1.413393980255760431e+09 -1.824610082800000033e+00 -2.401379781000000102e-01 1.925765422700000062e+00 4.207799832999999934e-01 6.820054013999999887e-01 -4.919489683000000113e-01 3.402925957580000271e-01
1.413393980305760622e+09 -1.786505208599999950e+00 -2.685099356000000270e-01 1.921424143699999920e+00 4.102280777999999795e-01 6.818211497999999704e-01 -4.968725393999999795e-01 3.463387410550000101e-01
1.413393980355760336e+09 -1.747079299399999952e+00 -2.946088633999999762e-01 1.917667808000000029e+00 4.026015077000000275e-01 6.812649711999999580e-01 -5.006095283000000506e-01 3.509703193839999735e-01
1.413393980405760527e+09 -1.705367499200000081e+00 -3.181108991000000108e-01 1.914491994999999891e+00 3.984732038000000087e-01 6.798921209999999604e-01 -5.021907020000000443e-01 3.560481828379999936e-01
1.413393980455760479e+09 -1.661768604599999977e+00 -3.387525599999999804e-01 1.912175604299999998e+00 3.977744914999999937e-01 6.773472713999999506e-01 -5.031046564000000165e-01 3.603634727380000125e-01
1.413393980505760431e+09 -1.616587400200000024e+00 -3.567130997999999886e-01 1.910044440999999926e+00 4.004468657999999959e-01 6.735466649000000361e-01 -5.017781036999999777e-01 3.663276301030000126e-01
1.413393980555760384e+09 -1.570061769300000076e+00 -3.721466850999999854e-01 1.908528253000000063e+00 4.064116749000000195e-01 6.684653400000000190e-01 -4.992558013999999766e-01 3.724611181420000028e-01
1.413393980605760574e+09 -1.522547808299999916e+00 -3.854045072000000238e-01 1.907152050699999934e+00 4.130297877999999923e-01 6.632463053999999580e-01 -4.953743617999999960e-01 3.796247811419999896e-01
1.413393980655760288e+09 -1.474551389399999968e+00 -3.964453400999999877e-01 1.905793511599999990e+00 4.181729621999999980e-01 6.593737907000000176e-01 -4.917963831000000119e-01 3.853490565839999826e-01
1.413393980705760479e+09 -1.426754431200000006e+00 -4.052744604999999889e-01 1.904642769000000069e+00 4.220430840000000128e-01 6.567454591000000397e-01 -4.896802224999999842e-01 3.883018372550000041e-01
1.413393980755760431e+09 -1.379544652599999921e+00 -4.121671579999999779e-01 1.903772652500000051e+00 4.221143772000000016e-01 6.566515228000000537e-01 -4.895685627999999956e-01 3.885239405929999945e-01
1.413393980805760622e+09 -1.333115180899999919e+00 -4.169162731000000122e-01 1.903284988400000044e+00 4.204397060999999769e-01 6.580690828999999908e-01 -4.921608132999999996e-01 3.846469412469999960e-01
1.413393980855760336e+09 -1.287502377000000031e+00 -4.198550776000000151e-01 1.903196166699999914e+00 4.182530546000000071e-01 6.598327315999999998e-01 -4.962226334000000016e-01 3.787456227780000018e-01
1.413393980905760527e+09 -1.241829069400000041e+00 -4.208518160999999980e-01 1.903451365700000064e+00 4.146358506000000221e-01 6.624172748000000110e-01 -5.018786263000000192e-01 3.706727801670000044e-01
1.413393980955760479e+09 -1.195478341300000080e+00 -4.200494327000000028e-01 1.905176736300000062e+00 4.138530964000000090e-01 6.631493439000000212e-01 -5.075612422999999929e-01 3.624088128199999814e-01
1.413393981005760431e+09 -1.147768196499999949e+00 -4.180261661999999934e-01 1.907886626400000063e+00 4.147027656999999756e-01 6.624241306999999468e-01 -5.137175498999999590e-01 3.539917599899999878e-01
1.413393981055760384e+09 -1.098151738100000108e+00 -4.149650170999999999e-01 1.912143374100000015e+00 4.178007966999999767e-01 6.604295784999999475e-01 -5.181372856000000526e-01 3.475759187890000157e-01
1.413393981105760574e+09 -1.046680743900000099e+00 -4.115383361000000129e-01 1.918161655600000071e+00 4.224334451999999795e-01 6.572769859000000547e-01 -5.216946655999999960e-01 3.425954233069999910e-01
1.413393981155760288e+09 -9.931330377000000542e-01 -4.079710160000000196e-01 1.927178577799999903e+00 4.284893406999999987e-01 6.530528255999999976e-01 -5.231689636999999893e-01 3.409004653039999777e-01
1.413393981205760479e+09 -9.378939228999999544e-01 -4.046736665999999816e-01 1.939320916900000080e+00 4.350291609999999975e-01 6.486019673999999791e-01 -5.238414491999999756e-01 3.400812448050000159e-01
1.413393981255760431e+09 -8.809054093999999502e-01 -4.019702170000000185e-01 1.954847951899999936e+00 4.390702499999999953e-01 6.462301444000000394e-01 -5.241763821999999573e-01 3.388849899610000271e-01
1.413393981305760622e+09 -8.223290805999999842e-01 -4.001017047000000049e-01 1.973213047500000039e+00 4.405350301000000024e-01 6.459756277000000546e-01 -5.243045052999999456e-01 3.372671957760000061e-01
1.413393981355760336e+09 -7.626803695999999633e-01 -3.991338160999999829e-01 1.992498723199999988e+00 4.407650785000000182e-01 6.464713290000000390e-01 -5.252470154999999696e-01 3.345392939619999950e-01
1.413393981405760527e+09 -7.020292808000000440e-01 -3.992499507000000225e-01 2.011272469200000135e+00 4.390595480999999745e-01 6.487173706000000095e-01 -5.247114412000000172e-01 3.332722458810000177e-01
1.413393981455760479e+09 -6.404619837999999676e-01 -4.006271918000000043e-01 2.028316467399999823e+00 4.357703173999999957e-01 6.521048466000000099e-01 -5.221354508000000116e-01 3.350195078139999727e-01
1.413393981505760431e+09 -5.776314595000000551e-01 -4.028306001999999997e-01 2.043099895000000110e+00 4.324820167999999798e-01 6.556304072999999955e-01 -5.181263606999999549e-01 3.386047083620000175e-01
1.413393981555760384e+09 -5.137725789000000542e-01 -4.055220527999999769e-01 2.054454954900000185e+00 4.288380992999999974e-01 6.595358371999999747e-01 -5.129835553999999576e-01 3.434504853900000043e-01
1.413393981605760574e+09 -4.490196189999999810e-01 -4.080096658999999848e-01 2.062649488399999953e+00 4.266090269999999740e-01 6.623806448000000291e-01 -5.087803739999999797e-01 3.469858073609999871e-01
1.413393981655760288e+09 -3.830157598999999746e-01 -4.097196411999999843e-01 2.067655239900000108e+00 4.243810478999999747e-01 6.649987252000000293e-01 -5.056282453999999538e-01 3.493100329589999831e-01
1.413393981705760479e+09 -3.158929825999999830e-01 -4.104100325000000216e-01 2.069906367899999822e+00 4.227819909000000154e-01 6.672476006999999987e-01 -5.027118312999999672e-01 3.511649785439999727e-01
1.413393981755760431e+09 -2.477563748999999926e-01 -4.100681889000000191e-01 2.069362297800000139e+00 4.212692227000000011e-01 6.692699744000000228e-01 -4.993267685000000178e-01 3.539529934649999765e-01
1.413393981805760622e+09 -1.785432932000000084e-01 -4.082083349000000250e-01 2.066429768699999947e+00 4.215802396000000174e-01 6.701871097999999582e-01 -4.954402800000000107e-01 3.572929727940000189e-01
1.413393981855760336e+09 -1.091004039000000037e-01 -4.048942086999999801e-01 2.061041173400000037e+00 4.221169484000000249e-01 6.724057013999999999e-01 -4.898306289000000091e-01 3.602135609439999775e-01
1.413393981905760527e+09 -3.925563640000000187e-02 -3.995347998000000067e-01 2.053530257699999861e+00 4.241766280000000000e-01 6.749399473999999621e-01 -4.828454432000000018e-01 3.624783215290000027e-01
1.413393981955760479e+09 3.086280530000000064e-02 -3.917566182000000174e-01 2.045673835300000132e+00 4.278391993999999809e-01 6.778383776999999943e-01 -4.745100372000000122e-01 3.637705014779999968e-01
1.413393982005760431e+09 1.001672549999999967e-01 -3.817620735999999737e-01 2.038315253699999996e+00 4.332168096999999829e-01 6.808198453999999566e-01 -4.656350078000000003e-01 3.633064455800000259e-01
1.413393982055760384e+09 1.683851030000000082e-01 -3.696131463999999811e-01 2.031220001599999936e+00 4.382748383999999775e-01 6.851081699000000080e-01 -4.566534123000000056e-01 3.605684714040000016e-01
1.413393982105760574e+09 2.358892907000000039e-01 -3.549432693999999833e-01 2.024911920700000145e+00 4.447470315000000007e-01 6.899905239000000412e-01 -4.459843360999999895e-01 3.566666887030000010e-01
1.413393982155760288e+09 3.024258432999999968e-01 -3.378856653000000265e-01 2.019266029100000193e+00 4.523638302999999916e-01 6.950308156000000182e-01 -4.344759718000000270e-01 3.514680075450000163e-01
1.413393982205760479e+09 3.677591557000000067e-01 -3.184604878000000250e-01 2.014358071399999783e+00 4.598280565000000264e-01 7.011973807000000392e-01 -4.227331928999999988e-01 3.437688749219999784e-01
1.413393982255760431e+09 4.317283699999999724e-01 -2.968249365999999778e-01 2.010490889899999800e+00 4.684386692999999990e-01 7.077319965999999685e-01 -4.095383141999999754e-01 3.346027543849999786e-01
1.413393982305760622e+09 4.945698032999999993e-01 -2.732811708999999811e-01 2.007332689900000133e+00 4.767154050999999892e-01 7.149531467999999945e-01 -3.951591433000000153e-01 3.247055156249999963e-01
1.413393982355760336e+09 5.553618970000000488e-01 -2.483666810000000058e-01 2.004526150999999867e+00 4.831015148000000203e-01 7.241328163000000373e-01 -3.804999676999999969e-01 3.121928335349999917e-01
1.413393982405760527e+09 6.144407839000000093e-01 -2.221843025000000138e-01 2.002649197499999811e+00 4.886758985999999916e-01 7.341216280000000260e-01 -3.643090929999999728e-01 2.992326621720000079e-01
1.413393982455760479e+09 6.715408913000000535e-01 -1.948456819999999923e-01 2.000730980899999789e+00 4.941539574000000101e-01 7.442628295000000005e-01 -3.468047947999999825e-01 2.856766376980000022e-01
1.413393982505760431e+09 7.264420132000000141e-01 -1.665597139999999976e-01 1.998946328399999972e+00 4.994684544999999920e-01 7.545423095000000080e-01 -3.279247191999999922e-01 2.714084462710000256e-01
1.413393982555760384e+09 7.799732317999999998e-01 -1.367296681999999874e-01 1.998106041300000024e+00 5.054521226999999506e-01 7.642929592999999633e-01 -3.078445156999999877e-01 2.561370300420000024e-01
1.413393982605760574e+09 8.323934108999999637e-01 -1.054610165000000044e-01 1.997719177100000021e+00 5.115041792000000198e-01 7.736669042999999579e-01 -2.857201710999999755e-01 2.411783152189999890e-01
1.413393982655760288e+09 8.837246646999999955e-01 -7.270568119999999690e-02 1.996985094700000074e+00 5.177278500999999977e-01 7.823973604999999720e-01 -2.617340572999999893e-01 2.265116480859999948e-01
1.413393982705760479e+09 9.338207833999999652e-01 -3.869290820000000075e-02 1.995764352499999950e+00 5.232872041999999668e-01 7.907362572999999673e-01 -2.362826782999999931e-01 2.123138462259999970e-01
1.413393982755760431e+09 9.821437157000000306e-01 -3.247906699999999862e-03 1.994623400899999899e+00 5.290809842000000485e-01 7.983203635000000187e-01 -2.088683923000000109e-01 1.978178556869999993e-01
1.413393982805760622e+09 1.029030246200000054e+00 3.355836040000000076e-02 1.993656559199999956e+00 5.347259054999999872e-01 8.046984757999999793e-01 -1.805804396000000034e-01 1.841718595050000074e-01
1.413393982855760336e+09 1.074039136199999911e+00 7.171275209999999900e-02 1.992909465599999930e+00 5.405972478999999664e-01 8.097265617000000137e-01 -1.519013614999999984e-01 1.703628103719999898e-01
1.413393982905760527e+09 1.116433706200000042e+00 1.105810004000000041e-01 1.991877672600000038e+00 5.455905590999999832e-01 8.141945655000000226e-01 -1.224437203000000030e-01 1.562871928850000092e-01
1.413393982955760479e+09 1.156207259399999909e+00 1.501269959000000043e-01 1.990286573399999925e+00 5.491403983000000544e-01 8.182772508000000222e-01 -9.442576880000000394e-02 1.412477889229999950e-01
1.413393983005760431e+09 1.193058327499999960e+00 1.903723888999999947e-01 1.988249267500000084e+00 5.522566858999999884e-01 8.214300414999999855e-01 -6.749076519999999690e-02 1.253404818920000052e-01
1.413393983055760384e+09 1.226939853199999986e+00 2.313646095000000125e-01 1.985980363199999932e+00 5.545901214999999773e-01 8.238529771999999474e-01 -3.992395619999999923e-02 1.100097572180000066e-01
1.413393983105760574e+09 1.257561436200000049e+00 2.731411770000000128e-01 1.983887680200000059e+00 5.570571546999999457e-01 8.248873070000000141e-01 -1.253265360000000057e-02 9.534773093260000276e-02
1.413393983155760288e+09 1.285067411300000018e+00 3.157736361999999852e-01 1.981610241899999902e+00 5.584020527999999928e-01 8.253678526000000071e-01 1.535509250000000048e-02 8.197119267249999841e-02
1.413393983205760479e+09 1.308970801699999909e+00 3.589360884999999723e-01 1.979013812800000105e+00 5.594455704999999890e-01 8.248874294000000384e-01 4.294969960000000198e-02 6.882372978049999812e-02
1.413393983255760431e+09 1.328977635200000007e+00 4.024822818000000080e-01 1.976383643299999937e+00 5.607910109000000531e-01 8.231011034999999865e-01 7.001383640000000130e-02 5.582184466719999905e-02
1.413393983305760622e+09 1.344737916299999947e+00 4.460629772999999965e-01 1.973675664199999957e+00 5.611320523999999699e-01 8.209717121999999812e-01 9.666906409999999339e-02 4.232445484519999773e-02
1.413393983355760336e+09 1.356108525700000067e+00 4.898857001999999961e-01 1.971394994900000031e+00 5.628964652000000290e-01 8.167872645000000542e-01 1.230135462999999985e-01 2.956013232149999961e-02
1.413393983405760527e+09 1.362624973399999995e+00 5.333984803000000330e-01 1.969802525400000004e+00 5.653143054999999473e-01 8.112504690999999823e-01 1.484406376000000083e-01 1.605582551049999918e-02
1.413393983455760479e+09 1.364050533799999965e+00 5.762123781000000333e-01 1.968822254500000035e+00 5.674105823999999743e-01 8.051693366000000074e-01 1.724688078999999929e-01 1.442429708259999974e-03
1.413393983505760431e+09 1.360279673600000017e+00 6.180765601000000053e-01 1.969200313099999988e+00 5.709745641000000260e-01 7.972596554999999974e-01 1.953939590000000059e-01 -1.364879690359999988e-02
1.413393983555760384e+09 1.351395085000000051e+00 6.581920231000000232e-01 1.970327871400000097e+00 5.732931131999999819e-01 7.893712296999999545e-01 2.176768014999999890e-01 -2.906678676840000058e-02
1.413393983605760574e+09 1.337576379299999951e+00 6.961594813000000492e-01 1.972504456800000083e+00 5.759237571999999972e-01 7.803263781000000510e-01 2.396644730999999973e-01 -4.431150927759999747e-02
1.413393983655760288e+09 1.319201674899999954e+00 7.315186836999999498e-01 1.975263672899999934e+00 5.769225233000000452e-01 7.718106929000000394e-01 2.606460845999999942e-01 -5.943294538229999813e-02
1.413393983705760479e+09 1.296273168599999970e+00 7.639997174999999530e-01 1.979148578200000008e+00 5.779580172999999599e-01 7.627507325000000282e-01 2.799738401999999904e-01 -7.609532902219999506e-02
1.413393983755760431e+09 1.269328780299999959e+00 7.931467339000000116e-01 1.983419933400000001e+00 5.767599475000000364e-01 7.547879185000000435e-01 2.985475659999999865e-01 -9.226327448189999836e-02
1.413393983805760622e+09 1.238581088499999927e+00 8.187487783000000352e-01 1.988395104899999932e+00 5.742538222999999942e-01 7.475904840000000551e-01 3.153460270999999815e-01 -1.090774909459999997e-01
1.413393983855760336e+09 1.204279260999999934e+00 8.407879427000000128e-01 1.994345112099999984e+00 5.713816131000000187e-01 7.401415903000000407e-01 3.315226269000000059e-01 -1.257228153799999915e-01
1.413393983905760527e+09 1.166785758799999906e+00 8.593587386000000050e-01 2.001106554600000198e+00 5.681520078999999779e-01 7.327806351000000218e-01 3.466514540000000255e-01 -1.416637077379999943e-01
1.413393983955760479e+09 1.126548222300000068e+00 8.745428732000000149e-01 2.008478975700000113e+00 5.663109024000000380e-01 7.235974408999999996e-01 3.629791965999999981e-01 -1.547411004120000100e-01
1.413393984005760431e+09 1.083698479599999986e+00 8.859267106999999530e-01 2.015977210500000005e+00 5.634864164999999758e-01 7.148485663000000434e-01 3.785881568000000197e-01 -1.677664839019999965e-01
1.413393984055760384e+09 1.038232273600000033e+00 8.936315325999999448e-01 2.023926504699999906e+00 5.612520701000000001e-01 7.048915089999999717e-01 3.947565376000000126e-01 -1.796979420819999895e-01
1.413393984105760574e+09 9.903149220000000419e-01 8.971206573000000128e-01 2.032567263699999849e+00 5.588983760000000300e-01 6.942896965999999503e-01 4.108857854999999892e-01 -1.917479953350000044e-01
1.413393984155760288e+09 9.402156260999999793e-01 8.962036204000000117e-01 2.041823917299999902e+00 5.561732194999999823e-01 6.833712409000000099e-01 4.270123681999999921e-01 -2.033114222959999939e-01
1.413393984205760479e+09 8.882841260999999600e-01 8.906735283000000170e-01 2.051671677499999902e+00 5.530876133000000028e-01 6.721507071000000222e-01 4.427326433000000061e-01 -2.151634856090000048e-01
1.413393984255760431e+09 8.346984055999999708e-01 8.804307413999999943e-01 2.062283229999999801e+00 5.494513885999999792e-01 6.610589260000000467e-01 4.577854987000000153e-01 -2.270169709759999876e-01
1.413393984305760622e+09 7.795127143000000203e-01 8.654089990000000121e-01 2.073652892200000153e+00 5.443453315999999820e-01 6.513928356999999503e-01 4.707499173999999953e-01 -2.403540072029999863e-01
1.413393984355760336e+09 7.232731023999999787e-01 8.459902674000000511e-01 2.085451485400000138e+00 5.388623815999999955e-01 6.424807264999999878e-01 4.822925267000000016e-01 -2.534556540069999864e-01
1.413393984405760527e+09 6.661573362999999581e-01 8.222481791000000317e-01 2.098115852399999870e+00 5.346244678999999556e-01 6.330176678000000168e-01 4.927301566999999771e-01 -2.658614362100000239e-01
1.413393984455760479e+09 6.086263665000000156e-01 7.944132038000000229e-01 2.111119276100000164e+00 5.304613293000000063e-01 6.240114401999999894e-01 5.028441315999999661e-01 -2.763481135640000197e-01
1.413393984505760431e+09 5.507919888000000208e-01 7.624086290999999571e-01 2.124724174099999807e+00 5.271963766999999690e-01 6.153010429999999920e-01 5.112747275000000258e-01 -2.864729655259999896e-01
1.413393984555760384e+09 4.930490975999999859e-01 7.261697599999999975e-01 2.138480192699999893e+00 5.246257935999999455e-01 6.063632839000000496e-01 5.191228910999999835e-01 -2.959776488509999748e-01
1.413393984605760574e+09 4.356601352999999732e-01 6.858730266000000464e-01 2.151587790399999811e+00 5.191596067000000536e-01 6.007214599000000321e-01 5.259432613000000201e-01 -3.049437920340000163e-01
1.413393984655760288e+09 3.786598051000000242e-01 6.413774441999999798e-01 2.163491744999999966e+00 5.096440637000000384e-01 5.994865419999999556e-01 5.301429195000000316e-01 -3.159545840929999794e-01
1.413393984705760479e+09 3.222394462000000015e-01 5.935064971000000300e-01 2.173469859399999926e+00 4.975352446999999900e-01 6.019440085999999690e-01 5.305135249000000330e-01 -3.296626921920000064e-01
1.413393984755760431e+09 2.659211149999999857e-01 5.437345921999999776e-01 2.180770411800000197e+00 4.872919734999999752e-01 6.045354499999999742e-01 5.296666035000000550e-01 -3.413747374330000084e-01
1.413393984805760622e+09 2.096108617000000118e-01 4.927610667000000277e-01 2.185308511400000153e+00 4.779183431999999843e-01 6.078406937000000454e-01 5.278133764000000339e-01 -3.514780049619999902e-01
1.413393984855760336e+09 1.538599123999999929e-01 4.411232551000000002e-01 2.187044548099999819e+00 4.661353371999999995e-01 6.148083694999999516e-01 5.244948370999999998e-01 -3.600467776069999903e-01
1.413393984905760527e+09 9.868049830000000244e-02 3.899791859999999777e-01 2.185713947600000040e+00 4.540912786999999895e-01 6.249295045999999632e-01 5.188523027000000454e-01 -3.661372868189999852e-01
1.413393984955760479e+09 4.365436129999999970e-02 3.398766635000000091e-01 2.181768824400000195e+00 4.436943678999999974e-01 6.362719733999999683e-01 5.112522819000000496e-01 -3.700194427330000257e-01
1.413393985005760431e+09 -1.110709489999999952e-02 2.917036943999999909e-01 2.175511579800000206e+00 4.371393242000000123e-01 6.472112113000000333e-01 5.021972665999999696e-01 -3.712475786389999866e-01
1.413393985055760384e+09 -6.578763320000000081e-02 2.461892488000000101e-01 2.166519945900000188e+00 4.359456952999999912e-01 6.567335800000000390e-01 4.933527950000000106e-01 -3.677708189669999794e-01
1.413393985105760574e+09 -1.208536016999999935e-01 2.034148427999999953e-01 2.155514366399999826e+00 4.401659298000000220e-01 6.641314656000000261e-01 4.836245912000000091e-01 -3.623404552580000160e-01
1.413393985155760288e+09 -1.762343598999999983e-01 1.636842597000000010e-01 2.142750571600000153e+00 4.502675847000000009e-01 6.687675680000000344e-01 4.741664238000000142e-01 -3.538011372359999851e-01
1.413393985205760479e+09 -2.311091976999999908e-01 1.261814253000000108e-01 2.127799499200000000e+00 4.621950383000000273e-01 6.727206059000000460e-01 4.638958690000000162e-01 -3.444174149370000104e-01
1.413393985255760431e+09 -2.852567710000000201e-01 9.048895749999999460e-02 2.111015394599999873e+00 4.746747739000000132e-01 6.767062600000000039e-01 4.534377820000000114e-01 -3.333866741809999867e-01
1.413393985305760622e+09 -3.387018309000000005e-01 5.607456930000000173e-02 2.093649718300000018e+00 4.875172850999999752e-01 6.806080426999999711e-01 4.427606696999999980e-01 -3.210336093849999739e-01
1.413393985355760336e+09 -3.911734136999999722e-01 2.229457149999999888e-02 2.076260980199999828e+00 4.991947647000000154e-01 6.853099288999999761e-01 4.323498328000000002e-01 -3.069666274599999745e-01
1.413393985405760527e+09 -4.431040106999999950e-01 -1.125294909999999954e-02 2.059966699299999870e+00 5.099812944999999598e-01 6.903652464999999738e-01 4.207876742000000170e-01 -2.936879957640000094e-01
1.413393985455760479e+09 -4.940153888000000104e-01 -4.512267200000000256e-02 2.044086535399999960e+00 5.187361319000000082e-01 6.968150684999999678e-01 4.082200590999999767e-01 -2.805672274220000206e-01
1.413393985505760431e+09 -5.443396857000000200e-01 -7.952045729999999979e-02 2.029184252599999905e+00 5.271744923000000194e-01 7.028962916000000005e-01 3.950036035000000223e-01 -2.683207242169999840e-01
1.413393985555760384e+09 -5.940018661999999505e-01 -1.149814192000000040e-01 2.014882951600000194e+00 5.317361818000000406e-01 7.113040855000000162e-01 3.806179155000000147e-01 -2.577462575819999824e-01
1.413393985605760574e+09 -6.431591907999999469e-01 -1.511861251999999933e-01 2.001033761900000041e+00 5.328942048000000486e-01 7.216579139000000032e-01 3.655596419000000097e-01 -2.481930095340000031e-01
1.413393985655760288e+09 -6.915431417999999830e-01 -1.880733339000000004e-01 1.987332401700000029e+00 5.305915438999999623e-01 7.337364457999999701e-01 3.505875996999999744e-01 -2.391480224699999990e-01
1.413393985705760479e+09 -7.393941561000000329e-01 -2.252783945000000065e-01 1.974119656400000089e+00 5.264489302999999509e-01 7.464141970000000015e-01 3.350533707000000194e-01 -2.312068535200000052e-01
1.413393985755760431e+09 -7.867028266000000158e-01 -2.620584054999999801e-01 1.961002749099999942e+00 5.219138916000000128e-01 7.588122696000000333e-01 3.201015133999999818e-01 -2.221370080900000044e-01
1.413393985805760622e+09 -8.338446950000000246e-01 -2.979181396000000204e-01 1.948513171499999919e+00 5.180137057999999461e-01 7.699316769999999810e-01 3.055111946999999883e-01 -2.133774199160000107e-01
1.413393985855760336e+09 -8.810295361000000103e-01 -3.321189150000000145e-01 1.937441078900000058e+00 5.141812216000000157e-01 7.804182430999999642e-01 2.906186691000000044e-01 -2.051970428590000062e-01
1.413393985905760527e+09 -9.286117550000000387e-01 -3.637717965999999747e-01 1.927974246000000003e+00 5.112992518000000208e-01 7.898689013999999897e-01 2.743058930000000228e-01 -1.985861794569999950e-01
1.413393985955760479e+09 -9.761834869000000081e-01 -3.923084762999999864e-01 1.920024351899999981e+00 5.095890028999999766e-01 7.980568918999999539e-01 2.586112395999999869e-01 -1.911660850659999966e-01
1.413393986005760431e+09 -1.024074741700000013e+00 -4.170750985000000188e-01 1.914367775699999941e+00 5.098800986000000535e-01 8.045548880999999763e-01 2.421833965999999894e-01 -1.845560065000000083e-01
1.413393986055760384e+09 -1.071664566900000004e+00 -4.387505433000000177e-01 1.909250435899999987e+00 5.111178947000000194e-01 8.098594627999999851e-01 2.267165687000000096e-01 -1.774422319239999934e-01
1.413393986105760574e+09 -1.117938852199999999e+00 -4.579671968999999843e-01 1.905074498799999905e+00 5.124415544000000544e-01 8.149033828999999729e-01 2.094294529000000071e-01 -1.716841115099999870e-01
1.413393986155760288e+09 -1.163136773099999965e+00 -4.739595950000000113e-01 1.902513912399999896e+00 5.144963324000000338e-01 8.188818070000000171e-01 1.923865549999999869e-01 -1.664737924380000067e-01
1.413393986205760479e+09 -1.206937219899999914e+00 -4.868228384000000131e-01 1.900830956400000105e+00 5.161198679999999817e-01 8.227179771000000530e-01 1.732690937999999958e-01 -1.635030062810000073e-01
1.413393986255760431e+09 -1.248767381199999971e+00 -4.961187952000000179e-01 1.899573966599999997e+00 5.185347019999999585e-01 8.257125952999999630e-01 1.534391763999999880e-01 -1.605518354369999956e-01
1.413393986305760622e+09 -1.288405299399999926e+00 -5.016253386000000258e-01 1.899138502800000072e+00 5.204432275999999469e-01 8.286445172999999942e-01 1.338033237000000042e-01 -1.567921597989999916e-01
1.413393986355760336e+09 -1.324974356100000028e+00 -5.038143384000000058e-01 1.899111530099999889e+00 5.226041486000000402e-01 8.310283203999999646e-01 1.149833023000000065e-01 -1.518409518899999922e-01
1.413393986405760527e+09 -1.358851934800000105e+00 -5.012525847000000034e-01 1.899595318000000033e+00 5.255440729999999450e-01 8.326395469999999799e-01 9.570992809999999407e-02 -1.461315222500000066e-01
1.413393986455760479e+09 -1.388890676399999968e+00 -4.956876279999999912e-01 1.900180381700000032e+00 5.275303892999999578e-01 8.345104908999999571e-01 7.832835529999999935e-02 -1.384507049519999866e-01
1.413393986505760431e+09 -1.414583214499999908e+00 -4.870662819000000088e-01 1.901730869299999904e+00 5.325538198999999473e-01 8.344219295999999453e-01 6.450046980000000152e-02 -1.263572781279999890e-01
1.413393986555760384e+09 -1.435706651999999917e+00 -4.759969116000000167e-01 1.903947049799999958e+00 5.407371463000000267e-01 8.324083205000000207e-01 5.496234920000000329e-02 -1.080688052159999996e-01
1.413393986605760574e+09 -1.453531125999999896e+00 -4.617895510999999731e-01 1.906277934200000024e+00 5.504944216999999584e-01 8.289946516999999737e-01 4.930941059999999904e-02 -8.539520573440000095e-02
1.413393986655760288e+09 -1.469020241099999957e+00 -4.449746231999999746e-01 1.909060202400000072e+00 5.590666461000000087e-01 8.256220066999999663e-01 4.511854450000000322e-02 -6.129522141040000260e-02
1.413393986705760479e+09 -1.482944018300000000e+00 -4.270668203999999912e-01 1.913186411699999923e+00 5.692363112999999641e-01 8.202861603000000112e-01 3.859244829999999848e-02 -4.014050305430000298e-02
1.413393986755760431e+09 -1.496139620899999967e+00 -4.087189433000000260e-01 1.917982776099999898e+00 5.781454759999999915e-01 8.150660577999999656e-01 3.174606380000000172e-02 -2.018210533719999936e-02
1.413393986805760622e+09 -1.509004078300000051e+00 -3.907540556999999914e-01 1.923647179800000107e+00 5.868924080999999848e-01 8.092957232999999917e-01 2.442185789999999981e-02 -1.143011488979999921e-03
1.413393986855760336e+09 -1.522236985099999940e+00 -3.742044103000000121e-01 1.929481202400000095e+00 5.942473494000000134e-01 8.039257510999999745e-01 1.744179449999999978e-02 1.640908922710000023e-02
1.413393986905760527e+09 -1.536613868999999966e+00 -3.593593724999999961e-01 1.935405279700000092e+00 5.994364455999999786e-01 7.997667681000000250e-01 1.073579260000000028e-02 3.055825665780000089e-02
1.413393986955760479e+09 -1.552660276399999928e+00 -3.464332600999999734e-01 1.940961251999999915e+00 6.001533516999999485e-01 7.988751400000000391e-01 3.111051399999999797e-03 4.005978767360000165e-02
1.413393987005760431e+09 -1.570459054300000101e+00 -3.353490322000000079e-01 1.945668260099999936e+00 5.966946214999999665e-01 8.011487563000000423e-01 -5.056378000000000261e-03 4.572342929349999807e-02
1.413393987055760384e+09 -1.589807717900000084e+00 -3.257157319999999801e-01 1.948666999799999910e+00 5.925426601000000071e-01 8.038920560000000215e-01 -1.229266499999999949e-02 4.999648625800000301e-02
1.413393987105760574e+09 -1.610596846600000021e+00 -3.170866943999999799e-01 1.949821146499999935e+00 5.881587857000000197e-01 8.068019832999999696e-01 -1.818571620000000028e-02 5.300077496700000140e-02
1.413393987155760288e+09 -1.632583079200000009e+00 -3.091149395000000188e-01 1.948532294699999889e+00 5.842828434000000293e-01 8.093488277000000508e-01 -2.309974919999999848e-02 5.508571175000000208e-02
1.413393987205760479e+09 -1.655691769399999957e+00 -3.015070906000000273e-01 1.945629745900000040e+00 5.811783073999999827e-01 8.113502089999999889e-01 -2.735803259999999848e-02 5.651682432130000072e-02
1.413393987255760431e+09 -1.679916609700000008e+00 -2.936106723999999946e-01 1.942465008199999899e+00 5.774013108000000116e-01 8.138677551999999871e-01 -3.010231470000000048e-02 5.762685059290000023e-02
1.413393987305760622e+09 -1.705110536899999918e+00 -2.853792482999999991e-01 1.940499149599999917e+00 5.747911777999999972e-01 8.155712000000000517e-01 -3.248238039999999660e-02 5.834050581920000034e-02
1.413393987355760336e+09 -1.731379711500000029e+00 -2.769757916999999736e-01 1.939694324099999978e+00 5.726342716000000221e-01 8.170350275000000106e-01 -3.391833629999999739e-02 5.825204968589999671e-02
1.413393987405760527e+09 -1.758528880699999908e+00 -2.681533425000000026e-01 1.940228730799999912e+00 5.708221726000000107e-01 8.182693377999999962e-01 -3.439390030000000209e-02 5.843284812740000278e-02
1.413393987455760479e+09 -1.786800222199999899e+00 -2.589959574999999847e-01 1.942267014900000088e+00 5.700919532999999539e-01 8.188535654999999913e-01 -3.474760419999999711e-02 5.715423992600000141e-02
1.413393987505760431e+09 -1.815686129299999951e+00 -2.493889689999999881e-01 1.945091956199999972e+00 5.697540010999999627e-01 8.190828031000000342e-01 -3.500614950000000003e-02 5.708160296349999718e-02
1.413393987555760384e+09 -1.844974223899999988e+00 -2.391880996000000092e-01 1.948835674299999932e+00 5.710649217000000055e-01 8.180635631999999546e-01 -3.501001749999999718e-02 5.857610824739999805e-02
1.413393987605760574e+09 -1.874648355499999974e+00 -2.286237845999999907e-01 1.952669717100000035e+00 5.721042321000000541e-01 8.170867164999999765e-01 -3.586648850000000166e-02 6.147877998230000252e-02
1.413393987655760288e+09 -1.904936445599999972e+00 -2.174093072000000126e-01 1.956785893499999984e+00 5.733979307000000025e-01 8.158476108000000115e-01 -3.805463349999999717e-02 6.449289887900000462e-02
1.413393987705760479e+09 -1.935772837900000098e+00 -2.058776169000000045e-01 1.961245410400000111e+00 5.738126140000000541e-01 8.151091436999999829e-01 -4.190772169999999741e-02 6.767503745809999582e-02
1.413393987755760431e+09 -1.967288335499999929e+00 -1.941519056000000076e-01 1.965918458199999996e+00 5.748852501000000226e-01 8.138558761999999946e-01 -4.743817069999999719e-02 6.996557689370000443e-02
1.413393987805760622e+09 -1.999595994100000107e+00 -1.829767219000000000e-01 1.969906897400000023e+00 5.742692283000000453e-01 8.138522419000000507e-01 -5.276770189999999833e-02 7.123869315599999641e-02
1.413393987855760336e+09 -2.032640253799999908e+00 -1.717783620999999983e-01 1.973169267400000093e+00 5.741555189999999476e-01 8.135571639999999993e-01 -5.909975740000000116e-02 7.055068792150000212e-02
1.413393987905760527e+09 -2.066147501400000142e+00 -1.607582684999999956e-01 1.973575479900000040e+00 5.727517707999999486e-01 8.142108416000000126e-01 -6.456500599999999424e-02 6.962380621960000127e-02
1.413393987955760479e+09 -2.099867631700000015e+00 -1.498054449000000010e-01 1.970827774099999985e+00 5.723302743000000525e-01 8.141552976000000497e-01 -6.886191740000000006e-02 6.962215792949999482e-02
1.413393988005760431e+09 -2.133668140700000215e+00 -1.386607353000000042e-01 1.964473179300000094e+00 5.724959590000000542e-01 8.137031288999999612e-01 -7.230276550000000468e-02 7.005644193189999869e-02
1.413393988055760384e+09 -2.167595060100000026e+00 -1.273380145999999935e-01 1.955241953100000041e+00 5.721824841000000550e-01 8.135936352999999510e-01 -7.503658559999999700e-02 7.100783209109999550e-02
1.413393988105760574e+09 -2.201418979100000062e+00 -1.158895582000000063e-01 1.943661897599999966e+00 5.729350423000000303e-01 8.127175338000000027e-01 -7.665096329999999958e-02 7.321391509459999891e-02
1.413393988155760288e+09 -2.235217690999999895e+00 -1.043948323999999983e-01 1.929017162899999915e+00 5.748533261999999588e-01 8.110359242000000357e-01 -7.693494300000000563e-02 7.645519992980000235e-02
1.413393988205760479e+09 -2.269214237699999970e+00 -9.336065500000000073e-02 1.911474703599999936e+00 5.765368319000000463e-01 8.094601944999999521e-01 -7.659646030000000216e-02 8.069979723060000110e-02
1.413393988255760431e+09 -2.303658671700000049e+00 -8.275924490000000078e-02 1.892284566699999893e+00 5.787869256000000018e-01 8.075145401000000112e-01 -7.539932920000000371e-02 8.509349779819999626e-02
1.413393988305760622e+09 -2.338746909800000218e+00 -7.241926070000000160e-02 1.871702580100000013e+00 5.803001438999999539e-01 8.061414222999999657e-01 -7.418562979999999973e-02 8.879325759169999499e-02
1.413393988355760336e+09 -2.374742502400000177e+00 -6.251389979999999458e-02 1.851342176499999992e+00 5.822345475000000325e-01 8.044486141000000146e-01 -7.223122029999999583e-02 9.299467640950000169e-02
1.413393988405760527e+09 -2.411749566900000197e+00 -5.287636359999999675e-02 1.831227030800000044e+00 5.828601471000000034e-01 8.036106269999999663e-01 -6.940481149999999655e-02 9.832080738390000518e-02
1.413393988455760479e+09 -2.449867568300000187e+00 -4.384756139999999858e-02 1.811481758100000006e+00 5.819384033000000178e-01 8.036945970000000106e-01 -6.479957359999999333e-02 1.059419875849999942e-01
1.413393988505760431e+09 -2.489566018200000119e+00 -3.538514200000000137e-02 1.791938273700000028e+00 5.789364399999999966e-01 8.049554878000000357e-01 -5.887213119999999689e-02 1.158159453690000007e-01
1.413393988555760384e+09 -2.531774848800000033e+00 -2.706048180000000108e-02 1.773639932600000080e+00 5.767189047999999874e-01 8.055844790999999727e-01 -5.325205160000000271e-02 1.248726184530000033e-01
1.413393988605760574e+09 -2.577000194900000096e+00 -1.870346720000000060e-02 1.756851324799999947e+00 5.758695980000000381e-01 8.053016706000000191e-01 -4.885559540000000006e-02 1.321989269570000014e-01
1.413393988655760288e+09 -2.626154494300000142e+00 -1.037360730000000050e-02 1.741783116999999992e+00 5.756395565999999908e-01 8.056164527000000408e-01 -5.141340180000000121e-02 1.302992484469999990e-01
1.413393988705760479e+09 -2.678352188399999889e+00 -2.213878399999999989e-03 1.727564598799999906e+00 5.741894127000000125e-01 8.070260404000000332e-01 -5.592277999999999832e-02 1.260481300580000019e-01
1.413393988755760431e+09 -2.733685499399999941e+00 5.733147899999999943e-03 1.714833048700000084e+00 5.732302072999999609e-01 8.085576092999999798e-01 -6.568925500000000195e-02 1.154410828430000036e-01
1.413393988805760622e+09 -2.790449858000000116e+00 1.370900530000000034e-02 1.702828024700000054e+00 5.701289244999999672e-01 8.110997985000000243e-01 -7.792297680000000171e-02 1.048719983719999943e-01
1.413393988855760336e+09 -2.848118813500000179e+00 2.210436140000000133e-02 1.693115524500000024e+00 5.638405368000000140e-01 8.154158079000000114e-01 -9.459112570000000053e-02 9.073824011040000637e-02
1.413393988905760527e+09 -2.905142838400000205e+00 3.169946939999999935e-02 1.687625995199999895e+00 5.568435664999999979e-01 8.192900892000000157e-01 -1.135124477999999992e-01 7.618343928100000662e-02
1.413393988955760479e+09 -2.959970468999999937e+00 4.259129880000000340e-02 1.685700137900000062e+00 5.496324391000000364e-01 8.223595943000000519e-01 -1.316255637000000034e-01 6.560175677129999328e-02
1.413393989005760431e+09 -3.011815541899999893e+00 5.432415119999999681e-02 1.687434976400000064e+00 5.426400210999999807e-01 8.246462784000000434e-01 -1.492851721000000020e-01 5.669444712459999897e-02
1.413393989055760384e+09 -3.059894948300000195e+00 6.675158779999999792e-02 1.692879041599999912e+00 5.352191643000000498e-01 8.268677405000000036e-01 -1.653806134999999955e-01 4.979396083180000210e-02
1.413393989105760574e+09 -3.103203510699999779e+00 8.064499699999999605e-02 1.702590639000000072e+00 5.274726111999999967e-01 8.289313954999999456e-01 -1.811233889999999958e-01 4.289177027490000127e-02
1.413393989155760288e+09 -3.140732096599999856e+00 9.587587540000000463e-02 1.716038882299999901e+00 5.194809090999999990e-01 8.311433476999999792e-01 -1.945070272999999961e-01 3.882443762349999800e-02
1.413393989205760479e+09 -3.171620160699999857e+00 1.131858099999999978e-01 1.734066206699999890e+00 5.120857721999999557e-01 8.333595145000000093e-01 -2.044215812000000076e-01 3.862510365400000090e-02
1.413393989255760431e+09 -3.195394080399999837e+00 1.329877074999999964e-01 1.755428325200000028e+00 5.072135729000000204e-01 8.348746604000000238e-01 -2.091172108999999890e-01 4.459467477429999993e-02
1.413393989305760622e+09 -3.211744702599999890e+00 1.553493991000000074e-01 1.779823389599999972e+00 5.129306118999999997e-01 8.318789645999999927e-01 -2.010057694000000061e-01 6.690482962089999708e-02
1.413393989355760336e+09 -3.223535706099999842e+00 1.800242810999999887e-01 1.806133741400000048e+00 5.243602042999999657e-01 8.249858012999999879e-01 -1.894877929000000072e-01 9.240768402379999358e-02
1.413393989405760527e+09 -3.232438399999999934e+00 2.066104474000000080e-01 1.834098210200000079e+00 5.391377577999999504e-01 8.148230669999999565e-01 -1.783617020000000108e-01 1.165373372590000067e-01
1.413393989455760479e+09 -3.240342204900000134e+00 2.343899047999999929e-01 1.861159906199999936e+00 5.548047655000000189e-01 8.030626321999999595e-01 -1.682370002999999947e-01 1.377620873000000024e-01
1.413393989505760431e+09 -3.248892019699999967e+00 2.623190105000000050e-01 1.886015118200000007e+00 5.679292979000000186e-01 7.926072349999999656e-01 -1.603920977999999942e-01 1.533116386110000007e-01
1.413393989555760384e+09 -3.258845291400000121e+00 2.893771745000000006e-01 1.907542738499999890e+00 5.782026418000000278e-01 7.840449795999999694e-01 -1.554221054000000102e-01 1.637044413300000056e-01
1.413393989605760574e+09 -3.270904681200000219e+00 3.151492350000000275e-01 1.924864179100000072e+00 5.829656411000000427e-01 7.796823980000000542e-01 -1.531496699999999878e-01 1.696808712379999917e-01
1.413393989655760288e+09 -3.284950731699999960e+00 3.396262796000000250e-01 1.938622034200000011e+00 5.847461590000000431e-01 7.777233154999999565e-01 -1.521582367000000047e-01 1.733962080379999882e-01
1.413393989705760479e+09 -3.300640686099999943e+00 3.632489689999999771e-01 1.948765959499999978e+00 5.825524583000000201e-01 7.785584273000000222e-01 -1.544082586999999951e-01 1.750357055779999949e-01
1.413393989755760431e+09 -3.318032224299999999e+00 3.860248899000000011e-01 1.956029372199999949e+00 5.796585235000000225e-01 7.797312651000000150e-01 -1.588073205999999959e-01 1.754861399419999912e-01
1.413393989805760622e+09 -3.337117627600000080e+00 4.079136731999999932e-01 1.960786340100000080e+00 5.768803389000000115e-01 7.805642356999999976e-01 -1.657527511000000120e-01 1.745123892780000019e-01
1.413393989855760336e+09 -3.357510336599999867e+00 4.290421071000000142e-01 1.963724411200000075e+00 5.762110524000000344e-01 7.795167557000000080e-01 -1.761698782999999990e-01 1.711684101790000023e-01
1.413393989905760527e+09 -3.378775227499999811e+00 4.491644122999999822e-01 1.964477664799999967e+00 5.757184768999999980e-01 7.778064577000000090e-01 -1.884743282000000131e-01 1.674597783569999887e-01
1.413393989955760479e+09 -3.400295401799999784e+00 4.687970545999999850e-01 1.963648612899999923e+00 5.770583803000000067e-01 7.740498152000000465e-01 -2.026907253999999936e-01 1.636061708659999892e-01
1.413393990005760431e+09 -3.421766265300000054e+00 4.869278702000000014e-01 1.960755443600000092e+00 5.789327863000000018e-01 7.687773763999999899e-01 -2.191580395000000125e-01 1.605862015500000017e-01
1.413393990055760384e+09 -3.442110555100000191e+00 5.032752010000000054e-01 1.955529158799999889e+00 5.796868232999999870e-01 7.631254879000000102e-01 -2.340958015000000059e-01 1.637126517370000034e-01
1.413393990105760574e+09 -3.461365566700000063e+00 5.174334178999999700e-01 1.947988824400000096e+00 5.791205842000000104e-01 7.574478862000000312e-01 -2.487859061000000094e-01 1.702868800859999865e-01
1.413393990155760288e+09 -3.479724535999999979e+00 5.291565193999999694e-01 1.938172062000000029e+00 5.773356544000000090e-01 7.516318821999999900e-01 -2.638773549000000274e-01 1.791697444179999876e-01
1.413393990205760479e+09 -3.497315545799999814e+00 5.387730706000000147e-01 1.926209956799999956e+00 5.744409715999999611e-01 7.457033465000000305e-01 -2.796940799000000033e-01 1.889849490409999944e-01
1.413393990255760431e+09 -3.514315811699999959e+00 5.458780124000000011e-01 1.912001773899999924e+00 5.696097083000000172e-01 7.403844352999999767e-01 -2.963323767000000108e-01 1.989039734230000078e-01
1.413393990305760622e+09 -3.530886135899999889e+00 5.502215593000000515e-01 1.896072650900000101e+00 5.633399879999999582e-01 7.352777035999999988e-01 -3.146296814999999802e-01 2.074196713239999934e-01
1.413393990355760336e+09 -3.547007559499999907e+00 5.520739096000000234e-01 1.879594454300000050e+00 5.552084040000000442e-01 7.308615459999999731e-01 -3.337486175000000110e-01 2.149346156470000047e-01
1.413393990405760527e+09 -3.562130589800000191e+00 5.514971216999999815e-01 1.864261567500000050e+00 5.475343888000000492e-01 7.253643411000000318e-01 -3.528424734000000229e-01 2.226091973759999898e-01
1.413393990455760479e+09 -3.576049545600000101e+00 5.486427610999999871e-01 1.850661259600000053e+00 5.410148567000000464e-01 7.184235546999999666e-01 -3.727476267000000010e-01 2.285382410679999976e-01
1.413393990505760431e+09 -3.588785612000000125e+00 5.434619567999999790e-01 1.837967155200000091e+00 5.335671579999999858e-01 7.119136664999999864e-01 -3.924642717999999864e-01 2.333598396159999866e-01
1.413393990555760384e+09 -3.600098549100000156e+00 5.359162616999999518e-01 1.826186645199999958e+00 5.242819655999999551e-01 7.067534059000000202e-01 -4.118594902000000113e-01 2.366427773149999969e-01
1.413393990605760574e+09 -3.609695698199999914e+00 5.258582231999999745e-01 1.814495117000000102e+00 5.103362442000000110e-01 7.048834769999999805e-01 -4.313855980999999895e-01 2.379131510889999912e-01
1.413393990655760288e+09 -3.616865524400000087e+00 5.134713189999999816e-01 1.802988198700000044e+00 4.917094531999999796e-01 7.067079147000000505e-01 -4.489735115999999859e-01 2.391830322079999960e-01
1.413393990705760479e+09 -3.621165240399999874e+00 4.990331080000000030e-01 1.790831331899999990e+00 4.662446653000000274e-01 7.143558621000000164e-01 -4.622414355999999724e-01 2.421662023260000018e-01
1.413393990755760431e+09 -3.620837000199999878e+00 4.834427707000000241e-01 1.779728754199999985e+00 4.402701527999999809e-01 7.234943590000000313e-01 -4.690250194999999733e-01 2.504668362099999879e-01
1.413393990805760622e+09 -3.615826220000000202e+00 4.680255597999999906e-01 1.770153307600000003e+00 4.157162766999999981e-01 7.325764215000000190e-01 -4.721750912000000078e-01 2.599277730780000240e-01
1.413393990855760336e+09 -3.605437336700000106e+00 4.544472066999999949e-01 1.762123687599999933e+00 3.938452763999999995e-01 7.408853897999999605e-01 -4.726117866999999806e-01 2.694676911330000091e-01
1.413393990905760527e+09 -3.589383125099999905e+00 4.440619257999999792e-01 1.756951832399999969e+00 3.793446111000000065e-01 7.457291432000000553e-01 -4.707106603999999805e-01 2.800306861519999968e-01
1.413393990955760479e+09 -3.566741680399999836e+00 4.378375290000000031e-01 1.754659404000000089e+00 3.742092659999999849e-01 7.466330650000000402e-01 -4.632068961999999956e-01 2.965566773030000047e-01
1.413393991005760431e+09 -3.538612774999999822e+00 4.368252734999999998e-01 1.755524993599999917e+00 3.799208993000000034e-01 7.427901600999999854e-01 -4.520201685999999941e-01 3.155957152850000225e-01
1.413393991055760384e+09 -3.505661995000000086e+00 4.414207230000000148e-01 1.758975842699999959e+00 3.929188741999999901e-01 7.349201382000000171e-01 -4.394033064000000266e-01 3.353086384189999936e-01
1.413393991105760574e+09 -3.469987600200000077e+00 4.516860114999999842e-01 1.764585239000000083e+00 4.133248721000000181e-01 7.224419083999999991e-01 -4.270113955000000017e-01 3.534140731170000160e-01
1.413393991155760288e+09 -3.434054326400000079e+00 4.665841565000000135e-01 1.771983862699999968e+00 4.388808424000000263e-01 7.064859427999999886e-01 -4.142966720999999852e-01 3.696207330919999978e-01
1.413393991205760479e+09 -3.399362281400000185e+00 4.848851831000000057e-01 1.780204057900000025e+00 4.666963612000000206e-01 6.880026741000000445e-01 -4.039575200000000144e-01 3.816610392229999871e-01
1.413393991255760431e+09 -3.367957322000000087e+00 5.051752314999999882e-01 1.788671930800000087e+00 4.939417213000000251e-01 6.692928724000000162e-01 -3.932179174000000055e-01 3.917247712270000015e-01
1.413393991305760622e+09 -3.341312945699999926e+00 5.261993574000000118e-01 1.796359520300000012e+00 5.186577846000000047e-01 6.514420789000000545e-01 -3.834259468999999809e-01 3.995020194009999970e-01
1.413393991355760336e+09 -3.320938550800000222e+00 5.472231654000000445e-01 1.802732655700000075e+00 5.382536944000000378e-01 6.381886219000000304e-01 -3.801138881000000191e-01 3.981352476209999991e-01
1.413393991405760527e+09 -3.306955568699999848e+00 5.671243161000000255e-01 1.807731048900000026e+00 5.514341537000000404e-01 6.301021518999999627e-01 -3.806556687000000050e-01 3.924193090879999901e-01
1.413393991455760479e+09 -3.299475434600000145e+00 5.851502147999999570e-01 1.810132243199999991e+00 5.529744403999999891e-01 6.324613207999999487e-01 -3.886410142999999762e-01 3.783782602710000220e-01
1.413393991505760431e+09 -3.298024150099999829e+00 6.007740629000000165e-01 1.811434508300000079e+00 5.470625766000000167e-01 6.409733615999999579e-01 -4.020053217999999817e-01 3.581443958659999982e-01
1.413393991555760384e+09 -3.301214124999999999e+00 6.139617684000000519e-01 1.813324001800000085e+00 5.402213958999999566e-01 6.495143897999999805e-01 -4.164187089999999980e-01 3.359871421719999862e-01
1.413393991605760574e+09 -3.307245885900000015e+00 6.244157967000000253e-01 1.815212872000000033e+00 5.303343936000000092e-01 6.593679989999999824e-01 -4.318626506000000087e-01 3.122081420050000222e-01
1.413393991655760288e+09 -3.314511075199999990e+00 6.316760131999999972e-01 1.817741431500000004e+00 5.183756095999999536e-01 6.693592812999999975e-01 -4.468085681000000253e-01 2.891487218820000260e-01
1.413393991705760479e+09 -3.321074378800000115e+00 6.358742571000000066e-01 1.821243188199999974e+00 5.053509175000000520e-01 6.787754162000000369e-01 -4.586742729000000129e-01 2.711130684899999976e-01
1.413393991755760431e+09 -3.325263309299999914e+00 6.370900413000000206e-01 1.826555972400000005e+00 4.942813239000000136e-01 6.858519047000000146e-01 -4.674478514000000029e-01 2.584291853999999833e-01
1.413393991805760622e+09 -3.325923526299999988e+00 6.353641869999999692e-01 1.833631697199999966e+00 4.851204324999999762e-01 6.911916324000000333e-01 -4.724723541999999998e-01 2.523532598500000113e-01
1.413393991855760336e+09 -3.321538483899999950e+00 6.313421049999999868e-01 1.843833665400000044e+00 4.832778433000000096e-01 6.919658600000000437e-01 -4.698842807999999982e-01 2.585237656909999959e-01
1.413393991905760527e+09 -3.312925154000000205e+00 6.251436819000000256e-01 1.855634988100000049e+00 4.849455418999999989e-01 6.910941636999999860e-01 -4.587446996999999804e-01 2.770739590760000204e-01
1.413393991955760479e+09 -3.301200925299999867e+00 6.176576652999999917e-01 1.869459930899999955e+00 4.915645553999999917e-01 6.864286885000000504e-01 -4.423747357999999741e-01 3.024641079220000139e-01
1.413393992005760431e+09 -3.289101466900000048e+00 6.095691865000000265e-01 1.884807320199999969e+00 5.021130807000000473e-01 6.784675530999999538e-01 -4.266359612000000245e-01 3.248784237969999933e-01
1.413393992055760384e+09 -3.278338312099999818e+00 6.009519896999999666e-01 1.899731789200000076e+00 5.115301305999999659e-01 6.707215708999999526e-01 -4.124904765999999889e-01 3.439783518589999978e-01
1.413393992105760574e+09 -3.270170883100000037e+00 5.916511731000000385e-01 1.913644026100000062e+00 5.184787226000000526e-01 6.644111099999999714e-01 -4.022674411000000116e-01 3.576570941569999773e-01
1.413393992155760288e+09 -3.265787041199999852e+00 5.817533257000000457e-01 1.925057509599999994e+00 5.185033282000000021e-01 6.639277053000000040e-01 -3.989903858000000136e-01 3.621615285379999882e-01
1.413393992205760479e+09 -3.265222725300000128e+00 5.712025420999999881e-01 1.933321869900000101e+00 5.074166291999999689e-01 6.721723238000000267e-01 -4.025969148999999914e-01 3.586480945059999925e-01
1.413393992255760431e+09 -3.267889793000000154e+00 5.604910479000000390e-01 1.940473362100000099e+00 4.924920110000000073e-01 6.831432773000000180e-01 -4.092173270000000196e-01 3.511524755950000132e-01
1.413393992305760622e+09 -3.272668774100000011e+00 5.502511313000000293e-01 1.947669468600000009e+00 4.775799821000000223e-01 6.936496337999999984e-01 -4.181613956999999937e-01 3.404535114089999870e-01
1.413393992355760336e+09 -3.278487562800000088e+00 5.417795319000000553e-01 1.956276405599999935e+00 4.675967749000000118e-01 7.003773563999999840e-01 -4.322330816000000131e-01 3.224893455330000158e-01
1.413393992405760527e+09 -3.283685838499999843e+00 5.344422680999999509e-01 1.965397294299999986e+00 4.610822312000000256e-01 7.043516526999999972e-01 -4.460627789000000121e-01 3.038419369700000039e-01
1.413393992455760479e+09 -3.287172424600000031e+00 5.276736078999999524e-01 1.973975208099999934e+00 4.595311756000000081e-01 7.043824540999999995e-01 -4.585750343000000173e-01 2.870285611910000090e-01
1.413393992505760431e+09 -3.287673314800000135e+00 5.208566857999999966e-01 1.981717044899999891e+00 4.621429512999999933e-01 7.015240360000000175e-01 -4.665894505000000025e-01 2.767348987439999797e-01
1.413393992555760384e+09 -3.284703323200000025e+00 5.135833601999999498e-01 1.987950331600000009e+00 4.687437875000000087e-01 6.964846714000000327e-01 -4.687690153999999887e-01 2.746706653809999898e-01
1.413393992605760574e+09 -3.278187046299999796e+00 5.054211728999999931e-01 1.991470097599999933e+00 4.777337197000000035e-01 6.902042082999999550e-01 -4.657984030999999803e-01 2.800365897889999789e-01
1.413393992655760288e+09 -3.268879344900000206e+00 4.956481091000000117e-01 1.993596925899999928e+00 4.885665484999999753e-01 6.830117254999999998e-01 -4.553319417999999730e-01 2.957541769779999941e-01
1.413393992705760479e+09 -3.258332297299999958e+00 4.848577768999999815e-01 1.995167058200000065e+00 5.013669536999999510e-01 6.742157892000000263e-01 -4.408118428000000200e-01 3.158309146439999826e-01
1.413393992755760431e+09 -3.248030895999999945e+00 4.731055235000000136e-01 1.996301014399999962e+00 5.134195545999999943e-01 6.652899294999999880e-01 -4.250699908000000193e-01 3.363111262180000227e-01
1.413393992805760622e+09 -3.239963291300000048e+00 4.602089202999999906e-01 1.996739300600000044e+00 5.222515574999999632e-01 6.580341365999999859e-01 -4.113039615999999898e-01 3.536572308020000110e-01
1.413393992855760336e+09 -3.235381068400000171e+00 4.463288879999999792e-01 1.996596066700000005e+00 5.255777071999999661e-01 6.548633989000000044e-01 -4.011880695999999746e-01 3.660193101170000074e-01
1.413393992905760527e+09 -3.235246861099999816e+00 4.316292072999999840e-01 1.995721309699999946e+00 5.234609501000000442e-01 6.563049421000000105e-01 -3.968486847000000095e-01 3.711651628989999785e-01
1.413393992955760479e+09 -3.239586850599999845e+00 4.161617648000000003e-01 1.993868291100000079e+00 5.140720395000000220e-01 6.633300300000000149e-01 -3.986970488000000090e-01 3.698159985310000009e-01
1.413393993005760431e+09 -3.248029264199999933e+00 4.003744193000000062e-01 1.991913384699999900e+00 5.006202516000000102e-01 6.734796816000000463e-01 -4.035382141000000145e-01 3.646387140619999911e-01
1.413393993055760384e+09 -3.259665180399999862e+00 3.846876658999999754e-01 1.990462832800000026e+00 4.862635096999999851e-01 6.841204658999999744e-01 -4.090362584000000190e-01 3.580730743359999968e-01
1.413393993105760574e+09 -3.273278006600000012e+00 3.702788302000000198e-01 1.990337892399999919e+00 4.748764971000000168e-01 6.920598682999999918e-01 -4.155852601999999729e-01 3.504773069259999874e-01
1.413393993155760288e+09 -3.288670034499999950e+00 3.571660705999999963e-01 1.990355549800000068e+00 4.620737462999999767e-01 7.010279208999999900e-01 -4.251680771999999942e-01 3.380529741009999922e-01
1.413393993205760479e+09 -3.304297264900000197e+00 3.456369510999999783e-01 1.990730009800000033e+00 4.481935005000000083e-01 7.101271542000000547e-01 -4.366489533999999839e-01 3.227688066130000033e-01
1.413393993255760431e+09 -3.318473335699999804e+00 3.355632465000000231e-01 1.990815050699999977e+00 4.310771686000000047e-01 7.203134893000000538e-01 -4.480227947000000044e-01 3.075654845110000202e-01
1.413393993305760622e+09 -3.330050128699999945e+00 3.276312143999999815e-01 1.991895396299999899e+00 4.144694386000000175e-01 7.297706891999999890e-01 -4.581643932999999724e-01 2.928057623249999963e-01
1.413393993355760336e+09 -3.337312206000000003e+00 3.219538021000000194e-01 1.994400587899999966e+00 4.009819673999999723e-01 7.370601659000000083e-01 -4.642125309999999838e-01 2.836591258219999800e-01
1.413393993405760527e+09 -3.339240767200000182e+00 3.188322283000000201e-01 1.998331658499999941e+00 3.907591597999999777e-01 7.425752299000000223e-01 -4.659654898000000212e-01 2.806518649420000067e-01
1.413393993455760479e+09 -3.335203646800000143e+00 3.190664079000000153e-01 2.004131857800000027e+00 3.862549304999999822e-01 7.454363149999999605e-01 -4.635649097000000274e-01 2.832656056799999766e-01
1.413393993505760431e+09 -3.324591900899999786e+00 3.232889247999999882e-01 2.012473962600000110e+00 3.910441450000000096e-01 7.432511456999999488e-01 -4.582691064000000147e-01 2.909495439709999798e-01
1.413393993555760384e+09 -3.308722553900000030e+00 3.313541858999999867e-01 2.023528486400000048e+00 4.042615874000000109e-01 7.360165463000000186e-01 -4.507388039999999929e-01 3.027981887789999993e-01
1.413393993605760574e+09 -3.289457404799999818e+00 3.428811227999999933e-01 2.036606598000000101e+00 4.236550331999999752e-01 7.248139676000000531e-01 -4.413331904000000194e-01 3.168377193479999798e-01
1.413393993655760288e+09 -3.267813615200000132e+00 3.571335679000000041e-01 2.051164542800000046e+00 4.469521336000000233e-01 7.104736694000000075e-01 -4.297153671000000230e-01 3.328748393029999919e-01
1.413393993705760479e+09 -3.246047008000000123e+00 3.732676656999999731e-01 2.066022151299999887e+00 4.706700091000000086e-01 6.944187568999999893e-01 -4.179011235999999796e-01 3.487276638869999945e-01
1.413393993755760431e+09 -3.225336135500000090e+00 3.905083362999999808e-01 2.079238811499999784e+00 4.930586215000000161e-01 6.781408345999999643e-01 -4.059495591000000236e-01 3.636250261339999956e-01
1.413393993805760622e+09 -3.207487666400000048e+00 4.075796676999999812e-01 2.086743223100000044e+00 5.109657190999999932e-01 6.642588958999999793e-01 -3.957185406000000016e-01 3.756074941940000245e-01
1.413393993855760336e+09 -3.193091509799999894e+00 4.240859088000000221e-01 2.088231313400000122e+00 5.254071733999999827e-01 6.522510243000000374e-01 -3.872737457000000050e-01 3.854023213789999902e-01
1.413393993905760527e+09 -3.182738300200000037e+00 4.398212053000000177e-01 2.083723367600000209e+00 5.369325904999999732e-01 6.422524501999999913e-01 -3.805554628000000217e-01 3.929283944549999963e-01
1.413393993955760479e+09 -3.177461676500000110e+00 4.546799256999999872e-01 2.074747203999999901e+00 5.478124491000000429e-01 6.325271803999999998e-01 -3.748345633999999871e-01 3.991364889110000091e-01
1.413393994005760431e+09 -3.178514615600000148e+00 4.682378441000000224e-01 2.063541759400000064e+00 5.573833516999999738e-01 6.242424423000000333e-01 -3.717314730999999872e-01 4.018219561410000251e-01
1.413393994055760384e+09 -3.187276389099999996e+00 4.802039873999999764e-01 2.054145834699999895e+00 5.666397266999999571e-01 6.170910891999999981e-01 -3.720301581000000080e-01 3.996392988890000164e-01
1.413393994105760574e+09 -3.204784827000000114e+00 4.893004578999999854e-01 2.048459172199999845e+00 5.720622047000000210e-01 6.133277970999999607e-01 -3.762655384999999963e-01 3.936979702430000172e-01
1.413393994155760288e+09 -3.231959210799999926e+00 4.949906810999999962e-01 2.047575416399999959e+00 5.758527998000000370e-01 6.117479314999999529e-01 -3.823221142000000072e-01 3.846918537610000133e-01
1.413393994205760479e+09 -3.267315273099999917e+00 4.970481553000000163e-01 2.050527214000000154e+00 5.773227618999999811e-01 6.122292954000000398e-01 -3.904054331999999850e-01 3.734398428730000274e-01
1.413393994255760431e+09 -3.308950711000000044e+00 4.953868296999999754e-01 2.057617707499999948e+00 5.731468789000000452e-01 6.172853283000000468e-01 -3.999616414000000120e-01 3.612369916789999746e-01
1.413393994305760622e+09 -3.356199104899999952e+00 4.900797362000000046e-01 2.068069997099999835e+00 5.644156738000000173e-01 6.264406889000000422e-01 -4.122550408999999805e-01 3.450402753669999933e-01
1.413393994355760336e+09 -3.407099650500000187e+00 4.804800720999999886e-01 2.081245158499999803e+00 5.465358433000000460e-01 6.416453336999999868e-01 -4.236289898000000220e-01 3.318558673070000076e-01
1.413393994405760527e+09 -3.461177356599999921e+00 4.673775467999999877e-01 2.093052991099999982e+00 5.256166204000000119e-01 6.583737472999999785e-01 -4.357238091999999785e-01 3.168847413590000217e-01
1.413393994455760479e+09 -3.516308355300000077e+00 4.520035928999999730e-01 2.099372097599999876e+00 4.992234137000000072e-01 6.777637305999999473e-01 -4.485704071000000126e-01 3.003279851049999727e-01
1.413393994505760431e+09 -3.571248414799999882e+00 4.347052183999999819e-01 2.100472308600000115e+00 4.711613129000000177e-01 6.964873726000000431e-01 -4.604432250000000115e-01 2.844369763849999844e-01
1.413393994555760384e+09 -3.624766251600000100e+00 4.166293047999999888e-01 2.096325843599999850e+00 4.436392739999999724e-01 7.131479211000000262e-01 -4.713198628999999973e-01 2.691873399040000114e-01
1.413393994605760574e+09 -3.675386829799999866e+00 3.983639311000000127e-01 2.086775041800000174e+00 4.172573786000000062e-01 7.273876765000000244e-01 -4.814053542999999769e-01 2.550535883030000117e-01
1.413393994655760288e+09 -3.721379023499999938e+00 3.805214842999999902e-01 2.072855241700000128e+00 3.940972829000000122e-01 7.382512726000000081e-01 -4.905740632000000212e-01 2.429186666810000117e-01
1.413393994705760479e+09 -3.760981067499999941e+00 3.643447079000000088e-01 2.056093262000000088e+00 3.740602474999999982e-01 7.467124228000000530e-01 -4.980745872999999824e-01 2.332835064680000015e-01
1.413393994755760431e+09 -3.791178205200000040e+00 3.505902761999999950e-01 2.038817388800000074e+00 3.593960266999999820e-01 7.525371315000000116e-01 -5.010464242000000068e-01 2.312462811690000064e-01
1.413393994805760622e+09 -3.810540436500000183e+00 3.399755508999999787e-01 2.023084674900000213e+00 3.531854030000000089e-01 7.552953868999999765e-01 -4.974499312999999812e-01 2.394420919499999911e-01
1.413393994855760336e+09 -3.819233624799999838e+00 3.338157775999999743e-01 2.011143559200000208e+00 3.602895701000000117e-01 7.520620367999999445e-01 -4.888681378999999994e-01 2.561289952090000099e-01
1.413393994905760527e+09 -3.819483697199999916e+00 3.319452156000000098e-01 2.001950018400000086e+00 3.747791752999999892e-01 7.447111590999999642e-01 -4.780527148000000004e-01 2.764262307350000003e-01
1.413393994955760479e+09 -3.813910332799999914e+00 3.341881058000000237e-01 1.993588555399999906e+00 3.929782819000000038e-01 7.344699801999999833e-01 -4.688766677999999799e-01 2.937287668940000152e-01
1.413393995005760431e+09 -3.803771796699999985e+00 3.397312635999999997e-01 1.985243836700000042e+00 4.112725412000000080e-01 7.230149133000000061e-01 -4.627390572000000257e-01 3.065565149019999769e-01
1.413393995055760384e+09 -3.791307616200000119e+00 3.478463191000000232e-01 1.976543230000000095e+00 4.296281243999999777e-01 7.109944407999999605e-01 -4.591832757000000043e-01 3.147336956339999992e-01
1.413393995105760574e+09 -3.777251128100000077e+00 3.576603038000000234e-01 1.966976914900000040e+00 4.479458734999999803e-01 6.990154583000000033e-01 -4.574812269999999903e-01 3.184851808620000058e-01
1.413393995155760288e+09 -3.762408989899999945e+00 3.684634807000000123e-01 1.955885064400000095e+00 4.628066242000000163e-01 6.901140874000000203e-01 -4.566008386000000030e-01 3.179123293180000087e-01
1.413393995205760479e+09 -3.747488818099999897e+00 3.799133879000000102e-01 1.943223233899999958e+00 4.780237910999999840e-01 6.821556761999999496e-01 -4.584111717000000086e-01 3.098646255340000155e-01
1.413393995255760431e+09 -3.732223646800000072e+00 3.906495547000000124e-01 1.928863446899999889e+00 4.905293048000000100e-01 6.778829298999999864e-01 -4.575636144999999932e-01 3.008176742140000193e-01
1.413393995305760622e+09 -3.716959605000000000e+00 3.999058922000000016e-01 1.912626931599999969e+00 4.994527615000000087e-01 6.774380066999999839e-01 -4.553485421999999838e-01 2.903142972109999942e-01
1.413393995355760336e+09 -3.701499972500000180e+00 4.074238928000000204e-01 1.896113998299999936e+00 5.075371844999999604e-01 6.793468374000000143e-01 -4.504838990000000210e-01 2.792098450230000029e-01
1.413393995405760527e+09 -3.685153071899999855e+00 4.126468675000000141e-01 1.879585373500000101e+00 5.138862690000000066e-01 6.836974129999999761e-01 -4.428622441000000243e-01 2.689828672510000129e-01
1.413393995455760479e+09 -3.667592299599999883e+00 4.155960573999999963e-01 1.864165533600000035e+00 5.200593149000000137e-01 6.890818348999999676e-01 -4.328699087999999806e-01 2.594767348679999919e-01
1.413393995505760431e+09 -3.648932886099999884e+00 4.158566674999999990e-01 1.849308085499999921e+00 5.248066520999999929e-01 6.963321287999999498e-01 -4.202820214999999915e-01 2.511226128840000071e-01
1.413393995555760384e+09 -3.628723537299999968e+00 4.136835631999999929e-01 1.835796173499999906e+00 5.300509019000000377e-01 7.036511596000000202e-01 -4.051974470999999967e-01 2.444097292809999933e-01
1.413393995605760574e+09 -3.607317458799999876e+00 4.091892748000000024e-01 1.822991937400000095e+00 5.351365869999999969e-01 7.114871644000000384e-01 -3.876785674000000070e-01 2.389982773140000016e-01
1.413393995655760288e+09 -3.585350417099999909e+00 4.024453895999999808e-01 1.810759249500000001e+00 5.403645917999999604e-01 7.198250520000000208e-01 -3.674278565999999913e-01 2.342109576239999880e-01
1.413393995705760479e+09 -3.562926106599999976e+00 3.936247637999999993e-01 1.799215571299999983e+00 5.465435884999999550e-01 7.274122750999999498e-01 -3.443828255999999977e-01 2.314345636890000057e-01
1.413393995755760431e+09 -3.540505452200000125e+00 3.833082554999999725e-01 1.788850640199999953e+00 5.532581412999999504e-01 7.343851081000000169e-01 -3.205082073000000142e-01 2.277244630620000043e-01
1.413393995805760622e+09 -3.518912387999999947e+00 3.714078550000000090e-01 1.779486686500000081e+00 5.602818708000000258e-01 7.408310407000000541e-01 -2.968823902000000126e-01 2.216177808049999975e-01
1.413393995855760336e+09 -3.498403456100000142e+00 3.579623243000000232e-01 1.770954040599999946e+00 5.681729093999999813e-01 7.460304931000000250e-01 -2.744031574999999945e-01 2.128871897600000118e-01
1.413393995905760527e+09 -3.479206148599999882e+00 3.427412651000000254e-01 1.762758994799999979e+00 5.757308220000000309e-01 7.507727913999999725e-01 -2.533088505000000157e-01 2.017643734959999879e-01
1.413393995955760479e+09 -3.460898228500000062e+00 3.256775197999999816e-01 1.754758446599999910e+00 5.828378133999999600e-01 7.547864453999999501e-01 -2.325173990000000135e-01 1.911365069900000102e-01
1.413393996005760431e+09 -3.443687489799999835e+00 3.063352524999999882e-01 1.746640516999999893e+00 5.891655753000000217e-01 7.580857053999999762e-01 -2.138041518000000085e-01 1.802159063309999865e-01
1.413393996055760384e+09 -3.427420149600000077e+00 2.847853973999999733e-01 1.738334674100000088e+00 5.940716864999999736e-01 7.609846900000000192e-01 -1.977091940000000048e-01 1.699770794029999976e-01
1.413393996105760574e+09 -3.412131730600000079e+00 2.610225473000000185e-01 1.730248529500000076e+00 5.984605285999999857e-01 7.628583204000000118e-01 -1.846745902999999966e-01 1.605847887969999999e-01
1.413393996155760288e+09 -3.397887073300000171e+00 2.353109365000000119e-01 1.722794479500000087e+00 6.023977846000000413e-01 7.640784495000000343e-01 -1.759604062000000024e-01 1.494622612690000019e-01
1.413393996205760479e+09 -3.384510883599999964e+00 2.073083632999999926e-01 1.714893914099999916e+00 6.031923326999999446e-01 7.670085858999999839e-01 -1.702672954999999988e-01 1.373531471009999949e-01
1.413393996255760431e+09 -3.371431374200000164e+00 1.766870289999999954e-01 1.705659039499999974e+00 5.981167633999999733e-01 7.736647587999999631e-01 -1.663140133000000076e-01 1.266444917020000116e-01
1.413393996305760622e+09 -3.358125375300000215e+00 1.439605919999999983e-01 1.696131734199999963e+00 5.919103706999999659e-01 7.804046001000000121e-01 -1.621657830999999883e-01 1.196370847540000060e-01
1.413393996355760336e+09 -3.344488822300000219e+00 1.095953801000000005e-01 1.685447507399999933e+00 5.841877086000000219e-01 7.876714607000000479e-01 -1.582249218000000013e-01 1.151662504039999979e-01
1.413393996405760527e+09 -3.330373064599999822e+00 7.437972969999999406e-02 1.673068100000000058e+00 5.774304632000000215e-01 7.936557580999999972e-01 -1.540354025000000016e-01 1.138318611119999990e-01
1.413393996455760479e+09 -3.315980683499999859e+00 3.857088129999999837e-02 1.658057661900000035e+00 5.706436898000000202e-01 7.992861371999999687e-01 -1.508174556999999916e-01 1.129670091159999945e-01
1.413393996505760431e+09 -3.301408700100000093e+00 2.563496299999999846e-03 1.640461892600000082e+00 5.644728903000000297e-01 8.041416402000000074e-01 -1.488576963000000086e-01 1.121069350980000018e-01
1.413393996555760384e+09 -3.286489933599999969e+00 -3.301475439999999872e-02 1.620252370200000014e+00 5.577801210999999704e-01 8.089817467000000040e-01 -1.478968887000000065e-01 1.120552560830000016e-01
1.413393996605760574e+09 -3.271399708700000186e+00 -6.809476039999999564e-02 1.598287905799999908e+00 5.518473923000000170e-01 8.131492041000000226e-01 -1.471008835000000015e-01 1.123127668540000040e-01
1.413393996655760288e+09 -3.256383017700000160e+00 -1.020652566999999955e-01 1.576298893599999973e+00 5.468490307000000161e-01 8.168707584000000077e-01 -1.456863939999999968e-01 1.115964887410000050e-01
1.413393996705760479e+09 -3.241314800700000109e+00 -1.345618114000000087e-01 1.555342921200000061e+00 5.436354781000000136e-01 8.195299316999999917e-01 -1.434751163000000107e-01 1.106618681919999958e-01
1.413393996755760431e+09 -3.226173052700000099e+00 -1.652864709000000099e-01 1.535889382499999956e+00 5.419632627999999563e-01 8.213541376999999866e-01 -1.404246550000000093e-01 1.092433909509999967e-01
1.413393996805760622e+09 -3.210770928300000104e+00 -1.941368109999999925e-01 1.517893993199999958e+00 5.426193074999999810e-01 8.218885170999999934e-01 -1.348050026000000012e-01 1.090466131630000030e-01
1.413393996855760336e+09 -3.195687948099999787e+00 -2.211768091999999908e-01 1.501313476400000013e+00 5.436860733999999695e-01 8.223504998999999760e-01 -1.281885402000000063e-01 1.082257230650000013e-01
1.413393996905760527e+09 -3.180870404599999812e+00 -2.466100645000000036e-01 1.485923508299999973e+00 5.448472999000000261e-01 8.228188417999999782e-01 -1.210830615999999998e-01 1.070021753309999962e-01
1.413393996955760479e+09 -3.166631327999999801e+00 -2.706020355000000044e-01 1.471533048900000029e+00 5.451913398000000077e-01 8.239444915000000424e-01 -1.131833156000000007e-01 1.052207914929999960e-01
1.413393997005760431e+09 -3.152817200499999917e+00 -2.929165042999999913e-01 1.458474780299999995e+00 5.455351642000000334e-01 8.250193996000000363e-01 -1.056784501000000015e-01 1.027931909439999958e-01
1.413393997055760384e+09 -3.139352480199999906e+00 -3.135042599999999791e-01 1.446708227100000022e+00 5.454677181999999513e-01 8.262205067000000236e-01 -9.974010719999999719e-02 9.938085180670000462e-02
1.413393997105760574e+09 -3.126134117299999904e+00 -3.321881507000000178e-01 1.435707508799999976e+00 5.452285381999999458e-01 8.273126887999999735e-01 -9.361887489999999590e-02 9.754518087789999792e-02
1.413393997155760288e+09 -3.113403205100000015e+00 -3.489970258000000269e-01 1.426026265600000009e+00 5.461429844999999839e-01 8.274956206000000369e-01 -8.922585239999999973e-02 9.496096924169999953e-02
1.413393997205760479e+09 -3.101136427100000148e+00 -3.636684868999999765e-01 1.417935134399999964e+00 5.494101110000000343e-01 8.259769370999999749e-01 -8.546753140000000470e-02 9.276815399269999762e-02
1.413393997255760431e+09 -3.089404127299999914e+00 -3.767793179000000214e-01 1.410582684199999992e+00 5.532480337999999831e-01 8.239744806000000032e-01 -8.196145550000000224e-02 9.091198071980000073e-02
1.413393997305760622e+09 -3.078250693799999826e+00 -3.886655093999999977e-01 1.403408654399999955e+00 5.567791655999999589e-01 8.220773480999999938e-01 -7.833329599999999671e-02 8.972006069160000374e-02
1.413393997355760336e+09 -3.067775457599999811e+00 -3.996505456000000178e-01 1.395013233800000085e+00 5.601091310000000378e-01 8.202172910999999678e-01 -7.531889590000000190e-02 8.859131291440000555e-02
1.413393997405760527e+09 -3.057840715100000217e+00 -4.097054502999999959e-01 1.383131218599999990e+00 5.625908822999999837e-01 8.188504849000000085e-01 -7.336542029999999770e-02 8.713723527229999544e-02
1.413393997455760479e+09 -3.048410739399999958e+00 -4.192826194000000006e-01 1.366610920999999923e+00 5.641296400999999960e-01 8.180440046000000409e-01 -7.149623900000000309e-02 8.631363427990000614e-02
1.413393997505760431e+09 -3.039471324800000041e+00 -4.285850693000000100e-01 1.346494177100000078e+00 5.650964251000000216e-01 8.175839183999999982e-01 -7.037490409999999641e-02 8.526394058099999451e-02
1.413393997555760384e+09 -3.031318419899999839e+00 -4.378136016999999991e-01 1.324532743200000029e+00 5.670918207999999794e-01 8.163158593999999546e-01 -6.919822940000000533e-02 8.512866442239999665e-02
1.413393997605760574e+09 -3.024249338400000209e+00 -4.468538027000000246e-01 1.303081453499999931e+00 5.689882945999999997e-01 8.151520854999999566e-01 -6.838289640000000391e-02 8.428035133460000383e-02
1.413393997655760288e+09 -3.018024239799999897e+00 -4.554708610000000046e-01 1.283080856300000017e+00 5.712376568000000487e-01 8.136000748999999699e-01 -6.769224960000000402e-02 8.461806445460000325e-02
1.413393997705760479e+09 -3.012964289400000162e+00 -4.640288765999999732e-01 1.264528984400000056e+00 5.714040269000000283e-01 8.135352690999999581e-01 -6.779292030000000358e-02 8.403525419580000488e-02
1.413393997755760431e+09 -3.008725361000000209e+00 -4.723440428999999829e-01 1.247876862900000106e+00 5.707357269999999705e-01 8.140237520999999976e-01 -6.766772990000000099e-02 8.394724111319999682e-02
1.413393997805760622e+09 -3.005285996300000040e+00 -4.804529483000000156e-01 1.232933092399999930e+00 5.691654565000000554e-01 8.150119531999999722e-01 -6.790292500000000286e-02 8.482565744200000479e-02
1.413393997855760336e+09 -3.002932974600000193e+00 -4.884142242999999772e-01 1.219702476799999991e+00 5.677035097999999502e-01 8.159579534999999995e-01 -6.810789650000000084e-02 8.536192026479999528e-02
1.413393997905760527e+09 -3.001606972399999851e+00 -4.960247510999999943e-01 1.207584965799999965e+00 5.663042346000000116e-01 8.168159366999999671e-01 -6.844604699999999597e-02 8.617643552110000604e-02
1.413393997955760479e+09 -3.001258495100000090e+00 -5.031517848000000015e-01 1.196517907400000080e+00 5.650189132999999808e-01 8.175403911999999940e-01 -6.910947759999999662e-02 8.720789289029999558e-02
1.413393998005760431e+09 -3.001934020899999833e+00 -5.096949459999999821e-01 1.186533167199999905e+00 5.642237433000000246e-01 8.179578691000000124e-01 -6.937132390000000370e-02 8.822761086039999923e-02
1.413393998055760384e+09 -3.003576957399999969e+00 -5.156490242000000279e-01 1.177138976499999989e+00 5.626482054000000455e-01 8.188722760000000100e-01 -7.000193150000000308e-02 8.930241940329999850e-02
1.413393998105760574e+09 -3.006214634800000063e+00 -5.209317070000000216e-01 1.168444445200000015e+00 5.617601451999999496e-01 8.192601229999999513e-01 -7.093407899999999711e-02 9.059109588899999510e-02
1.413393998155760288e+09 -3.009809813299999970e+00 -5.254180889999999771e-01 1.160234859900000082e+00 5.613235421000000169e-01 8.192715562000000284e-01 -7.234901370000000609e-02 9.206312266489999341e-02
1.413393998205760479e+09 -3.014456386700000046e+00 -5.292582168999999670e-01 1.152875412099999997e+00 5.619413232000000091e-01 8.185109018999999764e-01 -7.378756279999999779e-02 9.390020360339999816e-02
1.413393998255760431e+09 -3.020132616100000167e+00 -5.327132643999999972e-01 1.146207088199999946e+00 5.619452405000000539e-01 8.181850282999999502e-01 -7.551629099999999928e-02 9.533150538000000063e-02
1.413393998305760622e+09 -3.026961212499999831e+00 -5.355332702999999750e-01 1.140831690800000020e+00 5.629922138999999826e-01 8.171715643000000417e-01 -7.774937260000000516e-02 9.604913618139999942e-02
1.413393998355760336e+09 -3.034977713800000032e+00 -5.377887121000000104e-01 1.136538826500000043e+00 5.631845290000000448e-01 8.168006324000000040e-01 -7.970630300000000612e-02 9.647185260830000442e-02
1.413393998405760527e+09 -3.044139594499999824e+00 -5.395111167999999680e-01 1.133184947399999976e+00 5.604364711999999527e-01 8.184793286999999529e-01 -8.224528439999999330e-02 9.611588555000000200e-02
1.413393998455760479e+09 -3.054447960500000114e+00 -5.404481040999999930e-01 1.131487650499999997e+00 5.570839832999999741e-01 8.206559474000000298e-01 -8.609152159999999832e-02 9.364561614800000211e-02
1.413393998505760431e+09 -3.065572385799999910e+00 -5.403241413999999576e-01 1.131732307300000073e+00 5.553876494999999691e-01 8.217046523000000047e-01 -9.136415470000000538e-02 8.943497276350000080e-02
1.413393998555760384e+09 -3.077047235299999794e+00 -5.391723023000000170e-01 1.132894937799999946e+00 5.549611427999999735e-01 8.218736691000000372e-01 -9.598786069999999671e-02 8.560451284379999581e-02
1.413393998605760574e+09 -3.088964761600000219e+00 -5.370786437000000246e-01 1.134271933299999979e+00 5.568262416000000492e-01 8.205123605999999903e-01 -1.019758882999999977e-01 7.940353245810000127e-02
1.413393998655760288e+09 -3.100589369300000175e+00 -5.343602606999999782e-01 1.134723730299999955e+00 5.597955419000000266e-01 8.183510954999999587e-01 -1.071428640000000043e-01 7.382982107650000458e-02
1.413393998705760479e+09 -3.111628969599999905e+00 -5.314342799000000284e-01 1.134095885500000067e+00 5.627352408000000361e-01 8.161886229999999465e-01 -1.123621404000000046e-01 6.737900092140000630e-02
1.413393998755760431e+09 -3.121369240699999992e+00 -5.284136586000000024e-01 1.132416533500000044e+00 5.649797457999999883e-01 8.144893135999999867e-01 -1.165781624999999988e-01 6.176226091400000007e-02
1.413393998805760622e+09 -3.129552246199999832e+00 -5.253832667000000178e-01 1.130242686199999902e+00 5.675998856999999731e-01 8.125905729000000299e-01 -1.188322046999999992e-01 5.835955566829999913e-02
1.413393998855760336e+09 -3.135943793600000085e+00 -5.227406171999999795e-01 1.126715707700000069e+00 5.691007675999999460e-01 8.115715847000000149e-01 -1.188665619999999951e-01 5.784997523109999817e-02
1.413393998905760527e+09 -3.140635706799999927e+00 -5.207066126999999600e-01 1.122069091700000021e+00 5.692040532000000042e-01 8.116332508000000390e-01 -1.169030073999999947e-01 5.993245226910000334e-02
1.413393998955760479e+09 -3.143485690499999929e+00 -5.189486097000000075e-01 1.116668770099999985e+00 5.693634996999999975e-01 8.117263283000000218e-01 -1.119916036999999975e-01 6.620765669339999382e-02
1.413393999005760431e+09 -3.145052300000000134e+00 -5.171918586999999512e-01 1.111074714799999974e+00 5.705904792999999531e-01 8.109897655000000150e-01 -1.059592904000000030e-01 7.412647342360000058e-02
1.413393999055760384e+09 -3.146028994399999945e+00 -5.154921739000000169e-01 1.105076905900000073e+00 5.719716137999999450e-01 8.099811394999999470e-01 -9.964306169999999352e-02 8.276646035769999465e-02
1.413393999105760574e+09 -3.146989422699999928e+00 -5.142216528999999925e-01 1.098117776000000045e+00 5.710059924999999481e-01 8.105008015000000343e-01 -9.318701109999999455e-02 9.141547021210000290e-02
1.413393999155760288e+09 -3.148516945399999933e+00 -5.134137941999999954e-01 1.090374975600000074e+00 5.671579459000000156e-01 8.129876940000000385e-01 -8.891165230000000474e-02 9.735292454760000047e-02
1.413393999205760479e+09 -3.150819621100000134e+00 -5.127408637000000491e-01 1.082350344099999973e+00 5.630542316000000103e-01 8.156610424000000359e-01 -8.687930119999999479e-02 1.005931570779999978e-01
1.413393999255760431e+09 -3.154208081700000221e+00 -5.113583305000000134e-01 1.074170942400000106e+00 5.588605395000000309e-01 8.185164134000000313e-01 -8.703092469999999803e-02 1.006548385169999948e-01
1.413393999305760622e+09 -3.158713515600000132e+00 -5.089887056999999881e-01 1.066418789999999950e+00 5.551741732999999623e-01 8.211766853999999949e-01 -9.056912979999999502e-02 9.616507351969999506e-02
1.413393999355760336e+09 -3.163923749899999915e+00 -5.055899633999999532e-01 1.059423427100000037e+00 5.536667861999999829e-01 8.223777279999999745e-01 -9.620976150000000449e-02 8.883492692409999947e-02
1.413393999405760527e+09 -3.169241126999999825e+00 -5.010946911000000448e-01 1.052525128499999907e+00 5.531017579000000461e-01 8.228467492000000050e-01 -1.015770864999999967e-01 8.175431628260000638e-02
1.413393999455760479e+09 -3.174223332099999961e+00 -4.961949860000000045e-01 1.045185855800000008e+00 5.520969959999999510e-01 8.235156098999999452e-01 -1.056920055999999997e-01 7.642085558269999523e-02
1.413393999505760431e+09 -3.178523430799999883e+00 -4.905224472999999974e-01 1.038593980099999925e+00 5.530375788000000403e-01 8.227966353000000232e-01 -1.093160712999999978e-01 7.214658601159999740e-02
1.413393999555760384e+09 -3.181885143100000146e+00 -4.838555233999999872e-01 1.032500181200000089e+00 5.542715697000000219e-01 8.218278935999999701e-01 -1.128227690000000033e-01 6.821263206260000378e-02
1.413393999605760574e+09 -3.184147800799999928e+00 -4.761789478999999825e-01 1.026525772000000059e+00 5.572707378000000267e-01 8.196288940000000522e-01 -1.160784346000000022e-01 6.468073831060000556e-02
1.413393999655760288e+09 -3.184973684100000035e+00 -4.678008180000000071e-01 1.021010717000000012e+00 5.593454231000000165e-01 8.181238873999999717e-01 -1.179595791000000032e-01 6.238221105060000327e-02
1.413393999705760479e+09 -3.184349159299999954e+00 -4.594888777000000202e-01 1.015188439499999928e+00 5.611027361000000546e-01 8.168238929000000148e-01 -1.196521299000000010e-01 6.038058736640000007e-02
1.413393999755760431e+09 -3.182116322799999786e+00 -4.513098111000000134e-01 1.007876517799999982e+00 5.622347291000000524e-01 8.160046235000000259e-01 -1.208241897999999953e-01 5.856687661729999966e-02
1.413393999805760622e+09 -3.178449366500000206e+00 -4.431278140000000088e-01 9.984241816000000158e-01 5.638193411999999904e-01 8.149225866000000540e-01 -1.213459385999999945e-01 5.730699342340000307e-02
1.413393999855760336e+09 -3.173372460299999975e+00 -4.352326930000000038e-01 9.864594827999999538e-01 5.636677571000000553e-01 8.150235645000000195e-01 -1.221478158000000036e-01 5.563416204559999689e-02
1.413393999905760527e+09 -3.166832122200000210e+00 -4.276409754000000119e-01 9.728376729000000056e-01 5.641575018000000163e-01 8.147565570999999451e-01 -1.221554259000000031e-01 5.455380597759999783e-02
1.413393999955760479e+09 -3.158464114300000070e+00 -4.203430420000000001e-01 9.572406636000000413e-01 5.646695900000000545e-01 8.146436832000000239e-01 -1.192309606999999994e-01 5.734022633050000345e-02
1.413394000005760431e+09 -3.148325272800000185e+00 -4.133453589000000150e-01 9.413046618000000532e-01 5.679961578000000122e-01 8.125874739999999763e-01 -1.115505881000000005e-01 6.810600641540000277e-02
1.413394000055760384e+09 -3.142188277099999816e+00 -4.091724191000000177e-01 9.339073091999999798e-01 5.717548578000000159e-01 8.095240688000000517e-01 -9.952376490000000575e-02 8.866896198460000322e-02
1.413394000105760574e+09 -3.145515581999999810e+00 -4.095720547999999739e-01 9.414178044000000023e-01 5.715047046000000242e-01 8.098952964000000199e-01 -1.038077505000000039e-01 8.170637958559999470e-02
1.413394000155760288e+09 -3.146587384200000059e+00 -4.100254515999999794e-01 9.505229520000000321e-01 5.772430439000000302e-01 8.053394803000000213e-01 -9.810840899999999365e-02 9.270129325070000648e-02
1.413394000205760479e+09 -3.147839084100000129e+00 -4.112750023999999782e-01 9.542755897000000376e-01 5.795662815000000023e-01 8.029769508999999861e-01 -9.238661149999999322e-02 1.039021451809999941e-01
1.413394000255760431e+09 -3.149649329499999872e+00 -4.136647469999999993e-01 9.489815267000000221e-01 5.774258796000000249e-01 8.036719512000000121e-01 -8.750646339999999801e-02 1.141637744320000009e-01
1.413394000305760622e+09 -3.150900335899999849e+00 -4.157206110000000177e-01 9.359811578000000187e-01 5.755304535999999915e-01 8.041453705000000118e-01 -9.358558990000000188e-02 1.155710060399999933e-01
1.413394000355760336e+09 -3.147753949999999801e+00 -4.174516139000000181e-01 9.333945997000000494e-01 5.809524518999999998e-01 8.006357123999999770e-01 -1.159966640999999937e-01 8.956270740030000677e-02
1.413394000405760527e+09 -3.143961974799999837e+00 -4.186671525999999810e-01 9.390927462999999475e-01 5.812834403000000094e-01 8.005019550999999955e-01 -1.079290856000000021e-01 9.827255145530000568e-02
1.413394000455760479e+09 -3.145163532499999803e+00 -4.181923736000000003e-01 9.379800481000000190e-01 5.787149236999999946e-01 8.023321177000000137e-01 -1.071163170000000026e-01 9.938966018030000182e-02
1.413394000505760431e+09 -3.145661030999999941e+00 -4.179705555000000072e-01 9.326722320000000455e-01 5.766909942000000289e-01 8.037642623999999847e-01 -1.081889917999999950e-01 9.841569824670000355e-02
1.413394000555760384e+09 -3.144342420800000149e+00 -4.185838879000000068e-01 9.348748099000000478e-01 5.790650968999999648e-01 8.020868544000000488e-01 -1.082212423000000062e-01 9.812468742089999751e-02
1.413394000605760574e+09 -3.145001361799999895e+00 -4.185981763000000133e-01 9.360118440000000373e-01 5.809722938000000392e-01 8.007562933999999855e-01 -1.105998329000000002e-01 9.501699556840000060e-02
1.413394000655760288e+09 -3.144960082199999896e+00 -4.184296777000000023e-01 9.336519459000000021e-01 5.792931462999999503e-01 8.019049077000000025e-01 -1.072124784999999997e-01 9.936525648610000649e-02
1.413394000705760479e+09 -3.145376614299999929e+00 -4.179983103000000089e-01 9.346057051999999699e-01 5.792019797999999886e-01 8.020213054000000508e-01 -1.096628203000000051e-01 9.623387163459999616e-02
1.413394000755760431e+09 -3.144685852299999862e+00 -4.182395859999999965e-01 9.340542586000000203e-01 5.789179342000000394e-01 8.022174761000000487e-01 -1.082478994000000000e-01 9.789555018420000032e-02
1.413394000805760622e+09 -3.145348906000000166e+00 -4.182132922999999836e-01 9.344235142000000272e-01 5.802368083000000176e-01 8.012748929999999881e-01 -1.095485997999999933e-01 9.634778836710000682e-02
1.413394000855760336e+09 -3.145114352199999797e+00 -4.183008020999999799e-01 9.343067083999999634e-01 5.796813905000000045e-01 8.016655375000000250e-01 -1.083213531000000035e-01 9.781787145150000473e-02
1.413394000905760527e+09 -3.145055490299999867e+00 -4.182433729000000211e-01 9.342659449000000338e-01 5.795805874999999663e-01 8.017515367999999976e-01 -1.095854821000000062e-01 9.629038308960000125e-02
1.413394000955760479e+09 -3.145031476799999837e+00 -4.183220955999999990e-01 9.342914045000000334e-01 5.795428496000000207e-01 8.017730790000000551e-01 -1.087866757999999962e-01 9.723926411000000103e-02
1.413394001005760431e+09 -3.145148191400000126e+00 -4.183750904999999909e-01 9.343119519999999456e-01 5.799391615000000222e-01 8.015003400000000333e-01 -1.094383320999999937e-01 9.638996514629999401e-02
1.413394001055760384e+09 -3.144852515599999787e+00 -4.183759859000000247e-01 9.342504166999999748e-01 5.797080155999999596e-01 8.016537897000000079e-01 -1.090208039000000045e-01 9.697567911229999782e-02
1.413394001105760574e+09 -3.145119862900000118e+00 -4.183160526999999962e-01 9.341681366999999847e-01 5.795214152000000007e-01 8.018001261999999629e-01 -1.095533285000000051e-01 9.627852936530000016e-02
1.413394001155760288e+09 -3.144978898499999787e+00 -4.184480123000000051e-01 9.341790994999999986e-01 5.798402620000000507e-01 8.015675341000000342e-01 -1.090906207000000017e-01 9.681939590099999937e-02
1.413394001205760479e+09 -3.145054706899999886e+00 -4.184399031000000102e-01 9.341907373000000181e-01 5.797374632999999777e-01 8.016303791000000123e-01 -1.096230259000000040e-01 9.631199834030000628e-02
1.413394001255760431e+09 -3.145109101800000140e+00 -4.183719754999999929e-01 9.341238195000000077e-01 5.796072598000000520e-01 8.017464777999999681e-01 -1.092423879000000014e-01 9.656143310440000460e-02
1.413394001305760622e+09 -3.145121073999999961e+00 -4.183400614000000184e-01 9.342167010999999910e-01 5.797230531999999492e-01 8.016589331000000263e-01 -1.095294148000000023e-01 9.626756367180000495e-02
1.413394001355760336e+09 -3.145048981399999999e+00 -4.183371877000000016e-01 9.341993186999999477e-01 5.797160722999999960e-01 8.016479217999999962e-01 -1.093802501000000066e-01 9.657041967880000688e-02
1.413394001405760527e+09 -3.145138409499999899e+00 -4.182646387999999771e-01 9.341907592000000538e-01 5.797289609000000343e-01 8.016679156999999556e-01 -1.094913594000000018e-01 9.620045238020000222e-02
1.413394001455760479e+09 -3.145000085199999962e+00 -4.182419062000000132e-01 9.340549048999999826e-01 5.796488423000000223e-01 8.017066022000000070e-01 -1.094159828000000056e-01 9.644628706520000372e-02
1.413394001505760431e+09 -3.145036470299999998e+00 -4.181805741999999881e-01 9.340411520000000412e-01 5.797630351000000459e-01 8.016221961999999701e-01 -1.095867373000000006e-01 9.626746453480000687e-02
1.413394001555760384e+09 -3.144997106399999964e+00 -4.181457673999999791e-01 9.339629348000000331e-01 5.795847038000000451e-01 8.017475720000000194e-01 -1.095423992000000013e-01 9.634762443460000159e-02
1.413394001605760574e+09 -3.145017450600000153e+00 -4.181787898000000059e-01 9.339736847999999814e-01 5.796251778000000021e-01 8.017175909999999517e-01 -1.096947231999999967e-01 9.618017076519999597e-02
1.413394001655760288e+09 -3.145066053699999920e+00 -4.182705834000000067e-01 9.339515257999999598e-01 5.796669569000000299e-01 8.016877212999999891e-01 -1.096607509000000064e-01 9.621609183700000067e-02
1.413394001705760479e+09 -3.145104276700000145e+00 -4.183527551999999816e-01 9.339848275000000033e-01 5.796109304000000018e-01 8.017414375000000426e-01 -1.096896977999999995e-01 9.607292512699999731e-02
1.413394001755760431e+09 -3.145113038799999927e+00 -4.184537254999999845e-01 9.339829058999999933e-01 5.796285308999999941e-01 8.017345802999999993e-01 -1.096722586000000027e-01 9.604386812229999404e-02
1.413394001805760622e+09 -3.145184782699999904e+00 -4.186281197000000232e-01 9.339683181000000278e-01 5.796004517999999717e-01 8.017666466999999741e-01 -1.096782560000000017e-01 9.593873378770000071e-02
1.413394001855760336e+09 -3.145221924399999924e+00 -4.188213878000000001e-01 9.339060582999999527e-01 5.795467050999999481e-01 8.018096585999999748e-01 -1.096866011000000030e-01 9.589440765689999369e-02
1.413394001905760527e+09 -3.145268496599999963e+00 -4.190022736999999831e-01 9.338709176999999695e-01 5.795139454000000079e-01 8.018331429999999704e-01 -1.097533380000000058e-01 9.581963678480000246e-02
1.413394001955760479e+09 -3.145283485899999842e+00 -4.190473150999999841e-01 9.337880056999999789e-01 5.794836865000000392e-01 8.018538602000000459e-01 -1.097888521000000006e-01 9.578857975799999480e-02
1.413394002005760431e+09 -3.145255263900000209e+00 -4.190436224999999903e-01 9.336732923999999656e-01 5.794292048000000417e-01 8.018761340000000182e-01 -1.098833840999999950e-01 9.582329742009999818e-02
1.413394002055760384e+09 -3.145184147100000160e+00 -4.190499918999999740e-01 9.336258255999999589e-01 5.794292569000000226e-01 8.018633390999999611e-01 -1.099216060999999994e-01 9.588619442830000061e-02
1.413394002105760574e+09 -3.145134404499999814e+00 -4.192156682000000023e-01 9.336651431000000390e-01 5.794340110000000266e-01 8.018520666999999769e-01 -1.099726228000000028e-01 9.589323336770000372e-02
1.413394002155760288e+09 -3.145091809899999813e+00 -4.193418154999999925e-01 9.336302333999999536e-01 5.793600812000000433e-01 8.019086573000000495e-01 -1.100053497999999991e-01 9.582914309819999532e-02
1.413394002205760479e+09 -3.145041595399999945e+00 -4.194915344999999851e-01 9.336469871000000476e-01 5.793110509000000130e-01 8.019440191000000162e-01 -1.100419906999999947e-01 9.578756092630000274e-02
1.413394002255760431e+09 -3.144971833200000066e+00 -4.195988214999999966e-01 9.336496130000000448e-01 5.793642651999999504e-01 8.019082198000000439e-01 -1.100160488999999964e-01 9.579522048560000502e-02
1.413394002305760622e+09 -3.144931742699999866e+00 -4.196455407999999943e-01 9.336445506999999644e-01 5.792889764999999969e-01 8.019668564999999916e-01 -1.100175458000000051e-01 9.575793680300000166e-02
1.413394002355760336e+09 -3.144927428599999963e+00 -4.196514120000000014e-01 9.336359699999999817e-01 5.792911095999999649e-01 8.019587582999999631e-01 -1.100947946999999982e-01 9.572406454100000628e-02
1.413394002405760527e+09 -3.144961822600000012e+00 -4.195287959999999816e-01 9.335917784999999691e-01 5.792560709999999835e-01 8.019865988000000057e-01 -1.100615657000000025e-01 9.574106360640000091e-02
1.413394002455760479e+09 -3.145037520099999817e+00 -4.192223919999999993e-01 9.335525081000000114e-01 5.792096373999999770e-01 8.020242799000000256e-01 -1.100791789999999992e-01 9.568607422180000488e-02
1.413394002505760431e+09 -3.145166529900000008e+00 -4.187147620000000181e-01 9.335354000000000152e-01 5.791715479000000277e-01 8.020506827000000172e-01 -1.100834584999999949e-01 9.569040024909999942e-02
1.413394002555760384e+09 -3.145375227500000204e+00 -4.179139563000000002e-01 9.335777088000000168e-01 5.791339693000000510e-01 8.020733958000000330e-01 -1.100941049000000033e-01 9.571520995979999891e-02
1.413394002605760574e+09 -3.145671550899999946e+00 -4.167314107999999795e-01 9.336547292000000331e-01 5.791123472000000438e-01 8.020884335000000309e-01 -1.101461215999999937e-01 9.566015972340000117e-02
1.413394002655760288e+09 -3.146073616499999837e+00 -4.151301514999999887e-01 9.337574870999999499e-01 5.790445856999999474e-01 8.021347629999999729e-01 -1.101292880000000057e-01 9.570125249670000112e-02
